customer_id,file_date,source_updated_at,fico_score,risk_band_code,is_late_arrival,source_system
CUST-107530,2025-03-03,2025-03-03,716,R3,False,CREDIT_BUREAU
CUST-104707,2025-03-03,2025-03-03,760,R2,False,CREDIT_BUREAU
CUST-106152,2025-03-03,2025-03-03,650,R5,False,CREDIT_BUREAU
CUST-104109,2025-03-03,2025-03-03,755,R2,False,CREDIT_BUREAU
CUST-105507,2025-03-03,2025-03-03,820,R1,False,CREDIT_BUREAU
CUST-104278,2025-03-03,2025-03-03,661,R4,False,CREDIT_BUREAU
CUST-104241,2025-03-03,2025-03-03,818,R1,False,CREDIT_BUREAU
CUST-107789,2025-03-03,2025-03-03,752,R2,False,CREDIT_BUREAU
CUST-107775,2025-03-03,2025-03-03,763,R2,False,CREDIT_BUREAU
CUST-104996,2025-03-03,2025-03-03,728,R3,False,CREDIT_BUREAU
CUST-103092,2025-03-03,2025-03-03,639,R5,False,CREDIT_BUREAU
CUST-107344,2025-03-03,2025-03-03,634,R5,False,CREDIT_BUREAU
CUST-104867,2025-03-03,2025-03-03,712,R3,False,CREDIT_BUREAU
CUST-107938,2025-03-03,2025-03-03,645,R5,False,CREDIT_BUREAU
CUST-105329,2025-03-03,2025-03-03,777,R2,False,CREDIT_BUREAU
CUST-103631,2025-03-03,2025-03-03,823,R1,False,CREDIT_BUREAU
CUST-107021,2025-03-03,2025-03-03,726,R3,False,CREDIT_BUREAU
CUST-101203,2025-03-03,2025-03-03,656,R5,False,CREDIT_BUREAU
CUST-105349,2025-03-03,2025-03-03,642,R5,False,CREDIT_BUREAU
CUST-103961,2025-03-03,2025-03-03,732,R3,False,CREDIT_BUREAU
CUST-100216,2025-03-03,2025-03-03,811,R1,False,CREDIT_BUREAU
CUST-102541,2025-03-03,2025-03-03,827,R1,False,CREDIT_BUREAU
CUST-101789,2025-03-03,2025-03-03,691,R4,False,CREDIT_BUREAU
CUST-106375,2025-03-03,2025-03-03,633,R5,False,CREDIT_BUREAU
CUST-102800,2025-03-03,2025-03-03,815,R1,False,CREDIT_BUREAU
CUST-106068,2025-03-03,2025-03-03,655,R5,False,CREDIT_BUREAU
CUST-102872,2025-03-03,2025-03-03,746,R2,False,CREDIT_BUREAU
CUST-104122,2025-03-03,2025-03-03,653,R5,False,CREDIT_BUREAU
CUST-105559,2025-03-03,2025-03-03,654,R5,False,CREDIT_BUREAU
CUST-100299,2025-03-03,2025-03-03,779,R2,False,CREDIT_BUREAU
CUST-101498,2025-03-03,2025-03-03,676,R4,False,CREDIT_BUREAU
CUST-106328,2025-03-03,2025-03-03,604,R6,False,CREDIT_BUREAU
CUST-101844,2025-03-03,2025-03-03,650,R5,False,CREDIT_BUREAU
CUST-107229,2025-03-03,2025-03-03,608,R6,False,CREDIT_BUREAU
CUST-106505,2025-03-03,2025-03-03,792,R1,False,CREDIT_BUREAU
CUST-100918,2025-03-03,2025-03-03,715,R3,False,CREDIT_BUREAU
CUST-100339,2025-03-03,2025-03-03,598,R6,False,CREDIT_BUREAU
CUST-102235,2025-03-03,2025-03-03,596,R6,False,CREDIT_BUREAU
CUST-107799,2025-03-03,2025-03-03,604,R6,False,CREDIT_BUREAU
CUST-107445,2025-03-03,2025-03-03,640,R5,False,CREDIT_BUREAU
CUST-102572,2025-03-03,2025-03-03,723,R3,False,CREDIT_BUREAU
CUST-100853,2025-03-03,2025-03-03,772,R2,False,CREDIT_BUREAU
CUST-107311,2025-03-03,2025-03-03,607,R6,False,CREDIT_BUREAU
CUST-101096,2025-03-03,2025-03-03,744,R2,False,CREDIT_BUREAU
CUST-100513,2025-03-03,2025-03-03,443,R7,False,CREDIT_BUREAU
CUST-101729,2025-03-03,2025-03-03,636,R5,False,CREDIT_BUREAU
CUST-101980,2025-03-03,2025-03-03,705,R3,False,CREDIT_BUREAU
CUST-100919,2025-03-03,2025-03-03,760,R2,False,CREDIT_BUREAU
CUST-107189,2025-03-03,2025-03-03,676,R4,False,CREDIT_BUREAU
CUST-100357,2025-03-03,2025-03-03,449,R7,False,CREDIT_BUREAU
CUST-106827,2025-03-03,2025-03-03,677,R4,False,CREDIT_BUREAU
CUST-100227,2025-03-03,2025-03-03,670,R4,False,CREDIT_BUREAU
CUST-102636,2025-03-03,2025-03-03,711,R3,False,CREDIT_BUREAU
CUST-104604,2025-03-03,2025-03-03,750,R2,False,CREDIT_BUREAU
CUST-104228,2025-03-03,2025-03-03,702,R3,False,CREDIT_BUREAU
CUST-101162,2025-03-03,2025-03-03,651,R5,False,CREDIT_BUREAU
CUST-103487,2025-03-03,2025-03-03,712,R3,False,CREDIT_BUREAU
CUST-101479,2025-03-03,2025-03-03,722,R3,False,CREDIT_BUREAU
CUST-104045,2025-03-03,2025-03-03,723,R3,False,CREDIT_BUREAU
CUST-102639,2025-03-03,2025-03-03,617,R6,False,CREDIT_BUREAU
CUST-101369,2025-03-03,2025-03-03,647,R5,False,CREDIT_BUREAU
CUST-105071,2025-03-03,2025-03-03,671,R4,False,CREDIT_BUREAU
CUST-105336,2025-03-03,2025-03-03,681,R4,False,CREDIT_BUREAU
CUST-101492,2025-03-03,2025-03-03,675,R4,False,CREDIT_BUREAU
CUST-107422,2025-03-03,2025-03-03,836,R1,False,CREDIT_BUREAU
CUST-103632,2025-03-03,2025-03-03,686,R4,False,CREDIT_BUREAU
CUST-105355,2025-03-03,2025-03-03,813,R1,False,CREDIT_BUREAU
CUST-103945,2025-03-03,2025-03-03,714,R3,False,CREDIT_BUREAU
CUST-100430,2025-03-03,2025-03-03,651,R5,False,CREDIT_BUREAU
CUST-102249,2025-03-03,2025-03-03,655,R5,False,CREDIT_BUREAU
CUST-100715,2025-03-03,2025-03-03,596,R6,False,CREDIT_BUREAU
CUST-105629,2025-03-03,2025-03-03,757,R2,False,CREDIT_BUREAU
CUST-106085,2025-03-03,2025-03-03,763,R2,False,CREDIT_BUREAU
CUST-103910,2025-03-03,2025-03-03,606,R6,False,CREDIT_BUREAU
CUST-100812,2025-03-03,2025-03-03,652,R5,False,CREDIT_BUREAU
CUST-107299,2025-03-03,2025-03-03,713,R3,False,CREDIT_BUREAU
CUST-102882,2025-03-03,2025-03-03,704,R3,False,CREDIT_BUREAU
CUST-101689,2025-03-03,2025-03-03,678,R4,False,CREDIT_BUREAU
CUST-100431,2025-03-03,2025-03-03,823,R1,False,CREDIT_BUREAU
CUST-105258,2025-03-03,2025-03-03,679,R4,False,CREDIT_BUREAU
CUST-102086,2025-03-03,2025-03-03,664,R4,False,CREDIT_BUREAU
CUST-101210,2025-03-03,2025-03-03,668,R4,False,CREDIT_BUREAU
CUST-105727,2025-03-03,2025-03-03,719,R3,False,CREDIT_BUREAU
CUST-106512,2025-03-03,2025-03-03,742,R2,False,CREDIT_BUREAU
CUST-101474,2025-03-03,2025-03-03,676,R4,False,CREDIT_BUREAU
CUST-102555,2025-03-03,2025-03-03,689,R4,False,CREDIT_BUREAU
CUST-107444,2025-03-03,2025-03-03,658,R5,False,CREDIT_BUREAU
CUST-105337,2025-03-03,2025-03-03,756,R2,False,CREDIT_BUREAU
CUST-103414,2025-03-03,2025-03-03,769,R2,False,CREDIT_BUREAU
CUST-104077,2025-03-03,2025-03-03,731,R3,False,CREDIT_BUREAU
CUST-106482,2025-03-03,2025-03-03,805,R1,False,CREDIT_BUREAU
CUST-103528,2025-03-03,2025-03-03,731,R3,False,CREDIT_BUREAU
CUST-102530,2025-03-03,2025-03-03,645,R5,False,CREDIT_BUREAU
CUST-102182,2025-03-03,2025-03-03,706,R3,False,CREDIT_BUREAU
CUST-107675,2025-03-03,2025-03-03,727,R3,False,CREDIT_BUREAU
CUST-107178,2025-03-03,2025-03-03,827,R1,False,CREDIT_BUREAU
CUST-103489,2025-03-03,2025-03-03,718,R3,False,CREDIT_BUREAU
CUST-101226,2025-03-03,2025-03-03,797,R1,False,CREDIT_BUREAU
CUST-107420,2025-03-03,2025-03-03,713,R3,False,CREDIT_BUREAU
CUST-104318,2025-03-03,2025-03-03,796,R1,False,CREDIT_BUREAU
CUST-105606,2025-03-03,2025-03-03,798,R1,False,CREDIT_BUREAU
CUST-107381,2025-03-03,2025-03-03,833,R1,False,CREDIT_BUREAU
CUST-107321,2025-03-03,2025-03-03,818,R1,False,CREDIT_BUREAU
CUST-103769,2025-03-03,2025-03-03,773,R2,False,CREDIT_BUREAU
CUST-102449,2025-03-03,2025-03-03,720,R3,False,CREDIT_BUREAU
CUST-101074,2025-03-03,2025-03-03,633,R5,False,CREDIT_BUREAU
CUST-104832,2025-03-03,2025-03-03,727,R3,False,CREDIT_BUREAU
CUST-103800,2025-03-03,2025-03-03,828,R1,False,CREDIT_BUREAU
CUST-105367,2025-03-03,2025-03-03,691,R4,False,CREDIT_BUREAU
CUST-106238,2025-03-03,2025-03-03,717,R3,False,CREDIT_BUREAU
CUST-107281,2025-03-03,2025-03-03,724,R3,False,CREDIT_BUREAU
CUST-103247,2025-03-03,2025-03-03,730,R3,False,CREDIT_BUREAU
CUST-107859,2025-03-03,2025-03-03,608,R6,False,CREDIT_BUREAU
CUST-105306,2025-03-03,2025-03-03,588,R6,False,CREDIT_BUREAU
CUST-100099,2025-03-03,2025-03-03,651,R5,False,CREDIT_BUREAU
CUST-105563,2025-03-03,2025-03-03,663,R4,False,CREDIT_BUREAU
CUST-106486,2025-03-03,2025-03-03,438,R7,False,CREDIT_BUREAU
CUST-103212,2025-03-03,2025-03-03,705,R3,False,CREDIT_BUREAU
CUST-105524,2025-03-03,2025-03-03,439,R7,False,CREDIT_BUREAU
CUST-107325,2025-03-03,2025-03-03,710,R3,False,CREDIT_BUREAU
CUST-104704,2025-03-03,2025-03-03,811,R1,False,CREDIT_BUREAU
CUST-107601,2025-03-03,2025-03-03,730,R3,False,CREDIT_BUREAU
CUST-105311,2025-03-03,2025-03-03,824,R1,False,CREDIT_BUREAU
CUST-104688,2025-03-03,2025-03-03,682,R4,False,CREDIT_BUREAU
CUST-106805,2025-03-03,2025-03-03,817,R1,False,CREDIT_BUREAU
CUST-104975,2025-03-03,2025-03-03,685,R4,False,CREDIT_BUREAU
CUST-107347,2025-03-03,2025-03-03,807,R1,False,CREDIT_BUREAU
CUST-101244,2025-03-03,2025-03-03,715,R3,False,CREDIT_BUREAU
CUST-101257,2025-03-03,2025-03-03,816,R1,False,CREDIT_BUREAU
CUST-100206,2025-03-03,2025-03-03,691,R4,False,CREDIT_BUREAU
CUST-106409,2025-03-03,2025-03-03,823,R1,False,CREDIT_BUREAU
CUST-107541,2025-03-03,2025-03-03,822,R1,False,CREDIT_BUREAU
CUST-107546,2025-03-03,2025-03-03,620,R5,False,CREDIT_BUREAU
CUST-106534,2025-03-03,2025-03-03,675,R4,False,CREDIT_BUREAU
CUST-102168,2025-03-03,2025-03-03,735,R3,False,CREDIT_BUREAU
CUST-101406,2025-03-03,2025-03-03,766,R2,False,CREDIT_BUREAU
CUST-105191,2025-03-03,2025-03-03,634,R5,False,CREDIT_BUREAU
CUST-107574,2025-03-03,2025-03-03,775,R2,False,CREDIT_BUREAU
CUST-104528,2025-03-03,2025-03-03,649,R5,False,CREDIT_BUREAU
CUST-100699,2025-03-03,2025-03-03,741,R2,False,CREDIT_BUREAU
CUST-100560,2025-03-03,2025-03-03,620,R5,False,CREDIT_BUREAU
CUST-106701,2025-03-03,2025-03-03,811,R1,False,CREDIT_BUREAU
CUST-105503,2025-03-03,2025-03-03,421,R7,False,CREDIT_BUREAU
CUST-102850,2025-03-03,2025-03-03,701,R3,False,CREDIT_BUREAU
CUST-105313,2025-03-03,2025-03-03,694,R4,False,CREDIT_BUREAU
CUST-105467,2025-03-03,2025-03-03,688,R4,False,CREDIT_BUREAU
CUST-106597,2025-03-03,2025-03-03,632,R5,False,CREDIT_BUREAU
CUST-103741,2025-03-03,2025-03-03,600,R6,False,CREDIT_BUREAU
CUST-102628,2025-03-03,2025-03-03,763,R2,False,CREDIT_BUREAU
CUST-100960,2025-03-03,2025-03-03,669,R4,False,CREDIT_BUREAU
CUST-107095,2025-03-03,2025-03-03,667,R4,False,CREDIT_BUREAU
CUST-105816,2025-03-03,2025-03-03,635,R5,False,CREDIT_BUREAU
CUST-103245,2025-03-03,2025-03-03,754,R2,False,CREDIT_BUREAU
CUST-104815,2025-03-03,2025-03-03,762,R2,False,CREDIT_BUREAU
CUST-100191,2025-03-03,2025-03-03,716,R3,False,CREDIT_BUREAU
CUST-106950,2025-03-03,2025-03-03,663,R4,False,CREDIT_BUREAU
CUST-101355,2025-03-03,2025-03-03,644,R5,False,CREDIT_BUREAU
CUST-106671,2025-03-03,2025-03-03,647,R5,False,CREDIT_BUREAU
CUST-107937,2025-03-03,2025-03-03,603,R6,False,CREDIT_BUREAU
CUST-104618,2025-03-03,2025-03-03,640,R5,False,CREDIT_BUREAU
CUST-103411,2025-03-03,2025-03-03,701,R3,False,CREDIT_BUREAU
CUST-105832,2025-03-03,2025-03-03,664,R4,False,CREDIT_BUREAU
CUST-107462,2025-03-03,2025-03-03,723,R3,False,CREDIT_BUREAU
CUST-101117,2025-03-03,2025-03-03,772,R2,False,CREDIT_BUREAU
CUST-100151,2025-03-03,2025-03-03,635,R5,False,CREDIT_BUREAU
CUST-101728,2025-03-03,2025-03-03,645,R5,False,CREDIT_BUREAU
CUST-100750,2025-03-03,2025-03-03,688,R4,False,CREDIT_BUREAU
CUST-102030,2025-03-03,2025-03-03,691,R4,False,CREDIT_BUREAU
CUST-101366,2025-03-03,2025-03-03,680,R4,False,CREDIT_BUREAU
CUST-106006,2025-03-03,2025-03-03,682,R4,False,CREDIT_BUREAU
CUST-107695,2025-03-03,2025-03-03,696,R4,False,CREDIT_BUREAU
CUST-107618,2025-03-03,2025-03-03,591,R6,False,CREDIT_BUREAU
CUST-101885,2025-03-03,2025-03-03,636,R5,False,CREDIT_BUREAU
CUST-101021,2025-03-03,2025-03-03,679,R4,False,CREDIT_BUREAU
CUST-106609,2025-03-03,2025-03-03,766,R2,False,CREDIT_BUREAU
CUST-104409,2025-03-03,2025-03-03,722,R3,False,CREDIT_BUREAU
CUST-101483,2025-03-03,2025-03-03,800,R1,False,CREDIT_BUREAU
CUST-106156,2025-03-03,2025-03-03,723,R3,False,CREDIT_BUREAU
CUST-101815,2025-03-03,2025-03-03,681,R4,False,CREDIT_BUREAU
CUST-101438,2025-03-03,2025-03-03,758,R2,False,CREDIT_BUREAU
CUST-107837,2025-03-03,2025-03-03,779,R2,False,CREDIT_BUREAU
CUST-103371,2025-03-03,2025-03-03,744,R2,False,CREDIT_BUREAU
CUST-102684,2025-03-03,2025-03-03,654,R5,False,CREDIT_BUREAU
CUST-105033,2025-03-03,2025-03-03,768,R2,False,CREDIT_BUREAU
CUST-103844,2025-03-03,2025-03-03,764,R2,False,CREDIT_BUREAU
CUST-104510,2025-03-03,2025-03-03,630,R5,False,CREDIT_BUREAU
CUST-106796,2025-03-03,2025-03-03,767,R2,False,CREDIT_BUREAU
CUST-107657,2025-03-03,2025-03-03,451,R7,False,CREDIT_BUREAU
CUST-102563,2025-03-03,2025-03-03,683,R4,False,CREDIT_BUREAU
CUST-100687,2025-03-03,2025-03-03,656,R5,False,CREDIT_BUREAU
CUST-101775,2025-03-03,2025-03-03,641,R5,False,CREDIT_BUREAU
CUST-102447,2025-03-03,2025-03-03,591,R6,False,CREDIT_BUREAU
CUST-100413,2025-03-03,2025-03-03,769,R2,False,CREDIT_BUREAU
CUST-104919,2025-03-03,2025-03-03,700,R3,False,CREDIT_BUREAU
CUST-100591,2025-03-03,2025-03-03,723,R3,False,CREDIT_BUREAU
CUST-100001,2025-03-03,2025-03-03,699,R4,False,CREDIT_BUREAU
CUST-103849,2025-03-03,2025-03-03,594,R6,False,CREDIT_BUREAU
CUST-107182,2025-03-03,2025-03-03,704,R3,False,CREDIT_BUREAU
CUST-104226,2025-03-03,2025-03-03,640,R5,False,CREDIT_BUREAU
CUST-107222,2025-03-03,2025-03-03,669,R4,False,CREDIT_BUREAU
CUST-100656,2025-03-03,2025-03-03,760,R2,False,CREDIT_BUREAU
CUST-107711,2025-03-03,2025-03-03,684,R4,False,CREDIT_BUREAU
CUST-104378,2025-03-03,2025-03-03,828,R1,False,CREDIT_BUREAU
CUST-102880,2025-03-03,2025-03-03,635,R5,False,CREDIT_BUREAU
CUST-102500,2025-03-03,2025-03-03,742,R2,False,CREDIT_BUREAU
CUST-105487,2025-03-03,2025-03-03,630,R5,False,CREDIT_BUREAU
CUST-106769,2025-03-03,2025-03-03,675,R4,False,CREDIT_BUREAU
CUST-105222,2025-03-03,2025-03-03,753,R2,False,CREDIT_BUREAU
CUST-101291,2025-03-03,2025-03-03,621,R5,False,CREDIT_BUREAU
CUST-102469,2025-03-03,2025-03-03,727,R3,False,CREDIT_BUREAU
CUST-100203,2025-03-03,2025-03-03,658,R5,False,CREDIT_BUREAU
CUST-105099,2025-03-03,2025-03-03,824,R1,False,CREDIT_BUREAU
CUST-103980,2025-03-03,2025-03-03,736,R3,False,CREDIT_BUREAU
CUST-103029,2025-03-03,2025-03-03,759,R2,False,CREDIT_BUREAU
CUST-102869,2025-03-03,2025-03-03,703,R3,False,CREDIT_BUREAU
CUST-102870,2025-03-03,2025-03-03,708,R3,False,CREDIT_BUREAU
CUST-104082,2025-03-03,2025-03-03,815,R1,False,CREDIT_BUREAU
CUST-104496,2025-03-03,2025-03-03,645,R5,False,CREDIT_BUREAU
CUST-104740,2025-03-03,2025-03-03,637,R5,False,CREDIT_BUREAU
CUST-106855,2025-03-03,2025-03-03,696,R4,False,CREDIT_BUREAU
CUST-103762,2025-03-03,2025-03-03,723,R3,False,CREDIT_BUREAU
CUST-102463,2025-03-03,2025-03-03,768,R2,False,CREDIT_BUREAU
CUST-105684,2025-03-03,2025-03-03,655,R5,False,CREDIT_BUREAU
CUST-103827,2025-03-03,2025-03-03,628,R5,False,CREDIT_BUREAU
CUST-102630,2025-03-03,2025-03-03,661,R4,False,CREDIT_BUREAU
CUST-106761,2025-03-03,2025-03-03,653,R5,False,CREDIT_BUREAU
CUST-106766,2025-03-03,2025-03-03,829,R1,False,CREDIT_BUREAU
CUST-104678,2025-03-03,2025-03-03,635,R5,False,CREDIT_BUREAU
CUST-103837,2025-03-03,2025-03-03,756,R2,False,CREDIT_BUREAU
CUST-104204,2025-03-03,2025-03-03,722,R3,False,CREDIT_BUREAU
CUST-105395,2025-03-03,2025-03-03,602,R6,False,CREDIT_BUREAU
CUST-107237,2025-03-03,2025-03-03,661,R4,False,CREDIT_BUREAU
CUST-103962,2025-03-03,2025-03-03,722,R3,False,CREDIT_BUREAU
CUST-106503,2025-03-03,2025-03-03,745,R2,False,CREDIT_BUREAU
CUST-100186,2025-03-03,2025-03-03,632,R5,False,CREDIT_BUREAU
CUST-102992,2025-03-03,2025-03-03,768,R2,False,CREDIT_BUREAU
CUST-103894,2025-03-03,2025-03-03,714,R3,False,CREDIT_BUREAU
CUST-105073,2025-03-03,2025-03-03,800,R1,False,CREDIT_BUREAU
CUST-103103,2025-03-03,2025-03-03,664,R4,False,CREDIT_BUREAU
CUST-102585,2025-03-03,2025-03-03,675,R4,False,CREDIT_BUREAU
CUST-102097,2025-03-03,2025-03-03,764,R2,False,CREDIT_BUREAU
CUST-101809,2025-03-03,2025-03-03,622,R5,False,CREDIT_BUREAU
CUST-104548,2025-03-03,2025-03-03,771,R2,False,CREDIT_BUREAU
CUST-104634,2025-03-03,2025-03-03,672,R4,False,CREDIT_BUREAU
CUST-105082,2025-03-03,2025-03-03,724,R3,False,CREDIT_BUREAU
CUST-102454,2025-03-03,2025-03-03,670,R4,False,CREDIT_BUREAU
CUST-106242,2025-03-03,2025-03-03,774,R2,False,CREDIT_BUREAU
CUST-105658,2025-03-03,2025-03-03,715,R3,False,CREDIT_BUREAU
CUST-106962,2025-03-03,2025-03-03,615,R6,False,CREDIT_BUREAU
CUST-100983,2025-03-03,2025-03-03,456,R7,False,CREDIT_BUREAU
CUST-103606,2025-03-03,2025-03-03,714,R3,False,CREDIT_BUREAU
CUST-102510,2025-03-03,2025-03-03,815,R1,False,CREDIT_BUREAU
CUST-102799,2025-03-03,2025-03-03,760,R2,False,CREDIT_BUREAU
CUST-103325,2025-03-03,2025-03-03,709,R3,False,CREDIT_BUREAU
CUST-105541,2025-03-03,2025-03-03,815,R1,False,CREDIT_BUREAU
CUST-100608,2025-03-03,2025-03-03,787,R1,False,CREDIT_BUREAU
CUST-102810,2025-03-03,2025-03-03,434,R7,False,CREDIT_BUREAU
CUST-100811,2025-03-03,2025-03-03,720,R3,False,CREDIT_BUREAU
CUST-100044,2025-03-03,2025-03-03,601,R6,False,CREDIT_BUREAU
CUST-105267,2025-03-03,2025-03-03,750,R2,False,CREDIT_BUREAU
CUST-101308,2025-03-03,2025-03-03,615,R6,False,CREDIT_BUREAU
CUST-105582,2025-03-03,2025-03-03,722,R3,False,CREDIT_BUREAU
CUST-107817,2025-03-03,2025-03-03,827,R1,False,CREDIT_BUREAU
CUST-101221,2025-03-03,2025-03-03,758,R2,False,CREDIT_BUREAU
CUST-105662,2025-03-03,2025-03-03,809,R1,False,CREDIT_BUREAU
CUST-102743,2025-03-03,2025-03-03,640,R5,False,CREDIT_BUREAU
CUST-102704,2025-03-03,2025-03-03,606,R6,False,CREDIT_BUREAU
CUST-101328,2025-03-03,2025-03-03,446,R7,False,CREDIT_BUREAU
CUST-100152,2025-03-03,2025-03-03,689,R4,False,CREDIT_BUREAU
CUST-101279,2025-03-03,2025-03-03,817,R1,False,CREDIT_BUREAU
CUST-106907,2025-03-03,2025-03-03,813,R1,False,CREDIT_BUREAU
CUST-105904,2025-03-03,2025-03-03,719,R3,False,CREDIT_BUREAU
CUST-101553,2025-03-03,2025-03-03,608,R6,False,CREDIT_BUREAU
CUST-102529,2025-03-03,2025-03-03,708,R3,False,CREDIT_BUREAU
CUST-107666,2025-03-03,2025-03-03,692,R4,False,CREDIT_BUREAU
CUST-104111,2025-03-03,2025-03-03,707,R3,False,CREDIT_BUREAU
CUST-104743,2025-03-03,2025-03-03,769,R2,False,CREDIT_BUREAU
CUST-107582,2025-03-03,2025-03-03,759,R2,False,CREDIT_BUREAU
CUST-101825,2025-03-03,2025-03-03,596,R6,False,CREDIT_BUREAU
CUST-105354,2025-03-03,2025-03-03,684,R4,False,CREDIT_BUREAU
CUST-103009,2025-03-03,2025-03-03,749,R2,False,CREDIT_BUREAU
CUST-101515,2025-03-03,2025-03-03,723,R3,False,CREDIT_BUREAU
CUST-100532,2025-03-03,2025-03-03,641,R5,False,CREDIT_BUREAU
CUST-103668,2025-03-03,2025-03-03,751,R2,False,CREDIT_BUREAU
CUST-106100,2025-03-03,2025-03-03,824,R1,False,CREDIT_BUREAU
CUST-105399,2025-03-03,2025-03-03,771,R2,False,CREDIT_BUREAU
CUST-107248,2025-03-03,2025-03-03,823,R1,False,CREDIT_BUREAU
CUST-104440,2025-03-03,2025-03-03,688,R4,False,CREDIT_BUREAU
CUST-103737,2025-03-03,2025-03-03,718,R3,False,CREDIT_BUREAU
CUST-100412,2025-03-03,2025-03-03,635,R5,False,CREDIT_BUREAU
CUST-106088,2025-03-03,2025-03-03,754,R2,False,CREDIT_BUREAU
CUST-100956,2025-03-03,2025-03-03,736,R3,False,CREDIT_BUREAU
CUST-100269,2025-03-03,2025-03-03,761,R2,False,CREDIT_BUREAU
CUST-107185,2025-03-03,2025-03-03,690,R4,False,CREDIT_BUREAU
CUST-102690,2025-03-03,2025-03-03,823,R1,False,CREDIT_BUREAU
CUST-100729,2025-03-03,2025-03-03,764,R2,False,CREDIT_BUREAU
CUST-104046,2025-03-03,2025-03-03,637,R5,False,CREDIT_BUREAU
CUST-101405,2025-03-03,2025-03-03,713,R3,False,CREDIT_BUREAU
CUST-104728,2025-03-03,2025-03-03,733,R3,False,CREDIT_BUREAU
CUST-102839,2025-03-03,2025-03-03,766,R2,False,CREDIT_BUREAU
CUST-100368,2025-03-03,2025-03-03,752,R2,False,CREDIT_BUREAU
CUST-104946,2025-03-03,2025-03-03,676,R4,False,CREDIT_BUREAU
CUST-107608,2025-03-03,2025-03-03,438,R7,False,CREDIT_BUREAU
CUST-105274,2025-03-03,2025-03-03,664,R4,False,CREDIT_BUREAU
CUST-100070,2025-03-03,2025-03-03,634,R5,False,CREDIT_BUREAU
CUST-107171,2025-03-03,2025-03-03,697,R4,False,CREDIT_BUREAU
CUST-103794,2025-03-03,2025-03-03,713,R3,False,CREDIT_BUREAU
CUST-104118,2025-03-03,2025-03-03,695,R4,False,CREDIT_BUREAU
CUST-103032,2025-03-03,2025-03-03,644,R5,False,CREDIT_BUREAU
CUST-107172,2025-03-03,2025-03-03,642,R5,False,CREDIT_BUREAU
CUST-102224,2025-03-03,2025-03-03,671,R4,False,CREDIT_BUREAU
CUST-101118,2025-03-03,2025-03-03,669,R4,False,CREDIT_BUREAU
CUST-107363,2025-03-03,2025-03-03,648,R5,False,CREDIT_BUREAU
CUST-101643,2025-03-03,2025-03-03,677,R4,False,CREDIT_BUREAU
CUST-100097,2025-03-03,2025-03-03,599,R6,False,CREDIT_BUREAU
CUST-105481,2025-03-03,2025-03-03,585,R6,False,CREDIT_BUREAU
CUST-103578,2025-03-03,2025-03-03,604,R6,False,CREDIT_BUREAU
CUST-101013,2025-03-03,2025-03-03,607,R6,False,CREDIT_BUREAU
CUST-100871,2025-03-03,2025-03-03,681,R4,False,CREDIT_BUREAU
CUST-106338,2025-03-03,2025-03-03,758,R2,False,CREDIT_BUREAU
CUST-101858,2025-03-03,2025-03-03,681,R4,False,CREDIT_BUREAU
CUST-102160,2025-03-03,2025-03-03,788,R1,False,CREDIT_BUREAU
CUST-101427,2025-03-03,2025-03-03,702,R3,False,CREDIT_BUREAU
CUST-107883,2025-03-03,2025-03-03,606,R6,False,CREDIT_BUREAU
CUST-104477,2025-03-03,2025-03-03,650,R5,False,CREDIT_BUREAU
CUST-103742,2025-03-03,2025-03-03,708,R3,False,CREDIT_BUREAU
CUST-107781,2025-03-03,2025-03-03,674,R4,False,CREDIT_BUREAU
CUST-107326,2025-03-03,2025-03-03,727,R3,False,CREDIT_BUREAU
CUST-100138,2025-03-03,2025-03-03,693,R4,False,CREDIT_BUREAU
CUST-103228,2025-03-03,2025-03-03,673,R4,False,CREDIT_BUREAU
CUST-105286,2025-03-03,2025-03-03,719,R3,False,CREDIT_BUREAU
CUST-102598,2025-03-03,2025-03-03,675,R4,False,CREDIT_BUREAU
CUST-104021,2025-03-03,2025-03-03,715,R3,False,CREDIT_BUREAU
CUST-104358,2025-03-03,2025-03-03,676,R4,False,CREDIT_BUREAU
CUST-106386,2025-03-03,2025-03-03,838,R1,False,CREDIT_BUREAU
CUST-102187,2025-03-03,2025-03-03,654,R5,False,CREDIT_BUREAU
CUST-106354,2025-03-03,2025-03-03,638,R5,False,CREDIT_BUREAU
CUST-101109,2025-03-03,2025-03-03,728,R3,False,CREDIT_BUREAU
CUST-105095,2025-03-03,2025-03-03,801,R1,False,CREDIT_BUREAU
CUST-106234,2025-03-03,2025-03-03,719,R3,False,CREDIT_BUREAU
CUST-106295,2025-03-03,2025-03-03,628,R5,False,CREDIT_BUREAU
CUST-101583,2025-03-03,2025-03-03,651,R5,False,CREDIT_BUREAU
CUST-103139,2025-03-03,2025-03-03,654,R5,False,CREDIT_BUREAU
CUST-101964,2025-03-03,2025-03-03,752,R2,False,CREDIT_BUREAU
CUST-107932,2025-03-03,2025-03-03,624,R5,False,CREDIT_BUREAU
CUST-100394,2025-03-03,2025-03-03,816,R1,False,CREDIT_BUREAU
CUST-103694,2025-03-03,2025-03-03,803,R1,False,CREDIT_BUREAU
CUST-107292,2025-03-03,2025-03-03,768,R2,False,CREDIT_BUREAU
CUST-101807,2025-03-03,2025-03-03,645,R5,False,CREDIT_BUREAU
CUST-102539,2025-03-03,2025-03-03,439,R7,False,CREDIT_BUREAU
CUST-101820,2025-03-03,2025-03-03,446,R7,False,CREDIT_BUREAU
CUST-105808,2025-03-03,2025-03-03,429,R7,False,CREDIT_BUREAU
CUST-105758,2025-03-03,2025-03-03,631,R5,False,CREDIT_BUREAU
CUST-100940,2025-03-03,2025-03-03,726,R3,False,CREDIT_BUREAU
CUST-107642,2025-03-03,2025-03-03,718,R3,False,CREDIT_BUREAU
CUST-107578,2025-03-03,2025-03-03,717,R3,False,CREDIT_BUREAU
CUST-102505,2025-03-03,2025-03-03,812,R1,False,CREDIT_BUREAU
CUST-101274,2025-03-03,2025-03-03,593,R6,False,CREDIT_BUREAU
CUST-102196,2025-03-03,2025-03-03,762,R2,False,CREDIT_BUREAU
CUST-107606,2025-03-03,2025-03-03,656,R5,False,CREDIT_BUREAU
CUST-101790,2025-03-03,2025-03-03,613,R6,False,CREDIT_BUREAU
CUST-106025,2025-03-03,2025-03-03,813,R1,False,CREDIT_BUREAU
CUST-102278,2025-03-03,2025-03-03,670,R4,False,CREDIT_BUREAU
CUST-101944,2025-03-03,2025-03-03,645,R5,False,CREDIT_BUREAU
CUST-105142,2025-03-03,2025-03-03,757,R2,False,CREDIT_BUREAU
CUST-107605,2025-03-03,2025-03-03,750,R2,False,CREDIT_BUREAU
CUST-105201,2025-03-03,2025-03-03,666,R4,False,CREDIT_BUREAU
CUST-103364,2025-03-03,2025-03-03,771,R2,False,CREDIT_BUREAU
CUST-105134,2025-03-03,2025-03-03,804,R1,False,CREDIT_BUREAU
CUST-102078,2025-03-03,2025-03-03,601,R6,False,CREDIT_BUREAU
CUST-106964,2025-03-03,2025-03-03,774,R2,False,CREDIT_BUREAU
CUST-103604,2025-03-03,2025-03-03,810,R1,False,CREDIT_BUREAU
CUST-104131,2025-03-03,2025-03-03,627,R5,False,CREDIT_BUREAU
CUST-100554,2025-03-03,2025-03-03,676,R4,False,CREDIT_BUREAU
CUST-103823,2025-03-03,2025-03-03,602,R6,False,CREDIT_BUREAU
CUST-100371,2025-03-03,2025-03-03,583,R6,False,CREDIT_BUREAU
CUST-101722,2025-03-03,2025-03-03,779,R2,False,CREDIT_BUREAU
CUST-104906,2025-03-03,2025-03-03,683,R4,False,CREDIT_BUREAU
CUST-102382,2025-03-03,2025-03-03,722,R3,False,CREDIT_BUREAU
CUST-101418,2025-03-03,2025-03-03,819,R1,False,CREDIT_BUREAU
CUST-105255,2025-03-03,2025-03-03,775,R2,False,CREDIT_BUREAU
CUST-107433,2025-03-03,2025-03-03,678,R4,False,CREDIT_BUREAU
CUST-100126,2025-03-03,2025-03-03,624,R5,False,CREDIT_BUREAU
CUST-104948,2025-03-03,2025-03-03,782,R1,False,CREDIT_BUREAU
CUST-106296,2025-03-03,2025-03-03,736,R3,False,CREDIT_BUREAU
CUST-102443,2025-03-03,2025-03-03,797,R1,False,CREDIT_BUREAU
CUST-106820,2025-03-03,2025-03-03,670,R4,False,CREDIT_BUREAU
CUST-105734,2025-03-03,2025-03-03,685,R4,False,CREDIT_BUREAU
CUST-107333,2025-03-03,2025-03-03,660,R4,False,CREDIT_BUREAU
CUST-101437,2025-03-03,2025-03-03,668,R4,False,CREDIT_BUREAU
CUST-102302,2025-03-03,2025-03-03,815,R1,False,CREDIT_BUREAU
CUST-103310,2025-03-03,2025-03-03,816,R1,False,CREDIT_BUREAU
CUST-100945,2025-03-03,2025-03-03,648,R5,False,CREDIT_BUREAU
CUST-102745,2025-03-03,2025-03-03,814,R1,False,CREDIT_BUREAU
CUST-106369,2025-03-03,2025-03-03,798,R1,False,CREDIT_BUREAU
CUST-104332,2025-03-03,2025-03-03,683,R4,False,CREDIT_BUREAU
CUST-101943,2025-03-03,2025-03-03,643,R5,False,CREDIT_BUREAU
CUST-102843,2025-03-03,2025-03-03,646,R5,False,CREDIT_BUREAU
CUST-106787,2025-03-03,2025-03-03,636,R5,False,CREDIT_BUREAU
CUST-107638,2025-03-03,2025-03-03,739,R3,False,CREDIT_BUREAU
CUST-104783,2025-03-03,2025-03-03,758,R2,False,CREDIT_BUREAU
CUST-101099,2025-03-03,2025-03-03,655,R5,False,CREDIT_BUREAU
CUST-104328,2025-03-03,2025-03-03,635,R5,False,CREDIT_BUREAU
CUST-106715,2025-03-03,2025-03-03,448,R7,False,CREDIT_BUREAU
CUST-107763,2025-03-03,2025-03-03,728,R3,False,CREDIT_BUREAU
CUST-102798,2025-03-03,2025-03-03,760,R2,False,CREDIT_BUREAU
CUST-100676,2025-03-03,2025-03-03,713,R3,False,CREDIT_BUREAU
CUST-103381,2025-03-03,2025-03-03,596,R6,False,CREDIT_BUREAU
CUST-105474,2025-03-03,2025-03-03,649,R5,False,CREDIT_BUREAU
CUST-101921,2025-03-03,2025-03-03,584,R6,False,CREDIT_BUREAU
CUST-102589,2025-03-03,2025-03-03,710,R3,False,CREDIT_BUREAU
CUST-100272,2025-03-03,2025-03-03,438,R7,False,CREDIT_BUREAU
CUST-101106,2025-03-03,2025-03-03,603,R6,False,CREDIT_BUREAU
CUST-106696,2025-03-03,2025-03-03,630,R5,False,CREDIT_BUREAU
CUST-105618,2025-03-03,2025-03-03,726,R3,False,CREDIT_BUREAU
CUST-100647,2025-03-03,2025-03-03,715,R3,False,CREDIT_BUREAU
CUST-106316,2025-03-03,2025-03-03,663,R4,False,CREDIT_BUREAU
CUST-101587,2025-03-03,2025-03-03,733,R3,False,CREDIT_BUREAU
CUST-104977,2025-03-03,2025-03-03,717,R3,False,CREDIT_BUREAU
CUST-104701,2025-03-03,2025-03-03,730,R3,False,CREDIT_BUREAU
CUST-102089,2025-03-03,2025-03-03,709,R3,False,CREDIT_BUREAU
CUST-105859,2025-03-03,2025-03-03,685,R4,False,CREDIT_BUREAU
CUST-101750,2025-03-03,2025-03-03,824,R1,False,CREDIT_BUREAU
CUST-105601,2025-03-03,2025-03-03,652,R5,False,CREDIT_BUREAU
CUST-107067,2025-03-03,2025-03-03,750,R2,False,CREDIT_BUREAU
CUST-104062,2025-03-03,2025-03-03,830,R1,False,CREDIT_BUREAU
CUST-103402,2025-03-03,2025-03-03,703,R3,False,CREDIT_BUREAU
CUST-103973,2025-03-03,2025-03-03,644,R5,False,CREDIT_BUREAU
CUST-107066,2025-03-03,2025-03-03,441,R7,False,CREDIT_BUREAU
CUST-105546,2025-03-03,2025-03-03,703,R3,False,CREDIT_BUREAU
CUST-105151,2025-03-03,2025-03-03,584,R6,False,CREDIT_BUREAU
CUST-100654,2025-03-03,2025-03-03,726,R3,False,CREDIT_BUREAU
CUST-104562,2025-03-03,2025-03-03,614,R6,False,CREDIT_BUREAU
CUST-103289,2025-03-03,2025-03-03,688,R4,False,CREDIT_BUREAU
CUST-103951,2025-03-03,2025-03-03,601,R6,False,CREDIT_BUREAU
CUST-104785,2025-03-03,2025-03-03,729,R3,False,CREDIT_BUREAU
CUST-100864,2025-03-03,2025-03-03,648,R5,False,CREDIT_BUREAU
CUST-100289,2025-03-03,2025-03-03,664,R4,False,CREDIT_BUREAU
CUST-103868,2025-03-03,2025-03-03,718,R3,False,CREDIT_BUREAU
CUST-104215,2025-03-03,2025-03-03,777,R2,False,CREDIT_BUREAU
CUST-105623,2025-03-03,2025-03-03,682,R4,False,CREDIT_BUREAU
CUST-101395,2025-03-03,2025-03-03,765,R2,False,CREDIT_BUREAU
CUST-106379,2025-03-03,2025-03-03,718,R3,False,CREDIT_BUREAU
CUST-101174,2025-03-03,2025-03-03,819,R1,False,CREDIT_BUREAU
CUST-102483,2025-03-03,2025-03-03,667,R4,False,CREDIT_BUREAU
CUST-102406,2025-03-03,2025-03-03,689,R4,False,CREDIT_BUREAU
CUST-107841,2025-03-03,2025-03-03,636,R5,False,CREDIT_BUREAU
CUST-101602,2025-03-03,2025-03-03,767,R2,False,CREDIT_BUREAU
CUST-106174,2025-03-03,2025-03-03,696,R4,False,CREDIT_BUREAU
CUST-104987,2025-03-03,2025-03-03,824,R1,False,CREDIT_BUREAU
CUST-106542,2025-03-03,2025-03-03,829,R1,False,CREDIT_BUREAU
CUST-105351,2025-03-03,2025-03-03,763,R2,False,CREDIT_BUREAU
CUST-105289,2025-03-03,2025-03-03,815,R1,False,CREDIT_BUREAU
CUST-103892,2025-03-03,2025-03-03,687,R4,False,CREDIT_BUREAU
CUST-104592,2025-03-03,2025-03-03,832,R1,False,CREDIT_BUREAU
CUST-104828,2025-03-03,2025-03-03,629,R5,False,CREDIT_BUREAU
CUST-102016,2025-03-03,2025-03-03,713,R3,False,CREDIT_BUREAU
CUST-102404,2025-03-03,2025-03-03,767,R2,False,CREDIT_BUREAU
CUST-102954,2025-03-03,2025-03-03,721,R3,False,CREDIT_BUREAU
CUST-104924,2025-03-03,2025-03-03,648,R5,False,CREDIT_BUREAU
CUST-103615,2025-03-03,2025-03-03,661,R4,False,CREDIT_BUREAU
CUST-102931,2025-03-03,2025-03-03,628,R5,False,CREDIT_BUREAU
CUST-106419,2025-03-03,2025-03-03,709,R3,False,CREDIT_BUREAU
CUST-104340,2025-03-03,2025-03-03,690,R4,False,CREDIT_BUREAU
CUST-103514,2025-03-03,2025-03-03,639,R5,False,CREDIT_BUREAU
CUST-104835,2025-03-03,2025-03-03,740,R2,False,CREDIT_BUREAU
CUST-107245,2025-03-03,2025-03-03,742,R2,False,CREDIT_BUREAU
CUST-102034,2025-03-03,2025-03-03,759,R2,False,CREDIT_BUREAU
CUST-102779,2025-03-03,2025-03-03,705,R3,False,CREDIT_BUREAU
CUST-104067,2025-03-03,2025-03-03,589,R6,False,CREDIT_BUREAU
CUST-107890,2025-03-03,2025-03-03,668,R4,False,CREDIT_BUREAU
CUST-106125,2025-03-03,2025-03-03,594,R6,False,CREDIT_BUREAU
CUST-106874,2025-03-03,2025-03-03,759,R2,False,CREDIT_BUREAU
CUST-104100,2025-03-03,2025-03-03,460,R7,False,CREDIT_BUREAU
CUST-105751,2025-03-03,2025-03-03,668,R4,False,CREDIT_BUREAU
CUST-105515,2025-03-03,2025-03-03,626,R5,False,CREDIT_BUREAU
CUST-104059,2025-03-03,2025-03-03,698,R4,False,CREDIT_BUREAU
CUST-105409,2025-03-03,2025-03-03,450,R7,False,CREDIT_BUREAU
CUST-103359,2025-03-03,2025-03-03,641,R5,False,CREDIT_BUREAU
CUST-103158,2025-03-03,2025-03-03,709,R3,False,CREDIT_BUREAU
CUST-100315,2025-03-03,2025-03-03,607,R6,False,CREDIT_BUREAU
CUST-101877,2025-03-03,2025-03-03,825,R1,False,CREDIT_BUREAU
CUST-104492,2025-03-03,2025-03-03,671,R4,False,CREDIT_BUREAU
CUST-101929,2025-03-03,2025-03-03,695,R4,False,CREDIT_BUREAU
CUST-100041,2025-03-03,2025-03-03,796,R1,False,CREDIT_BUREAU
CUST-105926,2025-03-03,2025-03-03,641,R5,False,CREDIT_BUREAU
CUST-107180,2025-03-03,2025-03-03,666,R4,False,CREDIT_BUREAU
CUST-105437,2025-03-03,2025-03-03,445,R7,False,CREDIT_BUREAU
CUST-104306,2025-03-03,2025-03-03,728,R3,False,CREDIT_BUREAU
CUST-105959,2025-03-03,2025-03-03,604,R6,False,CREDIT_BUREAU
CUST-105386,2025-03-03,2025-03-03,672,R4,False,CREDIT_BUREAU
CUST-102546,2025-03-03,2025-03-03,692,R4,False,CREDIT_BUREAU
CUST-102383,2025-03-03,2025-03-03,772,R2,False,CREDIT_BUREAU
CUST-101107,2025-03-03,2025-03-03,667,R4,False,CREDIT_BUREAU
CUST-104635,2025-03-03,2025-03-03,722,R3,False,CREDIT_BUREAU
CUST-107288,2025-03-03,2025-03-03,759,R2,False,CREDIT_BUREAU
CUST-107059,2025-03-03,2025-03-03,680,R4,False,CREDIT_BUREAU
CUST-101376,2025-03-03,2025-03-03,667,R4,False,CREDIT_BUREAU
CUST-101859,2025-03-03,2025-03-03,755,R2,False,CREDIT_BUREAU
CUST-105062,2025-03-03,2025-03-03,721,R3,False,CREDIT_BUREAU
CUST-101332,2025-03-03,2025-03-03,744,R2,False,CREDIT_BUREAU
CUST-102514,2025-03-03,2025-03-03,678,R4,False,CREDIT_BUREAU
CUST-105443,2025-03-03,2025-03-03,810,R1,False,CREDIT_BUREAU
CUST-105297,2025-03-03,2025-03-03,680,R4,False,CREDIT_BUREAU
CUST-100770,2025-03-03,2025-03-03,673,R4,False,CREDIT_BUREAU
CUST-105122,2025-03-03,2025-03-03,798,R1,False,CREDIT_BUREAU
CUST-103086,2025-03-03,2025-03-03,748,R2,False,CREDIT_BUREAU
CUST-104382,2025-03-03,2025-03-03,580,R6,False,CREDIT_BUREAU
CUST-105174,2025-03-03,2025-03-03,642,R5,False,CREDIT_BUREAU
CUST-100274,2025-03-03,2025-03-03,634,R5,False,CREDIT_BUREAU
CUST-101617,2025-03-03,2025-03-03,746,R2,False,CREDIT_BUREAU
CUST-102486,2025-03-03,2025-03-03,631,R5,False,CREDIT_BUREAU
CUST-104163,2025-03-03,2025-03-03,629,R5,False,CREDIT_BUREAU
CUST-103803,2025-03-03,2025-03-03,645,R5,False,CREDIT_BUREAU
CUST-107840,2025-03-03,2025-03-03,803,R1,False,CREDIT_BUREAU
CUST-100032,2025-03-03,2025-03-03,766,R2,False,CREDIT_BUREAU
CUST-105949,2025-03-03,2025-03-03,763,R2,False,CREDIT_BUREAU
CUST-104960,2025-03-03,2025-03-03,827,R1,False,CREDIT_BUREAU
CUST-107001,2025-03-03,2025-03-03,825,R1,False,CREDIT_BUREAU
CUST-102635,2025-03-03,2025-03-03,633,R5,False,CREDIT_BUREAU
CUST-106231,2025-03-03,2025-03-03,670,R4,False,CREDIT_BUREAU
CUST-107980,2025-03-03,2025-03-03,639,R5,False,CREDIT_BUREAU
CUST-105585,2025-03-03,2025-03-03,754,R2,False,CREDIT_BUREAU
CUST-107726,2025-03-03,2025-03-03,577,R7,False,CREDIT_BUREAU
CUST-104478,2025-03-03,2025-03-03,756,R2,False,CREDIT_BUREAU
CUST-102534,2025-03-03,2025-03-03,688,R4,False,CREDIT_BUREAU
CUST-107322,2025-03-03,2025-03-03,717,R3,False,CREDIT_BUREAU
CUST-101273,2025-03-03,2025-03-03,724,R3,False,CREDIT_BUREAU
CUST-101163,2025-03-03,2025-03-03,724,R3,False,CREDIT_BUREAU
CUST-106494,2025-03-03,2025-03-03,829,R1,False,CREDIT_BUREAU
CUST-102072,2025-03-03,2025-03-03,751,R2,False,CREDIT_BUREAU
CUST-103902,2025-03-03,2025-03-03,600,R6,False,CREDIT_BUREAU
CUST-107954,2025-03-03,2025-03-03,653,R5,False,CREDIT_BUREAU
CUST-103995,2025-03-03,2025-03-03,667,R4,False,CREDIT_BUREAU
CUST-100352,2025-03-03,2025-03-03,755,R2,False,CREDIT_BUREAU
CUST-101289,2025-03-03,2025-03-03,771,R2,False,CREDIT_BUREAU
CUST-107873,2025-03-03,2025-03-03,789,R1,False,CREDIT_BUREAU
CUST-103709,2025-03-03,2025-03-03,657,R5,False,CREDIT_BUREAU
CUST-101078,2025-03-03,2025-03-03,752,R2,False,CREDIT_BUREAU
CUST-102455,2025-03-03,2025-03-03,754,R2,False,CREDIT_BUREAU
CUST-103676,2025-03-03,2025-03-03,751,R2,False,CREDIT_BUREAU
CUST-107015,2025-03-03,2025-03-03,572,R7,False,CREDIT_BUREAU
CUST-101432,2025-03-03,2025-03-03,812,R1,False,CREDIT_BUREAU
CUST-105287,2025-03-03,2025-03-03,711,R3,False,CREDIT_BUREAU
CUST-105572,2025-03-03,2025-03-03,456,R7,False,CREDIT_BUREAU
CUST-106655,2025-03-03,2025-03-03,675,R4,False,CREDIT_BUREAU
CUST-101605,2025-03-03,2025-03-03,767,R2,False,CREDIT_BUREAU
CUST-106146,2025-03-03,2025-03-03,707,R3,False,CREDIT_BUREAU
CUST-102417,2025-03-03,2025-03-03,624,R5,False,CREDIT_BUREAU
CUST-101933,2025-03-03,2025-03-03,812,R1,False,CREDIT_BUREAU
CUST-107950,2025-03-03,2025-03-03,721,R3,False,CREDIT_BUREAU
CUST-101759,2025-03-03,2025-03-03,758,R2,False,CREDIT_BUREAU
CUST-100858,2025-03-03,2025-03-03,806,R1,False,CREDIT_BUREAU
CUST-105780,2025-03-03,2025-03-03,672,R4,False,CREDIT_BUREAU
CUST-100397,2025-03-03,2025-03-03,804,R1,False,CREDIT_BUREAU
CUST-107609,2025-03-03,2025-03-03,648,R5,False,CREDIT_BUREAU
CUST-105705,2025-03-03,2025-03-03,755,R2,False,CREDIT_BUREAU
CUST-107270,2025-03-03,2025-03-03,675,R4,False,CREDIT_BUREAU
CUST-103861,2025-03-03,2025-03-03,704,R3,False,CREDIT_BUREAU
CUST-105770,2025-03-03,2025-03-03,751,R2,False,CREDIT_BUREAU
CUST-107813,2025-03-03,2025-03-03,769,R2,False,CREDIT_BUREAU
CUST-103497,2025-03-03,2025-03-03,764,R2,False,CREDIT_BUREAU
CUST-104878,2025-03-03,2025-03-03,425,R7,False,CREDIT_BUREAU
CUST-101537,2025-03-03,2025-03-03,739,R3,False,CREDIT_BUREAU
CUST-105112,2025-03-03,2025-03-03,840,R1,False,CREDIT_BUREAU
CUST-105380,2025-03-03,2025-03-03,681,R4,False,CREDIT_BUREAU
CUST-103013,2025-03-03,2025-03-03,761,R2,False,CREDIT_BUREAU
CUST-100096,2025-03-03,2025-03-03,813,R1,False,CREDIT_BUREAU
CUST-102617,2025-03-03,2025-03-03,830,R1,False,CREDIT_BUREAU
CUST-102328,2025-03-03,2025-03-03,682,R4,False,CREDIT_BUREAU
CUST-103093,2025-03-03,2025-03-03,444,R7,False,CREDIT_BUREAU
CUST-102453,2025-03-03,2025-03-03,756,R2,False,CREDIT_BUREAU
CUST-103236,2025-03-03,2025-03-03,624,R5,False,CREDIT_BUREAU
CUST-105035,2025-03-03,2025-03-03,775,R2,False,CREDIT_BUREAU
CUST-100523,2025-03-03,2025-03-03,762,R2,False,CREDIT_BUREAU
CUST-100123,2025-03-03,2025-03-03,758,R2,False,CREDIT_BUREAU
CUST-106801,2025-03-03,2025-03-03,667,R4,False,CREDIT_BUREAU
CUST-101267,2025-03-03,2025-03-03,713,R3,False,CREDIT_BUREAU
CUST-104484,2025-03-03,2025-03-03,823,R1,False,CREDIT_BUREAU
CUST-104691,2025-03-03,2025-03-03,767,R2,False,CREDIT_BUREAU
CUST-100857,2025-03-03,2025-03-03,749,R2,False,CREDIT_BUREAU
CUST-107597,2025-03-03,2025-03-03,762,R2,False,CREDIT_BUREAU
CUST-106665,2025-03-03,2025-03-03,669,R4,False,CREDIT_BUREAU
CUST-107791,2025-03-03,2025-03-03,771,R2,False,CREDIT_BUREAU
CUST-100607,2025-03-03,2025-03-03,695,R4,False,CREDIT_BUREAU
CUST-103630,2025-03-03,2025-03-03,712,R3,False,CREDIT_BUREAU
CUST-101586,2025-03-03,2025-03-03,697,R4,False,CREDIT_BUREAU
CUST-103504,2025-03-03,2025-03-03,721,R3,False,CREDIT_BUREAU
CUST-103976,2025-03-03,2025-03-03,662,R4,False,CREDIT_BUREAU
CUST-100155,2025-03-03,2025-03-03,667,R4,False,CREDIT_BUREAU
CUST-104183,2025-03-03,2025-03-03,663,R4,False,CREDIT_BUREAU
CUST-107098,2025-03-03,2025-03-03,794,R1,False,CREDIT_BUREAU
CUST-105425,2025-03-03,2025-03-03,669,R4,False,CREDIT_BUREAU
CUST-107119,2025-03-03,2025-03-03,767,R2,False,CREDIT_BUREAU
CUST-103131,2025-03-03,2025-03-03,716,R3,False,CREDIT_BUREAU
CUST-100426,2025-03-03,2025-03-03,764,R2,False,CREDIT_BUREAU
CUST-106763,2025-03-03,2025-03-03,594,R6,False,CREDIT_BUREAU
CUST-107183,2025-03-03,2025-03-03,615,R6,False,CREDIT_BUREAU
CUST-106374,2025-03-03,2025-03-03,768,R2,False,CREDIT_BUREAU
CUST-101354,2025-03-03,2025-03-03,688,R4,False,CREDIT_BUREAU
CUST-103429,2025-03-03,2025-03-03,652,R5,False,CREDIT_BUREAU
CUST-102673,2025-03-03,2025-03-03,600,R6,False,CREDIT_BUREAU
CUST-104420,2025-03-03,2025-03-03,733,R3,False,CREDIT_BUREAU
CUST-102717,2025-03-03,2025-03-03,761,R2,False,CREDIT_BUREAU
CUST-104383,2025-03-03,2025-03-03,769,R2,False,CREDIT_BUREAU
CUST-107250,2025-03-03,2025-03-03,583,R6,False,CREDIT_BUREAU
CUST-105745,2025-03-03,2025-03-03,800,R1,False,CREDIT_BUREAU
CUST-106918,2025-03-03,2025-03-03,711,R3,False,CREDIT_BUREAU
CUST-102141,2025-03-03,2025-03-03,693,R4,False,CREDIT_BUREAU
CUST-103952,2025-03-03,2025-03-03,643,R5,False,CREDIT_BUREAU
CUST-104300,2025-03-03,2025-03-03,741,R2,False,CREDIT_BUREAU
CUST-103787,2025-03-03,2025-03-03,596,R6,False,CREDIT_BUREAU
CUST-102322,2025-03-03,2025-03-03,606,R6,False,CREDIT_BUREAU
CUST-100024,2025-03-03,2025-03-03,679,R4,False,CREDIT_BUREAU
CUST-102720,2025-03-03,2025-03-03,605,R6,False,CREDIT_BUREAU
CUST-102703,2025-03-03,2025-03-03,658,R5,False,CREDIT_BUREAU
CUST-103992,2025-03-03,2025-03-03,628,R5,False,CREDIT_BUREAU
CUST-107504,2025-03-03,2025-03-03,619,R6,False,CREDIT_BUREAU
CUST-103290,2025-03-03,2025-03-03,696,R4,False,CREDIT_BUREAU
CUST-105273,2025-03-03,2025-03-03,622,R5,False,CREDIT_BUREAU
CUST-102352,2025-03-03,2025-03-03,631,R5,False,CREDIT_BUREAU
CUST-100377,2025-03-03,2025-03-03,672,R4,False,CREDIT_BUREAU
CUST-100883,2025-03-03,2025-03-03,825,R1,False,CREDIT_BUREAU
CUST-104186,2025-03-03,2025-03-03,671,R4,False,CREDIT_BUREAU
CUST-107449,2025-03-03,2025-03-03,632,R5,False,CREDIT_BUREAU
CUST-103028,2025-03-03,2025-03-03,655,R5,False,CREDIT_BUREAU
CUST-106538,2025-03-03,2025-03-03,804,R1,False,CREDIT_BUREAU
CUST-104071,2025-03-03,2025-03-03,812,R1,False,CREDIT_BUREAU
CUST-107792,2025-03-03,2025-03-03,740,R2,False,CREDIT_BUREAU
CUST-106368,2025-03-03,2025-03-03,737,R3,False,CREDIT_BUREAU
CUST-105364,2025-03-03,2025-03-03,680,R4,False,CREDIT_BUREAU
CUST-105760,2025-03-03,2025-03-03,760,R2,False,CREDIT_BUREAU
CUST-103152,2025-03-03,2025-03-03,768,R2,False,CREDIT_BUREAU
CUST-104161,2025-03-03,2025-03-03,602,R6,False,CREDIT_BUREAU
CUST-105783,2025-03-03,2025-03-03,579,R7,False,CREDIT_BUREAU
CUST-102903,2025-03-03,2025-03-03,675,R4,False,CREDIT_BUREAU
CUST-102085,2025-03-03,2025-03-03,764,R2,False,CREDIT_BUREAU
CUST-105984,2025-03-03,2025-03-03,630,R5,False,CREDIT_BUREAU
CUST-104202,2025-03-03,2025-03-03,698,R4,False,CREDIT_BUREAU
CUST-103766,2025-03-03,2025-03-03,729,R3,False,CREDIT_BUREAU
CUST-106963,2025-03-03,2025-03-03,723,R3,False,CREDIT_BUREAU
CUST-106996,2025-03-03,2025-03-03,740,R2,False,CREDIT_BUREAU
CUST-100585,2025-03-03,2025-03-03,737,R3,False,CREDIT_BUREAU
CUST-107721,2025-03-03,2025-03-03,616,R6,False,CREDIT_BUREAU
CUST-103214,2025-03-03,2025-03-03,603,R6,False,CREDIT_BUREAU
CUST-107636,2025-03-03,2025-03-03,750,R2,False,CREDIT_BUREAU
CUST-102011,2025-03-03,2025-03-03,592,R6,False,CREDIT_BUREAU
CUST-101423,2025-03-03,2025-03-03,661,R4,False,CREDIT_BUREAU
CUST-103561,2025-03-03,2025-03-03,620,R5,False,CREDIT_BUREAU
CUST-107022,2025-03-03,2025-03-03,698,R4,False,CREDIT_BUREAU
CUST-103469,2025-03-03,2025-03-03,805,R1,False,CREDIT_BUREAU
CUST-105834,2025-03-03,2025-03-03,662,R4,False,CREDIT_BUREAU
CUST-100170,2025-03-03,2025-03-03,756,R2,False,CREDIT_BUREAU
CUST-103780,2025-03-03,2025-03-03,752,R2,False,CREDIT_BUREAU
CUST-103706,2025-03-03,2025-03-03,664,R4,False,CREDIT_BUREAU
CUST-101626,2025-03-03,2025-03-03,696,R4,False,CREDIT_BUREAU
CUST-104525,2025-03-03,2025-03-03,699,R4,False,CREDIT_BUREAU
CUST-105886,2025-03-03,2025-03-03,812,R1,False,CREDIT_BUREAU
CUST-104615,2025-03-03,2025-03-03,683,R4,False,CREDIT_BUREAU
CUST-100323,2025-03-03,2025-03-03,795,R1,False,CREDIT_BUREAU
CUST-102767,2025-03-03,2025-03-03,697,R4,False,CREDIT_BUREAU
CUST-107554,2025-03-03,2025-03-03,682,R4,False,CREDIT_BUREAU
CUST-106339,2025-03-03,2025-03-03,645,R5,False,CREDIT_BUREAU
CUST-103506,2025-03-03,2025-03-03,631,R5,False,CREDIT_BUREAU
CUST-102699,2025-03-03,2025-03-03,743,R2,False,CREDIT_BUREAU
CUST-107076,2025-03-03,2025-03-03,589,R6,False,CREDIT_BUREAU
CUST-101647,2025-03-03,2025-03-03,705,R3,False,CREDIT_BUREAU
CUST-104956,2025-03-03,2025-03-03,628,R5,False,CREDIT_BUREAU
CUST-104148,2025-03-03,2025-03-03,753,R2,False,CREDIT_BUREAU
CUST-107753,2025-03-03,2025-03-03,643,R5,False,CREDIT_BUREAU
CUST-106360,2025-03-03,2025-03-03,726,R3,False,CREDIT_BUREAU
CUST-105901,2025-03-03,2025-03-03,687,R4,False,CREDIT_BUREAU
CUST-105189,2025-03-03,2025-03-03,819,R1,False,CREDIT_BUREAU
CUST-103759,2025-03-03,2025-03-03,728,R3,False,CREDIT_BUREAU
CUST-107699,2025-03-03,2025-03-03,829,R1,False,CREDIT_BUREAU
CUST-104246,2025-03-03,2025-03-03,840,R1,False,CREDIT_BUREAU
CUST-100485,2025-03-03,2025-03-03,663,R4,False,CREDIT_BUREAU
CUST-100638,2025-03-03,2025-03-03,578,R7,False,CREDIT_BUREAU
CUST-105199,2025-03-03,2025-03-03,670,R4,False,CREDIT_BUREAU
CUST-106924,2025-03-03,2025-03-03,802,R1,False,CREDIT_BUREAU
CUST-102694,2025-03-03,2025-03-03,622,R5,False,CREDIT_BUREAU
CUST-106817,2025-03-03,2025-03-03,600,R6,False,CREDIT_BUREAU
CUST-105654,2025-03-03,2025-03-03,644,R5,False,CREDIT_BUREAU
CUST-100673,2025-03-03,2025-03-03,737,R3,False,CREDIT_BUREAU
CUST-102833,2025-03-03,2025-03-03,695,R4,False,CREDIT_BUREAU
CUST-107016,2025-03-03,2025-03-03,724,R3,False,CREDIT_BUREAU
CUST-101398,2025-03-03,2025-03-03,660,R4,False,CREDIT_BUREAU
CUST-100907,2025-03-03,2025-03-03,596,R6,False,CREDIT_BUREAU
CUST-100005,2025-03-03,2025-03-03,599,R6,False,CREDIT_BUREAU
CUST-106990,2025-03-03,2025-03-03,676,R4,False,CREDIT_BUREAU
CUST-105120,2025-03-03,2025-03-03,766,R2,False,CREDIT_BUREAU
CUST-100695,2025-03-03,2025-03-03,773,R2,False,CREDIT_BUREAU
CUST-102269,2025-03-03,2025-03-03,750,R2,False,CREDIT_BUREAU
CUST-101546,2025-03-03,2025-03-03,651,R5,False,CREDIT_BUREAU
CUST-102440,2025-03-03,2025-03-03,690,R4,False,CREDIT_BUREAU
CUST-107621,2025-03-03,2025-03-03,758,R2,False,CREDIT_BUREAU
CUST-104050,2025-03-03,2025-03-03,743,R2,False,CREDIT_BUREAU
CUST-100910,2025-03-03,2025-03-03,752,R2,False,CREDIT_BUREAU
CUST-101058,2025-03-03,2025-03-03,752,R2,False,CREDIT_BUREAU
CUST-105510,2025-03-03,2025-03-03,674,R4,False,CREDIT_BUREAU
CUST-106264,2025-03-03,2025-03-03,752,R2,False,CREDIT_BUREAU
CUST-104385,2025-03-03,2025-03-03,605,R6,False,CREDIT_BUREAU
CUST-106278,2025-03-03,2025-03-03,666,R4,False,CREDIT_BUREAU
CUST-102450,2025-03-03,2025-03-03,774,R2,False,CREDIT_BUREAU
CUST-106580,2025-03-03,2025-03-03,632,R5,False,CREDIT_BUREAU
CUST-107199,2025-03-03,2025-03-03,692,R4,False,CREDIT_BUREAU
CUST-103144,2025-03-03,2025-03-03,716,R3,False,CREDIT_BUREAU
CUST-105309,2025-03-03,2025-03-03,719,R3,False,CREDIT_BUREAU
CUST-102198,2025-03-03,2025-03-03,699,R4,False,CREDIT_BUREAU
CUST-103188,2025-03-03,2025-03-03,755,R2,False,CREDIT_BUREAU
CUST-104498,2025-03-03,2025-03-03,433,R7,False,CREDIT_BUREAU
CUST-100730,2025-03-03,2025-03-03,750,R2,False,CREDIT_BUREAU
CUST-105283,2025-03-03,2025-03-03,751,R2,False,CREDIT_BUREAU
CUST-106834,2025-03-03,2025-03-03,685,R4,False,CREDIT_BUREAU
CUST-107877,2025-03-03,2025-03-03,705,R3,False,CREDIT_BUREAU
CUST-107960,2025-03-03,2025-03-03,680,R4,False,CREDIT_BUREAU
CUST-103651,2025-03-03,2025-03-03,590,R6,False,CREDIT_BUREAU
CUST-103987,2025-03-03,2025-03-03,758,R2,False,CREDIT_BUREAU
CUST-102002,2025-03-03,2025-03-03,693,R4,False,CREDIT_BUREAU
CUST-100356,2025-03-03,2025-03-03,766,R2,False,CREDIT_BUREAU
CUST-107151,2025-03-03,2025-03-03,713,R3,False,CREDIT_BUREAU
CUST-101928,2025-03-03,2025-03-03,679,R4,False,CREDIT_BUREAU
CUST-105663,2025-03-03,2025-03-03,660,R4,False,CREDIT_BUREAU
CUST-106847,2025-03-03,2025-03-03,745,R2,False,CREDIT_BUREAU
CUST-105614,2025-03-03,2025-03-03,824,R1,False,CREDIT_BUREAU
CUST-107615,2025-03-03,2025-03-03,740,R2,False,CREDIT_BUREAU
CUST-107023,2025-03-03,2025-03-03,662,R4,False,CREDIT_BUREAU
CUST-107894,2025-03-03,2025-03-03,743,R2,False,CREDIT_BUREAU
CUST-107683,2025-03-03,2025-03-03,652,R5,False,CREDIT_BUREAU
CUST-104910,2025-03-03,2025-03-03,788,R1,False,CREDIT_BUREAU
CUST-106487,2025-03-03,2025-03-03,771,R2,False,CREDIT_BUREAU
CUST-107114,2025-03-03,2025-03-03,695,R4,False,CREDIT_BUREAU
CUST-104782,2025-03-03,2025-03-03,621,R5,False,CREDIT_BUREAU
CUST-105234,2025-03-03,2025-03-03,761,R2,False,CREDIT_BUREAU
CUST-107867,2025-03-03,2025-03-03,631,R5,False,CREDIT_BUREAU
CUST-103107,2025-03-03,2025-03-03,771,R2,False,CREDIT_BUREAU
CUST-104870,2025-03-03,2025-03-03,735,R3,False,CREDIT_BUREAU
CUST-104780,2025-03-03,2025-03-03,622,R5,False,CREDIT_BUREAU
CUST-100742,2025-03-03,2025-03-03,662,R4,False,CREDIT_BUREAU
CUST-106860,2025-03-03,2025-03-03,717,R3,False,CREDIT_BUREAU
CUST-101536,2025-03-03,2025-03-03,693,R4,False,CREDIT_BUREAU
CUST-106656,2025-03-03,2025-03-03,699,R4,False,CREDIT_BUREAU
CUST-100547,2025-03-03,2025-03-03,674,R4,False,CREDIT_BUREAU
CUST-106204,2025-03-03,2025-03-03,767,R2,False,CREDIT_BUREAU
CUST-100136,2025-03-03,2025-03-03,756,R2,False,CREDIT_BUREAU
CUST-106839,2025-03-03,2025-03-03,713,R3,False,CREDIT_BUREAU
CUST-101683,2025-03-03,2025-03-03,626,R5,False,CREDIT_BUREAU
CUST-102001,2025-03-03,2025-03-03,712,R3,False,CREDIT_BUREAU
CUST-100788,2025-03-03,2025-03-03,678,R4,False,CREDIT_BUREAU
CUST-103675,2025-03-03,2025-03-03,618,R6,False,CREDIT_BUREAU
CUST-106489,2025-03-03,2025-03-03,667,R4,False,CREDIT_BUREAU
CUST-101761,2025-03-03,2025-03-03,740,R2,False,CREDIT_BUREAU
CUST-101794,2025-03-03,2025-03-03,642,R5,False,CREDIT_BUREAU
CUST-107848,2025-03-03,2025-03-03,716,R3,False,CREDIT_BUREAU
CUST-105657,2025-03-03,2025-03-03,676,R4,False,CREDIT_BUREAU
CUST-106436,2025-03-03,2025-03-03,598,R6,False,CREDIT_BUREAU
CUST-101142,2025-03-03,2025-03-03,816,R1,False,CREDIT_BUREAU
CUST-104725,2025-03-03,2025-03-03,711,R3,False,CREDIT_BUREAU
CUST-105872,2025-03-03,2025-03-03,598,R6,False,CREDIT_BUREAU
CUST-102615,2025-03-03,2025-03-03,592,R6,False,CREDIT_BUREAU
CUST-101582,2025-03-03,2025-03-03,724,R3,False,CREDIT_BUREAU
CUST-106414,2025-03-03,2025-03-03,722,R3,False,CREDIT_BUREAU
CUST-100897,2025-03-03,2025-03-03,815,R1,False,CREDIT_BUREAU
CUST-103110,2025-03-03,2025-03-03,696,R4,False,CREDIT_BUREAU
CUST-105547,2025-03-03,2025-03-03,713,R3,False,CREDIT_BUREAU
CUST-104587,2025-03-03,2025-03-03,631,R5,False,CREDIT_BUREAU
CUST-104595,2025-03-03,2025-03-03,838,R1,False,CREDIT_BUREAU
CUST-103599,2025-03-03,2025-03-03,712,R3,False,CREDIT_BUREAU
CUST-102848,2025-03-03,2025-03-03,670,R4,False,CREDIT_BUREAU
CUST-101834,2025-03-03,2025-03-03,663,R4,False,CREDIT_BUREAU
CUST-105933,2025-03-03,2025-03-03,709,R3,False,CREDIT_BUREAU
CUST-100039,2025-03-03,2025-03-03,669,R4,False,CREDIT_BUREAU
CUST-102290,2025-03-03,2025-03-03,648,R5,False,CREDIT_BUREAU
CUST-102205,2025-03-03,2025-03-03,763,R2,False,CREDIT_BUREAU
CUST-107557,2025-03-03,2025-03-03,683,R4,False,CREDIT_BUREAU
CUST-101705,2025-03-03,2025-03-03,742,R2,False,CREDIT_BUREAU
CUST-101697,2025-03-03,2025-03-03,770,R2,False,CREDIT_BUREAU
CUST-100334,2025-03-03,2025-03-03,768,R2,False,CREDIT_BUREAU
CUST-102489,2025-03-03,2025-03-03,756,R2,False,CREDIT_BUREAU
CUST-101968,2025-03-03,2025-03-03,572,R7,False,CREDIT_BUREAU
CUST-106878,2025-03-03,2025-03-03,633,R5,False,CREDIT_BUREAU
CUST-106879,2025-03-03,2025-03-03,747,R2,False,CREDIT_BUREAU
CUST-106751,2025-03-03,2025-03-03,771,R2,False,CREDIT_BUREAU
CUST-102391,2025-03-03,2025-03-03,721,R3,False,CREDIT_BUREAU
CUST-101919,2025-03-03,2025-03-03,765,R2,False,CREDIT_BUREAU
CUST-101213,2025-03-03,2025-03-03,749,R2,False,CREDIT_BUREAU
CUST-106411,2025-03-03,2025-03-03,671,R4,False,CREDIT_BUREAU
CUST-105667,2025-03-03,2025-03-03,760,R2,False,CREDIT_BUREAU
CUST-100954,2025-03-03,2025-03-03,773,R2,False,CREDIT_BUREAU
CUST-106906,2025-03-03,2025-03-03,582,R6,False,CREDIT_BUREAU
CUST-107661,2025-03-03,2025-03-03,694,R4,False,CREDIT_BUREAU
CUST-100117,2025-03-03,2025-03-03,647,R5,False,CREDIT_BUREAU
CUST-103043,2025-03-03,2025-03-03,690,R4,False,CREDIT_BUREAU
CUST-106919,2025-03-03,2025-03-03,663,R4,False,CREDIT_BUREAU
CUST-102245,2025-03-03,2025-03-03,723,R3,False,CREDIT_BUREAU
CUST-107639,2025-03-03,2025-03-03,742,R2,False,CREDIT_BUREAU
CUST-103249,2025-03-03,2025-03-03,755,R2,False,CREDIT_BUREAU
CUST-104873,2025-03-03,2025-03-03,686,R4,False,CREDIT_BUREAU
CUST-104201,2025-03-03,2025-03-03,624,R5,False,CREDIT_BUREAU
CUST-101648,2025-03-03,2025-03-03,674,R4,False,CREDIT_BUREAU
CUST-101097,2025-03-03,2025-03-03,767,R2,False,CREDIT_BUREAU
CUST-105988,2025-03-03,2025-03-03,693,R4,False,CREDIT_BUREAU
CUST-104770,2025-03-03,2025-03-03,636,R5,False,CREDIT_BUREAU
CUST-107963,2025-03-03,2025-03-03,643,R5,False,CREDIT_BUREAU
CUST-100650,2025-03-03,2025-03-03,722,R3,False,CREDIT_BUREAU
CUST-102934,2025-03-03,2025-03-03,769,R2,False,CREDIT_BUREAU
CUST-105111,2025-03-03,2025-03-03,741,R2,False,CREDIT_BUREAU
CUST-106900,2025-03-03,2025-03-03,596,R6,False,CREDIT_BUREAU
CUST-104473,2025-03-03,2025-03-03,772,R2,False,CREDIT_BUREAU
CUST-102676,2025-03-03,2025-03-03,799,R1,False,CREDIT_BUREAU
CUST-107157,2025-03-03,2025-03-03,642,R5,False,CREDIT_BUREAU
CUST-107241,2025-03-03,2025-03-03,672,R4,False,CREDIT_BUREAU
CUST-106031,2025-03-03,2025-03-03,750,R2,False,CREDIT_BUREAU
CUST-101629,2025-03-03,2025-03-03,707,R3,False,CREDIT_BUREAU
CUST-103185,2025-03-03,2025-03-03,763,R2,False,CREDIT_BUREAU
CUST-102797,2025-03-03,2025-03-03,766,R2,False,CREDIT_BUREAU
CUST-105850,2025-03-03,2025-03-03,721,R3,False,CREDIT_BUREAU
CUST-105796,2025-03-03,2025-03-03,756,R2,False,CREDIT_BUREAU
CUST-106735,2025-03-03,2025-03-03,717,R3,False,CREDIT_BUREAU
CUST-106843,2025-03-03,2025-03-03,718,R3,False,CREDIT_BUREAU
CUST-106716,2025-03-03,2025-03-03,586,R6,False,CREDIT_BUREAU
CUST-101011,2025-03-03,2025-03-03,772,R2,False,CREDIT_BUREAU
CUST-100399,2025-03-03,2025-03-03,835,R1,False,CREDIT_BUREAU
CUST-105022,2025-03-03,2025-03-03,695,R4,False,CREDIT_BUREAU
CUST-100903,2025-03-03,2025-03-03,676,R4,False,CREDIT_BUREAU
CUST-103880,2025-03-03,2025-03-03,827,R1,False,CREDIT_BUREAU
CUST-105791,2025-03-03,2025-03-03,632,R5,False,CREDIT_BUREAU
CUST-102697,2025-03-03,2025-03-03,638,R5,False,CREDIT_BUREAU
CUST-100090,2025-03-03,2025-03-03,633,R5,False,CREDIT_BUREAU
CUST-101199,2025-03-03,2025-03-03,745,R2,False,CREDIT_BUREAU
CUST-104917,2025-03-03,2025-03-03,800,R1,False,CREDIT_BUREAU
CUST-104612,2025-03-03,2025-03-03,691,R4,False,CREDIT_BUREAU
CUST-104028,2025-03-03,2025-03-03,686,R4,False,CREDIT_BUREAU
CUST-101040,2025-03-03,2025-03-03,687,R4,False,CREDIT_BUREAU
CUST-107409,2025-03-03,2025-03-03,726,R3,False,CREDIT_BUREAU
CUST-102938,2025-03-03,2025-03-03,765,R2,False,CREDIT_BUREAU
CUST-105990,2025-03-03,2025-03-03,770,R2,False,CREDIT_BUREAU
CUST-105363,2025-03-03,2025-03-03,595,R6,False,CREDIT_BUREAU
CUST-107734,2025-03-03,2025-03-03,631,R5,False,CREDIT_BUREAU
CUST-102683,2025-03-03,2025-03-03,618,R6,False,CREDIT_BUREAU
CUST-101942,2025-03-03,2025-03-03,705,R3,False,CREDIT_BUREAU
CUST-102891,2025-03-03,2025-03-03,600,R6,False,CREDIT_BUREAU
CUST-105664,2025-03-03,2025-03-03,445,R7,False,CREDIT_BUREAU
CUST-100565,2025-03-03,2025-03-03,602,R6,False,CREDIT_BUREAU
CUST-101621,2025-03-03,2025-03-03,715,R3,False,CREDIT_BUREAU
CUST-100370,2025-03-03,2025-03-03,701,R3,False,CREDIT_BUREAU
CUST-106830,2025-03-03,2025-03-03,627,R5,False,CREDIT_BUREAU
CUST-105741,2025-03-03,2025-03-03,719,R3,False,CREDIT_BUREAU
CUST-106172,2025-03-03,2025-03-03,772,R2,False,CREDIT_BUREAU
CUST-101056,2025-03-03,2025-03-03,826,R1,False,CREDIT_BUREAU
CUST-106127,2025-03-03,2025-03-03,689,R4,False,CREDIT_BUREAU
CUST-105567,2025-03-03,2025-03-03,646,R5,False,CREDIT_BUREAU
CUST-103075,2025-03-03,2025-03-03,691,R4,False,CREDIT_BUREAU
CUST-107148,2025-03-03,2025-03-03,813,R1,False,CREDIT_BUREAU
CUST-100294,2025-03-03,2025-03-03,788,R1,False,CREDIT_BUREAU
CUST-104251,2025-03-03,2025-03-03,695,R4,False,CREDIT_BUREAU
CUST-102558,2025-03-03,2025-03-03,804,R1,False,CREDIT_BUREAU
CUST-106020,2025-03-03,2025-03-03,448,R7,False,CREDIT_BUREAU
CUST-106385,2025-03-03,2025-03-03,646,R5,False,CREDIT_BUREAU
CUST-100982,2025-03-03,2025-03-03,599,R6,False,CREDIT_BUREAU
CUST-105828,2025-03-03,2025-03-03,687,R4,False,CREDIT_BUREAU
CUST-106828,2025-03-03,2025-03-03,721,R3,False,CREDIT_BUREAU
CUST-101151,2025-03-03,2025-03-03,767,R2,False,CREDIT_BUREAU
CUST-102968,2025-03-03,2025-03-03,700,R3,False,CREDIT_BUREAU
CUST-103878,2025-03-03,2025-03-03,817,R1,False,CREDIT_BUREAU
CUST-105517,2025-03-03,2025-03-03,703,R3,False,CREDIT_BUREAU
CUST-106135,2025-03-03,2025-03-03,590,R6,False,CREDIT_BUREAU
CUST-106893,2025-03-03,2025-03-03,819,R1,False,CREDIT_BUREAU
CUST-107787,2025-03-03,2025-03-03,662,R4,False,CREDIT_BUREAU
CUST-101675,2025-03-03,2025-03-03,770,R2,False,CREDIT_BUREAU
CUST-100243,2025-03-03,2025-03-03,629,R5,False,CREDIT_BUREAU
CUST-101464,2025-03-03,2025-03-03,721,R3,False,CREDIT_BUREAU
CUST-100282,2025-03-03,2025-03-03,642,R5,False,CREDIT_BUREAU
CUST-103707,2025-03-03,2025-03-03,705,R3,False,CREDIT_BUREAU
CUST-103056,2025-03-03,2025-03-03,650,R5,False,CREDIT_BUREAU
CUST-101083,2025-03-03,2025-03-03,705,R3,False,CREDIT_BUREAU
CUST-104227,2025-03-03,2025-03-03,635,R5,False,CREDIT_BUREAU
CUST-105858,2025-03-03,2025-03-03,699,R4,False,CREDIT_BUREAU
CUST-101535,2025-03-03,2025-03-03,722,R3,False,CREDIT_BUREAU
CUST-103734,2025-03-03,2025-03-03,812,R1,False,CREDIT_BUREAU
CUST-104437,2025-03-03,2025-03-03,679,R4,False,CREDIT_BUREAU
CUST-103196,2025-03-03,2025-03-03,753,R2,False,CREDIT_BUREAU
CUST-102913,2025-03-03,2025-03-03,754,R2,False,CREDIT_BUREAU
CUST-107571,2025-03-03,2025-03-03,685,R4,False,CREDIT_BUREAU
CUST-107482,2025-03-03,2025-03-03,721,R3,False,CREDIT_BUREAU
CUST-106142,2025-03-03,2025-03-03,816,R1,False,CREDIT_BUREAU
CUST-101312,2025-03-03,2025-03-03,719,R3,False,CREDIT_BUREAU
CUST-106981,2025-03-03,2025-03-03,818,R1,False,CREDIT_BUREAU
CUST-104012,2025-03-03,2025-03-03,766,R2,False,CREDIT_BUREAU
CUST-105505,2025-03-03,2025-03-03,695,R4,False,CREDIT_BUREAU
CUST-100385,2025-03-03,2025-03-03,704,R3,False,CREDIT_BUREAU
CUST-101494,2025-03-03,2025-03-03,748,R2,False,CREDIT_BUREAU
CUST-104112,2025-03-03,2025-03-03,686,R4,False,CREDIT_BUREAU
CUST-107969,2025-03-03,2025-03-03,642,R5,False,CREDIT_BUREAU
CUST-106111,2025-03-03,2025-03-03,845,R1,False,CREDIT_BUREAU
CUST-105277,2025-03-03,2025-03-03,671,R4,False,CREDIT_BUREAU
CUST-102066,2025-03-03,2025-03-03,614,R6,False,CREDIT_BUREAU
CUST-106691,2025-03-03,2025-03-03,758,R2,False,CREDIT_BUREAU
CUST-107062,2025-03-03,2025-03-03,764,R2,False,CREDIT_BUREAU
CUST-101179,2025-03-03,2025-03-03,646,R5,False,CREDIT_BUREAU
CUST-103834,2025-03-03,2025-03-03,799,R1,False,CREDIT_BUREAU
CUST-100536,2025-03-03,2025-03-03,683,R4,False,CREDIT_BUREAU
CUST-100862,2025-03-03,2025-03-03,681,R4,False,CREDIT_BUREAU
CUST-101984,2025-03-03,2025-03-03,777,R2,False,CREDIT_BUREAU
CUST-105190,2025-03-03,2025-03-03,636,R5,False,CREDIT_BUREAU
CUST-107654,2025-03-03,2025-03-03,661,R4,False,CREDIT_BUREAU
CUST-101555,2025-03-03,2025-03-03,650,R5,False,CREDIT_BUREAU
CUST-103053,2025-03-03,2025-03-03,754,R2,False,CREDIT_BUREAU
CUST-102298,2025-03-03,2025-03-03,596,R6,False,CREDIT_BUREAU
CUST-107123,2025-03-03,2025-03-03,663,R4,False,CREDIT_BUREAU
CUST-104266,2025-03-03,2025-03-03,728,R3,False,CREDIT_BUREAU
CUST-104781,2025-03-03,2025-03-03,681,R4,False,CREDIT_BUREAU
CUST-101615,2025-03-03,2025-03-03,648,R5,False,CREDIT_BUREAU
CUST-105814,2025-03-03,2025-03-03,614,R6,False,CREDIT_BUREAU
CUST-105091,2025-03-03,2025-03-03,730,R3,False,CREDIT_BUREAU
CUST-100621,2025-03-03,2025-03-03,744,R2,False,CREDIT_BUREAU
CUST-101037,2025-03-03,2025-03-03,826,R1,False,CREDIT_BUREAU
CUST-100061,2025-03-03,2025-03-03,829,R1,False,CREDIT_BUREAU
CUST-101112,2025-03-03,2025-03-03,714,R3,False,CREDIT_BUREAU
CUST-100471,2025-03-03,2025-03-03,685,R4,False,CREDIT_BUREAU
CUST-103941,2025-03-03,2025-03-03,765,R2,False,CREDIT_BUREAU
CUST-100980,2025-03-03,2025-03-03,690,R4,False,CREDIT_BUREAU
CUST-103717,2025-03-03,2025-03-03,733,R3,False,CREDIT_BUREAU
CUST-104855,2025-03-03,2025-03-03,716,R3,False,CREDIT_BUREAU
CUST-103401,2025-03-03,2025-03-03,678,R4,False,CREDIT_BUREAU
CUST-100047,2025-03-03,2025-03-03,631,R5,False,CREDIT_BUREAU
CUST-100662,2025-03-03,2025-03-03,639,R5,False,CREDIT_BUREAU
CUST-106608,2025-03-03,2025-03-03,441,R7,False,CREDIT_BUREAU
CUST-107247,2025-03-03,2025-03-03,678,R4,False,CREDIT_BUREAU
CUST-100100,2025-03-03,2025-03-03,670,R4,False,CREDIT_BUREAU
CUST-107671,2025-03-03,2025-03-03,682,R4,False,CREDIT_BUREAU
CUST-102871,2025-03-03,2025-03-03,671,R4,False,CREDIT_BUREAU
CUST-102858,2025-03-03,2025-03-03,815,R1,False,CREDIT_BUREAU
CUST-105942,2025-03-03,2025-03-03,772,R2,False,CREDIT_BUREAU
CUST-104113,2025-03-03,2025-03-03,606,R6,False,CREDIT_BUREAU
CUST-102338,2025-03-03,2025-03-03,822,R1,False,CREDIT_BUREAU
CUST-103195,2025-03-03,2025-03-03,676,R4,False,CREDIT_BUREAU
CUST-107679,2025-03-03,2025-03-03,621,R5,False,CREDIT_BUREAU
CUST-101526,2025-03-03,2025-03-03,641,R5,False,CREDIT_BUREAU
CUST-103490,2025-03-03,2025-03-03,736,R3,False,CREDIT_BUREAU
CUST-103982,2025-03-03,2025-03-03,822,R1,False,CREDIT_BUREAU
CUST-100821,2025-03-03,2025-03-03,725,R3,False,CREDIT_BUREAU
CUST-106165,2025-03-03,2025-03-03,671,R4,False,CREDIT_BUREAU
CUST-102736,2025-03-03,2025-03-03,808,R1,False,CREDIT_BUREAU
CUST-106209,2025-03-03,2025-03-03,830,R1,False,CREDIT_BUREAU
CUST-101435,2025-03-03,2025-03-03,669,R4,False,CREDIT_BUREAU
CUST-103843,2025-03-03,2025-03-03,650,R5,False,CREDIT_BUREAU
CUST-105638,2025-03-03,2025-03-03,634,R5,False,CREDIT_BUREAU
CUST-106557,2025-03-03,2025-03-03,660,R4,False,CREDIT_BUREAU
CUST-107772,2025-03-03,2025-03-03,713,R3,False,CREDIT_BUREAU
CUST-107306,2025-03-03,2025-03-03,628,R5,False,CREDIT_BUREAU
CUST-107358,2025-03-03,2025-03-03,650,R5,False,CREDIT_BUREAU
CUST-102174,2025-03-03,2025-03-03,772,R2,False,CREDIT_BUREAU
CUST-106021,2025-03-03,2025-03-03,669,R4,False,CREDIT_BUREAU
CUST-104982,2025-03-03,2025-03-03,627,R5,False,CREDIT_BUREAU
CUST-104237,2025-03-03,2025-03-03,642,R5,False,CREDIT_BUREAU
CUST-107856,2025-03-03,2025-03-03,807,R1,False,CREDIT_BUREAU
CUST-101237,2025-03-03,2025-03-03,706,R3,False,CREDIT_BUREAU
CUST-101939,2025-03-03,2025-03-03,658,R5,False,CREDIT_BUREAU
CUST-101985,2025-03-03,2025-03-03,750,R2,False,CREDIT_BUREAU
CUST-100786,2025-03-03,2025-03-03,778,R2,False,CREDIT_BUREAU
CUST-103328,2025-03-03,2025-03-03,695,R4,False,CREDIT_BUREAU
CUST-101853,2025-03-03,2025-03-03,633,R5,False,CREDIT_BUREAU
CUST-104695,2025-03-03,2025-03-03,687,R4,False,CREDIT_BUREAU
CUST-104337,2025-03-03,2025-03-03,731,R3,False,CREDIT_BUREAU
CUST-103272,2025-03-03,2025-03-03,751,R2,False,CREDIT_BUREAU
CUST-107481,2025-03-03,2025-03-03,597,R6,False,CREDIT_BUREAU
CUST-104149,2025-03-03,2025-03-03,635,R5,False,CREDIT_BUREAU
CUST-102491,2025-03-03,2025-03-03,694,R4,False,CREDIT_BUREAU
CUST-100712,2025-03-03,2025-03-03,640,R5,False,CREDIT_BUREAU
CUST-106442,2025-03-03,2025-03-03,630,R5,False,CREDIT_BUREAU
CUST-105576,2025-03-03,2025-03-03,454,R7,False,CREDIT_BUREAU
CUST-103341,2025-03-03,2025-03-03,823,R1,False,CREDIT_BUREAU
CUST-107634,2025-03-03,2025-03-03,724,R3,False,CREDIT_BUREAU
CUST-107054,2025-03-03,2025-03-03,660,R4,False,CREDIT_BUREAU
CUST-107269,2025-03-03,2025-03-03,660,R4,False,CREDIT_BUREAU
CUST-105090,2025-03-03,2025-03-03,598,R6,False,CREDIT_BUREAU
CUST-106410,2025-03-03,2025-03-03,698,R4,False,CREDIT_BUREAU
CUST-107324,2025-03-03,2025-03-03,625,R5,False,CREDIT_BUREAU
CUST-102890,2025-03-03,2025-03-03,768,R2,False,CREDIT_BUREAU
CUST-101603,2025-03-03,2025-03-03,664,R4,False,CREDIT_BUREAU
CUST-101075,2025-03-03,2025-03-03,707,R3,False,CREDIT_BUREAU
CUST-101716,2025-03-03,2025-03-03,673,R4,False,CREDIT_BUREAU
CUST-105116,2025-03-03,2025-03-03,704,R3,False,CREDIT_BUREAU
CUST-102557,2025-03-03,2025-03-03,748,R2,False,CREDIT_BUREAU
CUST-103911,2025-03-03,2025-03-03,600,R6,False,CREDIT_BUREAU
CUST-101297,2025-03-03,2025-03-03,698,R4,False,CREDIT_BUREAU
CUST-101813,2025-03-03,2025-03-03,763,R2,False,CREDIT_BUREAU
CUST-106220,2025-03-03,2025-03-03,764,R2,False,CREDIT_BUREAU
CUST-103981,2025-03-03,2025-03-03,761,R2,False,CREDIT_BUREAU
CUST-102668,2025-03-03,2025-03-03,687,R4,False,CREDIT_BUREAU
CUST-102185,2025-03-03,2025-03-03,736,R3,False,CREDIT_BUREAU
CUST-101009,2025-03-03,2025-03-03,815,R1,False,CREDIT_BUREAU
CUST-107777,2025-03-03,2025-03-03,678,R4,False,CREDIT_BUREAU
CUST-102958,2025-03-03,2025-03-03,797,R1,False,CREDIT_BUREAU
CUST-105069,2025-03-03,2025-03-03,726,R3,False,CREDIT_BUREAU
CUST-105977,2025-03-03,2025-03-03,710,R3,False,CREDIT_BUREAU
CUST-100873,2025-03-03,2025-03-03,814,R1,False,CREDIT_BUREAU
CUST-104812,2025-03-03,2025-03-03,674,R4,False,CREDIT_BUREAU
CUST-104248,2025-03-03,2025-03-03,754,R2,False,CREDIT_BUREAU
CUST-104392,2025-03-03,2025-03-03,666,R4,False,CREDIT_BUREAU
CUST-105819,2025-03-03,2025-03-03,743,R2,False,CREDIT_BUREAU
CUST-104639,2025-03-03,2025-03-03,825,R1,False,CREDIT_BUREAU
CUST-104255,2025-03-03,2025-03-03,646,R5,False,CREDIT_BUREAU
CUST-106922,2025-03-03,2025-03-03,750,R2,False,CREDIT_BUREAU
CUST-107051,2025-03-03,2025-03-03,606,R6,False,CREDIT_BUREAU
CUST-104857,2025-03-03,2025-03-03,669,R4,False,CREDIT_BUREAU
CUST-103121,2025-03-03,2025-03-03,734,R3,False,CREDIT_BUREAU
CUST-100115,2025-03-03,2025-03-03,748,R2,False,CREDIT_BUREAU
CUST-106493,2025-03-03,2025-03-03,749,R2,False,CREDIT_BUREAU
CUST-106719,2025-03-03,2025-03-03,769,R2,False,CREDIT_BUREAU
CUST-101543,2025-03-03,2025-03-03,705,R3,False,CREDIT_BUREAU
CUST-107290,2025-03-03,2025-03-03,615,R6,False,CREDIT_BUREAU
CUST-107652,2025-03-03,2025-03-03,640,R5,False,CREDIT_BUREAU
CUST-102208,2025-03-03,2025-03-03,615,R6,False,CREDIT_BUREAU
CUST-104105,2025-03-03,2025-03-03,615,R6,False,CREDIT_BUREAU
CUST-104866,2025-03-03,2025-03-03,650,R5,False,CREDIT_BUREAU
CUST-103164,2025-03-03,2025-03-03,715,R3,False,CREDIT_BUREAU
CUST-104403,2025-03-03,2025-03-03,792,R1,False,CREDIT_BUREAU
CUST-100201,2025-03-03,2025-03-03,405,R7,False,CREDIT_BUREAU
CUST-103768,2025-03-03,2025-03-03,633,R5,False,CREDIT_BUREAU
CUST-102271,2025-03-03,2025-03-03,663,R4,False,CREDIT_BUREAU
CUST-104753,2025-03-03,2025-03-03,817,R1,False,CREDIT_BUREAU
CUST-103855,2025-03-03,2025-03-03,768,R2,False,CREDIT_BUREAU
CUST-100411,2025-03-03,2025-03-03,675,R4,False,CREDIT_BUREAU
CUST-102408,2025-03-03,2025-03-03,596,R6,False,CREDIT_BUREAU
CUST-105305,2025-03-03,2025-03-03,760,R2,False,CREDIT_BUREAU
CUST-103296,2025-03-03,2025-03-03,612,R6,False,CREDIT_BUREAU
CUST-102645,2025-03-03,2025-03-03,627,R5,False,CREDIT_BUREAU
CUST-104005,2025-03-03,2025-03-03,800,R1,False,CREDIT_BUREAU
CUST-102021,2025-03-03,2025-03-03,759,R2,False,CREDIT_BUREAU
CUST-101316,2025-03-03,2025-03-03,748,R2,False,CREDIT_BUREAU
CUST-100800,2025-03-03,2025-03-03,760,R2,False,CREDIT_BUREAU
CUST-101499,2025-03-03,2025-03-03,762,R2,False,CREDIT_BUREAU
CUST-103332,2025-03-03,2025-03-03,647,R5,False,CREDIT_BUREAU
CUST-107572,2025-03-03,2025-03-03,630,R5,False,CREDIT_BUREAU
CUST-104465,2025-03-03,2025-03-03,656,R5,False,CREDIT_BUREAU
CUST-106978,2025-03-03,2025-03-03,759,R2,False,CREDIT_BUREAU
CUST-104598,2025-03-03,2025-03-03,691,R4,False,CREDIT_BUREAU
CUST-101388,2025-03-03,2025-03-03,741,R2,False,CREDIT_BUREAU
CUST-101012,2025-03-03,2025-03-03,650,R5,False,CREDIT_BUREAU
CUST-100951,2025-03-03,2025-03-03,820,R1,False,CREDIT_BUREAU
CUST-103273,2025-03-03,2025-03-03,833,R1,False,CREDIT_BUREAU
CUST-106642,2025-03-03,2025-03-03,806,R1,False,CREDIT_BUREAU
CUST-105908,2025-03-03,2025-03-03,663,R4,False,CREDIT_BUREAU
CUST-102769,2025-03-03,2025-03-03,695,R4,False,CREDIT_BUREAU
CUST-102452,2025-03-03,2025-03-03,714,R3,False,CREDIT_BUREAU
CUST-106684,2025-03-03,2025-03-03,704,R3,False,CREDIT_BUREAU
CUST-100438,2025-03-03,2025-03-03,678,R4,False,CREDIT_BUREAU
CUST-102923,2025-03-03,2025-03-03,707,R3,False,CREDIT_BUREAU
CUST-105344,2025-03-03,2025-03-03,684,R4,False,CREDIT_BUREAU
CUST-103010,2025-03-03,2025-03-03,730,R3,False,CREDIT_BUREAU
CUST-102957,2025-03-03,2025-03-03,744,R2,False,CREDIT_BUREAU
CUST-104569,2025-03-03,2025-03-03,652,R5,False,CREDIT_BUREAU
CUST-103326,2025-03-03,2025-03-03,621,R5,False,CREDIT_BUREAU
CUST-101440,2025-03-03,2025-03-03,776,R2,False,CREDIT_BUREAU
CUST-107401,2025-03-03,2025-03-03,649,R5,False,CREDIT_BUREAU
CUST-103045,2025-03-03,2025-03-03,738,R3,False,CREDIT_BUREAU
CUST-106667,2025-03-03,2025-03-03,733,R3,False,CREDIT_BUREAU
CUST-101408,2025-03-03,2025-03-03,727,R3,False,CREDIT_BUREAU
CUST-101686,2025-03-03,2025-03-03,755,R2,False,CREDIT_BUREAU
CUST-104594,2025-03-03,2025-03-03,671,R4,False,CREDIT_BUREAU
CUST-101062,2025-03-03,2025-03-03,588,R6,False,CREDIT_BUREAU
CUST-106653,2025-03-03,2025-03-03,766,R2,False,CREDIT_BUREAU
CUST-105720,2025-03-03,2025-03-03,603,R6,False,CREDIT_BUREAU
CUST-100578,2025-03-03,2025-03-03,810,R1,False,CREDIT_BUREAU
CUST-104909,2025-03-03,2025-03-03,768,R2,False,CREDIT_BUREAU
CUST-102752,2025-03-03,2025-03-03,664,R4,False,CREDIT_BUREAU
CUST-105721,2025-03-03,2025-03-03,812,R1,False,CREDIT_BUREAU
CUST-102507,2025-03-03,2025-03-03,696,R4,False,CREDIT_BUREAU
CUST-101766,2025-03-03,2025-03-03,420,R7,False,CREDIT_BUREAU
CUST-102262,2025-03-03,2025-03-03,668,R4,False,CREDIT_BUREAU
CUST-103409,2025-03-03,2025-03-03,806,R1,False,CREDIT_BUREAU
CUST-107768,2025-03-03,2025-03-03,672,R4,False,CREDIT_BUREAU
CUST-104565,2025-03-03,2025-03-03,813,R1,False,CREDIT_BUREAU
CUST-106292,2025-03-03,2025-03-03,740,R2,False,CREDIT_BUREAU
CUST-104316,2025-03-03,2025-03-03,823,R1,False,CREDIT_BUREAU
CUST-100576,2025-03-03,2025-03-03,664,R4,False,CREDIT_BUREAU
CUST-104556,2025-03-03,2025-03-03,707,R3,False,CREDIT_BUREAU
CUST-100962,2025-03-03,2025-03-03,710,R3,False,CREDIT_BUREAU
CUST-100552,2025-03-03,2025-03-03,751,R2,False,CREDIT_BUREAU
CUST-105581,2025-03-03,2025-03-03,824,R1,False,CREDIT_BUREAU
CUST-100212,2025-03-03,2025-03-03,761,R2,False,CREDIT_BUREAU
CUST-100273,2025-03-03,2025-03-03,629,R5,False,CREDIT_BUREAU
CUST-104138,2025-03-03,2025-03-03,742,R2,False,CREDIT_BUREAU
CUST-101580,2025-03-03,2025-03-03,754,R2,False,CREDIT_BUREAU
CUST-107156,2025-03-03,2025-03-03,718,R3,False,CREDIT_BUREAU
CUST-106413,2025-03-03,2025-03-03,450,R7,False,CREDIT_BUREAU
CUST-105671,2025-03-03,2025-03-03,641,R5,False,CREDIT_BUREAU
CUST-107771,2025-03-03,2025-03-03,710,R3,False,CREDIT_BUREAU
CUST-100852,2025-03-03,2025-03-03,690,R4,False,CREDIT_BUREAU
CUST-101419,2025-03-03,2025-03-03,729,R3,False,CREDIT_BUREAU
CUST-100434,2025-03-03,2025-03-03,618,R6,False,CREDIT_BUREAU
CUST-104564,2025-03-03,2025-03-03,825,R1,False,CREDIT_BUREAU
CUST-104702,2025-03-03,2025-03-03,676,R4,False,CREDIT_BUREAU
CUST-103789,2025-03-03,2025-03-03,613,R6,False,CREDIT_BUREAU
CUST-106397,2025-03-03,2025-03-03,634,R5,False,CREDIT_BUREAU
CUST-105823,2025-03-03,2025-03-03,715,R3,False,CREDIT_BUREAU
CUST-102424,2025-03-03,2025-03-03,636,R5,False,CREDIT_BUREAU
CUST-105753,2025-03-03,2025-03-03,663,R4,False,CREDIT_BUREAU
CUST-102986,2025-03-03,2025-03-03,675,R4,False,CREDIT_BUREAU
CUST-100833,2025-03-03,2025-03-03,795,R1,False,CREDIT_BUREAU
CUST-102037,2025-03-03,2025-03-03,597,R6,False,CREDIT_BUREAU
CUST-104610,2025-03-03,2025-03-03,715,R3,False,CREDIT_BUREAU
CUST-104846,2025-03-03,2025-03-03,715,R3,False,CREDIT_BUREAU
CUST-106984,2025-03-03,2025-03-03,599,R6,False,CREDIT_BUREAU
CUST-105451,2025-03-03,2025-03-03,719,R3,False,CREDIT_BUREAU
CUST-107003,2025-03-03,2025-03-03,641,R5,False,CREDIT_BUREAU
CUST-102802,2025-03-03,2025-03-03,811,R1,False,CREDIT_BUREAU
CUST-100521,2025-03-03,2025-03-03,622,R5,False,CREDIT_BUREAU
CUST-101915,2025-03-03,2025-03-03,712,R3,False,CREDIT_BUREAU
CUST-100586,2025-03-03,2025-03-03,585,R6,False,CREDIT_BUREAU
CUST-101876,2025-03-03,2025-03-03,680,R4,False,CREDIT_BUREAU
CUST-103977,2025-03-03,2025-03-03,744,R2,False,CREDIT_BUREAU
CUST-100921,2025-03-03,2025-03-03,662,R4,False,CREDIT_BUREAU
CUST-107242,2025-03-03,2025-03-03,675,R4,False,CREDIT_BUREAU
CUST-100086,2025-03-03,2025-03-03,696,R4,False,CREDIT_BUREAU
CUST-107061,2025-03-03,2025-03-03,638,R5,False,CREDIT_BUREAU
CUST-100992,2025-03-03,2025-03-03,775,R2,False,CREDIT_BUREAU
CUST-101771,2025-03-03,2025-03-03,613,R6,False,CREDIT_BUREAU
CUST-106349,2025-03-03,2025-03-03,824,R1,False,CREDIT_BUREAU
CUST-107853,2025-03-03,2025-03-03,775,R2,False,CREDIT_BUREAU
CUST-103551,2025-03-03,2025-03-03,719,R3,False,CREDIT_BUREAU
CUST-101039,2025-03-03,2025-03-03,674,R4,False,CREDIT_BUREAU
CUST-103176,2025-03-03,2025-03-03,743,R2,False,CREDIT_BUREAU
CUST-101066,2025-03-03,2025-03-03,665,R4,False,CREDIT_BUREAU
CUST-103008,2025-03-03,2025-03-03,731,R3,False,CREDIT_BUREAU
CUST-106274,2025-03-03,2025-03-03,703,R3,False,CREDIT_BUREAU
CUST-103102,2025-03-03,2025-03-03,698,R4,False,CREDIT_BUREAU
CUST-102774,2025-03-03,2025-03-03,660,R4,False,CREDIT_BUREAU
CUST-104810,2025-03-03,2025-03-03,749,R2,False,CREDIT_BUREAU
CUST-100310,2025-03-03,2025-03-03,654,R5,False,CREDIT_BUREAU
CUST-107912,2025-03-03,2025-03-03,750,R2,False,CREDIT_BUREAU
CUST-105711,2025-03-03,2025-03-03,729,R3,False,CREDIT_BUREAU
CUST-101073,2025-03-03,2025-03-03,724,R3,False,CREDIT_BUREAU
CUST-107368,2025-03-03,2025-03-03,748,R2,False,CREDIT_BUREAU
CUST-101373,2025-03-03,2025-03-03,717,R3,False,CREDIT_BUREAU
CUST-100958,2025-03-03,2025-03-03,588,R6,False,CREDIT_BUREAU
CUST-101335,2025-03-03,2025-03-03,636,R5,False,CREDIT_BUREAU
CUST-103635,2025-03-03,2025-03-03,753,R2,False,CREDIT_BUREAU
CUST-107164,2025-03-03,2025-03-03,756,R2,False,CREDIT_BUREAU
CUST-100953,2025-03-03,2025-03-03,670,R4,False,CREDIT_BUREAU
CUST-106115,2025-03-03,2025-03-03,704,R3,False,CREDIT_BUREAU
CUST-103464,2025-03-03,2025-03-03,827,R1,False,CREDIT_BUREAU
CUST-106520,2025-03-03,2025-03-03,681,R4,False,CREDIT_BUREAU
CUST-101399,2025-03-03,2025-03-03,643,R5,False,CREDIT_BUREAU
CUST-102761,2025-03-03,2025-03-03,747,R2,False,CREDIT_BUREAU
CUST-107653,2025-03-03,2025-03-03,724,R3,False,CREDIT_BUREAU
CUST-107516,2025-03-03,2025-03-03,776,R2,False,CREDIT_BUREAU
CUST-107736,2025-03-03,2025-03-03,826,R1,False,CREDIT_BUREAU
CUST-103563,2025-03-03,2025-03-03,637,R5,False,CREDIT_BUREAU
CUST-105081,2025-03-03,2025-03-03,628,R5,False,CREDIT_BUREAU
CUST-103513,2025-03-03,2025-03-03,708,R3,False,CREDIT_BUREAU
CUST-100679,2025-03-03,2025-03-03,737,R3,False,CREDIT_BUREAU
CUST-105488,2025-03-03,2025-03-03,644,R5,False,CREDIT_BUREAU
CUST-102233,2025-03-03,2025-03-03,740,R2,False,CREDIT_BUREAU
CUST-105444,2025-03-03,2025-03-03,632,R5,False,CREDIT_BUREAU
CUST-102678,2025-03-03,2025-03-03,717,R3,False,CREDIT_BUREAU
CUST-102729,2025-03-03,2025-03-03,668,R4,False,CREDIT_BUREAU
CUST-102388,2025-03-03,2025-03-03,684,R4,False,CREDIT_BUREAU
CUST-105521,2025-03-03,2025-03-03,592,R6,False,CREDIT_BUREAU
CUST-104638,2025-03-03,2025-03-03,667,R4,False,CREDIT_BUREAU
CUST-100993,2025-03-03,2025-03-03,626,R5,False,CREDIT_BUREAU
CUST-101239,2025-03-03,2025-03-03,716,R3,False,CREDIT_BUREAU
CUST-103154,2025-03-03,2025-03-03,721,R3,False,CREDIT_BUREAU
CUST-107506,2025-03-03,2025-03-03,792,R1,False,CREDIT_BUREAU
CUST-104175,2025-03-03,2025-03-03,636,R5,False,CREDIT_BUREAU
CUST-105119,2025-03-03,2025-03-03,770,R2,False,CREDIT_BUREAU
CUST-105785,2025-03-03,2025-03-03,709,R3,False,CREDIT_BUREAU
CUST-103079,2025-03-03,2025-03-03,733,R3,False,CREDIT_BUREAU
CUST-105841,2025-03-03,2025-03-03,644,R5,False,CREDIT_BUREAU
CUST-102688,2025-03-03,2025-03-03,801,R1,False,CREDIT_BUREAU
CUST-104187,2025-03-03,2025-03-03,701,R3,False,CREDIT_BUREAU
CUST-103983,2025-03-03,2025-03-03,810,R1,False,CREDIT_BUREAU
CUST-102864,2025-03-03,2025-03-03,683,R4,False,CREDIT_BUREAU
CUST-107165,2025-03-03,2025-03-03,634,R5,False,CREDIT_BUREAU
CUST-105307,2025-03-03,2025-03-03,680,R4,False,CREDIT_BUREAU
CUST-101557,2025-03-03,2025-03-03,707,R3,False,CREDIT_BUREAU
CUST-106380,2025-03-03,2025-03-03,645,R5,False,CREDIT_BUREAU
CUST-102467,2025-03-03,2025-03-03,735,R3,False,CREDIT_BUREAU
CUST-101186,2025-03-03,2025-03-03,688,R4,False,CREDIT_BUREAU
CUST-102580,2025-03-03,2025-03-03,729,R3,False,CREDIT_BUREAU
CUST-105562,2025-03-03,2025-03-03,757,R2,False,CREDIT_BUREAU
CUST-105299,2025-03-03,2025-03-03,643,R5,False,CREDIT_BUREAU
CUST-102914,2025-03-03,2025-03-03,720,R3,False,CREDIT_BUREAU
CUST-106977,2025-03-03,2025-03-03,648,R5,False,CREDIT_BUREAU
CUST-104265,2025-03-03,2025-03-03,777,R2,False,CREDIT_BUREAU
CUST-106626,2025-03-03,2025-03-03,698,R4,False,CREDIT_BUREAU
CUST-105357,2025-03-03,2025-03-03,680,R4,False,CREDIT_BUREAU
CUST-104918,2025-03-03,2025-03-03,667,R4,False,CREDIT_BUREAU
CUST-104030,2025-03-03,2025-03-03,761,R2,False,CREDIT_BUREAU
CUST-106176,2025-03-03,2025-03-03,595,R6,False,CREDIT_BUREAU
CUST-107933,2025-03-03,2025-03-03,746,R2,False,CREDIT_BUREAU
CUST-106639,2025-03-03,2025-03-03,687,R4,False,CREDIT_BUREAU
CUST-103425,2025-03-03,2025-03-03,599,R6,False,CREDIT_BUREAU
CUST-102553,2025-03-03,2025-03-03,608,R6,False,CREDIT_BUREAU
CUST-102985,2025-03-03,2025-03-03,756,R2,False,CREDIT_BUREAU
CUST-101052,2025-03-03,2025-03-03,777,R2,False,CREDIT_BUREAU
CUST-104196,2025-03-03,2025-03-03,673,R4,False,CREDIT_BUREAU
CUST-104355,2025-03-03,2025-03-03,757,R2,False,CREDIT_BUREAU
CUST-103609,2025-03-03,2025-03-03,711,R3,False,CREDIT_BUREAU
CUST-102766,2025-03-03,2025-03-03,631,R5,False,CREDIT_BUREAU
CUST-103636,2025-03-03,2025-03-03,703,R3,False,CREDIT_BUREAU
CUST-104336,2025-03-03,2025-03-03,769,R2,False,CREDIT_BUREAU
CUST-102250,2025-03-03,2025-03-03,810,R1,False,CREDIT_BUREAU
CUST-106632,2025-03-03,2025-03-03,607,R6,False,CREDIT_BUREAU
CUST-103713,2025-03-03,2025-03-03,712,R3,False,CREDIT_BUREAU
CUST-101778,2025-03-03,2025-03-03,626,R5,False,CREDIT_BUREAU
CUST-100720,2025-03-03,2025-03-03,676,R4,False,CREDIT_BUREAU
CUST-106122,2025-03-03,2025-03-03,768,R2,False,CREDIT_BUREAU
CUST-102613,2025-03-03,2025-03-03,807,R1,False,CREDIT_BUREAU
CUST-105709,2025-03-03,2025-03-03,577,R7,False,CREDIT_BUREAU
CUST-100794,2025-03-03,2025-03-03,622,R5,False,CREDIT_BUREAU
CUST-102203,2025-03-03,2025-03-03,765,R2,False,CREDIT_BUREAU
CUST-100019,2025-03-03,2025-03-03,697,R4,False,CREDIT_BUREAU
CUST-106620,2025-03-03,2025-03-03,768,R2,False,CREDIT_BUREAU
CUST-104503,2025-03-03,2025-03-03,834,R1,False,CREDIT_BUREAU
CUST-106039,2025-03-03,2025-03-03,749,R2,False,CREDIT_BUREAU
CUST-103146,2025-03-03,2025-03-03,678,R4,False,CREDIT_BUREAU
CUST-104115,2025-03-03,2025-03-03,721,R3,False,CREDIT_BUREAU
CUST-101708,2025-03-03,2025-03-03,714,R3,False,CREDIT_BUREAU
CUST-104341,2025-03-03,2025-03-03,645,R5,False,CREDIT_BUREAU
CUST-101963,2025-03-03,2025-03-03,692,R4,False,CREDIT_BUREAU
CUST-105388,2025-03-03,2025-03-03,733,R3,False,CREDIT_BUREAU
CUST-100043,2025-03-03,2025-03-03,801,R1,False,CREDIT_BUREAU
CUST-104009,2025-03-03,2025-03-03,698,R4,False,CREDIT_BUREAU
CUST-100524,2025-03-03,2025-03-03,715,R3,False,CREDIT_BUREAU
CUST-105121,2025-03-03,2025-03-03,437,R7,False,CREDIT_BUREAU
CUST-107866,2025-03-03,2025-03-03,642,R5,False,CREDIT_BUREAU
CUST-102700,2025-03-03,2025-03-03,769,R2,False,CREDIT_BUREAU
CUST-104859,2025-03-03,2025-03-03,757,R2,False,CREDIT_BUREAU
CUST-107878,2025-03-03,2025-03-03,422,R7,False,CREDIT_BUREAU
CUST-104130,2025-03-03,2025-03-03,818,R1,False,CREDIT_BUREAU
CUST-104093,2025-03-03,2025-03-03,680,R4,False,CREDIT_BUREAU
CUST-105815,2025-03-03,2025-03-03,701,R3,False,CREDIT_BUREAU
CUST-105353,2025-03-03,2025-03-03,819,R1,False,CREDIT_BUREAU
CUST-101067,2025-03-03,2025-03-03,733,R3,False,CREDIT_BUREAU
CUST-102499,2025-03-03,2025-03-03,682,R4,False,CREDIT_BUREAU
CUST-107762,2025-03-03,2025-03-03,695,R4,False,CREDIT_BUREAU
CUST-103227,2025-03-03,2025-03-03,683,R4,False,CREDIT_BUREAU
CUST-104734,2025-03-03,2025-03-03,722,R3,False,CREDIT_BUREAU
CUST-105685,2025-03-03,2025-03-03,690,R4,False,CREDIT_BUREAU
CUST-102918,2025-03-03,2025-03-03,622,R5,False,CREDIT_BUREAU
CUST-106692,2025-03-03,2025-03-03,804,R1,False,CREDIT_BUREAU
CUST-101265,2025-03-03,2025-03-03,774,R2,False,CREDIT_BUREAU
CUST-103545,2025-03-03,2025-03-03,674,R4,False,CREDIT_BUREAU
CUST-101045,2025-03-03,2025-03-03,455,R7,False,CREDIT_BUREAU
CUST-107718,2025-03-03,2025-03-03,765,R2,False,CREDIT_BUREAU
CUST-104822,2025-03-03,2025-03-03,658,R5,False,CREDIT_BUREAU
CUST-105903,2025-03-03,2025-03-03,804,R1,False,CREDIT_BUREAU
CUST-107765,2025-03-03,2025-03-03,761,R2,False,CREDIT_BUREAU
CUST-104058,2025-03-03,2025-03-03,768,R2,False,CREDIT_BUREAU
CUST-105124,2025-03-03,2025-03-03,601,R6,False,CREDIT_BUREAU
CUST-102804,2025-03-03,2025-03-03,827,R1,False,CREDIT_BUREAU
CUST-104551,2025-03-03,2025-03-03,702,R3,False,CREDIT_BUREAU
CUST-104313,2025-03-03,2025-03-03,598,R6,False,CREDIT_BUREAU
CUST-106415,2025-03-03,2025-03-03,791,R1,False,CREDIT_BUREAU
CUST-105661,2025-03-03,2025-03-03,750,R2,False,CREDIT_BUREAU
CUST-101485,2025-03-03,2025-03-03,724,R3,False,CREDIT_BUREAU
CUST-103369,2025-03-03,2025-03-03,668,R4,False,CREDIT_BUREAU
CUST-105870,2025-03-03,2025-03-03,705,R3,False,CREDIT_BUREAU
CUST-100701,2025-03-03,2025-03-03,770,R2,False,CREDIT_BUREAU
CUST-102811,2025-03-03,2025-03-03,652,R5,False,CREDIT_BUREAU
CUST-103059,2025-03-03,2025-03-03,803,R1,False,CREDIT_BUREAU
CUST-106329,2025-03-03,2025-03-03,674,R4,False,CREDIT_BUREAU
CUST-106823,2025-03-03,2025-03-03,665,R4,False,CREDIT_BUREAU
CUST-102679,2025-03-03,2025-03-03,653,R5,False,CREDIT_BUREAU
CUST-106650,2025-03-03,2025-03-03,769,R2,False,CREDIT_BUREAU
CUST-103436,2025-03-03,2025-03-03,764,R2,False,CREDIT_BUREAU
CUST-106747,2025-03-03,2025-03-03,583,R6,False,CREDIT_BUREAU
CUST-106937,2025-03-03,2025-03-03,610,R6,False,CREDIT_BUREAU
CUST-103690,2025-03-03,2025-03-03,702,R3,False,CREDIT_BUREAU
CUST-103865,2025-03-03,2025-03-03,729,R3,False,CREDIT_BUREAU
CUST-104262,2025-03-03,2025-03-03,692,R4,False,CREDIT_BUREAU
CUST-107529,2025-03-03,2025-03-03,742,R2,False,CREDIT_BUREAU
CUST-103655,2025-03-03,2025-03-03,637,R5,False,CREDIT_BUREAU
CUST-105393,2025-03-03,2025-03-03,638,R5,False,CREDIT_BUREAU
CUST-100156,2025-03-03,2025-03-03,684,R4,False,CREDIT_BUREAU
CUST-107084,2025-03-03,2025-03-03,824,R1,False,CREDIT_BUREAU
CUST-100176,2025-03-03,2025-03-03,626,R5,False,CREDIT_BUREAU
CUST-101662,2025-03-03,2025-03-03,736,R3,False,CREDIT_BUREAU
CUST-105361,2025-03-03,2025-03-03,447,R7,False,CREDIT_BUREAU
CUST-102831,2025-03-03,2025-03-03,670,R4,False,CREDIT_BUREAU
CUST-104798,2025-03-03,2025-03-03,676,R4,False,CREDIT_BUREAU
CUST-102719,2025-03-03,2025-03-03,733,R3,False,CREDIT_BUREAU
CUST-107843,2025-03-03,2025-03-03,699,R4,False,CREDIT_BUREAU
CUST-103383,2025-03-03,2025-03-03,595,R6,False,CREDIT_BUREAU
CUST-106197,2025-03-03,2025-03-03,738,R3,False,CREDIT_BUREAU
CUST-105737,2025-03-03,2025-03-03,669,R4,False,CREDIT_BUREAU
CUST-105716,2025-03-03,2025-03-03,743,R2,False,CREDIT_BUREAU
CUST-105027,2025-03-03,2025-03-03,447,R7,False,CREDIT_BUREAU
CUST-104428,2025-03-03,2025-03-03,798,R1,False,CREDIT_BUREAU
CUST-106528,2025-03-03,2025-03-03,707,R3,False,CREDIT_BUREAU
CUST-104777,2025-03-03,2025-03-03,769,R2,False,CREDIT_BUREAU
CUST-102351,2025-03-03,2025-03-03,798,R1,False,CREDIT_BUREAU
CUST-106614,2025-03-03,2025-03-03,455,R7,False,CREDIT_BUREAU
CUST-103484,2025-03-03,2025-03-03,711,R3,False,CREDIT_BUREAU
CUST-101907,2025-03-03,2025-03-03,752,R2,False,CREDIT_BUREAU
CUST-100931,2025-03-03,2025-03-03,634,R5,False,CREDIT_BUREAU
CUST-105350,2025-03-03,2025-03-03,748,R2,False,CREDIT_BUREAU
CUST-101756,2025-03-03,2025-03-03,640,R5,False,CREDIT_BUREAU
CUST-105040,2025-03-03,2025-03-03,664,R4,False,CREDIT_BUREAU
CUST-101281,2025-03-03,2025-03-03,772,R2,False,CREDIT_BUREAU
CUST-106587,2025-03-03,2025-03-03,655,R5,False,CREDIT_BUREAU
CUST-103508,2025-03-03,2025-03-03,643,R5,False,CREDIT_BUREAU
CUST-101986,2025-03-03,2025-03-03,662,R4,False,CREDIT_BUREAU
CUST-101091,2025-03-03,2025-03-03,664,R4,False,CREDIT_BUREAU
CUST-104593,2025-03-03,2025-03-03,745,R2,False,CREDIT_BUREAU
CUST-106499,2025-03-03,2025-03-03,766,R2,False,CREDIT_BUREAU
CUST-105492,2025-03-03,2025-03-03,721,R3,False,CREDIT_BUREAU
CUST-105940,2025-03-03,2025-03-03,450,R7,False,CREDIT_BUREAU
CUST-105775,2025-03-03,2025-03-03,629,R5,False,CREDIT_BUREAU
CUST-102785,2025-03-03,2025-03-03,722,R3,False,CREDIT_BUREAU
CUST-106688,2025-03-03,2025-03-03,738,R3,False,CREDIT_BUREAU
CUST-107295,2025-03-03,2025-03-03,714,R3,False,CREDIT_BUREAU
CUST-104715,2025-03-03,2025-03-03,682,R4,False,CREDIT_BUREAU
CUST-103108,2025-03-03,2025-03-03,673,R4,False,CREDIT_BUREAU
CUST-100849,2025-03-03,2025-03-03,810,R1,False,CREDIT_BUREAU
CUST-105390,2025-03-03,2025-03-03,806,R1,False,CREDIT_BUREAU
CUST-105412,2025-03-03,2025-03-03,680,R4,False,CREDIT_BUREAU
CUST-100685,2025-03-03,2025-03-03,585,R6,False,CREDIT_BUREAU
CUST-104444,2025-03-03,2025-03-03,692,R4,False,CREDIT_BUREAU
CUST-103546,2025-03-03,2025-03-03,760,R2,False,CREDIT_BUREAU
CUST-105798,2025-03-03,2025-03-03,682,R4,False,CREDIT_BUREAU
CUST-102497,2025-03-03,2025-03-03,729,R3,False,CREDIT_BUREAU
CUST-103089,2025-03-03,2025-03-03,691,R4,False,CREDIT_BUREAU
CUST-107844,2025-03-03,2025-03-03,758,R2,False,CREDIT_BUREAU
CUST-103753,2025-03-03,2025-03-03,667,R4,False,CREDIT_BUREAU
CUST-101374,2025-03-03,2025-03-03,676,R4,False,CREDIT_BUREAU
CUST-107033,2025-03-03,2025-03-03,764,R2,False,CREDIT_BUREAU
CUST-100790,2025-03-03,2025-03-03,765,R2,False,CREDIT_BUREAU
CUST-106225,2025-03-03,2025-03-03,710,R3,False,CREDIT_BUREAU
CUST-102213,2025-03-03,2025-03-03,808,R1,False,CREDIT_BUREAU
CUST-100336,2025-03-03,2025-03-03,645,R5,False,CREDIT_BUREAU
CUST-102873,2025-03-03,2025-03-03,636,R5,False,CREDIT_BUREAU
CUST-101249,2025-03-03,2025-03-03,802,R1,False,CREDIT_BUREAU
CUST-105986,2025-03-03,2025-03-03,768,R2,False,CREDIT_BUREAU
CUST-103867,2025-03-03,2025-03-03,716,R3,False,CREDIT_BUREAU
CUST-106515,2025-03-03,2025-03-03,608,R6,False,CREDIT_BUREAU
CUST-101581,2025-03-03,2025-03-03,826,R1,False,CREDIT_BUREAU
CUST-106838,2025-03-03,2025-03-03,808,R1,False,CREDIT_BUREAU
CUST-101196,2025-03-03,2025-03-03,721,R3,False,CREDIT_BUREAU
CUST-106710,2025-03-03,2025-03-03,771,R2,False,CREDIT_BUREAU
CUST-106700,2025-03-03,2025-03-03,830,R1,False,CREDIT_BUREAU
CUST-107784,2025-03-03,2025-03-03,812,R1,False,CREDIT_BUREAU
CUST-104486,2025-03-03,2025-03-03,716,R3,False,CREDIT_BUREAU
CUST-102337,2025-03-03,2025-03-03,703,R3,False,CREDIT_BUREAU
CUST-103347,2025-03-03,2025-03-03,672,R4,False,CREDIT_BUREAU
CUST-105083,2025-03-03,2025-03-03,775,R2,False,CREDIT_BUREAU
CUST-100968,2025-03-03,2025-03-03,676,R4,False,CREDIT_BUREAU
CUST-104467,2025-03-03,2025-03-03,818,R1,False,CREDIT_BUREAU
CUST-106403,2025-03-03,2025-03-03,722,R3,False,CREDIT_BUREAU
CUST-105407,2025-03-03,2025-03-03,688,R4,False,CREDIT_BUREAU
CUST-106307,2025-03-03,2025-03-03,601,R6,False,CREDIT_BUREAU
CUST-104572,2025-03-03,2025-03-03,703,R3,False,CREDIT_BUREAU
CUST-101628,2025-03-03,2025-03-03,439,R7,False,CREDIT_BUREAU
CUST-102538,2025-03-03,2025-03-03,767,R2,False,CREDIT_BUREAU
CUST-100623,2025-03-03,2025-03-03,713,R3,False,CREDIT_BUREAU
CUST-107244,2025-03-03,2025-03-03,574,R7,False,CREDIT_BUREAU
CUST-102638,2025-03-03,2025-03-03,597,R6,False,CREDIT_BUREAU
CUST-107447,2025-03-03,2025-03-03,656,R5,False,CREDIT_BUREAU
CUST-102140,2025-03-03,2025-03-03,752,R2,False,CREDIT_BUREAU
CUST-103068,2025-03-03,2025-03-03,731,R3,False,CREDIT_BUREAU
CUST-107681,2025-03-03,2025-03-03,668,R4,False,CREDIT_BUREAU
CUST-103777,2025-03-03,2025-03-03,590,R6,False,CREDIT_BUREAU
CUST-105061,2025-03-03,2025-03-03,793,R1,False,CREDIT_BUREAU
CUST-105158,2025-03-03,2025-03-03,697,R4,False,CREDIT_BUREAU
CUST-101649,2025-03-03,2025-03-03,741,R2,False,CREDIT_BUREAU
CUST-103617,2025-03-03,2025-03-03,585,R6,False,CREDIT_BUREAU
CUST-106491,2025-03-03,2025-03-03,813,R1,False,CREDIT_BUREAU
CUST-104068,2025-03-03,2025-03-03,821,R1,False,CREDIT_BUREAU
CUST-105211,2025-03-03,2025-03-03,618,R6,False,CREDIT_BUREAU
CUST-102079,2025-03-03,2025-03-03,686,R4,False,CREDIT_BUREAU
CUST-105137,2025-03-03,2025-03-03,688,R4,False,CREDIT_BUREAU
CUST-103955,2025-03-03,2025-03-03,747,R2,False,CREDIT_BUREAU
CUST-102543,2025-03-03,2025-03-03,726,R3,False,CREDIT_BUREAU
CUST-100401,2025-03-03,2025-03-03,737,R3,False,CREDIT_BUREAU
CUST-106829,2025-03-03,2025-03-03,633,R5,False,CREDIT_BUREAU
CUST-106911,2025-03-03,2025-03-03,764,R2,False,CREDIT_BUREAU
CUST-104541,2025-03-03,2025-03-03,675,R4,False,CREDIT_BUREAU
CUST-105086,2025-03-03,2025-03-03,758,R2,False,CREDIT_BUREAU
CUST-102702,2025-03-03,2025-03-03,816,R1,False,CREDIT_BUREAU
CUST-104331,2025-03-03,2025-03-03,643,R5,False,CREDIT_BUREAU
CUST-107011,2025-03-03,2025-03-03,654,R5,False,CREDIT_BUREAU
CUST-102950,2025-03-03,2025-03-03,808,R1,False,CREDIT_BUREAU
CUST-105140,2025-03-03,2025-03-03,665,R4,False,CREDIT_BUREAU
CUST-105179,2025-03-03,2025-03-03,813,R1,False,CREDIT_BUREAU
CUST-104322,2025-03-03,2025-03-03,806,R1,False,CREDIT_BUREAU
CUST-102433,2025-03-03,2025-03-03,719,R3,False,CREDIT_BUREAU
CUST-102902,2025-03-03,2025-03-03,753,R2,False,CREDIT_BUREAU
CUST-102218,2025-03-03,2025-03-03,816,R1,False,CREDIT_BUREAU
CUST-106797,2025-03-03,2025-03-03,660,R4,False,CREDIT_BUREAU
CUST-106281,2025-03-03,2025-03-03,757,R2,False,CREDIT_BUREAU
CUST-101116,2025-03-03,2025-03-03,669,R4,False,CREDIT_BUREAU
CUST-102878,2025-03-03,2025-03-03,702,R3,False,CREDIT_BUREAU
CUST-105214,2025-03-03,2025-03-03,619,R6,False,CREDIT_BUREAU
CUST-103294,2025-03-03,2025-03-03,653,R5,False,CREDIT_BUREAU
CUST-100766,2025-03-03,2025-03-03,682,R4,False,CREDIT_BUREAU
CUST-101292,2025-03-03,2025-03-03,725,R3,False,CREDIT_BUREAU
CUST-103483,2025-03-03,2025-03-03,673,R4,False,CREDIT_BUREAU
CUST-103064,2025-03-03,2025-03-03,695,R4,False,CREDIT_BUREAU
CUST-104096,2025-03-03,2025-03-03,604,R6,False,CREDIT_BUREAU
CUST-107915,2025-03-03,2025-03-03,607,R6,False,CREDIT_BUREAU
CUST-100694,2025-03-03,2025-03-03,678,R4,False,CREDIT_BUREAU
CUST-103541,2025-03-03,2025-03-03,423,R7,False,CREDIT_BUREAU
CUST-100353,2025-03-03,2025-03-03,725,R3,False,CREDIT_BUREAU
CUST-101719,2025-03-03,2025-03-03,623,R5,False,CREDIT_BUREAU
CUST-100112,2025-03-03,2025-03-03,663,R4,False,CREDIT_BUREAU
CUST-100355,2025-03-03,2025-03-03,643,R5,False,CREDIT_BUREAU
CUST-105392,2025-03-03,2025-03-03,805,R1,False,CREDIT_BUREAU
CUST-104821,2025-03-03,2025-03-03,624,R5,False,CREDIT_BUREAU
CUST-102191,2025-03-03,2025-03-03,583,R6,False,CREDIT_BUREAU
CUST-105316,2025-03-03,2025-03-03,715,R3,False,CREDIT_BUREAU
CUST-105806,2025-03-03,2025-03-03,803,R1,False,CREDIT_BUREAU
CUST-104164,2025-03-03,2025-03-03,675,R4,False,CREDIT_BUREAU
CUST-100526,2025-03-03,2025-03-03,719,R3,False,CREDIT_BUREAU
CUST-107195,2025-03-03,2025-03-03,829,R1,False,CREDIT_BUREAU
CUST-106792,2025-03-03,2025-03-03,722,R3,False,CREDIT_BUREAU
CUST-105417,2025-03-03,2025-03-03,726,R3,False,CREDIT_BUREAU
CUST-105501,2025-03-03,2025-03-03,430,R7,False,CREDIT_BUREAU
CUST-101835,2025-03-03,2025-03-03,603,R6,False,CREDIT_BUREAU
CUST-101803,2025-03-03,2025-03-03,690,R4,False,CREDIT_BUREAU
CUST-105132,2025-03-03,2025-03-03,635,R5,False,CREDIT_BUREAU
CUST-106221,2025-03-03,2025-03-03,720,R3,False,CREDIT_BUREAU
CUST-107486,2025-03-03,2025-03-03,729,R3,False,CREDIT_BUREAU
CUST-101850,2025-03-03,2025-03-03,676,R4,False,CREDIT_BUREAU
CUST-103954,2025-03-03,2025-03-03,797,R1,False,CREDIT_BUREAU
CUST-107897,2025-03-03,2025-03-03,614,R6,False,CREDIT_BUREAU
CUST-100407,2025-03-03,2025-03-03,747,R2,False,CREDIT_BUREAU
CUST-100181,2025-03-03,2025-03-03,614,R6,False,CREDIT_BUREAU
CUST-105943,2025-03-03,2025-03-03,714,R3,False,CREDIT_BUREAU
CUST-105143,2025-03-03,2025-03-03,630,R5,False,CREDIT_BUREAU
CUST-101364,2025-03-03,2025-03-03,746,R2,False,CREDIT_BUREAU
CUST-105008,2025-03-03,2025-03-03,681,R4,False,CREDIT_BUREAU
CUST-103970,2025-03-03,2025-03-03,673,R4,False,CREDIT_BUREAU
CUST-103000,2025-03-03,2025-03-03,725,R3,False,CREDIT_BUREAU
CUST-107903,2025-03-03,2025-03-03,758,R2,False,CREDIT_BUREAU
CUST-104800,2025-03-03,2025-03-03,760,R2,False,CREDIT_BUREAU
CUST-100249,2025-03-03,2025-03-03,686,R4,False,CREDIT_BUREAU
CUST-105382,2025-03-03,2025-03-03,767,R2,False,CREDIT_BUREAU
CUST-101375,2025-03-03,2025-03-03,804,R1,False,CREDIT_BUREAU
CUST-102171,2025-03-03,2025-03-03,745,R2,False,CREDIT_BUREAU
CUST-105018,2025-03-03,2025-03-03,685,R4,False,CREDIT_BUREAU
CUST-107162,2025-03-03,2025-03-03,680,R4,False,CREDIT_BUREAU
CUST-102813,2025-03-03,2025-03-03,645,R5,False,CREDIT_BUREAU
CUST-102593,2025-03-03,2025-03-03,621,R5,False,CREDIT_BUREAU
CUST-106333,2025-03-03,2025-03-03,737,R3,False,CREDIT_BUREAU
CUST-106073,2025-03-03,2025-03-03,764,R2,False,CREDIT_BUREAU
CUST-105418,2025-03-03,2025-03-03,672,R4,False,CREDIT_BUREAU
CUST-107730,2025-03-03,2025-03-03,650,R5,False,CREDIT_BUREAU
CUST-102650,2025-03-03,2025-03-03,667,R4,False,CREDIT_BUREAU
CUST-104267,2025-03-03,2025-03-03,767,R2,False,CREDIT_BUREAU
CUST-101548,2025-03-03,2025-03-03,815,R1,False,CREDIT_BUREAU
CUST-105457,2025-03-03,2025-03-03,658,R5,False,CREDIT_BUREAU
CUST-106162,2025-03-03,2025-03-03,657,R5,False,CREDIT_BUREAU
CUST-106103,2025-03-03,2025-03-03,823,R1,False,CREDIT_BUREAU
CUST-102237,2025-03-03,2025-03-03,589,R6,False,CREDIT_BUREAU
CUST-102470,2025-03-03,2025-03-03,686,R4,False,CREDIT_BUREAU
CUST-105825,2025-03-03,2025-03-03,588,R6,False,CREDIT_BUREAU
CUST-105586,2025-03-03,2025-03-03,754,R2,False,CREDIT_BUREAU
CUST-107767,2025-03-03,2025-03-03,409,R7,False,CREDIT_BUREAU
CUST-100964,2025-03-03,2025-03-03,811,R1,False,CREDIT_BUREAU
CUST-100169,2025-03-03,2025-03-03,675,R4,False,CREDIT_BUREAU
CUST-101307,2025-03-03,2025-03-03,692,R4,False,CREDIT_BUREAU
CUST-105733,2025-03-03,2025-03-03,642,R5,False,CREDIT_BUREAU
CUST-101632,2025-03-03,2025-03-03,751,R2,False,CREDIT_BUREAU
CUST-102815,2025-03-03,2025-03-03,644,R5,False,CREDIT_BUREAU
CUST-104447,2025-03-03,2025-03-03,704,R3,False,CREDIT_BUREAU
CUST-103225,2025-03-03,2025-03-03,649,R5,False,CREDIT_BUREAU
CUST-101407,2025-03-03,2025-03-03,691,R4,False,CREDIT_BUREAU
CUST-102777,2025-03-03,2025-03-03,631,R5,False,CREDIT_BUREAU
CUST-101658,2025-03-03,2025-03-03,692,R4,False,CREDIT_BUREAU
CUST-104003,2025-03-03,2025-03-03,679,R4,False,CREDIT_BUREAU
CUST-102562,2025-03-03,2025-03-03,808,R1,False,CREDIT_BUREAU
CUST-106205,2025-03-03,2025-03-03,612,R6,False,CREDIT_BUREAU
CUST-102999,2025-03-03,2025-03-03,720,R3,False,CREDIT_BUREAU
CUST-103150,2025-03-03,2025-03-03,622,R5,False,CREDIT_BUREAU
CUST-107341,2025-03-03,2025-03-03,668,R4,False,CREDIT_BUREAU
CUST-107693,2025-03-03,2025-03-03,680,R4,False,CREDIT_BUREAU
CUST-100042,2025-03-03,2025-03-03,778,R2,False,CREDIT_BUREAU
CUST-103901,2025-03-03,2025-03-03,701,R3,False,CREDIT_BUREAU
CUST-105369,2025-03-03,2025-03-03,760,R2,False,CREDIT_BUREAU
CUST-107631,2025-03-03,2025-03-03,813,R1,False,CREDIT_BUREAU
CUST-103111,2025-03-03,2025-03-03,595,R6,False,CREDIT_BUREAU
CUST-105989,2025-03-03,2025-03-03,812,R1,False,CREDIT_BUREAU
CUST-100555,2025-03-03,2025-03-03,751,R2,False,CREDIT_BUREAU
CUST-100277,2025-03-03,2025-03-03,761,R2,False,CREDIT_BUREAU
CUST-104035,2025-03-03,2025-03-03,739,R3,False,CREDIT_BUREAU
CUST-100302,2025-03-03,2025-03-03,733,R3,False,CREDIT_BUREAU
CUST-106390,2025-03-03,2025-03-03,825,R1,False,CREDIT_BUREAU
CUST-101927,2025-03-03,2025-03-03,649,R5,False,CREDIT_BUREAU
CUST-107670,2025-03-03,2025-03-03,648,R5,False,CREDIT_BUREAU
CUST-106768,2025-03-03,2025-03-03,791,R1,False,CREDIT_BUREAU
CUST-106490,2025-03-03,2025-03-03,759,R2,False,CREDIT_BUREAU
CUST-104582,2025-03-03,2025-03-03,758,R2,False,CREDIT_BUREAU
CUST-100453,2025-03-03,2025-03-03,825,R1,False,CREDIT_BUREAU
CUST-104365,2025-03-03,2025-03-03,760,R2,False,CREDIT_BUREAU
CUST-100091,2025-03-03,2025-03-03,693,R4,False,CREDIT_BUREAU
CUST-106967,2025-03-03,2025-03-03,790,R1,False,CREDIT_BUREAU
CUST-105596,2025-03-03,2025-03-03,720,R3,False,CREDIT_BUREAU
CUST-103783,2025-03-03,2025-03-03,767,R2,False,CREDIT_BUREAU
CUST-101895,2025-03-03,2025-03-03,802,R1,False,CREDIT_BUREAU
CUST-104387,2025-03-03,2025-03-03,707,R3,False,CREDIT_BUREAU
CUST-103466,2025-03-03,2025-03-03,823,R1,False,CREDIT_BUREAU
CUST-106350,2025-03-03,2025-03-03,696,R4,False,CREDIT_BUREAU
CUST-106318,2025-03-03,2025-03-03,714,R3,False,CREDIT_BUREAU
CUST-102156,2025-03-03,2025-03-03,719,R3,False,CREDIT_BUREAU
CUST-103898,2025-03-03,2025-03-03,741,R2,False,CREDIT_BUREAU
CUST-100056,2025-03-03,2025-03-03,446,R7,False,CREDIT_BUREAU
CUST-102691,2025-03-03,2025-03-03,595,R6,False,CREDIT_BUREAU
CUST-106037,2025-03-03,2025-03-03,668,R4,False,CREDIT_BUREAU
CUST-102336,2025-03-03,2025-03-03,764,R2,False,CREDIT_BUREAU
CUST-102068,2025-03-03,2025-03-03,764,R2,False,CREDIT_BUREAU
CUST-101206,2025-03-03,2025-03-03,685,R4,False,CREDIT_BUREAU
CUST-102403,2025-03-03,2025-03-03,730,R3,False,CREDIT_BUREAU
CUST-107273,2025-03-03,2025-03-03,750,R2,False,CREDIT_BUREAU
CUST-106455,2025-03-03,2025-03-03,692,R4,False,CREDIT_BUREAU
CUST-107279,2025-03-03,2025-03-03,425,R7,False,CREDIT_BUREAU
CUST-104978,2025-03-03,2025-03-03,618,R6,False,CREDIT_BUREAU
CUST-100420,2025-03-03,2025-03-03,708,R3,False,CREDIT_BUREAU
CUST-106915,2025-03-03,2025-03-03,459,R7,False,CREDIT_BUREAU
CUST-104526,2025-03-03,2025-03-03,614,R6,False,CREDIT_BUREAU
CUST-104537,2025-03-03,2025-03-03,663,R4,False,CREDIT_BUREAU
CUST-105963,2025-03-03,2025-03-03,773,R2,False,CREDIT_BUREAU
CUST-106790,2025-03-03,2025-03-03,704,R3,False,CREDIT_BUREAU
CUST-104736,2025-03-03,2025-03-03,757,R2,False,CREDIT_BUREAU
CUST-106749,2025-03-03,2025-03-03,598,R6,False,CREDIT_BUREAU
CUST-102773,2025-03-03,2025-03-03,726,R3,False,CREDIT_BUREAU
CUST-107879,2025-03-03,2025-03-03,715,R3,False,CREDIT_BUREAU
CUST-103458,2025-03-03,2025-03-03,761,R2,False,CREDIT_BUREAU
CUST-105348,2025-03-03,2025-03-03,667,R4,False,CREDIT_BUREAU
CUST-106466,2025-03-03,2025-03-03,726,R3,False,CREDIT_BUREAU
CUST-106191,2025-03-03,2025-03-03,766,R2,False,CREDIT_BUREAU
CUST-105560,2025-03-03,2025-03-03,811,R1,False,CREDIT_BUREAU
CUST-102421,2025-03-03,2025-03-03,747,R2,False,CREDIT_BUREAU
CUST-107598,2025-03-03,2025-03-03,704,R3,False,CREDIT_BUREAU
CUST-107545,2025-03-03,2025-03-03,745,R2,False,CREDIT_BUREAU
CUST-100837,2025-03-03,2025-03-03,756,R2,False,CREDIT_BUREAU
CUST-100404,2025-03-03,2025-03-03,700,R3,False,CREDIT_BUREAU
CUST-100835,2025-03-03,2025-03-03,765,R2,False,CREDIT_BUREAU
CUST-101855,2025-03-03,2025-03-03,674,R4,False,CREDIT_BUREAU
CUST-107641,2025-03-03,2025-03-03,816,R1,False,CREDIT_BUREAU
CUST-106852,2025-03-03,2025-03-03,685,R4,False,CREDIT_BUREAU
CUST-100563,2025-03-03,2025-03-03,651,R5,False,CREDIT_BUREAU
CUST-104754,2025-03-03,2025-03-03,809,R1,False,CREDIT_BUREAU
CUST-107334,2025-03-03,2025-03-03,578,R7,False,CREDIT_BUREAU
CUST-100753,2025-03-03,2025-03-03,732,R3,False,CREDIT_BUREAU
CUST-104209,2025-03-03,2025-03-03,601,R6,False,CREDIT_BUREAU
CUST-104772,2025-03-03,2025-03-03,589,R6,False,CREDIT_BUREAU
CUST-104124,2025-03-03,2025-03-03,725,R3,False,CREDIT_BUREAU
CUST-107640,2025-03-03,2025-03-03,715,R3,False,CREDIT_BUREAU
CUST-100220,2025-03-03,2025-03-03,690,R4,False,CREDIT_BUREAU
CUST-101350,2025-03-03,2025-03-03,687,R4,False,CREDIT_BUREAU
CUST-101692,2025-03-03,2025-03-03,675,R4,False,CREDIT_BUREAU
CUST-100630,2025-03-03,2025-03-03,627,R5,False,CREDIT_BUREAU
CUST-100588,2025-03-03,2025-03-03,648,R5,False,CREDIT_BUREAU
CUST-105509,2025-03-03,2025-03-03,759,R2,False,CREDIT_BUREAU
CUST-101295,2025-03-03,2025-03-03,806,R1,False,CREDIT_BUREAU
CUST-104940,2025-03-03,2025-03-03,760,R2,False,CREDIT_BUREAU
CUST-101735,2025-03-03,2025-03-03,686,R4,False,CREDIT_BUREAU
CUST-102126,2025-03-03,2025-03-03,642,R5,False,CREDIT_BUREAU
CUST-104015,2025-03-03,2025-03-03,594,R6,False,CREDIT_BUREAU
CUST-103517,2025-03-03,2025-03-03,653,R5,False,CREDIT_BUREAU
CUST-105164,2025-03-03,2025-03-03,725,R3,False,CREDIT_BUREAU
CUST-105415,2025-03-03,2025-03-03,755,R2,False,CREDIT_BUREAU
CUST-106959,2025-03-03,2025-03-03,810,R1,False,CREDIT_BUREAU
CUST-106448,2025-03-03,2025-03-03,602,R6,False,CREDIT_BUREAU
CUST-106453,2025-03-03,2025-03-03,820,R1,False,CREDIT_BUREAU
CUST-103565,2025-03-03,2025-03-03,798,R1,False,CREDIT_BUREAU
CUST-105504,2025-03-03,2025-03-03,594,R6,False,CREDIT_BUREAU
CUST-105101,2025-03-03,2025-03-03,759,R2,False,CREDIT_BUREAU
CUST-100868,2025-03-03,2025-03-03,755,R2,False,CREDIT_BUREAU
CUST-102226,2025-03-03,2025-03-03,616,R6,False,CREDIT_BUREAU
CUST-104286,2025-03-03,2025-03-03,643,R5,False,CREDIT_BUREAU
CUST-103313,2025-03-03,2025-03-03,768,R2,False,CREDIT_BUREAU
CUST-104652,2025-03-03,2025-03-03,684,R4,False,CREDIT_BUREAU
CUST-100877,2025-03-03,2025-03-03,666,R4,False,CREDIT_BUREAU
CUST-104390,2025-03-03,2025-03-03,767,R2,False,CREDIT_BUREAU
CUST-104786,2025-03-03,2025-03-03,664,R4,False,CREDIT_BUREAU
CUST-107090,2025-03-03,2025-03-03,719,R3,False,CREDIT_BUREAU
CUST-107111,2025-03-03,2025-03-03,703,R3,False,CREDIT_BUREAU
CUST-104312,2025-03-03,2025-03-03,749,R2,False,CREDIT_BUREAU
CUST-106240,2025-03-03,2025-03-03,644,R5,False,CREDIT_BUREAU
CUST-104955,2025-03-03,2025-03-03,431,R7,False,CREDIT_BUREAU
CUST-104643,2025-03-03,2025-03-03,788,R1,False,CREDIT_BUREAU
CUST-106074,2025-03-03,2025-03-03,644,R5,False,CREDIT_BUREAU
CUST-103128,2025-03-03,2025-03-03,763,R2,False,CREDIT_BUREAU
CUST-100346,2025-03-03,2025-03-03,642,R5,False,CREDIT_BUREAU
CUST-105595,2025-03-03,2025-03-03,637,R5,False,CREDIT_BUREAU
CUST-101812,2025-03-03,2025-03-03,817,R1,False,CREDIT_BUREAU
CUST-104020,2025-03-03,2025-03-03,834,R1,False,CREDIT_BUREAU
CUST-100600,2025-03-03,2025-03-03,634,R5,False,CREDIT_BUREAU
CUST-105085,2025-03-03,2025-03-03,702,R3,False,CREDIT_BUREAU
CUST-103376,2025-03-03,2025-03-03,760,R2,False,CREDIT_BUREAU
CUST-100476,2025-03-03,2025-03-03,626,R5,False,CREDIT_BUREAU
CUST-106470,2025-03-03,2025-03-03,768,R2,False,CREDIT_BUREAU
CUST-107234,2025-03-03,2025-03-03,674,R4,False,CREDIT_BUREAU
CUST-100467,2025-03-03,2025-03-03,724,R3,False,CREDIT_BUREAU
CUST-107127,2025-03-03,2025-03-03,713,R3,False,CREDIT_BUREAU
CUST-103664,2025-03-03,2025-03-03,602,R6,False,CREDIT_BUREAU
CUST-106446,2025-03-03,2025-03-03,817,R1,False,CREDIT_BUREAU
CUST-100260,2025-03-03,2025-03-03,705,R3,False,CREDIT_BUREAU
CUST-105026,2025-03-03,2025-03-03,829,R1,False,CREDIT_BUREAU
CUST-107092,2025-03-03,2025-03-03,795,R1,False,CREDIT_BUREAU
CUST-104180,2025-03-03,2025-03-03,755,R2,False,CREDIT_BUREAU
CUST-104203,2025-03-03,2025-03-03,705,R3,False,CREDIT_BUREAU
CUST-103521,2025-03-03,2025-03-03,673,R4,False,CREDIT_BUREAU
CUST-100184,2025-03-03,2025-03-03,830,R1,False,CREDIT_BUREAU
CUST-106192,2025-03-03,2025-03-03,588,R6,False,CREDIT_BUREAU
CUST-102665,2025-03-03,2025-03-03,637,R5,False,CREDIT_BUREAU
CUST-104091,2025-03-03,2025-03-03,602,R6,False,CREDIT_BUREAU
CUST-101338,2025-03-03,2025-03-03,598,R6,False,CREDIT_BUREAU
CUST-107707,2025-03-03,2025-03-03,766,R2,False,CREDIT_BUREAU
CUST-101826,2025-03-03,2025-03-03,655,R5,False,CREDIT_BUREAU
CUST-101171,2025-03-03,2025-03-03,646,R5,False,CREDIT_BUREAU
CUST-100787,2025-03-03,2025-03-03,794,R1,False,CREDIT_BUREAU
CUST-103957,2025-03-03,2025-03-03,637,R5,False,CREDIT_BUREAU
CUST-104377,2025-03-03,2025-03-03,647,R5,False,CREDIT_BUREAU
CUST-103831,2025-03-03,2025-03-03,718,R3,False,CREDIT_BUREAU
CUST-107889,2025-03-03,2025-03-03,743,R2,False,CREDIT_BUREAU
CUST-105927,2025-03-03,2025-03-03,753,R2,False,CREDIT_BUREAU
CUST-106277,2025-03-03,2025-03-03,601,R6,False,CREDIT_BUREAU
CUST-106322,2025-03-03,2025-03-03,719,R3,False,CREDIT_BUREAU
CUST-101924,2025-03-03,2025-03-03,672,R4,False,CREDIT_BUREAU
CUST-104509,2025-03-03,2025-03-03,755,R2,False,CREDIT_BUREAU
CUST-107694,2025-03-03,2025-03-03,640,R5,False,CREDIT_BUREAU
CUST-104897,2025-03-03,2025-03-03,428,R7,False,CREDIT_BUREAU
CUST-100464,2025-03-03,2025-03-03,438,R7,False,CREDIT_BUREAU
CUST-107801,2025-03-03,2025-03-03,812,R1,False,CREDIT_BUREAU
CUST-100529,2025-03-03,2025-03-03,455,R7,False,CREDIT_BUREAU
CUST-102335,2025-03-03,2025-03-03,808,R1,False,CREDIT_BUREAU
CUST-106356,2025-03-03,2025-03-03,674,R4,False,CREDIT_BUREAU
CUST-105068,2025-03-03,2025-03-03,639,R5,False,CREDIT_BUREAU
CUST-101874,2025-03-03,2025-03-03,753,R2,False,CREDIT_BUREAU
CUST-105738,2025-03-03,2025-03-03,750,R2,False,CREDIT_BUREAU
CUST-104839,2025-03-03,2025-03-03,606,R6,False,CREDIT_BUREAU
CUST-102945,2025-03-03,2025-03-03,644,R5,False,CREDIT_BUREAU
CUST-103579,2025-03-03,2025-03-03,656,R5,False,CREDIT_BUREAU
CUST-103754,2025-03-03,2025-03-03,692,R4,False,CREDIT_BUREAU
CUST-104417,2025-03-03,2025-03-03,682,R4,False,CREDIT_BUREAU
CUST-105224,2025-03-03,2025-03-03,449,R7,False,CREDIT_BUREAU
CUST-103218,2025-03-03,2025-03-03,701,R3,False,CREDIT_BUREAU
CUST-100130,2025-03-03,2025-03-03,758,R2,False,CREDIT_BUREAU
CUST-103749,2025-03-03,2025-03-03,681,R4,False,CREDIT_BUREAU
CUST-103427,2025-03-03,2025-03-03,762,R2,False,CREDIT_BUREAU
CUST-100870,2025-03-03,2025-03-03,735,R3,False,CREDIT_BUREAU
CUST-100815,2025-03-03,2025-03-03,839,R1,False,CREDIT_BUREAU
CUST-106734,2025-03-03,2025-03-03,678,R4,False,CREDIT_BUREAU
CUST-101746,2025-03-03,2025-03-03,673,R4,False,CREDIT_BUREAU
CUST-100943,2025-03-03,2025-03-03,708,R3,False,CREDIT_BUREAU
CUST-100455,2025-03-03,2025-03-03,682,R4,False,CREDIT_BUREAU
CUST-101365,2025-03-03,2025-03-03,743,R2,False,CREDIT_BUREAU
CUST-100484,2025-03-03,2025-03-03,765,R2,False,CREDIT_BUREAU
CUST-107399,2025-03-03,2025-03-03,597,R6,False,CREDIT_BUREAU
CUST-100803,2025-03-03,2025-03-03,756,R2,False,CREDIT_BUREAU
CUST-104716,2025-03-03,2025-03-03,725,R3,False,CREDIT_BUREAU
CUST-101534,2025-03-03,2025-03-03,758,R2,False,CREDIT_BUREAU
CUST-105486,2025-03-03,2025-03-03,639,R5,False,CREDIT_BUREAU
CUST-107364,2025-03-03,2025-03-03,676,R4,False,CREDIT_BUREAU
CUST-107739,2025-03-03,2025-03-03,703,R3,False,CREDIT_BUREAU
CUST-107847,2025-03-03,2025-03-03,733,R3,False,CREDIT_BUREAU
CUST-107049,2025-03-03,2025-03-03,604,R6,False,CREDIT_BUREAU
CUST-100966,2025-03-03,2025-03-03,825,R1,False,CREDIT_BUREAU
CUST-105171,2025-03-03,2025-03-03,718,R3,False,CREDIT_BUREAU
CUST-103309,2025-03-03,2025-03-03,757,R2,False,CREDIT_BUREAU
CUST-106966,2025-03-03,2025-03-03,697,R4,False,CREDIT_BUREAU
CUST-100697,2025-03-03,2025-03-03,733,R3,False,CREDIT_BUREAU
CUST-101415,2025-03-03,2025-03-03,655,R5,False,CREDIT_BUREAU
CUST-107759,2025-03-03,2025-03-03,700,R3,False,CREDIT_BUREAU
CUST-107497,2025-03-03,2025-03-03,646,R5,False,CREDIT_BUREAU
CUST-101180,2025-03-03,2025-03-03,822,R1,False,CREDIT_BUREAU
CUST-104354,2025-03-03,2025-03-03,641,R5,False,CREDIT_BUREAU
CUST-107895,2025-03-03,2025-03-03,640,R5,False,CREDIT_BUREAU
CUST-104689,2025-03-03,2025-03-03,762,R2,False,CREDIT_BUREAU
CUST-104738,2025-03-03,2025-03-03,702,R3,False,CREDIT_BUREAU
CUST-104788,2025-03-03,2025-03-03,423,R7,False,CREDIT_BUREAU
CUST-106317,2025-03-03,2025-03-03,722,R3,False,CREDIT_BUREAU
CUST-107387,2025-03-03,2025-03-03,719,R3,False,CREDIT_BUREAU
CUST-100823,2025-03-03,2025-03-03,778,R2,False,CREDIT_BUREAU
CUST-105002,2025-03-03,2025-03-03,748,R2,False,CREDIT_BUREAU
CUST-105058,2025-03-03,2025-03-03,728,R3,False,CREDIT_BUREAU
CUST-106929,2025-03-03,2025-03-03,616,R6,False,CREDIT_BUREAU
CUST-106877,2025-03-03,2025-03-03,732,R3,False,CREDIT_BUREAU
CUST-106547,2025-03-03,2025-03-03,599,R6,False,CREDIT_BUREAU
CUST-102378,2025-03-03,2025-03-03,645,R5,False,CREDIT_BUREAU
CUST-107239,2025-03-03,2025-03-03,651,R5,False,CREDIT_BUREAU
CUST-101183,2025-03-03,2025-03-03,708,R3,False,CREDIT_BUREAU
CUST-101468,2025-03-03,2025-03-03,764,R2,False,CREDIT_BUREAU
CUST-106526,2025-03-03,2025-03-03,714,R3,False,CREDIT_BUREAU
CUST-104165,2025-03-03,2025-03-03,684,R4,False,CREDIT_BUREAU
CUST-101896,2025-03-03,2025-03-03,673,R4,False,CREDIT_BUREAU
CUST-101570,2025-03-03,2025-03-03,725,R3,False,CREDIT_BUREAU
CUST-101899,2025-03-03,2025-03-03,731,R3,False,CREDIT_BUREAU
CUST-103481,2025-03-03,2025-03-03,625,R5,False,CREDIT_BUREAU
CUST-106563,2025-03-03,2025-03-03,704,R3,False,CREDIT_BUREAU
CUST-100350,2025-03-03,2025-03-03,753,R2,False,CREDIT_BUREAU
CUST-107260,2025-03-03,2025-03-03,812,R1,False,CREDIT_BUREAU
CUST-104393,2025-03-03,2025-03-03,601,R6,False,CREDIT_BUREAU
CUST-100950,2025-03-03,2025-03-03,436,R7,False,CREDIT_BUREAU
CUST-100899,2025-03-03,2025-03-03,754,R2,False,CREDIT_BUREAU
CUST-101486,2025-03-03,2025-03-03,746,R2,False,CREDIT_BUREAU
CUST-105335,2025-03-03,2025-03-03,725,R3,False,CREDIT_BUREAU
CUST-104297,2025-03-03,2025-03-03,643,R5,False,CREDIT_BUREAU
CUST-103231,2025-03-03,2025-03-03,718,R3,False,CREDIT_BUREAU
CUST-101201,2025-03-03,2025-03-03,728,R3,False,CREDIT_BUREAU
CUST-102416,2025-03-03,2025-03-03,600,R6,False,CREDIT_BUREAU
CUST-102188,2025-03-03,2025-03-03,623,R5,False,CREDIT_BUREAU
CUST-102503,2025-03-03,2025-03-03,810,R1,False,CREDIT_BUREAU
CUST-102145,2025-03-03,2025-03-03,739,R3,False,CREDIT_BUREAU
CUST-101913,2025-03-03,2025-03-03,758,R2,False,CREDIT_BUREAU
CUST-103360,2025-03-03,2025-03-03,749,R2,False,CREDIT_BUREAU
CUST-102877,2025-03-03,2025-03-03,716,R3,False,CREDIT_BUREAU
CUST-102397,2025-03-03,2025-03-03,434,R7,False,CREDIT_BUREAU
CUST-104668,2025-03-03,2025-03-03,810,R1,False,CREDIT_BUREAU
CUST-103041,2025-03-03,2025-03-03,748,R2,False,CREDIT_BUREAU
CUST-100920,2025-03-03,2025-03-03,646,R5,False,CREDIT_BUREAU
CUST-107465,2025-03-03,2025-03-03,710,R3,False,CREDIT_BUREAU
CUST-102619,2025-03-03,2025-03-03,607,R6,False,CREDIT_BUREAU
CUST-106784,2025-03-03,2025-03-03,641,R5,False,CREDIT_BUREAU
CUST-103220,2025-03-03,2025-03-03,661,R4,False,CREDIT_BUREAU
CUST-101367,2025-03-03,2025-03-03,639,R5,False,CREDIT_BUREAU
CUST-100622,2025-03-03,2025-03-03,667,R4,False,CREDIT_BUREAU
CUST-100684,2025-03-03,2025-03-03,685,R4,False,CREDIT_BUREAU
CUST-104927,2025-03-03,2025-03-03,735,R3,False,CREDIT_BUREAU
CUST-104801,2025-03-03,2025-03-03,613,R6,False,CREDIT_BUREAU
CUST-103933,2025-03-03,2025-03-03,638,R5,False,CREDIT_BUREAU
CUST-104412,2025-03-03,2025-03-03,806,R1,False,CREDIT_BUREAU
CUST-101669,2025-03-03,2025-03-03,722,R3,False,CREDIT_BUREAU
CUST-105362,2025-03-03,2025-03-03,681,R4,False,CREDIT_BUREAU
CUST-107480,2025-03-03,2025-03-03,696,R4,False,CREDIT_BUREAU
CUST-103421,2025-03-03,2025-03-03,665,R4,False,CREDIT_BUREAU
CUST-100141,2025-03-03,2025-03-03,634,R5,False,CREDIT_BUREAU
CUST-100747,2025-03-03,2025-03-03,743,R2,False,CREDIT_BUREAU
CUST-101871,2025-03-03,2025-03-03,728,R3,False,CREDIT_BUREAU
CUST-106132,2025-03-03,2025-03-03,670,R4,False,CREDIT_BUREAU
CUST-104836,2025-03-03,2025-03-03,707,R3,False,CREDIT_BUREAU
CUST-104463,2025-03-03,2025-03-03,817,R1,False,CREDIT_BUREAU
CUST-107408,2025-03-03,2025-03-03,681,R4,False,CREDIT_BUREAU
CUST-100245,2025-03-03,2025-03-03,752,R2,False,CREDIT_BUREAU
CUST-103449,2025-03-03,2025-03-03,626,R5,False,CREDIT_BUREAU
CUST-106816,2025-03-03,2025-03-03,697,R4,False,CREDIT_BUREAU
CUST-105113,2025-03-03,2025-03-03,814,R1,False,CREDIT_BUREAU
CUST-107893,2025-03-03,2025-03-03,750,R2,False,CREDIT_BUREAU
CUST-100540,2025-03-03,2025-03-03,702,R3,False,CREDIT_BUREAU
CUST-107929,2025-03-03,2025-03-03,711,R3,False,CREDIT_BUREAU
CUST-103324,2025-03-03,2025-03-03,605,R6,False,CREDIT_BUREAU
CUST-107562,2025-03-03,2025-03-03,740,R2,False,CREDIT_BUREAU
CUST-104184,2025-03-03,2025-03-03,638,R5,False,CREDIT_BUREAU
CUST-107974,2025-03-03,2025-03-03,716,R3,False,CREDIT_BUREAU
CUST-106010,2025-03-03,2025-03-03,769,R2,False,CREDIT_BUREAU
CUST-101387,2025-03-03,2025-03-03,729,R3,False,CREDIT_BUREAU
CUST-106516,2025-03-03,2025-03-03,645,R5,False,CREDIT_BUREAU
CUST-106451,2025-03-03,2025-03-03,708,R3,False,CREDIT_BUREAU
CUST-106138,2025-03-03,2025-03-03,735,R3,False,CREDIT_BUREAU
CUST-100190,2025-03-03,2025-03-03,671,R4,False,CREDIT_BUREAU
CUST-107677,2025-03-03,2025-03-03,818,R1,False,CREDIT_BUREAU
CUST-101368,2025-03-03,2025-03-03,619,R6,False,CREDIT_BUREAU
CUST-105075,2025-03-03,2025-03-03,730,R3,False,CREDIT_BUREAU
CUST-106799,2025-03-03,2025-03-03,741,R2,False,CREDIT_BUREAU
CUST-104233,2025-03-03,2025-03-03,602,R6,False,CREDIT_BUREAU
CUST-105972,2025-03-03,2025-03-03,757,R2,False,CREDIT_BUREAU
CUST-101806,2025-03-03,2025-03-03,757,R2,False,CREDIT_BUREAU
CUST-106407,2025-03-03,2025-03-03,746,R2,False,CREDIT_BUREAU
CUST-107048,2025-03-03,2025-03-03,696,R4,False,CREDIT_BUREAU
CUST-106388,2025-03-03,2025-03-03,698,R4,False,CREDIT_BUREAU
CUST-103808,2025-03-03,2025-03-03,708,R3,False,CREDIT_BUREAU
CUST-101990,2025-03-03,2025-03-03,692,R4,False,CREDIT_BUREAU
CUST-107994,2025-03-03,2025-03-03,686,R4,False,CREDIT_BUREAU
CUST-106611,2025-03-03,2025-03-03,588,R6,False,CREDIT_BUREAU
CUST-107287,2025-03-03,2025-03-03,608,R6,False,CREDIT_BUREAU
CUST-107700,2025-03-03,2025-03-03,830,R1,False,CREDIT_BUREAU
CUST-100307,2025-03-03,2025-03-03,721,R3,False,CREDIT_BUREAU
CUST-103184,2025-03-03,2025-03-03,729,R3,False,CREDIT_BUREAU
CUST-107158,2025-03-03,2025-03-03,676,R4,False,CREDIT_BUREAU
CUST-106255,2025-03-03,2025-03-03,771,R2,False,CREDIT_BUREAU
CUST-100973,2025-03-03,2025-03-03,682,R4,False,CREDIT_BUREAU
CUST-104883,2025-03-03,2025-03-03,588,R6,False,CREDIT_BUREAU
CUST-102542,2025-03-03,2025-03-03,743,R2,False,CREDIT_BUREAU
CUST-105365,2025-03-03,2025-03-03,794,R1,False,CREDIT_BUREAU
CUST-107000,2025-03-03,2025-03-03,740,R2,False,CREDIT_BUREAU
CUST-106227,2025-03-03,2025-03-03,586,R6,False,CREDIT_BUREAU
CUST-103580,2025-03-03,2025-03-03,585,R6,False,CREDIT_BUREAU
CUST-100366,2025-03-03,2025-03-03,733,R3,False,CREDIT_BUREAU
CUST-105161,2025-03-03,2025-03-03,632,R5,False,CREDIT_BUREAU
CUST-106723,2025-03-03,2025-03-03,726,R3,False,CREDIT_BUREAU
CUST-103764,2025-03-03,2025-03-03,756,R2,False,CREDIT_BUREAU
CUST-106647,2025-03-03,2025-03-03,447,R7,False,CREDIT_BUREAU
CUST-106556,2025-03-03,2025-03-03,723,R3,False,CREDIT_BUREAU
CUST-100007,2025-03-03,2025-03-03,656,R5,False,CREDIT_BUREAU
CUST-102867,2025-03-03,2025-03-03,758,R2,False,CREDIT_BUREAU
CUST-106644,2025-03-03,2025-03-03,722,R3,False,CREDIT_BUREAU
CUST-101594,2025-03-03,2025-03-03,747,R2,False,CREDIT_BUREAU
CUST-104279,2025-03-03,2025-03-03,636,R5,False,CREDIT_BUREAU
CUST-101331,2025-03-03,2025-03-03,765,R2,False,CREDIT_BUREAU
CUST-102315,2025-03-03,2025-03-03,638,R5,False,CREDIT_BUREAU
CUST-102133,2025-03-03,2025-03-03,717,R3,False,CREDIT_BUREAU
CUST-104632,2025-03-03,2025-03-03,711,R3,False,CREDIT_BUREAU
CUST-100881,2025-03-03,2025-03-03,740,R2,False,CREDIT_BUREAU
CUST-101029,2025-03-03,2025-03-03,676,R4,False,CREDIT_BUREAU
CUST-106975,2025-03-03,2025-03-03,430,R7,False,CREDIT_BUREAU
CUST-107470,2025-03-03,2025-03-03,623,R5,False,CREDIT_BUREAU
CUST-101490,2025-03-03,2025-03-03,704,R3,False,CREDIT_BUREAU
CUST-102009,2025-03-03,2025-03-03,785,R1,False,CREDIT_BUREAU
CUST-106713,2025-03-03,2025-03-03,589,R6,False,CREDIT_BUREAU
CUST-106437,2025-03-03,2025-03-03,676,R4,False,CREDIT_BUREAU
CUST-100202,2025-03-03,2025-03-03,770,R2,False,CREDIT_BUREAU
CUST-106179,2025-03-03,2025-03-03,719,R3,False,CREDIT_BUREAU
CUST-106271,2025-03-03,2025-03-03,692,R4,False,CREDIT_BUREAU
CUST-104459,2025-03-03,2025-03-03,804,R1,False,CREDIT_BUREAU
CUST-101272,2025-03-03,2025-03-03,769,R2,False,CREDIT_BUREAU
CUST-100486,2025-03-03,2025-03-03,631,R5,False,CREDIT_BUREAU
CUST-104110,2025-03-03,2025-03-03,681,R4,False,CREDIT_BUREAU
CUST-101389,2025-03-03,2025-03-03,822,R1,False,CREDIT_BUREAU
CUST-106610,2025-03-03,2025-03-03,587,R6,False,CREDIT_BUREAU
CUST-104411,2025-03-03,2025-03-03,730,R3,False,CREDIT_BUREAU
CUST-101386,2025-03-03,2025-03-03,681,R4,False,CREDIT_BUREAU
CUST-107930,2025-03-03,2025-03-03,757,R2,False,CREDIT_BUREAU
CUST-104044,2025-03-03,2025-03-03,737,R3,False,CREDIT_BUREAU
CUST-101424,2025-03-03,2025-03-03,678,R4,False,CREDIT_BUREAU
CUST-104051,2025-03-03,2025-03-03,697,R4,False,CREDIT_BUREAU
CUST-100113,2025-03-03,2025-03-03,615,R6,False,CREDIT_BUREAU
CUST-101042,2025-03-03,2025-03-03,679,R4,False,CREDIT_BUREAU
CUST-104584,2025-03-03,2025-03-03,750,R2,False,CREDIT_BUREAU
CUST-106529,2025-03-03,2025-03-03,436,R7,False,CREDIT_BUREAU
CUST-101598,2025-03-03,2025-03-03,649,R5,False,CREDIT_BUREAU
CUST-106640,2025-03-03,2025-03-03,763,R2,False,CREDIT_BUREAU
CUST-106468,2025-03-03,2025-03-03,634,R5,False,CREDIT_BUREAU
CUST-103653,2025-03-03,2025-03-03,751,R2,False,CREDIT_BUREAU
CUST-101383,2025-03-03,2025-03-03,822,R1,False,CREDIT_BUREAU
CUST-101937,2025-03-03,2025-03-03,704,R3,False,CREDIT_BUREAU
CUST-106809,2025-03-03,2025-03-03,670,R4,False,CREDIT_BUREAU
CUST-106217,2025-03-03,2025-03-03,687,R4,False,CREDIT_BUREAU
CUST-101449,2025-03-03,2025-03-03,659,R5,False,CREDIT_BUREAU
CUST-101508,2025-03-03,2025-03-03,813,R1,False,CREDIT_BUREAU
CUST-102329,2025-03-03,2025-03-03,677,R4,False,CREDIT_BUREAU
CUST-103040,2025-03-03,2025-03-03,736,R3,False,CREDIT_BUREAU
CUST-101965,2025-03-03,2025-03-03,640,R5,False,CREDIT_BUREAU
CUST-104205,2025-03-03,2025-03-03,621,R5,False,CREDIT_BUREAU
CUST-105102,2025-03-03,2025-03-03,594,R6,False,CREDIT_BUREAU
CUST-104405,2025-03-03,2025-03-03,761,R2,False,CREDIT_BUREAU
CUST-104937,2025-03-03,2025-03-03,810,R1,False,CREDIT_BUREAU
CUST-104923,2025-03-03,2025-03-03,663,R4,False,CREDIT_BUREAU
CUST-106301,2025-03-03,2025-03-03,808,R1,False,CREDIT_BUREAU
CUST-101103,2025-03-03,2025-03-03,803,R1,False,CREDIT_BUREAU
CUST-103792,2025-03-03,2025-03-03,744,R2,False,CREDIT_BUREAU
CUST-104949,2025-03-03,2025-03-03,441,R7,False,CREDIT_BUREAU
CUST-100581,2025-03-03,2025-03-03,719,R3,False,CREDIT_BUREAU
CUST-103090,2025-03-03,2025-03-03,758,R2,False,CREDIT_BUREAU
CUST-101914,2025-03-03,2025-03-03,711,R3,False,CREDIT_BUREAU
CUST-102445,2025-03-03,2025-03-03,763,R2,False,CREDIT_BUREAU
CUST-101020,2025-03-03,2025-03-03,719,R3,False,CREDIT_BUREAU
CUST-106987,2025-03-03,2025-03-03,785,R1,False,CREDIT_BUREAU
CUST-100593,2025-03-03,2025-03-03,678,R4,False,CREDIT_BUREAU
CUST-105811,2025-03-03,2025-03-03,754,R2,False,CREDIT_BUREAU
CUST-100627,2025-03-03,2025-03-03,444,R7,False,CREDIT_BUREAU
CUST-103554,2025-03-03,2025-03-03,766,R2,False,CREDIT_BUREAU
CUST-106586,2025-03-03,2025-03-03,625,R5,False,CREDIT_BUREAU
CUST-102138,2025-03-03,2025-03-03,635,R5,False,CREDIT_BUREAU
CUST-100933,2025-03-03,2025-03-03,712,R3,False,CREDIT_BUREAU
CUST-104452,2025-03-03,2025-03-03,608,R6,False,CREDIT_BUREAU
CUST-106096,2025-03-03,2025-03-03,746,R2,False,CREDIT_BUREAU
CUST-104099,2025-03-03,2025-03-03,768,R2,False,CREDIT_BUREAU
CUST-105714,2025-03-03,2025-03-03,763,R2,False,CREDIT_BUREAU
CUST-105946,2025-03-03,2025-03-03,770,R2,False,CREDIT_BUREAU
CUST-103689,2025-03-03,2025-03-03,642,R5,False,CREDIT_BUREAU
CUST-102340,2025-03-03,2025-03-03,743,R2,False,CREDIT_BUREAU
CUST-105003,2025-03-03,2025-03-03,698,R4,False,CREDIT_BUREAU
CUST-105301,2025-03-03,2025-03-03,628,R5,False,CREDIT_BUREAU
CUST-100068,2025-03-03,2025-03-03,716,R3,False,CREDIT_BUREAU
CUST-106619,2025-03-03,2025-03-03,671,R4,False,CREDIT_BUREAU
CUST-104454,2025-03-03,2025-03-03,712,R3,False,CREDIT_BUREAU
CUST-100756,2025-03-03,2025-03-03,763,R2,False,CREDIT_BUREAU
CUST-106985,2025-03-03,2025-03-03,791,R1,False,CREDIT_BUREAU
CUST-101108,2025-03-03,2025-03-03,634,R5,False,CREDIT_BUREAU
CUST-106401,2025-03-03,2025-03-03,758,R2,False,CREDIT_BUREAU
CUST-102739,2025-03-03,2025-03-03,677,R4,False,CREDIT_BUREAU
CUST-100296,2025-03-03,2025-03-03,729,R3,False,CREDIT_BUREAU
CUST-100916,2025-03-03,2025-03-03,650,R5,False,CREDIT_BUREAU
CUST-104745,2025-03-03,2025-03-03,700,R3,False,CREDIT_BUREAU
CUST-105394,2025-03-03,2025-03-03,809,R1,False,CREDIT_BUREAU
CUST-105490,2025-03-03,2025-03-03,775,R2,False,CREDIT_BUREAU
CUST-100174,2025-03-03,2025-03-03,761,R2,False,CREDIT_BUREAU
CUST-103809,2025-03-03,2025-03-03,741,R2,False,CREDIT_BUREAU
CUST-100986,2025-03-03,2025-03-03,710,R3,False,CREDIT_BUREAU
CUST-105127,2025-03-03,2025-03-03,682,R4,False,CREDIT_BUREAU
CUST-102025,2025-03-03,2025-03-03,808,R1,False,CREDIT_BUREAU
CUST-105473,2025-03-03,2025-03-03,602,R6,False,CREDIT_BUREAU
CUST-107830,2025-03-03,2025-03-03,792,R1,False,CREDIT_BUREAU
CUST-107272,2025-03-03,2025-03-03,709,R3,False,CREDIT_BUREAU
CUST-100929,2025-03-03,2025-03-03,690,R4,False,CREDIT_BUREAU
CUST-104763,2025-03-03,2025-03-03,719,R3,False,CREDIT_BUREAU
CUST-101047,2025-03-03,2025-03-03,722,R3,False,CREDIT_BUREAU
CUST-102065,2025-03-03,2025-03-03,684,R4,False,CREDIT_BUREAU
CUST-106807,2025-03-03,2025-03-03,698,R4,False,CREDIT_BUREAU
CUST-100767,2025-03-03,2025-03-03,794,R1,False,CREDIT_BUREAU
CUST-104399,2025-03-03,2025-03-03,774,R2,False,CREDIT_BUREAU
CUST-100941,2025-03-03,2025-03-03,661,R4,False,CREDIT_BUREAU
CUST-104476,2025-03-03,2025-03-03,820,R1,False,CREDIT_BUREAU
CUST-106562,2025-03-03,2025-03-03,735,R3,False,CREDIT_BUREAU
CUST-104349,2025-03-03,2025-03-03,744,R2,False,CREDIT_BUREAU
CUST-103446,2025-03-03,2025-03-03,738,R3,False,CREDIT_BUREAU
CUST-103069,2025-03-03,2025-03-03,749,R2,False,CREDIT_BUREAU
CUST-101974,2025-03-03,2025-03-03,708,R3,False,CREDIT_BUREAU
CUST-107755,2025-03-03,2025-03-03,809,R1,False,CREDIT_BUREAU
CUST-101027,2025-03-03,2025-03-03,678,R4,False,CREDIT_BUREAU
CUST-106069,2025-03-03,2025-03-03,675,R4,False,CREDIT_BUREAU
CUST-105915,2025-03-03,2025-03-03,648,R5,False,CREDIT_BUREAU
CUST-107863,2025-03-03,2025-03-03,794,R1,False,CREDIT_BUREAU
CUST-107975,2025-03-03,2025-03-03,635,R5,False,CREDIT_BUREAU
CUST-100885,2025-03-03,2025-03-03,806,R1,False,CREDIT_BUREAU
CUST-103577,2025-03-03,2025-03-03,711,R3,False,CREDIT_BUREAU
CUST-103099,2025-03-03,2025-03-03,584,R6,False,CREDIT_BUREAU
CUST-106936,2025-03-03,2025-03-03,704,R3,False,CREDIT_BUREAU
CUST-100247,2025-03-03,2025-03-03,770,R2,False,CREDIT_BUREAU
CUST-100723,2025-03-03,2025-03-03,696,R4,False,CREDIT_BUREAU
CUST-105854,2025-03-03,2025-03-03,723,R3,False,CREDIT_BUREAU
CUST-104287,2025-03-03,2025-03-03,758,R2,False,CREDIT_BUREAU
CUST-102695,2025-03-03,2025-03-03,678,R4,False,CREDIT_BUREAU
CUST-103574,2025-03-03,2025-03-03,664,R4,False,CREDIT_BUREAU
CUST-107577,2025-03-03,2025-03-03,699,R4,False,CREDIT_BUREAU
CUST-105849,2025-03-03,2025-03-03,824,R1,False,CREDIT_BUREAU
CUST-103399,2025-03-03,2025-03-03,757,R2,False,CREDIT_BUREAU
CUST-106045,2025-03-03,2025-03-03,683,R4,False,CREDIT_BUREAU
CUST-103284,2025-03-03,2025-03-03,767,R2,False,CREDIT_BUREAU
CUST-100497,2025-03-03,2025-03-03,769,R2,False,CREDIT_BUREAU
CUST-103109,2025-03-03,2025-03-03,697,R4,False,CREDIT_BUREAU
CUST-102727,2025-03-03,2025-03-03,610,R6,False,CREDIT_BUREAU
CUST-103172,2025-03-03,2025-03-03,673,R4,False,CREDIT_BUREAU
CUST-107676,2025-03-03,2025-03-03,721,R3,False,CREDIT_BUREAU
CUST-106422,2025-03-03,2025-03-03,821,R1,False,CREDIT_BUREAU
CUST-106047,2025-03-03,2025-03-03,647,R5,False,CREDIT_BUREAU
CUST-101702,2025-03-03,2025-03-03,586,R6,False,CREDIT_BUREAU
CUST-100703,2025-03-03,2025-03-03,715,R3,False,CREDIT_BUREAU
CUST-104696,2025-03-03,2025-03-03,700,R3,False,CREDIT_BUREAU
CUST-100738,2025-03-03,2025-03-03,748,R2,False,CREDIT_BUREAU
CUST-104602,2025-03-03,2025-03-03,683,R4,False,CREDIT_BUREAU
CUST-103971,2025-03-03,2025-03-03,760,R2,False,CREDIT_BUREAU
CUST-107388,2025-03-03,2025-03-03,726,R3,False,CREDIT_BUREAU
CUST-107145,2025-03-03,2025-03-03,634,R5,False,CREDIT_BUREAU
CUST-100989,2025-03-03,2025-03-03,743,R2,False,CREDIT_BUREAU
CUST-101541,2025-03-03,2025-03-03,671,R4,False,CREDIT_BUREAU
CUST-106480,2025-03-03,2025-03-03,606,R6,False,CREDIT_BUREAU
CUST-104710,2025-03-03,2025-03-03,757,R2,False,CREDIT_BUREAU
CUST-106815,2025-03-03,2025-03-03,580,R6,False,CREDIT_BUREAU
CUST-103605,2025-03-03,2025-03-03,709,R3,False,CREDIT_BUREAU
CUST-103287,2025-03-03,2025-03-03,711,R3,False,CREDIT_BUREAU
CUST-101707,2025-03-03,2025-03-03,816,R1,False,CREDIT_BUREAU
CUST-107345,2025-03-03,2025-03-03,694,R4,False,CREDIT_BUREAU
CUST-106518,2025-03-03,2025-03-03,603,R6,False,CREDIT_BUREAU
CUST-107004,2025-03-03,2025-03-03,734,R3,False,CREDIT_BUREAU
CUST-105235,2025-03-03,2025-03-03,710,R3,False,CREDIT_BUREAU
CUST-106286,2025-03-03,2025-03-03,729,R3,False,CREDIT_BUREAU
CUST-107600,2025-03-03,2025-03-03,650,R5,False,CREDIT_BUREAU
CUST-100841,2025-03-03,2025-03-03,768,R2,False,CREDIT_BUREAU
CUST-103244,2025-03-03,2025-03-03,613,R6,False,CREDIT_BUREAU
CUST-105036,2025-03-03,2025-03-03,721,R3,False,CREDIT_BUREAU
CUST-100259,2025-03-03,2025-03-03,752,R2,False,CREDIT_BUREAU
CUST-100731,2025-03-03,2025-03-03,621,R5,False,CREDIT_BUREAU
CUST-103274,2025-03-03,2025-03-03,607,R6,False,CREDIT_BUREAU
CUST-102647,2025-03-03,2025-03-03,681,R4,False,CREDIT_BUREAU
CUST-104089,2025-03-03,2025-03-03,822,R1,False,CREDIT_BUREAU
CUST-100013,2025-03-03,2025-03-03,687,R4,False,CREDIT_BUREAU
CUST-101890,2025-03-03,2025-03-03,628,R5,False,CREDIT_BUREAU
CUST-106431,2025-03-03,2025-03-03,447,R7,False,CREDIT_BUREAU
CUST-100900,2025-03-03,2025-03-03,753,R2,False,CREDIT_BUREAU
CUST-100076,2025-03-03,2025-03-03,698,R4,False,CREDIT_BUREAU
CUST-107614,2025-03-03,2025-03-03,726,R3,False,CREDIT_BUREAU
CUST-106579,2025-03-03,2025-03-03,697,R4,False,CREDIT_BUREAU
CUST-104700,2025-03-03,2025-03-03,639,R5,False,CREDIT_BUREAU
CUST-105139,2025-03-03,2025-03-03,760,R2,False,CREDIT_BUREAU
CUST-102495,2025-03-03,2025-03-03,443,R7,False,CREDIT_BUREAU
CUST-105771,2025-03-03,2025-03-03,778,R2,False,CREDIT_BUREAU
CUST-102217,2025-03-03,2025-03-03,593,R6,False,CREDIT_BUREAU
CUST-102431,2025-03-03,2025-03-03,755,R2,False,CREDIT_BUREAU
CUST-107842,2025-03-03,2025-03-03,606,R6,False,CREDIT_BUREAU
CUST-105173,2025-03-03,2025-03-03,807,R1,False,CREDIT_BUREAU
CUST-102990,2025-03-03,2025-03-03,706,R3,False,CREDIT_BUREAU
CUST-101469,2025-03-03,2025-03-03,760,R2,False,CREDIT_BUREAU
CUST-100365,2025-03-03,2025-03-03,814,R1,False,CREDIT_BUREAU
CUST-100036,2025-03-03,2025-03-03,697,R4,False,CREDIT_BUREAU
CUST-105998,2025-03-03,2025-03-03,709,R3,False,CREDIT_BUREAU
CUST-101269,2025-03-03,2025-03-03,714,R3,False,CREDIT_BUREAU
CUST-102259,2025-03-03,2025-03-03,731,R3,False,CREDIT_BUREAU
CUST-100530,2025-03-03,2025-03-03,719,R3,False,CREDIT_BUREAU
CUST-103042,2025-03-03,2025-03-03,645,R5,False,CREDIT_BUREAU
CUST-106351,2025-03-03,2025-03-03,724,R3,False,CREDIT_BUREAU
CUST-104013,2025-03-03,2025-03-03,825,R1,False,CREDIT_BUREAU
CUST-105223,2025-03-03,2025-03-03,823,R1,False,CREDIT_BUREAU
CUST-107928,2025-03-03,2025-03-03,729,R3,False,CREDIT_BUREAU
CUST-104665,2025-03-03,2025-03-03,785,R1,False,CREDIT_BUREAU
CUST-102119,2025-03-03,2025-03-03,682,R4,False,CREDIT_BUREAU
CUST-103509,2025-03-03,2025-03-03,445,R7,False,CREDIT_BUREAU
CUST-106311,2025-03-03,2025-03-03,810,R1,False,CREDIT_BUREAU
CUST-101699,2025-03-03,2025-03-03,664,R4,False,CREDIT_BUREAU
CUST-101769,2025-03-03,2025-03-03,623,R5,False,CREDIT_BUREAU
CUST-106252,2025-03-03,2025-03-03,691,R4,False,CREDIT_BUREAU
CUST-107096,2025-03-03,2025-03-03,833,R1,False,CREDIT_BUREAU
CUST-100557,2025-03-03,2025-03-03,633,R5,False,CREDIT_BUREAU
CUST-107925,2025-03-03,2025-03-03,650,R5,False,CREDIT_BUREAU
CUST-106699,2025-03-03,2025-03-03,704,R3,False,CREDIT_BUREAU
CUST-101284,2025-03-03,2025-03-03,654,R5,False,CREDIT_BUREAU
CUST-105893,2025-03-03,2025-03-03,713,R3,False,CREDIT_BUREAU
CUST-107134,2025-03-03,2025-03-03,701,R3,False,CREDIT_BUREAU
CUST-106294,2025-03-03,2025-03-03,682,R4,False,CREDIT_BUREAU
CUST-103357,2025-03-03,2025-03-03,674,R4,False,CREDIT_BUREAU
CUST-107200,2025-03-03,2025-03-03,748,R2,False,CREDIT_BUREAU
CUST-102837,2025-03-03,2025-03-03,594,R6,False,CREDIT_BUREAU
CUST-107147,2025-03-03,2025-03-03,691,R4,False,CREDIT_BUREAU
CUST-101802,2025-03-03,2025-03-03,724,R3,False,CREDIT_BUREAU
CUST-105261,2025-03-03,2025-03-03,817,R1,False,CREDIT_BUREAU
CUST-107034,2025-03-03,2025-03-03,821,R1,False,CREDIT_BUREAU
CUST-102268,2025-03-03,2025-03-03,707,R3,False,CREDIT_BUREAU
CUST-105256,2025-03-03,2025-03-03,836,R1,False,CREDIT_BUREAU
CUST-104576,2025-03-03,2025-03-03,728,R3,False,CREDIT_BUREAU
CUST-107559,2025-03-03,2025-03-03,744,R2,False,CREDIT_BUREAU
CUST-104290,2025-03-03,2025-03-03,694,R4,False,CREDIT_BUREAU
CUST-100275,2025-03-03,2025-03-03,657,R5,False,CREDIT_BUREAU
CUST-105896,2025-03-03,2025-03-03,692,R4,False,CREDIT_BUREAU
CUST-104076,2025-03-03,2025-03-03,820,R1,False,CREDIT_BUREAU
CUST-103736,2025-03-03,2025-03-03,675,R4,False,CREDIT_BUREAU
CUST-102446,2025-03-03,2025-03-03,713,R3,False,CREDIT_BUREAU
CUST-102854,2025-03-03,2025-03-03,757,R2,False,CREDIT_BUREAU
CUST-102243,2025-03-03,2025-03-03,626,R5,False,CREDIT_BUREAU
CUST-100291,2025-03-03,2025-03-03,459,R7,False,CREDIT_BUREAU
CUST-102778,2025-03-03,2025-03-03,631,R5,False,CREDIT_BUREAU
CUST-105310,2025-03-03,2025-03-03,672,R4,False,CREDIT_BUREAU
CUST-100333,2025-03-03,2025-03-03,424,R7,False,CREDIT_BUREAU
CUST-105743,2025-03-03,2025-03-03,669,R4,False,CREDIT_BUREAU
CUST-104441,2025-03-03,2025-03-03,757,R2,False,CREDIT_BUREAU
CUST-100666,2025-03-03,2025-03-03,740,R2,False,CREDIT_BUREAU
CUST-103342,2025-03-03,2025-03-03,757,R2,False,CREDIT_BUREAU
CUST-105016,2025-03-03,2025-03-03,706,R3,False,CREDIT_BUREAU
CUST-105922,2025-03-03,2025-03-03,437,R7,False,CREDIT_BUREAU
CUST-105420,2025-03-03,2025-03-03,758,R2,False,CREDIT_BUREAU
CUST-100330,2025-03-03,2025-03-03,670,R4,False,CREDIT_BUREAU
CUST-103410,2025-03-03,2025-03-03,815,R1,False,CREDIT_BUREAU
CUST-103712,2025-03-03,2025-03-03,688,R4,False,CREDIT_BUREAU
CUST-107348,2025-03-03,2025-03-03,714,R3,False,CREDIT_BUREAU
CUST-103327,2025-03-03,2025-03-03,719,R3,False,CREDIT_BUREAU
CUST-100018,2025-03-03,2025-03-03,651,R5,False,CREDIT_BUREAU
CUST-100718,2025-03-03,2025-03-03,801,R1,False,CREDIT_BUREAU
CUST-106429,2025-03-03,2025-03-03,656,R5,False,CREDIT_BUREAU
CUST-107838,2025-03-03,2025-03-03,653,R5,False,CREDIT_BUREAU
CUST-104431,2025-03-03,2025-03-03,652,R5,False,CREDIT_BUREAU
CUST-107802,2025-03-03,2025-03-03,808,R1,False,CREDIT_BUREAU
CUST-103391,2025-03-03,2025-03-03,669,R4,False,CREDIT_BUREAU
CUST-102081,2025-03-03,2025-03-03,731,R3,False,CREDIT_BUREAU
CUST-105251,2025-03-03,2025-03-03,767,R2,False,CREDIT_BUREAU
CUST-105396,2025-03-03,2025-03-03,764,R2,False,CREDIT_BUREAU
CUST-104723,2025-03-03,2025-03-03,716,R3,False,CREDIT_BUREAU
CUST-102565,2025-03-03,2025-03-03,648,R5,False,CREDIT_BUREAU
CUST-103165,2025-03-03,2025-03-03,694,R4,False,CREDIT_BUREAU
CUST-107478,2025-03-03,2025-03-03,758,R2,False,CREDIT_BUREAU
CUST-100446,2025-03-03,2025-03-03,769,R2,False,CREDIT_BUREAU
CUST-105569,2025-03-03,2025-03-03,752,R2,False,CREDIT_BUREAU
CUST-100298,2025-03-03,2025-03-03,704,R3,False,CREDIT_BUREAU
CUST-103710,2025-03-03,2025-03-03,803,R1,False,CREDIT_BUREAU
CUST-106199,2025-03-03,2025-03-03,717,R3,False,CREDIT_BUREAU
CUST-102043,2025-03-03,2025-03-03,659,R5,False,CREDIT_BUREAU
CUST-103640,2025-03-03,2025-03-03,631,R5,False,CREDIT_BUREAU
CUST-102428,2025-03-03,2025-03-03,694,R4,False,CREDIT_BUREAU
CUST-102942,2025-03-03,2025-03-03,687,R4,False,CREDIT_BUREAU
CUST-103784,2025-03-03,2025-03-03,652,R5,False,CREDIT_BUREAU
CUST-104656,2025-03-03,2025-03-03,609,R6,False,CREDIT_BUREAU
CUST-100037,2025-03-03,2025-03-03,763,R2,False,CREDIT_BUREAU
CUST-105985,2025-03-03,2025-03-03,820,R1,False,CREDIT_BUREAU
CUST-102162,2025-03-03,2025-03-03,824,R1,False,CREDIT_BUREAU
CUST-100338,2025-03-03,2025-03-03,662,R4,False,CREDIT_BUREAU
CUST-101300,2025-03-03,2025-03-03,765,R2,False,CREDIT_BUREAU
CUST-102318,2025-03-03,2025-03-03,669,R4,False,CREDIT_BUREAU
CUST-107728,2025-03-03,2025-03-03,698,R4,False,CREDIT_BUREAU
CUST-106618,2025-03-03,2025-03-03,743,R2,False,CREDIT_BUREAU
CUST-102698,2025-03-03,2025-03-03,764,R2,False,CREDIT_BUREAU
CUST-101966,2025-03-03,2025-03-03,730,R3,False,CREDIT_BUREAU
CUST-107220,2025-03-03,2025-03-03,719,R3,False,CREDIT_BUREAU
CUST-104868,2025-03-03,2025-03-03,727,R3,False,CREDIT_BUREAU
CUST-104645,2025-03-03,2025-03-03,696,R4,False,CREDIT_BUREAU
CUST-104007,2025-03-03,2025-03-03,687,R4,False,CREDIT_BUREAU
CUST-101720,2025-03-03,2025-03-03,750,R2,False,CREDIT_BUREAU
CUST-100735,2025-03-03,2025-03-03,711,R3,False,CREDIT_BUREAU
CUST-106627,2025-03-03,2025-03-03,643,R5,False,CREDIT_BUREAU
CUST-106511,2025-03-03,2025-03-03,722,R3,False,CREDIT_BUREAU
CUST-105891,2025-03-03,2025-03-03,640,R5,False,CREDIT_BUREAU
CUST-100879,2025-03-03,2025-03-03,644,R5,False,CREDIT_BUREAU
CUST-101379,2025-03-03,2025-03-03,768,R2,False,CREDIT_BUREAU
CUST-107748,2025-03-03,2025-03-03,665,R4,False,CREDIT_BUREAU
CUST-103966,2025-03-03,2025-03-03,679,R4,False,CREDIT_BUREAU
CUST-102575,2025-03-03,2025-03-03,813,R1,False,CREDIT_BUREAU
CUST-102807,2025-03-03,2025-03-03,728,R3,False,CREDIT_BUREAU
CUST-100250,2025-03-03,2025-03-03,677,R4,False,CREDIT_BUREAU
CUST-103044,2025-03-03,2025-03-03,585,R6,False,CREDIT_BUREAU
CUST-107610,2025-03-03,2025-03-03,670,R4,False,CREDIT_BUREAU
CUST-102894,2025-03-03,2025-03-03,733,R3,False,CREDIT_BUREAU
CUST-107796,2025-03-03,2025-03-03,631,R5,False,CREDIT_BUREAU
CUST-105160,2025-03-03,2025-03-03,653,R5,False,CREDIT_BUREAU
CUST-100934,2025-03-03,2025-03-03,728,R3,False,CREDIT_BUREAU
CUST-102212,2025-03-03,2025-03-03,704,R3,False,CREDIT_BUREAU
CUST-102901,2025-03-03,2025-03-03,722,R3,False,CREDIT_BUREAU
CUST-100422,2025-03-03,2025-03-03,816,R1,False,CREDIT_BUREAU
CUST-105268,2025-03-03,2025-03-03,710,R3,False,CREDIT_BUREAU
CUST-107746,2025-03-03,2025-03-03,633,R5,False,CREDIT_BUREAU
CUST-106905,2025-03-03,2025-03-03,693,R4,False,CREDIT_BUREAU
CUST-107307,2025-03-03,2025-03-03,767,R2,False,CREDIT_BUREAU
CUST-103030,2025-03-03,2025-03-03,659,R5,False,CREDIT_BUREAU
CUST-103161,2025-03-03,2025-03-03,711,R3,False,CREDIT_BUREAU
CUST-104747,2025-03-03,2025-03-03,820,R1,False,CREDIT_BUREAU
CUST-104616,2025-03-03,2025-03-03,612,R6,False,CREDIT_BUREAU
CUST-104920,2025-03-03,2025-03-03,759,R2,False,CREDIT_BUREAU
CUST-101512,2025-03-03,2025-03-03,798,R1,False,CREDIT_BUREAU
CUST-106378,2025-03-03,2025-03-03,722,R3,False,CREDIT_BUREAU
CUST-100970,2025-03-03,2025-03-03,693,R4,False,CREDIT_BUREAU
CUST-106748,2025-03-03,2025-03-03,633,R5,False,CREDIT_BUREAU
CUST-102113,2025-03-03,2025-03-03,644,R5,False,CREDIT_BUREAU
CUST-100305,2025-03-03,2025-03-03,734,R3,False,CREDIT_BUREAU
CUST-100889,2025-03-03,2025-03-03,686,R4,False,CREDIT_BUREAU
CUST-103671,2025-03-03,2025-03-03,699,R4,False,CREDIT_BUREAU
CUST-100348,2025-03-03,2025-03-03,815,R1,False,CREDIT_BUREAU
CUST-103283,2025-03-03,2025-03-03,773,R2,False,CREDIT_BUREAU
CUST-105712,2025-03-03,2025-03-03,649,R5,False,CREDIT_BUREAU
CUST-104499,2025-03-03,2025-03-03,828,R1,False,CREDIT_BUREAU
CUST-102768,2025-03-03,2025-03-03,803,R1,False,CREDIT_BUREAU
CUST-101092,2025-03-03,2025-03-03,801,R1,False,CREDIT_BUREAU
CUST-100423,2025-03-03,2025-03-03,683,R4,False,CREDIT_BUREAU
CUST-100204,2025-03-03,2025-03-03,683,R4,False,CREDIT_BUREAU
CUST-106925,2025-03-03,2025-03-03,696,R4,False,CREDIT_BUREAU
CUST-102607,2025-03-03,2025-03-03,714,R3,False,CREDIT_BUREAU
CUST-104137,2025-03-03,2025-03-03,679,R4,False,CREDIT_BUREAU
CUST-105163,2025-03-03,2025-03-03,697,R4,False,CREDIT_BUREAU
CUST-104117,2025-03-03,2025-03-03,689,R4,False,CREDIT_BUREAU
CUST-104934,2025-03-03,2025-03-03,717,R3,False,CREDIT_BUREAU
CUST-104404,2025-03-03,2025-03-03,737,R3,False,CREDIT_BUREAU
CUST-102949,2025-03-03,2025-03-03,822,R1,False,CREDIT_BUREAU
CUST-106279,2025-03-03,2025-03-03,605,R6,False,CREDIT_BUREAU
CUST-105786,2025-03-03,2025-03-03,648,R5,False,CREDIT_BUREAU
CUST-103775,2025-03-03,2025-03-03,772,R2,False,CREDIT_BUREAU
CUST-104069,2025-03-03,2025-03-03,832,R1,False,CREDIT_BUREAU
CUST-104342,2025-03-03,2025-03-03,655,R5,False,CREDIT_BUREAU
CUST-106573,2025-03-03,2025-03-03,728,R3,False,CREDIT_BUREAU
CUST-102661,2025-03-03,2025-03-03,714,R3,False,CREDIT_BUREAU
CUST-101614,2025-03-03,2025-03-03,765,R2,False,CREDIT_BUREAU
CUST-104929,2025-03-03,2025-03-03,640,R5,False,CREDIT_BUREAU
CUST-100166,2025-03-03,2025-03-03,653,R5,False,CREDIT_BUREAU
CUST-107274,2025-03-03,2025-03-03,691,R4,False,CREDIT_BUREAU
CUST-106259,2025-03-03,2025-03-03,694,R4,False,CREDIT_BUREAU
CUST-100856,2025-03-03,2025-03-03,779,R2,False,CREDIT_BUREAU
CUST-103002,2025-03-03,2025-03-03,774,R2,False,CREDIT_BUREAU
CUST-100804,2025-03-03,2025-03-03,687,R4,False,CREDIT_BUREAU
CUST-101983,2025-03-03,2025-03-03,681,R4,False,CREDIT_BUREAU
CUST-101950,2025-03-03,2025-03-03,724,R3,False,CREDIT_BUREAU
CUST-104299,2025-03-03,2025-03-03,722,R3,False,CREDIT_BUREAU
CUST-107795,2025-03-03,2025-03-03,677,R4,False,CREDIT_BUREAU
CUST-106793,2025-03-03,2025-03-03,788,R1,False,CREDIT_BUREAU
CUST-103143,2025-03-03,2025-03-03,602,R6,False,CREDIT_BUREAU
CUST-100125,2025-03-03,2025-03-03,689,R4,False,CREDIT_BUREAU
CUST-105198,2025-03-03,2025-03-03,733,R3,False,CREDIT_BUREAU
CUST-104844,2025-03-03,2025-03-03,788,R1,False,CREDIT_BUREAU
CUST-100145,2025-03-03,2025-03-03,754,R2,False,CREDIT_BUREAU
CUST-101819,2025-03-03,2025-03-03,769,R2,False,CREDIT_BUREAU
CUST-103351,2025-03-03,2025-03-03,819,R1,False,CREDIT_BUREAU
CUST-102825,2025-03-03,2025-03-03,818,R1,False,CREDIT_BUREAU
CUST-101703,2025-03-03,2025-03-03,671,R4,False,CREDIT_BUREAU
CUST-105879,2025-03-03,2025-03-03,811,R1,False,CREDIT_BUREAU
CUST-103503,2025-03-03,2025-03-03,697,R4,False,CREDIT_BUREAU
CUST-105482,2025-03-03,2025-03-03,716,R3,False,CREDIT_BUREAU
CUST-103720,2025-03-03,2025-03-03,414,R7,False,CREDIT_BUREAU
CUST-104871,2025-03-03,2025-03-03,577,R7,False,CREDIT_BUREAU
CUST-100584,2025-03-03,2025-03-03,773,R2,False,CREDIT_BUREAU
CUST-103879,2025-03-03,2025-03-03,666,R4,False,CREDIT_BUREAU
CUST-100975,2025-03-03,2025-03-03,750,R2,False,CREDIT_BUREAU
CUST-107042,2025-03-03,2025-03-03,743,R2,False,CREDIT_BUREAU
CUST-102307,2025-03-03,2025-03-03,595,R6,False,CREDIT_BUREAU
CUST-107747,2025-03-03,2025-03-03,643,R5,False,CREDIT_BUREAU
CUST-101245,2025-03-03,2025-03-03,639,R5,False,CREDIT_BUREAU
CUST-107576,2025-03-03,2025-03-03,451,R7,False,CREDIT_BUREAU
CUST-100428,2025-03-03,2025-03-03,631,R5,False,CREDIT_BUREAU
CUST-104501,2025-03-03,2025-03-03,707,R3,False,CREDIT_BUREAU
CUST-107911,2025-03-03,2025-03-03,629,R5,False,CREDIT_BUREAU
CUST-100839,2025-03-03,2025-03-03,720,R3,False,CREDIT_BUREAU
CUST-105076,2025-03-03,2025-03-03,718,R3,False,CREDIT_BUREAU
CUST-106249,2025-03-03,2025-03-03,755,R2,False,CREDIT_BUREAU
CUST-106659,2025-03-03,2025-03-03,803,R1,False,CREDIT_BUREAU
CUST-100392,2025-03-03,2025-03-03,825,R1,False,CREDIT_BUREAU
CUST-101153,2025-03-03,2025-03-03,742,R2,False,CREDIT_BUREAU
CUST-105195,2025-03-03,2025-03-03,630,R5,False,CREDIT_BUREAU
CUST-100927,2025-03-03,2025-03-03,756,R2,False,CREDIT_BUREAU
CUST-103937,2025-03-03,2025-03-03,716,R3,False,CREDIT_BUREAU
CUST-107713,2025-03-03,2025-03-03,701,R3,False,CREDIT_BUREAU
CUST-103553,2025-03-03,2025-03-03,755,R2,False,CREDIT_BUREAU
CUST-102606,2025-03-03,2025-03-03,797,R1,False,CREDIT_BUREAU
CUST-104438,2025-03-03,2025-03-03,609,R6,False,CREDIT_BUREAU
CUST-105442,2025-03-03,2025-03-03,807,R1,False,CREDIT_BUREAU
CUST-105047,2025-03-03,2025-03-03,655,R5,False,CREDIT_BUREAU
CUST-102444,2025-03-03,2025-03-03,755,R2,False,CREDIT_BUREAU
CUST-105923,2025-03-03,2025-03-03,718,R3,False,CREDIT_BUREAU
CUST-104765,2025-03-03,2025-03-03,763,R2,False,CREDIT_BUREAU
CUST-104001,2025-03-03,2025-03-03,709,R3,False,CREDIT_BUREAU
CUST-107163,2025-03-03,2025-03-03,835,R1,False,CREDIT_BUREAU
CUST-104347,2025-03-03,2025-03-03,677,R4,False,CREDIT_BUREAU
CUST-103345,2025-03-03,2025-03-03,627,R5,False,CREDIT_BUREAU
CUST-100629,2025-03-03,2025-03-03,753,R2,False,CREDIT_BUREAU
CUST-107586,2025-03-03,2025-03-03,803,R1,False,CREDIT_BUREAU
CUST-103258,2025-03-03,2025-03-03,768,R2,False,CREDIT_BUREAU
CUST-103147,2025-03-03,2025-03-03,585,R6,False,CREDIT_BUREAU
CUST-106187,2025-03-03,2025-03-03,728,R3,False,CREDIT_BUREAU
CUST-106053,2025-03-03,2025-03-03,773,R2,False,CREDIT_BUREAU
CUST-102379,2025-03-03,2025-03-03,816,R1,False,CREDIT_BUREAU
CUST-100598,2025-03-03,2025-03-03,720,R3,False,CREDIT_BUREAU
CUST-105836,2025-03-03,2025-03-03,666,R4,False,CREDIT_BUREAU
CUST-106102,2025-03-03,2025-03-03,740,R2,False,CREDIT_BUREAU
CUST-100362,2025-03-03,2025-03-03,720,R3,False,CREDIT_BUREAU
CUST-100643,2025-03-03,2025-03-03,617,R6,False,CREDIT_BUREAU
CUST-104590,2025-03-03,2025-03-03,761,R2,False,CREDIT_BUREAU
CUST-102622,2025-03-03,2025-03-03,660,R4,False,CREDIT_BUREAU
CUST-105531,2025-03-03,2025-03-03,663,R4,False,CREDIT_BUREAU
CUST-101782,2025-03-03,2025-03-03,759,R2,False,CREDIT_BUREAU
CUST-100995,2025-03-03,2025-03-03,590,R6,False,CREDIT_BUREAU
CUST-103964,2025-03-03,2025-03-03,753,R2,False,CREDIT_BUREAU
CUST-104714,2025-03-03,2025-03-03,724,R3,False,CREDIT_BUREAU
CUST-100534,2025-03-03,2025-03-03,700,R3,False,CREDIT_BUREAU
CUST-107413,2025-03-03,2025-03-03,608,R6,False,CREDIT_BUREAU
CUST-100564,2025-03-03,2025-03-03,805,R1,False,CREDIT_BUREAU
CUST-104622,2025-03-03,2025-03-03,770,R2,False,CREDIT_BUREAU
CUST-107891,2025-03-03,2025-03-03,749,R2,False,CREDIT_BUREAU
CUST-105506,2025-03-03,2025-03-03,633,R5,False,CREDIT_BUREAU
CUST-100901,2025-03-03,2025-03-03,780,R1,False,CREDIT_BUREAU
CUST-100261,2025-03-03,2025-03-03,830,R1,False,CREDIT_BUREAU
CUST-100599,2025-03-03,2025-03-03,676,R4,False,CREDIT_BUREAU
CUST-104170,2025-03-03,2025-03-03,749,R2,False,CREDIT_BUREAU
CUST-105416,2025-03-03,2025-03-03,687,R4,False,CREDIT_BUREAU
CUST-103467,2025-03-03,2025-03-03,798,R1,False,CREDIT_BUREAU
CUST-101017,2025-03-03,2025-03-03,807,R1,False,CREDIT_BUREAU
CUST-106063,2025-03-03,2025-03-03,767,R2,False,CREDIT_BUREAU
CUST-101823,2025-03-03,2025-03-03,750,R2,False,CREDIT_BUREAU
CUST-104079,2025-03-03,2025-03-03,755,R2,False,CREDIT_BUREAU
CUST-103338,2025-03-03,2025-03-03,787,R1,False,CREDIT_BUREAU
CUST-105300,2025-03-03,2025-03-03,808,R1,False,CREDIT_BUREAU
CUST-105497,2025-03-03,2025-03-03,770,R2,False,CREDIT_BUREAU
CUST-101090,2025-03-03,2025-03-03,672,R4,False,CREDIT_BUREAU
CUST-105250,2025-03-03,2025-03-03,447,R7,False,CREDIT_BUREAU
CUST-100088,2025-03-03,2025-03-03,661,R4,False,CREDIT_BUREAU
CUST-102696,2025-03-03,2025-03-03,719,R3,False,CREDIT_BUREAU
CUST-102819,2025-03-03,2025-03-03,645,R5,False,CREDIT_BUREAU
CUST-102976,2025-03-03,2025-03-03,750,R2,False,CREDIT_BUREAU
CUST-105991,2025-03-03,2025-03-03,708,R3,False,CREDIT_BUREAU
CUST-104921,2025-03-03,2025-03-03,676,R4,False,CREDIT_BUREAU
CUST-103771,2025-03-03,2025-03-03,662,R4,False,CREDIT_BUREAU
CUST-105864,2025-03-03,2025-03-03,634,R5,False,CREDIT_BUREAU
CUST-104451,2025-03-03,2025-03-03,751,R2,False,CREDIT_BUREAU
CUST-102594,2025-03-03,2025-03-03,782,R1,False,CREDIT_BUREAU
CUST-102657,2025-03-03,2025-03-03,648,R5,False,CREDIT_BUREAU
CUST-100378,2025-03-03,2025-03-03,836,R1,False,CREDIT_BUREAU
CUST-101845,2025-03-03,2025-03-03,598,R6,False,CREDIT_BUREAU
CUST-100251,2025-03-03,2025-03-03,734,R3,False,CREDIT_BUREAU
CUST-105406,2025-03-03,2025-03-03,676,R4,False,CREDIT_BUREAU
CUST-101111,2025-03-03,2025-03-03,753,R2,False,CREDIT_BUREAU
CUST-104826,2025-03-03,2025-03-03,830,R1,False,CREDIT_BUREAU
CUST-105398,2025-03-03,2025-03-03,725,R3,False,CREDIT_BUREAU
CUST-102080,2025-03-03,2025-03-03,805,R1,False,CREDIT_BUREAU
CUST-106602,2025-03-03,2025-03-03,649,R5,False,CREDIT_BUREAU
CUST-106183,2025-03-03,2025-03-03,665,R4,False,CREDIT_BUREAU
CUST-104722,2025-03-03,2025-03-03,750,R2,False,CREDIT_BUREAU
CUST-103863,2025-03-03,2025-03-03,641,R5,False,CREDIT_BUREAU
CUST-105673,2025-03-03,2025-03-03,717,R3,False,CREDIT_BUREAU
CUST-104981,2025-03-03,2025-03-03,684,R4,False,CREDIT_BUREAU
CUST-101951,2025-03-03,2025-03-03,810,R1,False,CREDIT_BUREAU
CUST-104472,2025-03-03,2025-03-03,685,R4,False,CREDIT_BUREAU
CUST-107587,2025-03-03,2025-03-03,734,R3,False,CREDIT_BUREAU
CUST-105865,2025-03-03,2025-03-03,632,R5,False,CREDIT_BUREAU
CUST-102333,2025-03-03,2025-03-03,764,R2,False,CREDIT_BUREAU
CUST-106553,2025-03-03,2025-03-03,814,R1,False,CREDIT_BUREAU
CUST-107920,2025-03-03,2025-03-03,721,R3,False,CREDIT_BUREAU
CUST-107667,2025-03-03,2025-03-03,649,R5,False,CREDIT_BUREAU
CUST-101900,2025-03-03,2025-03-03,755,R2,False,CREDIT_BUREAU
CUST-104888,2025-03-03,2025-03-03,757,R2,False,CREDIT_BUREAU
CUST-100395,2025-03-03,2025-03-03,751,R2,False,CREDIT_BUREAU
CUST-106116,2025-03-03,2025-03-03,821,R1,False,CREDIT_BUREAU
CUST-107773,2025-03-03,2025-03-03,601,R6,False,CREDIT_BUREAU
CUST-105368,2025-03-03,2025-03-03,692,R4,False,CREDIT_BUREAU
CUST-102772,2025-03-03,2025-03-03,716,R3,False,CREDIT_BUREAU
CUST-107473,2025-03-03,2025-03-03,764,R2,False,CREDIT_BUREAU
CUST-100046,2025-03-03,2025-03-03,684,R4,False,CREDIT_BUREAU
CUST-101431,2025-03-03,2025-03-03,701,R3,False,CREDIT_BUREAU
CUST-104776,2025-03-03,2025-03-03,634,R5,False,CREDIT_BUREAU
CUST-103798,2025-03-03,2025-03-03,756,R2,False,CREDIT_BUREAU
CUST-102234,2025-03-03,2025-03-03,671,R4,False,CREDIT_BUREAU
CUST-104520,2025-03-03,2025-03-03,836,R1,False,CREDIT_BUREAU
CUST-106928,2025-03-03,2025-03-03,627,R5,False,CREDIT_BUREAU
CUST-103223,2025-03-03,2025-03-03,800,R1,False,CREDIT_BUREAU
CUST-106764,2025-03-03,2025-03-03,683,R4,False,CREDIT_BUREAU
CUST-103441,2025-03-03,2025-03-03,759,R2,False,CREDIT_BUREAU
CUST-106348,2025-03-03,2025-03-03,807,R1,False,CREDIT_BUREAU
CUST-106935,2025-03-03,2025-03-03,824,R1,False,CREDIT_BUREAU
CUST-101539,2025-03-03,2025-03-03,666,R4,False,CREDIT_BUREAU
CUST-100543,2025-03-03,2025-03-03,732,R3,False,CREDIT_BUREAU
CUST-104732,2025-03-03,2025-03-03,727,R3,False,CREDIT_BUREAU
CUST-104271,2025-03-03,2025-03-03,716,R3,False,CREDIT_BUREAU
CUST-105681,2025-03-03,2025-03-03,828,R1,False,CREDIT_BUREAU
CUST-106035,2025-03-03,2025-03-03,703,R3,False,CREDIT_BUREAU
CUST-102098,2025-03-03,2025-03-03,667,R4,False,CREDIT_BUREAU
CUST-102441,2025-03-03,2025-03-03,719,R3,False,CREDIT_BUREAU
CUST-107107,2025-03-03,2025-03-03,642,R5,False,CREDIT_BUREAU
CUST-106548,2025-03-03,2025-03-03,622,R5,False,CREDIT_BUREAU
CUST-103465,2025-03-03,2025-03-03,639,R5,False,CREDIT_BUREAU
CUST-107539,2025-03-03,2025-03-03,646,R5,False,CREDIT_BUREAU
CUST-106384,2025-03-03,2025-03-03,750,R2,False,CREDIT_BUREAU
CUST-106417,2025-03-03,2025-03-03,809,R1,False,CREDIT_BUREAU
CUST-102405,2025-03-03,2025-03-03,626,R5,False,CREDIT_BUREAU
CUST-106519,2025-03-03,2025-03-03,807,R1,False,CREDIT_BUREAU
CUST-105937,2025-03-03,2025-03-03,644,R5,False,CREDIT_BUREAU
CUST-106098,2025-03-03,2025-03-03,636,R5,False,CREDIT_BUREAU
CUST-104145,2025-03-03,2025-03-03,766,R2,False,CREDIT_BUREAU
CUST-107378,2025-03-03,2025-03-03,570,R7,False,CREDIT_BUREAU
CUST-107732,2025-03-03,2025-03-03,761,R2,False,CREDIT_BUREAU
CUST-106867,2025-03-03,2025-03-03,730,R3,False,CREDIT_BUREAU
CUST-105887,2025-03-03,2025-03-03,652,R5,False,CREDIT_BUREAU
CUST-107318,2025-03-03,2025-03-03,809,R1,False,CREDIT_BUREAU
CUST-106759,2025-03-03,2025-03-03,634,R5,False,CREDIT_BUREAU
CUST-105763,2025-03-03,2025-03-03,664,R4,False,CREDIT_BUREAU
CUST-104221,2025-03-03,2025-03-03,665,R4,False,CREDIT_BUREAU
CUST-106081,2025-03-03,2025-03-03,801,R1,False,CREDIT_BUREAU
CUST-100932,2025-03-03,2025-03-03,655,R5,False,CREDIT_BUREAU
CUST-105230,2025-03-03,2025-03-03,726,R3,False,CREDIT_BUREAU
CUST-107720,2025-03-03,2025-03-03,668,R4,False,CREDIT_BUREAU
CUST-106440,2025-03-03,2025-03-03,682,R4,False,CREDIT_BUREAU
CUST-101211,2025-03-03,2025-03-03,677,R4,False,CREDIT_BUREAU
CUST-106189,2025-03-03,2025-03-03,672,R4,False,CREDIT_BUREAU
CUST-103081,2025-03-03,2025-03-03,602,R6,False,CREDIT_BUREAU
CUST-103832,2025-03-03,2025-03-03,692,R4,False,CREDIT_BUREAU
CUST-104200,2025-03-03,2025-03-03,816,R1,False,CREDIT_BUREAU
CUST-104070,2025-03-03,2025-03-03,724,R3,False,CREDIT_BUREAU
CUST-105941,2025-03-03,2025-03-03,663,R4,False,CREDIT_BUREAU
CUST-105508,2025-03-03,2025-03-03,757,R2,False,CREDIT_BUREAU
CUST-103804,2025-03-03,2025-03-03,759,R2,False,CREDIT_BUREAU
CUST-103118,2025-03-03,2025-03-03,744,R2,False,CREDIT_BUREAU
CUST-105686,2025-03-03,2025-03-03,710,R3,False,CREDIT_BUREAU
CUST-101080,2025-03-03,2025-03-03,626,R5,False,CREDIT_BUREAU
CUST-101276,2025-03-03,2025-03-03,703,R3,False,CREDIT_BUREAU
CUST-103846,2025-03-03,2025-03-03,623,R5,False,CREDIT_BUREAU
CUST-102982,2025-03-03,2025-03-03,672,R4,False,CREDIT_BUREAU
CUST-104654,2025-03-03,2025-03-03,679,R4,False,CREDIT_BUREAU
CUST-101010,2025-03-03,2025-03-03,685,R4,False,CREDIT_BUREAU
CUST-107769,2025-03-03,2025-03-03,684,R4,False,CREDIT_BUREAU
CUST-103337,2025-03-03,2025-03-03,684,R4,False,CREDIT_BUREAU
CUST-106314,2025-03-03,2025-03-03,742,R2,False,CREDIT_BUREAU
CUST-106018,2025-03-03,2025-03-03,752,R2,False,CREDIT_BUREAU
CUST-107453,2025-03-03,2025-03-03,669,R4,False,CREDIT_BUREAU
CUST-102509,2025-03-03,2025-03-03,772,R2,False,CREDIT_BUREAU
CUST-101554,2025-03-03,2025-03-03,810,R1,False,CREDIT_BUREAU
CUST-101048,2025-03-03,2025-03-03,747,R2,False,CREDIT_BUREAU
CUST-104573,2025-03-03,2025-03-03,772,R2,False,CREDIT_BUREAU
CUST-106049,2025-03-03,2025-03-03,671,R4,False,CREDIT_BUREAU
CUST-103050,2025-03-03,2025-03-03,821,R1,False,CREDIT_BUREAU
CUST-101475,2025-03-03,2025-03-03,676,R4,False,CREDIT_BUREAU
CUST-106424,2025-03-03,2025-03-03,637,R5,False,CREDIT_BUREAU
CUST-104102,2025-03-03,2025-03-03,725,R3,False,CREDIT_BUREAU
CUST-102865,2025-03-03,2025-03-03,715,R3,False,CREDIT_BUREAU
CUST-106628,2025-03-03,2025-03-03,730,R3,False,CREDIT_BUREAU
CUST-104904,2025-03-03,2025-03-03,641,R5,False,CREDIT_BUREAU
CUST-102426,2025-03-03,2025-03-03,456,R7,False,CREDIT_BUREAU
CUST-107140,2025-03-03,2025-03-03,629,R5,False,CREDIT_BUREAU
CUST-102753,2025-03-03,2025-03-03,704,R3,False,CREDIT_BUREAU
CUST-105024,2025-03-03,2025-03-03,672,R4,False,CREDIT_BUREAU
CUST-103938,2025-03-03,2025-03-03,765,R2,False,CREDIT_BUREAU
CUST-104560,2025-03-03,2025-03-03,754,R2,False,CREDIT_BUREAU
CUST-107599,2025-03-03,2025-03-03,764,R2,False,CREDIT_BUREAU
CUST-103031,2025-03-03,2025-03-03,676,R4,False,CREDIT_BUREAU
CUST-103666,2025-03-03,2025-03-03,648,R5,False,CREDIT_BUREAU
CUST-106510,2025-03-03,2025-03-03,590,R6,False,CREDIT_BUREAU
CUST-104771,2025-03-03,2025-03-03,750,R2,False,CREDIT_BUREAU
CUST-100432,2025-03-03,2025-03-03,806,R1,False,CREDIT_BUREAU
CUST-102202,2025-03-03,2025-03-03,724,R3,False,CREDIT_BUREAU
CUST-106443,2025-03-03,2025-03-03,416,R7,False,CREDIT_BUREAU
CUST-100850,2025-03-03,2025-03-03,768,R2,False,CREDIT_BUREAU
CUST-103367,2025-03-03,2025-03-03,722,R3,False,CREDIT_BUREAU
CUST-101748,2025-03-03,2025-03-03,694,R4,False,CREDIT_BUREAU
CUST-105272,2025-03-03,2025-03-03,768,R2,False,CREDIT_BUREAU
CUST-103836,2025-03-03,2025-03-03,767,R2,False,CREDIT_BUREAU
CUST-105899,2025-03-03,2025-03-03,754,R2,False,CREDIT_BUREAU
CUST-100793,2025-03-03,2025-03-03,668,R4,False,CREDIT_BUREAU
CUST-107425,2025-03-03,2025-03-03,774,R2,False,CREDIT_BUREAU
CUST-100215,2025-03-03,2025-03-03,729,R3,False,CREDIT_BUREAU
CUST-100472,2025-03-03,2025-03-03,641,R5,False,CREDIT_BUREAU
CUST-100135,2025-03-03,2025-03-03,727,R3,False,CREDIT_BUREAU
CUST-102669,2025-03-03,2025-03-03,834,R1,False,CREDIT_BUREAU
CUST-106717,2025-03-03,2025-03-03,633,R5,False,CREDIT_BUREAU
CUST-102856,2025-03-03,2025-03-03,683,R4,False,CREDIT_BUREAU
CUST-106011,2025-03-03,2025-03-03,810,R1,False,CREDIT_BUREAU
CUST-102366,2025-03-03,2025-03-03,672,R4,False,CREDIT_BUREAU
CUST-100456,2025-03-03,2025-03-03,441,R7,False,CREDIT_BUREAU
CUST-102321,2025-03-03,2025-03-03,618,R6,False,CREDIT_BUREAU
CUST-101215,2025-03-03,2025-03-03,748,R2,False,CREDIT_BUREAU
CUST-102161,2025-03-03,2025-03-03,756,R2,False,CREDIT_BUREAU
CUST-107680,2025-03-03,2025-03-03,663,R4,False,CREDIT_BUREAU
CUST-100025,2025-03-03,2025-03-03,693,R4,False,CREDIT_BUREAU
CUST-101500,2025-03-03,2025-03-03,751,R2,False,CREDIT_BUREAU
CUST-101684,2025-03-03,2025-03-03,764,R2,False,CREDIT_BUREAU
CUST-101254,2025-03-03,2025-03-03,813,R1,False,CREDIT_BUREAU
CUST-103278,2025-03-03,2025-03-03,765,R2,False,CREDIT_BUREAU
CUST-102029,2025-03-03,2025-03-03,656,R5,False,CREDIT_BUREAU
CUST-102472,2025-03-03,2025-03-03,665,R4,False,CREDIT_BUREAU
CUST-101456,2025-03-03,2025-03-03,651,R5,False,CREDIT_BUREAU
CUST-103180,2025-03-03,2025-03-03,825,R1,False,CREDIT_BUREAU
CUST-107914,2025-03-03,2025-03-03,721,R3,False,CREDIT_BUREAU
CUST-106454,2025-03-03,2025-03-03,663,R4,False,CREDIT_BUREAU
CUST-104583,2025-03-03,2025-03-03,699,R4,False,CREDIT_BUREAU
CUST-101240,2025-03-03,2025-03-03,642,R5,False,CREDIT_BUREAU
CUST-103882,2025-03-03,2025-03-03,602,R6,False,CREDIT_BUREAU
CUST-104538,2025-03-03,2025-03-03,652,R5,False,CREDIT_BUREAU
CUST-101314,2025-03-03,2025-03-03,704,R3,False,CREDIT_BUREAU
CUST-106075,2025-03-03,2025-03-03,824,R1,False,CREDIT_BUREAU
CUST-100640,2025-03-03,2025-03-03,604,R6,False,CREDIT_BUREAU
CUST-104253,2025-03-03,2025-03-03,639,R5,False,CREDIT_BUREAU
CUST-107690,2025-03-03,2025-03-03,619,R6,False,CREDIT_BUREAU
CUST-106394,2025-03-03,2025-03-03,821,R1,False,CREDIT_BUREAU
CUST-103011,2025-03-03,2025-03-03,701,R3,False,CREDIT_BUREAU
CUST-100772,2025-03-03,2025-03-03,652,R5,False,CREDIT_BUREAU
CUST-100828,2025-03-03,2025-03-03,686,R4,False,CREDIT_BUREAU
CUST-101033,2025-03-03,2025-03-03,750,R2,False,CREDIT_BUREAU
CUST-105869,2025-03-03,2025-03-03,643,R5,False,CREDIT_BUREAU
CUST-103462,2025-03-03,2025-03-03,650,R5,False,CREDIT_BUREAU
CUST-106920,2025-03-03,2025-03-03,686,R4,False,CREDIT_BUREAU
CUST-102863,2025-03-03,2025-03-03,744,R2,False,CREDIT_BUREAU
CUST-101343,2025-03-03,2025-03-03,676,R4,False,CREDIT_BUREAU
CUST-100748,2025-03-03,2025-03-03,773,R2,False,CREDIT_BUREAU
CUST-100253,2025-03-03,2025-03-03,819,R1,False,CREDIT_BUREAU
CUST-101268,2025-03-03,2025-03-03,630,R5,False,CREDIT_BUREAU
CUST-105052,2025-03-03,2025-03-03,646,R5,False,CREDIT_BUREAU
CUST-102311,2025-03-03,2025-03-03,721,R3,False,CREDIT_BUREAU
CUST-103701,2025-03-03,2025-03-03,746,R2,False,CREDIT_BUREAU
CUST-107901,2025-03-03,2025-03-03,767,R2,False,CREDIT_BUREAU
CUST-100859,2025-03-03,2025-03-03,708,R3,False,CREDIT_BUREAU
CUST-103034,2025-03-03,2025-03-03,814,R1,False,CREDIT_BUREAU
CUST-103501,2025-03-03,2025-03-03,642,R5,False,CREDIT_BUREAU
CUST-104687,2025-03-03,2025-03-03,667,R4,False,CREDIT_BUREAU
CUST-105511,2025-03-03,2025-03-03,760,R2,False,CREDIT_BUREAU
CUST-101851,2025-03-03,2025-03-03,704,R3,False,CREDIT_BUREAU
CUST-105801,2025-03-03,2025-03-03,758,R2,False,CREDIT_BUREAU
CUST-100693,2025-03-03,2025-03-03,840,R1,False,CREDIT_BUREAU
CUST-105169,2025-03-03,2025-03-03,742,R2,False,CREDIT_BUREAU
CUST-100108,2025-03-03,2025-03-03,707,R3,False,CREDIT_BUREAU
CUST-107460,2025-03-03,2025-03-03,772,R2,False,CREDIT_BUREAU
CUST-100132,2025-03-03,2025-03-03,638,R5,False,CREDIT_BUREAU
CUST-101155,2025-03-03,2025-03-03,595,R6,False,CREDIT_BUREAU
CUST-106340,2025-03-03,2025-03-03,763,R2,False,CREDIT_BUREAU
CUST-103331,2025-03-03,2025-03-03,774,R2,False,CREDIT_BUREAU
CUST-101353,2025-03-03,2025-03-03,727,R3,False,CREDIT_BUREAU
CUST-100886,2025-03-03,2025-03-03,648,R5,False,CREDIT_BUREAU
CUST-104508,2025-03-03,2025-03-03,765,R2,False,CREDIT_BUREAU
CUST-105340,2025-03-03,2025-03-03,637,R5,False,CREDIT_BUREAU
CUST-107611,2025-03-03,2025-03-03,689,R4,False,CREDIT_BUREAU
CUST-103519,2025-03-03,2025-03-03,683,R4,False,CREDIT_BUREAU
CUST-100210,2025-03-03,2025-03-03,725,R3,False,CREDIT_BUREAU
CUST-103914,2025-03-03,2025-03-03,724,R3,False,CREDIT_BUREAU
CUST-102592,2025-03-03,2025-03-03,678,R4,False,CREDIT_BUREAU
CUST-100053,2025-03-03,2025-03-03,647,R5,False,CREDIT_BUREAU
CUST-107052,2025-03-03,2025-03-03,731,R3,False,CREDIT_BUREAU
CUST-102478,2025-03-03,2025-03-03,695,R4,False,CREDIT_BUREAU
CUST-107308,2025-03-03,2025-03-03,684,R4,False,CREDIT_BUREAU
CUST-102105,2025-03-03,2025-03-03,690,R4,False,CREDIT_BUREAU
CUST-105565,2025-03-03,2025-03-03,667,R4,False,CREDIT_BUREAU
CUST-104971,2025-03-03,2025-03-03,720,R3,False,CREDIT_BUREAU
CUST-104225,2025-03-03,2025-03-03,693,R4,False,CREDIT_BUREAU
CUST-104172,2025-03-03,2025-03-03,726,R3,False,CREDIT_BUREAU
CUST-103585,2025-03-03,2025-03-03,429,R7,False,CREDIT_BUREAU
CUST-107917,2025-03-03,2025-03-03,607,R6,False,CREDIT_BUREAU
CUST-104298,2025-03-03,2025-03-03,749,R2,False,CREDIT_BUREAU
CUST-100144,2025-03-03,2025-03-03,411,R7,False,CREDIT_BUREAU
CUST-100358,2025-03-03,2025-03-03,688,R4,False,CREDIT_BUREAU
CUST-106036,2025-03-03,2025-03-03,705,R3,False,CREDIT_BUREAU
CUST-104026,2025-03-03,2025-03-03,731,R3,False,CREDIT_BUREAU
CUST-102144,2025-03-03,2025-03-03,443,R7,False,CREDIT_BUREAU
CUST-102135,2025-03-03,2025-03-03,757,R2,False,CREDIT_BUREAU
CUST-100239,2025-03-03,2025-03-03,664,R4,False,CREDIT_BUREAU
CUST-107372,2025-03-03,2025-03-03,648,R5,False,CREDIT_BUREAU
CUST-104730,2025-03-03,2025-03-03,645,R5,False,CREDIT_BUREAU
CUST-100256,2025-03-03,2025-03-03,734,R3,False,CREDIT_BUREAU
CUST-100224,2025-03-03,2025-03-03,836,R1,False,CREDIT_BUREAU
CUST-104283,2025-03-03,2025-03-03,807,R1,False,CREDIT_BUREAU
CUST-104784,2025-03-03,2025-03-03,684,R4,False,CREDIT_BUREAU
CUST-100308,2025-03-03,2025-03-03,616,R6,False,CREDIT_BUREAU
CUST-107798,2025-03-03,2025-03-03,586,R6,False,CREDIT_BUREAU
CUST-104126,2025-03-03,2025-03-03,624,R5,False,CREDIT_BUREAU
CUST-106861,2025-03-03,2025-03-03,823,R1,False,CREDIT_BUREAU
CUST-103870,2025-03-03,2025-03-03,680,R4,False,CREDIT_BUREAU
CUST-102393,2025-03-03,2025-03-03,595,R6,False,CREDIT_BUREAU
CUST-102898,2025-03-03,2025-03-03,719,R3,False,CREDIT_BUREAU
CUST-103860,2025-03-03,2025-03-03,582,R6,False,CREDIT_BUREAU
CUST-105276,2025-03-03,2025-03-03,663,R4,False,CREDIT_BUREAU
CUST-104448,2025-03-03,2025-03-03,821,R1,False,CREDIT_BUREAU
CUST-102216,2025-03-03,2025-03-03,777,R2,False,CREDIT_BUREAU
CUST-107514,2025-03-03,2025-03-03,728,R3,False,CREDIT_BUREAU
CUST-102535,2025-03-03,2025-03-03,730,R3,False,CREDIT_BUREAU
CUST-100325,2025-03-03,2025-03-03,761,R2,False,CREDIT_BUREAU
CUST-103036,2025-03-03,2025-03-03,789,R1,False,CREDIT_BUREAU
CUST-103979,2025-03-03,2025-03-03,758,R2,False,CREDIT_BUREAU
CUST-104779,2025-03-03,2025-03-03,664,R4,False,CREDIT_BUREAU
CUST-104247,2025-03-03,2025-03-03,732,R3,False,CREDIT_BUREAU
CUST-106151,2025-03-03,2025-03-03,721,R3,False,CREDIT_BUREAU
CUST-106637,2025-03-03,2025-03-03,805,R1,False,CREDIT_BUREAU
CUST-103708,2025-03-03,2025-03-03,437,R7,False,CREDIT_BUREAU
CUST-106690,2025-03-03,2025-03-03,807,R1,False,CREDIT_BUREAU
CUST-101352,2025-03-03,2025-03-03,722,R3,False,CREDIT_BUREAU
CUST-102826,2025-03-03,2025-03-03,693,R4,False,CREDIT_BUREAU
CUST-103224,2025-03-03,2025-03-03,842,R1,False,CREDIT_BUREAU
CUST-106167,2025-03-03,2025-03-03,817,R1,False,CREDIT_BUREAU
CUST-104712,2025-03-03,2025-03-03,731,R3,False,CREDIT_BUREAU
CUST-102604,2025-03-03,2025-03-03,723,R3,False,CREDIT_BUREAU
CUST-101072,2025-03-03,2025-03-03,687,R4,False,CREDIT_BUREAU
CUST-101883,2025-03-03,2025-03-03,684,R4,False,CREDIT_BUREAU
CUST-101271,2025-03-03,2025-03-03,804,R1,False,CREDIT_BUREAU
CUST-101962,2025-03-03,2025-03-03,693,R4,False,CREDIT_BUREAU
CUST-107216,2025-03-03,2025-03-03,758,R2,False,CREDIT_BUREAU
CUST-100360,2025-03-03,2025-03-03,681,R4,False,CREDIT_BUREAU
CUST-101250,2025-03-03,2025-03-03,695,R4,False,CREDIT_BUREAU
CUST-100059,2025-03-03,2025-03-03,721,R3,False,CREDIT_BUREAU
CUST-105217,2025-03-03,2025-03-03,718,R3,False,CREDIT_BUREAU
CUST-105748,2025-03-03,2025-03-03,678,R4,False,CREDIT_BUREAU
CUST-101141,2025-03-03,2025-03-03,625,R5,False,CREDIT_BUREAU
CUST-100140,2025-03-03,2025-03-03,675,R4,False,CREDIT_BUREAU
CUST-100507,2025-03-03,2025-03-03,669,R4,False,CREDIT_BUREAU
CUST-107225,2025-03-03,2025-03-03,590,R6,False,CREDIT_BUREAU
CUST-101706,2025-03-03,2025-03-03,768,R2,False,CREDIT_BUREAU
CUST-100267,2025-03-03,2025-03-03,808,R1,False,CREDIT_BUREAU
CUST-103297,2025-03-03,2025-03-03,737,R3,False,CREDIT_BUREAU
CUST-100582,2025-03-03,2025-03-03,766,R2,False,CREDIT_BUREAU
CUST-103875,2025-03-03,2025-03-03,725,R3,False,CREDIT_BUREAU
CUST-101051,2025-03-03,2025-03-03,742,R2,False,CREDIT_BUREAU
CUST-107154,2025-03-03,2025-03-03,743,R2,False,CREDIT_BUREAU
CUST-105919,2025-03-03,2025-03-03,621,R5,False,CREDIT_BUREAU
CUST-105203,2025-03-03,2025-03-03,726,R3,False,CREDIT_BUREAU
CUST-102532,2025-03-03,2025-03-03,636,R5,False,CREDIT_BUREAU
CUST-102643,2025-03-03,2025-03-03,626,R5,False,CREDIT_BUREAU
CUST-101840,2025-03-03,2025-03-03,765,R2,False,CREDIT_BUREAU
CUST-104224,2025-03-03,2025-03-03,638,R5,False,CREDIT_BUREAU
CUST-100872,2025-03-03,2025-03-03,678,R4,False,CREDIT_BUREAU
CUST-107138,2025-03-03,2025-03-03,757,R2,False,CREDIT_BUREAU
CUST-102258,2025-03-03,2025-03-03,719,R3,False,CREDIT_BUREAU
CUST-105331,2025-03-03,2025-03-03,607,R6,False,CREDIT_BUREAU
CUST-106200,2025-03-03,2025-03-03,668,R4,False,CREDIT_BUREAU
CUST-103510,2025-03-03,2025-03-03,674,R4,False,CREDIT_BUREAU
CUST-104973,2025-03-03,2025-03-03,632,R5,False,CREDIT_BUREAU
CUST-100469,2025-03-03,2025-03-03,727,R3,False,CREDIT_BUREAU
CUST-106782,2025-03-03,2025-03-03,823,R1,False,CREDIT_BUREAU
CUST-103375,2025-03-03,2025-03-03,794,R1,False,CREDIT_BUREAU
CUST-100512,2025-03-03,2025-03-03,682,R4,False,CREDIT_BUREAU
CUST-107588,2025-03-03,2025-03-03,641,R5,False,CREDIT_BUREAU
CUST-106117,2025-03-03,2025-03-03,441,R7,False,CREDIT_BUREAU
CUST-106004,2025-03-03,2025-03-03,719,R3,False,CREDIT_BUREAU
CUST-104757,2025-03-03,2025-03-03,740,R2,False,CREDIT_BUREAU
CUST-103198,2025-03-03,2025-03-03,816,R1,False,CREDIT_BUREAU
CUST-107466,2025-03-03,2025-03-03,674,R4,False,CREDIT_BUREAU
CUST-106825,2025-03-03,2025-03-03,801,R1,False,CREDIT_BUREAU
CUST-100893,2025-03-03,2025-03-03,603,R6,False,CREDIT_BUREAU
CUST-106862,2025-03-03,2025-03-03,624,R5,False,CREDIT_BUREAU
CUST-105781,2025-03-03,2025-03-03,668,R4,False,CREDIT_BUREAU
CUST-100860,2025-03-03,2025-03-03,771,R2,False,CREDIT_BUREAU
CUST-107701,2025-03-03,2025-03-03,707,R3,False,CREDIT_BUREAU
CUST-103423,2025-03-03,2025-03-03,617,R6,False,CREDIT_BUREAU
CUST-106891,2025-03-03,2025-03-03,802,R1,False,CREDIT_BUREAU
CUST-102214,2025-03-03,2025-03-03,752,R2,False,CREDIT_BUREAU
CUST-106241,2025-03-03,2025-03-03,621,R5,False,CREDIT_BUREAU
CUST-100198,2025-03-03,2025-03-03,635,R5,False,CREDIT_BUREAU
CUST-105971,2025-03-03,2025-03-03,766,R2,False,CREDIT_BUREAU
CUST-106745,2025-03-03,2025-03-03,800,R1,False,CREDIT_BUREAU
CUST-105537,2025-03-03,2025-03-03,681,R4,False,CREDIT_BUREAU
CUST-103591,2025-03-03,2025-03-03,644,R5,False,CREDIT_BUREAU
CUST-101270,2025-03-03,2025-03-03,813,R1,False,CREDIT_BUREAU
CUST-106757,2025-03-03,2025-03-03,624,R5,False,CREDIT_BUREAU
CUST-105679,2025-03-03,2025-03-03,591,R6,False,CREDIT_BUREAU
CUST-101238,2025-03-03,2025-03-03,599,R6,False,CREDIT_BUREAU
CUST-107353,2025-03-03,2025-03-03,743,R2,False,CREDIT_BUREAU
CUST-103173,2025-03-03,2025-03-03,603,R6,False,CREDIT_BUREAU
CUST-107882,2025-03-03,2025-03-03,705,R3,False,CREDIT_BUREAU
CUST-103986,2025-03-03,2025-03-03,651,R5,False,CREDIT_BUREAU
CUST-107203,2025-03-03,2025-03-03,748,R2,False,CREDIT_BUREAU
CUST-106485,2025-03-03,2025-03-03,660,R4,False,CREDIT_BUREAU
CUST-104315,2025-03-03,2025-03-03,679,R4,False,CREDIT_BUREAU
CUST-106821,2025-03-03,2025-03-03,635,R5,False,CREDIT_BUREAU
CUST-107136,2025-03-03,2025-03-03,687,R4,False,CREDIT_BUREAU
CUST-103625,2025-03-03,2025-03-03,817,R1,False,CREDIT_BUREAU
CUST-101680,2025-03-03,2025-03-03,739,R3,False,CREDIT_BUREAU
CUST-107426,2025-03-03,2025-03-03,673,R4,False,CREDIT_BUREAU
CUST-103993,2025-03-03,2025-03-03,687,R4,False,CREDIT_BUREAU
CUST-103793,2025-03-03,2025-03-03,670,R4,False,CREDIT_BUREAU
CUST-104464,2025-03-03,2025-03-03,665,R4,False,CREDIT_BUREAU
CUST-101711,2025-03-03,2025-03-03,831,R1,False,CREDIT_BUREAU
CUST-104252,2025-03-03,2025-03-03,723,R3,False,CREDIT_BUREAU
CUST-103852,2025-03-03,2025-03-03,746,R2,False,CREDIT_BUREAU
CUST-105697,2025-03-03,2025-03-03,744,R2,False,CREDIT_BUREAU
CUST-102998,2025-03-03,2025-03-03,701,R3,False,CREDIT_BUREAU
CUST-102834,2025-03-03,2025-03-03,674,R4,False,CREDIT_BUREAU
CUST-106110,2025-03-03,2025-03-03,450,R7,False,CREDIT_BUREAU
CUST-103187,2025-03-03,2025-03-03,615,R6,False,CREDIT_BUREAU
CUST-104017,2025-03-03,2025-03-03,750,R2,False,CREDIT_BUREAU
CUST-105746,2025-03-03,2025-03-03,670,R4,False,CREDIT_BUREAU
CUST-101351,2025-03-03,2025-03-03,688,R4,False,CREDIT_BUREAU
CUST-106543,2025-03-03,2025-03-03,636,R5,False,CREDIT_BUREAU
CUST-104686,2025-03-03,2025-03-03,749,R2,False,CREDIT_BUREAU
CUST-101736,2025-03-03,2025-03-03,752,R2,False,CREDIT_BUREAU
CUST-106991,2025-03-03,2025-03-03,607,R6,False,CREDIT_BUREAU
CUST-100604,2025-03-03,2025-03-03,706,R3,False,CREDIT_BUREAU
CUST-101829,2025-03-03,2025-03-03,590,R6,False,CREDIT_BUREAU
CUST-106565,2025-03-03,2025-03-03,623,R5,False,CREDIT_BUREAU
CUST-100482,2025-03-03,2025-03-03,671,R4,False,CREDIT_BUREAU
CUST-107908,2025-03-03,2025-03-03,773,R2,False,CREDIT_BUREAU
CUST-103457,2025-03-03,2025-03-03,698,R4,False,CREDIT_BUREAU
CUST-100104,2025-03-03,2025-03-03,663,R4,False,CREDIT_BUREAU
CUST-105063,2025-03-03,2025-03-03,694,R4,False,CREDIT_BUREAU
CUST-105914,2025-03-03,2025-03-03,650,R5,False,CREDIT_BUREAU
CUST-103104,2025-03-03,2025-03-03,728,R3,False,CREDIT_BUREAU
CUST-107849,2025-03-03,2025-03-03,638,R5,False,CREDIT_BUREAU
CUST-100834,2025-03-03,2025-03-03,809,R1,False,CREDIT_BUREAU
CUST-106309,2025-03-03,2025-03-03,768,R2,False,CREDIT_BUREAU
CUST-103947,2025-03-03,2025-03-03,770,R2,False,CREDIT_BUREAU
CUST-103544,2025-03-03,2025-03-03,803,R1,False,CREDIT_BUREAU
CUST-105228,2025-03-03,2025-03-03,682,R4,False,CREDIT_BUREAU
CUST-104211,2025-03-03,2025-03-03,621,R5,False,CREDIT_BUREAU
CUST-101975,2025-03-03,2025-03-03,685,R4,False,CREDIT_BUREAU
CUST-106263,2025-03-03,2025-03-03,645,R5,False,CREDIT_BUREAU
CUST-101288,2025-03-03,2025-03-03,722,R3,False,CREDIT_BUREAU
CUST-104925,2025-03-03,2025-03-03,720,R3,False,CREDIT_BUREAU
CUST-103186,2025-03-03,2025-03-03,609,R6,False,CREDIT_BUREAU
CUST-102142,2025-03-03,2025-03-03,685,R4,False,CREDIT_BUREAU
CUST-105042,2025-03-03,2025-03-03,685,R4,False,CREDIT_BUREAU
CUST-102905,2025-03-03,2025-03-03,828,R1,False,CREDIT_BUREAU
CUST-106714,2025-03-03,2025-03-03,741,R2,False,CREDIT_BUREAU
CUST-104379,2025-03-03,2025-03-03,677,R4,False,CREDIT_BUREAU
CUST-100782,2025-03-03,2025-03-03,597,R6,False,CREDIT_BUREAU
CUST-102392,2025-03-03,2025-03-03,719,R3,False,CREDIT_BUREAU
CUST-106245,2025-03-03,2025-03-03,745,R2,False,CREDIT_BUREAU
CUST-100628,2025-03-03,2025-03-03,650,R5,False,CREDIT_BUREAU
CUST-100556,2025-03-03,2025-03-03,694,R4,False,CREDIT_BUREAU
CUST-103063,2025-03-03,2025-03-03,585,R6,False,CREDIT_BUREAU
CUST-104327,2025-03-03,2025-03-03,466,R7,False,CREDIT_BUREAU
CUST-104928,2025-03-03,2025-03-03,753,R2,False,CREDIT_BUREAU
CUST-104259,2025-03-03,2025-03-03,668,R4,False,CREDIT_BUREAU
CUST-105207,2025-03-03,2025-03-03,811,R1,False,CREDIT_BUREAU
CUST-106364,2025-03-03,2025-03-03,805,R1,False,CREDIT_BUREAU
CUST-105152,2025-03-03,2025-03-03,703,R3,False,CREDIT_BUREAU
CUST-103461,2025-03-03,2025-03-03,707,R3,False,CREDIT_BUREAU
CUST-104980,2025-03-03,2025-03-03,616,R6,False,CREDIT_BUREAU
CUST-100602,2025-03-03,2025-03-03,806,R1,False,CREDIT_BUREAU
CUST-104274,2025-03-03,2025-03-03,678,R4,False,CREDIT_BUREAU
CUST-106646,2025-03-03,2025-03-03,758,R2,False,CREDIT_BUREAU
CUST-103590,2025-03-03,2025-03-03,700,R3,False,CREDIT_BUREAU
CUST-102284,2025-03-03,2025-03-03,823,R1,False,CREDIT_BUREAU
CUST-107508,2025-03-03,2025-03-03,643,R5,False,CREDIT_BUREAU
CUST-100845,2025-03-03,2025-03-03,679,R4,False,CREDIT_BUREAU
CUST-102915,2025-03-03,2025-03-03,691,R4,False,CREDIT_BUREAU
CUST-105046,2025-03-03,2025-03-03,710,R3,False,CREDIT_BUREAU
CUST-103767,2025-03-03,2025-03-03,655,R5,False,CREDIT_BUREAU
CUST-107006,2025-03-03,2025-03-03,614,R6,False,CREDIT_BUREAU
CUST-102889,2025-03-03,2025-03-03,798,R1,False,CREDIT_BUREAU
CUST-102377,2025-03-03,2025-03-03,703,R3,False,CREDIT_BUREAU
CUST-105434,2025-03-03,2025-03-03,716,R3,False,CREDIT_BUREAU
CUST-105983,2025-03-03,2025-03-03,628,R5,False,CREDIT_BUREAU
CUST-101875,2025-03-03,2025-03-03,680,R4,False,CREDIT_BUREAU
CUST-104708,2025-03-03,2025-03-03,453,R7,False,CREDIT_BUREAU
CUST-106291,2025-03-03,2025-03-03,713,R3,False,CREDIT_BUREAU
CUST-107613,2025-03-03,2025-03-03,722,R3,False,CREDIT_BUREAU
CUST-103648,2025-03-03,2025-03-03,759,R2,False,CREDIT_BUREAU
CUST-101552,2025-03-03,2025-03-03,679,R4,False,CREDIT_BUREAU
CUST-102132,2025-03-03,2025-03-03,714,R3,False,CREDIT_BUREAU
CUST-100892,2025-03-03,2025-03-03,429,R7,False,CREDIT_BUREAU
CUST-100481,2025-03-03,2025-03-03,774,R2,False,CREDIT_BUREAU
CUST-104535,2025-03-03,2025-03-03,755,R2,False,CREDIT_BUREAU
CUST-105608,2025-03-03,2025-03-03,600,R6,False,CREDIT_BUREAU
CUST-100480,2025-03-03,2025-03-03,764,R2,False,CREDIT_BUREAU
CUST-100890,2025-03-03,2025-03-03,672,R4,False,CREDIT_BUREAU
CUST-105247,2025-03-03,2025-03-03,628,R5,False,CREDIT_BUREAU
CUST-104087,2025-03-03,2025-03-03,690,R4,False,CREDIT_BUREAU
CUST-103445,2025-03-03,2025-03-03,803,R1,False,CREDIT_BUREAU
CUST-107797,2025-03-03,2025-03-03,738,R3,False,CREDIT_BUREAU
CUST-101773,2025-03-03,2025-03-03,800,R1,False,CREDIT_BUREAU
CUST-100710,2025-03-03,2025-03-03,729,R3,False,CREDIT_BUREAU
CUST-104258,2025-03-03,2025-03-03,593,R6,False,CREDIT_BUREAU
CUST-103874,2025-03-03,2025-03-03,763,R2,False,CREDIT_BUREAU
CUST-102948,2025-03-03,2025-03-03,831,R1,False,CREDIT_BUREAU
CUST-103890,2025-03-03,2025-03-03,698,R4,False,CREDIT_BUREAU
CUST-107535,2025-03-03,2025-03-03,626,R5,False,CREDIT_BUREAU
CUST-100158,2025-03-03,2025-03-03,724,R3,False,CREDIT_BUREAU
CUST-105144,2025-03-03,2025-03-03,707,R3,False,CREDIT_BUREAU
CUST-107691,2025-03-03,2025-03-03,718,R3,False,CREDIT_BUREAU
CUST-101522,2025-03-03,2025-03-03,719,R3,False,CREDIT_BUREAU
CUST-106733,2025-03-03,2025-03-03,787,R1,False,CREDIT_BUREAU
CUST-104236,2025-03-03,2025-03-03,637,R5,False,CREDIT_BUREAU
CUST-104234,2025-03-03,2025-03-03,679,R4,False,CREDIT_BUREAU
CUST-101908,2025-03-03,2025-03-03,835,R1,False,CREDIT_BUREAU
CUST-107206,2025-03-03,2025-03-03,816,R1,False,CREDIT_BUREAU
CUST-102641,2025-03-03,2025-03-03,766,R2,False,CREDIT_BUREAU
CUST-104129,2025-03-03,2025-03-03,639,R5,False,CREDIT_BUREAU
CUST-104098,2025-03-03,2025-03-03,587,R6,False,CREDIT_BUREAU
CUST-105005,2025-03-03,2025-03-03,816,R1,False,CREDIT_BUREAU
CUST-101100,2025-03-03,2025-03-03,726,R3,False,CREDIT_BUREAU
CUST-106678,2025-03-03,2025-03-03,744,R2,False,CREDIT_BUREAU
CUST-107069,2025-03-03,2025-03-03,723,R3,False,CREDIT_BUREAU
CUST-101077,2025-03-03,2025-03-03,630,R5,False,CREDIT_BUREAU
CUST-104240,2025-03-03,2025-03-03,800,R1,False,CREDIT_BUREAU
CUST-106946,2025-03-03,2025-03-03,720,R3,False,CREDIT_BUREAU
CUST-103924,2025-03-03,2025-03-03,764,R2,False,CREDIT_BUREAU
CUST-106657,2025-03-03,2025-03-03,685,R4,False,CREDIT_BUREAU
CUST-103931,2025-03-03,2025-03-03,603,R6,False,CREDIT_BUREAU
CUST-107973,2025-03-03,2025-03-03,757,R2,False,CREDIT_BUREAU
CUST-101506,2025-03-03,2025-03-03,669,R4,False,CREDIT_BUREAU
CUST-105599,2025-03-03,2025-03-03,762,R2,False,CREDIT_BUREAU
CUST-107071,2025-03-03,2025-03-03,747,R2,False,CREDIT_BUREAU
CUST-103946,2025-03-03,2025-03-03,721,R3,False,CREDIT_BUREAU
CUST-105722,2025-03-03,2025-03-03,776,R2,False,CREDIT_BUREAU
CUST-106660,2025-03-03,2025-03-03,718,R3,False,CREDIT_BUREAU
CUST-104895,2025-03-03,2025-03-03,663,R4,False,CREDIT_BUREAU
CUST-100749,2025-03-03,2025-03-03,831,R1,False,CREDIT_BUREAU
CUST-107303,2025-03-03,2025-03-03,761,R2,False,CREDIT_BUREAU
CUST-106447,2025-03-03,2025-03-03,710,R3,False,CREDIT_BUREAU
CUST-101529,2025-03-03,2025-03-03,675,R4,False,CREDIT_BUREAU
CUST-105792,2025-03-03,2025-03-03,629,R5,False,CREDIT_BUREAU
CUST-106533,2025-03-03,2025-03-03,675,R4,False,CREDIT_BUREAU
CUST-106389,2025-03-03,2025-03-03,704,R3,False,CREDIT_BUREAU
CUST-106989,2025-03-03,2025-03-03,742,R2,False,CREDIT_BUREAU
CUST-103350,2025-03-03,2025-03-03,685,R4,False,CREDIT_BUREAU
CUST-105846,2025-03-03,2025-03-03,802,R1,False,CREDIT_BUREAU
CUST-105410,2025-03-03,2025-03-03,822,R1,False,CREDIT_BUREAU
CUST-100448,2025-03-03,2025-03-03,676,R4,False,CREDIT_BUREAU
CUST-100510,2025-03-03,2025-03-03,462,R7,False,CREDIT_BUREAU
CUST-104346,2025-03-03,2025-03-03,466,R7,False,CREDIT_BUREAU
CUST-102451,2025-03-03,2025-03-03,711,R3,False,CREDIT_BUREAU
CUST-101779,2025-03-03,2025-03-03,708,R3,False,CREDIT_BUREAU
CUST-103317,2025-03-03,2025-03-03,723,R3,False,CREDIT_BUREAU
CUST-103262,2025-03-03,2025-03-03,643,R5,False,CREDIT_BUREAU
CUST-102071,2025-03-03,2025-03-03,650,R5,False,CREDIT_BUREAU
CUST-101505,2025-03-03,2025-03-03,811,R1,False,CREDIT_BUREAU
CUST-100232,2025-03-03,2025-03-03,661,R4,False,CREDIT_BUREAU
CUST-105494,2025-03-03,2025-03-03,721,R3,False,CREDIT_BUREAU
CUST-107352,2025-03-03,2025-03-03,607,R6,False,CREDIT_BUREAU
CUST-105552,2025-03-03,2025-03-03,805,R1,False,CREDIT_BUREAU
CUST-100566,2025-03-03,2025-03-03,632,R5,False,CREDIT_BUREAU
CUST-101378,2025-03-03,2025-03-03,710,R3,False,CREDIT_BUREAU
CUST-104974,2025-03-03,2025-03-03,663,R4,False,CREDIT_BUREAU
CUST-106399,2025-03-03,2025-03-03,632,R5,False,CREDIT_BUREAU
CUST-107836,2025-03-03,2025-03-03,720,R3,False,CREDIT_BUREAU
CUST-106459,2025-03-03,2025-03-03,813,R1,False,CREDIT_BUREAU
CUST-103189,2025-03-03,2025-03-03,756,R2,False,CREDIT_BUREAU
CUST-100949,2025-03-03,2025-03-03,753,R2,False,CREDIT_BUREAU
CUST-106564,2025-03-03,2025-03-03,681,R4,False,CREDIT_BUREAU
CUST-107499,2025-03-03,2025-03-03,713,R3,False,CREDIT_BUREAU
CUST-102207,2025-03-03,2025-03-03,443,R7,False,CREDIT_BUREAU
CUST-102093,2025-03-03,2025-03-03,633,R5,False,CREDIT_BUREAU
CUST-106948,2025-03-03,2025-03-03,744,R2,False,CREDIT_BUREAU
CUST-107227,2025-03-03,2025-03-03,662,R4,False,CREDIT_BUREAU
CUST-103598,2025-03-03,2025-03-03,608,R6,False,CREDIT_BUREAU
CUST-105812,2025-03-03,2025-03-03,801,R1,False,CREDIT_BUREAU
CUST-104018,2025-03-03,2025-03-03,763,R2,False,CREDIT_BUREAU
CUST-101445,2025-03-03,2025-03-03,759,R2,False,CREDIT_BUREAU
CUST-105813,2025-03-03,2025-03-03,636,R5,False,CREDIT_BUREAU
CUST-105966,2025-03-03,2025-03-03,635,R5,False,CREDIT_BUREAU
CUST-100810,2025-03-03,2025-03-03,638,R5,False,CREDIT_BUREAU
CUST-103094,2025-03-03,2025-03-03,777,R2,False,CREDIT_BUREAU
CUST-104090,2025-03-03,2025-03-03,733,R3,False,CREDIT_BUREAU
CUST-102887,2025-03-03,2025-03-03,831,R1,False,CREDIT_BUREAU
CUST-104307,2025-03-03,2025-03-03,639,R5,False,CREDIT_BUREAU
CUST-101425,2025-03-03,2025-03-03,694,R4,False,CREDIT_BUREAU
CUST-101135,2025-03-03,2025-03-03,637,R5,False,CREDIT_BUREAU
CUST-104106,2025-03-03,2025-03-03,714,R3,False,CREDIT_BUREAU
CUST-102996,2025-03-03,2025-03-03,593,R6,False,CREDIT_BUREAU
CUST-100038,2025-03-03,2025-03-03,816,R1,False,CREDIT_BUREAU
CUST-100006,2025-03-03,2025-03-03,667,R4,False,CREDIT_BUREAU
CUST-100384,2025-03-03,2025-03-03,747,R2,False,CREDIT_BUREAU
CUST-100257,2025-03-03,2025-03-03,621,R5,False,CREDIT_BUREAU
CUST-101491,2025-03-03,2025-03-03,703,R3,False,CREDIT_BUREAU
CUST-107687,2025-03-03,2025-03-03,696,R4,False,CREDIT_BUREAU
CUST-105822,2025-03-03,2025-03-03,621,R5,False,CREDIT_BUREAU
CUST-105448,2025-03-03,2025-03-03,742,R2,False,CREDIT_BUREAU
CUST-102359,2025-03-03,2025-03-03,753,R2,False,CREDIT_BUREAU
CUST-102840,2025-03-03,2025-03-03,819,R1,False,CREDIT_BUREAU
CUST-101204,2025-03-03,2025-03-03,790,R1,False,CREDIT_BUREAU
CUST-106574,2025-03-03,2025-03-03,621,R5,False,CREDIT_BUREAU
CUST-101881,2025-03-03,2025-03-03,694,R4,False,CREDIT_BUREAU
CUST-106170,2025-03-03,2025-03-03,719,R3,False,CREDIT_BUREAU
CUST-103627,2025-03-03,2025-03-03,824,R1,False,CREDIT_BUREAU
CUST-103451,2025-03-03,2025-03-03,723,R3,False,CREDIT_BUREAU
CUST-105735,2025-03-03,2025-03-03,829,R1,False,CREDIT_BUREAU
CUST-102921,2025-03-03,2025-03-03,608,R6,False,CREDIT_BUREAU
CUST-101996,2025-03-03,2025-03-03,626,R5,False,CREDIT_BUREAU
CUST-106913,2025-03-03,2025-03-03,740,R2,False,CREDIT_BUREAU
CUST-100511,2025-03-03,2025-03-03,809,R1,False,CREDIT_BUREAU
CUST-106884,2025-03-03,2025-03-03,601,R6,False,CREDIT_BUREAU
CUST-106604,2025-03-03,2025-03-03,734,R3,False,CREDIT_BUREAU
CUST-101450,2025-03-03,2025-03-03,725,R3,False,CREDIT_BUREAU
CUST-102438,2025-03-03,2025-03-03,727,R3,False,CREDIT_BUREAU
CUST-107129,2025-03-03,2025-03-03,672,R4,False,CREDIT_BUREAU
CUST-107647,2025-03-03,2025-03-03,732,R3,False,CREDIT_BUREAU
CUST-106206,2025-03-03,2025-03-03,641,R5,False,CREDIT_BUREAU
CUST-102003,2025-03-03,2025-03-03,768,R2,False,CREDIT_BUREAU
CUST-104222,2025-03-03,2025-03-03,707,R3,False,CREDIT_BUREAU
CUST-102124,2025-03-03,2025-03-03,803,R1,False,CREDIT_BUREAU
CUST-102895,2025-03-03,2025-03-03,810,R1,False,CREDIT_BUREAU
CUST-106724,2025-03-03,2025-03-03,701,R3,False,CREDIT_BUREAU
CUST-102937,2025-03-03,2025-03-03,685,R4,False,CREDIT_BUREAU
CUST-105561,2025-03-03,2025-03-03,749,R2,False,CREDIT_BUREAU
CUST-107976,2025-03-03,2025-03-03,702,R3,False,CREDIT_BUREAU
CUST-101154,2025-03-03,2025-03-03,677,R4,False,CREDIT_BUREAU
CUST-101315,2025-03-03,2025-03-03,711,R3,False,CREDIT_BUREAU
CUST-100119,2025-03-03,2025-03-03,656,R5,False,CREDIT_BUREAU
CUST-105483,2025-03-03,2025-03-03,749,R2,False,CREDIT_BUREAU
CUST-102485,2025-03-03,2025-03-03,773,R2,False,CREDIT_BUREAU
CUST-103998,2025-03-03,2025-03-03,685,R4,False,CREDIT_BUREAU
CUST-107643,2025-03-03,2025-03-03,656,R5,False,CREDIT_BUREAU
CUST-100617,2025-03-03,2025-03-03,753,R2,False,CREDIT_BUREAU
CUST-103420,2025-03-03,2025-03-03,632,R5,False,CREDIT_BUREAU
CUST-106175,2025-03-03,2025-03-03,722,R3,False,CREDIT_BUREAU
CUST-100854,2025-03-03,2025-03-03,766,R2,False,CREDIT_BUREAU
CUST-107264,2025-03-03,2025-03-03,435,R7,False,CREDIT_BUREAU
CUST-106370,2025-03-03,2025-03-03,758,R2,False,CREDIT_BUREAU
CUST-101105,2025-03-03,2025-03-03,693,R4,False,CREDIT_BUREAU
CUST-102838,2025-03-03,2025-03-03,779,R2,False,CREDIT_BUREAU
CUST-106898,2025-03-03,2025-03-03,720,R3,False,CREDIT_BUREAU
CUST-106105,2025-03-03,2025-03-03,676,R4,False,CREDIT_BUREAU
CUST-102123,2025-03-03,2025-03-03,711,R3,False,CREDIT_BUREAU
CUST-103613,2025-03-03,2025-03-03,686,R4,False,CREDIT_BUREAU
CUST-104532,2025-03-03,2025-03-03,597,R6,False,CREDIT_BUREAU
CUST-105466,2025-03-03,2025-03-03,779,R2,False,CREDIT_BUREAU
CUST-103124,2025-03-03,2025-03-03,716,R3,False,CREDIT_BUREAU
CUST-107175,2025-03-03,2025-03-03,685,R4,False,CREDIT_BUREAU
CUST-102095,2025-03-03,2025-03-03,672,R4,False,CREDIT_BUREAU
CUST-103500,2025-03-03,2025-03-03,689,R4,False,CREDIT_BUREAU
CUST-107782,2025-03-03,2025-03-03,434,R7,False,CREDIT_BUREAU
CUST-102792,2025-03-03,2025-03-03,734,R3,False,CREDIT_BUREAU
CUST-107990,2025-03-03,2025-03-03,813,R1,False,CREDIT_BUREAU
CUST-101833,2025-03-03,2025-03-03,438,R7,False,CREDIT_BUREAU
CUST-104153,2025-03-03,2025-03-03,726,R3,False,CREDIT_BUREAU
CUST-102179,2025-03-03,2025-03-03,814,R1,False,CREDIT_BUREAU
CUST-100288,2025-03-03,2025-03-03,722,R3,False,CREDIT_BUREAU
CUST-103413,2025-03-03,2025-03-03,801,R1,False,CREDIT_BUREAU
CUST-104415,2025-03-03,2025-03-03,824,R1,False,CREDIT_BUREAU
CUST-105342,2025-03-03,2025-03-03,681,R4,False,CREDIT_BUREAU
CUST-101891,2025-03-03,2025-03-03,789,R1,False,CREDIT_BUREAU
CUST-107717,2025-03-03,2025-03-03,671,R4,False,CREDIT_BUREAU
CUST-100637,2025-03-03,2025-03-03,747,R2,False,CREDIT_BUREAU
CUST-107511,2025-03-03,2025-03-03,643,R5,False,CREDIT_BUREAU
CUST-103841,2025-03-03,2025-03-03,692,R4,False,CREDIT_BUREAU
CUST-105435,2025-03-03,2025-03-03,756,R2,False,CREDIT_BUREAU
CUST-102511,2025-03-03,2025-03-03,709,R3,False,CREDIT_BUREAU
CUST-107056,2025-03-03,2025-03-03,622,R5,False,CREDIT_BUREAU
CUST-102675,2025-03-03,2025-03-03,697,R4,False,CREDIT_BUREAU
CUST-103872,2025-03-03,2025-03-03,733,R3,False,CREDIT_BUREAU
CUST-103329,2025-03-03,2025-03-03,752,R2,False,CREDIT_BUREAU
CUST-100935,2025-03-03,2025-03-03,761,R2,False,CREDIT_BUREAU
CUST-102705,2025-03-03,2025-03-03,626,R5,False,CREDIT_BUREAU
CUST-104061,2025-03-03,2025-03-03,710,R3,False,CREDIT_BUREAU
CUST-107818,2025-03-03,2025-03-03,730,R3,False,CREDIT_BUREAU
CUST-101935,2025-03-03,2025-03-03,724,R3,False,CREDIT_BUREAU
CUST-105295,2025-03-03,2025-03-03,802,R1,False,CREDIT_BUREAU
CUST-100522,2025-03-03,2025-03-03,830,R1,False,CREDIT_BUREAU
CUST-105996,2025-03-03,2025-03-03,585,R6,False,CREDIT_BUREAU
CUST-106836,2025-03-03,2025-03-03,671,R4,False,CREDIT_BUREAU
CUST-105284,2025-03-03,2025-03-03,714,R3,False,CREDIT_BUREAU
CUST-105824,2025-03-03,2025-03-03,660,R4,False,CREDIT_BUREAU
CUST-102344,2025-03-03,2025-03-03,798,R1,False,CREDIT_BUREAU
CUST-107697,2025-03-03,2025-03-03,636,R5,False,CREDIT_BUREAU
CUST-105089,2025-03-03,2025-03-03,762,R2,False,CREDIT_BUREAU
CUST-103594,2025-03-03,2025-03-03,811,R1,False,CREDIT_BUREAU
CUST-102272,2025-03-03,2025-03-03,628,R5,False,CREDIT_BUREAU
CUST-105454,2025-03-03,2025-03-03,659,R5,False,CREDIT_BUREAU
CUST-101081,2025-03-03,2025-03-03,745,R2,False,CREDIT_BUREAU
CUST-102860,2025-03-03,2025-03-03,678,R4,False,CREDIT_BUREAU
CUST-100444,2025-03-03,2025-03-03,702,R3,False,CREDIT_BUREAU
CUST-102287,2025-03-03,2025-03-03,636,R5,False,CREDIT_BUREAU
CUST-103355,2025-03-03,2025-03-03,713,R3,False,CREDIT_BUREAU
CUST-107261,2025-03-03,2025-03-03,680,R4,False,CREDIT_BUREAU
CUST-103148,2025-03-03,2025-03-03,711,R3,False,CREDIT_BUREAU
CUST-104128,2025-03-03,2025-03-03,824,R1,False,CREDIT_BUREAU
CUST-106718,2025-03-03,2025-03-03,680,R4,False,CREDIT_BUREAU
CUST-105472,2025-03-03,2025-03-03,716,R3,False,CREDIT_BUREAU
CUST-106248,2025-03-03,2025-03-03,723,R3,False,CREDIT_BUREAU
CUST-106040,2025-03-03,2025-03-03,813,R1,False,CREDIT_BUREAU
CUST-107019,2025-03-03,2025-03-03,634,R5,False,CREDIT_BUREAU
CUST-103257,2025-03-03,2025-03-03,434,R7,False,CREDIT_BUREAU
CUST-103548,2025-03-03,2025-03-03,675,R4,False,CREDIT_BUREAU
CUST-100408,2025-03-03,2025-03-03,675,R4,False,CREDIT_BUREAU
CUST-104663,2025-03-03,2025-03-03,768,R2,False,CREDIT_BUREAU
CUST-103348,2025-03-03,2025-03-03,765,R2,False,CREDIT_BUREAU
CUST-100304,2025-03-03,2025-03-03,634,R5,False,CREDIT_BUREAU
CUST-105987,2025-03-03,2025-03-03,710,R3,False,CREDIT_BUREAU
CUST-106894,2025-03-03,2025-03-03,759,R2,False,CREDIT_BUREAU
CUST-103431,2025-03-03,2025-03-03,685,R4,False,CREDIT_BUREAU
CUST-103539,2025-03-03,2025-03-03,693,R4,False,CREDIT_BUREAU
CUST-106469,2025-03-03,2025-03-03,682,R4,False,CREDIT_BUREAU
CUST-102422,2025-03-03,2025-03-03,666,R4,False,CREDIT_BUREAU
CUST-102953,2025-03-03,2025-03-03,630,R5,False,CREDIT_BUREAU
CUST-100817,2025-03-03,2025-03-03,683,R4,False,CREDIT_BUREAU
CUST-105852,2025-03-03,2025-03-03,694,R4,False,CREDIT_BUREAU
CUST-102842,2025-03-03,2025-03-03,690,R4,False,CREDIT_BUREAU
CUST-105550,2025-03-03,2025-03-03,678,R4,False,CREDIT_BUREAU
CUST-103077,2025-03-03,2025-03-03,600,R6,False,CREDIT_BUREAU
CUST-106344,2025-03-03,2025-03-03,810,R1,False,CREDIT_BUREAU
CUST-104081,2025-03-03,2025-03-03,695,R4,False,CREDIT_BUREAU
CUST-107301,2025-03-03,2025-03-03,648,R5,False,CREDIT_BUREAU
CUST-105072,2025-03-03,2025-03-03,745,R2,False,CREDIT_BUREAU
CUST-104647,2025-03-03,2025-03-03,757,R2,False,CREDIT_BUREAU
CUST-104999,2025-03-03,2025-03-03,821,R1,False,CREDIT_BUREAU
CUST-107036,2025-03-03,2025-03-03,718,R3,False,CREDIT_BUREAU
CUST-107133,2025-03-03,2025-03-03,619,R6,False,CREDIT_BUREAU
CUST-106837,2025-03-03,2025-03-03,721,R3,False,CREDIT_BUREAU
CUST-100287,2025-03-03,2025-03-03,731,R3,False,CREDIT_BUREAU
CUST-102861,2025-03-03,2025-03-03,755,R2,False,CREDIT_BUREAU
CUST-106914,2025-03-03,2025-03-03,724,R3,False,CREDIT_BUREAU
CUST-100978,2025-03-03,2025-03-03,628,R5,False,CREDIT_BUREAU
CUST-101753,2025-03-03,2025-03-03,672,R4,False,CREDIT_BUREAU
CUST-103921,2025-03-03,2025-03-03,679,R4,False,CREDIT_BUREAU
CUST-101873,2025-03-03,2025-03-03,700,R3,False,CREDIT_BUREAU
CUST-104333,2025-03-03,2025-03-03,754,R2,False,CREDIT_BUREAU
CUST-107620,2025-03-03,2025-03-03,644,R5,False,CREDIT_BUREAU
CUST-102350,2025-03-03,2025-03-03,613,R6,False,CREDIT_BUREAU
CUST-101231,2025-03-03,2025-03-03,745,R2,False,CREDIT_BUREAU
CUST-104534,2025-03-03,2025-03-03,644,R5,False,CREDIT_BUREAU
CUST-107430,2025-03-03,2025-03-03,439,R7,False,CREDIT_BUREAU
CUST-103965,2025-03-03,2025-03-03,811,R1,False,CREDIT_BUREAU
CUST-100345,2025-03-03,2025-03-03,580,R6,False,CREDIT_BUREAU
CUST-100406,2025-03-03,2025-03-03,710,R3,False,CREDIT_BUREAU
CUST-107118,2025-03-03,2025-03-03,623,R5,False,CREDIT_BUREAU
CUST-104270,2025-03-03,2025-03-03,762,R2,False,CREDIT_BUREAU
CUST-102888,2025-03-03,2025-03-03,655,R5,False,CREDIT_BUREAU
CUST-104789,2025-03-03,2025-03-03,754,R2,False,CREDIT_BUREAU
CUST-104182,2025-03-03,2025-03-03,808,R1,False,CREDIT_BUREAU
CUST-106066,2025-03-03,2025-03-03,729,R3,False,CREDIT_BUREAU
CUST-102266,2025-03-03,2025-03-03,415,R7,False,CREDIT_BUREAU
CUST-103869,2025-03-03,2025-03-03,678,R4,False,CREDIT_BUREAU
CUST-100688,2025-03-03,2025-03-03,637,R5,False,CREDIT_BUREAU
CUST-102343,2025-03-03,2025-03-03,587,R6,False,CREDIT_BUREAU
CUST-105593,2025-03-03,2025-03-03,717,R3,False,CREDIT_BUREAU
CUST-102816,2025-03-03,2025-03-03,767,R2,False,CREDIT_BUREAU
CUST-103122,2025-03-03,2025-03-03,697,R4,False,CREDIT_BUREAU
CUST-105536,2025-03-03,2025-03-03,637,R5,False,CREDIT_BUREAU
CUST-104053,2025-03-03,2025-03-03,679,R4,False,CREDIT_BUREAU
CUST-101830,2025-03-03,2025-03-03,812,R1,False,CREDIT_BUREAU
CUST-103417,2025-03-03,2025-03-03,647,R5,False,CREDIT_BUREAU
CUST-102796,2025-03-03,2025-03-03,731,R3,False,CREDIT_BUREAU
CUST-106149,2025-03-03,2025-03-03,638,R5,False,CREDIT_BUREAU
CUST-101897,2025-03-03,2025-03-03,680,R4,False,CREDIT_BUREAU
CUST-107922,2025-03-03,2025-03-03,714,R3,False,CREDIT_BUREAU
CUST-106095,2025-03-03,2025-03-03,625,R5,False,CREDIT_BUREAU
CUST-106178,2025-03-03,2025-03-03,807,R1,False,CREDIT_BUREAU
CUST-106094,2025-03-03,2025-03-03,660,R4,False,CREDIT_BUREAU
CUST-106998,2025-03-03,2025-03-03,703,R3,False,CREDIT_BUREAU
CUST-100971,2025-03-03,2025-03-03,731,R3,False,CREDIT_BUREAU
CUST-105767,2025-03-03,2025-03-03,638,R5,False,CREDIT_BUREAU
CUST-106908,2025-03-03,2025-03-03,774,R2,False,CREDIT_BUREAU
CUST-107454,2025-03-03,2025-03-03,676,R4,False,CREDIT_BUREAU
CUST-106857,2025-03-03,2025-03-03,795,R1,False,CREDIT_BUREAU
CUST-102064,2025-03-03,2025-03-03,735,R3,False,CREDIT_BUREAU
CUST-107012,2025-03-03,2025-03-03,725,R3,False,CREDIT_BUREAU
CUST-101516,2025-03-03,2025-03-03,654,R5,False,CREDIT_BUREAU
CUST-106545,2025-03-03,2025-03-03,704,R3,False,CREDIT_BUREAU
CUST-100255,2025-03-03,2025-03-03,666,R4,False,CREDIT_BUREAU
CUST-107327,2025-03-03,2025-03-03,780,R1,False,CREDIT_BUREAU
CUST-101909,2025-03-03,2025-03-03,645,R5,False,CREDIT_BUREAU
CUST-105206,2025-03-03,2025-03-03,636,R5,False,CREDIT_BUREAU
CUST-104056,2025-03-03,2025-03-03,604,R6,False,CREDIT_BUREAU
CUST-100284,2025-03-03,2025-03-03,828,R1,False,CREDIT_BUREAU
CUST-107296,2025-03-03,2025-03-03,719,R3,False,CREDIT_BUREAU
CUST-103661,2025-03-03,2025-03-03,823,R1,False,CREDIT_BUREAU
CUST-106483,2025-03-03,2025-03-03,795,R1,False,CREDIT_BUREAU
CUST-107309,2025-03-03,2025-03-03,685,R4,False,CREDIT_BUREAU
CUST-100777,2025-03-03,2025-03-03,606,R6,False,CREDIT_BUREAU
CUST-106504,2025-03-03,2025-03-03,812,R1,False,CREDIT_BUREAU
CUST-104804,2025-03-03,2025-03-03,810,R1,False,CREDIT_BUREAU
CUST-104673,2025-03-03,2025-03-03,715,R3,False,CREDIT_BUREAU
CUST-106497,2025-03-03,2025-03-03,710,R3,False,CREDIT_BUREAU
CUST-106955,2025-03-03,2025-03-03,609,R6,False,CREDIT_BUREAU
CUST-107724,2025-03-03,2025-03-03,598,R6,False,CREDIT_BUREAU
CUST-104168,2025-03-03,2025-03-03,727,R3,False,CREDIT_BUREAU
CUST-101234,2025-03-03,2025-03-03,750,R2,False,CREDIT_BUREAU
CUST-104194,2025-03-03,2025-03-03,784,R1,False,CREDIT_BUREAU
CUST-102099,2025-03-03,2025-03-03,735,R3,False,CREDIT_BUREAU
CUST-105723,2025-03-03,2025-03-03,742,R2,False,CREDIT_BUREAU
CUST-105402,2025-03-03,2025-03-03,798,R1,False,CREDIT_BUREAU
CUST-100824,2025-03-03,2025-03-03,675,R4,False,CREDIT_BUREAU
CUST-106058,2025-03-03,2025-03-03,694,R4,False,CREDIT_BUREAU
CUST-103160,2025-03-03,2025-03-03,635,R5,False,CREDIT_BUREAU
CUST-107065,2025-03-03,2025-03-03,733,R3,False,CREDIT_BUREAU
CUST-103320,2025-03-03,2025-03-03,649,R5,False,CREDIT_BUREAU
CUST-101999,2025-03-03,2025-03-03,790,R1,False,CREDIT_BUREAU
CUST-103479,2025-03-03,2025-03-03,641,R5,False,CREDIT_BUREAU
CUST-105853,2025-03-03,2025-03-03,725,R3,False,CREDIT_BUREAU
CUST-100301,2025-03-03,2025-03-03,631,R5,False,CREDIT_BUREAU
CUST-105847,2025-03-03,2025-03-03,707,R3,False,CREDIT_BUREAU
CUST-106917,2025-03-03,2025-03-03,723,R3,False,CREDIT_BUREAU
CUST-104995,2025-03-03,2025-03-03,678,R4,False,CREDIT_BUREAU
CUST-104705,2025-03-03,2025-03-03,679,R4,False,CREDIT_BUREAU
CUST-104158,2025-03-03,2025-03-03,609,R6,False,CREDIT_BUREAU
CUST-105403,2025-03-03,2025-03-03,620,R5,False,CREDIT_BUREAU
CUST-101808,2025-03-03,2025-03-03,815,R1,False,CREDIT_BUREAU
CUST-106358,2025-03-03,2025-03-03,628,R5,False,CREDIT_BUREAU
CUST-107115,2025-03-03,2025-03-03,718,R3,False,CREDIT_BUREAU
CUST-102671,2025-03-03,2025-03-03,582,R6,False,CREDIT_BUREAU
CUST-100517,2025-03-03,2025-03-03,604,R6,False,CREDIT_BUREAU
CUST-102487,2025-03-03,2025-03-03,814,R1,False,CREDIT_BUREAU
CUST-101159,2025-03-03,2025-03-03,646,R5,False,CREDIT_BUREAU
CUST-106460,2025-03-03,2025-03-03,684,R4,False,CREDIT_BUREAU
CUST-107475,2025-03-03,2025-03-03,678,R4,False,CREDIT_BUREAU
CUST-104455,2025-03-03,2025-03-03,612,R6,False,CREDIT_BUREAU
CUST-106236,2025-03-03,2025-03-03,730,R3,False,CREDIT_BUREAU
CUST-101301,2025-03-03,2025-03-03,748,R2,False,CREDIT_BUREAU
CUST-103586,2025-03-03,2025-03-03,615,R6,False,CREDIT_BUREAU
CUST-107121,2025-03-03,2025-03-03,803,R1,False,CREDIT_BUREAU
CUST-104655,2025-03-03,2025-03-03,672,R4,False,CREDIT_BUREAU
CUST-102549,2025-03-03,2025-03-03,586,R6,False,CREDIT_BUREAU
CUST-103374,2025-03-03,2025-03-03,685,R4,False,CREDIT_BUREAU
CUST-104596,2025-03-03,2025-03-03,765,R2,False,CREDIT_BUREAU
CUST-103368,2025-03-03,2025-03-03,691,R4,False,CREDIT_BUREAU
CUST-107043,2025-03-03,2025-03-03,777,R2,False,CREDIT_BUREAU
CUST-101334,2025-03-03,2025-03-03,712,R3,False,CREDIT_BUREAU
CUST-100326,2025-03-03,2025-03-03,680,R4,False,CREDIT_BUREAU
CUST-106818,2025-03-03,2025-03-03,778,R2,False,CREDIT_BUREAU
CUST-105632,2025-03-03,2025-03-03,719,R3,False,CREDIT_BUREAU
CUST-102070,2025-03-03,2025-03-03,595,R6,False,CREDIT_BUREAU
CUST-105980,2025-03-03,2025-03-03,729,R3,False,CREDIT_BUREAU
CUST-104421,2025-03-03,2025-03-03,747,R2,False,CREDIT_BUREAU
CUST-102966,2025-03-03,2025-03-03,759,R2,False,CREDIT_BUREAU
CUST-103726,2025-03-03,2025-03-03,722,R3,False,CREDIT_BUREAU
CUST-102254,2025-03-03,2025-03-03,818,R1,False,CREDIT_BUREAU
CUST-103252,2025-03-03,2025-03-03,755,R2,False,CREDIT_BUREAU
CUST-107580,2025-03-03,2025-03-03,438,R7,False,CREDIT_BUREAU
CUST-104706,2025-03-03,2025-03-03,766,R2,False,CREDIT_BUREAU
CUST-100894,2025-03-03,2025-03-03,672,R4,False,CREDIT_BUREAU
CUST-107063,2025-03-03,2025-03-03,691,R4,False,CREDIT_BUREAU
CUST-100081,2025-03-03,2025-03-03,803,R1,False,CREDIT_BUREAU
CUST-107365,2025-03-03,2025-03-03,579,R7,False,CREDIT_BUREAU
CUST-101216,2025-03-03,2025-03-03,810,R1,False,CREDIT_BUREAU
CUST-105227,2025-03-03,2025-03-03,679,R4,False,CREDIT_BUREAU
CUST-106968,2025-03-03,2025-03-03,838,R1,False,CREDIT_BUREAU
CUST-103818,2025-03-03,2025-03-03,630,R5,False,CREDIT_BUREAU
CUST-107451,2025-03-03,2025-03-03,751,R2,False,CREDIT_BUREAU
CUST-103266,2025-03-03,2025-03-03,820,R1,False,CREDIT_BUREAU
CUST-102339,2025-03-03,2025-03-03,683,R4,False,CREDIT_BUREAU
CUST-100468,2025-03-03,2025-03-03,768,R2,False,CREDIT_BUREAU
CUST-105636,2025-03-03,2025-03-03,760,R2,False,CREDIT_BUREAU
CUST-100182,2025-03-03,2025-03-03,721,R3,False,CREDIT_BUREAU
CUST-105589,2025-03-03,2025-03-03,651,R5,False,CREDIT_BUREAU
CUST-100985,2025-03-03,2025-03-03,777,R2,False,CREDIT_BUREAU
CUST-107949,2025-03-03,2025-03-03,642,R5,False,CREDIT_BUREAU
CUST-107570,2025-03-03,2025-03-03,816,R1,False,CREDIT_BUREAU
CUST-103175,2025-03-03,2025-03-03,833,R1,False,CREDIT_BUREAU
CUST-105205,2025-03-03,2025-03-03,725,R3,False,CREDIT_BUREAU
CUST-107645,2025-03-03,2025-03-03,746,R2,False,CREDIT_BUREAU
CUST-103354,2025-03-03,2025-03-03,699,R4,False,CREDIT_BUREAU
CUST-105772,2025-03-03,2025-03-03,799,R1,False,CREDIT_BUREAU
CUST-100437,2025-03-03,2025-03-03,695,R4,False,CREDIT_BUREAU
CUST-101641,2025-03-03,2025-03-03,660,R4,False,CREDIT_BUREAU
CUST-101349,2025-03-03,2025-03-03,619,R6,False,CREDIT_BUREAU
CUST-105188,2025-03-03,2025-03-03,725,R3,False,CREDIT_BUREAU
CUST-102586,2025-03-03,2025-03-03,618,R6,False,CREDIT_BUREAU
CUST-106495,2025-03-03,2025-03-03,776,R2,False,CREDIT_BUREAU
CUST-106464,2025-03-03,2025-03-03,819,R1,False,CREDIT_BUREAU
CUST-101739,2025-03-03,2025-03-03,713,R3,False,CREDIT_BUREAU
CUST-102358,2025-03-03,2025-03-03,688,R4,False,CREDIT_BUREAU
CUST-101282,2025-03-03,2025-03-03,726,R3,False,CREDIT_BUREAU
CUST-101989,2025-03-03,2025-03-03,716,R3,False,CREDIT_BUREAU
CUST-106405,2025-03-03,2025-03-03,725,R3,False,CREDIT_BUREAU
CUST-107612,2025-03-03,2025-03-03,817,R1,False,CREDIT_BUREAU
CUST-101646,2025-03-03,2025-03-03,702,R3,False,CREDIT_BUREAU
CUST-100447,2025-03-03,2025-03-03,606,R6,False,CREDIT_BUREAU
CUST-103456,2025-03-03,2025-03-03,675,R4,False,CREDIT_BUREAU
CUST-106396,2025-03-03,2025-03-03,663,R4,False,CREDIT_BUREAU
CUST-104450,2025-03-03,2025-03-03,681,R4,False,CREDIT_BUREAU
CUST-104680,2025-03-03,2025-03-03,759,R2,False,CREDIT_BUREAU
CUST-102184,2025-03-03,2025-03-03,830,R1,False,CREDIT_BUREAU
CUST-107957,2025-03-03,2025-03-03,824,R1,False,CREDIT_BUREAU
CUST-103996,2025-03-03,2025-03-03,681,R4,False,CREDIT_BUREAU
CUST-104529,2025-03-03,2025-03-03,649,R5,False,CREDIT_BUREAU
CUST-104545,2025-03-03,2025-03-03,689,R4,False,CREDIT_BUREAU
CUST-102490,2025-03-03,2025-03-03,808,R1,False,CREDIT_BUREAU
CUST-106072,2025-03-03,2025-03-03,795,R1,False,CREDIT_BUREAU
CUST-106133,2025-03-03,2025-03-03,743,R2,False,CREDIT_BUREAU
CUST-106832,2025-03-03,2025-03-03,732,R3,False,CREDIT_BUREAU
CUST-102960,2025-03-03,2025-03-03,713,R3,False,CREDIT_BUREAU
CUST-102197,2025-03-03,2025-03-03,631,R5,False,CREDIT_BUREAU
CUST-106107,2025-03-03,2025-03-03,755,R2,False,CREDIT_BUREAU
CUST-107710,2025-03-03,2025-03-03,755,R2,False,CREDIT_BUREAU
CUST-105055,2025-03-03,2025-03-03,617,R6,False,CREDIT_BUREAU
CUST-107037,2025-03-03,2025-03-03,700,R3,False,CREDIT_BUREAU
CUST-102664,2025-03-03,2025-03-03,686,R4,False,CREDIT_BUREAU
CUST-100418,2025-03-03,2025-03-03,643,R5,False,CREDIT_BUREAU
CUST-105777,2025-03-03,2025-03-03,694,R4,False,CREDIT_BUREAU
CUST-105232,2025-03-03,2025-03-03,626,R5,False,CREDIT_BUREAU
CUST-107665,2025-03-03,2025-03-03,722,R3,False,CREDIT_BUREAU
CUST-100942,2025-03-03,2025-03-03,808,R1,False,CREDIT_BUREAU
CUST-104034,2025-03-03,2025-03-03,769,R2,False,CREDIT_BUREAU
CUST-102715,2025-03-03,2025-03-03,634,R5,False,CREDIT_BUREAU
CUST-104950,2025-03-03,2025-03-03,644,R5,False,CREDIT_BUREAU
CUST-100997,2025-03-03,2025-03-03,722,R3,False,CREDIT_BUREAU
CUST-103851,2025-03-03,2025-03-03,672,R4,False,CREDIT_BUREAU
CUST-101597,2025-03-03,2025-03-03,442,R7,False,CREDIT_BUREAU
CUST-101400,2025-03-03,2025-03-03,794,R1,False,CREDIT_BUREAU
CUST-105345,2025-03-03,2025-03-03,670,R4,False,CREDIT_BUREAU
CUST-106168,2025-03-03,2025-03-03,707,R3,False,CREDIT_BUREAU
CUST-107509,2025-03-03,2025-03-03,826,R1,False,CREDIT_BUREAU
CUST-105013,2025-03-03,2025-03-03,642,R5,False,CREDIT_BUREAU
CUST-103948,2025-03-03,2025-03-03,720,R3,False,CREDIT_BUREAU
CUST-104169,2025-03-03,2025-03-03,590,R6,False,CREDIT_BUREAU
CUST-107780,2025-03-03,2025-03-03,749,R2,False,CREDIT_BUREAU
CUST-105218,2025-03-03,2025-03-03,763,R2,False,CREDIT_BUREAU
CUST-102090,2025-03-03,2025-03-03,650,R5,False,CREDIT_BUREAU
CUST-107664,2025-03-03,2025-03-03,612,R6,False,CREDIT_BUREAU
CUST-105660,2025-03-03,2025-03-03,720,R3,False,CREDIT_BUREAU
CUST-105094,2025-03-03,2025-03-03,699,R4,False,CREDIT_BUREAU
CUST-104162,2025-03-03,2025-03-03,694,R4,False,CREDIT_BUREAU
CUST-104470,2025-03-03,2025-03-03,697,R4,False,CREDIT_BUREAU
CUST-101412,2025-03-03,2025-03-03,733,R3,False,CREDIT_BUREAU
CUST-102396,2025-03-03,2025-03-03,669,R4,False,CREDIT_BUREAU
CUST-104558,2025-03-03,2025-03-03,700,R3,False,CREDIT_BUREAU
CUST-105539,2025-03-03,2025-03-03,713,R3,False,CREDIT_BUREAU
CUST-102129,2025-03-03,2025-03-03,640,R5,False,CREDIT_BUREAU
CUST-105750,2025-03-03,2025-03-03,697,R4,False,CREDIT_BUREAU
CUST-107010,2025-03-03,2025-03-03,766,R2,False,CREDIT_BUREAU
CUST-103866,2025-03-03,2025-03-03,818,R1,False,CREDIT_BUREAU
CUST-100219,2025-03-03,2025-03-03,814,R1,False,CREDIT_BUREAU
CUST-107438,2025-03-03,2025-03-03,800,R1,False,CREDIT_BUREAU
CUST-102851,2025-03-03,2025-03-03,651,R5,False,CREDIT_BUREAU
CUST-106849,2025-03-03,2025-03-03,711,R3,False,CREDIT_BUREAU
CUST-107412,2025-03-03,2025-03-03,776,R2,False,CREDIT_BUREAU
CUST-100508,2025-03-03,2025-03-03,695,R4,False,CREDIT_BUREAU
CUST-103259,2025-03-03,2025-03-03,685,R4,False,CREDIT_BUREAU
CUST-102375,2025-03-03,2025-03-03,670,R4,False,CREDIT_BUREAU
CUST-102681,2025-03-03,2025-03-03,712,R3,False,CREDIT_BUREAU
CUST-103494,2025-03-03,2025-03-03,691,R4,False,CREDIT_BUREAU
CUST-103607,2025-03-03,2025-03-03,805,R1,False,CREDIT_BUREAU
CUST-102384,2025-03-03,2025-03-03,712,R3,False,CREDIT_BUREAU
CUST-101841,2025-03-03,2025-03-03,721,R3,False,CREDIT_BUREAU
CUST-106568,2025-03-03,2025-03-03,582,R6,False,CREDIT_BUREAU
CUST-107592,2025-03-03,2025-03-03,707,R3,False,CREDIT_BUREAU
CUST-105669,2025-03-03,2025-03-03,611,R6,False,CREDIT_BUREAU
CUST-105800,2025-03-03,2025-03-03,598,R6,False,CREDIT_BUREAU
CUST-100319,2025-03-03,2025-03-03,722,R3,False,CREDIT_BUREAU
CUST-101248,2025-03-03,2025-03-03,767,R2,False,CREDIT_BUREAU
CUST-103537,2025-03-03,2025-03-03,737,R3,False,CREDIT_BUREAU
CUST-100280,2025-03-03,2025-03-03,718,R3,False,CREDIT_BUREAU
CUST-107698,2025-03-03,2025-03-03,828,R1,False,CREDIT_BUREAU
CUST-104296,2025-03-03,2025-03-03,598,R6,False,CREDIT_BUREAU
CUST-104380,2025-03-03,2025-03-03,770,R2,False,CREDIT_BUREAU
CUST-101325,2025-03-03,2025-03-03,663,R4,False,CREDIT_BUREAU
CUST-106182,2025-03-03,2025-03-03,712,R3,False,CREDIT_BUREAU
CUST-102515,2025-03-03,2025-03-03,769,R2,False,CREDIT_BUREAU
CUST-107490,2025-03-03,2025-03-03,805,R1,False,CREDIT_BUREAU
CUST-101428,2025-03-03,2025-03-03,434,R7,False,CREDIT_BUREAU
CUST-100276,2025-03-03,2025-03-03,768,R2,False,CREDIT_BUREAU
CUST-103282,2025-03-03,2025-03-03,758,R2,False,CREDIT_BUREAU
CUST-101724,2025-03-03,2025-03-03,594,R6,False,CREDIT_BUREAU
CUST-101241,2025-03-03,2025-03-03,638,R5,False,CREDIT_BUREAU
CUST-107834,2025-03-03,2025-03-03,709,R3,False,CREDIT_BUREAU
CUST-105461,2025-03-03,2025-03-03,701,R3,False,CREDIT_BUREAU
CUST-104280,2025-03-03,2025-03-03,713,R3,False,CREDIT_BUREAU
CUST-105370,2025-03-03,2025-03-03,649,R5,False,CREDIT_BUREAU
CUST-104216,2025-03-03,2025-03-03,714,R3,False,CREDIT_BUREAU
CUST-107232,2025-03-03,2025-03-03,423,R7,False,CREDIT_BUREAU
CUST-101821,2025-03-03,2025-03-03,605,R6,False,CREDIT_BUREAU
CUST-101478,2025-03-03,2025-03-03,782,R1,False,CREDIT_BUREAU
CUST-101139,2025-03-03,2025-03-03,747,R2,False,CREDIT_BUREAU
CUST-106078,2025-03-03,2025-03-03,723,R3,False,CREDIT_BUREAU
CUST-101993,2025-03-03,2025-03-03,673,R4,False,CREDIT_BUREAU
CUST-103677,2025-03-03,2025-03-03,670,R4,False,CREDIT_BUREAU
CUST-105952,2025-03-03,2025-03-03,670,R4,False,CREDIT_BUREAU
CUST-107727,2025-03-03,2025-03-03,727,R3,False,CREDIT_BUREAU
CUST-103204,2025-03-03,2025-03-03,604,R6,False,CREDIT_BUREAU
CUST-107251,2025-03-03,2025-03-03,715,R3,False,CREDIT_BUREAU
CUST-101507,2025-03-03,2025-03-03,619,R6,False,CREDIT_BUREAU
CUST-105445,2025-03-03,2025-03-03,821,R1,False,CREDIT_BUREAU
CUST-103570,2025-03-03,2025-03-03,656,R5,False,CREDIT_BUREAU
CUST-101063,2025-03-03,2025-03-03,705,R3,False,CREDIT_BUREAU
CUST-102711,2025-03-03,2025-03-03,604,R6,False,CREDIT_BUREAU
CUST-105155,2025-03-03,2025-03-03,760,R2,False,CREDIT_BUREAU
CUST-103159,2025-03-03,2025-03-03,681,R4,False,CREDIT_BUREAU
CUST-101843,2025-03-03,2025-03-03,744,R2,False,CREDIT_BUREAU
CUST-103556,2025-03-03,2025-03-03,750,R2,False,CREDIT_BUREAU
CUST-103302,2025-03-03,2025-03-03,803,R1,False,CREDIT_BUREAU
CUST-102300,2025-03-03,2025-03-03,625,R5,False,CREDIT_BUREAU
CUST-100459,2025-03-03,2025-03-03,717,R3,False,CREDIT_BUREAU
CUST-103960,2025-03-03,2025-03-03,756,R2,False,CREDIT_BUREAU
CUST-105911,2025-03-03,2025-03-03,722,R3,False,CREDIT_BUREAU
CUST-103871,2025-03-03,2025-03-03,794,R1,False,CREDIT_BUREAU
CUST-106631,2025-03-03,2025-03-03,829,R1,False,CREDIT_BUREAU
CUST-107751,2025-03-03,2025-03-03,628,R5,False,CREDIT_BUREAU
CUST-100765,2025-03-03,2025-03-03,602,R6,False,CREDIT_BUREAU
CUST-106661,2025-03-03,2025-03-03,694,R4,False,CREDIT_BUREAU
CUST-107008,2025-03-03,2025-03-03,644,R5,False,CREDIT_BUREAU
CUST-107555,2025-03-03,2025-03-03,728,R3,False,CREDIT_BUREAU
CUST-105740,2025-03-03,2025-03-03,809,R1,False,CREDIT_BUREAU
CUST-106363,2025-03-03,2025-03-03,731,R3,False,CREDIT_BUREAU
CUST-107020,2025-03-03,2025-03-03,767,R2,False,CREDIT_BUREAU
CUST-100784,2025-03-03,2025-03-03,666,R4,False,CREDIT_BUREAU
CUST-106164,2025-03-03,2025-03-03,709,R3,False,CREDIT_BUREAU
CUST-106059,2025-03-03,2025-03-03,722,R3,False,CREDIT_BUREAU
CUST-103547,2025-03-03,2025-03-03,715,R3,False,CREDIT_BUREAU
CUST-104460,2025-03-03,2025-03-03,775,R2,False,CREDIT_BUREAU
CUST-104083,2025-03-03,2025-03-03,770,R2,False,CREDIT_BUREAU
CUST-105067,2025-03-03,2025-03-03,683,R4,False,CREDIT_BUREAU
CUST-101156,2025-03-03,2025-03-03,723,R3,False,CREDIT_BUREAU
CUST-107523,2025-03-03,2025-03-03,596,R6,False,CREDIT_BUREAU
CUST-102369,2025-03-03,2025-03-03,685,R4,False,CREDIT_BUREAU
CUST-104458,2025-03-03,2025-03-03,657,R5,False,CREDIT_BUREAU
CUST-104601,2025-03-03,2025-03-03,633,R5,False,CREDIT_BUREAU
CUST-104418,2025-03-03,2025-03-03,756,R2,False,CREDIT_BUREAU
CUST-102044,2025-03-03,2025-03-03,660,R4,False,CREDIT_BUREAU
CUST-103035,2025-03-03,2025-03-03,822,R1,False,CREDIT_BUREAU
CUST-105064,2025-03-03,2025-03-03,850,R1,False,CREDIT_BUREAU
CUST-102166,2025-03-03,2025-03-03,774,R2,False,CREDIT_BUREAU
CUST-101157,2025-03-03,2025-03-03,609,R6,False,CREDIT_BUREAU
CUST-105612,2025-03-03,2025-03-03,589,R6,False,CREDIT_BUREAU
CUST-107271,2025-03-03,2025-03-03,740,R2,False,CREDIT_BUREAU
CUST-101256,2025-03-03,2025-03-03,696,R4,False,CREDIT_BUREAU
CUST-101124,2025-03-03,2025-03-03,710,R3,False,CREDIT_BUREAU
CUST-104796,2025-03-03,2025-03-03,640,R5,False,CREDIT_BUREAU
CUST-101502,2025-03-03,2025-03-03,757,R2,False,CREDIT_BUREAU
CUST-102215,2025-03-03,2025-03-03,755,R2,False,CREDIT_BUREAU
CUST-102018,2025-03-03,2025-03-03,722,R3,False,CREDIT_BUREAU
CUST-106230,2025-03-03,2025-03-03,623,R5,False,CREDIT_BUREAU
CUST-106198,2025-03-03,2025-03-03,768,R2,False,CREDIT_BUREAU
CUST-104658,2025-03-03,2025-03-03,666,R4,False,CREDIT_BUREAU
CUST-102186,2025-03-03,2025-03-03,680,R4,False,CREDIT_BUREAU
CUST-100083,2025-03-03,2025-03-03,597,R6,False,CREDIT_BUREAU
CUST-102057,2025-03-03,2025-03-03,706,R3,False,CREDIT_BUREAU
CUST-105978,2025-03-03,2025-03-03,715,R3,False,CREDIT_BUREAU
CUST-102970,2025-03-03,2025-03-03,768,R2,False,CREDIT_BUREAU
CUST-103001,2025-03-03,2025-03-03,589,R6,False,CREDIT_BUREAU
CUST-107984,2025-03-03,2025-03-03,713,R3,False,CREDIT_BUREAU
CUST-101644,2025-03-03,2025-03-03,681,R4,False,CREDIT_BUREAU
CUST-101275,2025-03-03,2025-03-03,635,R5,False,CREDIT_BUREAU
CUST-100035,2025-03-03,2025-03-03,810,R1,False,CREDIT_BUREAU
CUST-103193,2025-03-03,2025-03-03,669,R4,False,CREDIT_BUREAU
CUST-104581,2025-03-03,2025-03-03,714,R3,False,CREDIT_BUREAU
CUST-105339,2025-03-03,2025-03-03,774,R2,False,CREDIT_BUREAU
CUST-106798,2025-03-03,2025-03-03,763,R2,False,CREDIT_BUREAU
CUST-102978,2025-03-03,2025-03-03,679,R4,False,CREDIT_BUREAU
CUST-101482,2025-03-03,2025-03-03,604,R6,False,CREDIT_BUREAU
CUST-104269,2025-03-03,2025-03-03,712,R3,False,CREDIT_BUREAU
CUST-103438,2025-03-03,2025-03-03,804,R1,False,CREDIT_BUREAU
CUST-103065,2025-03-03,2025-03-03,688,R4,False,CREDIT_BUREAU
CUST-101079,2025-03-03,2025-03-03,758,R2,False,CREDIT_BUREAU
CUST-101994,2025-03-03,2025-03-03,681,R4,False,CREDIT_BUREAU
CUST-103796,2025-03-03,2025-03-03,687,R4,False,CREDIT_BUREAU
CUST-107524,2025-03-03,2025-03-03,683,R4,False,CREDIT_BUREAU
CUST-104648,2025-03-03,2025-03-03,708,R3,False,CREDIT_BUREAU
CUST-101732,2025-03-03,2025-03-03,761,R2,False,CREDIT_BUREAU
CUST-107219,2025-03-03,2025-03-03,684,R4,False,CREDIT_BUREAU
CUST-102884,2025-03-03,2025-03-03,720,R3,False,CREDIT_BUREAU
CUST-104480,2025-03-03,2025-03-03,714,R3,False,CREDIT_BUREAU
CUST-101094,2025-03-03,2025-03-03,641,R5,False,CREDIT_BUREAU
CUST-102285,2025-03-03,2025-03-03,718,R3,False,CREDIT_BUREAU
CUST-105414,2025-03-03,2025-03-03,673,R4,False,CREDIT_BUREAU
CUST-100743,2025-03-03,2025-03-03,699,R4,False,CREDIT_BUREAU
CUST-104033,2025-03-03,2025-03-03,682,R4,False,CREDIT_BUREAU
CUST-100504,2025-03-03,2025-03-03,775,R2,False,CREDIT_BUREAU
CUST-107756,2025-03-03,2025-03-03,693,R4,False,CREDIT_BUREAU
CUST-100618,2025-03-03,2025-03-03,756,R2,False,CREDIT_BUREAU
CUST-103003,2025-03-03,2025-03-03,693,R4,False,CREDIT_BUREAU
CUST-104670,2025-03-03,2025-03-03,806,R1,False,CREDIT_BUREAU
CUST-104195,2025-03-03,2025-03-03,815,R1,False,CREDIT_BUREAU
CUST-106052,2025-03-03,2025-03-03,615,R6,False,CREDIT_BUREAU
CUST-101861,2025-03-03,2025-03-03,814,R1,False,CREDIT_BUREAU
CUST-103248,2025-03-03,2025-03-03,763,R2,False,CREDIT_BUREAU
CUST-105128,2025-03-03,2025-03-03,791,R1,False,CREDIT_BUREAU
CUST-106352,2025-03-03,2025-03-03,634,R5,False,CREDIT_BUREAU
CUST-102306,2025-03-03,2025-03-03,622,R5,False,CREDIT_BUREAU
CUST-101979,2025-03-03,2025-03-03,580,R6,False,CREDIT_BUREAU
CUST-103816,2025-03-03,2025-03-03,696,R4,False,CREDIT_BUREAU
CUST-103046,2025-03-03,2025-03-03,819,R1,False,CREDIT_BUREAU
CUST-101862,2025-03-03,2025-03-03,691,R4,False,CREDIT_BUREAU
CUST-104063,2025-03-03,2025-03-03,670,R4,False,CREDIT_BUREAU
CUST-106993,2025-03-03,2025-03-03,448,R7,False,CREDIT_BUREAU
CUST-100967,2025-03-03,2025-03-03,694,R4,False,CREDIT_BUREAU
CUST-101497,2025-03-03,2025-03-03,827,R1,False,CREDIT_BUREAU
CUST-103584,2025-03-03,2025-03-03,615,R6,False,CREDIT_BUREAU
CUST-101665,2025-03-03,2025-03-03,619,R6,False,CREDIT_BUREAU
CUST-105764,2025-03-03,2025-03-03,754,R2,False,CREDIT_BUREAU
CUST-102569,2025-03-03,2025-03-03,456,R7,False,CREDIT_BUREAU
CUST-100671,2025-03-03,2025-03-03,677,R4,False,CREDIT_BUREAU
CUST-107188,2025-03-03,2025-03-03,712,R3,False,CREDIT_BUREAU
CUST-106730,2025-03-03,2025-03-03,764,R2,False,CREDIT_BUREAU
CUST-104031,2025-03-03,2025-03-03,655,R5,False,CREDIT_BUREAU
CUST-106969,2025-03-03,2025-03-03,738,R3,False,CREDIT_BUREAU
CUST-102094,2025-03-03,2025-03-03,722,R3,False,CREDIT_BUREAU
CUST-107579,2025-03-03,2025-03-03,603,R6,False,CREDIT_BUREAU
CUST-100139,2025-03-03,2025-03-03,668,R4,False,CREDIT_BUREAU
CUST-101564,2025-03-03,2025-03-03,622,R5,False,CREDIT_BUREAU
CUST-107604,2025-03-03,2025-03-03,625,R5,False,CREDIT_BUREAU
CUST-104511,2025-03-03,2025-03-03,651,R5,False,CREDIT_BUREAU
CUST-107389,2025-03-03,2025-03-03,629,R5,False,CREDIT_BUREAU
CUST-105692,2025-03-03,2025-03-03,691,R4,False,CREDIT_BUREAU
CUST-100165,2025-03-03,2025-03-03,673,R4,False,CREDIT_BUREAU
CUST-105694,2025-03-03,2025-03-03,722,R3,False,CREDIT_BUREAU
CUST-104657,2025-03-03,2025-03-03,779,R2,False,CREDIT_BUREAU
CUST-104325,2025-03-03,2025-03-03,687,R4,False,CREDIT_BUREAU
CUST-101960,2025-03-03,2025-03-03,764,R2,False,CREDIT_BUREAU
CUST-107741,2025-03-03,2025-03-03,747,R2,False,CREDIT_BUREAU
CUST-102644,2025-03-03,2025-03-03,780,R1,False,CREDIT_BUREAU
CUST-100741,2025-03-03,2025-03-03,617,R6,False,CREDIT_BUREAU
CUST-107149,2025-03-03,2025-03-03,709,R3,False,CREDIT_BUREAU
CUST-107512,2025-03-03,2025-03-03,579,R7,False,CREDIT_BUREAU
CUST-100596,2025-03-03,2025-03-03,454,R7,False,CREDIT_BUREAU
CUST-103678,2025-03-03,2025-03-03,594,R6,False,CREDIT_BUREAU
CUST-105655,2025-03-03,2025-03-03,766,R2,False,CREDIT_BUREAU
CUST-106267,2025-03-03,2025-03-03,757,R2,False,CREDIT_BUREAU
CUST-102263,2025-03-03,2025-03-03,801,R1,False,CREDIT_BUREAU
CUST-100732,2025-03-03,2025-03-03,464,R7,False,CREDIT_BUREAU
CUST-101071,2025-03-03,2025-03-03,773,R2,False,CREDIT_BUREAU
CUST-107367,2025-03-03,2025-03-03,765,R2,False,CREDIT_BUREAU
CUST-102776,2025-03-03,2025-03-03,581,R6,False,CREDIT_BUREAU
CUST-105212,2025-03-03,2025-03-03,587,R6,False,CREDIT_BUREAU
CUST-104471,2025-03-03,2025-03-03,715,R3,False,CREDIT_BUREAU
CUST-106771,2025-03-03,2025-03-03,718,R3,False,CREDIT_BUREAU
CUST-107628,2025-03-03,2025-03-03,672,R4,False,CREDIT_BUREAU
CUST-107861,2025-03-03,2025-03-03,711,R3,False,CREDIT_BUREAU
CUST-104414,2025-03-03,2025-03-03,600,R6,False,CREDIT_BUREAU
CUST-106265,2025-03-03,2025-03-03,717,R3,False,CREDIT_BUREAU
CUST-106041,2025-03-03,2025-03-03,814,R1,False,CREDIT_BUREAU
CUST-105263,2025-03-03,2025-03-03,781,R1,False,CREDIT_BUREAU
CUST-102462,2025-03-03,2025-03-03,677,R4,False,CREDIT_BUREAU
CUST-106126,2025-03-03,2025-03-03,596,R6,False,CREDIT_BUREAU
CUST-100313,2025-03-03,2025-03-03,628,R5,False,CREDIT_BUREAU
CUST-107715,2025-03-03,2025-03-03,673,R4,False,CREDIT_BUREAU
CUST-103887,2025-03-03,2025-03-03,687,R4,False,CREDIT_BUREAU
CUST-105476,2025-03-03,2025-03-03,807,R1,False,CREDIT_BUREAU
CUST-107259,2025-03-03,2025-03-03,711,R3,False,CREDIT_BUREAU
CUST-107101,2025-03-03,2025-03-03,728,R3,False,CREDIT_BUREAU
CUST-107992,2025-03-03,2025-03-03,644,R5,False,CREDIT_BUREAU
CUST-107330,2025-03-03,2025-03-03,825,R1,False,CREDIT_BUREAU
CUST-107018,2025-03-03,2025-03-03,637,R5,False,CREDIT_BUREAU
CUST-101034,2025-03-03,2025-03-03,649,R5,False,CREDIT_BUREAU
CUST-101302,2025-03-03,2025-03-03,723,R3,False,CREDIT_BUREAU
CUST-105917,2025-03-03,2025-03-03,672,R4,False,CREDIT_BUREAU
CUST-100475,2025-03-03,2025-03-03,733,R3,False,CREDIT_BUREAU
CUST-100332,2025-03-03,2025-03-03,826,R1,False,CREDIT_BUREAU
CUST-100998,2025-03-03,2025-03-03,672,R4,False,CREDIT_BUREAU
CUST-102612,2025-03-03,2025-03-03,711,R3,False,CREDIT_BUREAU
CUST-105706,2025-03-03,2025-03-03,621,R5,False,CREDIT_BUREAU
CUST-105502,2025-03-03,2025-03-03,731,R3,False,CREDIT_BUREAU
CUST-100424,2025-03-03,2025-03-03,432,R7,False,CREDIT_BUREAU
CUST-102109,2025-03-03,2025-03-03,638,R5,False,CREDIT_BUREAU
CUST-101734,2025-03-03,2025-03-03,674,R4,False,CREDIT_BUREAU
CUST-103335,2025-03-03,2025-03-03,603,R6,False,CREDIT_BUREAU
CUST-102790,2025-03-03,2025-03-03,736,R3,False,CREDIT_BUREAU
CUST-103696,2025-03-03,2025-03-03,610,R6,False,CREDIT_BUREAU
CUST-106044,2025-03-03,2025-03-03,701,R3,False,CREDIT_BUREAU
CUST-105159,2025-03-03,2025-03-03,679,R4,False,CREDIT_BUREAU
CUST-104493,2025-03-03,2025-03-03,764,R2,False,CREDIT_BUREAU
CUST-105653,2025-03-03,2025-03-03,750,R2,False,CREDIT_BUREAU
CUST-101049,2025-03-03,2025-03-03,714,R3,False,CREDIT_BUREAU
CUST-106909,2025-03-03,2025-03-03,724,R3,False,CREDIT_BUREAU
CUST-102835,2025-03-03,2025-03-03,747,R2,False,CREDIT_BUREAU
CUST-101882,2025-03-03,2025-03-03,811,R1,False,CREDIT_BUREAU
CUST-104397,2025-03-03,2025-03-03,829,R1,False,CREDIT_BUREAU
CUST-101441,2025-03-03,2025-03-03,651,R5,False,CREDIT_BUREAU
CUST-103645,2025-03-03,2025-03-03,830,R1,False,CREDIT_BUREAU
CUST-105920,2025-03-03,2025-03-03,679,R4,False,CREDIT_BUREAU
CUST-102402,2025-03-03,2025-03-03,677,R4,False,CREDIT_BUREAU
CUST-107230,2025-03-03,2025-03-03,630,R5,False,CREDIT_BUREAU
CUST-100364,2025-03-03,2025-03-03,729,R3,False,CREDIT_BUREAU
CUST-107754,2025-03-03,2025-03-03,809,R1,False,CREDIT_BUREAU
CUST-101607,2025-03-03,2025-03-03,639,R5,False,CREDIT_BUREAU
CUST-106622,2025-03-03,2025-03-03,818,R1,False,CREDIT_BUREAU
CUST-103588,2025-03-03,2025-03-03,712,R3,False,CREDIT_BUREAU
CUST-107979,2025-03-03,2025-03-03,665,R4,False,CREDIT_BUREAU
CUST-107380,2025-03-03,2025-03-03,685,R4,False,CREDIT_BUREAU
CUST-104491,2025-03-03,2025-03-03,676,R4,False,CREDIT_BUREAU
CUST-102012,2025-03-03,2025-03-03,799,R1,False,CREDIT_BUREAU
CUST-100589,2025-03-03,2025-03-03,801,R1,False,CREDIT_BUREAU
CUST-104443,2025-03-03,2025-03-03,733,R3,False,CREDIT_BUREAU
CUST-100722,2025-03-03,2025-03-03,767,R2,False,CREDIT_BUREAU
CUST-103496,2025-03-03,2025-03-03,628,R5,False,CREDIT_BUREAU
CUST-103393,2025-03-03,2025-03-03,708,R3,False,CREDIT_BUREAU
CUST-101731,2025-03-03,2025-03-03,715,R3,False,CREDIT_BUREAU
CUST-105194,2025-03-03,2025-03-03,762,R2,False,CREDIT_BUREAU
CUST-100965,2025-03-03,2025-03-03,598,R6,False,CREDIT_BUREAU
CUST-103649,2025-03-03,2025-03-03,830,R1,False,CREDIT_BUREAU
CUST-106910,2025-03-03,2025-03-03,675,R4,False,CREDIT_BUREAU
CUST-103891,2025-03-03,2025-03-03,681,R4,False,CREDIT_BUREAU
CUST-100648,2025-03-03,2025-03-03,810,R1,False,CREDIT_BUREAU
CUST-107845,2025-03-03,2025-03-03,637,R5,False,CREDIT_BUREAU
CUST-101742,2025-03-03,2025-03-03,773,R2,False,CREDIT_BUREAU
CUST-102114,2025-03-03,2025-03-03,751,R2,False,CREDIT_BUREAU
CUST-104432,2025-03-03,2025-03-03,675,R4,False,CREDIT_BUREAU
CUST-106582,2025-03-03,2025-03-03,805,R1,False,CREDIT_BUREAU
CUST-106754,2025-03-03,2025-03-03,644,R5,False,CREDIT_BUREAU
CUST-102481,2025-03-03,2025-03-03,803,R1,False,CREDIT_BUREAU
CUST-105009,2025-03-03,2025-03-03,635,R5,False,CREDIT_BUREAU
CUST-104324,2025-03-03,2025-03-03,639,R5,False,CREDIT_BUREAU
CUST-105512,2025-03-03,2025-03-03,729,R3,False,CREDIT_BUREAU
CUST-103403,2025-03-03,2025-03-03,817,R1,False,CREDIT_BUREAU
CUST-105318,2025-03-03,2025-03-03,724,R3,False,CREDIT_BUREAU
CUST-104072,2025-03-03,2025-03-03,717,R3,False,CREDIT_BUREAU
CUST-106195,2025-03-03,2025-03-03,716,R3,False,CREDIT_BUREAU
CUST-107252,2025-03-03,2025-03-03,721,R3,False,CREDIT_BUREAU
CUST-101253,2025-03-03,2025-03-03,755,R2,False,CREDIT_BUREAU
CUST-106080,2025-03-03,2025-03-03,750,R2,False,CREDIT_BUREAU
CUST-104456,2025-03-03,2025-03-03,624,R5,False,CREDIT_BUREAU
CUST-106320,2025-03-03,2025-03-03,707,R3,False,CREDIT_BUREAU
CUST-102134,2025-03-03,2025-03-03,595,R6,False,CREDIT_BUREAU
CUST-103419,2025-03-03,2025-03-03,615,R6,False,CREDIT_BUREAU
CUST-101324,2025-03-03,2025-03-03,631,R5,False,CREDIT_BUREAU
CUST-105855,2025-03-03,2025-03-03,808,R1,False,CREDIT_BUREAU
CUST-105765,2025-03-03,2025-03-03,756,R2,False,CREDIT_BUREAU
CUST-105079,2025-03-03,2025-03-03,447,R7,False,CREDIT_BUREAU
CUST-104936,2025-03-03,2025-03-03,610,R6,False,CREDIT_BUREAU
CUST-100461,2025-03-03,2025-03-03,682,R4,False,CREDIT_BUREAU
CUST-104831,2025-03-03,2025-03-03,772,R2,False,CREDIT_BUREAU
CUST-101797,2025-03-03,2025-03-03,584,R6,False,CREDIT_BUREAU
CUST-105665,2025-03-03,2025-03-03,822,R1,False,CREDIT_BUREAU
CUST-102209,2025-03-03,2025-03-03,829,R1,False,CREDIT_BUREAU
CUST-103299,2025-03-03,2025-03-03,592,R6,False,CREDIT_BUREAU
CUST-104727,2025-03-03,2025-03-03,733,R3,False,CREDIT_BUREAU
CUST-100403,2025-03-03,2025-03-03,723,R3,False,CREDIT_BUREAU
CUST-105600,2025-03-03,2025-03-03,599,R6,False,CREDIT_BUREAU
CUST-106355,2025-03-03,2025-03-03,768,R2,False,CREDIT_BUREAU
CUST-103527,2025-03-03,2025-03-03,752,R2,False,CREDIT_BUREAU
CUST-106903,2025-03-03,2025-03-03,719,R3,False,CREDIT_BUREAU
CUST-105001,2025-03-03,2025-03-03,787,R1,False,CREDIT_BUREAU
CUST-103524,2025-03-03,2025-03-03,668,R4,False,CREDIT_BUREAU
CUST-107492,2025-03-03,2025-03-03,577,R7,False,CREDIT_BUREAU
CUST-106276,2025-03-03,2025-03-03,803,R1,False,CREDIT_BUREAU
CUST-107424,2025-03-03,2025-03-03,706,R3,False,CREDIT_BUREAU
CUST-107064,2025-03-03,2025-03-03,732,R3,False,CREDIT_BUREAU
CUST-104217,2025-03-03,2025-03-03,828,R1,False,CREDIT_BUREAU
CUST-103820,2025-03-03,2025-03-03,731,R3,False,CREDIT_BUREAU
CUST-104388,2025-03-03,2025-03-03,697,R4,False,CREDIT_BUREAU
CUST-107983,2025-03-03,2025-03-03,755,R2,False,CREDIT_BUREAU
CUST-103729,2025-03-03,2025-03-03,826,R1,False,CREDIT_BUREAU
CUST-105897,2025-03-03,2025-03-03,634,R5,False,CREDIT_BUREAU
CUST-103774,2025-03-03,2025-03-03,818,R1,False,CREDIT_BUREAU
CUST-106030,2025-03-03,2025-03-03,777,R2,False,CREDIT_BUREAU
CUST-104199,2025-03-03,2025-03-03,661,R4,False,CREDIT_BUREAU
CUST-107337,2025-03-03,2025-03-03,687,R4,False,CREDIT_BUREAU
CUST-105639,2025-03-03,2025-03-03,670,R4,False,CREDIT_BUREAU
CUST-102084,2025-03-03,2025-03-03,712,R3,False,CREDIT_BUREAU
CUST-102131,2025-03-03,2025-03-03,803,R1,False,CREDIT_BUREAU
CUST-103773,2025-03-03,2025-03-03,733,R3,False,CREDIT_BUREAU
CUST-103745,2025-03-03,2025-03-03,694,R4,False,CREDIT_BUREAU
CUST-103126,2025-03-03,2025-03-03,762,R2,False,CREDIT_BUREAU
CUST-105237,2025-03-03,2025-03-03,725,R3,False,CREDIT_BUREAU
CUST-101687,2025-03-03,2025-03-03,439,R7,False,CREDIT_BUREAU
CUST-100611,2025-03-03,2025-03-03,725,R3,False,CREDIT_BUREAU
CUST-106441,2025-03-03,2025-03-03,750,R2,False,CREDIT_BUREAU
CUST-107924,2025-03-03,2025-03-03,739,R3,False,CREDIT_BUREAU
CUST-106421,2025-03-03,2025-03-03,731,R3,False,CREDIT_BUREAU
CUST-105154,2025-03-03,2025-03-03,701,R3,False,CREDIT_BUREAU
CUST-104898,2025-03-03,2025-03-03,708,R3,False,CREDIT_BUREAU
CUST-101260,2025-03-03,2025-03-03,737,R3,False,CREDIT_BUREAU
CUST-101764,2025-03-03,2025-03-03,631,R5,False,CREDIT_BUREAU
CUST-107623,2025-03-03,2025-03-03,718,R3,False,CREDIT_BUREAU
CUST-104842,2025-03-03,2025-03-03,833,R1,False,CREDIT_BUREAU
CUST-104284,2025-03-03,2025-03-03,679,R4,False,CREDIT_BUREAU
CUST-106856,2025-03-03,2025-03-03,728,R3,False,CREDIT_BUREAU
CUST-102724,2025-03-03,2025-03-03,724,R3,False,CREDIT_BUREAU
CUST-103817,2025-03-03,2025-03-03,709,R3,False,CREDIT_BUREAU
CUST-106501,2025-03-03,2025-03-03,708,R3,False,CREDIT_BUREAU
CUST-100349,2025-03-03,2025-03-03,809,R1,False,CREDIT_BUREAU
CUST-102787,2025-03-03,2025-03-03,652,R5,False,CREDIT_BUREAU
CUST-105157,2025-03-03,2025-03-03,633,R5,False,CREDIT_BUREAU
CUST-102195,2025-03-03,2025-03-03,637,R5,False,CREDIT_BUREAU
CUST-107068,2025-03-03,2025-03-03,762,R2,False,CREDIT_BUREAU
CUST-103797,2025-03-03,2025-03-03,625,R5,False,CREDIT_BUREAU
CUST-100329,2025-03-03,2025-03-03,684,R4,False,CREDIT_BUREAU
CUST-102150,2025-03-03,2025-03-03,429,R7,False,CREDIT_BUREAU
CUST-106566,2025-03-03,2025-03-03,761,R2,False,CREDIT_BUREAU
CUST-101470,2025-03-03,2025-03-03,713,R3,False,CREDIT_BUREAU
CUST-100374,2025-03-03,2025-03-03,666,R4,False,CREDIT_BUREAU
CUST-103968,2025-03-03,2025-03-03,625,R5,False,CREDIT_BUREAU
CUST-101524,2025-03-03,2025-03-03,792,R1,False,CREDIT_BUREAU
CUST-106826,2025-03-03,2025-03-03,419,R7,False,CREDIT_BUREAU
CUST-101133,2025-03-03,2025-03-03,667,R4,False,CREDIT_BUREAU
CUST-107487,2025-03-03,2025-03-03,779,R2,False,CREDIT_BUREAU
CUST-103614,2025-03-03,2025-03-03,606,R6,False,CREDIT_BUREAU
CUST-105945,2025-03-03,2025-03-03,687,R4,False,CREDIT_BUREAU
CUST-103459,2025-03-03,2025-03-03,767,R2,False,CREDIT_BUREAU
CUST-104136,2025-03-03,2025-03-03,721,R3,False,CREDIT_BUREAU
CUST-103097,2025-03-03,2025-03-03,721,R3,False,CREDIT_BUREAU
CUST-104861,2025-03-03,2025-03-03,762,R2,False,CREDIT_BUREAU
CUST-106612,2025-03-03,2025-03-03,652,R5,False,CREDIT_BUREAU
CUST-102314,2025-03-03,2025-03-03,718,R3,False,CREDIT_BUREAU
CUST-100874,2025-03-03,2025-03-03,667,R4,False,CREDIT_BUREAU
CUST-102498,2025-03-03,2025-03-03,729,R3,False,CREDIT_BUREAU
CUST-104553,2025-03-03,2025-03-03,758,R2,False,CREDIT_BUREAU
CUST-102425,2025-03-03,2025-03-03,641,R5,False,CREDIT_BUREAU
CUST-107850,2025-03-03,2025-03-03,801,R1,False,CREDIT_BUREAU
CUST-101638,2025-03-03,2025-03-03,685,R4,False,CREDIT_BUREAU
CUST-103569,2025-03-03,2025-03-03,651,R5,False,CREDIT_BUREAU
CUST-104724,2025-03-03,2025-03-03,642,R5,False,CREDIT_BUREAU
CUST-106810,2025-03-03,2025-03-03,725,R3,False,CREDIT_BUREAU
CUST-105271,2025-03-03,2025-03-03,807,R1,False,CREDIT_BUREAU
CUST-100405,2025-03-03,2025-03-03,684,R4,False,CREDIT_BUREAU
CUST-105422,2025-03-03,2025-03-03,808,R1,False,CREDIT_BUREAU
CUST-100976,2025-03-03,2025-03-03,638,R5,False,CREDIT_BUREAU
CUST-100463,2025-03-03,2025-03-03,793,R1,False,CREDIT_BUREAU
CUST-107319,2025-03-03,2025-03-03,823,R1,False,CREDIT_BUREAU
CUST-102757,2025-03-03,2025-03-03,607,R6,False,CREDIT_BUREAU
CUST-104760,2025-03-03,2025-03-03,639,R5,False,CREDIT_BUREAU
CUST-102547,2025-03-03,2025-03-03,744,R2,False,CREDIT_BUREAU
CUST-100324,2025-03-03,2025-03-03,423,R7,False,CREDIT_BUREAU
CUST-103007,2025-03-03,2025-03-03,747,R2,False,CREDIT_BUREAU
CUST-102965,2025-03-03,2025-03-03,633,R5,False,CREDIT_BUREAU
CUST-102582,2025-03-03,2025-03-03,812,R1,False,CREDIT_BUREAU
CUST-107846,2025-03-03,2025-03-03,628,R5,False,CREDIT_BUREAU
CUST-100321,2025-03-03,2025-03-03,712,R3,False,CREDIT_BUREAU
CUST-106571,2025-03-03,2025-03-03,804,R1,False,CREDIT_BUREAU
CUST-101595,2025-03-03,2025-03-03,724,R3,False,CREDIT_BUREAU
CUST-107876,2025-03-03,2025-03-03,660,R4,False,CREDIT_BUREAU
CUST-103349,2025-03-03,2025-03-03,688,R4,False,CREDIT_BUREAU
CUST-101727,2025-03-03,2025-03-03,713,R3,False,CREDIT_BUREAU
CUST-101906,2025-03-03,2025-03-03,610,R6,False,CREDIT_BUREAU
CUST-104579,2025-03-03,2025-03-03,434,R7,False,CREDIT_BUREAU
CUST-101069,2025-03-03,2025-03-03,610,R6,False,CREDIT_BUREAU
CUST-102000,2025-03-03,2025-03-03,721,R3,False,CREDIT_BUREAU
CUST-102059,2025-03-03,2025-03-03,636,R5,False,CREDIT_BUREAU
CUST-105220,2025-03-03,2025-03-03,645,R5,False,CREDIT_BUREAU
CUST-103495,2025-03-03,2025-03-03,419,R7,False,CREDIT_BUREAU
CUST-101005,2025-03-03,2025-03-03,822,R1,False,CREDIT_BUREAU
CUST-102437,2025-03-03,2025-03-03,699,R4,False,CREDIT_BUREAU
CUST-106147,2025-03-03,2025-03-03,831,R1,False,CREDIT_BUREAU
CUST-104651,2025-03-03,2025-03-03,638,R5,False,CREDIT_BUREAU
CUST-104719,2025-03-03,2025-03-03,803,R1,False,CREDIT_BUREAU
CUST-106019,2025-03-03,2025-03-03,763,R2,False,CREDIT_BUREAU
CUST-107948,2025-03-03,2025-03-03,729,R3,False,CREDIT_BUREAU
CUST-102687,2025-03-03,2025-03-03,645,R5,False,CREDIT_BUREAU
CUST-103624,2025-03-03,2025-03-03,681,R4,False,CREDIT_BUREAU
CUST-100520,2025-03-03,2025-03-03,580,R6,False,CREDIT_BUREAU
CUST-103959,2025-03-03,2025-03-03,720,R3,False,CREDIT_BUREAU
CUST-104737,2025-03-03,2025-03-03,636,R5,False,CREDIT_BUREAU
CUST-105845,2025-03-03,2025-03-03,768,R2,False,CREDIT_BUREAU
CUST-101333,2025-03-03,2025-03-03,630,R5,False,CREDIT_BUREAU
CUST-107886,2025-03-03,2025-03-03,726,R3,False,CREDIT_BUREAU
CUST-101791,2025-03-03,2025-03-03,663,R4,False,CREDIT_BUREAU
CUST-107513,2025-03-03,2025-03-03,661,R4,False,CREDIT_BUREAU
CUST-105755,2025-03-03,2025-03-03,723,R3,False,CREDIT_BUREAU
CUST-105405,2025-03-03,2025-03-03,818,R1,False,CREDIT_BUREAU
CUST-107495,2025-03-03,2025-03-03,817,R1,False,CREDIT_BUREAU
CUST-101920,2025-03-03,2025-03-03,658,R5,False,CREDIT_BUREAU
CUST-102706,2025-03-03,2025-03-03,743,R2,False,CREDIT_BUREAU
CUST-104630,2025-03-03,2025-03-03,723,R3,False,CREDIT_BUREAU
CUST-104889,2025-03-03,2025-03-03,724,R3,False,CREDIT_BUREAU
CUST-104623,2025-03-03,2025-03-03,753,R2,False,CREDIT_BUREAU
CUST-107142,2025-03-03,2025-03-03,732,R3,False,CREDIT_BUREAU
CUST-106625,2025-03-03,2025-03-03,629,R5,False,CREDIT_BUREAU
CUST-106859,2025-03-03,2025-03-03,821,R1,False,CREDIT_BUREAU
CUST-104029,2025-03-03,2025-03-03,727,R3,False,CREDIT_BUREAU
CUST-107684,2025-03-03,2025-03-03,699,R4,False,CREDIT_BUREAU
CUST-107094,2025-03-03,2025-03-03,768,R2,False,CREDIT_BUREAU
CUST-103673,2025-03-03,2025-03-03,683,R4,False,CREDIT_BUREAU
CUST-105044,2025-03-03,2025-03-03,744,R2,False,CREDIT_BUREAU
CUST-103275,2025-03-03,2025-03-03,594,R6,False,CREDIT_BUREAU
CUST-103746,2025-03-03,2025-03-03,754,R2,False,CREDIT_BUREAU
CUST-101745,2025-03-03,2025-03-03,626,R5,False,CREDIT_BUREAU
CUST-102919,2025-03-03,2025-03-03,748,R2,False,CREDIT_BUREAU
CUST-105774,2025-03-03,2025-03-03,711,R3,False,CREDIT_BUREAU
CUST-107942,2025-03-03,2025-03-03,661,R4,False,CREDIT_BUREAU
CUST-106144,2025-03-03,2025-03-03,735,R3,False,CREDIT_BUREAU
CUST-103760,2025-03-03,2025-03-03,786,R1,False,CREDIT_BUREAU
CUST-106896,2025-03-03,2025-03-03,751,R2,False,CREDIT_BUREAU
CUST-102689,2025-03-03,2025-03-03,624,R5,False,CREDIT_BUREAU
CUST-101443,2025-03-03,2025-03-03,705,R3,False,CREDIT_BUREAU
CUST-105241,2025-03-03,2025-03-03,624,R5,False,CREDIT_BUREAU
CUST-106873,2025-03-03,2025-03-03,677,R4,False,CREDIT_BUREAU
CUST-102710,2025-03-03,2025-03-03,658,R5,False,CREDIT_BUREAU
CUST-101360,2025-03-03,2025-03-03,653,R5,False,CREDIT_BUREAU
CUST-104108,2025-03-03,2025-03-03,614,R6,False,CREDIT_BUREAU
CUST-100806,2025-03-03,2025-03-03,682,R4,False,CREDIT_BUREAU
CUST-102579,2025-03-03,2025-03-03,682,R4,False,CREDIT_BUREAU
CUST-103239,2025-03-03,2025-03-03,805,R1,False,CREDIT_BUREAU
CUST-105630,2025-03-03,2025-03-03,667,R4,False,CREDIT_BUREAU
CUST-103859,2025-03-03,2025-03-03,762,R2,False,CREDIT_BUREAU
CUST-100342,2025-03-03,2025-03-03,821,R1,False,CREDIT_BUREAU
CUST-101995,2025-03-03,2025-03-03,745,R2,False,CREDIT_BUREAU
CUST-106251,2025-03-03,2025-03-03,678,R4,False,CREDIT_BUREAU
CUST-104690,2025-03-03,2025-03-03,825,R1,False,CREDIT_BUREAU
CUST-100079,2025-03-03,2025-03-03,739,R3,False,CREDIT_BUREAU
CUST-104302,2025-03-03,2025-03-03,823,R1,False,CREDIT_BUREAU
CUST-100514,2025-03-03,2025-03-03,666,R4,False,CREDIT_BUREAU
CUST-102525,2025-03-03,2025-03-03,681,R4,False,CREDIT_BUREAU
CUST-101299,2025-03-03,2025-03-03,656,R5,False,CREDIT_BUREAU
CUST-100843,2025-03-03,2025-03-03,723,R3,False,CREDIT_BUREAU
CUST-107459,2025-03-03,2025-03-03,721,R3,False,CREDIT_BUREAU
CUST-106870,2025-03-03,2025-03-03,715,R3,False,CREDIT_BUREAU
CUST-103972,2025-03-03,2025-03-03,815,R1,False,CREDIT_BUREAU
CUST-103681,2025-03-03,2025-03-03,710,R3,False,CREDIT_BUREAU
CUST-102501,2025-03-03,2025-03-03,762,R2,False,CREDIT_BUREAU
CUST-102597,2025-03-03,2025-03-03,644,R5,False,CREDIT_BUREAU
CUST-100014,2025-03-03,2025-03-03,705,R3,False,CREDIT_BUREAU
CUST-100242,2025-03-03,2025-03-03,819,R1,False,CREDIT_BUREAU
CUST-105882,2025-03-03,2025-03-03,673,R4,False,CREDIT_BUREAU
CUST-105366,2025-03-03,2025-03-03,831,R1,False,CREDIT_BUREAU
CUST-103235,2025-03-03,2025-03-03,814,R1,False,CREDIT_BUREAU
CUST-103471,2025-03-03,2025-03-03,679,R4,False,CREDIT_BUREAU
CUST-105175,2025-03-03,2025-03-03,437,R7,False,CREDIT_BUREAU
CUST-105427,2025-03-03,2025-03-03,705,R3,False,CREDIT_BUREAU
CUST-102852,2025-03-03,2025-03-03,620,R5,False,CREDIT_BUREAU
CUST-102092,2025-03-03,2025-03-03,741,R2,False,CREDIT_BUREAU
CUST-105324,2025-03-03,2025-03-03,814,R1,False,CREDIT_BUREAU
CUST-107323,2025-03-03,2025-03-03,682,R4,False,CREDIT_BUREAU
CUST-107002,2025-03-03,2025-03-03,838,R1,False,CREDIT_BUREAU
CUST-100318,2025-03-03,2025-03-03,603,R6,False,CREDIT_BUREAU
CUST-100240,2025-03-03,2025-03-03,819,R1,False,CREDIT_BUREAU
CUST-106305,2025-03-03,2025-03-03,759,R2,False,CREDIT_BUREAU
CUST-106214,2025-03-03,2025-03-03,762,R2,False,CREDIT_BUREAU
CUST-104894,2025-03-03,2025-03-03,783,R1,False,CREDIT_BUREAU
CUST-100380,2025-03-03,2025-03-03,817,R1,False,CREDIT_BUREAU
CUST-102584,2025-03-03,2025-03-03,630,R5,False,CREDIT_BUREAU
CUST-107603,2025-03-03,2025-03-03,756,R2,False,CREDIT_BUREAU
CUST-104524,2025-03-03,2025-03-03,759,R2,False,CREDIT_BUREAU
CUST-106256,2025-03-03,2025-03-03,730,R3,False,CREDIT_BUREAU
CUST-107945,2025-03-03,2025-03-03,758,R2,False,CREDIT_BUREAU
CUST-102091,2025-03-03,2025-03-03,653,R5,False,CREDIT_BUREAU
CUST-100914,2025-03-03,2025-03-03,819,R1,False,CREDIT_BUREAU
CUST-103404,2025-03-03,2025-03-03,768,R2,False,CREDIT_BUREAU
CUST-104032,2025-03-03,2025-03-03,448,R7,False,CREDIT_BUREAU
CUST-106330,2025-03-03,2025-03-03,767,R2,False,CREDIT_BUREAU
CUST-103385,2025-03-03,2025-03-03,743,R2,False,CREDIT_BUREAU
CUST-100754,2025-03-03,2025-03-03,652,R5,False,CREDIT_BUREAU
CUST-104064,2025-03-03,2025-03-03,755,R2,False,CREDIT_BUREAU
CUST-107489,2025-03-03,2025-03-03,641,R5,False,CREDIT_BUREAU
CUST-106055,2025-03-03,2025-03-03,646,R5,False,CREDIT_BUREAU
CUST-101664,2025-03-03,2025-03-03,668,R4,False,CREDIT_BUREAU
CUST-107361,2025-03-03,2025-03-03,734,R3,False,CREDIT_BUREAU
CUST-102040,2025-03-03,2025-03-03,749,R2,False,CREDIT_BUREAU
CUST-104157,2025-03-03,2025-03-03,739,R3,False,CREDIT_BUREAU
CUST-100799,2025-03-03,2025-03-03,592,R6,False,CREDIT_BUREAU
CUST-100579,2025-03-03,2025-03-03,801,R1,False,CREDIT_BUREAU
CUST-106687,2025-03-03,2025-03-03,639,R5,False,CREDIT_BUREAU
CUST-104386,2025-03-03,2025-03-03,675,R4,False,CREDIT_BUREAU
CUST-104989,2025-03-03,2025-03-03,771,R2,False,CREDIT_BUREAU
CUST-105649,2025-03-03,2025-03-03,607,R6,False,CREDIT_BUREAU
CUST-107441,2025-03-03,2025-03-03,719,R3,False,CREDIT_BUREAU
CUST-104487,2025-03-03,2025-03-03,694,R4,False,CREDIT_BUREAU
CUST-107820,2025-03-03,2025-03-03,754,R2,False,CREDIT_BUREAU
CUST-104557,2025-03-03,2025-03-03,748,R2,False,CREDIT_BUREAU
CUST-105327,2025-03-03,2025-03-03,637,R5,False,CREDIT_BUREAU
CUST-103488,2025-03-03,2025-03-03,762,R2,False,CREDIT_BUREAU
CUST-107070,2025-03-03,2025-03-03,659,R5,False,CREDIT_BUREAU
CUST-102652,2025-03-03,2025-03-03,616,R6,False,CREDIT_BUREAU
CUST-102803,2025-03-03,2025-03-03,805,R1,False,CREDIT_BUREAU
CUST-100388,2025-03-03,2025-03-03,673,R4,False,CREDIT_BUREAU
CUST-103568,2025-03-03,2025-03-03,713,R3,False,CREDIT_BUREAU
CUST-100494,2025-03-03,2025-03-03,607,R6,False,CREDIT_BUREAU
CUST-102806,2025-03-03,2025-03-03,681,R4,False,CREDIT_BUREAU
CUST-102148,2025-03-03,2025-03-03,738,R3,False,CREDIT_BUREAU
CUST-105759,2025-03-03,2025-03-03,729,R3,False,CREDIT_BUREAU
CUST-103543,2025-03-03,2025-03-03,639,R5,False,CREDIT_BUREAU
CUST-105605,2025-03-03,2025-03-03,701,R3,False,CREDIT_BUREAU
CUST-102759,2025-03-03,2025-03-03,803,R1,False,CREDIT_BUREAU
CUST-107143,2025-03-03,2025-03-03,684,R4,False,CREDIT_BUREAU
CUST-101903,2025-03-03,2025-03-03,775,R2,False,CREDIT_BUREAU
CUST-100246,2025-03-03,2025-03-03,728,R3,False,CREDIT_BUREAU
CUST-107757,2025-03-03,2025-03-03,719,R3,False,CREDIT_BUREAU
CUST-105004,2025-03-03,2025-03-03,466,R7,False,CREDIT_BUREAU
CUST-104854,2025-03-03,2025-03-03,760,R2,False,CREDIT_BUREAU
CUST-107989,2025-03-03,2025-03-03,621,R5,False,CREDIT_BUREAU
CUST-107166,2025-03-03,2025-03-03,728,R3,False,CREDIT_BUREAU
CUST-101348,2025-03-03,2025-03-03,707,R3,False,CREDIT_BUREAU
CUST-105495,2025-03-03,2025-03-03,758,R2,False,CREDIT_BUREAU
CUST-103319,2025-03-03,2025-03-03,756,R2,False,CREDIT_BUREAU
CUST-105713,2025-03-03,2025-03-03,435,R7,False,CREDIT_BUREAU
CUST-105999,2025-03-03,2025-03-03,694,R4,False,CREDIT_BUREAU
CUST-105907,2025-03-03,2025-03-03,816,R1,False,CREDIT_BUREAU
CUST-104951,2025-03-03,2025-03-03,597,R6,False,CREDIT_BUREAU
CUST-103267,2025-03-03,2025-03-03,761,R2,False,CREDIT_BUREAU
CUST-104563,2025-03-03,2025-03-03,590,R6,False,CREDIT_BUREAU
CUST-104407,2025-03-03,2025-03-03,436,R7,False,CREDIT_BUREAU
CUST-100238,2025-03-03,2025-03-03,830,R1,False,CREDIT_BUREAU
CUST-102616,2025-03-03,2025-03-03,704,R3,False,CREDIT_BUREAU
CUST-107431,2025-03-03,2025-03-03,441,R7,False,CREDIT_BUREAU
CUST-103697,2025-03-03,2025-03-03,640,R5,False,CREDIT_BUREAU
CUST-106833,2025-03-03,2025-03-03,750,R2,False,CREDIT_BUREAU
CUST-103848,2025-03-03,2025-03-03,637,R5,False,CREDIT_BUREAU
CUST-104188,2025-03-03,2025-03-03,722,R3,False,CREDIT_BUREAU
CUST-106732,2025-03-03,2025-03-03,443,R7,False,CREDIT_BUREAU
CUST-107575,2025-03-03,2025-03-03,800,R1,False,CREDIT_BUREAU
CUST-107080,2025-03-03,2025-03-03,685,R4,False,CREDIT_BUREAU
CUST-102516,2025-03-03,2025-03-03,747,R2,False,CREDIT_BUREAU
CUST-107997,2025-03-03,2025-03-03,816,R1,False,CREDIT_BUREAU
CUST-107656,2025-03-03,2025-03-03,716,R3,False,CREDIT_BUREAU
CUST-106244,2025-03-03,2025-03-03,734,R3,False,CREDIT_BUREAU
CUST-102427,2025-03-03,2025-03-03,705,R3,False,CREDIT_BUREAU
CUST-100689,2025-03-03,2025-03-03,631,R5,False,CREDIT_BUREAU
CUST-103540,2025-03-03,2025-03-03,763,R2,False,CREDIT_BUREAU
CUST-102313,2025-03-03,2025-03-03,666,R4,False,CREDIT_BUREAU
CUST-103452,2025-03-03,2025-03-03,746,R2,False,CREDIT_BUREAU
CUST-103221,2025-03-03,2025-03-03,706,R3,False,CREDIT_BUREAU
CUST-106247,2025-03-03,2025-03-03,698,R4,False,CREDIT_BUREAU
CUST-105607,2025-03-03,2025-03-03,643,R5,False,CREDIT_BUREAU
CUST-102828,2025-03-03,2025-03-03,812,R1,False,CREDIT_BUREAU
CUST-106853,2025-03-03,2025-03-03,650,R5,False,CREDIT_BUREAU
CUST-100458,2025-03-03,2025-03-03,446,R7,False,CREDIT_BUREAU
CUST-102714,2025-03-03,2025-03-03,690,R4,False,CREDIT_BUREAU
CUST-102836,2025-03-03,2025-03-03,738,R3,False,CREDIT_BUREAU
CUST-103646,2025-03-03,2025-03-03,820,R1,False,CREDIT_BUREAU
CUST-100383,2025-03-03,2025-03-03,651,R5,False,CREDIT_BUREAU
CUST-100270,2025-03-03,2025-03-03,724,R3,False,CREDIT_BUREAU
CUST-105262,2025-03-03,2025-03-03,583,R6,False,CREDIT_BUREAU
CUST-105691,2025-03-03,2025-03-03,650,R5,False,CREDIT_BUREAU
CUST-106014,2025-03-03,2025-03-03,654,R5,False,CREDIT_BUREAU
CUST-100258,2025-03-03,2025-03-03,688,R4,False,CREDIT_BUREAU
CUST-106158,2025-03-03,2025-03-03,714,R3,False,CREDIT_BUREAU
CUST-100814,2025-03-03,2025-03-03,677,R4,False,CREDIT_BUREAU
CUST-104073,2025-03-03,2025-03-03,578,R7,False,CREDIT_BUREAU
CUST-105053,2025-03-03,2025-03-03,628,R5,False,CREDIT_BUREAU
CUST-100244,2025-03-03,2025-03-03,776,R2,False,CREDIT_BUREAU
CUST-106450,2025-03-03,2025-03-03,753,R2,False,CREDIT_BUREAU
CUST-106882,2025-03-03,2025-03-03,836,R1,False,CREDIT_BUREAU
CUST-102924,2025-03-03,2025-03-03,786,R1,False,CREDIT_BUREAU
CUST-101783,2025-03-03,2025-03-03,690,R4,False,CREDIT_BUREAU
CUST-102275,2025-03-03,2025-03-03,650,R5,False,CREDIT_BUREAU
CUST-103396,2025-03-03,2025-03-03,441,R7,False,CREDIT_BUREAU
CUST-105092,2025-03-03,2025-03-03,679,R4,False,CREDIT_BUREAU
CUST-107494,2025-03-03,2025-03-03,700,R3,False,CREDIT_BUREAU
CUST-102713,2025-03-03,2025-03-03,431,R7,False,CREDIT_BUREAU
CUST-104947,2025-03-03,2025-03-03,656,R5,False,CREDIT_BUREAU
CUST-103080,2025-03-03,2025-03-03,749,R2,False,CREDIT_BUREAU
CUST-106124,2025-03-03,2025-03-03,690,R4,False,CREDIT_BUREAU
CUST-103908,2025-03-03,2025-03-03,618,R6,False,CREDIT_BUREAU
CUST-101488,2025-03-03,2025-03-03,759,R2,False,CREDIT_BUREAU
CUST-105253,2025-03-03,2025-03-03,672,R4,False,CREDIT_BUREAU
CUST-100818,2025-03-03,2025-03-03,695,R4,False,CREDIT_BUREAU
CUST-103073,2025-03-03,2025-03-03,734,R3,False,CREDIT_BUREAU
CUST-107678,2025-03-03,2025-03-03,614,R6,False,CREDIT_BUREAU
CUST-103333,2025-03-03,2025-03-03,743,R2,False,CREDIT_BUREAU
CUST-105375,2025-03-03,2025-03-03,658,R5,False,CREDIT_BUREAU
CUST-107776,2025-03-03,2025-03-03,707,R3,False,CREDIT_BUREAU
CUST-104954,2025-03-03,2025-03-03,816,R1,False,CREDIT_BUREAU
CUST-104135,2025-03-03,2025-03-03,662,R4,False,CREDIT_BUREAU
CUST-101218,2025-03-03,2025-03-03,835,R1,False,CREDIT_BUREAU
CUST-107831,2025-03-03,2025-03-03,439,R7,False,CREDIT_BUREAU
CUST-105165,2025-03-03,2025-03-03,660,R4,False,CREDIT_BUREAU
CUST-104427,2025-03-03,2025-03-03,643,R5,False,CREDIT_BUREAU
CUST-107204,2025-03-03,2025-03-03,811,R1,False,CREDIT_BUREAU
CUST-102693,2025-03-03,2025-03-03,739,R3,False,CREDIT_BUREAU
CUST-105491,2025-03-03,2025-03-03,813,R1,False,CREDIT_BUREAU
CUST-103014,2025-03-03,2025-03-03,660,R4,False,CREDIT_BUREAU
CUST-104552,2025-03-03,2025-03-03,755,R2,False,CREDIT_BUREAU
CUST-101714,2025-03-03,2025-03-03,727,R3,False,CREDIT_BUREAU
CUST-100101,2025-03-03,2025-03-03,778,R2,False,CREDIT_BUREAU
CUST-107355,2025-03-03,2025-03-03,722,R3,False,CREDIT_BUREAU
CUST-103491,2025-03-03,2025-03-03,722,R3,False,CREDIT_BUREAU
CUST-105947,2025-03-03,2025-03-03,449,R7,False,CREDIT_BUREAU
CUST-100778,2025-03-03,2025-03-03,706,R3,False,CREDIT_BUREAU
CUST-101725,2025-03-03,2025-03-03,669,R4,False,CREDIT_BUREAU
CUST-102442,2025-03-03,2025-03-03,716,R3,False,CREDIT_BUREAU
CUST-101523,2025-03-03,2025-03-03,595,R6,False,CREDIT_BUREAU
CUST-107196,2025-03-03,2025-03-03,802,R1,False,CREDIT_BUREAU
CUST-104711,2025-03-03,2025-03-03,744,R2,False,CREDIT_BUREAU
CUST-102609,2025-03-03,2025-03-03,638,R5,False,CREDIT_BUREAU
CUST-107564,2025-03-03,2025-03-03,673,R4,False,CREDIT_BUREAU
CUST-106933,2025-03-03,2025-03-03,655,R5,False,CREDIT_BUREAU
CUST-102130,2025-03-03,2025-03-03,640,R5,False,CREDIT_BUREAU
CUST-107515,2025-03-03,2025-03-03,710,R3,False,CREDIT_BUREAU
CUST-104912,2025-03-03,2025-03-03,691,R4,False,CREDIT_BUREAU
CUST-103732,2025-03-03,2025-03-03,697,R4,False,CREDIT_BUREAU
CUST-101545,2025-03-03,2025-03-03,688,R4,False,CREDIT_BUREAU
CUST-101444,2025-03-03,2025-03-03,717,R3,False,CREDIT_BUREAU
CUST-103530,2025-03-03,2025-03-03,419,R7,False,CREDIT_BUREAU
CUST-106765,2025-03-03,2025-03-03,838,R1,False,CREDIT_BUREAU
CUST-100205,2025-03-03,2025-03-03,619,R6,False,CREDIT_BUREAU
CUST-107035,2025-03-03,2025-03-03,712,R3,False,CREDIT_BUREAU
CUST-103049,2025-03-03,2025-03-03,806,R1,False,CREDIT_BUREAU
CUST-100702,2025-03-03,2025-03-03,674,R4,False,CREDIT_BUREAU
CUST-104212,2025-03-03,2025-03-03,713,R3,False,CREDIT_BUREAU
CUST-100221,2025-03-03,2025-03-03,791,R1,False,CREDIT_BUREAU
CUST-104446,2025-03-03,2025-03-03,597,R6,False,CREDIT_BUREAU
CUST-103847,2025-03-03,2025-03-03,594,R6,False,CREDIT_BUREAU
CUST-102808,2025-03-03,2025-03-03,644,R5,False,CREDIT_BUREAU
CUST-106953,2025-03-03,2025-03-03,767,R2,False,CREDIT_BUREAU
CUST-104762,2025-03-03,2025-03-03,642,R5,False,CREDIT_BUREAU
CUST-102963,2025-03-03,2025-03-03,763,R2,False,CREDIT_BUREAU
CUST-103915,2025-03-03,2025-03-03,642,R5,False,CREDIT_BUREAU
CUST-105178,2025-03-03,2025-03-03,680,R4,False,CREDIT_BUREAU
CUST-100199,2025-03-03,2025-03-03,637,R5,False,CREDIT_BUREAU
CUST-101087,2025-03-03,2025-03-03,682,R4,False,CREDIT_BUREAU
CUST-105548,2025-03-03,2025-03-03,746,R2,False,CREDIT_BUREAU
CUST-107077,2025-03-03,2025-03-03,756,R2,False,CREDIT_BUREAU
CUST-102039,2025-03-03,2025-03-03,757,R2,False,CREDIT_BUREAU
CUST-105432,2025-03-03,2025-03-03,765,R2,False,CREDIT_BUREAU
CUST-107909,2025-03-03,2025-03-03,710,R3,False,CREDIT_BUREAU
CUST-102997,2025-03-03,2025-03-03,650,R5,False,CREDIT_BUREAU
CUST-104474,2025-03-03,2025-03-03,728,R3,False,CREDIT_BUREAU
CUST-102461,2025-03-03,2025-03-03,722,R3,False,CREDIT_BUREAU
CUST-101744,2025-03-03,2025-03-03,433,R7,False,CREDIT_BUREAU
CUST-104353,2025-03-03,2025-03-03,686,R4,False,CREDIT_BUREAU
CUST-105880,2025-03-03,2025-03-03,641,R5,False,CREDIT_BUREAU
CUST-103765,2025-03-03,2025-03-03,610,R6,False,CREDIT_BUREAU
CUST-101949,2025-03-03,2025-03-03,750,R2,False,CREDIT_BUREAU
CUST-102116,2025-03-03,2025-03-03,735,R3,False,CREDIT_BUREAU
CUST-107277,2025-03-03,2025-03-03,810,R1,False,CREDIT_BUREAU
CUST-100773,2025-03-03,2025-03-03,710,R3,False,CREDIT_BUREAU
CUST-103435,2025-03-03,2025-03-03,686,R4,False,CREDIT_BUREAU
CUST-104527,2025-03-03,2025-03-03,805,R1,False,CREDIT_BUREAU
CUST-105732,2025-03-03,2025-03-03,645,R5,False,CREDIT_BUREAU
CUST-107112,2025-03-03,2025-03-03,739,R3,False,CREDIT_BUREAU
CUST-106445,2025-03-03,2025-03-03,682,R4,False,CREDIT_BUREAU
CUST-106589,2025-03-03,2025-03-03,811,R1,False,CREDIT_BUREAU
CUST-107130,2025-03-03,2025-03-03,818,R1,False,CREDIT_BUREAU
CUST-106498,2025-03-03,2025-03-03,762,R2,False,CREDIT_BUREAU
CUST-102083,2025-03-03,2025-03-03,463,R7,False,CREDIT_BUREAU
CUST-102520,2025-03-03,2025-03-03,436,R7,False,CREDIT_BUREAU
CUST-104151,2025-03-03,2025-03-03,654,R5,False,CREDIT_BUREAU
CUST-105025,2025-03-03,2025-03-03,816,R1,False,CREDIT_BUREAU
CUST-104223,2025-03-03,2025-03-03,681,R4,False,CREDIT_BUREAU
CUST-105881,2025-03-03,2025-03-03,809,R1,False,CREDIT_BUREAU
CUST-101592,2025-03-03,2025-03-03,721,R3,False,CREDIT_BUREAU
CUST-102014,2025-03-03,2025-03-03,689,R4,False,CREDIT_BUREAU
CUST-100905,2025-03-03,2025-03-03,768,R2,False,CREDIT_BUREAU
CUST-101733,2025-03-03,2025-03-03,821,R1,False,CREDIT_BUREAU
CUST-101606,2025-03-03,2025-03-03,643,R5,False,CREDIT_BUREAU
CUST-106720,2025-03-03,2025-03-03,598,R6,False,CREDIT_BUREAU
CUST-101219,2025-03-03,2025-03-03,797,R1,False,CREDIT_BUREAU
CUST-104935,2025-03-03,2025-03-03,821,R1,False,CREDIT_BUREAU
CUST-100725,2025-03-03,2025-03-03,442,R7,False,CREDIT_BUREAU
CUST-100571,2025-03-03,2025-03-03,733,R3,False,CREDIT_BUREAU
CUST-107476,2025-03-03,2025-03-03,823,R1,False,CREDIT_BUREAU
CUST-100479,2025-03-03,2025-03-03,624,R5,False,CREDIT_BUREAU
CUST-106148,2025-03-03,2025-03-03,681,R4,False,CREDIT_BUREAU
CUST-102496,2025-03-03,2025-03-03,688,R4,False,CREDIT_BUREAU
CUST-101577,2025-03-03,2025-03-03,750,R2,False,CREDIT_BUREAU
CUST-100387,2025-03-03,2025-03-03,628,R5,False,CREDIT_BUREAU
CUST-106323,2025-03-03,2025-03-03,766,R2,False,CREDIT_BUREAU
CUST-104374,2025-03-03,2025-03-03,814,R1,False,CREDIT_BUREAU
CUST-100795,2025-03-03,2025-03-03,665,R4,False,CREDIT_BUREAU
CUST-104066,2025-03-03,2025-03-03,650,R5,False,CREDIT_BUREAU
CUST-103904,2025-03-03,2025-03-03,691,R4,False,CREDIT_BUREAU
CUST-104282,2025-03-03,2025-03-03,723,R3,False,CREDIT_BUREAU
CUST-107356,2025-03-03,2025-03-03,682,R4,False,CREDIT_BUREAU
CUST-106863,2025-03-03,2025-03-03,722,R3,False,CREDIT_BUREAU
CUST-101453,2025-03-03,2025-03-03,799,R1,False,CREDIT_BUREAU
CUST-103206,2025-03-03,2025-03-03,693,R4,False,CREDIT_BUREAU
CUST-105500,2025-03-03,2025-03-03,694,R4,False,CREDIT_BUREAU
CUST-105290,2025-03-03,2025-03-03,414,R7,False,CREDIT_BUREAU
CUST-101003,2025-03-03,2025-03-03,622,R5,False,CREDIT_BUREAU
CUST-103698,2025-03-03,2025-03-03,732,R3,False,CREDIT_BUREAU
CUST-100717,2025-03-03,2025-03-03,606,R6,False,CREDIT_BUREAU
CUST-106507,2025-03-03,2025-03-03,758,R2,False,CREDIT_BUREAU
CUST-104433,2025-03-03,2025-03-03,692,R4,False,CREDIT_BUREAU
CUST-101918,2025-03-03,2025-03-03,753,R2,False,CREDIT_BUREAU
CUST-101462,2025-03-03,2025-03-03,672,R4,False,CREDIT_BUREAU
CUST-106353,2025-03-03,2025-03-03,602,R6,False,CREDIT_BUREAU
CUST-103468,2025-03-03,2025-03-03,765,R2,False,CREDIT_BUREAU
CUST-106327,2025-03-03,2025-03-03,692,R4,False,CREDIT_BUREAU
CUST-103956,2025-03-03,2025-03-03,710,R3,False,CREDIT_BUREAU
CUST-106131,2025-03-03,2025-03-03,718,R3,False,CREDIT_BUREAU
CUST-107083,2025-03-03,2025-03-03,682,R4,False,CREDIT_BUREAU
CUST-101763,2025-03-03,2025-03-03,798,R1,False,CREDIT_BUREAU
CUST-107658,2025-03-03,2025-03-03,706,R3,False,CREDIT_BUREAU
CUST-100389,2025-03-03,2025-03-03,681,R4,False,CREDIT_BUREAU
CUST-107338,2025-03-03,2025-03-03,683,R4,False,CREDIT_BUREAU
CUST-102588,2025-03-03,2025-03-03,747,R2,False,CREDIT_BUREAU
CUST-105862,2025-03-03,2025-03-03,669,R4,False,CREDIT_BUREAU
CUST-104461,2025-03-03,2025-03-03,761,R2,False,CREDIT_BUREAU
CUST-103850,2025-03-03,2025-03-03,824,R1,False,CREDIT_BUREAU
CUST-105635,2025-03-03,2025-03-03,813,R1,False,CREDIT_BUREAU
CUST-107705,2025-03-03,2025-03-03,654,R5,False,CREDIT_BUREAU
CUST-100109,2025-03-03,2025-03-03,427,R7,False,CREDIT_BUREAU
CUST-104292,2025-03-03,2025-03-03,624,R5,False,CREDIT_BUREAU
CUST-102551,2025-03-03,2025-03-03,771,R2,False,CREDIT_BUREAU
CUST-103384,2025-03-03,2025-03-03,717,R3,False,CREDIT_BUREAU
CUST-104617,2025-03-03,2025-03-03,729,R3,False,CREDIT_BUREAU
CUST-102265,2025-03-03,2025-03-03,752,R2,False,CREDIT_BUREAU
CUST-106980,2025-03-03,2025-03-03,826,R1,False,CREDIT_BUREAU
CUST-103215,2025-03-03,2025-03-03,718,R3,False,CREDIT_BUREAU
CUST-104144,2025-03-03,2025-03-03,716,R3,False,CREDIT_BUREAU
CUST-102401,2025-03-03,2025-03-03,687,R4,False,CREDIT_BUREAU
CUST-101718,2025-03-03,2025-03-03,683,R4,False,CREDIT_BUREAU
CUST-101624,2025-03-03,2025-03-03,433,R7,False,CREDIT_BUREAU
CUST-104848,2025-03-03,2025-03-03,714,R3,False,CREDIT_BUREAU
CUST-100855,2025-03-03,2025-03-03,589,R6,False,CREDIT_BUREAU
CUST-101698,2025-03-03,2025-03-03,772,R2,False,CREDIT_BUREAU
CUST-101061,2025-03-03,2025-03-03,584,R6,False,CREDIT_BUREAU
CUST-101814,2025-03-03,2025-03-03,604,R6,False,CREDIT_BUREAU
CUST-100262,2025-03-03,2025-03-03,612,R6,False,CREDIT_BUREAU
CUST-106617,2025-03-03,2025-03-03,684,R4,False,CREDIT_BUREAU
CUST-105642,2025-03-03,2025-03-03,636,R5,False,CREDIT_BUREAU
CUST-104166,2025-03-03,2025-03-03,697,R4,False,CREDIT_BUREAU
CUST-106056,2025-03-03,2025-03-03,580,R6,False,CREDIT_BUREAU
CUST-107477,2025-03-03,2025-03-03,608,R6,False,CREDIT_BUREAU
CUST-100551,2025-03-03,2025-03-03,615,R6,False,CREDIT_BUREAU
CUST-107832,2025-03-03,2025-03-03,817,R1,False,CREDIT_BUREAU
CUST-104362,2025-03-03,2025-03-03,727,R3,False,CREDIT_BUREAU
CUST-106584,2025-03-03,2025-03-03,755,R2,False,CREDIT_BUREAU
CUST-104794,2025-03-03,2025-03-03,820,R1,False,CREDIT_BUREAU
CUST-103071,2025-03-03,2025-03-03,700,R3,False,CREDIT_BUREAU
CUST-107968,2025-03-03,2025-03-03,661,R4,False,CREDIT_BUREAU
CUST-104024,2025-03-03,2025-03-03,727,R3,False,CREDIT_BUREAU
CUST-102385,2025-03-03,2025-03-03,729,R3,False,CREDIT_BUREAU
CUST-100913,2025-03-03,2025-03-03,815,R1,False,CREDIT_BUREAU
CUST-102228,2025-03-03,2025-03-03,593,R6,False,CREDIT_BUREAU
CUST-106266,2025-03-03,2025-03-03,757,R2,False,CREDIT_BUREAU
CUST-103660,2025-03-03,2025-03-03,758,R2,False,CREDIT_BUREAU
CUST-102047,2025-03-03,2025-03-03,642,R5,False,CREDIT_BUREAU
CUST-107202,2025-03-03,2025-03-03,764,R2,False,CREDIT_BUREAU
CUST-103142,2025-03-03,2025-03-03,818,R1,False,CREDIT_BUREAU
CUST-107760,2025-03-03,2025-03-03,761,R2,False,CREDIT_BUREAU
CUST-100867,2025-03-03,2025-03-03,815,R1,False,CREDIT_BUREAU
CUST-106325,2025-03-03,2025-03-03,680,R4,False,CREDIT_BUREAU
CUST-102494,2025-03-03,2025-03-03,438,R7,False,CREDIT_BUREAU
CUST-101065,2025-03-03,2025-03-03,696,R4,False,CREDIT_BUREAU
CUST-104605,2025-03-03,2025-03-03,761,R2,False,CREDIT_BUREAU
CUST-107569,2025-03-03,2025-03-03,707,R3,False,CREDIT_BUREAU
CUST-102605,2025-03-03,2025-03-03,674,R4,False,CREDIT_BUREAU
CUST-106492,2025-03-03,2025-03-03,812,R1,False,CREDIT_BUREAU
CUST-106575,2025-03-03,2025-03-03,662,R4,False,CREDIT_BUREAU
CUST-107060,2025-03-03,2025-03-03,765,R2,False,CREDIT_BUREAU
CUST-107874,2025-03-03,2025-03-03,606,R6,False,CREDIT_BUREAU
CUST-103658,2025-03-03,2025-03-03,755,R2,False,CREDIT_BUREAU
CUST-105464,2025-03-03,2025-03-03,741,R2,False,CREDIT_BUREAU
CUST-102789,2025-03-03,2025-03-03,820,R1,False,CREDIT_BUREAU
CUST-100740,2025-03-03,2025-03-03,820,R1,False,CREDIT_BUREAU
CUST-102492,2025-03-03,2025-03-03,688,R4,False,CREDIT_BUREAU
CUST-103611,2025-03-03,2025-03-03,739,R3,False,CREDIT_BUREAU
CUST-105400,2025-03-03,2025-03-03,446,R7,False,CREDIT_BUREAU
CUST-107987,2025-03-03,2025-03-03,679,R4,False,CREDIT_BUREAU
CUST-102994,2025-03-03,2025-03-03,641,R5,False,CREDIT_BUREAU
CUST-104389,2025-03-03,2025-03-03,685,R4,False,CREDIT_BUREAU
CUST-105020,2025-03-03,2025-03-03,825,R1,False,CREDIT_BUREAU
CUST-100562,2025-03-03,2025-03-03,741,R2,False,CREDIT_BUREAU
CUST-104132,2025-03-03,2025-03-03,777,R2,False,CREDIT_BUREAU
CUST-107187,2025-03-03,2025-03-03,826,R1,False,CREDIT_BUREAU
CUST-105619,2025-03-03,2025-03-03,757,R2,False,CREDIT_BUREAU
CUST-101637,2025-03-03,2025-03-03,646,R5,False,CREDIT_BUREAU
CUST-101053,2025-03-03,2025-03-03,771,R2,False,CREDIT_BUREAU
CUST-107450,2025-03-03,2025-03-03,691,R4,False,CREDIT_BUREAU
CUST-102022,2025-03-03,2025-03-03,592,R6,False,CREDIT_BUREAU
CUST-101471,2025-03-03,2025-03-03,584,R6,False,CREDIT_BUREAU
CUST-100192,2025-03-03,2025-03-03,683,R4,False,CREDIT_BUREAU
CUST-105093,2025-03-03,2025-03-03,680,R4,False,CREDIT_BUREAU
CUST-100085,2025-03-03,2025-03-03,617,R6,False,CREDIT_BUREAU
CUST-101236,2025-03-03,2025-03-03,611,R6,False,CREDIT_BUREAU
CUST-102527,2025-03-03,2025-03-03,766,R2,False,CREDIT_BUREAU
CUST-104664,2025-03-03,2025-03-03,692,R4,False,CREDIT_BUREAU
CUST-101120,2025-03-03,2025-03-03,773,R2,False,CREDIT_BUREAU
CUST-104156,2025-03-03,2025-03-03,702,R3,False,CREDIT_BUREAU
CUST-101926,2025-03-03,2025-03-03,706,R3,False,CREDIT_BUREAU
CUST-100721,2025-03-03,2025-03-03,599,R6,False,CREDIT_BUREAU
CUST-103280,2025-03-03,2025-03-03,618,R6,False,CREDIT_BUREAU
CUST-103072,2025-03-03,2025-03-03,754,R2,False,CREDIT_BUREAU
CUST-100416,2025-03-03,2025-03-03,585,R6,False,CREDIT_BUREAU
CUST-103621,2025-03-03,2025-03-03,730,R3,False,CREDIT_BUREAU
CUST-104052,2025-03-03,2025-03-03,744,R2,False,CREDIT_BUREAU
CUST-105622,2025-03-03,2025-03-03,644,R5,False,CREDIT_BUREAU
CUST-100848,2025-03-03,2025-03-03,652,R5,False,CREDIT_BUREAU
CUST-101391,2025-03-03,2025-03-03,694,R4,False,CREDIT_BUREAU
CUST-102943,2025-03-03,2025-03-03,693,R4,False,CREDIT_BUREAU
CUST-105484,2025-03-03,2025-03-03,742,R2,False,CREDIT_BUREAU
CUST-107289,2025-03-03,2025-03-03,704,R3,False,CREDIT_BUREAU
CUST-104037,2025-03-03,2025-03-03,810,R1,False,CREDIT_BUREAU
CUST-101837,2025-03-03,2025-03-03,761,R2,False,CREDIT_BUREAU
CUST-101130,2025-03-03,2025-03-03,617,R6,False,CREDIT_BUREAU
CUST-107025,2025-03-03,2025-03-03,809,R1,False,CREDIT_BUREAU
CUST-107967,2025-03-03,2025-03-03,703,R3,False,CREDIT_BUREAU
CUST-106668,2025-03-03,2025-03-03,709,R3,False,CREDIT_BUREAU
CUST-103407,2025-03-03,2025-03-03,444,R7,False,CREDIT_BUREAU
CUST-106000,2025-03-03,2025-03-03,671,R4,False,CREDIT_BUREAU
CUST-103006,2025-03-03,2025-03-03,736,R3,False,CREDIT_BUREAU
CUST-106956,2025-03-03,2025-03-03,743,R2,False,CREDIT_BUREAU
CUST-102975,2025-03-03,2025-03-03,674,R4,False,CREDIT_BUREAU
CUST-103074,2025-03-03,2025-03-03,804,R1,False,CREDIT_BUREAU
CUST-106373,2025-03-03,2025-03-03,693,R4,False,CREDIT_BUREAU
CUST-103936,2025-03-03,2025-03-03,657,R5,False,CREDIT_BUREAU
CUST-105710,2025-03-03,2025-03-03,603,R6,False,CREDIT_BUREAU
CUST-107493,2025-03-03,2025-03-03,738,R3,False,CREDIT_BUREAU
CUST-101579,2025-03-03,2025-03-03,584,R6,False,CREDIT_BUREAU
CUST-101123,2025-03-03,2025-03-03,693,R4,False,CREDIT_BUREAU
CUST-106064,2025-03-03,2025-03-03,678,R4,False,CREDIT_BUREAU
CUST-103927,2025-03-03,2025-03-03,437,R7,False,CREDIT_BUREAU
CUST-101948,2025-03-03,2025-03-03,442,R7,False,CREDIT_BUREAU
CUST-102812,2025-03-03,2025-03-03,669,R4,False,CREDIT_BUREAU
CUST-105074,2025-03-03,2025-03-03,774,R2,False,CREDIT_BUREAU
CUST-102253,2025-03-03,2025-03-03,611,R6,False,CREDIT_BUREAU
CUST-104197,2025-03-03,2025-03-03,689,R4,False,CREDIT_BUREAU
CUST-103805,2025-03-03,2025-03-03,653,R5,False,CREDIT_BUREAU
CUST-100706,2025-03-03,2025-03-03,723,R3,False,CREDIT_BUREAU
CUST-103219,2025-03-03,2025-03-03,632,R5,False,CREDIT_BUREAU
CUST-105019,2025-03-03,2025-03-03,643,R5,False,CREDIT_BUREAU
CUST-107943,2025-03-03,2025-03-03,717,R3,False,CREDIT_BUREAU
CUST-103255,2025-03-03,2025-03-03,830,R1,False,CREDIT_BUREAU
CUST-104790,2025-03-03,2025-03-03,747,R2,False,CREDIT_BUREAU
CUST-107663,2025-03-03,2025-03-03,657,R5,False,CREDIT_BUREAU
CUST-100548,2025-03-03,2025-03-03,686,R4,False,CREDIT_BUREAU
CUST-106254,2025-03-03,2025-03-03,712,R3,False,CREDIT_BUREAU
CUST-102788,2025-03-03,2025-03-03,605,R6,False,CREDIT_BUREAU
CUST-105279,2025-03-03,2025-03-03,757,R2,False,CREDIT_BUREAU
CUST-105499,2025-03-03,2025-03-03,609,R6,False,CREDIT_BUREAU
CUST-101730,2025-03-03,2025-03-03,657,R5,False,CREDIT_BUREAU
CUST-102611,2025-03-03,2025-03-03,633,R5,False,CREDIT_BUREAU
CUST-102556,2025-03-03,2025-03-03,655,R5,False,CREDIT_BUREAU
CUST-106048,2025-03-03,2025-03-03,665,R4,False,CREDIT_BUREAU
CUST-101867,2025-03-03,2025-03-03,687,R4,False,CREDIT_BUREAU
CUST-101588,2025-03-03,2025-03-03,681,R4,False,CREDIT_BUREAU
CUST-105219,2025-03-03,2025-03-03,772,R2,False,CREDIT_BUREAU
CUST-102602,2025-03-03,2025-03-03,596,R6,False,CREDIT_BUREAU
CUST-105787,2025-03-03,2025-03-03,663,R4,False,CREDIT_BUREAU
CUST-100069,2025-03-03,2025-03-03,633,R5,False,CREDIT_BUREAU
CUST-103845,2025-03-03,2025-03-03,717,R3,False,CREDIT_BUREAU
CUST-107031,2025-03-03,2025-03-03,727,R3,False,CREDIT_BUREAU
CUST-107927,2025-03-03,2025-03-03,735,R3,False,CREDIT_BUREAU
CUST-100225,2025-03-03,2025-03-03,710,R3,False,CREDIT_BUREAU
CUST-103408,2025-03-03,2025-03-03,604,R6,False,CREDIT_BUREAU
CUST-104681,2025-03-03,2025-03-03,675,R4,False,CREDIT_BUREAU
CUST-100067,2025-03-03,2025-03-03,685,R4,False,CREDIT_BUREAU
CUST-106456,2025-03-03,2025-03-03,747,R2,False,CREDIT_BUREAU
CUST-106184,2025-03-03,2025-03-03,670,R4,False,CREDIT_BUREAU
CUST-103691,2025-03-03,2025-03-03,415,R7,False,CREDIT_BUREAU
CUST-100230,2025-03-03,2025-03-03,701,R3,False,CREDIT_BUREAU
CUST-101170,2025-03-03,2025-03-03,681,R4,False,CREDIT_BUREAU
CUST-103953,2025-03-03,2025-03-03,630,R5,False,CREDIT_BUREAU
CUST-101872,2025-03-03,2025-03-03,759,R2,False,CREDIT_BUREAU
CUST-106603,2025-03-03,2025-03-03,726,R3,False,CREDIT_BUREAU
CUST-102053,2025-03-03,2025-03-03,755,R2,False,CREDIT_BUREAU
CUST-107896,2025-03-03,2025-03-03,742,R2,False,CREDIT_BUREAU
CUST-107626,2025-03-03,2025-03-03,575,R7,False,CREDIT_BUREAU
CUST-104198,2025-03-03,2025-03-03,809,R1,False,CREDIT_BUREAU
CUST-103909,2025-03-03,2025-03-03,703,R3,False,CREDIT_BUREAU
CUST-101019,2025-03-03,2025-03-03,666,R4,False,CREDIT_BUREAU
CUST-101057,2025-03-03,2025-03-03,681,R4,False,CREDIT_BUREAU
CUST-107743,2025-03-03,2025-03-03,633,R5,False,CREDIT_BUREAU
CUST-102348,2025-03-03,2025-03-03,773,R2,False,CREDIT_BUREAU
CUST-103140,2025-03-03,2025-03-03,680,R4,False,CREDIT_BUREAU
CUST-100234,2025-03-03,2025-03-03,646,R5,False,CREDIT_BUREAU
CUST-104661,2025-03-03,2025-03-03,638,R5,False,CREDIT_BUREAU
CUST-104257,2025-03-03,2025-03-03,816,R1,False,CREDIT_BUREAU
CUST-101493,2025-03-03,2025-03-03,749,R2,False,CREDIT_BUREAU
CUST-104845,2025-03-03,2025-03-03,589,R6,False,CREDIT_BUREAU
CUST-107752,2025-03-03,2025-03-03,716,R3,False,CREDIT_BUREAU
CUST-100211,2025-03-03,2025-03-03,773,R2,False,CREDIT_BUREAU
CUST-102531,2025-03-03,2025-03-03,594,R6,False,CREDIT_BUREAU
CUST-105050,2025-03-03,2025-03-03,767,R2,False,CREDIT_BUREAU
CUST-105105,2025-03-03,2025-03-03,714,R3,False,CREDIT_BUREAU
CUST-105939,2025-03-03,2025-03-03,707,R3,False,CREDIT_BUREAU
CUST-102786,2025-03-03,2025-03-03,717,R3,False,CREDIT_BUREAU
CUST-105900,2025-03-03,2025-03-03,643,R5,False,CREDIT_BUREAU
CUST-104536,2025-03-03,2025-03-03,672,R4,False,CREDIT_BUREAU
CUST-104619,2025-03-03,2025-03-03,806,R1,False,CREDIT_BUREAU
CUST-104574,2025-03-03,2025-03-03,653,R5,False,CREDIT_BUREAU
CUST-104152,2025-03-03,2025-03-03,657,R5,False,CREDIT_BUREAU
CUST-107300,2025-03-03,2025-03-03,731,R3,False,CREDIT_BUREAU
CUST-103379,2025-03-03,2025-03-03,756,R2,False,CREDIT_BUREAU
CUST-100351,2025-03-03,2025-03-03,730,R3,False,CREDIT_BUREAU
CUST-103377,2025-03-03,2025-03-03,659,R5,False,CREDIT_BUREAU
CUST-104320,2025-03-03,2025-03-03,628,R5,False,CREDIT_BUREAU
CUST-105322,2025-03-03,2025-03-03,783,R1,False,CREDIT_BUREAU
CUST-107339,2025-03-03,2025-03-03,761,R2,False,CREDIT_BUREAU
CUST-107823,2025-03-03,2025-03-03,717,R3,False,CREDIT_BUREAU
CUST-103323,2025-03-03,2025-03-03,815,R1,False,CREDIT_BUREAU
CUST-105421,2025-03-03,2025-03-03,680,R4,False,CREDIT_BUREAU
CUST-107607,2025-03-03,2025-03-03,641,R5,False,CREDIT_BUREAU
CUST-102423,2025-03-03,2025-03-03,767,R2,False,CREDIT_BUREAU
CUST-102879,2025-03-03,2025-03-03,728,R3,False,CREDIT_BUREAU
CUST-101165,2025-03-03,2025-03-03,807,R1,False,CREDIT_BUREAU
CUST-101046,2025-03-03,2025-03-03,806,R1,False,CREDIT_BUREAU
CUST-107996,2025-03-03,2025-03-03,606,R6,False,CREDIT_BUREAU
CUST-105918,2025-03-03,2025-03-03,814,R1,False,CREDIT_BUREAU
CUST-105184,2025-03-03,2025-03-03,808,R1,False,CREDIT_BUREAU
CUST-103744,2025-03-03,2025-03-03,435,R7,False,CREDIT_BUREAU
CUST-101799,2025-03-03,2025-03-03,684,R4,False,CREDIT_BUREAU
CUST-101916,2025-03-03,2025-03-03,680,R4,False,CREDIT_BUREAU
CUST-106883,2025-03-03,2025-03-03,800,R1,False,CREDIT_BUREAU
CUST-104167,2025-03-03,2025-03-03,606,R6,False,CREDIT_BUREAU
CUST-102400,2025-03-03,2025-03-03,832,R1,False,CREDIT_BUREAU
CUST-106739,2025-03-03,2025-03-03,793,R1,False,CREDIT_BUREAU
CUST-100887,2025-03-03,2025-03-03,803,R1,False,CREDIT_BUREAU
CUST-107446,2025-03-03,2025-03-03,669,R4,False,CREDIT_BUREAU
CUST-106365,2025-03-03,2025-03-03,712,R3,False,CREDIT_BUREAU
CUST-105471,2025-03-03,2025-03-03,723,R3,False,CREDIT_BUREAU
CUST-107047,2025-03-03,2025-03-03,758,R2,False,CREDIT_BUREAU
CUST-102139,2025-03-03,2025-03-03,589,R6,False,CREDIT_BUREAU
CUST-102961,2025-03-03,2025-03-03,611,R6,False,CREDIT_BUREAU
CUST-101997,2025-03-03,2025-03-03,713,R3,False,CREDIT_BUREAU
CUST-104453,2025-03-03,2025-03-03,644,R5,False,CREDIT_BUREAU
CUST-100167,2025-03-03,2025-03-03,816,R1,False,CREDIT_BUREAU
CUST-106872,2025-03-03,2025-03-03,744,R2,False,CREDIT_BUREAU
CUST-102477,2025-03-03,2025-03-03,734,R3,False,CREDIT_BUREAU
CUST-107593,2025-03-03,2025-03-03,709,R3,False,CREDIT_BUREAU
CUST-102847,2025-03-03,2025-03-03,607,R6,False,CREDIT_BUREAU
CUST-106726,2025-03-03,2025-03-03,820,R1,False,CREDIT_BUREAU
CUST-106738,2025-03-03,2025-03-03,800,R1,False,CREDIT_BUREAU
CUST-101831,2025-03-03,2025-03-03,713,R3,False,CREDIT_BUREAU
CUST-101414,2025-03-03,2025-03-03,740,R2,False,CREDIT_BUREAU
CUST-102667,2025-03-03,2025-03-03,741,R2,False,CREDIT_BUREAU
CUST-107132,2025-03-03,2025-03-03,720,R3,False,CREDIT_BUREAU
CUST-100496,2025-03-03,2025-03-03,611,R6,False,CREDIT_BUREAU
CUST-104078,2025-03-03,2025-03-03,721,R3,False,CREDIT_BUREAU
CUST-105556,2025-03-03,2025-03-03,722,R3,False,CREDIT_BUREAU
CUST-105343,2025-03-03,2025-03-03,747,R2,False,CREDIT_BUREAU
CUST-107201,2025-03-03,2025-03-03,719,R3,False,CREDIT_BUREAU
CUST-107298,2025-03-03,2025-03-03,752,R2,False,CREDIT_BUREAU
CUST-101145,2025-03-03,2025-03-03,710,R3,False,CREDIT_BUREAU
CUST-105789,2025-03-03,2025-03-03,664,R4,False,CREDIT_BUREAU
CUST-104922,2025-03-03,2025-03-03,624,R5,False,CREDIT_BUREAU
CUST-107437,2025-03-03,2025-03-03,750,R2,False,CREDIT_BUREAU
CUST-107155,2025-03-03,2025-03-03,762,R2,False,CREDIT_BUREAU
CUST-105551,2025-03-03,2025-03-03,679,R4,False,CREDIT_BUREAU
CUST-105470,2025-03-03,2025-03-03,798,R1,False,CREDIT_BUREAU
CUST-105877,2025-03-03,2025-03-03,763,R2,False,CREDIT_BUREAU
CUST-104830,2025-03-03,2025-03-03,692,R4,False,CREDIT_BUREAU
CUST-101242,2025-03-03,2025-03-03,595,R6,False,CREDIT_BUREAU
CUST-106746,2025-03-03,2025-03-03,664,R4,False,CREDIT_BUREAU
CUST-106136,2025-03-03,2025-03-03,719,R3,False,CREDIT_BUREAU
CUST-103440,2025-03-03,2025-03-03,808,R1,False,CREDIT_BUREAU
CUST-102260,2025-03-03,2025-03-03,733,R3,False,CREDIT_BUREAU
CUST-106531,2025-03-03,2025-03-03,833,R1,False,CREDIT_BUREAU
CUST-104516,2025-03-03,2025-03-03,703,R3,False,CREDIT_BUREAU
CUST-105185,2025-03-03,2025-03-03,720,R3,False,CREDIT_BUREAU
CUST-100912,2025-03-03,2025-03-03,649,R5,False,CREDIT_BUREAU
CUST-103558,2025-03-03,2025-03-03,631,R5,False,CREDIT_BUREAU
CUST-104395,2025-03-03,2025-03-03,814,R1,False,CREDIT_BUREAU
CUST-107240,2025-03-03,2025-03-03,806,R1,False,CREDIT_BUREAU
CUST-105441,2025-03-03,2025-03-03,770,R2,False,CREDIT_BUREAU
CUST-104285,2025-03-03,2025-03-03,758,R2,False,CREDIT_BUREAU
CUST-106002,2025-03-03,2025-03-03,812,R1,False,CREDIT_BUREAU
CUST-101452,2025-03-03,2025-03-03,570,R7,False,CREDIT_BUREAU
CUST-104931,2025-03-03,2025-03-03,707,R3,False,CREDIT_BUREAU
CUST-105333,2025-03-03,2025-03-03,637,R5,False,CREDIT_BUREAU
CUST-104585,2025-03-03,2025-03-03,599,R6,False,CREDIT_BUREAU
CUST-107913,2025-03-03,2025-03-03,725,R3,False,CREDIT_BUREAU
CUST-101200,2025-03-03,2025-03-03,773,R2,False,CREDIT_BUREAU
CUST-106060,2025-03-03,2025-03-03,616,R6,False,CREDIT_BUREAU
CUST-106228,2025-03-03,2025-03-03,748,R2,False,CREDIT_BUREAU
CUST-102170,2025-03-03,2025-03-03,722,R3,False,CREDIT_BUREAU
CUST-107168,2025-03-03,2025-03-03,783,R1,False,CREDIT_BUREAU
CUST-107907,2025-03-03,2025-03-03,806,R1,False,CREDIT_BUREAU
CUST-100506,2025-03-03,2025-03-03,813,R1,False,CREDIT_BUREAU
CUST-105666,2025-03-03,2025-03-03,670,R4,False,CREDIT_BUREAU
CUST-102412,2025-03-03,2025-03-03,697,R4,False,CREDIT_BUREAU
CUST-101232,2025-03-03,2025-03-03,589,R6,False,CREDIT_BUREAU
CUST-100436,2025-03-03,2025-03-03,612,R6,False,CREDIT_BUREAU
CUST-102419,2025-03-03,2025-03-03,735,R3,False,CREDIT_BUREAU
CUST-106099,2025-03-03,2025-03-03,624,R5,False,CREDIT_BUREAU
CUST-104998,2025-03-03,2025-03-03,687,R4,False,CREDIT_BUREAU
CUST-104591,2025-03-03,2025-03-03,595,R6,False,CREDIT_BUREAU
CUST-102733,2025-03-03,2025-03-03,638,R5,False,CREDIT_BUREAU
CUST-100128,2025-03-03,2025-03-03,689,R4,False,CREDIT_BUREAU
CUST-106819,2025-03-03,2025-03-03,634,R5,False,CREDIT_BUREAU
CUST-101225,2025-03-03,2025-03-03,722,R3,False,CREDIT_BUREAU
CUST-106535,2025-03-03,2025-03-03,721,R3,False,CREDIT_BUREAU
CUST-107254,2025-03-03,2025-03-03,680,R4,False,CREDIT_BUREAU
CUST-107596,2025-03-03,2025-03-03,689,R4,False,CREDIT_BUREAU
CUST-102910,2025-03-03,2025-03-03,715,R3,False,CREDIT_BUREAU
CUST-104908,2025-03-03,2025-03-03,715,R3,False,CREDIT_BUREAU
CUST-106097,2025-03-03,2025-03-03,709,R3,False,CREDIT_BUREAU
CUST-107547,2025-03-03,2025-03-03,679,R4,False,CREDIT_BUREAU
CUST-101612,2025-03-03,2025-03-03,820,R1,False,CREDIT_BUREAU
CUST-100111,2025-03-03,2025-03-03,682,R4,False,CREDIT_BUREAU
CUST-100312,2025-03-03,2025-03-03,816,R1,False,CREDIT_BUREAU
CUST-102940,2025-03-03,2025-03-03,621,R5,False,CREDIT_BUREAU
CUST-103929,2025-03-03,2025-03-03,734,R3,False,CREDIT_BUREAU
CUST-104885,2025-03-03,2025-03-03,639,R5,False,CREDIT_BUREAU
CUST-101372,2025-03-03,2025-03-03,732,R3,False,CREDIT_BUREAU
CUST-103799,2025-03-03,2025-03-03,756,R2,False,CREDIT_BUREAU
CUST-100222,2025-03-03,2025-03-03,778,R2,False,CREDIT_BUREAU
CUST-106850,2025-03-03,2025-03-03,598,R6,False,CREDIT_BUREAU
CUST-103687,2025-03-03,2025-03-03,622,R5,False,CREDIT_BUREAU
CUST-103268,2025-03-03,2025-03-03,435,R7,False,CREDIT_BUREAU
CUST-100462,2025-03-03,2025-03-03,727,R3,False,CREDIT_BUREAU
CUST-106054,2025-03-03,2025-03-03,816,R1,False,CREDIT_BUREAU
CUST-106663,2025-03-03,2025-03-03,801,R1,False,CREDIT_BUREAU
CUST-105374,2025-03-03,2025-03-03,677,R4,False,CREDIT_BUREAU
CUST-102536,2025-03-03,2025-03-03,802,R1,False,CREDIT_BUREAU
CUST-104865,2025-03-03,2025-03-03,681,R4,False,CREDIT_BUREAU
CUST-104314,2025-03-03,2025-03-03,758,R2,False,CREDIT_BUREAU
CUST-104505,2025-03-03,2025-03-03,717,R3,False,CREDIT_BUREAU
CUST-106005,2025-03-03,2025-03-03,708,R3,False,CREDIT_BUREAU
CUST-101726,2025-03-03,2025-03-03,767,R2,False,CREDIT_BUREAU
CUST-105805,2025-03-03,2025-03-03,706,R3,False,CREDIT_BUREAU
CUST-103123,2025-03-03,2025-03-03,709,R3,False,CREDIT_BUREAU
CUST-100292,2025-03-03,2025-03-03,728,R3,False,CREDIT_BUREAU
CUST-100492,2025-03-03,2025-03-03,676,R4,False,CREDIT_BUREAU
CUST-104675,2025-03-03,2025-03-03,796,R1,False,CREDIT_BUREAU
CUST-100328,2025-03-03,2025-03-03,766,R2,False,CREDIT_BUREAU
CUST-106166,2025-03-03,2025-03-03,679,R4,False,CREDIT_BUREAU
CUST-106848,2025-03-03,2025-03-03,709,R3,False,CREDIT_BUREAU
CUST-104085,2025-03-03,2025-03-03,634,R5,False,CREDIT_BUREAU
CUST-104047,2025-03-03,2025-03-03,756,R2,False,CREDIT_BUREAU
CUST-103511,2025-03-03,2025-03-03,810,R1,False,CREDIT_BUREAU
CUST-106285,2025-03-03,2025-03-03,821,R1,False,CREDIT_BUREAU
CUST-103572,2025-03-03,2025-03-03,705,R3,False,CREDIT_BUREAU
CUST-102829,2025-03-03,2025-03-03,684,R4,False,CREDIT_BUREAU
CUST-105956,2025-03-03,2025-03-03,809,R1,False,CREDIT_BUREAU
CUST-107209,2025-03-03,2025-03-03,792,R1,False,CREDIT_BUREAU
CUST-103633,2025-03-03,2025-03-03,677,R4,False,CREDIT_BUREAU
CUST-105170,2025-03-03,2025-03-03,840,R1,False,CREDIT_BUREAU
CUST-106449,2025-03-03,2025-03-03,594,R6,False,CREDIT_BUREAU
CUST-103130,2025-03-03,2025-03-03,676,R4,False,CREDIT_BUREAU
CUST-101509,2025-03-03,2025-03-03,765,R2,False,CREDIT_BUREAU
CUST-106704,2025-03-03,2025-03-03,767,R2,False,CREDIT_BUREAU
CUST-106585,2025-03-03,2025-03-03,610,R6,False,CREDIT_BUREAU
CUST-102823,2025-03-03,2025-03-03,807,R1,False,CREDIT_BUREAU
CUST-107761,2025-03-03,2025-03-03,434,R7,False,CREDIT_BUREAU
CUST-106702,2025-03-03,2025-03-03,826,R1,False,CREDIT_BUREAU
CUST-106941,2025-03-03,2025-03-03,717,R3,False,CREDIT_BUREAU
CUST-104023,2025-03-03,2025-03-03,812,R1,False,CREDIT_BUREAU
CUST-101818,2025-03-03,2025-03-03,724,R3,False,CREDIT_BUREAU
CUST-101865,2025-03-03,2025-03-03,728,R3,False,CREDIT_BUREAU
CUST-106083,2025-03-03,2025-03-03,762,R2,False,CREDIT_BUREAU
CUST-106697,2025-03-03,2025-03-03,764,R2,False,CREDIT_BUREAU
CUST-103829,2025-03-03,2025-03-03,638,R5,False,CREDIT_BUREAU
CUST-101185,2025-03-03,2025-03-03,446,R7,False,CREDIT_BUREAU
CUST-102731,2025-03-03,2025-03-03,648,R5,False,CREDIT_BUREAU
CUST-104614,2025-03-03,2025-03-03,715,R3,False,CREDIT_BUREAU
CUST-104142,2025-03-03,2025-03-03,764,R2,False,CREDIT_BUREAU
CUST-106806,2025-03-03,2025-03-03,632,R5,False,CREDIT_BUREAU
CUST-101601,2025-03-03,2025-03-03,627,R5,False,CREDIT_BUREAU
CUST-105479,2025-03-03,2025-03-03,768,R2,False,CREDIT_BUREAU
CUST-104693,2025-03-03,2025-03-03,820,R1,False,CREDIT_BUREAU
CUST-107616,2025-03-03,2025-03-03,697,R4,False,CREDIT_BUREAU
CUST-102125,2025-03-03,2025-03-03,705,R3,False,CREDIT_BUREAU
CUST-103250,2025-03-03,2025-03-03,722,R3,False,CREDIT_BUREAU
CUST-101634,2025-03-03,2025-03-03,591,R6,False,CREDIT_BUREAU
CUST-106569,2025-03-03,2025-03-03,674,R4,False,CREDIT_BUREAU
CUST-103895,2025-03-03,2025-03-03,817,R1,False,CREDIT_BUREAU
CUST-107581,2025-03-03,2025-03-03,686,R4,False,CREDIT_BUREAU
CUST-100029,2025-03-03,2025-03-03,803,R1,False,CREDIT_BUREAU
CUST-106916,2025-03-03,2025-03-03,659,R5,False,CREDIT_BUREAU
CUST-107887,2025-03-03,2025-03-03,757,R2,False,CREDIT_BUREAU
CUST-103917,2025-03-03,2025-03-03,672,R4,False,CREDIT_BUREAU
CUST-105221,2025-03-03,2025-03-03,827,R1,False,CREDIT_BUREAU
CUST-104515,2025-03-03,2025-03-03,764,R2,False,CREDIT_BUREAU
CUST-107826,2025-03-03,2025-03-03,670,R4,False,CREDIT_BUREAU
CUST-106090,2025-03-03,2025-03-03,713,R3,False,CREDIT_BUREAU
CUST-103662,2025-03-03,2025-03-03,434,R7,False,CREDIT_BUREAU
CUST-104876,2025-03-03,2025-03-03,725,R3,False,CREDIT_BUREAU
CUST-105141,2025-03-03,2025-03-03,636,R5,False,CREDIT_BUREAU
CUST-107966,2025-03-03,2025-03-03,639,R5,False,CREDIT_BUREAU
CUST-102874,2025-03-03,2025-03-03,810,R1,False,CREDIT_BUREAU
CUST-105526,2025-03-03,2025-03-03,738,R3,False,CREDIT_BUREAU
CUST-103885,2025-03-03,2025-03-03,636,R5,False,CREDIT_BUREAU
CUST-100055,2025-03-03,2025-03-03,778,R2,False,CREDIT_BUREAU
CUST-102010,2025-03-03,2025-03-03,752,R2,False,CREDIT_BUREAU
CUST-104220,2025-03-03,2025-03-03,747,R2,False,CREDIT_BUREAU
CUST-105803,2025-03-03,2025-03-03,816,R1,False,CREDIT_BUREAU
CUST-103426,2025-03-03,2025-03-03,626,R5,False,CREDIT_BUREAU
CUST-100680,2025-03-03,2025-03-03,430,R7,False,CREDIT_BUREAU
CUST-106372,2025-03-03,2025-03-03,442,R7,False,CREDIT_BUREAU
CUST-107552,2025-03-03,2025-03-03,632,R5,False,CREDIT_BUREAU
CUST-101144,2025-03-03,2025-03-03,764,R2,False,CREDIT_BUREAU
CUST-102355,2025-03-03,2025-03-03,790,R1,False,CREDIT_BUREAU
CUST-103135,2025-03-03,2025-03-03,693,R4,False,CREDIT_BUREAU
CUST-104677,2025-03-03,2025-03-03,566,R7,False,CREDIT_BUREAU
CUST-103758,2025-03-03,2025-03-03,821,R1,False,CREDIT_BUREAU
CUST-104086,2025-03-03,2025-03-03,718,R3,False,CREDIT_BUREAU
CUST-100004,2025-03-03,2025-03-03,815,R1,False,CREDIT_BUREAU
CUST-101690,2025-03-03,2025-03-03,688,R4,False,CREDIT_BUREAU
CUST-105762,2025-03-03,2025-03-03,828,R1,False,CREDIT_BUREAU
CUST-107970,2025-03-03,2025-03-03,687,R4,False,CREDIT_BUREAU
CUST-104310,2025-03-03,2025-03-03,642,R5,False,CREDIT_BUREAU
CUST-104468,2025-03-03,2025-03-03,839,R1,False,CREDIT_BUREAU
CUST-107522,2025-03-03,2025-03-03,717,R3,False,CREDIT_BUREAU
CUST-107827,2025-03-03,2025-03-03,715,R3,False,CREDIT_BUREAU
CUST-103432,2025-03-03,2025-03-03,720,R3,False,CREDIT_BUREAU
CUST-102163,2025-03-03,2025-03-03,666,R4,False,CREDIT_BUREAU
CUST-101701,2025-03-03,2025-03-03,694,R4,False,CREDIT_BUREAU
CUST-105304,2025-03-03,2025-03-03,747,R2,False,CREDIT_BUREAU
CUST-100218,2025-03-03,2025-03-03,767,R2,False,CREDIT_BUREAU
CUST-102357,2025-03-03,2025-03-03,688,R4,False,CREDIT_BUREAU
CUST-100303,2025-03-03,2025-03-03,714,R3,False,CREDIT_BUREAU
CUST-102521,2025-03-03,2025-03-03,723,R3,False,CREDIT_BUREAU
CUST-104000,2025-03-03,2025-03-03,726,R3,False,CREDIT_BUREAU
CUST-107764,2025-03-03,2025-03-03,831,R1,False,CREDIT_BUREAU
CUST-104140,2025-03-03,2025-03-03,821,R1,False,CREDIT_BUREAU
CUST-102027,2025-03-03,2025-03-03,607,R6,False,CREDIT_BUREAU
CUST-100493,2025-03-03,2025-03-03,718,R3,False,CREDIT_BUREAU
CUST-102749,2025-03-03,2025-03-03,767,R2,False,CREDIT_BUREAU
CUST-100762,2025-03-03,2025-03-03,632,R5,False,CREDIT_BUREAU
CUST-104849,2025-03-03,2025-03-03,727,R3,False,CREDIT_BUREAU
CUST-102849,2025-03-03,2025-03-03,645,R5,False,CREDIT_BUREAU
CUST-104466,2025-03-03,2025-03-03,683,R4,False,CREDIT_BUREAU
CUST-102820,2025-03-03,2025-03-03,639,R5,False,CREDIT_BUREAU
CUST-105401,2025-03-03,2025-03-03,656,R5,False,CREDIT_BUREAU
CUST-100012,2025-03-03,2025-03-03,677,R4,False,CREDIT_BUREAU
CUST-107839,2025-03-03,2025-03-03,687,R4,False,CREDIT_BUREAU
CUST-100678,2025-03-03,2025-03-03,734,R3,False,CREDIT_BUREAU
CUST-104344,2025-03-03,2025-03-03,670,R4,False,CREDIT_BUREAU
CUST-102680,2025-03-03,2025-03-03,611,R6,False,CREDIT_BUREAU
CUST-105039,2025-03-03,2025-03-03,646,R5,False,CREDIT_BUREAU
CUST-105617,2025-03-03,2025-03-03,680,R4,False,CREDIT_BUREAU
CUST-106550,2025-03-03,2025-03-03,730,R3,False,CREDIT_BUREAU
CUST-106346,2025-03-03,2025-03-03,805,R1,False,CREDIT_BUREAU
CUST-107854,2025-03-03,2025-03-03,598,R6,False,CREDIT_BUREAU
CUST-107305,2025-03-03,2025-03-03,743,R2,False,CREDIT_BUREAU
CUST-107898,2025-03-03,2025-03-03,596,R6,False,CREDIT_BUREAU
CUST-104041,2025-03-03,2025-03-03,820,R1,False,CREDIT_BUREAU
CUST-100884,2025-03-03,2025-03-03,641,R5,False,CREDIT_BUREAU
CUST-105797,2025-03-03,2025-03-03,671,R4,False,CREDIT_BUREAU
CUST-103137,2025-03-03,2025-03-03,582,R6,False,CREDIT_BUREAU
CUST-104350,2025-03-03,2025-03-03,715,R3,False,CREDIT_BUREAU
CUST-104281,2025-03-03,2025-03-03,813,R1,False,CREDIT_BUREAU
CUST-105023,2025-03-03,2025-03-03,813,R1,False,CREDIT_BUREAU
CUST-102026,2025-03-03,2025-03-03,767,R2,False,CREDIT_BUREAU
CUST-103735,2025-03-03,2025-03-03,684,R4,False,CREDIT_BUREAU
CUST-105021,2025-03-03,2025-03-03,716,R3,False,CREDIT_BUREAU
CUST-104176,2025-03-03,2025-03-03,666,R4,False,CREDIT_BUREAU
CUST-105844,2025-03-03,2025-03-03,690,R4,False,CREDIT_BUREAU
CUST-100991,2025-03-03,2025-03-03,684,R4,False,CREDIT_BUREAU
CUST-107865,2025-03-03,2025-03-03,698,R4,False,CREDIT_BUREAU
CUST-101774,2025-03-03,2025-03-03,591,R6,False,CREDIT_BUREAU
CUST-100842,2025-03-03,2025-03-03,772,R2,False,CREDIT_BUREAU
CUST-100045,2025-03-03,2025-03-03,824,R1,False,CREDIT_BUREAU
CUST-104002,2025-03-03,2025-03-03,648,R5,False,CREDIT_BUREAU
CUST-100603,2025-03-03,2025-03-03,685,R4,False,CREDIT_BUREAU
CUST-100888,2025-03-03,2025-03-03,734,R3,False,CREDIT_BUREAU
CUST-105794,2025-03-03,2025-03-03,751,R2,False,CREDIT_BUREAU
CUST-101558,2025-03-03,2025-03-03,748,R2,False,CREDIT_BUREAU
CUST-101235,2025-03-03,2025-03-03,822,R1,False,CREDIT_BUREAU
CUST-103366,2025-03-03,2025-03-03,722,R3,False,CREDIT_BUREAU
CUST-104530,2025-03-03,2025-03-03,754,R2,False,CREDIT_BUREAU
CUST-104879,2025-03-03,2025-03-03,723,R3,False,CREDIT_BUREAU
CUST-103928,2025-03-03,2025-03-03,607,R6,False,CREDIT_BUREAU
CUST-100359,2025-03-03,2025-03-03,659,R5,False,CREDIT_BUREAU
CUST-103197,2025-03-03,2025-03-03,752,R2,False,CREDIT_BUREAU
CUST-101088,2025-03-03,2025-03-03,590,R6,False,CREDIT_BUREAU
CUST-101959,2025-03-03,2025-03-03,625,R5,False,CREDIT_BUREAU
CUST-103748,2025-03-03,2025-03-03,683,R4,False,CREDIT_BUREAU
CUST-101126,2025-03-03,2025-03-03,674,R4,False,CREDIT_BUREAU
CUST-106500,2025-03-03,2025-03-03,594,R6,False,CREDIT_BUREAU
CUST-107357,2025-03-03,2025-03-03,735,R3,False,CREDIT_BUREAU
CUST-103241,2025-03-03,2025-03-03,756,R2,False,CREDIT_BUREAU
CUST-101533,2025-03-03,2025-03-03,594,R6,False,CREDIT_BUREAU
CUST-104036,2025-03-03,2025-03-03,670,R4,False,CREDIT_BUREAU
CUST-100314,2025-03-03,2025-03-03,717,R3,False,CREDIT_BUREAU
CUST-102327,2025-03-03,2025-03-03,720,R3,False,CREDIT_BUREAU
CUST-105197,2025-03-03,2025-03-03,762,R2,False,CREDIT_BUREAU
CUST-104775,2025-03-03,2025-03-03,650,R5,False,CREDIT_BUREAU
CUST-100487,2025-03-03,2025-03-03,635,R5,False,CREDIT_BUREAU
CUST-107635,2025-03-03,2025-03-03,703,R3,False,CREDIT_BUREAU
CUST-106502,2025-03-03,2025-03-03,721,R3,False,CREDIT_BUREAU
CUST-103463,2025-03-03,2025-03-03,763,R2,False,CREDIT_BUREAU
CUST-107393,2025-03-03,2025-03-03,717,R3,False,CREDIT_BUREAU
CUST-102570,2025-03-03,2025-03-03,724,R3,False,CREDIT_BUREAU
CUST-104916,2025-03-03,2025-03-03,721,R3,False,CREDIT_BUREAU
CUST-106362,2025-03-03,2025-03-03,801,R1,False,CREDIT_BUREAU
CUST-101893,2025-03-03,2025-03-03,824,R1,False,CREDIT_BUREAU
CUST-102568,2025-03-03,2025-03-03,681,R4,False,CREDIT_BUREAU
CUST-102740,2025-03-03,2025-03-03,706,R3,False,CREDIT_BUREAU
CUST-105330,2025-03-03,2025-03-03,694,R4,False,CREDIT_BUREAU
CUST-102230,2025-03-03,2025-03-03,788,R1,False,CREDIT_BUREAU
CUST-101772,2025-03-03,2025-03-03,731,R3,False,CREDIT_BUREAU
CUST-101050,2025-03-03,2025-03-03,772,R2,False,CREDIT_BUREAU
CUST-101567,2025-03-03,2025-03-03,728,R3,False,CREDIT_BUREAU
CUST-107548,2025-03-03,2025-03-03,623,R5,False,CREDIT_BUREAU
CUST-104905,2025-03-03,2025-03-03,654,R5,False,CREDIT_BUREAU
CUST-101457,2025-03-03,2025-03-03,711,R3,False,CREDIT_BUREAU
CUST-103944,2025-03-03,2025-03-03,719,R3,False,CREDIT_BUREAU
CUST-101131,2025-03-03,2025-03-03,777,R2,False,CREDIT_BUREAU
CUST-103795,2025-03-03,2025-03-03,692,R4,False,CREDIT_BUREAU
CUST-104027,2025-03-03,2025-03-03,630,R5,False,CREDIT_BUREAU
CUST-107072,2025-03-03,2025-03-03,673,R4,False,CREDIT_BUREAU
CUST-106997,2025-03-03,2025-03-03,738,R3,False,CREDIT_BUREAU
CUST-106001,2025-03-03,2025-03-03,613,R6,False,CREDIT_BUREAU
CUST-103163,2025-03-03,2025-03-03,720,R3,False,CREDIT_BUREAU
CUST-106118,2025-03-03,2025-03-03,796,R1,False,CREDIT_BUREAU
CUST-104326,2025-03-03,2025-03-03,763,R2,False,CREDIT_BUREAU
CUST-100078,2025-03-03,2025-03-03,591,R6,False,CREDIT_BUREAU
CUST-106648,2025-03-03,2025-03-03,696,R4,False,CREDIT_BUREAU
CUST-107567,2025-03-03,2025-03-03,708,R3,False,CREDIT_BUREAU
CUST-103810,2025-03-03,2025-03-03,696,R4,False,CREDIT_BUREAU
CUST-105265,2025-03-03,2025-03-03,603,R6,False,CREDIT_BUREAU
CUST-103113,2025-03-03,2025-03-03,746,R2,False,CREDIT_BUREAU
CUST-102526,2025-03-03,2025-03-03,652,R5,False,CREDIT_BUREAU
CUST-100737,2025-03-03,2025-03-03,668,R4,False,CREDIT_BUREAU
CUST-100847,2025-03-03,2025-03-03,749,R2,False,CREDIT_BUREAU
CUST-103877,2025-03-03,2025-03-03,680,R4,False,CREDIT_BUREAU
CUST-100624,2025-03-03,2025-03-03,635,R5,False,CREDIT_BUREAU
CUST-101442,2025-03-03,2025-03-03,809,R1,False,CREDIT_BUREAU
CUST-104726,2025-03-03,2025-03-03,642,R5,False,CREDIT_BUREAU
CUST-103024,2025-03-03,2025-03-03,681,R4,False,CREDIT_BUREAU
CUST-104966,2025-03-03,2025-03-03,710,R3,False,CREDIT_BUREAU
CUST-102941,2025-03-03,2025-03-03,762,R2,False,CREDIT_BUREAU
CUST-101770,2025-03-03,2025-03-03,705,R3,False,CREDIT_BUREAU
CUST-100709,2025-03-03,2025-03-03,742,R2,False,CREDIT_BUREAU
CUST-106865,2025-03-03,2025-03-03,692,R4,False,CREDIT_BUREAU
CUST-107468,2025-03-03,2025-03-03,729,R3,False,CREDIT_BUREAU
CUST-107448,2025-03-03,2025-03-03,748,R2,False,CREDIT_BUREAU
CUST-101359,2025-03-03,2025-03-03,817,R1,False,CREDIT_BUREAU
CUST-102460,2025-03-03,2025-03-03,716,R3,False,CREDIT_BUREAU
CUST-104660,2025-03-03,2025-03-03,690,R4,False,CREDIT_BUREAU
CUST-107400,2025-03-03,2025-03-03,761,R2,False,CREDIT_BUREAU
CUST-104517,2025-03-03,2025-03-03,721,R3,False,CREDIT_BUREAU
CUST-100317,2025-03-03,2025-03-03,700,R3,False,CREDIT_BUREAU
CUST-106927,2025-03-03,2025-03-03,737,R3,False,CREDIT_BUREAU
CUST-104580,2025-03-03,2025-03-03,670,R4,False,CREDIT_BUREAU
CUST-102106,2025-03-03,2025-03-03,812,R1,False,CREDIT_BUREAU
CUST-102517,2025-03-03,2025-03-03,650,R5,False,CREDIT_BUREAU
CUST-103286,2025-03-03,2025-03-03,596,R6,False,CREDIT_BUREAU
CUST-105478,2025-03-03,2025-03-03,675,R4,False,CREDIT_BUREAU
CUST-103600,2025-03-03,2025-03-03,687,R4,False,CREDIT_BUREAU
CUST-104049,2025-03-03,2025-03-03,686,R4,False,CREDIT_BUREAU
CUST-103650,2025-03-03,2025-03-03,450,R7,False,CREDIT_BUREAU
CUST-103502,2025-03-03,2025-03-03,755,R2,False,CREDIT_BUREAU
CUST-103989,2025-03-03,2025-03-03,701,R3,False,CREDIT_BUREAU
CUST-106783,2025-03-03,2025-03-03,634,R5,False,CREDIT_BUREAU
CUST-101466,2025-03-03,2025-03-03,720,R3,False,CREDIT_BUREAU
CUST-100614,2025-03-03,2025-03-03,729,R3,False,CREDIT_BUREAU
CUST-106840,2025-03-03,2025-03-03,714,R3,False,CREDIT_BUREAU
CUST-103498,2025-03-03,2025-03-03,762,R2,False,CREDIT_BUREAU
CUST-102513,2025-03-03,2025-03-03,623,R5,False,CREDIT_BUREAU
CUST-104116,2025-03-03,2025-03-03,655,R5,False,CREDIT_BUREAU
CUST-102242,2025-03-03,2025-03-03,738,R3,False,CREDIT_BUREAU
CUST-106357,2025-03-03,2025-03-03,444,R7,False,CREDIT_BUREAU
CUST-104243,2025-03-03,2025-03-03,721,R3,False,CREDIT_BUREAU
CUST-102389,2025-03-03,2025-03-03,644,R5,False,CREDIT_BUREAU
CUST-102596,2025-03-03,2025-03-03,808,R1,False,CREDIT_BUREAU
CUST-102677,2025-03-03,2025-03-03,730,R3,False,CREDIT_BUREAU
CUST-100805,2025-03-03,2025-03-03,736,R3,False,CREDIT_BUREAU
CUST-101202,2025-03-03,2025-03-03,678,R4,False,CREDIT_BUREAU
CUST-101060,2025-03-03,2025-03-03,699,R4,False,CREDIT_BUREAU
CUST-103398,2025-03-03,2025-03-03,438,R7,False,CREDIT_BUREAU
CUST-103900,2025-03-03,2025-03-03,682,R4,False,CREDIT_BUREAU
CUST-102108,2025-03-03,2025-03-03,677,R4,False,CREDIT_BUREAU
CUST-101370,2025-03-03,2025-03-03,678,R4,False,CREDIT_BUREAU
CUST-104997,2025-03-03,2025-03-03,772,R2,False,CREDIT_BUREAU
CUST-104588,2025-03-03,2025-03-03,674,R4,False,CREDIT_BUREAU
CUST-107880,2025-03-03,2025-03-03,635,R5,False,CREDIT_BUREAU
CUST-101336,2025-03-03,2025-03-03,642,R5,False,CREDIT_BUREAU
CUST-103825,2025-03-03,2025-03-03,736,R3,False,CREDIT_BUREAU
CUST-106288,2025-03-03,2025-03-03,820,R1,False,CREDIT_BUREAU
CUST-106767,2025-03-03,2025-03-03,662,R4,False,CREDIT_BUREAU
CUST-104957,2025-03-03,2025-03-03,762,R2,False,CREDIT_BUREAU
CUST-104621,2025-03-03,2025-03-03,724,R3,False,CREDIT_BUREAU
CUST-100400,2025-03-03,2025-03-03,760,R2,False,CREDIT_BUREAU
CUST-101278,2025-03-03,2025-03-03,824,R1,False,CREDIT_BUREAU
CUST-105674,2025-03-03,2025-03-03,643,R5,False,CREDIT_BUREAU
CUST-104367,2025-03-03,2025-03-03,724,R3,False,CREDIT_BUREAU
CUST-105459,2025-03-03,2025-03-03,621,R5,False,CREDIT_BUREAU
CUST-105238,2025-03-03,2025-03-03,670,R4,False,CREDIT_BUREAU
CUST-100700,2025-03-03,2025-03-03,739,R3,False,CREDIT_BUREAU
CUST-103201,2025-03-03,2025-03-03,760,R2,False,CREDIT_BUREAU
CUST-105045,2025-03-03,2025-03-03,735,R3,False,CREDIT_BUREAU
CUST-102432,2025-03-03,2025-03-03,633,R5,False,CREDIT_BUREAU
CUST-106268,2025-03-03,2025-03-03,679,R4,False,CREDIT_BUREAU
CUST-107829,2025-03-03,2025-03-03,618,R6,False,CREDIT_BUREAU
CUST-103070,2025-03-03,2025-03-03,733,R3,False,CREDIT_BUREAU
CUST-100402,2025-03-03,2025-03-03,733,R3,False,CREDIT_BUREAU
CUST-103061,2025-03-03,2025-03-03,829,R1,False,CREDIT_BUREAU
CUST-105056,2025-03-03,2025-03-03,732,R3,False,CREDIT_BUREAU
CUST-106315,2025-03-03,2025-03-03,776,R2,False,CREDIT_BUREAU
CUST-104653,2025-03-03,2025-03-03,579,R7,False,CREDIT_BUREAU
CUST-102240,2025-03-03,2025-03-03,648,R5,False,CREDIT_BUREAU
CUST-100134,2025-03-03,2025-03-03,832,R1,False,CREDIT_BUREAU
CUST-101599,2025-03-03,2025-03-03,762,R2,False,CREDIT_BUREAU
CUST-100759,2025-03-03,2025-03-03,693,R4,False,CREDIT_BUREAU
CUST-102927,2025-03-03,2025-03-03,659,R5,False,CREDIT_BUREAU
CUST-102692,2025-03-03,2025-03-03,703,R3,False,CREDIT_BUREAU
CUST-104979,2025-03-03,2025-03-03,823,R1,False,CREDIT_BUREAU
CUST-107674,2025-03-03,2025-03-03,736,R3,False,CREDIT_BUREAU
CUST-100792,2025-03-03,2025-03-03,675,R4,False,CREDIT_BUREAU
CUST-107993,2025-03-03,2025-03-03,659,R5,False,CREDIT_BUREAU
CUST-101656,2025-03-03,2025-03-03,819,R1,False,CREDIT_BUREAU
CUST-104994,2025-03-03,2025-03-03,769,R2,False,CREDIT_BUREAU
CUST-107423,2025-03-03,2025-03-03,829,R1,False,CREDIT_BUREAU
CUST-103153,2025-03-03,2025-03-03,764,R2,False,CREDIT_BUREAU
CUST-105520,2025-03-03,2025-03-03,615,R6,False,CREDIT_BUREAU
CUST-105446,2025-03-03,2025-03-03,641,R5,False,CREDIT_BUREAU
CUST-100197,2025-03-03,2025-03-03,635,R5,False,CREDIT_BUREAU
CUST-104488,2025-03-03,2025-03-03,752,R2,False,CREDIT_BUREAU
CUST-105894,2025-03-03,2025-03-03,659,R5,False,CREDIT_BUREAU
CUST-104646,2025-03-03,2025-03-03,713,R3,False,CREDIT_BUREAU
CUST-104824,2025-03-03,2025-03-03,696,R4,False,CREDIT_BUREAU
CUST-102947,2025-03-03,2025-03-03,675,R4,False,CREDIT_BUREAU
CUST-102206,2025-03-03,2025-03-03,695,R4,False,CREDIT_BUREAU
CUST-102007,2025-03-03,2025-03-03,714,R3,False,CREDIT_BUREAU
CUST-105652,2025-03-03,2025-03-03,756,R2,False,CREDIT_BUREAU
CUST-104729,2025-03-03,2025-03-03,802,R1,False,CREDIT_BUREAU
CUST-101177,2025-03-03,2025-03-03,723,R3,False,CREDIT_BUREAU
CUST-103839,2025-03-03,2025-03-03,646,R5,False,CREDIT_BUREAU
CUST-100110,2025-03-03,2025-03-03,681,R4,False,CREDIT_BUREAU
CUST-107152,2025-03-03,2025-03-03,692,R4,False,CREDIT_BUREAU
CUST-103171,2025-03-03,2025-03-03,575,R7,False,CREDIT_BUREAU
CUST-107452,2025-03-03,2025-03-03,637,R5,False,CREDIT_BUREAU
CUST-107007,2025-03-03,2025-03-03,673,R4,False,CREDIT_BUREAU
CUST-104841,2025-03-03,2025-03-03,445,R7,False,CREDIT_BUREAU
CUST-100427,2025-03-03,2025-03-03,790,R1,False,CREDIT_BUREAU
CUST-102642,2025-03-03,2025-03-03,774,R2,False,CREDIT_BUREAU
CUST-103531,2025-03-03,2025-03-03,620,R5,False,CREDIT_BUREAU
CUST-100610,2025-03-03,2025-03-03,598,R6,False,CREDIT_BUREAU
CUST-104697,2025-03-03,2025-03-03,695,R4,False,CREDIT_BUREAU
CUST-104277,2025-03-03,2025-03-03,722,R3,False,CREDIT_BUREAU
CUST-103060,2025-03-03,2025-03-03,670,R4,False,CREDIT_BUREAU
CUST-102221,2025-03-03,2025-03-03,682,R4,False,CREDIT_BUREAU
CUST-103005,2025-03-03,2025-03-03,767,R2,False,CREDIT_BUREAU
CUST-106402,2025-03-03,2025-03-03,760,R2,False,CREDIT_BUREAU
CUST-100573,2025-03-03,2025-03-03,760,R2,False,CREDIT_BUREAU
CUST-107405,2025-03-03,2025-03-03,436,R7,False,CREDIT_BUREAU
CUST-105397,2025-03-03,2025-03-03,694,R4,False,CREDIT_BUREAU
CUST-101988,2025-03-03,2025-03-03,766,R2,False,CREDIT_BUREAU
CUST-107971,2025-03-03,2025-03-03,589,R6,False,CREDIT_BUREAU
CUST-102748,2025-03-03,2025-03-03,802,R1,False,CREDIT_BUREAU
CUST-101804,2025-03-03,2025-03-03,826,R1,False,CREDIT_BUREAU
CUST-101114,2025-03-03,2025-03-03,724,R3,False,CREDIT_BUREAU
CUST-104774,2025-03-03,2025-03-03,708,R3,False,CREDIT_BUREAU
CUST-103876,2025-03-03,2025-03-03,638,R5,False,CREDIT_BUREAU
CUST-105518,2025-03-03,2025-03-03,732,R3,False,CREDIT_BUREAU
CUST-103434,2025-03-03,2025-03-03,661,R4,False,CREDIT_BUREAU
CUST-103899,2025-03-03,2025-03-03,684,R4,False,CREDIT_BUREAU
CUST-107263,2025-03-03,2025-03-03,734,R3,False,CREDIT_BUREAU
CUST-104351,2025-03-03,2025-03-03,814,R1,False,CREDIT_BUREAU
CUST-103133,2025-03-03,2025-03-03,762,R2,False,CREDIT_BUREAU
CUST-105294,2025-03-03,2025-03-03,585,R6,False,CREDIT_BUREAU
CUST-105839,2025-03-03,2025-03-03,829,R1,False,CREDIT_BUREAU
CUST-104305,2025-03-03,2025-03-03,835,R1,False,CREDIT_BUREAU
CUST-106171,2025-03-03,2025-03-03,666,R4,False,CREDIT_BUREAU
CUST-107916,2025-03-03,2025-03-03,591,R6,False,CREDIT_BUREAU
CUST-103230,2025-03-03,2025-03-03,810,R1,False,CREDIT_BUREAU
CUST-102015,2025-03-03,2025-03-03,775,R2,False,CREDIT_BUREAU
CUST-102600,2025-03-03,2025-03-03,764,R2,False,CREDIT_BUREAU
CUST-100415,2025-03-03,2025-03-03,767,R2,False,CREDIT_BUREAU
CUST-100751,2025-03-03,2025-03-03,829,R1,False,CREDIT_BUREAU
CUST-102886,2025-03-03,2025-03-03,663,R4,False,CREDIT_BUREAU
CUST-105925,2025-03-03,2025-03-03,802,R1,False,CREDIT_BUREAU
CUST-105540,2025-03-03,2025-03-03,727,R3,False,CREDIT_BUREAU
CUST-100568,2025-03-03,2025-03-03,705,R3,False,CREDIT_BUREAU
CUST-103020,2025-03-03,2025-03-03,790,R1,False,CREDIT_BUREAU
CUST-100869,2025-03-03,2025-03-03,637,R5,False,CREDIT_BUREAU
CUST-104174,2025-03-03,2025-03-03,752,R2,False,CREDIT_BUREAU
CUST-100452,2025-03-03,2025-03-03,602,R6,False,CREDIT_BUREAU
CUST-102399,2025-03-03,2025-03-03,732,R3,False,CREDIT_BUREAU
CUST-105592,2025-03-03,2025-03-03,648,R5,False,CREDIT_BUREAU
CUST-101518,2025-03-03,2025-03-03,780,R1,False,CREDIT_BUREAU
CUST-106154,2025-03-03,2025-03-03,598,R6,False,CREDIT_BUREAU
CUST-107585,2025-03-03,2025-03-03,766,R2,False,CREDIT_BUREAU
CUST-104797,2025-03-03,2025-03-03,673,R4,False,CREDIT_BUREAU
CUST-100675,2025-03-03,2025-03-03,751,R2,False,CREDIT_BUREAU
CUST-105266,2025-03-03,2025-03-03,728,R3,False,CREDIT_BUREAU
CUST-107633,2025-03-03,2025-03-03,646,R5,False,CREDIT_BUREAU
CUST-103177,2025-03-03,2025-03-03,443,R7,False,CREDIT_BUREAU
CUST-100409,2025-03-03,2025-03-03,759,R2,False,CREDIT_BUREAU
CUST-104359,2025-03-03,2025-03-03,457,R7,False,CREDIT_BUREAU
CUST-107602,2025-03-03,2025-03-03,726,R3,False,CREDIT_BUREAU
CUST-102561,2025-03-03,2025-03-03,739,R3,False,CREDIT_BUREAU
CUST-100653,2025-03-03,2025-03-03,686,R4,False,CREDIT_BUREAU
CUST-103199,2025-03-03,2025-03-03,609,R6,False,CREDIT_BUREAU
CUST-101044,2025-03-03,2025-03-03,424,R7,False,CREDIT_BUREAU
CUST-107822,2025-03-03,2025-03-03,631,R5,False,CREDIT_BUREAU
CUST-101447,2025-03-03,2025-03-03,591,R6,False,CREDIT_BUREAU
CUST-102190,2025-03-03,2025-03-03,731,R3,False,CREDIT_BUREAU
CUST-107644,2025-03-03,2025-03-03,725,R3,False,CREDIT_BUREAU
CUST-105131,2025-03-03,2025-03-03,730,R3,False,CREDIT_BUREAU
CUST-103603,2025-03-03,2025-03-03,814,R1,False,CREDIT_BUREAU
CUST-103702,2025-03-03,2025-03-03,579,R7,False,CREDIT_BUREAU
CUST-102922,2025-03-03,2025-03-03,820,R1,False,CREDIT_BUREAU
CUST-101978,2025-03-03,2025-03-03,668,R4,False,CREDIT_BUREAU
CUST-103610,2025-03-03,2025-03-03,626,R5,False,CREDIT_BUREAU
CUST-103210,2025-03-03,2025-03-03,714,R3,False,CREDIT_BUREAU
CUST-106812,2025-03-03,2025-03-03,766,R2,False,CREDIT_BUREAU
CUST-100515,2025-03-03,2025-03-03,594,R6,False,CREDIT_BUREAU
CUST-105790,2025-03-03,2025-03-03,645,R5,False,CREDIT_BUREAU
CUST-107236,2025-03-03,2025-03-03,769,R2,False,CREDIT_BUREAU
CUST-103535,2025-03-03,2025-03-03,675,R4,False,CREDIT_BUREAU
CUST-100819,2025-03-03,2025-03-03,756,R2,False,CREDIT_BUREAU
CUST-100179,2025-03-03,2025-03-03,632,R5,False,CREDIT_BUREAU
CUST-106630,2025-03-03,2025-03-03,737,R3,False,CREDIT_BUREAU
CUST-105944,2025-03-03,2025-03-03,630,R5,False,CREDIT_BUREAU
CUST-101878,2025-03-03,2025-03-03,723,R3,False,CREDIT_BUREAU
CUST-105675,2025-03-03,2025-03-03,650,R5,False,CREDIT_BUREAU
CUST-107637,2025-03-03,2025-03-03,736,R3,False,CREDIT_BUREAU
CUST-102158,2025-03-03,2025-03-03,727,R3,False,CREDIT_BUREAU
CUST-105088,2025-03-03,2025-03-03,725,R3,False,CREDIT_BUREAU
CUST-102723,2025-03-03,2025-03-03,786,R1,False,CREDIT_BUREAU
CUST-104401,2025-03-03,2025-03-03,631,R5,False,CREDIT_BUREAU
CUST-105909,2025-03-03,2025-03-03,707,R3,False,CREDIT_BUREAU
CUST-105677,2025-03-03,2025-03-03,818,R1,False,CREDIT_BUREAU
CUST-103815,2025-03-03,2025-03-03,723,R3,False,CREDIT_BUREAU
CUST-103903,2025-03-03,2025-03-03,676,R4,False,CREDIT_BUREAU
CUST-106772,2025-03-03,2025-03-03,696,R4,False,CREDIT_BUREAU
CUST-103182,2025-03-03,2025-03-03,626,R5,False,CREDIT_BUREAU
CUST-104628,2025-03-03,2025-03-03,651,R5,False,CREDIT_BUREAU
CUST-105103,2025-03-03,2025-03-03,589,R6,False,CREDIT_BUREAU
CUST-103888,2025-03-03,2025-03-03,685,R4,False,CREDIT_BUREAU
CUST-107719,2025-03-03,2025-03-03,682,R4,False,CREDIT_BUREAU
CUST-100116,2025-03-03,2025-03-03,770,R2,False,CREDIT_BUREAU
CUST-105378,2025-03-03,2025-03-03,777,R2,False,CREDIT_BUREAU
CUST-102656,2025-03-03,2025-03-03,707,R3,False,CREDIT_BUREAU
CUST-104039,2025-03-03,2025-03-03,756,R2,False,CREDIT_BUREAU
CUST-106287,2025-03-03,2025-03-03,817,R1,False,CREDIT_BUREAU
CUST-107125,2025-03-03,2025-03-03,815,R1,False,CREDIT_BUREAU
CUST-107403,2025-03-03,2025-03-03,813,R1,False,CREDIT_BUREAU
CUST-102219,2025-03-03,2025-03-03,805,R1,False,CREDIT_BUREAU
CUST-107218,2025-03-03,2025-03-03,744,R2,False,CREDIT_BUREAU
CUST-105861,2025-03-03,2025-03-03,662,R4,False,CREDIT_BUREAU
CUST-104065,2025-03-03,2025-03-03,829,R1,False,CREDIT_BUREAU
CUST-107029,2025-03-03,2025-03-03,698,R4,False,CREDIT_BUREAU
CUST-104813,2025-03-03,2025-03-03,709,R3,False,CREDIT_BUREAU
CUST-105260,2025-03-03,2025-03-03,821,R1,False,CREDIT_BUREAU
CUST-103842,2025-03-03,2025-03-03,753,R2,False,CREDIT_BUREAU
CUST-100663,2025-03-03,2025-03-03,682,R4,False,CREDIT_BUREAU
CUST-104210,2025-03-03,2025-03-03,680,R4,False,CREDIT_BUREAU
CUST-100538,2025-03-03,2025-03-03,642,R5,False,CREDIT_BUREAU
CUST-106532,2025-03-03,2025-03-03,432,R7,False,CREDIT_BUREAU
CUST-104150,2025-03-03,2025-03-03,719,R3,False,CREDIT_BUREAU
CUST-105248,2025-03-03,2025-03-03,752,R2,False,CREDIT_BUREAU
CUST-103169,2025-03-03,2025-03-03,818,R1,False,CREDIT_BUREAU
CUST-102063,2025-03-03,2025-03-03,607,R6,False,CREDIT_BUREAU
CUST-104242,2025-03-03,2025-03-03,793,R1,False,CREDIT_BUREAU
CUST-105293,2025-03-03,2025-03-03,676,R4,False,CREDIT_BUREAU
CUST-100131,2025-03-03,2025-03-03,743,R2,False,CREDIT_BUREAU
CUST-102304,2025-03-03,2025-03-03,683,R4,False,CREDIT_BUREAU
CUST-106260,2025-03-03,2025-03-03,688,R4,False,CREDIT_BUREAU
CUST-107402,2025-03-03,2025-03-03,759,R2,False,CREDIT_BUREAU
CUST-102220,2025-03-03,2025-03-03,647,R5,False,CREDIT_BUREAU
CUST-102041,2025-03-03,2025-03-03,684,R4,False,CREDIT_BUREAU
CUST-105708,2025-03-03,2025-03-03,684,R4,False,CREDIT_BUREAU
CUST-103125,2025-03-03,2025-03-03,762,R2,False,CREDIT_BUREAU
CUST-106952,2025-03-03,2025-03-03,762,R2,False,CREDIT_BUREAU
CUST-102930,2025-03-03,2025-03-03,642,R5,False,CREDIT_BUREAU
CUST-100195,2025-03-03,2025-03-03,689,R4,False,CREDIT_BUREAU
CUST-101652,2025-03-03,2025-03-03,687,R4,False,CREDIT_BUREAU
CUST-105703,2025-03-03,2025-03-03,738,R3,False,CREDIT_BUREAU
CUST-107833,2025-03-03,2025-03-03,592,R6,False,CREDIT_BUREAU
CUST-105992,2025-03-03,2025-03-03,691,R4,False,CREDIT_BUREAU
CUST-100570,2025-03-03,2025-03-03,658,R5,False,CREDIT_BUREAU
CUST-106707,2025-03-03,2025-03-03,696,R4,False,CREDIT_BUREAU
CUST-103994,2025-03-03,2025-03-03,718,R3,False,CREDIT_BUREAU
CUST-104577,2025-03-03,2025-03-03,607,R6,False,CREDIT_BUREAU
CUST-107808,2025-03-03,2025-03-03,676,R4,False,CREDIT_BUREAU
CUST-104402,2025-03-03,2025-03-03,638,R5,False,CREDIT_BUREAU
CUST-105389,2025-03-03,2025-03-03,716,R3,False,CREDIT_BUREAU
CUST-104088,2025-03-03,2025-03-03,683,R4,False,CREDIT_BUREAU
CUST-105359,2025-03-03,2025-03-03,650,R5,False,CREDIT_BUREAU
CUST-102325,2025-03-03,2025-03-03,604,R6,False,CREDIT_BUREAU
CUST-104323,2025-03-03,2025-03-03,689,R4,False,CREDIT_BUREAU
CUST-100347,2025-03-03,2025-03-03,719,R3,False,CREDIT_BUREAU
CUST-103838,2025-03-03,2025-03-03,679,R4,False,CREDIT_BUREAU
CUST-106638,2025-03-03,2025-03-03,676,R4,False,CREDIT_BUREAU
CUST-105782,2025-03-03,2025-03-03,696,R4,False,CREDIT_BUREAU
CUST-101460,2025-03-03,2025-03-03,766,R2,False,CREDIT_BUREAU
CUST-105087,2025-03-03,2025-03-03,682,R4,False,CREDIT_BUREAU
CUST-101947,2025-03-03,2025-03-03,443,R7,False,CREDIT_BUREAU
CUST-102746,2025-03-03,2025-03-03,629,R5,False,CREDIT_BUREAU
CUST-100984,2025-03-03,2025-03-03,738,R3,False,CREDIT_BUREAU
CUST-104816,2025-03-03,2025-03-03,662,R4,False,CREDIT_BUREAU
CUST-106177,2025-03-03,2025-03-03,646,R5,False,CREDIT_BUREAU
CUST-106888,2025-03-03,2025-03-03,826,R1,False,CREDIT_BUREAU
CUST-101217,2025-03-03,2025-03-03,645,R5,False,CREDIT_BUREAU
CUST-101633,2025-03-03,2025-03-03,780,R1,False,CREDIT_BUREAU
CUST-102310,2025-03-03,2025-03-03,784,R1,False,CREDIT_BUREAU
CUST-106067,2025-03-03,2025-03-03,816,R1,False,CREDIT_BUREAU
CUST-105924,2025-03-03,2025-03-03,678,R4,False,CREDIT_BUREAU
CUST-105994,2025-03-03,2025-03-03,618,R6,False,CREDIT_BUREAU
CUST-101138,2025-03-03,2025-03-03,675,R4,False,CREDIT_BUREAU
CUST-103811,2025-03-03,2025-03-03,749,R2,False,CREDIT_BUREAU
CUST-101229,2025-03-03,2025-03-03,823,R1,False,CREDIT_BUREAU
CUST-100473,2025-03-03,2025-03-03,768,R2,False,CREDIT_BUREAU
CUST-106886,2025-03-03,2025-03-03,433,R7,False,CREDIT_BUREAU
CUST-105979,2025-03-03,2025-03-03,628,R5,False,CREDIT_BUREAU
CUST-106079,2025-03-03,2025-03-03,741,R2,False,CREDIT_BUREAU
CUST-105485,2025-03-03,2025-03-03,661,R4,False,CREDIT_BUREAU
CUST-102805,2025-03-03,2025-03-03,731,R3,False,CREDIT_BUREAU
CUST-102712,2025-03-03,2025-03-03,674,R4,False,CREDIT_BUREAU
CUST-107458,2025-03-03,2025-03-03,818,R1,False,CREDIT_BUREAU
CUST-104519,2025-03-03,2025-03-03,711,R3,False,CREDIT_BUREAU
CUST-101002,2025-03-03,2025-03-03,639,R5,False,CREDIT_BUREAU
CUST-107825,2025-03-03,2025-03-03,754,R2,False,CREDIT_BUREAU
CUST-106680,2025-03-03,2025-03-03,691,R4,False,CREDIT_BUREAU
CUST-107483,2025-03-03,2025-03-03,664,R4,False,CREDIT_BUREAU
CUST-100425,2025-03-03,2025-03-03,827,R1,False,CREDIT_BUREAU
CUST-102899,2025-03-03,2025-03-03,439,R7,False,CREDIT_BUREAU
CUST-100072,2025-03-03,2025-03-03,724,R3,False,CREDIT_BUREAU
CUST-100050,2025-03-03,2025-03-03,674,R4,False,CREDIT_BUREAU
CUST-101417,2025-03-03,2025-03-03,663,R4,False,CREDIT_BUREAU
CUST-102075,2025-03-03,2025-03-03,767,R2,False,CREDIT_BUREAU
CUST-107542,2025-03-03,2025-03-03,752,R2,False,CREDIT_BUREAU
CUST-107528,2025-03-03,2025-03-03,762,R2,False,CREDIT_BUREAU
CUST-104022,2025-03-03,2025-03-03,679,R4,False,CREDIT_BUREAU
CUST-103039,2025-03-03,2025-03-03,645,R5,False,CREDIT_BUREAU
CUST-102977,2025-03-03,2025-03-03,835,R1,False,CREDIT_BUREAU
CUST-107176,2025-03-03,2025-03-03,612,R6,False,CREDIT_BUREAU
CUST-106779,2025-03-03,2025-03-03,770,R2,False,CREDIT_BUREAU
CUST-102127,2025-03-03,2025-03-03,723,R3,False,CREDIT_BUREAU
CUST-105678,2025-03-03,2025-03-03,762,R2,False,CREDIT_BUREAU
CUST-102183,2025-03-03,2025-03-03,644,R5,False,CREDIT_BUREAU
CUST-107198,2025-03-03,2025-03-03,647,R5,False,CREDIT_BUREAU
CUST-105391,2025-03-03,2025-03-03,706,R3,False,CREDIT_BUREAU
CUST-100937,2025-03-03,2025-03-03,716,R3,False,CREDIT_BUREAU
CUST-100454,2025-03-03,2025-03-03,442,R7,False,CREDIT_BUREAU
CUST-103222,2025-03-03,2025-03-03,586,R6,False,CREDIT_BUREAU
CUST-102229,2025-03-03,2025-03-03,738,R3,False,CREDIT_BUREAU
CUST-101571,2025-03-03,2025-03-03,818,R1,False,CREDIT_BUREAU
CUST-105356,2025-03-03,2025-03-03,810,R1,False,CREDIT_BUREAU
CUST-101517,2025-03-03,2025-03-03,681,R4,False,CREDIT_BUREAU
CUST-100822,2025-03-03,2025-03-03,726,R3,False,CREDIT_BUREAU
CUST-102371,2025-03-03,2025-03-03,687,R4,False,CREDIT_BUREAU
CUST-104038,2025-03-03,2025-03-03,591,R6,False,CREDIT_BUREAU
CUST-100955,2025-03-03,2025-03-03,689,R4,False,CREDIT_BUREAU
CUST-107532,2025-03-03,2025-03-03,801,R1,False,CREDIT_BUREAU
CUST-101930,2025-03-03,2025-03-03,655,R5,False,CREDIT_BUREAU
CUST-107044,2025-03-03,2025-03-03,681,R4,False,CREDIT_BUREAU
CUST-104683,2025-03-03,2025-03-03,666,R4,False,CREDIT_BUREAU
CUST-107668,2025-03-03,2025-03-03,681,R4,False,CREDIT_BUREAU
CUST-102045,2025-03-03,2025-03-03,815,R1,False,CREDIT_BUREAU
CUST-105347,2025-03-03,2025-03-03,621,R5,False,CREDIT_BUREAU
CUST-105809,2025-03-03,2025-03-03,758,R2,False,CREDIT_BUREAU
CUST-105948,2025-03-03,2025-03-03,738,R3,False,CREDIT_BUREAU
CUST-102456,2025-03-03,2025-03-03,609,R6,False,CREDIT_BUREAU
CUST-103542,2025-03-03,2025-03-03,631,R5,False,CREDIT_BUREAU
CUST-102281,2025-03-03,2025-03-03,637,R5,False,CREDIT_BUREAU
CUST-106219,2025-03-03,2025-03-03,698,R4,False,CREDIT_BUREAU
CUST-105123,2025-03-03,2025-03-03,733,R3,False,CREDIT_BUREAU
CUST-100606,2025-03-03,2025-03-03,606,R6,False,CREDIT_BUREAU
CUST-100739,2025-03-03,2025-03-03,818,R1,False,CREDIT_BUREAU
CUST-100316,2025-03-03,2025-03-03,738,R3,False,CREDIT_BUREAU
CUST-103756,2025-03-03,2025-03-03,616,R6,False,CREDIT_BUREAU
CUST-100525,2025-03-03,2025-03-03,711,R3,False,CREDIT_BUREAU
CUST-103096,2025-03-03,2025-03-03,719,R3,False,CREDIT_BUREAU
CUST-107415,2025-03-03,2025-03-03,670,R4,False,CREDIT_BUREAU
CUST-100105,2025-03-03,2025-03-03,745,R2,False,CREDIT_BUREAU
CUST-102925,2025-03-03,2025-03-03,671,R4,False,CREDIT_BUREAU
CUST-100185,2025-03-03,2025-03-03,814,R1,False,CREDIT_BUREAU
CUST-101038,2025-03-03,2025-03-03,635,R5,False,CREDIT_BUREAU
CUST-100755,2025-03-03,2025-03-03,704,R3,False,CREDIT_BUREAU
CUST-104606,2025-03-03,2025-03-03,599,R6,False,CREDIT_BUREAU
CUST-102076,2025-03-03,2025-03-03,787,R1,False,CREDIT_BUREAU
CUST-104637,2025-03-03,2025-03-03,815,R1,False,CREDIT_BUREAU
CUST-104578,2025-03-03,2025-03-03,818,R1,False,CREDIT_BUREAU
CUST-105583,2025-03-03,2025-03-03,686,R4,False,CREDIT_BUREAU
CUST-101318,2025-03-03,2025-03-03,647,R5,False,CREDIT_BUREAU
CUST-107039,2025-03-03,2025-03-03,715,R3,False,CREDIT_BUREAU
CUST-105469,2025-03-03,2025-03-03,743,R2,False,CREDIT_BUREAU
CUST-100433,2025-03-03,2025-03-03,642,R5,False,CREDIT_BUREAU
CUST-106606,2025-03-03,2025-03-03,665,R4,False,CREDIT_BUREAU
CUST-103362,2025-03-03,2025-03-03,715,R3,False,CREDIT_BUREAU
CUST-103422,2025-03-03,2025-03-03,714,R3,False,CREDIT_BUREAU
CUST-106024,2025-03-03,2025-03-03,447,R7,False,CREDIT_BUREAU
CUST-106139,2025-03-03,2025-03-03,620,R5,False,CREDIT_BUREAU
CUST-107617,2025-03-03,2025-03-03,736,R3,False,CREDIT_BUREAU
CUST-105426,2025-03-03,2025-03-03,598,R6,False,CREDIT_BUREAU
CUST-104396,2025-03-03,2025-03-03,814,R1,False,CREDIT_BUREAU
CUST-102398,2025-03-03,2025-03-03,642,R5,False,CREDIT_BUREAU
CUST-106912,2025-03-03,2025-03-03,755,R2,False,CREDIT_BUREAU
CUST-105051,2025-03-03,2025-03-03,765,R2,False,CREDIT_BUREAU
CUST-104893,2025-03-03,2025-03-03,710,R3,False,CREDIT_BUREAU
CUST-107858,2025-03-03,2025-03-03,789,R1,False,CREDIT_BUREAU
CUST-106026,2025-03-03,2025-03-03,725,R3,False,CREDIT_BUREAU
CUST-105447,2025-03-03,2025-03-03,722,R3,False,CREDIT_BUREAU
CUST-105017,2025-03-03,2025-03-03,682,R4,False,CREDIT_BUREAU
CUST-102115,2025-03-03,2025-03-03,685,R4,False,CREDIT_BUREAU
CUST-106621,2025-03-03,2025-03-03,701,R3,False,CREDIT_BUREAU
CUST-103897,2025-03-03,2025-03-03,665,R4,False,CREDIT_BUREAU
CUST-101998,2025-03-03,2025-03-03,685,R4,False,CREDIT_BUREAU
CUST-100022,2025-03-03,2025-03-03,603,R6,False,CREDIT_BUREAU
CUST-106218,2025-03-03,2025-03-03,715,R3,False,CREDIT_BUREAU
CUST-106071,2025-03-03,2025-03-03,613,R6,False,CREDIT_BUREAU
CUST-105360,2025-03-03,2025-03-03,610,R6,False,CREDIT_BUREAU
CUST-100533,2025-03-03,2025-03-03,755,R2,False,CREDIT_BUREAU
CUST-105431,2025-03-03,2025-03-03,685,R4,False,CREDIT_BUREAU
CUST-104238,2025-03-03,2025-03-03,707,R3,False,CREDIT_BUREAU
CUST-101004,2025-03-03,2025-03-03,680,R4,False,CREDIT_BUREAU
CUST-100518,2025-03-03,2025-03-03,745,R2,False,CREDIT_BUREAU
CUST-102504,2025-03-03,2025-03-03,756,R2,False,CREDIT_BUREAU
CUST-105098,2025-03-03,2025-03-03,822,R1,False,CREDIT_BUREAU
CUST-100746,2025-03-03,2025-03-03,702,R3,False,CREDIT_BUREAU
CUST-107510,2025-03-03,2025-03-03,681,R4,False,CREDIT_BUREAU
CUST-103087,2025-03-03,2025-03-03,754,R2,False,CREDIT_BUREAU
CUST-101682,2025-03-03,2025-03-03,807,R1,False,CREDIT_BUREAU
CUST-101800,2025-03-03,2025-03-03,638,R5,False,CREDIT_BUREAU
CUST-103179,2025-03-03,2025-03-03,627,R5,False,CREDIT_BUREAU
CUST-107461,2025-03-03,2025-03-03,757,R2,False,CREDIT_BUREAU
CUST-100180,2025-03-03,2025-03-03,720,R3,False,CREDIT_BUREAU
CUST-104586,2025-03-03,2025-03-03,679,R4,False,CREDIT_BUREAU
CUST-107040,2025-03-03,2025-03-03,634,R5,False,CREDIT_BUREAU
CUST-100979,2025-03-03,2025-03-03,711,R3,False,CREDIT_BUREAU
CUST-105868,2025-03-03,2025-03-03,815,R1,False,CREDIT_BUREAU
CUST-107953,2025-03-03,2025-03-03,717,R3,False,CREDIT_BUREAU
CUST-106038,2025-03-03,2025-03-03,735,R3,False,CREDIT_BUREAU
CUST-102626,2025-03-03,2025-03-03,685,R4,False,CREDIT_BUREAU
CUST-104959,2025-03-03,2025-03-03,443,R7,False,CREDIT_BUREAU
CUST-106303,2025-03-03,2025-03-03,695,R4,False,CREDIT_BUREAU
CUST-100779,2025-03-03,2025-03-03,627,R5,False,CREDIT_BUREAU
CUST-100161,2025-03-03,2025-03-03,698,R4,False,CREDIT_BUREAU
CUST-105898,2025-03-03,2025-03-03,733,R3,False,CREDIT_BUREAU
CUST-104408,2025-03-03,2025-03-03,632,R5,False,CREDIT_BUREAU
CUST-107100,2025-03-03,2025-03-03,697,R4,False,CREDIT_BUREAU
CUST-106775,2025-03-03,2025-03-03,808,R1,False,CREDIT_BUREAU
CUST-104010,2025-03-03,2025-03-03,717,R3,False,CREDIT_BUREAU
CUST-102827,2025-03-03,2025-03-03,751,R2,False,CREDIT_BUREAU
CUST-105106,2025-03-03,2025-03-03,721,R3,False,CREDIT_BUREAU
CUST-104766,2025-03-03,2025-03-03,765,R2,False,CREDIT_BUREAU
CUST-106280,2025-03-03,2025-03-03,647,R5,False,CREDIT_BUREAU
CUST-106246,2025-03-03,2025-03-03,728,R3,False,CREDIT_BUREAU
CUST-104636,2025-03-03,2025-03-03,634,R5,False,CREDIT_BUREAU
CUST-101007,2025-03-03,2025-03-03,707,R3,False,CREDIT_BUREAU
CUST-101613,2025-03-03,2025-03-03,760,R2,False,CREDIT_BUREAU
CUST-106949,2025-03-03,2025-03-03,674,R4,False,CREDIT_BUREAU
CUST-103392,2025-03-03,2025-03-03,722,R3,False,CREDIT_BUREAU
CUST-103082,2025-03-03,2025-03-03,664,R4,False,CREDIT_BUREAU
CUST-103571,2025-03-03,2025-03-03,748,R2,False,CREDIT_BUREAU
CUST-107131,2025-03-03,2025-03-03,716,R3,False,CREDIT_BUREAU
CUST-107174,2025-03-03,2025-03-03,826,R1,False,CREDIT_BUREAU
CUST-107116,2025-03-03,2025-03-03,736,R3,False,CREDIT_BUREAU
CUST-101627,2025-03-03,2025-03-03,764,R2,False,CREDIT_BUREAU
CUST-101568,2025-03-03,2025-03-03,656,R5,False,CREDIT_BUREAU
CUST-102599,2025-03-03,2025-03-03,601,R6,False,CREDIT_BUREAU
CUST-100829,2025-03-03,2025-03-03,730,R3,False,CREDIT_BUREAU
CUST-104768,2025-03-03,2025-03-03,717,R3,False,CREDIT_BUREAU
CUST-107770,2025-03-03,2025-03-03,682,R4,False,CREDIT_BUREAU
CUST-107965,2025-03-03,2025-03-03,637,R5,False,CREDIT_BUREAU
CUST-107265,2025-03-03,2025-03-03,764,R2,False,CREDIT_BUREAU
CUST-107366,2025-03-03,2025-03-03,677,R4,False,CREDIT_BUREAU
CUST-106673,2025-03-03,2025-03-03,725,R3,False,CREDIT_BUREAU
CUST-105246,2025-03-03,2025-03-03,678,R4,False,CREDIT_BUREAU
CUST-104125,2025-03-03,2025-03-03,677,R4,False,CREDIT_BUREAU
CUST-107788,2025-03-03,2025-03-03,676,R4,False,CREDIT_BUREAU
CUST-106864,2025-03-03,2025-03-03,644,R5,False,CREDIT_BUREAU
CUST-105757,2025-03-03,2025-03-03,687,R4,False,CREDIT_BUREAU
CUST-101704,2025-03-03,2025-03-03,682,R4,False,CREDIT_BUREAU
CUST-100122,2025-03-03,2025-03-03,650,R5,False,CREDIT_BUREAU
CUST-101884,2025-03-03,2025-03-03,644,R5,False,CREDIT_BUREAU
CUST-105000,2025-03-03,2025-03-03,715,R3,False,CREDIT_BUREAU
CUST-107464,2025-03-03,2025-03-03,447,R7,False,CREDIT_BUREAU
CUST-105458,2025-03-03,2025-03-03,829,R1,False,CREDIT_BUREAU
CUST-102866,2025-03-03,2025-03-03,691,R4,False,CREDIT_BUREAU
CUST-106121,2025-03-03,2025-03-03,703,R3,False,CREDIT_BUREAU
CUST-106778,2025-03-03,2025-03-03,738,R3,False,CREDIT_BUREAU
CUST-104422,2025-03-03,2025-03-03,824,R1,False,CREDIT_BUREAU
CUST-103770,2025-03-03,2025-03-03,572,R7,False,CREDIT_BUREAU
CUST-100535,2025-03-03,2025-03-03,634,R5,False,CREDIT_BUREAU
CUST-106794,2025-03-03,2025-03-03,578,R7,False,CREDIT_BUREAU
CUST-105802,2025-03-03,2025-03-03,760,R2,False,CREDIT_BUREAU
CUST-103238,2025-03-03,2025-03-03,687,R4,False,CREDIT_BUREAU
CUST-104025,2025-03-03,2025-03-03,676,R4,False,CREDIT_BUREAU
CUST-107855,2025-03-03,2025-03-03,811,R1,False,CREDIT_BUREAU
CUST-102032,2025-03-03,2025-03-03,625,R5,False,CREDIT_BUREAU
CUST-105291,2025-03-03,2025-03-03,686,R4,False,CREDIT_BUREAU
CUST-105438,2025-03-03,2025-03-03,641,R5,False,CREDIT_BUREAU
CUST-104684,2025-03-03,2025-03-03,608,R6,False,CREDIT_BUREAU
CUST-103835,2025-03-03,2025-03-03,638,R5,False,CREDIT_BUREAU
CUST-101842,2025-03-03,2025-03-03,726,R3,False,CREDIT_BUREAU
CUST-101751,2025-03-03,2025-03-03,804,R1,False,CREDIT_BUREAU
CUST-105534,2025-03-03,2025-03-03,703,R3,False,CREDIT_BUREAU
CUST-101561,2025-03-03,2025-03-03,703,R3,False,CREDIT_BUREAU
CUST-104075,2025-03-03,2025-03-03,641,R5,False,CREDIT_BUREAU
CUST-107340,2025-03-03,2025-03-03,832,R1,False,CREDIT_BUREAU
CUST-103721,2025-03-03,2025-03-03,758,R2,False,CREDIT_BUREAU
CUST-101958,2025-03-03,2025-03-03,670,R4,False,CREDIT_BUREAU
CUST-101228,2025-03-03,2025-03-03,756,R2,False,CREDIT_BUREAU
CUST-104742,2025-03-03,2025-03-03,675,R4,False,CREDIT_BUREAU
CUST-106145,2025-03-03,2025-03-03,682,R4,False,CREDIT_BUREAU
CUST-105843,2025-03-03,2025-03-03,812,R1,False,CREDIT_BUREAU
CUST-107540,2025-03-03,2025-03-03,811,R1,False,CREDIT_BUREAU
CUST-100306,2025-03-03,2025-03-03,805,R1,False,CREDIT_BUREAU
CUST-106802,2025-03-03,2025-03-03,811,R1,False,CREDIT_BUREAU
CUST-106988,2025-03-03,2025-03-03,695,R4,False,CREDIT_BUREAU
CUST-107809,2025-03-03,2025-03-03,755,R2,False,CREDIT_BUREAU
CUST-100553,2025-03-03,2025-03-03,823,R1,False,CREDIT_BUREAU
CUST-100092,2025-03-03,2025-03-03,721,R3,False,CREDIT_BUREAU
CUST-101190,2025-03-03,2025-03-03,596,R6,False,CREDIT_BUREAU
CUST-102853,2025-03-03,2025-03-03,448,R7,False,CREDIT_BUREAU
CUST-107824,2025-03-03,2025-03-03,760,R2,False,CREDIT_BUREAU
CUST-107103,2025-03-03,2025-03-03,623,R5,False,CREDIT_BUREAU
CUST-100465,2025-03-03,2025-03-03,742,R2,False,CREDIT_BUREAU
CUST-100674,2025-03-03,2025-03-03,668,R4,False,CREDIT_BUREAU
CUST-102042,2025-03-03,2025-03-03,701,R3,False,CREDIT_BUREAU
CUST-103813,2025-03-03,2025-03-03,643,R5,False,CREDIT_BUREAU
CUST-106871,2025-03-03,2025-03-03,802,R1,False,CREDIT_BUREAU
CUST-101747,2025-03-03,2025-03-03,665,R4,False,CREDIT_BUREAU
CUST-105296,2025-03-03,2025-03-03,723,R3,False,CREDIT_BUREAU
CUST-100990,2025-03-03,2025-03-03,732,R3,False,CREDIT_BUREAU
CUST-102897,2025-03-03,2025-03-03,836,R1,False,CREDIT_BUREAU
CUST-101496,2025-03-03,2025-03-03,822,R1,False,CREDIT_BUREAU
CUST-100410,2025-03-03,2025-03-03,727,R3,False,CREDIT_BUREAU
CUST-105604,2025-03-03,2025-03-03,666,R4,False,CREDIT_BUREAU
CUST-105186,2025-03-03,2025-03-03,709,R3,False,CREDIT_BUREAU
CUST-102610,2025-03-03,2025-03-03,749,R2,False,CREDIT_BUREAU
CUST-103016,2025-03-03,2025-03-03,687,R4,False,CREDIT_BUREAU
CUST-102567,2025-03-03,2025-03-03,620,R5,False,CREDIT_BUREAU
CUST-100003,2025-03-03,2025-03-03,729,R3,False,CREDIT_BUREAU
CUST-105489,2025-03-03,2025-03-03,639,R5,False,CREDIT_BUREAU
CUST-105522,2025-03-03,2025-03-03,723,R3,False,CREDIT_BUREAU
CUST-106635,2025-03-03,2025-03-03,440,R7,False,CREDIT_BUREAU
CUST-101879,2025-03-03,2025-03-03,705,R3,False,CREDIT_BUREAU
CUST-102372,2025-03-03,2025-03-03,816,R1,False,CREDIT_BUREAU
CUST-103307,2025-03-03,2025-03-03,715,R3,False,CREDIT_BUREAU
CUST-104008,2025-03-03,2025-03-03,676,R4,False,CREDIT_BUREAU
CUST-107192,2025-03-03,2025-03-03,747,R2,False,CREDIT_BUREAU
CUST-107999,2025-03-03,2025-03-03,639,R5,False,CREDIT_BUREAU
CUST-103183,2025-03-03,2025-03-03,605,R6,False,CREDIT_BUREAU
CUST-102317,2025-03-03,2025-03-03,628,R5,False,CREDIT_BUREAU
CUST-103680,2025-03-03,2025-03-03,698,R4,False,CREDIT_BUREAU
CUST-101194,2025-03-03,2025-03-03,702,R3,False,CREDIT_BUREAU
CUST-103406,2025-03-03,2025-03-03,673,R4,False,CREDIT_BUREAU
CUST-106229,2025-03-03,2025-03-03,642,R5,False,CREDIT_BUREAU
CUST-107194,2025-03-03,2025-03-03,707,R3,False,CREDIT_BUREAU
CUST-105463,2025-03-03,2025-03-03,764,R2,False,CREDIT_BUREAU
CUST-106753,2025-03-03,2025-03-03,434,R7,False,CREDIT_BUREAU
CUST-100309,2025-03-03,2025-03-03,787,R1,False,CREDIT_BUREAU
CUST-102332,2025-03-03,2025-03-03,733,R3,False,CREDIT_BUREAU
CUST-101767,2025-03-03,2025-03-03,584,R6,False,CREDIT_BUREAU
CUST-103276,2025-03-03,2025-03-03,639,R5,False,CREDIT_BUREAU
CUST-107534,2025-03-03,2025-03-03,647,R5,False,CREDIT_BUREAU
CUST-101651,2025-03-03,2025-03-03,684,R4,False,CREDIT_BUREAU
CUST-102629,2025-03-03,2025-03-03,728,R3,False,CREDIT_BUREAU
CUST-104361,2025-03-03,2025-03-03,626,R5,False,CREDIT_BUREAU
CUST-107584,2025-03-03,2025-03-03,672,R4,False,CREDIT_BUREAU
CUST-105962,2025-03-03,2025-03-03,732,R3,False,CREDIT_BUREAU
CUST-104869,2025-03-03,2025-03-03,623,R5,False,CREDIT_BUREAU
CUST-104840,2025-03-03,2025-03-03,713,R3,False,CREDIT_BUREAU
CUST-103536,2025-03-03,2025-03-03,695,R4,False,CREDIT_BUREAU
CUST-106559,2025-03-03,2025-03-03,711,R3,False,CREDIT_BUREAU
CUST-106159,2025-03-03,2025-03-03,807,R1,False,CREDIT_BUREAU
CUST-101110,2025-03-03,2025-03-03,613,R6,False,CREDIT_BUREAU
CUST-107439,2025-03-03,2025-03-03,823,R1,False,CREDIT_BUREAU
CUST-103597,2025-03-03,2025-03-03,686,R4,False,CREDIT_BUREAU
CUST-102760,2025-03-03,2025-03-03,808,R1,False,CREDIT_BUREAU
CUST-107507,2025-03-03,2025-03-03,807,R1,False,CREDIT_BUREAU
CUST-102885,2025-03-03,2025-03-03,734,R3,False,CREDIT_BUREAU
CUST-101015,2025-03-03,2025-03-03,784,R1,False,CREDIT_BUREAU
CUST-104213,2025-03-03,2025-03-03,682,R4,False,CREDIT_BUREAU
CUST-102051,2025-03-03,2025-03-03,642,R5,False,CREDIT_BUREAU
CUST-106224,2025-03-03,2025-03-03,674,R4,False,CREDIT_BUREAU
CUST-102660,2025-03-03,2025-03-03,823,R1,False,CREDIT_BUREAU
CUST-107951,2025-03-03,2025-03-03,818,R1,False,CREDIT_BUREAU
CUST-100550,2025-03-03,2025-03-03,644,R5,False,CREDIT_BUREAU
CUST-101678,2025-03-03,2025-03-03,705,R3,False,CREDIT_BUREAU
CUST-107517,2025-03-03,2025-03-03,737,R3,False,CREDIT_BUREAU
CUST-106382,2025-03-03,2025-03-03,644,R5,False,CREDIT_BUREAU
CUST-101650,2025-03-03,2025-03-03,760,R2,False,CREDIT_BUREAU
CUST-103942,2025-03-03,2025-03-03,722,R3,False,CREDIT_BUREAU
CUST-100281,2025-03-03,2025-03-03,726,R3,False,CREDIT_BUREAU
CUST-103949,2025-03-03,2025-03-03,754,R2,False,CREDIT_BUREAU
CUST-100500,2025-03-03,2025-03-03,602,R6,False,CREDIT_BUREAU
CUST-102128,2025-03-03,2025-03-03,694,R4,False,CREDIT_BUREAU
CUST-102900,2025-03-03,2025-03-03,724,R3,False,CREDIT_BUREAU
CUST-101934,2025-03-03,2025-03-03,773,R2,False,CREDIT_BUREAU
CUST-103057,2025-03-03,2025-03-03,746,R2,False,CREDIT_BUREAU
CUST-100217,2025-03-03,2025-03-03,727,R3,False,CREDIT_BUREAU
CUST-102154,2025-03-03,2025-03-03,751,R2,False,CREDIT_BUREAU
CUST-106261,2025-03-03,2025-03-03,746,R2,False,CREDIT_BUREAU
CUST-100769,2025-03-03,2025-03-03,723,R3,False,CREDIT_BUREAU
CUST-103300,2025-03-03,2025-03-03,812,R1,False,CREDIT_BUREAU
CUST-106215,2025-03-03,2025-03-03,781,R1,False,CREDIT_BUREAU
CUST-104818,2025-03-03,2025-03-03,592,R6,False,CREDIT_BUREAU
CUST-104495,2025-03-03,2025-03-03,846,R1,False,CREDIT_BUREAU
CUST-100813,2025-03-03,2025-03-03,634,R5,False,CREDIT_BUREAU
CUST-101715,2025-03-03,2025-03-03,701,R3,False,CREDIT_BUREAU
CUST-102376,2025-03-03,2025-03-03,822,R1,False,CREDIT_BUREAU
CUST-100974,2025-03-03,2025-03-03,707,R3,False,CREDIT_BUREAU
CUST-101953,2025-03-03,2025-03-03,742,R2,False,CREDIT_BUREAU
CUST-102211,2025-03-03,2025-03-03,728,R3,False,CREDIT_BUREAU
CUST-106033,2025-03-03,2025-03-03,719,R3,False,CREDIT_BUREAU
CUST-103559,2025-03-03,2025-03-03,645,R5,False,CREDIT_BUREAU
CUST-101158,2025-03-03,2025-03-03,444,R7,False,CREDIT_BUREAU
CUST-101187,2025-03-03,2025-03-03,684,R4,False,CREDIT_BUREAU
CUST-106932,2025-03-03,2025-03-03,709,R3,False,CREDIT_BUREAU
CUST-103943,2025-03-03,2025-03-03,764,R2,False,CREDIT_BUREAU
CUST-105449,2025-03-03,2025-03-03,759,R2,False,CREDIT_BUREAU
CUST-103229,2025-03-03,2025-03-03,637,R5,False,CREDIT_BUREAU
CUST-106134,2025-03-03,2025-03-03,629,R5,False,CREDIT_BUREAU
CUST-103629,2025-03-03,2025-03-03,704,R3,False,CREDIT_BUREAU
CUST-100285,2025-03-03,2025-03-03,692,R4,False,CREDIT_BUREAU
CUST-101339,2025-03-03,2025-03-03,723,R3,False,CREDIT_BUREAU
CUST-101477,2025-03-03,2025-03-03,675,R4,False,CREDIT_BUREAU
CUST-106169,2025-03-03,2025-03-03,764,R2,False,CREDIT_BUREAU
CUST-102303,2025-03-03,2025-03-03,632,R5,False,CREDIT_BUREAU
CUST-104042,2025-03-03,2025-03-03,747,R2,False,CREDIT_BUREAU
CUST-102270,2025-03-03,2025-03-03,690,R4,False,CREDIT_BUREAU
CUST-107807,2025-03-03,2025-03-03,767,R2,False,CREDIT_BUREAU
CUST-103022,2025-03-03,2025-03-03,824,R1,False,CREDIT_BUREAU
CUST-107488,2025-03-03,2025-03-03,631,R5,False,CREDIT_BUREAU
CUST-102659,2025-03-03,2025-03-03,714,R3,False,CREDIT_BUREAU
CUST-106570,2025-03-03,2025-03-03,745,R2,False,CREDIT_BUREAU
CUST-106237,2025-03-03,2025-03-03,610,R6,False,CREDIT_BUREAU
CUST-106636,2025-03-03,2025-03-03,754,R2,False,CREDIT_BUREAU
CUST-101970,2025-03-03,2025-03-03,762,R2,False,CREDIT_BUREAU
CUST-102540,2025-03-03,2025-03-03,688,R4,False,CREDIT_BUREAU
CUST-100063,2025-03-03,2025-03-03,435,R7,False,CREDIT_BUREAU
CUST-100713,2025-03-03,2025-03-03,604,R6,False,CREDIT_BUREAU
CUST-104850,2025-03-03,2025-03-03,763,R2,False,CREDIT_BUREAU
CUST-100263,2025-03-03,2025-03-03,716,R3,False,CREDIT_BUREAU
CUST-101712,2025-03-03,2025-03-03,625,R5,False,CREDIT_BUREAU
CUST-100863,2025-03-03,2025-03-03,715,R3,False,CREDIT_BUREAU
CUST-107744,2025-03-03,2025-03-03,629,R5,False,CREDIT_BUREAU
CUST-105905,2025-03-03,2025-03-03,607,R6,False,CREDIT_BUREAU
CUST-103533,2025-03-03,2025-03-03,579,R7,False,CREDIT_BUREAU
CUST-104631,2025-03-03,2025-03-03,607,R6,False,CREDIT_BUREAU
CUST-100528,2025-03-03,2025-03-03,712,R3,False,CREDIT_BUREAU
CUST-104834,2025-03-03,2025-03-03,644,R5,False,CREDIT_BUREAU
CUST-101738,2025-03-03,2025-03-03,725,R3,False,CREDIT_BUREAU
CUST-104424,2025-03-03,2025-03-03,736,R3,False,CREDIT_BUREAU
CUST-101640,2025-03-03,2025-03-03,678,R4,False,CREDIT_BUREAU
CUST-100652,2025-03-03,2025-03-03,644,R5,False,CREDIT_BUREAU
CUST-107045,2025-03-03,2025-03-03,650,R5,False,CREDIT_BUREAU
CUST-104295,2025-03-03,2025-03-03,713,R3,False,CREDIT_BUREAU
CUST-100393,2025-03-03,2025-03-03,765,R2,False,CREDIT_BUREAU
CUST-100103,2025-03-03,2025-03-03,697,R4,False,CREDIT_BUREAU
CUST-101892,2025-03-03,2025-03-03,798,R1,False,CREDIT_BUREAU
CUST-104599,2025-03-03,2025-03-03,724,R3,False,CREDIT_BUREAU
CUST-102674,2025-03-03,2025-03-03,682,R4,False,CREDIT_BUREAU
CUST-105884,2025-03-03,2025-03-03,720,R3,False,CREDIT_BUREAU
CUST-103575,2025-03-03,2025-03-03,702,R3,False,CREDIT_BUREAU
CUST-100391,2025-03-03,2025-03-03,701,R3,False,CREDIT_BUREAU
CUST-106194,2025-03-03,2025-03-03,662,R4,False,CREDIT_BUREAU
CUST-106015,2025-03-03,2025-03-03,601,R6,False,CREDIT_BUREAU
CUST-102164,2025-03-03,2025-03-03,697,R4,False,CREDIT_BUREAU
CUST-100595,2025-03-03,2025-03-03,805,R1,False,CREDIT_BUREAU
CUST-107440,2025-03-03,2025-03-03,601,R6,False,CREDIT_BUREAU
CUST-107374,2025-03-03,2025-03-03,632,R5,False,CREDIT_BUREAU
CUST-103639,2025-03-03,2025-03-03,638,R5,False,CREDIT_BUREAU
CUST-103047,2025-03-03,2025-03-03,810,R1,False,CREDIT_BUREAU
CUST-105645,2025-03-03,2025-03-03,768,R2,False,CREDIT_BUREAU
CUST-106578,2025-03-03,2025-03-03,604,R6,False,CREDIT_BUREAU
CUST-100768,2025-03-03,2025-03-03,614,R6,False,CREDIT_BUREAU
CUST-107660,2025-03-03,2025-03-03,753,R2,False,CREDIT_BUREAU
CUST-106904,2025-03-03,2025-03-03,680,R4,False,CREDIT_BUREAU
CUST-104751,2025-03-03,2025-03-03,718,R3,False,CREDIT_BUREAU
CUST-107998,2025-03-03,2025-03-03,729,R3,False,CREDIT_BUREAU
CUST-106722,2025-03-03,2025-03-03,716,R3,False,CREDIT_BUREAU
CUST-103683,2025-03-03,2025-03-03,672,R4,False,CREDIT_BUREAU
CUST-101576,2025-03-03,2025-03-03,636,R5,False,CREDIT_BUREAU
CUST-100781,2025-03-03,2025-03-03,682,R4,False,CREDIT_BUREAU
CUST-101382,2025-03-03,2025-03-03,817,R1,False,CREDIT_BUREAU
CUST-103155,2025-03-03,2025-03-03,763,R2,False,CREDIT_BUREAU
CUST-107457,2025-03-03,2025-03-03,670,R4,False,CREDIT_BUREAU
CUST-103308,2025-03-03,2025-03-03,699,R4,False,CREDIT_BUREAU
CUST-100248,2025-03-03,2025-03-03,830,R1,False,CREDIT_BUREAU
CUST-102744,2025-03-03,2025-03-03,656,R5,False,CREDIT_BUREAU
CUST-101390,2025-03-03,2025-03-03,683,R4,False,CREDIT_BUREAU
CUST-106472,2025-03-03,2025-03-03,616,R6,False,CREDIT_BUREAU
CUST-107397,2025-03-03,2025-03-03,638,R5,False,CREDIT_BUREAU
CUST-103778,2025-03-03,2025-03-03,746,R2,False,CREDIT_BUREAU
CUST-106345,2025-03-03,2025-03-03,720,R3,False,CREDIT_BUREAU
CUST-103557,2025-03-03,2025-03-03,802,R1,False,CREDIT_BUREAU
CUST-107221,2025-03-03,2025-03-03,819,R1,False,CREDIT_BUREAU
CUST-104319,2025-03-03,2025-03-03,761,R2,False,CREDIT_BUREAU
CUST-106476,2025-03-03,2025-03-03,602,R6,False,CREDIT_BUREAU
CUST-103442,2025-03-03,2025-03-03,705,R3,False,CREDIT_BUREAU
CUST-107211,2025-03-03,2025-03-03,756,R2,False,CREDIT_BUREAU
CUST-101695,2025-03-03,2025-03-03,605,R6,False,CREDIT_BUREAU
CUST-102545,2025-03-03,2025-03-03,443,R7,False,CREDIT_BUREAU
CUST-103523,2025-03-03,2025-03-03,777,R2,False,CREDIT_BUREAU
CUST-103801,2025-03-03,2025-03-03,696,R4,False,CREDIT_BUREAU
CUST-104833,2025-03-03,2025-03-03,739,R3,False,CREDIT_BUREAU
CUST-105172,2025-03-03,2025-03-03,754,R2,False,CREDIT_BUREAU
CUST-104993,2025-03-03,2025-03-03,725,R3,False,CREDIT_BUREAU
CUST-106461,2025-03-03,2025-03-03,596,R6,False,CREDIT_BUREAU
CUST-102581,2025-03-03,2025-03-03,738,R3,False,CREDIT_BUREAU
CUST-105682,2025-03-03,2025-03-03,444,R7,False,CREDIT_BUREAU
CUST-101473,2025-03-03,2025-03-03,650,R5,False,CREDIT_BUREAU
CUST-106391,2025-03-03,2025-03-03,654,R5,False,CREDIT_BUREAU
CUST-102801,2025-03-03,2025-03-03,731,R3,False,CREDIT_BUREAU
CUST-106359,2025-03-03,2025-03-03,713,R3,False,CREDIT_BUREAU
CUST-102276,2025-03-03,2025-03-03,682,R4,False,CREDIT_BUREAU
CUST-107396,2025-03-03,2025-03-03,586,R6,False,CREDIT_BUREAU
CUST-105602,2025-03-03,2025-03-03,694,R4,False,CREDIT_BUREAU
CUST-102577,2025-03-03,2025-03-03,697,R4,False,CREDIT_BUREAU
CUST-104758,2025-03-03,2025-03-03,691,R4,False,CREDIT_BUREAU
CUST-107014,2025-03-03,2025-03-03,631,R5,False,CREDIT_BUREAU
CUST-107391,2025-03-03,2025-03-03,716,R3,False,CREDIT_BUREAU
CUST-101022,2025-03-03,2025-03-03,437,R7,False,CREDIT_BUREAU
CUST-103318,2025-03-03,2025-03-03,682,R4,False,CREDIT_BUREAU
CUST-105736,2025-03-03,2025-03-03,629,R5,False,CREDIT_BUREAU
CUST-103301,2025-03-03,2025-03-03,719,R3,False,CREDIT_BUREAU
CUST-105982,2025-03-03,2025-03-03,718,R3,False,CREDIT_BUREAU
CUST-104720,2025-03-03,2025-03-03,716,R3,False,CREDIT_BUREAU
CUST-105554,2025-03-03,2025-03-03,643,R5,False,CREDIT_BUREAU
CUST-101513,2025-03-03,2025-03-03,629,R5,False,CREDIT_BUREAU
CUST-107630,2025-03-03,2025-03-03,661,R4,False,CREDIT_BUREAU
CUST-100194,2025-03-03,2025-03-03,576,R7,False,CREDIT_BUREAU
CUST-103991,2025-03-03,2025-03-03,765,R2,False,CREDIT_BUREAU
CUST-105742,2025-03-03,2025-03-03,445,R7,False,CREDIT_BUREAU
CUST-107141,2025-03-03,2025-03-03,653,R5,False,CREDIT_BUREAU
CUST-100124,2025-03-03,2025-03-03,719,R3,False,CREDIT_BUREAU
CUST-107223,2025-03-03,2025-03-03,673,R4,False,CREDIT_BUREAU
CUST-102280,2025-03-03,2025-03-03,713,R3,False,CREDIT_BUREAU
CUST-104807,2025-03-03,2025-03-03,673,R4,False,CREDIT_BUREAU
CUST-104406,2025-03-03,2025-03-03,710,R3,False,CREDIT_BUREAU
CUST-106634,2025-03-03,2025-03-03,777,R2,False,CREDIT_BUREAU
CUST-105233,2025-03-03,2025-03-03,436,R7,False,CREDIT_BUREAU
CUST-103772,2025-03-03,2025-03-03,586,R6,False,CREDIT_BUREAU
CUST-107955,2025-03-03,2025-03-03,812,R1,False,CREDIT_BUREAU
CUST-103999,2025-03-03,2025-03-03,706,R3,False,CREDIT_BUREAU
CUST-101824,2025-03-03,2025-03-03,712,R3,False,CREDIT_BUREAU
CUST-101694,2025-03-03,2025-03-03,811,R1,False,CREDIT_BUREAU
CUST-102670,2025-03-03,2025-03-03,629,R5,False,CREDIT_BUREAU
CUST-103940,2025-03-03,2025-03-03,662,R4,False,CREDIT_BUREAU
CUST-100780,2025-03-03,2025-03-03,685,R4,False,CREDIT_BUREAU
CUST-101018,2025-03-03,2025-03-03,428,R7,False,CREDIT_BUREAU
CUST-107906,2025-03-03,2025-03-03,731,R3,False,CREDIT_BUREAU
CUST-103352,2025-03-03,2025-03-03,758,R2,False,CREDIT_BUREAU
CUST-106293,2025-03-03,2025-03-03,763,R2,False,CREDIT_BUREAU
CUST-107106,2025-03-03,2025-03-03,769,R2,False,CREDIT_BUREAU
CUST-104953,2025-03-03,2025-03-03,727,R3,False,CREDIT_BUREAU
CUST-101578,2025-03-03,2025-03-03,766,R2,False,CREDIT_BUREAU
CUST-103052,2025-03-03,2025-03-03,841,R1,False,CREDIT_BUREAU
CUST-106576,2025-03-03,2025-03-03,755,R2,False,CREDIT_BUREAU
CUST-100846,2025-03-03,2025-03-03,743,R2,False,CREDIT_BUREAU
CUST-106003,2025-03-03,2025-03-03,704,R3,False,CREDIT_BUREAU
CUST-102147,2025-03-03,2025-03-03,824,R1,False,CREDIT_BUREAU
CUST-104335,2025-03-03,2025-03-03,456,R7,False,CREDIT_BUREAU
CUST-102738,2025-03-03,2025-03-03,802,R1,False,CREDIT_BUREAU
CUST-103656,2025-03-03,2025-03-03,736,R3,False,CREDIT_BUREAU
CUST-102349,2025-03-03,2025-03-03,638,R5,False,CREDIT_BUREAU
CUST-104764,2025-03-03,2025-03-03,700,R3,False,CREDIT_BUREAU
CUST-103192,2025-03-03,2025-03-03,619,R6,False,CREDIT_BUREAU
CUST-100946,2025-03-03,2025-03-03,644,R5,False,CREDIT_BUREAU
CUST-102817,2025-03-03,2025-03-03,659,R5,False,CREDIT_BUREAU
CUST-107783,2025-03-03,2025-03-03,667,R4,False,CREDIT_BUREAU
CUST-104370,2025-03-03,2025-03-03,673,R4,False,CREDIT_BUREAU
CUST-100546,2025-03-03,2025-03-03,828,R1,False,CREDIT_BUREAU
CUST-107467,2025-03-03,2025-03-03,658,R5,False,CREDIT_BUREAU
CUST-102476,2025-03-03,2025-03-03,684,R4,False,CREDIT_BUREAU
CUST-107884,2025-03-03,2025-03-03,730,R3,False,CREDIT_BUREAU
CUST-106312,2025-03-03,2025-03-03,771,R2,False,CREDIT_BUREAU
CUST-103665,2025-03-03,2025-03-03,597,R6,False,CREDIT_BUREAU
CUST-101610,2025-03-03,2025-03-03,709,R3,False,CREDIT_BUREAU
CUST-105209,2025-03-03,2025-03-03,797,R1,False,CREDIT_BUREAU
CUST-106310,2025-03-03,2025-03-03,697,R4,False,CREDIT_BUREAU
CUST-101672,2025-03-03,2025-03-03,821,R1,False,CREDIT_BUREAU
CUST-106869,2025-03-03,2025-03-03,767,R2,False,CREDIT_BUREAU
CUST-102238,2025-03-03,2025-03-03,812,R1,False,CREDIT_BUREAU
CUST-101886,2025-03-03,2025-03-03,645,R5,False,CREDIT_BUREAU
CUST-102682,2025-03-03,2025-03-03,713,R3,False,CREDIT_BUREAU
CUST-104942,2025-03-03,2025-03-03,603,R6,False,CREDIT_BUREAU
CUST-101296,2025-03-03,2025-03-03,773,R2,False,CREDIT_BUREAU
CUST-102764,2025-03-03,2025-03-03,722,R3,False,CREDIT_BUREAU
CUST-100825,2025-03-03,2025-03-03,629,R5,False,CREDIT_BUREAU
CUST-107544,2025-03-03,2025-03-03,675,R4,False,CREDIT_BUREAU
CUST-101028,2025-03-03,2025-03-03,746,R2,False,CREDIT_BUREAU
CUST-101788,2025-03-03,2025-03-03,631,R5,False,CREDIT_BUREAU
CUST-104449,2025-03-03,2025-03-03,766,R2,False,CREDIT_BUREAU
CUST-103387,2025-03-03,2025-03-03,712,R3,False,CREDIT_BUREAU
CUST-106250,2025-03-03,2025-03-03,769,R2,False,CREDIT_BUREAU
CUST-100681,2025-03-03,2025-03-03,721,R3,False,CREDIT_BUREAU
CUST-103344,2025-03-03,2025-03-03,607,R6,False,CREDIT_BUREAU
CUST-104207,2025-03-03,2025-03-03,629,R5,False,CREDIT_BUREAU
CUST-102822,2025-03-03,2025-03-03,672,R4,False,CREDIT_BUREAU
CUST-100278,2025-03-03,2025-03-03,678,R4,False,CREDIT_BUREAU
CUST-101589,2025-03-03,2025-03-03,817,R1,False,CREDIT_BUREAU
CUST-103213,2025-03-03,2025-03-03,448,R7,False,CREDIT_BUREAU
CUST-105012,2025-03-03,2025-03-03,650,R5,False,CREDIT_BUREAU
CUST-105826,2025-03-03,2025-03-03,667,R4,False,CREDIT_BUREAU
CUST-106616,2025-03-03,2025-03-03,712,R3,False,CREDIT_BUREAU
CUST-104502,2025-03-03,2025-03-03,698,R4,False,CREDIT_BUREAU
CUST-105204,2025-03-03,2025-03-03,823,R1,False,CREDIT_BUREAU
CUST-106750,2025-03-03,2025-03-03,589,R6,False,CREDIT_BUREAU
CUST-101481,2025-03-03,2025-03-03,755,R2,False,CREDIT_BUREAU
CUST-106253,2025-03-03,2025-03-03,705,R3,False,CREDIT_BUREAU
CUST-107224,2025-03-03,2025-03-03,600,R6,False,CREDIT_BUREAU
CUST-101298,2025-03-03,2025-03-03,825,R1,False,CREDIT_BUREAU
CUST-106343,2025-03-03,2025-03-03,719,R3,False,CREDIT_BUREAU
CUST-103806,2025-03-03,2025-03-03,824,R1,False,CREDIT_BUREAU
CUST-104644,2025-03-03,2025-03-03,642,R5,False,CREDIT_BUREAU
CUST-101584,2025-03-03,2025-03-03,806,R1,False,CREDIT_BUREAU
CUST-104134,2025-03-03,2025-03-03,651,R5,False,CREDIT_BUREAU
CUST-102368,2025-03-03,2025-03-03,720,R3,False,CREDIT_BUREAU
CUST-100925,2025-03-03,2025-03-03,765,R2,False,CREDIT_BUREAU
CUST-101987,2025-03-03,2025-03-03,670,R4,False,CREDIT_BUREAU
CUST-107814,2025-03-03,2025-03-03,636,R5,False,CREDIT_BUREAU
CUST-101104,2025-03-03,2025-03-03,691,R4,False,CREDIT_BUREAU
CUST-102603,2025-03-03,2025-03-03,666,R4,False,CREDIT_BUREAU
CUST-105873,2025-03-03,2025-03-03,747,R2,False,CREDIT_BUREAU
CUST-103037,2025-03-03,2025-03-03,635,R5,False,CREDIT_BUREAU
CUST-100054,2025-03-03,2025-03-03,749,R2,False,CREDIT_BUREAU
CUST-100645,2025-03-03,2025-03-03,700,R3,False,CREDIT_BUREAU
CUST-100764,2025-03-03,2025-03-03,762,R2,False,CREDIT_BUREAU
CUST-105613,2025-03-03,2025-03-03,694,R4,False,CREDIT_BUREAU
CUST-105863,2025-03-03,2025-03-03,756,R2,False,CREDIT_BUREAU
CUST-103573,2025-03-03,2025-03-03,763,R2,False,CREDIT_BUREAU
CUST-101337,2025-03-03,2025-03-03,814,R1,False,CREDIT_BUREAU
CUST-105146,2025-03-03,2025-03-03,737,R3,False,CREDIT_BUREAU
CUST-100816,2025-03-03,2025-03-03,718,R3,False,CREDIT_BUREAU
CUST-107075,2025-03-03,2025-03-03,634,R5,False,CREDIT_BUREAU
CUST-101510,2025-03-03,2025-03-03,643,R5,False,CREDIT_BUREAU
CUST-105779,2025-03-03,2025-03-03,663,R4,False,CREDIT_BUREAU
CUST-104177,2025-03-03,2025-03-03,598,R6,False,CREDIT_BUREAU
CUST-107723,2025-03-03,2025-03-03,629,R5,False,CREDIT_BUREAU
CUST-107113,2025-03-03,2025-03-03,608,R6,False,CREDIT_BUREAU
CUST-100163,2025-03-03,2025-03-03,772,R2,False,CREDIT_BUREAU
CUST-102973,2025-03-03,2025-03-03,750,R2,False,CREDIT_BUREAU
CUST-102110,2025-03-03,2025-03-03,616,R6,False,CREDIT_BUREAU
CUST-102718,2025-03-03,2025-03-03,776,R2,False,CREDIT_BUREAU
CUST-106163,2025-03-03,2025-03-03,767,R2,False,CREDIT_BUREAU
CUST-104667,2025-03-03,2025-03-03,443,R7,False,CREDIT_BUREAU
CUST-106979,2025-03-03,2025-03-03,590,R6,False,CREDIT_BUREAU
CUST-101562,2025-03-03,2025-03-03,690,R4,False,CREDIT_BUREAU
CUST-107005,2025-03-03,2025-03-03,668,R4,False,CREDIT_BUREAU
CUST-102061,2025-03-03,2025-03-03,762,R2,False,CREDIT_BUREAU
CUST-100297,2025-03-03,2025-03-03,616,R6,False,CREDIT_BUREAU
CUST-102821,2025-03-03,2025-03-03,691,R4,False,CREDIT_BUREAU
CUST-107650,2025-03-03,2025-03-03,716,R3,False,CREDIT_BUREAU
CUST-105387,2025-03-03,2025-03-03,649,R5,False,CREDIT_BUREAU
CUST-106652,2025-03-03,2025-03-03,761,R2,False,CREDIT_BUREAU
CUST-105580,2025-03-03,2025-03-03,723,R3,False,CREDIT_BUREAU
CUST-100861,2025-03-03,2025-03-03,713,R3,False,CREDIT_BUREAU
CUST-101590,2025-03-03,2025-03-03,712,R3,False,CREDIT_BUREAU
CUST-102117,2025-03-03,2025-03-03,642,R5,False,CREDIT_BUREAU
CUST-107786,2025-03-03,2025-03-03,692,R4,False,CREDIT_BUREAU
CUST-100379,2025-03-03,2025-03-03,638,R5,False,CREDIT_BUREAU
CUST-106046,2025-03-03,2025-03-03,712,R3,False,CREDIT_BUREAU
CUST-104799,2025-03-03,2025-03-03,715,R3,False,CREDIT_BUREAU
CUST-100057,2025-03-03,2025-03-03,658,R5,False,CREDIT_BUREAU
CUST-105439,2025-03-03,2025-03-03,584,R6,False,CREDIT_BUREAU
CUST-103791,2025-03-03,2025-03-03,714,R3,False,CREDIT_BUREAU
CUST-107669,2025-03-03,2025-03-03,764,R2,False,CREDIT_BUREAU
CUST-102893,2025-03-03,2025-03-03,756,R2,False,CREDIT_BUREAU
CUST-104769,2025-03-03,2025-03-03,453,R7,False,CREDIT_BUREAU
CUST-101573,2025-03-03,2025-03-03,718,R3,False,CREDIT_BUREAU
CUST-104439,2025-03-03,2025-03-03,723,R3,False,CREDIT_BUREAU
CUST-105078,2025-03-03,2025-03-03,713,R3,False,CREDIT_BUREAU
CUST-107032,2025-03-03,2025-03-03,761,R2,False,CREDIT_BUREAU
CUST-102995,2025-03-03,2025-03-03,646,R5,False,CREDIT_BUREAU
CUST-100961,2025-03-03,2025-03-03,791,R1,False,CREDIT_BUREAU
CUST-106601,2025-03-03,2025-03-03,705,R3,False,CREDIT_BUREAU
CUST-106161,2025-03-03,2025-03-03,763,R2,False,CREDIT_BUREAU
CUST-107442,2025-03-03,2025-03-03,446,R7,False,CREDIT_BUREAU
CUST-100026,2025-03-03,2025-03-03,628,R5,False,CREDIT_BUREAU
CUST-101956,2025-03-03,2025-03-03,607,R6,False,CREDIT_BUREAU
CUST-106549,2025-03-03,2025-03-03,664,R4,False,CREDIT_BUREAU
CUST-107354,2025-03-03,2025-03-03,641,R5,False,CREDIT_BUREAU
CUST-106444,2025-03-03,2025-03-03,612,R6,False,CREDIT_BUREAU
CUST-106043,2025-03-03,2025-03-03,682,R4,False,CREDIT_BUREAU
CUST-104264,2025-03-03,2025-03-03,602,R6,False,CREDIT_BUREAU
CUST-107120,2025-03-03,2025-03-03,730,R3,False,CREDIT_BUREAU
CUST-106814,2025-03-03,2025-03-03,801,R1,False,CREDIT_BUREAU
CUST-105257,2025-03-03,2025-03-03,731,R3,False,CREDIT_BUREAU
CUST-107550,2025-03-03,2025-03-03,679,R4,False,CREDIT_BUREAU
CUST-106654,2025-03-03,2025-03-03,752,R2,False,CREDIT_BUREAU
CUST-107310,2025-03-03,2025-03-03,686,R4,False,CREDIT_BUREAU
CUST-105545,2025-03-03,2025-03-03,693,R4,False,CREDIT_BUREAU
CUST-105934,2025-03-03,2025-03-03,726,R3,False,CREDIT_BUREAU
CUST-107872,2025-03-03,2025-03-03,647,R5,False,CREDIT_BUREAU
CUST-100798,2025-03-03,2025-03-03,753,R2,False,CREDIT_BUREAU
CUST-100909,2025-03-03,2025-03-03,728,R3,False,CREDIT_BUREAU
CUST-101129,2025-03-03,2025-03-03,598,R6,False,CREDIT_BUREAU
CUST-105010,2025-03-03,2025-03-03,645,R5,False,CREDIT_BUREAU
CUST-100952,2025-03-03,2025-03-03,804,R1,False,CREDIT_BUREAU
CUST-106986,2025-03-03,2025-03-03,674,R4,False,CREDIT_BUREAU
CUST-101341,2025-03-03,2025-03-03,759,R2,False,CREDIT_BUREAU
CUST-104755,2025-03-03,2025-03-03,723,R3,False,CREDIT_BUREAU
CUST-107276,2025-03-03,2025-03-03,825,R1,False,CREDIT_BUREAU
CUST-107297,2025-03-03,2025-03-03,732,R3,False,CREDIT_BUREAU
CUST-105038,2025-03-03,2025-03-03,773,R2,False,CREDIT_BUREAU
CUST-101501,2025-03-03,2025-03-03,721,R3,False,CREDIT_BUREAU
CUST-101630,2025-03-03,2025-03-03,695,R4,False,CREDIT_BUREAU
CUST-102181,2025-03-03,2025-03-03,783,R1,False,CREDIT_BUREAU
CUST-104469,2025-03-03,2025-03-03,818,R1,False,CREDIT_BUREAU
CUST-105308,2025-03-03,2025-03-03,716,R3,False,CREDIT_BUREAU
CUST-101222,2025-03-03,2025-03-03,850,R1,False,CREDIT_BUREAU
CUST-107862,2025-03-03,2025-03-03,763,R2,False,CREDIT_BUREAU
CUST-105840,2025-03-03,2025-03-03,809,R1,False,CREDIT_BUREAU
CUST-103782,2025-03-03,2025-03-03,671,R4,False,CREDIT_BUREAU
CUST-106822,2025-03-03,2025-03-03,718,R3,False,CREDIT_BUREAU
CUST-101283,2025-03-03,2025-03-03,742,R2,False,CREDIT_BUREAU
CUST-105644,2025-03-03,2025-03-03,693,R4,False,CREDIT_BUREAU
CUST-107041,2025-03-03,2025-03-03,680,R4,False,CREDIT_BUREAU
CUST-107556,2025-03-03,2025-03-03,757,R2,False,CREDIT_BUREAU
CUST-100483,2025-03-03,2025-03-03,808,R1,False,CREDIT_BUREAU
CUST-104926,2025-03-03,2025-03-03,734,R3,False,CREDIT_BUREAU
CUST-106709,2025-03-03,2025-03-03,626,R5,False,CREDIT_BUREAU
CUST-103761,2025-03-03,2025-03-03,673,R4,False,CREDIT_BUREAU
CUST-104539,2025-03-03,2025-03-03,684,R4,False,CREDIT_BUREAU
CUST-100895,2025-03-03,2025-03-03,718,R3,False,CREDIT_BUREAU
CUST-102784,2025-03-03,2025-03-03,680,R4,False,CREDIT_BUREAU
CUST-105419,2025-03-03,2025-03-03,821,R1,False,CREDIT_BUREAU
CUST-105856,2025-03-03,2025-03-03,721,R3,False,CREDIT_BUREAU
CUST-101661,2025-03-03,2025-03-03,708,R3,False,CREDIT_BUREAU
CUST-107160,2025-03-03,2025-03-03,674,R4,False,CREDIT_BUREAU
CUST-107379,2025-03-03,2025-03-03,750,R2,False,CREDIT_BUREAU
CUST-105578,2025-03-03,2025-03-03,624,R5,False,CREDIT_BUREAU
CUST-101195,2025-03-03,2025-03-03,696,R4,False,CREDIT_BUREAU
CUST-101026,2025-03-03,2025-03-03,829,R1,False,CREDIT_BUREAU
CUST-103112,2025-03-03,2025-03-03,720,R3,False,CREDIT_BUREAU
CUST-106130,2025-03-03,2025-03-03,809,R1,False,CREDIT_BUREAU
CUST-104838,2025-03-03,2025-03-03,459,R7,False,CREDIT_BUREAU
CUST-106643,2025-03-03,2025-03-03,627,R5,False,CREDIT_BUREAU
CUST-102573,2025-03-03,2025-03-03,711,R3,False,CREDIT_BUREAU
CUST-102651,2025-03-03,2025-03-03,680,R4,False,CREDIT_BUREAU
CUST-104272,2025-03-03,2025-03-03,632,R5,False,CREDIT_BUREAU
CUST-102227,2025-03-03,2025-03-03,636,R5,False,CREDIT_BUREAU
CUST-105428,2025-03-03,2025-03-03,695,R4,False,CREDIT_BUREAU
CUST-101455,2025-03-03,2025-03-03,450,R7,False,CREDIT_BUREAU
CUST-101608,2025-03-03,2025-03-03,602,R6,False,CREDIT_BUREAU
CUST-104133,2025-03-03,2025-03-03,756,R2,False,CREDIT_BUREAU
CUST-103699,2025-03-03,2025-03-03,679,R4,False,CREDIT_BUREAU
CUST-104890,2025-03-03,2025-03-03,711,R3,False,CREDIT_BUREAU
CUST-101902,2025-03-03,2025-03-03,433,R7,False,CREDIT_BUREAU
CUST-105571,2025-03-03,2025-03-03,682,R4,False,CREDIT_BUREAU
CUST-105125,2025-03-03,2025-03-03,708,R3,False,CREDIT_BUREAU
CUST-106233,2025-03-03,2025-03-03,742,R2,False,CREDIT_BUREAU
CUST-107150,2025-03-03,2025-03-03,604,R6,False,CREDIT_BUREAU
CUST-100898,2025-03-03,2025-03-03,626,R5,False,CREDIT_BUREAU
CUST-106007,2025-03-03,2025-03-03,802,R1,False,CREDIT_BUREAU
CUST-102225,2025-03-03,2025-03-03,663,R4,False,CREDIT_BUREAU
CUST-101848,2025-03-03,2025-03-03,776,R2,False,CREDIT_BUREAU
CUST-107803,2025-03-03,2025-03-03,704,R3,False,CREDIT_BUREAU
CUST-103067,2025-03-03,2025-03-03,724,R3,False,CREDIT_BUREAU
CUST-102323,2025-03-03,2025-03-03,625,R5,False,CREDIT_BUREAU
CUST-103743,2025-03-03,2025-03-03,746,R2,False,CREDIT_BUREAU
CUST-102758,2025-03-03,2025-03-03,677,R4,False,CREDIT_BUREAU
CUST-106972,2025-03-03,2025-03-03,832,R1,False,CREDIT_BUREAU
CUST-101922,2025-03-03,2025-03-03,630,R5,False,CREDIT_BUREAU
CUST-104843,2025-03-03,2025-03-03,702,R3,False,CREDIT_BUREAU
CUST-100733,2025-03-03,2025-03-03,766,R2,False,CREDIT_BUREAU
CUST-104787,2025-03-03,2025-03-03,598,R6,False,CREDIT_BUREAU
CUST-104014,2025-03-03,2025-03-03,761,R2,False,CREDIT_BUREAU
CUST-103840,2025-03-03,2025-03-03,652,R5,False,CREDIT_BUREAU
CUST-100757,2025-03-03,2025-03-03,434,R7,False,CREDIT_BUREAU
CUST-106235,2025-03-03,2025-03-03,689,R4,False,CREDIT_BUREAU
CUST-104943,2025-03-03,2025-03-03,567,R7,False,CREDIT_BUREAU
CUST-102143,2025-03-03,2025-03-03,621,R5,False,CREDIT_BUREAU
CUST-103015,2025-03-03,2025-03-03,736,R3,False,CREDIT_BUREAU
CUST-104718,2025-03-03,2025-03-03,663,R4,False,CREDIT_BUREAU
CUST-104154,2025-03-03,2025-03-03,713,R3,False,CREDIT_BUREAU
CUST-104391,2025-03-03,2025-03-03,595,R6,False,CREDIT_BUREAU
CUST-102177,2025-03-03,2025-03-03,709,R3,False,CREDIT_BUREAU
CUST-106705,2025-03-03,2025-03-03,716,R3,False,CREDIT_BUREAU
CUST-100716,2025-03-03,2025-03-03,744,R2,False,CREDIT_BUREAU
CUST-104899,2025-03-03,2025-03-03,607,R6,False,CREDIT_BUREAU
CUST-106257,2025-03-03,2025-03-03,748,R2,False,CREDIT_BUREAU
CUST-105538,2025-03-03,2025-03-03,748,R2,False,CREDIT_BUREAU
CUST-105656,2025-03-03,2025-03-03,648,R5,False,CREDIT_BUREAU
CUST-100580,2025-03-03,2025-03-03,752,R2,False,CREDIT_BUREAU
CUST-105043,2025-03-03,2025-03-03,434,R7,False,CREDIT_BUREAU
CUST-102933,2025-03-03,2025-03-03,690,R4,False,CREDIT_BUREAU
CUST-100661,2025-03-03,2025-03-03,674,R4,False,CREDIT_BUREAU
CUST-106721,2025-03-03,2025-03-03,682,R4,False,CREDIT_BUREAU
CUST-105371,2025-03-03,2025-03-03,723,R3,False,CREDIT_BUREAU
CUST-104429,2025-03-03,2025-03-03,754,R2,False,CREDIT_BUREAU
CUST-106479,2025-03-03,2025-03-03,815,R1,False,CREDIT_BUREAU
CUST-100692,2025-03-03,2025-03-03,662,R4,False,CREDIT_BUREAU
CUST-103205,2025-03-03,2025-03-03,710,R3,False,CREDIT_BUREAU
CUST-105110,2025-03-03,2025-03-03,630,R5,False,CREDIT_BUREAU
CUST-101888,2025-03-03,2025-03-03,794,R1,False,CREDIT_BUREAU
CUST-105932,2025-03-03,2025-03-03,749,R2,False,CREDIT_BUREAU
CUST-100651,2025-03-03,2025-03-03,748,R2,False,CREDIT_BUREAU
CUST-105118,2025-03-03,2025-03-03,701,R3,False,CREDIT_BUREAU
CUST-101563,2025-03-03,2025-03-03,672,R4,False,CREDIT_BUREAU
CUST-105216,2025-03-03,2025-03-03,712,R3,False,CREDIT_BUREAU
CUST-101113,2025-03-03,2025-03-03,814,R1,False,CREDIT_BUREAU
CUST-101847,2025-03-03,2025-03-03,598,R6,False,CREDIT_BUREAU
CUST-100904,2025-03-03,2025-03-03,769,R2,False,CREDIT_BUREAU
CUST-104600,2025-03-03,2025-03-03,619,R6,False,CREDIT_BUREAU
CUST-102341,2025-03-03,2025-03-03,728,R3,False,CREDIT_BUREAU
CUST-105976,2025-03-03,2025-03-03,794,R1,False,CREDIT_BUREAU
CUST-102169,2025-03-03,2025-03-03,726,R3,False,CREDIT_BUREAU
CUST-103826,2025-03-03,2025-03-03,746,R2,False,CREDIT_BUREAU
CUST-102633,2025-03-03,2025-03-03,689,R4,False,CREDIT_BUREAU
CUST-105532,2025-03-03,2025-03-03,787,R1,False,CREDIT_BUREAU
CUST-107740,2025-03-03,2025-03-03,639,R5,False,CREDIT_BUREAU
CUST-100760,2025-03-03,2025-03-03,737,R3,False,CREDIT_BUREAU
CUST-101191,2025-03-03,2025-03-03,677,R4,False,CREDIT_BUREAU
CUST-102288,2025-03-03,2025-03-03,648,R5,False,CREDIT_BUREAU
CUST-107173,2025-03-03,2025-03-03,418,R7,False,CREDIT_BUREAU
CUST-105668,2025-03-03,2025-03-03,688,R4,False,CREDIT_BUREAU
CUST-100698,2025-03-03,2025-03-03,644,R5,False,CREDIT_BUREAU
CUST-104802,2025-03-03,2025-03-03,755,R2,False,CREDIT_BUREAU
CUST-101031,2025-03-03,2025-03-03,714,R3,False,CREDIT_BUREAU
CUST-103644,2025-03-03,2025-03-03,657,R5,False,CREDIT_BUREAU
CUST-106755,2025-03-03,2025-03-03,759,R2,False,CREDIT_BUREAU
CUST-104483,2025-03-03,2025-03-03,721,R3,False,CREDIT_BUREAU
CUST-102537,2025-03-03,2025-03-03,599,R6,False,CREDIT_BUREAU
CUST-104369,2025-03-03,2025-03-03,823,R1,False,CREDIT_BUREAU
CUST-105913,2025-03-03,2025-03-03,746,R2,False,CREDIT_BUREAU
CUST-102654,2025-03-03,2025-03-03,754,R2,False,CREDIT_BUREAU
CUST-105084,2025-03-03,2025-03-03,711,R3,False,CREDIT_BUREAU
CUST-104231,2025-03-03,2025-03-03,642,R5,False,CREDIT_BUREAU
CUST-100601,2025-03-03,2025-03-03,681,R4,False,CREDIT_BUREAU
CUST-100322,2025-03-03,2025-03-03,748,R2,False,CREDIT_BUREAU
CUST-102591,2025-03-03,2025-03-03,766,R2,False,CREDIT_BUREAU
CUST-106517,2025-03-03,2025-03-03,670,R4,False,CREDIT_BUREAU
CUST-103601,2025-03-03,2025-03-03,776,R2,False,CREDIT_BUREAU
CUST-106186,2025-03-03,2025-03-03,673,R4,False,CREDIT_BUREAU
CUST-104985,2025-03-03,2025-03-03,676,R4,False,CREDIT_BUREAU
CUST-103684,2025-03-03,2025-03-03,745,R2,False,CREDIT_BUREAU
CUST-100137,2025-03-03,2025-03-03,676,R4,False,CREDIT_BUREAU
CUST-100896,2025-03-03,2025-03-03,591,R6,False,CREDIT_BUREAU
CUST-102458,2025-03-03,2025-03-03,740,R2,False,CREDIT_BUREAU
CUST-104892,2025-03-03,2025-03-03,771,R2,False,CREDIT_BUREAU
CUST-104792,2025-03-03,2025-03-03,750,R2,False,CREDIT_BUREAU
CUST-100632,2025-03-03,2025-03-03,821,R1,False,CREDIT_BUREAU
CUST-103583,2025-03-03,2025-03-03,647,R5,False,CREDIT_BUREAU
CUST-103207,2025-03-03,2025-03-03,621,R5,False,CREDIT_BUREAU
CUST-106741,2025-03-03,2025-03-03,716,R3,False,CREDIT_BUREAU
CUST-101981,2025-03-03,2025-03-03,645,R5,False,CREDIT_BUREAU
CUST-106770,2025-03-03,2025-03-03,748,R2,False,CREDIT_BUREAU
CUST-102627,2025-03-03,2025-03-03,811,R1,False,CREDIT_BUREAU
CUST-103315,2025-03-03,2025-03-03,739,R3,False,CREDIT_BUREAU
CUST-103881,2025-03-03,2025-03-03,773,R2,False,CREDIT_BUREAU
CUST-101945,2025-03-03,2025-03-03,580,R6,False,CREDIT_BUREAU
CUST-104570,2025-03-03,2025-03-03,674,R4,False,CREDIT_BUREAU
CUST-104666,2025-03-03,2025-03-03,810,R1,False,CREDIT_BUREAU
CUST-106190,2025-03-03,2025-03-03,745,R2,False,CREDIT_BUREAU
CUST-107342,2025-03-03,2025-03-03,717,R3,False,CREDIT_BUREAU
CUST-103785,2025-03-03,2025-03-03,739,R3,False,CREDIT_BUREAU
CUST-103703,2025-03-03,2025-03-03,659,R5,False,CREDIT_BUREAU
CUST-106672,2025-03-03,2025-03-03,723,R3,False,CREDIT_BUREAU
CUST-100442,2025-03-03,2025-03-03,812,R1,False,CREDIT_BUREAU
CUST-105192,2025-03-03,2025-03-03,737,R3,False,CREDIT_BUREAU
CUST-101609,2025-03-03,2025-03-03,814,R1,False,CREDIT_BUREAU
CUST-103751,2025-03-03,2025-03-03,767,R2,False,CREDIT_BUREAU
CUST-103295,2025-03-03,2025-03-03,651,R5,False,CREDIT_BUREAU
CUST-100300,2025-03-03,2025-03-03,438,R7,False,CREDIT_BUREAU
CUST-100231,2025-03-03,2025-03-03,639,R5,False,CREDIT_BUREAU
CUST-101758,2025-03-03,2025-03-03,746,R2,False,CREDIT_BUREAU
CUST-103428,2025-03-03,2025-03-03,758,R2,False,CREDIT_BUREAU
CUST-107302,2025-03-03,2025-03-03,589,R6,False,CREDIT_BUREAU
CUST-105460,2025-03-03,2025-03-03,707,R3,False,CREDIT_BUREAU
CUST-107214,2025-03-03,2025-03-03,622,R5,False,CREDIT_BUREAU
CUST-103012,2025-03-03,2025-03-03,827,R1,False,CREDIT_BUREAU
CUST-104244,2025-03-03,2025-03-03,685,R4,False,CREDIT_BUREAU
CUST-106062,2025-03-03,2025-03-03,629,R5,False,CREDIT_BUREAU
CUST-104589,2025-03-03,2025-03-03,633,R5,False,CREDIT_BUREAU
CUST-107750,2025-03-03,2025-03-03,667,R4,False,CREDIT_BUREAU
CUST-103695,2025-03-03,2025-03-03,631,R5,False,CREDIT_BUREAU
CUST-101223,2025-03-03,2025-03-03,724,R3,False,CREDIT_BUREAU
CUST-104381,2025-03-03,2025-03-03,818,R1,False,CREDIT_BUREAU
CUST-106743,2025-03-03,2025-03-03,776,R2,False,CREDIT_BUREAU
CUST-102295,2025-03-03,2025-03-03,599,R6,False,CREDIT_BUREAU
CUST-102257,2025-03-03,2025-03-03,789,R1,False,CREDIT_BUREAU
CUST-102331,2025-03-03,2025-03-03,662,R4,False,CREDIT_BUREAU
CUST-101362,2025-03-03,2025-03-03,759,R2,False,CREDIT_BUREAU
CUST-102381,2025-03-03,2025-03-03,707,R3,False,CREDIT_BUREAU
CUST-100150,2025-03-03,2025-03-03,680,R4,False,CREDIT_BUREAU
CUST-103372,2025-03-03,2025-03-03,717,R3,False,CREDIT_BUREAU
CUST-105848,2025-03-03,2025-03-03,817,R1,False,CREDIT_BUREAU
CUST-101396,2025-03-03,2025-03-03,821,R1,False,CREDIT_BUREAU
CUST-104533,2025-03-03,2025-03-03,726,R3,False,CREDIT_BUREAU
CUST-100386,2025-03-03,2025-03-03,692,R4,False,CREDIT_BUREAU
CUST-106595,2025-03-03,2025-03-03,794,R1,False,CREDIT_BUREAU
CUST-101175,2025-03-03,2025-03-03,607,R6,False,CREDIT_BUREAU
CUST-106561,2025-03-03,2025-03-03,663,R4,False,CREDIT_BUREAU
CUST-102096,2025-03-03,2025-03-03,654,R5,False,CREDIT_BUREAU
CUST-101566,2025-03-03,2025-03-03,730,R3,False,CREDIT_BUREAU
CUST-103889,2025-03-03,2025-03-03,821,R1,False,CREDIT_BUREAU
CUST-100625,2025-03-03,2025-03-03,775,R2,False,CREDIT_BUREAU
CUST-107385,2025-03-03,2025-03-03,741,R2,False,CREDIT_BUREAU
CUST-100911,2025-03-03,2025-03-03,804,R1,False,CREDIT_BUREAU
CUST-105611,2025-03-03,2025-03-03,713,R3,False,CREDIT_BUREAU
CUST-105066,2025-03-03,2025-03-03,702,R3,False,CREDIT_BUREAU
CUST-100736,2025-03-03,2025-03-03,663,R4,False,CREDIT_BUREAU
CUST-103088,2025-03-03,2025-03-03,813,R1,False,CREDIT_BUREAU
CUST-101416,2025-03-03,2025-03-03,664,R4,False,CREDIT_BUREAU
CUST-103051,2025-03-03,2025-03-03,677,R4,False,CREDIT_BUREAU
CUST-103507,2025-03-03,2025-03-03,658,R5,False,CREDIT_BUREAU
CUST-103534,2025-03-03,2025-03-03,737,R3,False,CREDIT_BUREAU
CUST-105320,2025-03-03,2025-03-03,751,R2,False,CREDIT_BUREAU
CUST-105568,2025-03-03,2025-03-03,627,R5,False,CREDIT_BUREAU
CUST-102283,2025-03-03,2025-03-03,779,R2,False,CREDIT_BUREAU
CUST-106939,2025-03-03,2025-03-03,565,R7,False,CREDIT_BUREAU
CUST-104147,2025-03-03,2025-03-03,761,R2,False,CREDIT_BUREAU
CUST-104171,2025-03-03,2025-03-03,752,R2,False,CREDIT_BUREAU
CUST-102387,2025-03-03,2025-03-03,627,R5,False,CREDIT_BUREAU
CUST-103711,2025-03-03,2025-03-03,594,R6,False,CREDIT_BUREAU
CUST-105557,2025-03-03,2025-03-03,829,R1,False,CREDIT_BUREAU
CUST-105954,2025-03-03,2025-03-03,744,R2,False,CREDIT_BUREAU
CUST-105424,2025-03-03,2025-03-03,788,R1,False,CREDIT_BUREAU
CUST-106196,2025-03-03,2025-03-03,699,R4,False,CREDIT_BUREAU
CUST-103555,2025-03-03,2025-03-03,815,R1,False,CREDIT_BUREAU
CUST-106262,2025-03-03,2025-03-03,716,R3,False,CREDIT_BUREAU
CUST-101181,2025-03-03,2025-03-03,707,R3,False,CREDIT_BUREAU
CUST-102655,2025-03-03,2025-03-03,680,R4,False,CREDIT_BUREAU
CUST-100577,2025-03-03,2025-03-03,626,R5,False,CREDIT_BUREAU
CUST-104964,2025-03-03,2025-03-03,596,R6,False,CREDIT_BUREAU
CUST-105968,2025-03-03,2025-03-03,708,R3,False,CREDIT_BUREAU
CUST-101635,2025-03-03,2025-03-03,597,R6,False,CREDIT_BUREAU
CUST-107589,2025-03-03,2025-03-03,825,R1,False,CREDIT_BUREAU
CUST-106551,2025-03-03,2025-03-03,724,R3,False,CREDIT_BUREAU
CUST-105621,2025-03-03,2025-03-03,815,R1,False,CREDIT_BUREAU
CUST-105433,2025-03-03,2025-03-03,755,R2,False,CREDIT_BUREAU
CUST-106042,2025-03-03,2025-03-03,824,R1,False,CREDIT_BUREAU
CUST-100558,2025-03-03,2025-03-03,741,R2,False,CREDIT_BUREAU
CUST-107926,2025-03-03,2025-03-03,764,R2,False,CREDIT_BUREAU
CUST-102911,2025-03-03,2025-03-03,686,R4,False,CREDIT_BUREAU
CUST-102881,2025-03-03,2025-03-03,622,R5,False,CREDIT_BUREAU
CUST-105100,2025-03-03,2025-03-03,732,R3,False,CREDIT_BUREAU
CUST-101422,2025-03-03,2025-03-03,766,R2,False,CREDIT_BUREAU
CUST-101152,2025-03-03,2025-03-03,700,R3,False,CREDIT_BUREAU
CUST-103975,2025-03-03,2025-03-03,695,R4,False,CREDIT_BUREAU
CUST-103602,2025-03-03,2025-03-03,741,R2,False,CREDIT_BUREAU
CUST-103522,2025-03-03,2025-03-03,842,R1,False,CREDIT_BUREAU
CUST-102069,2025-03-03,2025-03-03,680,R4,False,CREDIT_BUREAU
CUST-102595,2025-03-03,2025-03-03,639,R5,False,CREDIT_BUREAU
CUST-105717,2025-03-03,2025-03-03,746,R2,False,CREDIT_BUREAU
CUST-103950,2025-03-03,2025-03-03,651,R5,False,CREDIT_BUREAU
CUST-107315,2025-03-03,2025-03-03,589,R6,False,CREDIT_BUREAU
CUST-107988,2025-03-03,2025-03-03,719,R3,False,CREDIT_BUREAU
CUST-106537,2025-03-03,2025-03-03,652,R5,False,CREDIT_BUREAU
CUST-100878,2025-03-03,2025-03-03,713,R3,False,CREDIT_BUREAU
CUST-101760,2025-03-03,2025-03-03,685,R4,False,CREDIT_BUREAU
CUST-102036,2025-03-03,2025-03-03,675,R4,False,CREDIT_BUREAU
CUST-105041,2025-03-03,2025-03-03,823,R1,False,CREDIT_BUREAU
CUST-106508,2025-03-03,2025-03-03,734,R3,False,CREDIT_BUREAU
CUST-106522,2025-03-03,2025-03-03,740,R2,False,CREDIT_BUREAU
CUST-107503,2025-03-03,2025-03-03,720,R3,False,CREDIT_BUREAU
CUST-105739,2025-03-03,2025-03-03,765,R2,False,CREDIT_BUREAU
CUST-102672,2025-03-03,2025-03-03,638,R5,False,CREDIT_BUREAU
CUST-101723,2025-03-03,2025-03-03,733,R3,False,CREDIT_BUREAU
CUST-107414,2025-03-03,2025-03-03,687,R4,False,CREDIT_BUREAU
CUST-106544,2025-03-03,2025-03-03,757,R2,False,CREDIT_BUREAU
CUST-101467,2025-03-03,2025-03-03,769,R2,False,CREDIT_BUREAU
CUST-101197,2025-03-03,2025-03-03,756,R2,False,CREDIT_BUREAU
CUST-106788,2025-03-03,2025-03-03,776,R2,False,CREDIT_BUREAU
CUST-107745,2025-03-03,2025-03-03,599,R6,False,CREDIT_BUREAU
CUST-107255,2025-03-03,2025-03-03,776,R2,False,CREDIT_BUREAU
CUST-105535,2025-03-03,2025-03-03,596,R6,False,CREDIT_BUREAU
CUST-103560,2025-03-03,2025-03-03,716,R3,False,CREDIT_BUREAU
CUST-104435,2025-03-03,2025-03-03,640,R5,False,CREDIT_BUREAU
CUST-105938,2025-03-03,2025-03-03,819,R1,False,CREDIT_BUREAU
CUST-104489,2025-03-03,2025-03-03,748,R2,False,CREDIT_BUREAU
CUST-100173,2025-03-03,2025-03-03,761,R2,False,CREDIT_BUREAU
CUST-105670,2025-03-03,2025-03-03,790,R1,False,CREDIT_BUREAU
CUST-102544,2025-03-03,2025-03-03,612,R6,False,CREDIT_BUREAU
CUST-107456,2025-03-03,2025-03-03,726,R3,False,CREDIT_BUREAU
CUST-106016,2025-03-03,2025-03-03,762,R2,False,CREDIT_BUREAU
CUST-102346,2025-03-03,2025-03-03,701,R3,False,CREDIT_BUREAU
CUST-100655,2025-03-03,2025-03-03,431,R7,False,CREDIT_BUREAU
CUST-105516,2025-03-03,2025-03-03,763,R2,False,CREDIT_BUREAU
CUST-103538,2025-03-03,2025-03-03,636,R5,False,CREDIT_BUREAU
CUST-107404,2025-03-03,2025-03-03,751,R2,False,CREDIT_BUREAU
CUST-100876,2025-03-03,2025-03-03,730,R3,False,CREDIT_BUREAU
CUST-105603,2025-03-03,2025-03-03,674,R4,False,CREDIT_BUREAU
CUST-102916,2025-03-03,2025-03-03,795,R1,False,CREDIT_BUREAU
CUST-106808,2025-03-03,2025-03-03,430,R7,False,CREDIT_BUREAU
CUST-102524,2025-03-03,2025-03-03,789,R1,False,CREDIT_BUREAU
CUST-101898,2025-03-03,2025-03-03,588,R6,False,CREDIT_BUREAU
CUST-103755,2025-03-03,2025-03-03,678,R4,False,CREDIT_BUREAU
CUST-103812,2025-03-03,2025-03-03,738,R3,False,CREDIT_BUREAU
CUST-102222,2025-03-03,2025-03-03,725,R3,False,CREDIT_BUREAU
CUST-101673,2025-03-03,2025-03-03,646,R5,False,CREDIT_BUREAU
CUST-101741,2025-03-03,2025-03-03,590,R6,False,CREDIT_BUREAU
CUST-101786,2025-03-03,2025-03-03,742,R2,False,CREDIT_BUREAU
CUST-104239,2025-03-03,2025-03-03,703,R3,False,CREDIT_BUREAU
CUST-106400,2025-03-03,2025-03-03,676,R4,False,CREDIT_BUREAU
CUST-103763,2025-03-03,2025-03-03,681,R4,False,CREDIT_BUREAU
CUST-105749,2025-03-03,2025-03-03,744,R2,False,CREDIT_BUREAU
CUST-104811,2025-03-03,2025-03-03,701,R3,False,CREDIT_BUREAU
CUST-105007,2025-03-03,2025-03-03,589,R6,False,CREDIT_BUREAU
CUST-104837,2025-03-03,2025-03-03,727,R3,False,CREDIT_BUREAU
CUST-106275,2025-03-03,2025-03-03,642,R5,False,CREDIT_BUREAU
CUST-107857,2025-03-03,2025-03-03,641,R5,False,CREDIT_BUREAU
CUST-101852,2025-03-03,2025-03-03,744,R2,False,CREDIT_BUREAU
CUST-103822,2025-03-03,2025-03-03,703,R3,False,CREDIT_BUREAU
CUST-104875,2025-03-03,2025-03-03,585,R6,False,CREDIT_BUREAU
CUST-102354,2025-03-03,2025-03-03,659,R5,False,CREDIT_BUREAU
CUST-101043,2025-03-03,2025-03-03,660,R4,False,CREDIT_BUREAU
CUST-104559,2025-03-03,2025-03-03,743,R2,False,CREDIT_BUREAU
CUST-102294,2025-03-03,2025-03-03,815,R1,False,CREDIT_BUREAU
CUST-104887,2025-03-03,2025-03-03,705,R3,False,CREDIT_BUREAU
CUST-101122,2025-03-03,2025-03-03,452,R7,False,CREDIT_BUREAU
CUST-102578,2025-03-03,2025-03-03,692,R4,False,CREDIT_BUREAU
CUST-106416,2025-03-03,2025-03-03,738,R3,False,CREDIT_BUREAU
CUST-103470,2025-03-03,2025-03-03,763,R2,False,CREDIT_BUREAU
CUST-100290,2025-03-03,2025-03-03,720,R3,False,CREDIT_BUREAU
CUST-106889,2025-03-03,2025-03-03,708,R3,False,CREDIT_BUREAU
CUST-106342,2025-03-03,2025-03-03,695,R4,False,CREDIT_BUREAU
CUST-106712,2025-03-03,2025-03-03,588,R6,False,CREDIT_BUREAU
CUST-103370,2025-03-03,2025-03-03,760,R2,False,CREDIT_BUREAU
CUST-105383,2025-03-03,2025-03-03,797,R1,False,CREDIT_BUREAU
CUST-104512,2025-03-03,2025-03-03,422,R7,False,CREDIT_BUREAU
CUST-107991,2025-03-03,2025-03-03,837,R1,False,CREDIT_BUREAU
CUST-105032,2025-03-03,2025-03-03,707,R3,False,CREDIT_BUREAU
CUST-102448,2025-03-03,2025-03-03,591,R6,False,CREDIT_BUREAU
CUST-104127,2025-03-03,2025-03-03,765,R2,False,CREDIT_BUREAU
CUST-106141,2025-03-03,2025-03-03,743,R2,False,CREDIT_BUREAU
CUST-105768,2025-03-03,2025-03-03,698,R4,False,CREDIT_BUREAU
CUST-106854,2025-03-03,2025-03-03,637,R5,False,CREDIT_BUREAU
CUST-103532,2025-03-03,2025-03-03,715,R3,False,CREDIT_BUREAU
CUST-101611,2025-03-03,2025-03-03,641,R5,False,CREDIT_BUREAU
CUST-100785,2025-03-03,2025-03-03,674,R4,False,CREDIT_BUREAU
CUST-106473,2025-03-03,2025-03-03,447,R7,False,CREDIT_BUREAU
CUST-101340,2025-03-03,2025-03-03,806,R1,False,CREDIT_BUREAU
CUST-102708,2025-03-03,2025-03-03,728,R3,False,CREDIT_BUREAU
CUST-102418,2025-03-03,2025-03-03,758,R2,False,CREDIT_BUREAU
CUST-107197,2025-03-03,2025-03-03,764,R2,False,CREDIT_BUREAU
CUST-102663,2025-03-03,2025-03-03,647,R5,False,CREDIT_BUREAU
CUST-106683,2025-03-03,2025-03-03,422,R7,False,CREDIT_BUREAU
CUST-100509,2025-03-03,2025-03-03,626,R5,False,CREDIT_BUREAU
CUST-103443,2025-03-03,2025-03-03,720,R3,False,CREDIT_BUREAU
CUST-106324,2025-03-03,2025-03-03,630,R5,False,CREDIT_BUREAU
CUST-100924,2025-03-03,2025-03-03,710,R3,False,CREDIT_BUREAU
CUST-103211,2025-03-03,2025-03-03,440,R7,False,CREDIT_BUREAU
CUST-104531,2025-03-03,2025-03-03,779,R2,False,CREDIT_BUREAU
CUST-106541,2025-03-03,2025-03-03,807,R1,False,CREDIT_BUREAU
CUST-101691,2025-03-03,2025-03-03,804,R1,False,CREDIT_BUREAU
CUST-101380,2025-03-03,2025-03-03,826,R1,False,CREDIT_BUREAU
CUST-105530,2025-03-03,2025-03-03,791,R1,False,CREDIT_BUREAU
CUST-107362,2025-03-03,2025-03-03,735,R3,False,CREDIT_BUREAU
CUST-102908,2025-03-03,2025-03-03,628,R5,False,CREDIT_BUREAU
CUST-107212,2025-03-03,2025-03-03,743,R2,False,CREDIT_BUREAU
CUST-103116,2025-03-03,2025-03-03,675,R4,False,CREDIT_BUREAU
CUST-103174,2025-03-03,2025-03-03,740,R2,False,CREDIT_BUREAU
CUST-103704,2025-03-03,2025-03-03,583,R6,False,CREDIT_BUREAU
CUST-102666,2025-03-03,2025-03-03,600,R6,False,CREDIT_BUREAU
CUST-100775,2025-03-03,2025-03-03,671,R4,False,CREDIT_BUREAU
CUST-101781,2025-03-03,2025-03-03,761,R2,False,CREDIT_BUREAU
CUST-104141,2025-03-03,2025-03-03,675,R4,False,CREDIT_BUREAU
CUST-104735,2025-03-03,2025-03-03,681,R4,False,CREDIT_BUREAU
CUST-102484,2025-03-03,2025-03-03,660,R4,False,CREDIT_BUREAU
CUST-105243,2025-03-03,2025-03-03,765,R2,False,CREDIT_BUREAU
CUST-105967,2025-03-03,2025-03-03,713,R3,False,CREDIT_BUREAU
CUST-104317,2025-03-03,2025-03-03,685,R4,False,CREDIT_BUREAU
CUST-103202,2025-03-03,2025-03-03,813,R1,False,CREDIT_BUREAU
CUST-103641,2025-03-03,2025-03-03,711,R3,False,CREDIT_BUREAU
CUST-101668,2025-03-03,2025-03-03,765,R2,False,CREDIT_BUREAU
CUST-102465,2025-03-03,2025-03-03,694,R4,False,CREDIT_BUREAU
CUST-101642,2025-03-03,2025-03-03,712,R3,False,CREDIT_BUREAU
CUST-105965,2025-03-03,2025-03-03,809,R1,False,CREDIT_BUREAU
CUST-103576,2025-03-03,2025-03-03,757,R2,False,CREDIT_BUREAU
CUST-104965,2025-03-03,2025-03-03,662,R4,False,CREDIT_BUREAU
CUST-101749,2025-03-03,2025-03-03,712,R3,False,CREDIT_BUREAU
CUST-101710,2025-03-03,2025-03-03,676,R4,False,CREDIT_BUREAU
CUST-104853,2025-03-03,2025-03-03,709,R3,False,CREDIT_BUREAU
CUST-100419,2025-03-03,2025-03-03,771,R2,False,CREDIT_BUREAU
CUST-101559,2025-03-03,2025-03-03,671,R4,False,CREDIT_BUREAU
CUST-105249,2025-03-03,2025-03-03,712,R3,False,CREDIT_BUREAU
CUST-105936,2025-03-03,2025-03-03,712,R3,False,CREDIT_BUREAU
CUST-106664,2025-03-03,2025-03-03,749,R2,False,CREDIT_BUREAU
CUST-106572,2025-03-03,2025-03-03,658,R5,False,CREDIT_BUREAU
CUST-107416,2025-03-03,2025-03-03,695,R4,False,CREDIT_BUREAU
CUST-106027,2025-03-03,2025-03-03,722,R3,False,CREDIT_BUREAU
CUST-101358,2025-03-03,2025-03-03,672,R4,False,CREDIT_BUREAU
CUST-106129,2025-03-03,2025-03-03,663,R4,False,CREDIT_BUREAU
CUST-107153,2025-03-03,2025-03-03,684,R4,False,CREDIT_BUREAU
CUST-104268,2025-03-03,2025-03-03,807,R1,False,CREDIT_BUREAU
CUST-101041,2025-03-03,2025-03-03,739,R3,False,CREDIT_BUREAU
CUST-104963,2025-03-03,2025-03-03,804,R1,False,CREDIT_BUREAU
CUST-104791,2025-03-03,2025-03-03,819,R1,False,CREDIT_BUREAU
CUST-103686,2025-03-03,2025-03-03,750,R2,False,CREDIT_BUREAU
CUST-101198,2025-03-03,2025-03-03,671,R4,False,CREDIT_BUREAU
CUST-102296,2025-03-03,2025-03-03,697,R4,False,CREDIT_BUREAU
CUST-106188,2025-03-03,2025-03-03,707,R3,False,CREDIT_BUREAU
CUST-104540,2025-03-03,2025-03-03,716,R3,False,CREDIT_BUREAU
CUST-106901,2025-03-03,2025-03-03,819,R1,False,CREDIT_BUREAU
CUST-105408,2025-03-03,2025-03-03,776,R2,False,CREDIT_BUREAU
CUST-101946,2025-03-03,2025-03-03,819,R1,False,CREDIT_BUREAU
CUST-105423,2025-03-03,2025-03-03,599,R6,False,CREDIT_BUREAU
CUST-102747,2025-03-03,2025-03-03,725,R3,False,CREDIT_BUREAU
CUST-102289,2025-03-03,2025-03-03,682,R4,False,CREDIT_BUREAU
CUST-105115,2025-03-03,2025-03-03,775,R2,False,CREDIT_BUREAU
CUST-107226,2025-03-03,2025-03-03,834,R1,False,CREDIT_BUREAU
CUST-107419,2025-03-03,2025-03-03,826,R1,False,CREDIT_BUREAU
CUST-104597,2025-03-03,2025-03-03,749,R2,False,CREDIT_BUREAU
CUST-102159,2025-03-03,2025-03-03,704,R3,False,CREDIT_BUREAU
CUST-103913,2025-03-03,2025-03-03,816,R1,False,CREDIT_BUREAU
CUST-101593,2025-03-03,2025-03-03,759,R2,False,CREDIT_BUREAU
CUST-101836,2025-03-03,2025-03-03,665,R4,False,CREDIT_BUREAU
CUST-107411,2025-03-03,2025-03-03,713,R3,False,CREDIT_BUREAU
CUST-101342,2025-03-03,2025-03-03,667,R4,False,CREDIT_BUREAU
CUST-106813,2025-03-03,2025-03-03,760,R2,False,CREDIT_BUREAU
CUST-106297,2025-03-03,2025-03-03,763,R2,False,CREDIT_BUREAU
CUST-107655,2025-03-03,2025-03-03,761,R2,False,CREDIT_BUREAU
CUST-106960,2025-03-03,2025-03-03,766,R2,False,CREDIT_BUREAU
CUST-106641,2025-03-03,2025-03-03,805,R1,False,CREDIT_BUREAU
CUST-102056,2025-03-03,2025-03-03,804,R1,False,CREDIT_BUREAU
CUST-104603,2025-03-03,2025-03-03,649,R5,False,CREDIT_BUREAU
CUST-107549,2025-03-03,2025-03-03,802,R1,False,CREDIT_BUREAU
CUST-105574,2025-03-03,2025-03-03,674,R4,False,CREDIT_BUREAU
CUST-107521,2025-03-03,2025-03-03,718,R3,False,CREDIT_BUREAU
CUST-106366,2025-03-03,2025-03-03,762,R2,False,CREDIT_BUREAU
CUST-101001,2025-03-03,2025-03-03,628,R5,False,CREDIT_BUREAU
CUST-101121,2025-03-03,2025-03-03,756,R2,False,CREDIT_BUREAU
CUST-104862,2025-03-03,2025-03-03,719,R3,False,CREDIT_BUREAU
CUST-103412,2025-03-03,2025-03-03,646,R5,False,CREDIT_BUREAU
CUST-102319,2025-03-03,2025-03-03,786,R1,False,CREDIT_BUREAU
CUST-101093,2025-03-03,2025-03-03,683,R4,False,CREDIT_BUREAU
CUST-102939,2025-03-03,2025-03-03,683,R4,False,CREDIT_BUREAU
CUST-107537,2025-03-03,2025-03-03,745,R2,False,CREDIT_BUREAU
CUST-102301,2025-03-03,2025-03-03,766,R2,False,CREDIT_BUREAU
CUST-107738,2025-03-03,2025-03-03,756,R2,False,CREDIT_BUREAU
CUST-106093,2025-03-03,2025-03-03,434,R7,False,CREDIT_BUREAU
CUST-106887,2025-03-03,2025-03-03,828,R1,False,CREDIT_BUREAU
CUST-106774,2025-03-03,2025-03-03,835,R1,False,CREDIT_BUREAU
CUST-105704,2025-03-03,2025-03-03,715,R3,False,CREDIT_BUREAU
CUST-103616,2025-03-03,2025-03-03,819,R1,False,CREDIT_BUREAU
CUST-100398,2025-03-03,2025-03-03,801,R1,False,CREDIT_BUREAU
CUST-104817,2025-03-03,2025-03-03,680,R4,False,CREDIT_BUREAU
CUST-107436,2025-03-03,2025-03-03,670,R4,False,CREDIT_BUREAU
CUST-103394,2025-03-03,2025-03-03,639,R5,False,CREDIT_BUREAU
CUST-102502,2025-03-03,2025-03-03,710,R3,False,CREDIT_BUREAU
CUST-106430,2025-03-03,2025-03-03,591,R6,False,CREDIT_BUREAU
CUST-107191,2025-03-03,2025-03-03,445,R7,False,CREDIT_BUREAU
CUST-105456,2025-03-03,2025-03-03,680,R4,False,CREDIT_BUREAU
CUST-106326,2025-03-03,2025-03-03,733,R3,False,CREDIT_BUREAU
CUST-106976,2025-03-03,2025-03-03,438,R7,False,CREDIT_BUREAU
CUST-104445,2025-03-03,2025-03-03,632,R5,False,CREDIT_BUREAU
CUST-106119,2025-03-03,2025-03-03,727,R3,False,CREDIT_BUREAU
CUST-100797,2025-03-03,2025-03-03,717,R3,False,CREDIT_BUREAU
CUST-104245,2025-03-03,2025-03-03,450,R7,False,CREDIT_BUREAU
CUST-103592,2025-03-03,2025-03-03,649,R5,False,CREDIT_BUREAU
CUST-107712,2025-03-03,2025-03-03,812,R1,False,CREDIT_BUREAU
CUST-101205,2025-03-03,2025-03-03,814,R1,False,CREDIT_BUREAU
CUST-106842,2025-03-03,2025-03-03,661,R4,False,CREDIT_BUREAU
CUST-105553,2025-03-03,2025-03-03,672,R4,False,CREDIT_BUREAU
CUST-103234,2025-03-03,2025-03-03,725,R3,False,CREDIT_BUREAU
CUST-106243,2025-03-03,2025-03-03,755,R2,False,CREDIT_BUREAU
CUST-100668,2025-03-03,2025-03-03,642,R5,False,CREDIT_BUREAU
CUST-104146,2025-03-03,2025-03-03,732,R3,False,CREDIT_BUREAU
CUST-101798,2025-03-03,2025-03-03,782,R1,False,CREDIT_BUREAU
CUST-104261,2025-03-03,2025-03-03,768,R2,False,CREDIT_BUREAU
CUST-107087,2025-03-03,2025-03-03,715,R3,False,CREDIT_BUREAU
CUST-107892,2025-03-03,2025-03-03,761,R2,False,CREDIT_BUREAU
CUST-101214,2025-03-03,2025-03-03,654,R5,False,CREDIT_BUREAU
CUST-101167,2025-03-03,2025-03-03,829,R1,False,CREDIT_BUREAU
CUST-103715,2025-03-03,2025-03-03,799,R1,False,CREDIT_BUREAU
CUST-105875,2025-03-03,2025-03-03,689,R4,False,CREDIT_BUREAU
CUST-105910,2025-03-03,2025-03-03,717,R3,False,CREDIT_BUREAU
CUST-106600,2025-03-03,2025-03-03,724,R3,False,CREDIT_BUREAU
CUST-107074,2025-03-03,2025-03-03,824,R1,False,CREDIT_BUREAU
CUST-104608,2025-03-03,2025-03-03,709,R3,False,CREDIT_BUREAU
CUST-102528,2025-03-03,2025-03-03,682,R4,False,CREDIT_BUREAU
CUST-100891,2025-03-03,2025-03-03,656,R5,False,CREDIT_BUREAU
CUST-107186,2025-03-03,2025-03-03,832,R1,False,CREDIT_BUREAU
CUST-102550,2025-03-03,2025-03-03,823,R1,False,CREDIT_BUREAU
CUST-106463,2025-03-03,2025-03-03,667,R4,False,CREDIT_BUREAU
CUST-105895,2025-03-03,2025-03-03,699,R4,False,CREDIT_BUREAU
CUST-102646,2025-03-03,2025-03-03,707,R3,False,CREDIT_BUREAU
CUST-102360,2025-03-03,2025-03-03,757,R2,False,CREDIT_BUREAU
CUST-103246,2025-03-03,2025-03-03,601,R6,False,CREDIT_BUREAU
CUST-106398,2025-03-03,2025-03-03,662,R4,False,CREDIT_BUREAU
CUST-107373,2025-03-03,2025-03-03,680,R4,False,CREDIT_BUREAU
CUST-106282,2025-03-03,2025-03-03,735,R3,False,CREDIT_BUREAU
CUST-103622,2025-03-03,2025-03-03,595,R6,False,CREDIT_BUREAU
CUST-103978,2025-03-03,2025-03-03,437,R7,False,CREDIT_BUREAU
CUST-104434,2025-03-03,2025-03-03,624,R5,False,CREDIT_BUREAU
CUST-100241,2025-03-03,2025-03-03,686,R4,False,CREDIT_BUREAU
CUST-104160,2025-03-03,2025-03-03,692,R4,False,CREDIT_BUREAU
CUST-101125,2025-03-03,2025-03-03,753,R2,False,CREDIT_BUREAU
CUST-104983,2025-03-03,2025-03-03,686,R4,False,CREDIT_BUREAU
CUST-106017,2025-03-03,2025-03-03,684,R4,False,CREDIT_BUREAU
CUST-105341,2025-03-03,2025-03-03,821,R1,False,CREDIT_BUREAU
CUST-101639,2025-03-03,2025-03-03,663,R4,False,CREDIT_BUREAU
CUST-106530,2025-03-03,2025-03-03,684,R4,False,CREDIT_BUREAU
CUST-104193,2025-03-03,2025-03-03,676,R4,False,CREDIT_BUREAU
CUST-100064,2025-03-03,2025-03-03,587,R6,False,CREDIT_BUREAU
CUST-100320,2025-03-03,2025-03-03,452,R7,False,CREDIT_BUREAU
CUST-100977,2025-03-03,2025-03-03,710,R3,False,CREDIT_BUREAU
CUST-101252,2025-03-03,2025-03-03,730,R3,False,CREDIT_BUREAU
CUST-106213,2025-03-03,2025-03-03,701,R3,False,CREDIT_BUREAU
CUST-106554,2025-03-03,2025-03-03,826,R1,False,CREDIT_BUREAU
CUST-103055,2025-03-03,2025-03-03,691,R4,False,CREDIT_BUREAU
CUST-107217,2025-03-03,2025-03-03,680,R4,False,CREDIT_BUREAU
CUST-101754,2025-03-03,2025-03-03,745,R2,False,CREDIT_BUREAU
CUST-104430,2025-03-03,2025-03-03,655,R5,False,CREDIT_BUREAU
CUST-106009,2025-03-03,2025-03-03,657,R5,False,CREDIT_BUREAU
CUST-102046,2025-03-03,2025-03-03,660,R4,False,CREDIT_BUREAU
CUST-105591,2025-03-03,2025-03-03,759,R2,False,CREDIT_BUREAU
CUST-101740,2025-03-03,2025-03-03,828,R1,False,CREDIT_BUREAU
CUST-107944,2025-03-03,2025-03-03,647,R5,False,CREDIT_BUREAU
CUST-103066,2025-03-03,2025-03-03,616,R6,False,CREDIT_BUREAU
CUST-104416,2025-03-03,2025-03-03,718,R3,False,CREDIT_BUREAU
CUST-105278,2025-03-03,2025-03-03,676,R4,False,CREDIT_BUREAU
CUST-106876,2025-03-03,2025-03-03,819,R1,False,CREDIT_BUREAU
CUST-103705,2025-03-03,2025-03-03,701,R3,False,CREDIT_BUREAU
CUST-100335,2025-03-03,2025-03-03,627,R5,False,CREDIT_BUREAU
CUST-102907,2025-03-03,2025-03-03,724,R3,False,CREDIT_BUREAU
CUST-106283,2025-03-03,2025-03-03,720,R3,False,CREDIT_BUREAU
CUST-101146,2025-03-03,2025-03-03,648,R5,False,CREDIT_BUREAU
CUST-103730,2025-03-03,2025-03-03,666,R4,False,CREDIT_BUREAU
CUST-104084,2025-03-03,2025-03-03,689,R4,False,CREDIT_BUREAU
CUST-102436,2025-03-03,2025-03-03,637,R5,False,CREDIT_BUREAU
CUST-101854,2025-03-03,2025-03-03,592,R6,False,CREDIT_BUREAU
CUST-104143,2025-03-03,2025-03-03,662,R4,False,CREDIT_BUREAU
CUST-106387,2025-03-03,2025-03-03,688,R4,False,CREDIT_BUREAU
CUST-104902,2025-03-03,2025-03-03,667,R4,False,CREDIT_BUREAU
CUST-105453,2025-03-03,2025-03-03,639,R5,False,CREDIT_BUREAU
CUST-103054,2025-03-03,2025-03-03,774,R2,False,CREDIT_BUREAU
CUST-101971,2025-03-03,2025-03-03,635,R5,False,CREDIT_BUREAU
CUST-100659,2025-03-03,2025-03-03,686,R4,False,CREDIT_BUREAU
CUST-105867,2025-03-03,2025-03-03,631,R5,False,CREDIT_BUREAU
CUST-104992,2025-03-03,2025-03-03,769,R2,False,CREDIT_BUREAU
CUST-100121,2025-03-03,2025-03-03,765,R2,False,CREDIT_BUREAU
CUST-100708,2025-03-03,2025-03-03,640,R5,False,CREDIT_BUREAU
CUST-100807,2025-03-03,2025-03-03,652,R5,False,CREDIT_BUREAU
CUST-103076,2025-03-03,2025-03-03,824,R1,False,CREDIT_BUREAU
CUST-107395,2025-03-03,2025-03-03,653,R5,False,CREDIT_BUREAU
CUST-105107,2025-03-03,2025-03-03,674,R4,False,CREDIT_BUREAU
CUST-106123,2025-03-03,2025-03-03,445,R7,False,CREDIT_BUREAU
CUST-104827,2025-03-03,2025-03-03,711,R3,False,CREDIT_BUREAU
CUST-100567,2025-03-03,2025-03-03,669,R4,False,CREDIT_BUREAU
CUST-103365,2025-03-03,2025-03-03,708,R3,False,CREDIT_BUREAU
CUST-103416,2025-03-03,2025-03-03,758,R2,False,CREDIT_BUREAU
CUST-105975,2025-03-03,2025-03-03,767,R2,False,CREDIT_BUREAU
CUST-100077,2025-03-03,2025-03-03,758,R2,False,CREDIT_BUREAU
CUST-103967,2025-03-03,2025-03-03,747,R2,False,CREDIT_BUREAU
CUST-100028,2025-03-03,2025-03-03,764,R2,False,CREDIT_BUREAU
CUST-105281,2025-03-03,2025-03-03,811,R1,False,CREDIT_BUREAU
CUST-105148,2025-03-03,2025-03-03,639,R5,False,CREDIT_BUREAU
CUST-104625,2025-03-03,2025-03-03,690,R4,False,CREDIT_BUREAU
CUST-102951,2025-03-03,2025-03-03,610,R6,False,CREDIT_BUREAU
CUST-100237,2025-03-03,2025-03-03,653,R5,False,CREDIT_BUREAU
CUST-107030,2025-03-03,2025-03-03,777,R2,False,CREDIT_BUREAU
CUST-107725,2025-03-03,2025-03-03,634,R5,False,CREDIT_BUREAU
CUST-103757,2025-03-03,2025-03-03,693,R4,False,CREDIT_BUREAU
CUST-105037,2025-03-03,2025-03-03,761,R2,False,CREDIT_BUREAU
CUST-104968,2025-03-03,2025-03-03,631,R5,False,CREDIT_BUREAU
CUST-106439,2025-03-03,2025-03-03,782,R1,False,CREDIT_BUREAU
CUST-102434,2025-03-03,2025-03-03,720,R3,False,CREDIT_BUREAU
CUST-101982,2025-03-03,2025-03-03,640,R5,False,CREDIT_BUREAU
CUST-105187,2025-03-03,2025-03-03,611,R6,False,CREDIT_BUREAU
CUST-105820,2025-03-03,2025-03-03,689,R4,False,CREDIT_BUREAU
CUST-104366,2025-03-03,2025-03-03,801,R1,False,CREDIT_BUREAU
CUST-102033,2025-03-03,2025-03-03,711,R3,False,CREDIT_BUREAU
CUST-100633,2025-03-03,2025-03-03,647,R5,False,CREDIT_BUREAU
CUST-107428,2025-03-03,2025-03-03,628,R5,False,CREDIT_BUREAU
CUST-101243,2025-03-03,2025-03-03,717,R3,False,CREDIT_BUREAU
CUST-104398,2025-03-03,2025-03-03,829,R1,False,CREDIT_BUREAU
CUST-102100,2025-03-03,2025-03-03,605,R6,False,CREDIT_BUREAU
CUST-105830,2025-03-03,2025-03-03,800,R1,False,CREDIT_BUREAU
CUST-100120,2025-03-03,2025-03-03,677,R4,False,CREDIT_BUREAU
CUST-106791,2025-03-03,2025-03-03,739,R3,False,CREDIT_BUREAU
CUST-101954,2025-03-03,2025-03-03,691,R4,False,CREDIT_BUREAU
CUST-107078,2025-03-03,2025-03-03,762,R2,False,CREDIT_BUREAU
CUST-104301,2025-03-03,2025-03-03,638,R5,False,CREDIT_BUREAU
CUST-102103,2025-03-03,2025-03-03,731,R3,False,CREDIT_BUREAU
CUST-106940,2025-03-03,2025-03-03,808,R1,False,CREDIT_BUREAU
CUST-101569,2025-03-03,2025-03-03,643,R5,False,CREDIT_BUREAU
CUST-104721,2025-03-03,2025-03-03,734,R3,False,CREDIT_BUREAU
CUST-100094,2025-03-03,2025-03-03,821,R1,False,CREDIT_BUREAU
CUST-104550,2025-03-03,2025-03-03,674,R4,False,CREDIT_BUREAU
CUST-106983,2025-03-03,2025-03-03,811,R1,False,CREDIT_BUREAU
CUST-104699,2025-03-03,2025-03-03,678,R4,False,CREDIT_BUREAU
CUST-103667,2025-03-03,2025-03-03,763,R2,False,CREDIT_BUREAU
CUST-100177,2025-03-03,2025-03-03,588,R6,False,CREDIT_BUREAU
CUST-103619,2025-03-03,2025-03-03,682,R4,False,CREDIT_BUREAU
CUST-103589,2025-03-03,2025-03-03,765,R2,False,CREDIT_BUREAU
CUST-107463,2025-03-03,2025-03-03,677,R4,False,CREDIT_BUREAU
CUST-104119,2025-03-03,2025-03-03,622,R5,False,CREDIT_BUREAU
CUST-106682,2025-03-03,2025-03-03,441,R7,False,CREDIT_BUREAU
CUST-100696,2025-03-03,2025-03-03,652,R5,False,CREDIT_BUREAU
CUST-103380,2025-03-03,2025-03-03,645,R5,False,CREDIT_BUREAU
CUST-105011,2025-03-03,2025-03-03,672,R4,False,CREDIT_BUREAU
CUST-105385,2025-03-03,2025-03-03,633,R5,False,CREDIT_BUREAU
CUST-103752,2025-03-03,2025-03-03,693,R4,False,CREDIT_BUREAU
CUST-101585,2025-03-03,2025-03-03,717,R3,False,CREDIT_BUREAU
CUST-100034,2025-03-03,2025-03-03,719,R3,False,CREDIT_BUREAU
CUST-105821,2025-03-03,2025-03-03,609,R6,False,CREDIT_BUREAU
CUST-104629,2025-03-03,2025-03-03,684,R4,False,CREDIT_BUREAU
CUST-104793,2025-03-03,2025-03-03,605,R6,False,CREDIT_BUREAU
CUST-102741,2025-03-03,2025-03-03,671,R4,False,CREDIT_BUREAU
CUST-105690,2025-03-03,2025-03-03,606,R6,False,CREDIT_BUREAU
CUST-103437,2025-03-03,2025-03-03,743,R2,False,CREDIT_BUREAU
CUST-105889,2025-03-03,2025-03-03,710,R3,False,CREDIT_BUREAU
CUST-105610,2025-03-03,2025-03-03,669,R4,False,CREDIT_BUREAU
CUST-102178,2025-03-03,2025-03-03,654,R5,False,CREDIT_BUREAU
CUST-103358,2025-03-03,2025-03-03,763,R2,False,CREDIT_BUREAU
CUST-103776,2025-03-03,2025-03-03,715,R3,False,CREDIT_BUREAU
CUST-102247,2025-03-03,2025-03-03,681,R4,False,CREDIT_BUREAU
CUST-100207,2025-03-03,2025-03-03,739,R3,False,CREDIT_BUREAU
CUST-106057,2025-03-03,2025-03-03,727,R3,False,CREDIT_BUREAU
CUST-104189,2025-03-03,2025-03-03,670,R4,False,CREDIT_BUREAU
CUST-105334,2025-03-03,2025-03-03,660,R4,False,CREDIT_BUREAU
CUST-100153,2025-03-03,2025-03-03,677,R4,False,CREDIT_BUREAU
CUST-103389,2025-03-03,2025-03-03,666,R4,False,CREDIT_BUREAU
CUST-103934,2025-03-03,2025-03-03,720,R3,False,CREDIT_BUREAU
CUST-104741,2025-03-03,2025-03-03,591,R6,False,CREDIT_BUREAU
CUST-105647,2025-03-03,2025-03-03,656,R5,False,CREDIT_BUREAU
CUST-104173,2025-03-03,2025-03-03,670,R4,False,CREDIT_BUREAU
CUST-100936,2025-03-03,2025-03-03,820,R1,False,CREDIT_BUREAU
CUST-107262,2025-03-03,2025-03-03,664,R4,False,CREDIT_BUREAU
CUST-107406,2025-03-03,2025-03-03,653,R5,False,CREDIT_BUREAU
CUST-105149,2025-03-03,2025-03-03,715,R3,False,CREDIT_BUREAU
CUST-107935,2025-03-03,2025-03-03,629,R5,False,CREDIT_BUREAU
CUST-103740,2025-03-03,2025-03-03,770,R2,False,CREDIT_BUREAU
CUST-101737,2025-03-03,2025-03-03,716,R3,False,CREDIT_BUREAU
CUST-106703,2025-03-03,2025-03-03,687,R4,False,CREDIT_BUREAU
CUST-100027,2025-03-03,2025-03-03,702,R3,False,CREDIT_BUREAU
CUST-107474,2025-03-03,2025-03-03,818,R1,False,CREDIT_BUREAU
CUST-106607,2025-03-03,2025-03-03,817,R1,False,CREDIT_BUREAU
CUST-100133,2025-03-03,2025-03-03,716,R3,False,CREDIT_BUREAU
CUST-101371,2025-03-03,2025-03-03,749,R2,False,CREDIT_BUREAU
CUST-104881,2025-03-03,2025-03-03,694,R4,False,CREDIT_BUREAU
CUST-105358,2025-03-03,2025-03-03,609,R6,False,CREDIT_BUREAU
CUST-101575,2025-03-03,2025-03-03,744,R2,False,CREDIT_BUREAU
CUST-106377,2025-03-03,2025-03-03,759,R2,False,CREDIT_BUREAU
CUST-103281,2025-03-03,2025-03-03,732,R3,False,CREDIT_BUREAU
CUST-100020,2025-03-03,2025-03-03,804,R1,False,CREDIT_BUREAU
CUST-104877,2025-03-03,2025-03-03,739,R3,False,CREDIT_BUREAU
CUST-105034,2025-03-03,2025-03-03,747,R2,False,CREDIT_BUREAU
CUST-106289,2025-03-03,2025-03-03,660,R4,False,CREDIT_BUREAU
CUST-100672,2025-03-03,2025-03-03,751,R2,False,CREDIT_BUREAU
CUST-105931,2025-03-03,2025-03-03,684,R4,False,CREDIT_BUREAU
CUST-106742,2025-03-03,2025-03-03,596,R6,False,CREDIT_BUREAU
CUST-105564,2025-03-03,2025-03-03,661,R4,False,CREDIT_BUREAU
CUST-106947,2025-03-03,2025-03-03,594,R6,False,CREDIT_BUREAU
CUST-105892,2025-03-03,2025-03-03,769,R2,False,CREDIT_BUREAU
CUST-104900,2025-03-03,2025-03-03,628,R5,False,CREDIT_BUREAU
CUST-100636,2025-03-03,2025-03-03,614,R6,False,CREDIT_BUREAU
CUST-103397,2025-03-03,2025-03-03,793,R1,False,CREDIT_BUREAU
CUST-101319,2025-03-03,2025-03-03,604,R6,False,CREDIT_BUREAU
CUST-101330,2025-03-03,2025-03-03,770,R2,False,CREDIT_BUREAU
CUST-105643,2025-03-03,2025-03-03,767,R2,False,CREDIT_BUREAU
CUST-101484,2025-03-03,2025-03-03,675,R4,False,CREDIT_BUREAU
CUST-103480,2025-03-03,2025-03-03,714,R3,False,CREDIT_BUREAU
CUST-103723,2025-03-03,2025-03-03,611,R6,False,CREDIT_BUREAU
CUST-104778,2025-03-03,2025-03-03,726,R3,False,CREDIT_BUREAU
CUST-101261,2025-03-03,2025-03-03,650,R5,False,CREDIT_BUREAU
CUST-105650,2025-03-03,2025-03-03,725,R3,False,CREDIT_BUREAU
CUST-103232,2025-03-03,2025-03-03,764,R2,False,CREDIT_BUREAU
CUST-104371,2025-03-03,2025-03-03,713,R3,False,CREDIT_BUREAU
CUST-106752,2025-03-03,2025-03-03,717,R3,False,CREDIT_BUREAU
CUST-105060,2025-03-03,2025-03-03,653,R5,False,CREDIT_BUREAU
CUST-101911,2025-03-03,2025-03-03,683,R4,False,CREDIT_BUREAU
CUST-103637,2025-03-03,2025-03-03,806,R1,False,CREDIT_BUREAU
CUST-106273,2025-03-03,2025-03-03,769,R2,False,CREDIT_BUREAU
CUST-101521,2025-03-03,2025-03-03,724,R3,False,CREDIT_BUREAU
CUST-104958,2025-03-03,2025-03-03,804,R1,False,CREDIT_BUREAU
CUST-107501,2025-03-03,2025-03-03,689,R4,False,CREDIT_BUREAU
CUST-107371,2025-03-03,2025-03-03,819,R1,False,CREDIT_BUREAU
CUST-106786,2025-03-03,2025-03-03,446,R7,False,CREDIT_BUREAU
CUST-102246,2025-03-03,2025-03-03,676,R4,False,CREDIT_BUREAU
CUST-101572,2025-03-03,2025-03-03,724,R3,False,CREDIT_BUREAU
CUST-103336,2025-03-03,2025-03-03,759,R2,False,CREDIT_BUREAU
CUST-101657,2025-03-03,2025-03-03,687,R4,False,CREDIT_BUREAU
CUST-101344,2025-03-03,2025-03-03,582,R6,False,CREDIT_BUREAU
CUST-100830,2025-03-03,2025-03-03,805,R1,False,CREDIT_BUREAU
CUST-105015,2025-03-03,2025-03-03,774,R2,False,CREDIT_BUREAU
CUST-105372,2025-03-03,2025-03-03,725,R3,False,CREDIT_BUREAU
CUST-107484,2025-03-03,2025-03-03,805,R1,False,CREDIT_BUREAU
CUST-103321,2025-03-03,2025-03-03,635,R5,False,CREDIT_BUREAU
CUST-101030,2025-03-03,2025-03-03,770,R2,False,CREDIT_BUREAU
CUST-103418,2025-03-03,2025-03-03,672,R4,False,CREDIT_BUREAU
CUST-101655,2025-03-03,2025-03-03,739,R3,False,CREDIT_BUREAU
CUST-104190,2025-03-03,2025-03-03,597,R6,False,CREDIT_BUREAU
CUST-104860,2025-03-03,2025-03-03,802,R1,False,CREDIT_BUREAU
CUST-103216,2025-03-03,2025-03-03,731,R3,False,CREDIT_BUREAU
CUST-106633,2025-03-03,2025-03-03,704,R3,False,CREDIT_BUREAU
CUST-106539,2025-03-03,2025-03-03,636,R5,False,CREDIT_BUREAU
CUST-107317,2025-03-03,2025-03-03,673,R4,False,CREDIT_BUREAU
CUST-107122,2025-03-03,2025-03-03,768,R2,False,CREDIT_BUREAU
CUST-100369,2025-03-03,2025-03-03,756,R2,False,CREDIT_BUREAU
CUST-107543,2025-03-03,2025-03-03,600,R6,False,CREDIT_BUREAU
CUST-107648,2025-03-03,2025-03-03,690,R4,False,CREDIT_BUREAU
CUST-103512,2025-03-03,2025-03-03,614,R6,False,CREDIT_BUREAU
CUST-107455,2025-03-03,2025-03-03,778,R2,False,CREDIT_BUREAU
CUST-105129,2025-03-03,2025-03-03,745,R2,False,CREDIT_BUREAU
CUST-102415,2025-03-03,2025-03-03,794,R1,False,CREDIT_BUREAU
CUST-103692,2025-03-03,2025-03-03,683,R4,False,CREDIT_BUREAU
CUST-102199,2025-03-03,2025-03-03,675,R4,False,CREDIT_BUREAU
CUST-103033,2025-03-03,2025-03-03,747,R2,False,CREDIT_BUREAU
CUST-102632,2025-03-03,2025-03-03,719,R3,False,CREDIT_BUREAU
CUST-106645,2025-03-03,2025-03-03,596,R6,False,CREDIT_BUREAU
CUST-100376,2025-03-03,2025-03-03,599,R6,False,CREDIT_BUREAU
CUST-107256,2025-03-03,2025-03-03,680,R4,False,CREDIT_BUREAU
CUST-105651,2025-03-03,2025-03-03,621,R5,False,CREDIT_BUREAU
CUST-104967,2025-03-03,2025-03-03,650,R5,False,CREDIT_BUREAU
CUST-103824,2025-03-03,2025-03-03,621,R5,False,CREDIT_BUREAU
CUST-107213,2025-03-03,2025-03-03,734,R3,False,CREDIT_BUREAU
CUST-104546,2025-03-03,2025-03-03,718,R3,False,CREDIT_BUREAU
CUST-100734,2025-03-03,2025-03-03,819,R1,False,CREDIT_BUREAU
CUST-104094,2025-03-03,2025-03-03,701,R3,False,CREDIT_BUREAU
CUST-104554,2025-03-03,2025-03-03,759,R2,False,CREDIT_BUREAU
CUST-105597,2025-03-03,2025-03-03,744,R2,False,CREDIT_BUREAU
CUST-104289,2025-03-03,2025-03-03,733,R3,False,CREDIT_BUREAU
CUST-103990,2025-03-03,2025-03-03,705,R3,False,CREDIT_BUREAU
CUST-100023,2025-03-03,2025-03-03,600,R6,False,CREDIT_BUREAU
CUST-103373,2025-03-03,2025-03-03,676,R4,False,CREDIT_BUREAU
CUST-105215,2025-03-03,2025-03-03,801,R1,False,CREDIT_BUREAU
CUST-107737,2025-03-03,2025-03-03,649,R5,False,CREDIT_BUREAU
CUST-102686,2025-03-03,2025-03-03,836,R1,False,CREDIT_BUREAU
CUST-107099,2025-03-03,2025-03-03,757,R2,False,CREDIT_BUREAU
CUST-100646,2025-03-03,2025-03-03,803,R1,False,CREDIT_BUREAU
CUST-102223,2025-03-03,2025-03-03,746,R2,False,CREDIT_BUREAU
CUST-105292,2025-03-03,2025-03-03,440,R7,False,CREDIT_BUREAU
CUST-102151,2025-03-03,2025-03-03,821,R1,False,CREDIT_BUREAU
CUST-104694,2025-03-03,2025-03-03,720,R3,False,CREDIT_BUREAU
CUST-106239,2025-03-03,2025-03-03,693,R4,False,CREDIT_BUREAU
CUST-107800,2025-03-03,2025-03-03,729,R3,False,CREDIT_BUREAU
CUST-104457,2025-03-03,2025-03-03,815,R1,False,CREDIT_BUREAU
CUST-101403,2025-03-03,2025-03-03,810,R1,False,CREDIT_BUREAU
CUST-103279,2025-03-03,2025-03-03,800,R1,False,CREDIT_BUREAU
CUST-107410,2025-03-03,2025-03-03,604,R6,False,CREDIT_BUREAU
CUST-101784,2025-03-03,2025-03-03,729,R3,False,CREDIT_BUREAU
CUST-105259,2025-03-03,2025-03-03,598,R6,False,CREDIT_BUREAU
CUST-105641,2025-03-03,2025-03-03,696,R4,False,CREDIT_BUREAU
CUST-107243,2025-03-03,2025-03-03,762,R2,False,CREDIT_BUREAU
CUST-107109,2025-03-03,2025-03-03,817,R1,False,CREDIT_BUREAU
CUST-101410,2025-03-03,2025-03-03,622,R5,False,CREDIT_BUREAU
CUST-101393,2025-03-03,2025-03-03,731,R3,False,CREDIT_BUREAU
CUST-104304,2025-03-03,2025-03-03,818,R1,False,CREDIT_BUREAU
CUST-107282,2025-03-03,2025-03-03,640,R5,False,CREDIT_BUREAU
CUST-105544,2025-03-03,2025-03-03,807,R1,False,CREDIT_BUREAU
CUST-105659,2025-03-03,2025-03-03,787,R1,False,CREDIT_BUREAU
CUST-104504,2025-03-03,2025-03-03,586,R6,False,CREDIT_BUREAU
CUST-103638,2025-03-03,2025-03-03,670,R4,False,CREDIT_BUREAU
CUST-102394,2025-03-03,2025-03-03,709,R3,False,CREDIT_BUREAU
CUST-105857,2025-03-03,2025-03-03,818,R1,False,CREDIT_BUREAU
CUST-104360,2025-03-03,2025-03-03,754,R2,False,CREDIT_BUREAU
CUST-100906,2025-03-03,2025-03-03,722,R3,False,CREDIT_BUREAU
CUST-101305,2025-03-03,2025-03-03,775,R2,False,CREDIT_BUREAU
CUST-101976,2025-03-03,2025-03-03,707,R3,False,CREDIT_BUREAU
CUST-106885,2025-03-03,2025-03-03,629,R5,False,CREDIT_BUREAU
CUST-101255,2025-03-03,2025-03-03,695,R4,False,CREDIT_BUREAU
CUST-101140,2025-03-03,2025-03-03,661,R4,False,CREDIT_BUREAU
CUST-105698,2025-03-03,2025-03-03,725,R3,False,CREDIT_BUREAU
CUST-104624,2025-03-03,2025-03-03,682,R4,False,CREDIT_BUREAU
CUST-101173,2025-03-03,2025-03-03,783,R1,False,CREDIT_BUREAU
CUST-106951,2025-03-03,2025-03-03,433,R7,False,CREDIT_BUREAU
CUST-106420,2025-03-03,2025-03-03,722,R3,False,CREDIT_BUREAU
CUST-102984,2025-03-03,2025-03-03,763,R2,False,CREDIT_BUREAU
CUST-102468,2025-03-03,2025-03-03,599,R6,False,CREDIT_BUREAU
CUST-107313,2025-03-03,2025-03-03,696,R4,False,CREDIT_BUREAU
CUST-100159,2025-03-03,2025-03-03,637,R5,False,CREDIT_BUREAU
CUST-103926,2025-03-03,2025-03-03,813,R1,False,CREDIT_BUREAU
CUST-100641,2025-03-03,2025-03-03,664,R4,False,CREDIT_BUREAU
CUST-107102,2025-03-03,2025-03-03,721,R3,False,CREDIT_BUREAU
CUST-101511,2025-03-03,2025-03-03,771,R2,False,CREDIT_BUREAU
CUST-100791,2025-03-03,2025-03-03,413,R7,False,CREDIT_BUREAU
CUST-105625,2025-03-03,2025-03-03,611,R6,False,CREDIT_BUREAU
CUST-103019,2025-03-03,2025-03-03,681,R4,False,CREDIT_BUREAU
CUST-107435,2025-03-03,2025-03-03,836,R1,False,CREDIT_BUREAU
CUST-103896,2025-03-03,2025-03-03,709,R3,False,CREDIT_BUREAU
CUST-102523,2025-03-03,2025-03-03,711,R3,False,CREDIT_BUREAU
CUST-102574,2025-03-03,2025-03-03,651,R5,False,CREDIT_BUREAU
CUST-106298,2025-03-03,2025-03-03,712,R3,False,CREDIT_BUREAU
CUST-102255,2025-03-03,2025-03-03,673,R4,False,CREDIT_BUREAU
CUST-100095,2025-03-03,2025-03-03,661,R4,False,CREDIT_BUREAU
CUST-106694,2025-03-03,2025-03-03,768,R2,False,CREDIT_BUREAU
CUST-106181,2025-03-03,2025-03-03,799,R1,False,CREDIT_BUREAU
CUST-100429,2025-03-03,2025-03-03,777,R2,False,CREDIT_BUREAU
CUST-106875,2025-03-03,2025-03-03,645,R5,False,CREDIT_BUREAU
CUST-104991,2025-03-03,2025-03-03,596,R6,False,CREDIT_BUREAU
CUST-103433,2025-03-03,2025-03-03,674,R4,False,CREDIT_BUREAU
CUST-101397,2025-03-03,2025-03-03,797,R1,False,CREDIT_BUREAU
CUST-101551,2025-03-03,2025-03-03,656,R5,False,CREDIT_BUREAU
CUST-104500,2025-03-03,2025-03-03,729,R3,False,CREDIT_BUREAU
CUST-107073,2025-03-03,2025-03-03,630,R5,False,CREDIT_BUREAU
CUST-104400,2025-03-03,2025-03-03,672,R4,False,CREDIT_BUREAU
CUST-100587,2025-03-03,2025-03-03,591,R6,False,CREDIT_BUREAU
CUST-104338,2025-03-03,2025-03-03,690,R4,False,CREDIT_BUREAU
CUST-103858,2025-03-03,2025-03-03,743,R2,False,CREDIT_BUREAU
CUST-104303,2025-03-03,2025-03-03,642,R5,False,CREDIT_BUREAU
CUST-101549,2025-03-03,2025-03-03,703,R3,False,CREDIT_BUREAU
CUST-101659,2025-03-03,2025-03-03,726,R3,False,CREDIT_BUREAU
CUST-104179,2025-03-03,2025-03-03,628,R5,False,CREDIT_BUREAU
CUST-100228,2025-03-03,2025-03-03,669,R4,False,CREDIT_BUREAU
CUST-106157,2025-03-03,2025-03-03,708,R3,False,CREDIT_BUREAU
CUST-106332,2025-03-03,2025-03-03,661,R4,False,CREDIT_BUREAU
CUST-101645,2025-03-03,2025-03-03,760,R2,False,CREDIT_BUREAU
CUST-101932,2025-03-03,2025-03-03,744,R2,False,CREDIT_BUREAU
CUST-102637,2025-03-03,2025-03-03,697,R4,False,CREDIT_BUREAU
CUST-103626,2025-03-03,2025-03-03,763,R2,False,CREDIT_BUREAU
CUST-107706,2025-03-03,2025-03-03,709,R3,False,CREDIT_BUREAU
CUST-104436,2025-03-03,2025-03-03,717,R3,False,CREDIT_BUREAU
CUST-100162,2025-03-03,2025-03-03,459,R7,False,CREDIT_BUREAU
CUST-107046,2025-03-03,2025-03-03,629,R5,False,CREDIT_BUREAU
CUST-105147,2025-03-03,2025-03-03,761,R2,False,CREDIT_BUREAU
CUST-105725,2025-03-03,2025-03-03,609,R6,False,CREDIT_BUREAU
CUST-100938,2025-03-03,2025-03-03,803,R1,False,CREDIT_BUREAU
CUST-107126,2025-03-03,2025-03-03,713,R3,False,CREDIT_BUREAU
CUST-102324,2025-03-03,2025-03-03,800,R1,False,CREDIT_BUREAU
CUST-102991,2025-03-03,2025-03-03,801,R1,False,CREDIT_BUREAU
CUST-106795,2025-03-03,2025-03-03,817,R1,False,CREDIT_BUREAU
CUST-107716,2025-03-03,2025-03-03,628,R5,False,CREDIT_BUREAU
CUST-107821,2025-03-03,2025-03-03,758,R2,False,CREDIT_BUREAU
CUST-103969,2025-03-03,2025-03-03,585,R6,False,CREDIT_BUREAU
CUST-107135,2025-03-03,2025-03-03,693,R4,False,CREDIT_BUREAU
CUST-100147,2025-03-03,2025-03-03,612,R6,False,CREDIT_BUREAU
CUST-105519,2025-03-03,2025-03-03,622,R5,False,CREDIT_BUREAU
CUST-102050,2025-03-03,2025-03-03,828,R1,False,CREDIT_BUREAU
CUST-105829,2025-03-03,2025-03-03,457,R7,False,CREDIT_BUREAU
CUST-101531,2025-03-03,2025-03-03,825,R1,False,CREDIT_BUREAU
CUST-102519,2025-03-03,2025-03-03,435,R7,False,CREDIT_BUREAU
CUST-105014,2025-03-03,2025-03-03,675,R4,False,CREDIT_BUREAU
CUST-102732,2025-03-03,2025-03-03,683,R4,False,CREDIT_BUREAU
CUST-103260,2025-03-03,2025-03-03,673,R4,False,CREDIT_BUREAU
CUST-102107,2025-03-03,2025-03-03,796,R1,False,CREDIT_BUREAU
CUST-102137,2025-03-03,2025-03-03,716,R3,False,CREDIT_BUREAU
CUST-107804,2025-03-03,2025-03-03,761,R2,False,CREDIT_BUREAU
CUST-100087,2025-03-03,2025-03-03,754,R2,False,CREDIT_BUREAU
CUST-101098,2025-03-03,2025-03-03,663,R4,False,CREDIT_BUREAU
CUST-106624,2025-03-03,2025-03-03,447,R7,False,CREDIT_BUREAU
CUST-105616,2025-03-03,2025-03-03,756,R2,False,CREDIT_BUREAU
CUST-107238,2025-03-03,2025-03-03,629,R5,False,CREDIT_BUREAU
CUST-106706,2025-03-03,2025-03-03,725,R3,False,CREDIT_BUREAU
CUST-104006,2025-03-03,2025-03-03,601,R6,False,CREDIT_BUREAU
CUST-106514,2025-03-03,2025-03-03,606,R6,False,CREDIT_BUREAU
CUST-104497,2025-03-03,2025-03-03,594,R6,False,CREDIT_BUREAU
CUST-105835,2025-03-03,2025-03-03,728,R3,False,CREDIT_BUREAU
CUST-101677,2025-03-03,2025-03-03,694,R4,False,CREDIT_BUREAU
CUST-105615,2025-03-03,2025-03-03,716,R3,False,CREDIT_BUREAU
CUST-105726,2025-03-03,2025-03-03,738,R3,False,CREDIT_BUREAU
CUST-105874,2025-03-03,2025-03-03,768,R2,False,CREDIT_BUREAU
CUST-105097,2025-03-03,2025-03-03,709,R3,False,CREDIT_BUREAU
CUST-100745,2025-03-03,2025-03-03,745,R2,False,CREDIT_BUREAU
CUST-107733,2025-03-03,2025-03-03,610,R6,False,CREDIT_BUREAU
CUST-103854,2025-03-03,2025-03-03,763,R2,False,CREDIT_BUREAU
CUST-104709,2025-03-03,2025-03-03,697,R4,False,CREDIT_BUREAU
CUST-104329,2025-03-03,2025-03-03,679,R4,False,CREDIT_BUREAU
CUST-102967,2025-03-03,2025-03-03,774,R2,False,CREDIT_BUREAU
CUST-107089,2025-03-03,2025-03-03,817,R1,False,CREDIT_BUREAU
CUST-100495,2025-03-03,2025-03-03,629,R5,False,CREDIT_BUREAU
CUST-104823,2025-03-03,2025-03-03,618,R6,False,CREDIT_BUREAU
CUST-102493,2025-03-03,2025-03-03,762,R2,False,CREDIT_BUREAU
CUST-101596,2025-03-03,2025-03-03,621,R5,False,CREDIT_BUREAU
CUST-101212,2025-03-03,2025-03-03,643,R5,False,CREDIT_BUREAU
CUST-101095,2025-03-03,2025-03-03,650,R5,False,CREDIT_BUREAU
CUST-100268,2025-03-03,2025-03-03,715,R3,False,CREDIT_BUREAU
CUST-100010,2025-03-03,2025-03-03,778,R2,False,CREDIT_BUREAU
CUST-102559,2025-03-03,2025-03-03,606,R6,False,CREDIT_BUREAU
CUST-100098,2025-03-03,2025-03-03,717,R3,False,CREDIT_BUREAU
CUST-100168,2025-03-03,2025-03-03,706,R3,False,CREDIT_BUREAU
CUST-100466,2025-03-03,2025-03-03,690,R4,False,CREDIT_BUREAU
CUST-105303,2025-03-03,2025-03-03,667,R4,False,CREDIT_BUREAU
CUST-100726,2025-03-03,2025-03-03,763,R2,False,CREDIT_BUREAU
CUST-106321,2025-03-03,2025-03-03,830,R1,False,CREDIT_BUREAU
CUST-100498,2025-03-03,2025-03-03,644,R5,False,CREDIT_BUREAU
CUST-103814,2025-03-03,2025-03-03,752,R2,False,CREDIT_BUREAU
CUST-103151,2025-03-03,2025-03-03,733,R3,False,CREDIT_BUREAU
CUST-107703,2025-03-03,2025-03-03,592,R6,False,CREDIT_BUREAU
CUST-103023,2025-03-03,2025-03-03,598,R6,False,CREDIT_BUREAU
CUST-101311,2025-03-03,2025-03-03,708,R3,False,CREDIT_BUREAU
CUST-107686,2025-03-03,2025-03-03,637,R5,False,CREDIT_BUREAU
CUST-100605,2025-03-03,2025-03-03,610,R6,False,CREDIT_BUREAU
CUST-101700,2025-03-03,2025-03-03,628,R5,False,CREDIT_BUREAU
CUST-104485,2025-03-03,2025-03-03,729,R3,False,CREDIT_BUREAU
CUST-102640,2025-03-03,2025-03-03,636,R5,False,CREDIT_BUREAU
CUST-100644,2025-03-03,2025-03-03,631,R5,False,CREDIT_BUREAU
CUST-106226,2025-03-03,2025-03-03,758,R2,False,CREDIT_BUREAU
CUST-105533,2025-03-03,2025-03-03,679,R4,False,CREDIT_BUREAU
CUST-103647,2025-03-03,2025-03-03,666,R4,False,CREDIT_BUREAU
CUST-100233,2025-03-03,2025-03-03,757,R2,False,CREDIT_BUREAU
CUST-105876,2025-03-03,2025-03-03,720,R3,False,CREDIT_BUREAU
CUST-106851,2025-03-03,2025-03-03,763,R2,False,CREDIT_BUREAU
CUST-103430,2025-03-03,2025-03-03,590,R6,False,CREDIT_BUREAU
CUST-106994,2025-03-03,2025-03-03,765,R2,False,CREDIT_BUREAU
CUST-101681,2025-03-03,2025-03-03,695,R4,False,CREDIT_BUREAU
CUST-103526,2025-03-03,2025-03-03,616,R6,False,CREDIT_BUREAU
CUST-103474,2025-03-03,2025-03-03,695,R4,False,CREDIT_BUREAU
CUST-103821,2025-03-03,2025-03-03,727,R3,False,CREDIT_BUREAU
CUST-101430,2025-03-03,2025-03-03,750,R2,False,CREDIT_BUREAU
CUST-100381,2025-03-03,2025-03-03,741,R2,False,CREDIT_BUREAU
CUST-104481,2025-03-03,2025-03-03,775,R2,False,CREDIT_BUREAU
CUST-101461,2025-03-03,2025-03-03,670,R4,False,CREDIT_BUREAU
CUST-101230,2025-03-03,2025-03-03,678,R4,False,CREDIT_BUREAU
CUST-100619,2025-03-03,2025-03-03,645,R5,False,CREDIT_BUREAU
CUST-107622,2025-03-03,2025-03-03,633,R5,False,CREDIT_BUREAU
CUST-102618,2025-03-03,2025-03-03,599,R6,False,CREDIT_BUREAU
CUST-104178,2025-03-03,2025-03-03,689,R4,False,CREDIT_BUREAU
CUST-104773,2025-03-03,2025-03-03,800,R1,False,CREDIT_BUREAU
CUST-104334,2025-03-03,2025-03-03,696,R4,False,CREDIT_BUREAU
CUST-106509,2025-03-03,2025-03-03,656,R5,False,CREDIT_BUREAU
CUST-105788,2025-03-03,2025-03-03,748,R2,False,CREDIT_BUREAU
CUST-107864,2025-03-03,2025-03-03,818,R1,False,CREDIT_BUREAU
CUST-107343,2025-03-03,2025-03-03,589,R6,False,CREDIT_BUREAU
CUST-103091,2025-03-03,2025-03-03,611,R6,False,CREDIT_BUREAU
CUST-103714,2025-03-03,2025-03-03,619,R6,False,CREDIT_BUREAU
CUST-100724,2025-03-03,2025-03-03,768,R2,False,CREDIT_BUREAU
CUST-100157,2025-03-03,2025-03-03,741,R2,False,CREDIT_BUREAU
CUST-107293,2025-03-03,2025-03-03,770,R2,False,CREDIT_BUREAU
CUST-103390,2025-03-03,2025-03-03,696,R4,False,CREDIT_BUREAU
CUST-100065,2025-03-03,2025-03-03,657,R5,False,CREDIT_BUREAU
CUST-105436,2025-03-03,2025-03-03,720,R3,False,CREDIT_BUREAU
CUST-102180,2025-03-03,2025-03-03,758,R2,False,CREDIT_BUREAU
CUST-104048,2025-03-03,2025-03-03,752,R2,False,CREDIT_BUREAU
CUST-104744,2025-03-03,2025-03-03,438,R7,False,CREDIT_BUREAU
CUST-106945,2025-03-03,2025-03-03,709,R3,False,CREDIT_BUREAU
CUST-103807,2025-03-03,2025-03-03,723,R3,False,CREDIT_BUREAU
CUST-104863,2025-03-03,2025-03-03,594,R6,False,CREDIT_BUREAU
CUST-105282,2025-03-03,2025-03-03,661,R4,False,CREDIT_BUREAU
CUST-106269,2025-03-03,2025-03-03,806,R1,False,CREDIT_BUREAU
CUST-103905,2025-03-03,2025-03-03,699,R4,False,CREDIT_BUREAU
CUST-101320,2025-03-03,2025-03-03,754,R2,False,CREDIT_BUREAU
CUST-104969,2025-03-03,2025-03-03,714,R3,False,CREDIT_BUREAU
CUST-104101,2025-03-03,2025-03-03,675,R4,False,CREDIT_BUREAU
CUST-100948,2025-03-03,2025-03-03,672,R4,False,CREDIT_BUREAU
CUST-105183,2025-03-03,2025-03-03,454,R7,False,CREDIT_BUREAU
CUST-101787,2025-03-03,2025-03-03,766,R2,False,CREDIT_BUREAU
CUST-106599,2025-03-03,2025-03-03,668,R4,False,CREDIT_BUREAU
CUST-100114,2025-03-03,2025-03-03,723,R3,False,CREDIT_BUREAU
CUST-101810,2025-03-03,2025-03-03,658,R5,False,CREDIT_BUREAU
CUST-103100,2025-03-03,2025-03-03,721,R3,False,CREDIT_BUREAU
CUST-102471,2025-03-03,2025-03-03,799,R1,False,CREDIT_BUREAU
CUST-107009,2025-03-03,2025-03-03,436,R7,False,CREDIT_BUREAU
CUST-104685,2025-03-03,2025-03-03,736,R3,False,CREDIT_BUREAU
CUST-106658,2025-03-03,2025-03-03,680,R4,False,CREDIT_BUREAU
CUST-100445,2025-03-03,2025-03-03,810,R1,False,CREDIT_BUREAU
CUST-107233,2025-03-03,2025-03-03,742,R2,False,CREDIT_BUREAU
CUST-103447,2025-03-03,2025-03-03,831,R1,False,CREDIT_BUREAU
CUST-106685,2025-03-03,2025-03-03,757,R2,False,CREDIT_BUREAU
CUST-107332,2025-03-03,2025-03-03,635,R5,False,CREDIT_BUREAU
CUST-103935,2025-03-03,2025-03-03,625,R5,False,CREDIT_BUREAU
CUST-101014,2025-03-03,2025-03-03,689,R4,False,CREDIT_BUREAU
CUST-104814,2025-03-03,2025-03-03,673,R4,False,CREDIT_BUREAU
CUST-106938,2025-03-03,2025-03-03,427,R7,False,CREDIT_BUREAU
CUST-105837,2025-03-03,2025-03-03,818,R1,False,CREDIT_BUREAU
CUST-106212,2025-03-03,2025-03-03,688,R4,False,CREDIT_BUREAU
CUST-105326,2025-03-03,2025-03-03,600,R6,False,CREDIT_BUREAU
CUST-102074,2025-03-03,2025-03-03,682,R4,False,CREDIT_BUREAU
CUST-107346,2025-03-03,2025-03-03,796,R1,False,CREDIT_BUREAU
CUST-107057,2025-03-03,2025-03-03,762,R2,False,CREDIT_BUREAU
CUST-103652,2025-03-03,2025-03-03,589,R6,False,CREDIT_BUREAU
CUST-106331,2025-03-03,2025-03-03,626,R5,False,CREDIT_BUREAU
CUST-105866,2025-03-03,2025-03-03,760,R2,False,CREDIT_BUREAU
CUST-104851,2025-03-03,2025-03-03,816,R1,False,CREDIT_BUREAU
CUST-105239,2025-03-03,2025-03-03,573,R7,False,CREDIT_BUREAU
CUST-101000,2025-03-03,2025-03-03,748,R2,False,CREDIT_BUREAU
CUST-104961,2025-03-03,2025-03-03,716,R3,False,CREDIT_BUREAU
CUST-106092,2025-03-03,2025-03-03,687,R4,False,CREDIT_BUREAU
CUST-106193,2025-03-03,2025-03-03,730,R3,False,CREDIT_BUREAU
CUST-106902,2025-03-03,2025-03-03,696,R4,False,CREDIT_BUREAU
CUST-106367,2025-03-03,2025-03-03,721,R3,False,CREDIT_BUREAU
CUST-106711,2025-03-03,2025-03-03,809,R1,False,CREDIT_BUREAU
CUST-107778,2025-03-03,2025-03-03,747,R2,False,CREDIT_BUREAU
CUST-106114,2025-03-03,2025-03-03,727,R3,False,CREDIT_BUREAU
CUST-102006,2025-03-03,2025-03-03,821,R1,False,CREDIT_BUREAU
CUST-107729,2025-03-03,2025-03-03,746,R2,False,CREDIT_BUREAU
CUST-104901,2025-03-03,2025-03-03,713,R3,False,CREDIT_BUREAU
CUST-103564,2025-03-03,2025-03-03,755,R2,False,CREDIT_BUREAU
CUST-101679,2025-03-03,2025-03-03,809,R1,False,CREDIT_BUREAU
CUST-106736,2025-03-03,2025-03-03,634,R5,False,CREDIT_BUREAU
CUST-105594,2025-03-03,2025-03-03,827,R1,False,CREDIT_BUREAU
CUST-103779,2025-03-03,2025-03-03,752,R2,False,CREDIT_BUREAU
CUST-107918,2025-03-03,2025-03-03,675,R4,False,CREDIT_BUREAU
CUST-105981,2025-03-03,2025-03-03,806,R1,False,CREDIT_BUREAU
CUST-101550,2025-03-03,2025-03-03,639,R5,False,CREDIT_BUREAU
CUST-101674,2025-03-03,2025-03-03,632,R5,False,CREDIT_BUREAU
CUST-106596,2025-03-03,2025-03-03,654,R5,False,CREDIT_BUREAU
CUST-101384,2025-03-03,2025-03-03,701,R3,False,CREDIT_BUREAU
CUST-107479,2025-03-03,2025-03-03,765,R2,False,CREDIT_BUREAU
CUST-102912,2025-03-03,2025-03-03,686,R4,False,CREDIT_BUREAU
CUST-102944,2025-03-03,2025-03-03,735,R3,False,CREDIT_BUREAU
CUST-103340,2025-03-03,2025-03-03,600,R6,False,CREDIT_BUREAU
CUST-107079,2025-03-03,2025-03-03,802,R1,False,CREDIT_BUREAU
CUST-101076,2025-03-03,2025-03-03,693,R4,False,CREDIT_BUREAU
CUST-102241,2025-03-03,2025-03-03,822,R1,False,CREDIT_BUREAU
CUST-102020,2025-03-03,2025-03-03,727,R3,False,CREDIT_BUREAU
CUST-103209,2025-03-03,2025-03-03,658,R5,False,CREDIT_BUREAU
CUST-100033,2025-03-03,2025-03-03,762,R2,False,CREDIT_BUREAU
CUST-100106,2025-03-03,2025-03-03,637,R5,False,CREDIT_BUREAU
CUST-103405,2025-03-03,2025-03-03,809,R1,False,CREDIT_BUREAU
CUST-101765,2025-03-03,2025-03-03,686,R4,False,CREDIT_BUREAU
CUST-102111,2025-03-03,2025-03-03,663,R4,False,CREDIT_BUREAU
CUST-107860,2025-03-03,2025-03-03,725,R3,False,CREDIT_BUREAU
CUST-102464,2025-03-03,2025-03-03,675,R4,False,CREDIT_BUREAU
CUST-102411,2025-03-03,2025-03-03,739,R3,False,CREDIT_BUREAU
CUST-105270,2025-03-03,2025-03-03,763,R2,False,CREDIT_BUREAU
CUST-101544,2025-03-03,2025-03-03,742,R2,False,CREDIT_BUREAU
CUST-104609,2025-03-03,2025-03-03,721,R3,False,CREDIT_BUREAU
CUST-106308,2025-03-03,2025-03-03,713,R3,False,CREDIT_BUREAU
CUST-105633,2025-03-03,2025-03-03,664,R4,False,CREDIT_BUREAU
CUST-103145,2025-03-03,2025-03-03,686,R4,False,CREDIT_BUREAU
CUST-100616,2025-03-03,2025-03-03,668,R4,False,CREDIT_BUREAU
CUST-106804,2025-03-03,2025-03-03,709,R3,False,CREDIT_BUREAU
CUST-105529,2025-03-03,2025-03-03,724,R3,False,CREDIT_BUREAU
CUST-101869,2025-03-03,2025-03-03,750,R2,False,CREDIT_BUREAU
CUST-103862,2025-03-03,2025-03-03,730,R3,False,CREDIT_BUREAU
CUST-103620,2025-03-03,2025-03-03,723,R3,False,CREDIT_BUREAU
CUST-106773,2025-03-03,2025-03-03,813,R1,False,CREDIT_BUREAU
CUST-106892,2025-03-03,2025-03-03,715,R3,False,CREDIT_BUREAU
CUST-107275,2025-03-03,2025-03-03,807,R1,False,CREDIT_BUREAU
CUST-106086,2025-03-03,2025-03-03,720,R3,False,CREDIT_BUREAU
CUST-104752,2025-03-03,2025-03-03,748,R2,False,CREDIT_BUREAU
CUST-101857,2025-03-03,2025-03-03,426,R7,False,CREDIT_BUREAU
CUST-100561,2025-03-03,2025-03-03,804,R1,False,CREDIT_BUREAU
CUST-105269,2025-03-03,2025-03-03,823,R1,False,CREDIT_BUREAU
CUST-104627,2025-03-03,2025-03-03,693,R4,False,CREDIT_BUREAU
CUST-102649,2025-03-03,2025-03-03,646,R5,False,CREDIT_BUREAU
CUST-104803,2025-03-03,2025-03-03,772,R2,False,CREDIT_BUREAU
CUST-107583,2025-03-03,2025-03-03,598,R6,False,CREDIT_BUREAU
CUST-101068,2025-03-03,2025-03-03,801,R1,False,CREDIT_BUREAU
CUST-107871,2025-03-03,2025-03-03,693,R4,False,CREDIT_BUREAU
CUST-107434,2025-03-03,2025-03-03,662,R4,False,CREDIT_BUREAU
CUST-100441,2025-03-03,2025-03-03,806,R1,False,CREDIT_BUREAU
CUST-101625,2025-03-03,2025-03-03,819,R1,False,CREDIT_BUREAU
CUST-104932,2025-03-03,2025-03-03,685,R4,False,CREDIT_BUREAU
CUST-107469,2025-03-03,2025-03-03,803,R1,False,CREDIT_BUREAU
CUST-103593,2025-03-03,2025-03-03,643,R5,False,CREDIT_BUREAU
CUST-100252,2025-03-03,2025-03-03,648,R5,False,CREDIT_BUREAU
CUST-105799,2025-03-03,2025-03-03,606,R6,False,CREDIT_BUREAU
CUST-101542,2025-03-03,2025-03-03,755,R2,False,CREDIT_BUREAU
CUST-107443,2025-03-03,2025-03-03,820,R1,False,CREDIT_BUREAU
CUST-103129,2025-03-03,2025-03-03,686,R4,False,CREDIT_BUREAU
CUST-106376,2025-03-03,2025-03-03,777,R2,False,CREDIT_BUREAU
CUST-100187,2025-03-03,2025-03-03,697,R4,False,CREDIT_BUREAU
CUST-102035,2025-03-03,2025-03-03,667,R4,False,CREDIT_BUREAU
CUST-106740,2025-03-03,2025-03-03,718,R3,False,CREDIT_BUREAU
CUST-103181,2025-03-03,2025-03-03,439,R7,False,CREDIT_BUREAU
CUST-101304,2025-03-03,2025-03-03,740,R2,False,CREDIT_BUREAU
CUST-101346,2025-03-03,2025-03-03,720,R3,False,CREDIT_BUREAU
CUST-104293,2025-03-03,2025-03-03,759,R2,False,CREDIT_BUREAU
CUST-100827,2025-03-03,2025-03-03,688,R4,False,CREDIT_BUREAU
CUST-102252,2025-03-03,2025-03-03,593,R6,False,CREDIT_BUREAU
CUST-106995,2025-03-03,2025-03-03,735,R3,False,CREDIT_BUREAU
CUST-107258,2025-03-03,2025-03-03,761,R2,False,CREDIT_BUREAU
CUST-105935,2025-03-03,2025-03-03,824,R1,False,CREDIT_BUREAU
CUST-102231,2025-03-03,2025-03-03,814,R1,False,CREDIT_BUREAU
CUST-102291,2025-03-03,2025-03-03,753,R2,False,CREDIT_BUREAU
CUST-107553,2025-03-03,2025-03-03,745,R2,False,CREDIT_BUREAU
CUST-106465,2025-03-03,2025-03-03,660,R4,False,CREDIT_BUREAU
CUST-104230,2025-03-03,2025-03-03,738,R3,False,CREDIT_BUREAU
CUST-106999,2025-03-03,2025-03-03,725,R3,False,CREDIT_BUREAU
CUST-102373,2025-03-03,2025-03-03,644,R5,False,CREDIT_BUREAU
CUST-107329,2025-03-03,2025-03-03,614,R6,False,CREDIT_BUREAU
CUST-101309,2025-03-03,2025-03-03,679,R4,False,CREDIT_BUREAU
CUST-106651,2025-03-03,2025-03-03,736,R3,False,CREDIT_BUREAU
CUST-106824,2025-03-03,2025-03-03,727,R3,False,CREDIT_BUREAU
CUST-104308,2025-03-03,2025-03-03,724,R3,False,CREDIT_BUREAU
CUST-105193,2025-03-03,2025-03-03,583,R6,False,CREDIT_BUREAU
CUST-103883,2025-03-03,2025-03-03,713,R3,False,CREDIT_BUREAU
CUST-101631,2025-03-03,2025-03-03,458,R7,False,CREDIT_BUREAU
CUST-100254,2025-03-03,2025-03-03,659,R5,False,CREDIT_BUREAU
CUST-102153,2025-03-03,2025-03-03,582,R6,False,CREDIT_BUREAU
CUST-104819,2025-03-03,2025-03-03,670,R4,False,CREDIT_BUREAU
CUST-100539,2025-03-03,2025-03-03,708,R3,False,CREDIT_BUREAU
CUST-103669,2025-03-03,2025-03-03,721,R3,False,CREDIT_BUREAU
CUST-106008,2025-03-03,2025-03-03,678,R4,False,CREDIT_BUREAU
CUST-105776,2025-03-03,2025-03-03,724,R3,False,CREDIT_BUREAU
CUST-107558,2025-03-03,2025-03-03,431,R7,False,CREDIT_BUREAU
CUST-102917,2025-03-03,2025-03-03,701,R3,False,CREDIT_BUREAU
CUST-103127,2025-03-03,2025-03-03,598,R6,False,CREDIT_BUREAU
CUST-102475,2025-03-03,2025-03-03,441,R7,False,CREDIT_BUREAU
CUST-100944,2025-03-03,2025-03-03,805,R1,False,CREDIT_BUREAU
CUST-100002,2025-03-03,2025-03-03,731,R3,False,CREDIT_BUREAU
CUST-106477,2025-03-03,2025-03-03,593,R6,False,CREDIT_BUREAU
CUST-101525,2025-03-03,2025-03-03,727,R3,False,CREDIT_BUREAU
CUST-102876,2025-03-03,2025-03-03,805,R1,False,CREDIT_BUREAU
CUST-106895,2025-03-03,2025-03-03,701,R3,False,CREDIT_BUREAU
CUST-105411,2025-03-03,2025-03-03,709,R3,False,CREDIT_BUREAU
CUST-102621,2025-03-03,2025-03-03,799,R1,False,CREDIT_BUREAU
CUST-101476,2025-03-03,2025-03-03,725,R3,False,CREDIT_BUREAU
CUST-104698,2025-03-03,2025-03-03,768,R2,False,CREDIT_BUREAU
CUST-100040,2025-03-03,2025-03-03,719,R3,False,CREDIT_BUREAU
CUST-102407,2025-03-03,2025-03-03,693,R4,False,CREDIT_BUREAU
CUST-100947,2025-03-03,2025-03-03,434,R7,False,CREDIT_BUREAU
CUST-101025,2025-03-03,2025-03-03,719,R3,False,CREDIT_BUREAU
CUST-104672,2025-03-03,2025-03-03,671,R4,False,CREDIT_BUREAU
CUST-107117,2025-03-03,2025-03-03,671,R4,False,CREDIT_BUREAU
CUST-104507,2025-03-03,2025-03-03,743,R2,False,CREDIT_BUREAU
CUST-102420,2025-03-03,2025-03-03,759,R2,False,CREDIT_BUREAU
CUST-103058,2025-03-03,2025-03-03,683,R4,False,CREDIT_BUREAU
CUST-104343,2025-03-03,2025-03-03,714,R3,False,CREDIT_BUREAU
CUST-105135,2025-03-03,2025-03-03,721,R3,False,CREDIT_BUREAU
CUST-104016,2025-03-03,2025-03-03,636,R5,False,CREDIT_BUREAU
CUST-105728,2025-03-03,2025-03-03,796,R1,False,CREDIT_BUREAU
CUST-100969,2025-03-03,2025-03-03,674,R4,False,CREDIT_BUREAU
CUST-105997,2025-03-03,2025-03-03,604,R6,False,CREDIT_BUREAU
CUST-100015,2025-03-03,2025-03-03,638,R5,False,CREDIT_BUREAU
CUST-100200,2025-03-03,2025-03-03,711,R3,False,CREDIT_BUREAU
CUST-103724,2025-03-03,2025-03-03,738,R3,False,CREDIT_BUREAU
CUST-103048,2025-03-03,2025-03-03,640,R5,False,CREDIT_BUREAU
CUST-105028,2025-03-03,2025-03-03,642,R5,False,CREDIT_BUREAU
CUST-101565,2025-03-03,2025-03-03,607,R6,False,CREDIT_BUREAU
CUST-100994,2025-03-03,2025-03-03,631,R5,False,CREDIT_BUREAU
CUST-107947,2025-03-03,2025-03-03,749,R2,False,CREDIT_BUREAU
CUST-106300,2025-03-03,2025-03-03,666,R4,False,CREDIT_BUREAU
CUST-106153,2025-03-03,2025-03-03,658,R5,False,CREDIT_BUREAU
CUST-100279,2025-03-03,2025-03-03,812,R1,False,CREDIT_BUREAU
CUST-105493,2025-03-03,2025-03-03,649,R5,False,CREDIT_BUREAU
CUST-102353,2025-03-03,2025-03-03,431,R7,False,CREDIT_BUREAU
CUST-100537,2025-03-03,2025-03-03,704,R3,False,CREDIT_BUREAU
CUST-100590,2025-03-03,2025-03-03,696,R4,False,CREDIT_BUREAU
CUST-100060,2025-03-03,2025-03-03,681,R4,False,CREDIT_BUREAU
CUST-105104,2025-03-03,2025-03-03,633,R5,False,CREDIT_BUREAU
CUST-106868,2025-03-03,2025-03-03,631,R5,False,CREDIT_BUREAU
CUST-107629,2025-03-03,2025-03-03,749,R2,False,CREDIT_BUREAU
CUST-107181,2025-03-03,2025-03-03,676,R4,False,CREDIT_BUREAU
CUST-107280,2025-03-03,2025-03-03,644,R5,False,CREDIT_BUREAU
CUST-100451,2025-03-03,2025-03-03,744,R2,False,CREDIT_BUREAU
CUST-103493,2025-03-03,2025-03-03,811,R1,False,CREDIT_BUREAU
CUST-101209,2025-03-03,2025-03-03,636,R5,False,CREDIT_BUREAU
CUST-101538,2025-03-03,2025-03-03,829,R1,False,CREDIT_BUREAU
CUST-102980,2025-03-03,2025-03-03,813,R1,False,CREDIT_BUREAU
CUST-102518,2025-03-03,2025-03-03,624,R5,False,CREDIT_BUREAU
CUST-102101,2025-03-03,2025-03-03,760,R2,False,CREDIT_BUREAU
CUST-104206,2025-03-03,2025-03-03,789,R1,False,CREDIT_BUREAU
CUST-103790,2025-03-03,2025-03-03,702,R3,False,CREDIT_BUREAU
CUST-101322,2025-03-03,2025-03-03,666,R4,False,CREDIT_BUREAU
CUST-107026,2025-03-03,2025-03-03,748,R2,False,CREDIT_BUREAU
CUST-100714,2025-03-03,2025-03-03,601,R6,False,CREDIT_BUREAU
CUST-103830,2025-03-03,2025-03-03,603,R6,False,CREDIT_BUREAU
CUST-105480,2025-03-03,2025-03-03,757,R2,False,CREDIT_BUREAU
CUST-102590,2025-03-03,2025-03-03,715,R3,False,CREDIT_BUREAU
CUST-105729,2025-03-03,2025-03-03,738,R3,False,CREDIT_BUREAU
CUST-103119,2025-03-03,2025-03-03,721,R3,False,CREDIT_BUREAU
CUST-107350,2025-03-03,2025-03-03,709,R3,False,CREDIT_BUREAU
CUST-104103,2025-03-03,2025-03-03,727,R3,False,CREDIT_BUREAU
CUST-101839,2025-03-03,2025-03-03,666,R4,False,CREDIT_BUREAU
CUST-107536,2025-03-03,2025-03-03,673,R4,False,CREDIT_BUREAU
CUST-107091,2025-03-03,2025-03-03,718,R3,False,CREDIT_BUREAU
CUST-103550,2025-03-03,2025-03-03,686,R4,False,CREDIT_BUREAU
CUST-105928,2025-03-03,2025-03-03,645,R5,False,CREDIT_BUREAU
CUST-104543,2025-03-03,2025-03-03,686,R4,False,CREDIT_BUREAU
CUST-107314,2025-03-03,2025-03-03,692,R4,False,CREDIT_BUREAU
CUST-102726,2025-03-03,2025-03-03,747,R2,False,CREDIT_BUREAU
CUST-107331,2025-03-03,2025-03-03,695,R4,False,CREDIT_BUREAU
CUST-106467,2025-03-03,2025-03-03,646,R5,False,CREDIT_BUREAU
CUST-101618,2025-03-03,2025-03-03,676,R4,False,CREDIT_BUREAU
CUST-106432,2025-03-03,2025-03-03,721,R3,False,CREDIT_BUREAU
CUST-103688,2025-03-03,2025-03-03,667,R4,False,CREDIT_BUREAU
CUST-107885,2025-03-03,2025-03-03,738,R3,False,CREDIT_BUREAU
CUST-101149,2025-03-03,2025-03-03,809,R1,False,CREDIT_BUREAU
CUST-100923,2025-03-03,2025-03-03,802,R1,False,CREDIT_BUREAU
CUST-107184,2025-03-03,2025-03-03,716,R3,False,CREDIT_BUREAU
CUST-107137,2025-03-03,2025-03-03,830,R1,False,CREDIT_BUREAU
CUST-101905,2025-03-03,2025-03-03,594,R6,False,CREDIT_BUREAU
CUST-102347,2025-03-03,2025-03-03,756,R2,False,CREDIT_BUREAU
CUST-107058,2025-03-03,2025-03-03,793,R1,False,CREDIT_BUREAU
CUST-103277,2025-03-03,2025-03-03,807,R1,False,CREDIT_BUREAU
CUST-100959,2025-03-03,2025-03-03,607,R6,False,CREDIT_BUREAU
CUST-106426,2025-03-03,2025-03-03,695,R4,False,CREDIT_BUREAU
CUST-103731,2025-03-03,2025-03-03,724,R3,False,CREDIT_BUREAU
CUST-104939,2025-03-03,2025-03-03,711,R3,False,CREDIT_BUREAU
CUST-102121,2025-03-03,2025-03-03,776,R2,False,CREDIT_BUREAU
CUST-105702,2025-03-03,2025-03-03,725,R3,False,CREDIT_BUREAU
CUST-106613,2025-03-03,2025-03-03,683,R4,False,CREDIT_BUREAU
CUST-102844,2025-03-03,2025-03-03,700,R3,False,CREDIT_BUREAU
CUST-105974,2025-03-03,2025-03-03,669,R4,False,CREDIT_BUREAU
CUST-106708,2025-03-03,2025-03-03,641,R5,False,CREDIT_BUREAU
CUST-103251,2025-03-03,2025-03-03,680,R4,False,CREDIT_BUREAU
CUST-106961,2025-03-03,2025-03-03,770,R2,False,CREDIT_BUREAU
CUST-102716,2025-03-03,2025-03-03,737,R3,False,CREDIT_BUREAU
CUST-102824,2025-03-03,2025-03-03,691,R4,False,CREDIT_BUREAU
CUST-107485,2025-03-03,2025-03-03,702,R3,False,CREDIT_BUREAU
CUST-101016,2025-03-03,2025-03-03,837,R1,False,CREDIT_BUREAU
CUST-105065,2025-03-03,2025-03-03,620,R5,False,CREDIT_BUREAU
CUST-100082,2025-03-03,2025-03-03,703,R3,False,CREDIT_BUREAU
CUST-106674,2025-03-03,2025-03-03,677,R4,False,CREDIT_BUREAU
CUST-101923,2025-03-03,2025-03-03,700,R3,False,CREDIT_BUREAU
CUST-100331,2025-03-03,2025-03-03,609,R6,False,CREDIT_BUREAU
CUST-105718,2025-03-03,2025-03-03,814,R1,False,CREDIT_BUREAU
CUST-100683,2025-03-03,2025-03-03,686,R4,False,CREDIT_BUREAU
CUST-100478,2025-03-03,2025-03-03,676,R4,False,CREDIT_BUREAU
CUST-104748,2025-03-03,2025-03-03,717,R3,False,CREDIT_BUREAU
CUST-101489,2025-03-03,2025-03-03,807,R1,False,CREDIT_BUREAU
CUST-106319,2025-03-03,2025-03-03,752,R2,False,CREDIT_BUREAU
CUST-106091,2025-03-03,2025-03-03,687,R4,False,CREDIT_BUREAU
CUST-105176,2025-03-03,2025-03-03,620,R5,False,CREDIT_BUREAU
CUST-107828,2025-03-03,2025-03-03,620,R5,False,CREDIT_BUREAU
CUST-107055,2025-03-03,2025-03-03,720,R3,False,CREDIT_BUREAU
CUST-106666,2025-03-03,2025-03-03,651,R5,False,CREDIT_BUREAU
CUST-103136,2025-03-03,2025-03-03,727,R3,False,CREDIT_BUREAU
CUST-104475,2025-03-03,2025-03-03,651,R5,False,CREDIT_BUREAU
CUST-106408,2025-03-03,2025-03-03,688,R4,False,CREDIT_BUREAU
CUST-106457,2025-03-03,2025-03-03,698,R4,False,CREDIT_BUREAU
CUST-105902,2025-03-03,2025-03-03,678,R4,False,CREDIT_BUREAU
CUST-100183,2025-03-03,2025-03-03,766,R2,False,CREDIT_BUREAU
CUST-100657,2025-03-03,2025-03-03,682,R4,False,CREDIT_BUREAU
CUST-103166,2025-03-03,2025-03-03,441,R7,False,CREDIT_BUREAU
CUST-105953,2025-03-03,2025-03-03,816,R1,False,CREDIT_BUREAU
CUST-104372,2025-03-03,2025-03-03,660,R4,False,CREDIT_BUREAU
CUST-101192,2025-03-03,2025-03-03,814,R1,False,CREDIT_BUREAU
CUST-100838,2025-03-03,2025-03-03,723,R3,False,CREDIT_BUREAU
CUST-101952,2025-03-03,2025-03-03,754,R2,False,CREDIT_BUREAU
CUST-105906,2025-03-03,2025-03-03,604,R6,False,CREDIT_BUREAU
CUST-100226,2025-03-03,2025-03-03,639,R5,False,CREDIT_BUREAU
CUST-107081,2025-03-03,2025-03-03,651,R5,False,CREDIT_BUREAU
CUST-106140,2025-03-03,2025-03-03,771,R2,False,CREDIT_BUREAU
CUST-102983,2025-03-03,2025-03-03,679,R4,False,CREDIT_BUREAU
CUST-102920,2025-03-03,2025-03-03,742,R2,False,CREDIT_BUREAU
CUST-107905,2025-03-03,2025-03-03,740,R2,False,CREDIT_BUREAU
CUST-102620,2025-03-03,2025-03-03,724,R3,False,CREDIT_BUREAU
CUST-105452,2025-03-03,2025-03-03,745,R2,False,CREDIT_BUREAU
CUST-105381,2025-03-03,2025-03-03,737,R3,False,CREDIT_BUREAU
CUST-102087,2025-03-03,2025-03-03,678,R4,False,CREDIT_BUREAU
CUST-104218,2025-03-03,2025-03-03,426,R7,False,CREDIT_BUREAU
CUST-101451,2025-03-03,2025-03-03,670,R4,False,CREDIT_BUREAU
CUST-106113,2025-03-03,2025-03-03,734,R3,False,CREDIT_BUREAU
CUST-100148,2025-03-03,2025-03-03,692,R4,False,CREDIT_BUREAU
CUST-105317,2025-03-03,2025-03-03,825,R1,False,CREDIT_BUREAU
CUST-105496,2025-03-03,2025-03-03,682,R4,False,CREDIT_BUREAU
CUST-106686,2025-03-03,2025-03-03,450,R7,False,CREDIT_BUREAU
CUST-103191,2025-03-03,2025-03-03,694,R4,False,CREDIT_BUREAU
CUST-101666,2025-03-03,2025-03-03,678,R4,False,CREDIT_BUREAU
CUST-101801,2025-03-03,2025-03-03,716,R3,False,CREDIT_BUREAU
CUST-105429,2025-03-03,2025-03-03,633,R5,False,CREDIT_BUREAU
CUST-100922,2025-03-03,2025-03-03,718,R3,False,CREDIT_BUREAU
CUST-102256,2025-03-03,2025-03-03,724,R3,False,CREDIT_BUREAU
CUST-104273,2025-03-03,2025-03-03,781,R1,False,CREDIT_BUREAU
CUST-103312,2025-03-03,2025-03-03,642,R5,False,CREDIT_BUREAU
CUST-104260,2025-03-03,2025-03-03,716,R3,False,CREDIT_BUREAU
CUST-103265,2025-03-03,2025-03-03,642,R5,False,CREDIT_BUREAU
CUST-101128,2025-03-03,2025-03-03,715,R3,False,CREDIT_BUREAU
CUST-104291,2025-03-03,2025-03-03,653,R5,False,CREDIT_BUREAU
CUST-103363,2025-03-03,2025-03-03,700,R3,False,CREDIT_BUREAU
CUST-100089,2025-03-03,2025-03-03,664,R4,False,CREDIT_BUREAU
CUST-106462,2025-03-03,2025-03-03,821,R1,False,CREDIT_BUREAU
CUST-103439,2025-03-03,2025-03-03,625,R5,False,CREDIT_BUREAU
CUST-100917,2025-03-03,2025-03-03,665,R4,False,CREDIT_BUREAU
CUST-100771,2025-03-03,2025-03-03,630,R5,False,CREDIT_BUREAU
CUST-107316,2025-03-03,2025-03-03,704,R3,False,CREDIT_BUREAU
CUST-104874,2025-03-03,2025-03-03,595,R6,False,CREDIT_BUREAU
CUST-103963,2025-03-03,2025-03-03,649,R5,False,CREDIT_BUREAU
CUST-102845,2025-03-03,2025-03-03,758,R2,False,CREDIT_BUREAU
CUST-107649,2025-03-03,2025-03-03,675,R4,False,CREDIT_BUREAU
CUST-101426,2025-03-03,2025-03-03,670,R4,False,CREDIT_BUREAU
CUST-105325,2025-03-03,2025-03-03,745,R2,False,CREDIT_BUREAU
CUST-104214,2025-03-03,2025-03-03,710,R3,False,CREDIT_BUREAU
CUST-107518,2025-03-03,2025-03-03,637,R5,False,CREDIT_BUREAU
CUST-105627,2025-03-03,2025-03-03,696,R4,False,CREDIT_BUREAU
CUST-101168,2025-03-03,2025-03-03,764,R2,False,CREDIT_BUREAU
CUST-106084,2025-03-03,2025-03-03,687,R4,False,CREDIT_BUREAU
CUST-103722,2025-03-03,2025-03-03,822,R1,False,CREDIT_BUREAU
CUST-103085,2025-03-03,2025-03-03,745,R2,False,CREDIT_BUREAU
CUST-102067,2025-03-03,2025-03-03,734,R3,False,CREDIT_BUREAU
CUST-106926,2025-03-03,2025-03-03,720,R3,False,CREDIT_BUREAU
CUST-101287,2025-03-03,2025-03-03,805,R1,False,CREDIT_BUREAU
CUST-104941,2025-03-03,2025-03-03,746,R2,False,CREDIT_BUREAU
CUST-101404,2025-03-03,2025-03-03,672,R4,False,CREDIT_BUREAU
CUST-101838,2025-03-03,2025-03-03,586,R6,False,CREDIT_BUREAU
CUST-104642,2025-03-03,2025-03-03,436,R7,False,CREDIT_BUREAU
CUST-100612,2025-03-03,2025-03-03,586,R6,False,CREDIT_BUREAU
CUST-102013,2025-03-03,2025-03-03,812,R1,False,CREDIT_BUREAU
CUST-101776,2025-03-03,2025-03-03,638,R5,False,CREDIT_BUREAU
CUST-101755,2025-03-03,2025-03-03,692,R4,False,CREDIT_BUREAU
CUST-104891,2025-03-03,2025-03-03,704,R3,False,CREDIT_BUREAU
CUST-101363,2025-03-03,2025-03-03,722,R3,False,CREDIT_BUREAU
CUST-106109,2025-03-03,2025-03-03,836,R1,False,CREDIT_BUREAU
CUST-106675,2025-03-03,2025-03-03,743,R2,False,CREDIT_BUREAU
CUST-105242,2025-03-03,2025-03-03,662,R4,False,CREDIT_BUREAU
CUST-102601,2025-03-03,2025-03-03,668,R4,False,CREDIT_BUREAU
CUST-101463,2025-03-03,2025-03-03,678,R4,False,CREDIT_BUREAU
CUST-104384,2025-03-03,2025-03-03,812,R1,False,CREDIT_BUREAU
CUST-106728,2025-03-03,2025-03-03,810,R1,False,CREDIT_BUREAU
CUST-102167,2025-03-03,2025-03-03,745,R2,False,CREDIT_BUREAU
CUST-100149,2025-03-03,2025-03-03,683,R4,False,CREDIT_BUREAU
CUST-107868,2025-03-03,2025-03-03,717,R3,False,CREDIT_BUREAU
CUST-100642,2025-03-03,2025-03-03,728,R3,False,CREDIT_BUREAU
CUST-105108,2025-03-03,2025-03-03,599,R6,False,CREDIT_BUREAU
CUST-100375,2025-03-03,2025-03-03,591,R6,False,CREDIT_BUREAU
CUST-101636,2025-03-03,2025-03-03,688,R4,False,CREDIT_BUREAU
CUST-100820,2025-03-03,2025-03-03,632,R5,False,CREDIT_BUREAU
CUST-101604,2025-03-03,2025-03-03,691,R4,False,CREDIT_BUREAU
CUST-100372,2025-03-03,2025-03-03,713,R3,False,CREDIT_BUREAU
CUST-103853,2025-03-03,2025-03-03,777,R2,False,CREDIT_BUREAU
CUST-100658,2025-03-03,2025-03-03,726,R3,False,CREDIT_BUREAU
CUST-106982,2025-03-03,2025-03-03,727,R3,False,CREDIT_BUREAU
CUST-103386,2025-03-03,2025-03-03,701,R3,False,CREDIT_BUREAU
CUST-106173,2025-03-03,2025-03-03,800,R1,False,CREDIT_BUREAU
CUST-103974,2025-03-03,2025-03-03,688,R4,False,CREDIT_BUREAU
CUST-101864,2025-03-03,2025-03-03,706,R3,False,CREDIT_BUREAU
CUST-107688,2025-03-03,2025-03-03,676,R4,False,CREDIT_BUREAU
CUST-103200,2025-03-03,2025-03-03,669,R4,False,CREDIT_BUREAU
CUST-107819,2025-03-03,2025-03-03,678,R4,False,CREDIT_BUREAU
CUST-101832,2025-03-03,2025-03-03,671,R4,False,CREDIT_BUREAU
CUST-103026,2025-03-03,2025-03-03,810,R1,False,CREDIT_BUREAU
CUST-102008,2025-03-03,2025-03-03,756,R2,False,CREDIT_BUREAU
CUST-101008,2025-03-03,2025-03-03,811,R1,False,CREDIT_BUREAU
CUST-101143,2025-03-03,2025-03-03,821,R1,False,CREDIT_BUREAU
CUST-106203,2025-03-03,2025-03-03,729,R3,False,CREDIT_BUREAU
CUST-105689,2025-03-03,2025-03-03,727,R3,False,CREDIT_BUREAU
CUST-100981,2025-03-03,2025-03-03,761,R2,False,CREDIT_BUREAU
CUST-103733,2025-03-03,2025-03-03,650,R5,False,CREDIT_BUREAU
CUST-107981,2025-03-03,2025-03-03,616,R6,False,CREDIT_BUREAU
CUST-105973,2025-03-03,2025-03-03,739,R3,False,CREDIT_BUREAU
CUST-105138,2025-03-03,2025-03-03,732,R3,False,CREDIT_BUREAU
CUST-102149,2025-03-03,2025-03-03,665,R4,False,CREDIT_BUREAU
CUST-102189,2025-03-03,2025-03-03,665,R4,False,CREDIT_BUREAU
CUST-102969,2025-03-03,2025-03-03,755,R2,False,CREDIT_BUREAU
CUST-102251,2025-03-03,2025-03-03,764,R2,False,CREDIT_BUREAU
CUST-107193,2025-03-03,2025-03-03,625,R5,False,CREDIT_BUREAU
CUST-105795,2025-03-03,2025-03-03,678,R4,False,CREDIT_BUREAU
CUST-101721,2025-03-03,2025-03-03,729,R3,False,CREDIT_BUREAU
CUST-104659,2025-03-03,2025-03-03,698,R4,False,CREDIT_BUREAU
CUST-107491,2025-03-03,2025-03-03,818,R1,False,CREDIT_BUREAU
CUST-100178,2025-03-03,2025-03-03,577,R7,False,CREDIT_BUREAU
CUST-103460,2025-03-03,2025-03-03,747,R2,False,CREDIT_BUREAU
CUST-101264,2025-03-03,2025-03-03,723,R3,False,CREDIT_BUREAU
CUST-106594,2025-03-03,2025-03-03,812,R1,False,CREDIT_BUREAU
CUST-104055,2025-03-03,2025-03-03,640,R5,False,CREDIT_BUREAU
CUST-100030,2025-03-03,2025-03-03,672,R4,False,CREDIT_BUREAU
CUST-101866,2025-03-03,2025-03-03,594,R6,False,CREDIT_BUREAU
CUST-103242,2025-03-03,2025-03-03,582,R6,False,CREDIT_BUREAU
CUST-102173,2025-03-03,2025-03-03,758,R2,False,CREDIT_BUREAU
CUST-107161,2025-03-03,2025-03-03,748,R2,False,CREDIT_BUREAU
CUST-107995,2025-03-03,2025-03-03,743,R2,False,CREDIT_BUREAU
CUST-101528,2025-03-03,2025-03-03,712,R3,False,CREDIT_BUREAU
CUST-101957,2025-03-03,2025-03-03,668,R4,False,CREDIT_BUREAU
CUST-106112,2025-03-03,2025-03-03,438,R7,False,CREDIT_BUREAU
CUST-100066,2025-03-03,2025-03-03,629,R5,False,CREDIT_BUREAU
CUST-105730,2025-03-03,2025-03-03,687,R4,False,CREDIT_BUREAU
CUST-106934,2025-03-03,2025-03-03,612,R6,False,CREDIT_BUREAU
CUST-104759,2025-03-03,2025-03-03,767,R2,False,CREDIT_BUREAU
CUST-107936,2025-03-03,2025-03-03,758,R2,False,CREDIT_BUREAU
CUST-107972,2025-03-03,2025-03-03,661,R4,False,CREDIT_BUREAU
CUST-105177,2025-03-03,2025-03-03,426,R7,False,CREDIT_BUREAU
CUST-107377,2025-03-03,2025-03-03,613,R6,False,CREDIT_BUREAU
CUST-102474,2025-03-03,2025-03-03,746,R2,False,CREDIT_BUREAU
CUST-103240,2025-03-03,2025-03-03,800,R1,False,CREDIT_BUREAU
CUST-104348,2025-03-03,2025-03-03,671,R4,False,CREDIT_BUREAU
CUST-104311,2025-03-03,2025-03-03,810,R1,False,CREDIT_BUREAU
CUST-106800,2025-03-03,2025-03-03,584,R6,False,CREDIT_BUREAU
CUST-107702,2025-03-03,2025-03-03,727,R3,False,CREDIT_BUREAU
CUST-101082,2025-03-03,2025-03-03,805,R1,False,CREDIT_BUREAU
CUST-101514,2025-03-03,2025-03-03,808,R1,False,CREDIT_BUREAU
CUST-102857,2025-03-03,2025-03-03,659,R5,False,CREDIT_BUREAU
CUST-107085,2025-03-03,2025-03-03,681,R4,False,CREDIT_BUREAU
CUST-103679,2025-03-03,2025-03-03,767,R2,False,CREDIT_BUREAU
CUST-106756,2025-03-03,2025-03-03,812,R1,False,CREDIT_BUREAU
CUST-103857,2025-03-03,2025-03-03,667,R4,False,CREDIT_BUREAU
CUST-103270,2025-03-03,2025-03-03,681,R4,False,CREDIT_BUREAU
CUST-104676,2025-03-03,2025-03-03,677,R4,False,CREDIT_BUREAU
CUST-103566,2025-03-03,2025-03-03,680,R4,False,CREDIT_BUREAU
CUST-106299,2025-03-03,2025-03-03,631,R5,False,CREDIT_BUREAU
CUST-100075,2025-03-03,2025-03-03,715,R3,False,CREDIT_BUREAU
CUST-103178,2025-03-03,2025-03-03,611,R6,False,CREDIT_BUREAU
CUST-107810,2025-03-03,2025-03-03,686,R4,False,CREDIT_BUREAU
CUST-102552,2025-03-03,2025-03-03,646,R5,False,CREDIT_BUREAU
CUST-102362,2025-03-03,2025-03-03,678,R4,False,CREDIT_BUREAU
CUST-101495,2025-03-03,2025-03-03,815,R1,False,CREDIT_BUREAU
CUST-104620,2025-03-03,2025-03-03,754,R2,False,CREDIT_BUREAU
CUST-106546,2025-03-03,2025-03-03,751,R2,False,CREDIT_BUREAU
CUST-106527,2025-03-03,2025-03-03,673,R4,False,CREDIT_BUREAU
CUST-107382,2025-03-03,2025-03-03,622,R5,False,CREDIT_BUREAU
CUST-107370,2025-03-03,2025-03-03,696,R4,False,CREDIT_BUREAU
CUST-102946,2025-03-03,2025-03-03,630,R5,False,CREDIT_BUREAU
CUST-104856,2025-03-03,2025-03-03,765,R2,False,CREDIT_BUREAU
CUST-101961,2025-03-03,2025-03-03,822,R1,False,CREDIT_BUREAU
CUST-106942,2025-03-03,2025-03-03,664,R4,False,CREDIT_BUREAU
CUST-102488,2025-03-03,2025-03-03,770,R2,False,CREDIT_BUREAU
CUST-106970,2025-03-03,2025-03-03,581,R6,False,CREDIT_BUREAU
CUST-103529,2025-03-03,2025-03-03,722,R3,False,CREDIT_BUREAU
CUST-106965,2025-03-03,2025-03-03,736,R3,False,CREDIT_BUREAU
CUST-107619,2025-03-03,2025-03-03,788,R1,False,CREDIT_BUREAU
CUST-102157,2025-03-03,2025-03-03,644,R5,False,CREDIT_BUREAU
CUST-101357,2025-03-03,2025-03-03,625,R5,False,CREDIT_BUREAU
CUST-103194,2025-03-03,2025-03-03,711,R3,False,CREDIT_BUREAU
CUST-103505,2025-03-03,2025-03-03,763,R2,False,CREDIT_BUREAU
CUST-107952,2025-03-03,2025-03-03,685,R4,False,CREDIT_BUREAU
CUST-107565,2025-03-03,2025-03-03,687,R4,False,CREDIT_BUREAU
CUST-101439,2025-03-03,2025-03-03,727,R3,False,CREDIT_BUREAU
CUST-104054,2025-03-03,2025-03-03,724,R3,False,CREDIT_BUREAU
CUST-107392,2025-03-03,2025-03-03,571,R7,False,CREDIT_BUREAU
CUST-104717,2025-03-03,2025-03-03,804,R1,False,CREDIT_BUREAU
CUST-103473,2025-03-03,2025-03-03,691,R4,False,CREDIT_BUREAU
CUST-105229,2025-03-03,2025-03-03,630,R5,False,CREDIT_BUREAU
CUST-103663,2025-03-03,2025-03-03,644,R5,False,CREDIT_BUREAU
CUST-105579,2025-03-03,2025-03-03,585,R6,False,CREDIT_BUREAU
CUST-105240,2025-03-03,2025-03-03,639,R5,False,CREDIT_BUREAU
CUST-100620,2025-03-03,2025-03-03,678,R4,False,CREDIT_BUREAU
CUST-103334,2025-03-03,2025-03-03,736,R3,False,CREDIT_BUREAU
CUST-102846,2025-03-03,2025-03-03,822,R1,False,CREDIT_BUREAU
CUST-101887,2025-03-03,2025-03-03,750,R2,False,CREDIT_BUREAU
CUST-107328,2025-03-03,2025-03-03,750,R2,False,CREDIT_BUREAU
CUST-100414,2025-03-03,2025-03-03,675,R4,False,CREDIT_BUREAU
CUST-106210,2025-03-03,2025-03-03,818,R1,False,CREDIT_BUREAU
CUST-102956,2025-03-03,2025-03-03,818,R1,False,CREDIT_BUREAU
CUST-101992,2025-03-03,2025-03-03,669,R4,False,CREDIT_BUREAU
CUST-101188,2025-03-03,2025-03-03,674,R4,False,CREDIT_BUREAU
CUST-104321,2025-03-03,2025-03-03,641,R5,False,CREDIT_BUREAU
CUST-104544,2025-03-03,2025-03-03,586,R6,False,CREDIT_BUREAU
CUST-100963,2025-03-03,2025-03-03,668,R4,False,CREDIT_BUREAU
CUST-104423,2025-03-03,2025-03-03,666,R4,False,CREDIT_BUREAU
CUST-100264,2025-03-03,2025-03-03,697,R4,False,CREDIT_BUREAU
CUST-106425,2025-03-03,2025-03-03,772,R2,False,CREDIT_BUREAU
CUST-105150,2025-03-03,2025-03-03,758,R2,False,CREDIT_BUREAU
CUST-104679,2025-03-03,2025-03-03,761,R2,False,CREDIT_BUREAU
CUST-100670,2025-03-03,2025-03-03,778,R2,False,CREDIT_BUREAU
CUST-106150,2025-03-03,2025-03-03,796,R1,False,CREDIT_BUREAU
CUST-105707,2025-03-03,2025-03-03,711,R3,False,CREDIT_BUREAU
CUST-103095,2025-03-03,2025-03-03,631,R5,False,CREDIT_BUREAU
CUST-104607,2025-03-03,2025-03-03,741,R2,False,CREDIT_BUREAU
CUST-101660,2025-03-03,2025-03-03,650,R5,False,CREDIT_BUREAU
CUST-107811,2025-03-03,2025-03-03,634,R5,False,CREDIT_BUREAU
CUST-107369,2025-03-03,2025-03-03,725,R3,False,CREDIT_BUREAU
CUST-101137,2025-03-03,2025-03-03,714,R3,False,CREDIT_BUREAU
CUST-104490,2025-03-03,2025-03-03,718,R3,False,CREDIT_BUREAU
CUST-104933,2025-03-03,2025-03-03,689,R4,False,CREDIT_BUREAU
CUST-100690,2025-03-03,2025-03-03,781,R1,False,CREDIT_BUREAU
CUST-101941,2025-03-03,2025-03-03,713,R3,False,CREDIT_BUREAU
CUST-107673,2025-03-03,2025-03-03,719,R3,False,CREDIT_BUREAU
CUST-105766,2025-03-03,2025-03-03,683,R4,False,CREDIT_BUREAU
CUST-104555,2025-03-03,2025-03-03,752,R2,False,CREDIT_BUREAU
CUST-104858,2025-03-03,2025-03-03,828,R1,False,CREDIT_BUREAU
CUST-100293,2025-03-03,2025-03-03,670,R4,False,CREDIT_BUREAU
CUST-100639,2025-03-03,2025-03-03,760,R2,False,CREDIT_BUREAU
CUST-107417,2025-03-03,2025-03-03,793,R1,False,CREDIT_BUREAU
CUST-105080,2025-03-03,2025-03-03,725,R3,False,CREDIT_BUREAU
CUST-103525,2025-03-03,2025-03-03,665,R4,False,CREDIT_BUREAU
CUST-107383,2025-03-03,2025-03-03,602,R6,False,CREDIT_BUREAU
CUST-101413,2025-03-03,2025-03-03,671,R4,False,CREDIT_BUREAU
CUST-105769,2025-03-03,2025-03-03,737,R3,False,CREDIT_BUREAU
CUST-100499,2025-03-03,2025-03-03,671,R4,False,CREDIT_BUREAU
CUST-101070,2025-03-03,2025-03-03,686,R4,False,CREDIT_BUREAU
CUST-107376,2025-03-03,2025-03-03,672,R4,False,CREDIT_BUREAU
CUST-103716,2025-03-03,2025-03-03,643,R5,False,CREDIT_BUREAU
CUST-103919,2025-03-03,2025-03-03,824,R1,False,CREDIT_BUREAU
CUST-101793,2025-03-03,2025-03-03,813,R1,False,CREDIT_BUREAU
CUST-100439,2025-03-03,2025-03-03,642,R5,False,CREDIT_BUREAU
CUST-106065,2025-03-03,2025-03-03,750,R2,False,CREDIT_BUREAU
CUST-106525,2025-03-03,2025-03-03,427,R7,False,CREDIT_BUREAU
CUST-100460,2025-03-03,2025-03-03,815,R1,False,CREDIT_BUREAU
CUST-101286,2025-03-03,2025-03-03,644,R5,False,CREDIT_BUREAU
CUST-103027,2025-03-03,2025-03-03,756,R2,False,CREDIT_BUREAU
CUST-103291,2025-03-03,2025-03-03,580,R6,False,CREDIT_BUREAU
CUST-102459,2025-03-03,2025-03-03,815,R1,False,CREDIT_BUREAU
CUST-105475,2025-03-03,2025-03-03,729,R3,False,CREDIT_BUREAU
CUST-105167,2025-03-03,2025-03-03,642,R5,False,CREDIT_BUREAU
CUST-102239,2025-03-03,2025-03-03,820,R1,False,CREDIT_BUREAU
CUST-103628,2025-03-03,2025-03-03,669,R4,False,CREDIT_BUREAU
CUST-101780,2025-03-03,2025-03-03,761,R2,False,CREDIT_BUREAU
CUST-104750,2025-03-03,2025-03-03,779,R2,False,CREDIT_BUREAU
CUST-107651,2025-03-03,2025-03-03,735,R3,False,CREDIT_BUREAU
CUST-106835,2025-03-03,2025-03-03,585,R6,False,CREDIT_BUREAU
CUST-105319,2025-03-03,2025-03-03,432,R7,False,CREDIT_BUREAU
CUST-106452,2025-03-03,2025-03-03,756,R2,False,CREDIT_BUREAU
CUST-106973,2025-03-03,2025-03-03,665,R4,False,CREDIT_BUREAU
CUST-103115,2025-03-03,2025-03-03,709,R3,False,CREDIT_BUREAU
CUST-107672,2025-03-03,2025-03-03,647,R5,False,CREDIT_BUREAU
CUST-103382,2025-03-03,2025-03-03,811,R1,False,CREDIT_BUREAU
CUST-102274,2025-03-03,2025-03-03,768,R2,False,CREDIT_BUREAU
CUST-100343,2025-03-03,2025-03-03,707,R3,False,CREDIT_BUREAU
CUST-101768,2025-03-03,2025-03-03,753,R2,False,CREDIT_BUREAU
CUST-102809,2025-03-03,2025-03-03,822,R1,False,CREDIT_BUREAU
CUST-102754,2025-03-03,2025-03-03,437,R7,False,CREDIT_BUREAU
CUST-104808,2025-03-03,2025-03-03,691,R4,False,CREDIT_BUREAU
CUST-102506,2025-03-03,2025-03-03,413,R7,False,CREDIT_BUREAU
CUST-106393,2025-03-03,2025-03-03,663,R4,False,CREDIT_BUREAU
CUST-107779,2025-03-03,2025-03-03,740,R2,False,CREDIT_BUREAU
CUST-100592,2025-03-03,2025-03-03,630,R5,False,CREDIT_BUREAU
CUST-104019,2025-03-03,2025-03-03,809,R1,False,CREDIT_BUREAU
CUST-100549,2025-03-03,2025-03-03,672,R4,False,CREDIT_BUREAU
CUST-107320,2025-03-03,2025-03-03,616,R6,False,CREDIT_BUREAU
CUST-103685,2025-03-03,2025-03-03,754,R2,False,CREDIT_BUREAU
CUST-106427,2025-03-03,2025-03-03,640,R5,False,CREDIT_BUREAU
CUST-107267,2025-03-03,2025-03-03,728,R3,False,CREDIT_BUREAU
CUST-100802,2025-03-03,2025-03-03,788,R1,False,CREDIT_BUREAU
CUST-106727,2025-03-03,2025-03-03,775,R2,False,CREDIT_BUREAU
CUST-107257,2025-03-03,2025-03-03,599,R6,False,CREDIT_BUREAU
CUST-101743,2025-03-03,2025-03-03,758,R2,False,CREDIT_BUREAU
CUST-103120,2025-03-03,2025-03-03,626,R5,False,CREDIT_BUREAU
CUST-102482,2025-03-03,2025-03-03,712,R3,False,CREDIT_BUREAU
CUST-104276,2025-03-03,2025-03-03,782,R1,False,CREDIT_BUREAU
CUST-103581,2025-03-03,2025-03-03,820,R1,False,CREDIT_BUREAU
CUST-107709,2025-03-03,2025-03-03,711,R3,False,CREDIT_BUREAU
CUST-100311,2025-03-03,2025-03-03,819,R1,False,CREDIT_BUREAU
CUST-104363,2025-03-03,2025-03-03,766,R2,False,CREDIT_BUREAU
CUST-102728,2025-03-03,2025-03-03,602,R6,False,CREDIT_BUREAU
CUST-101938,2025-03-03,2025-03-03,733,R3,False,CREDIT_BUREAU
CUST-100172,2025-03-03,2025-03-03,686,R4,False,CREDIT_BUREAU
CUST-100801,2025-03-03,2025-03-03,731,R3,False,CREDIT_BUREAU
CUST-106693,2025-03-03,2025-03-03,728,R3,False,CREDIT_BUREAU
CUST-100569,2025-03-03,2025-03-03,729,R3,False,CREDIT_BUREAU
CUST-105587,2025-03-03,2025-03-03,603,R6,False,CREDIT_BUREAU
CUST-101560,2025-03-03,2025-03-03,718,R3,False,CREDIT_BUREAU
CUST-103316,2025-03-03,2025-03-03,825,R1,False,CREDIT_BUREAU
CUST-106258,2025-03-03,2025-03-03,675,R4,False,CREDIT_BUREAU
CUST-107432,2025-03-03,2025-03-03,775,R2,False,CREDIT_BUREAU
CUST-103886,2025-03-03,2025-03-03,739,R3,False,CREDIT_BUREAU
CUST-102771,2025-03-03,2025-03-03,718,R3,False,CREDIT_BUREAU
CUST-106899,2025-03-03,2025-03-03,682,R4,False,CREDIT_BUREAU
CUST-101991,2025-03-03,2025-03-03,804,R1,False,CREDIT_BUREAU
CUST-104674,2025-03-03,2025-03-03,796,R1,False,CREDIT_BUREAU
CUST-101870,2025-03-03,2025-03-03,720,R3,False,CREDIT_BUREAU
CUST-104566,2025-03-03,2025-03-03,705,R3,False,CREDIT_BUREAU
CUST-106844,2025-03-03,2025-03-03,743,R2,False,CREDIT_BUREAU
CUST-100831,2025-03-03,2025-03-03,682,R4,False,CREDIT_BUREAU
CUST-101182,2025-03-03,2025-03-03,609,R6,False,CREDIT_BUREAU
CUST-101023,2025-03-03,2025-03-03,823,R1,False,CREDIT_BUREAU
CUST-107124,2025-03-03,2025-03-03,699,R4,False,CREDIT_BUREAU
CUST-107568,2025-03-03,2025-03-03,823,R1,False,CREDIT_BUREAU
CUST-101671,2025-03-03,2025-03-03,668,R4,False,CREDIT_BUREAU
CUST-103516,2025-03-03,2025-03-03,676,R4,False,CREDIT_BUREAU
CUST-100728,2025-03-03,2025-03-03,805,R1,False,CREDIT_BUREAU
CUST-104914,2025-03-03,2025-03-03,718,R3,False,CREDIT_BUREAU
CUST-100175,2025-03-03,2025-03-03,709,R3,False,CREDIT_BUREAU
CUST-106567,2025-03-03,2025-03-03,717,R3,False,CREDIT_BUREAU
CUST-105696,2025-03-03,2025-03-03,681,R4,False,CREDIT_BUREAU
CUST-104662,2025-03-03,2025-03-03,690,R4,False,CREDIT_BUREAU
CUST-105970,2025-03-03,2025-03-03,717,R3,False,CREDIT_BUREAU
CUST-103828,2025-03-03,2025-03-03,688,R4,False,CREDIT_BUREAU
CUST-103017,2025-03-03,2025-03-03,678,R4,False,CREDIT_BUREAU
CUST-101616,2025-03-03,2025-03-03,687,R4,False,CREDIT_BUREAU
CUST-102334,2025-03-03,2025-03-03,664,R4,False,CREDIT_BUREAU
CUST-107714,2025-03-03,2025-03-03,764,R2,False,CREDIT_BUREAU
CUST-102512,2025-03-03,2025-03-03,676,R4,False,CREDIT_BUREAU
CUST-100626,2025-03-03,2025-03-03,720,R3,False,CREDIT_BUREAU
CUST-105280,2025-03-03,2025-03-03,821,R1,False,CREDIT_BUREAU
CUST-105646,2025-03-03,2025-03-03,735,R3,False,CREDIT_BUREAU
CUST-105921,2025-03-03,2025-03-03,670,R4,False,CREDIT_BUREAU
CUST-104107,2025-03-03,2025-03-03,443,R7,False,CREDIT_BUREAU
CUST-104249,2025-03-03,2025-03-03,830,R1,False,CREDIT_BUREAU
CUST-102028,2025-03-03,2025-03-03,637,R5,False,CREDIT_BUREAU
CUST-104232,2025-03-03,2025-03-03,719,R3,False,CREDIT_BUREAU
CUST-100189,2025-03-03,2025-03-03,680,R4,False,CREDIT_BUREAU
CUST-107024,2025-03-03,2025-03-03,660,R4,False,CREDIT_BUREAU
CUST-100477,2025-03-03,2025-03-03,671,R4,False,CREDIT_BUREAU
CUST-100996,2025-03-03,2025-03-03,765,R2,False,CREDIT_BUREAU
CUST-105912,2025-03-03,2025-03-03,677,R4,False,CREDIT_BUREAU
CUST-106698,2025-03-03,2025-03-03,572,R7,False,CREDIT_BUREAU
CUST-100665,2025-03-03,2025-03-03,575,R7,False,CREDIT_BUREAU
CUST-100129,2025-03-03,2025-03-03,727,R3,False,CREDIT_BUREAU
CUST-105693,2025-03-03,2025-03-03,733,R3,False,CREDIT_BUREAU
CUST-105029,2025-03-03,2025-03-03,606,R6,False,CREDIT_BUREAU
CUST-106552,2025-03-03,2025-03-03,689,R4,False,CREDIT_BUREAU
CUST-101361,2025-03-03,2025-03-03,720,R3,False,CREDIT_BUREAU
CUST-102818,2025-03-03,2025-03-03,409,R7,False,CREDIT_BUREAU
CUST-103549,2025-03-03,2025-03-03,766,R2,False,CREDIT_BUREAU
CUST-101313,2025-03-03,2025-03-03,817,R1,False,CREDIT_BUREAU
CUST-102466,2025-03-03,2025-03-03,753,R2,False,CREDIT_BUREAU
CUST-105245,2025-03-03,2025-03-03,681,R4,False,CREDIT_BUREAU
CUST-105302,2025-03-03,2025-03-03,591,R6,False,CREDIT_BUREAU
CUST-101089,2025-03-03,2025-03-03,631,R5,False,CREDIT_BUREAU
CUST-106012,2025-03-03,2025-03-03,796,R1,False,CREDIT_BUREAU
CUST-107704,2025-03-03,2025-03-03,699,R4,False,CREDIT_BUREAU
CUST-103864,2025-03-03,2025-03-03,735,R3,False,CREDIT_BUREAU
CUST-102725,2025-03-03,2025-03-03,675,R4,False,CREDIT_BUREAU
CUST-100866,2025-03-03,2025-03-03,591,R6,False,CREDIT_BUREAU
CUST-105827,2025-03-03,2025-03-03,691,R4,False,CREDIT_BUREAU
CUST-103472,2025-03-03,2025-03-03,664,R4,False,CREDIT_BUREAU
CUST-105049,2025-03-03,2025-03-03,811,R1,False,CREDIT_BUREAU
CUST-102118,2025-03-03,2025-03-03,712,R3,False,CREDIT_BUREAU
CUST-106458,2025-03-03,2025-03-03,720,R3,False,CREDIT_BUREAU
CUST-106216,2025-03-03,2025-03-03,671,R4,False,CREDIT_BUREAU
CUST-106762,2025-03-03,2025-03-03,730,R3,False,CREDIT_BUREAU
CUST-100489,2025-03-03,2025-03-03,646,R5,False,CREDIT_BUREAU
CUST-104575,2025-03-03,2025-03-03,699,R4,False,CREDIT_BUREAU
CUST-102755,2025-03-03,2025-03-03,721,R3,False,CREDIT_BUREAU
CUST-105528,2025-03-03,2025-03-03,767,R2,False,CREDIT_BUREAU
CUST-105440,2025-03-03,2025-03-03,765,R2,False,CREDIT_BUREAU
CUST-101290,2025-03-03,2025-03-03,708,R3,False,CREDIT_BUREAU
CUST-103346,2025-03-03,2025-03-03,636,R5,False,CREDIT_BUREAU
CUST-106290,2025-03-03,2025-03-03,414,R7,False,CREDIT_BUREAU
CUST-104626,2025-03-03,2025-03-03,823,R1,False,CREDIT_BUREAU
CUST-106185,2025-03-03,2025-03-03,653,R5,False,CREDIT_BUREAU
CUST-105838,2025-03-03,2025-03-03,565,R7,False,CREDIT_BUREAU
CUST-106831,2025-03-03,2025-03-03,805,R1,False,CREDIT_BUREAU
CUST-105264,2025-03-03,2025-03-03,810,R1,False,CREDIT_BUREAU
CUST-103657,2025-03-03,2025-03-03,634,R5,False,CREDIT_BUREAU
CUST-107231,2025-03-03,2025-03-03,587,R6,False,CREDIT_BUREAU
CUST-102564,2025-03-03,2025-03-03,761,R2,False,CREDIT_BUREAU
CUST-106435,2025-03-03,2025-03-03,640,R5,False,CREDIT_BUREAU
CUST-101805,2025-03-03,2025-03-03,755,R2,False,CREDIT_BUREAU
CUST-102479,2025-03-03,2025-03-03,426,R7,False,CREDIT_BUREAU
CUST-102770,2025-03-03,2025-03-03,679,R4,False,CREDIT_BUREAU
CUST-102279,2025-03-03,2025-03-03,705,R3,False,CREDIT_BUREAU
CUST-104829,2025-03-03,2025-03-03,640,R5,False,CREDIT_BUREAU
CUST-101816,2025-03-03,2025-03-03,749,R2,False,CREDIT_BUREAU
CUST-102782,2025-03-03,2025-03-03,692,R4,False,CREDIT_BUREAU
CUST-104004,2025-03-03,2025-03-03,721,R3,False,CREDIT_BUREAU
CUST-104650,2025-03-03,2025-03-03,631,R5,False,CREDIT_BUREAU
CUST-101817,2025-03-03,2025-03-03,673,R4,False,CREDIT_BUREAU
CUST-107520,2025-03-03,2025-03-03,744,R2,False,CREDIT_BUREAU
CUST-100705,2025-03-03,2025-03-03,721,R3,False,CREDIT_BUREAU
CUST-103670,2025-03-03,2025-03-03,776,R2,False,CREDIT_BUREAU
CUST-100635,2025-03-03,2025-03-03,699,R4,False,CREDIT_BUREAU
CUST-101345,2025-03-03,2025-03-03,582,R6,False,CREDIT_BUREAU
CUST-103595,2025-03-03,2025-03-03,736,R3,False,CREDIT_BUREAU
CUST-106381,2025-03-03,2025-03-03,739,R3,False,CREDIT_BUREAU
CUST-107794,2025-03-03,2025-03-03,683,R4,False,CREDIT_BUREAU
CUST-104671,2025-03-03,2025-03-03,743,R2,False,CREDIT_BUREAU
CUST-103925,2025-03-03,2025-03-03,706,R3,False,CREDIT_BUREAU
CUST-107793,2025-03-03,2025-03-03,719,R3,False,CREDIT_BUREAU
CUST-101849,2025-03-03,2025-03-03,606,R6,False,CREDIT_BUREAU
CUST-105181,2025-03-03,2025-03-03,756,R2,False,CREDIT_BUREAU
CUST-100052,2025-03-03,2025-03-03,622,R5,False,CREDIT_BUREAU
CUST-101258,2025-03-03,2025-03-03,589,R6,False,CREDIT_BUREAU
CUST-102742,2025-03-03,2025-03-03,798,R1,False,CREDIT_BUREAU
CUST-102264,2025-03-03,2025-03-03,698,R4,False,CREDIT_BUREAU
CUST-102624,2025-03-03,2025-03-03,698,R4,False,CREDIT_BUREAU
CUST-100796,2025-03-03,2025-03-03,724,R3,False,CREDIT_BUREAU
CUST-106306,2025-03-03,2025-03-03,754,R2,False,CREDIT_BUREAU
CUST-104521,2025-03-03,2025-03-03,804,R1,False,CREDIT_BUREAU
CUST-100908,2025-03-03,2025-03-03,635,R5,False,CREDIT_BUREAU
CUST-100008,2025-03-03,2025-03-03,731,R3,False,CREDIT_BUREAU
CUST-105549,2025-03-03,2025-03-03,754,R2,False,CREDIT_BUREAU
CUST-103482,2025-03-03,2025-03-03,662,R4,False,CREDIT_BUREAU
CUST-100531,2025-03-03,2025-03-03,617,R6,False,CREDIT_BUREAU
CUST-100545,2025-03-03,2025-03-03,661,R4,False,CREDIT_BUREAU
CUST-106880,2025-03-03,2025-03-03,706,R3,False,CREDIT_BUREAU
CUST-104518,2025-03-03,2025-03-03,733,R3,False,CREDIT_BUREAU
CUST-100435,2025-03-03,2025-03-03,653,R5,False,CREDIT_BUREAU
CUST-103518,2025-03-03,2025-03-03,834,R1,False,CREDIT_BUREAU
CUST-106789,2025-03-03,2025-03-03,747,R2,False,CREDIT_BUREAU
CUST-105964,2025-03-03,2025-03-03,752,R2,False,CREDIT_BUREAU
CUST-104986,2025-03-03,2025-03-03,617,R6,False,CREDIT_BUREAU
CUST-107790,2025-03-03,2025-03-03,760,R2,False,CREDIT_BUREAU
CUST-105077,2025-03-03,2025-03-03,670,R4,False,CREDIT_BUREAU
CUST-103025,2025-03-03,2025-03-03,651,R5,False,CREDIT_BUREAU
CUST-102320,2025-03-03,2025-03-03,724,R3,False,CREDIT_BUREAU
CUST-106395,2025-03-03,2025-03-03,724,R3,False,CREDIT_BUREAU
CUST-105413,2025-03-03,2025-03-03,711,R3,False,CREDIT_BUREAU
CUST-104613,2025-03-03,2025-03-03,755,R2,False,CREDIT_BUREAU
CUST-103873,2025-03-03,2025-03-03,767,R2,False,CREDIT_BUREAU
CUST-103134,2025-03-03,2025-03-03,659,R5,False,CREDIT_BUREAU
CUST-107360,2025-03-03,2025-03-03,663,R4,False,CREDIT_BUREAU
CUST-101827,2025-03-03,2025-03-03,461,R7,False,CREDIT_BUREAU
CUST-100575,2025-03-03,2025-03-03,810,R1,False,CREDIT_BUREAU
CUST-106577,2025-03-03,2025-03-03,618,R6,False,CREDIT_BUREAU
CUST-107708,2025-03-03,2025-03-03,773,R2,False,CREDIT_BUREAU
CUST-101246,2025-03-03,2025-03-03,583,R6,False,CREDIT_BUREAU
CUST-107632,2025-03-03,2025-03-03,642,R5,False,CREDIT_BUREAU
CUST-101251,2025-03-03,2025-03-03,745,R2,False,CREDIT_BUREAU
CUST-101940,2025-03-03,2025-03-03,764,R2,False,CREDIT_BUREAU
CUST-101263,2025-03-03,2025-03-03,771,R2,False,CREDIT_BUREAU
CUST-100615,2025-03-03,2025-03-03,811,R1,False,CREDIT_BUREAU
CUST-107421,2025-03-03,2025-03-03,634,R5,False,CREDIT_BUREAU
CUST-101233,2025-03-03,2025-03-03,429,R7,False,CREDIT_BUREAU
CUST-107384,2025-03-03,2025-03-03,712,R3,False,CREDIT_BUREAU
CUST-107904,2025-03-03,2025-03-03,634,R5,False,CREDIT_BUREAU
CUST-106943,2025-03-03,2025-03-03,769,R2,False,CREDIT_BUREAU
CUST-103444,2025-03-03,2025-03-03,830,R1,False,CREDIT_BUREAU
CUST-105430,2025-03-03,2025-03-03,829,R1,False,CREDIT_BUREAU
CUST-102734,2025-03-03,2025-03-03,759,R2,False,CREDIT_BUREAU
CUST-105196,2025-03-03,2025-03-03,642,R5,False,CREDIT_BUREAU
CUST-103718,2025-03-03,2025-03-03,589,R6,False,CREDIT_BUREAU
CUST-101115,2025-03-03,2025-03-03,727,R3,False,CREDIT_BUREAU
CUST-102248,2025-03-03,2025-03-03,794,R1,False,CREDIT_BUREAU
CUST-100361,2025-03-03,2025-03-03,641,R5,False,CREDIT_BUREAU
CUST-105588,2025-03-03,2025-03-03,800,R1,False,CREDIT_BUREAU
CUST-104410,2025-03-03,2025-03-03,583,R6,False,CREDIT_BUREAU
CUST-102374,2025-03-03,2025-03-03,719,R3,False,CREDIT_BUREAU
CUST-101446,2025-03-03,2025-03-03,667,R4,False,CREDIT_BUREAU
CUST-101969,2025-03-03,2025-03-03,684,R4,False,CREDIT_BUREAU
CUST-107097,2025-03-03,2025-03-03,653,R5,False,CREDIT_BUREAU
CUST-100283,2025-03-03,2025-03-03,752,R2,False,CREDIT_BUREAU
CUST-106591,2025-03-03,2025-03-03,710,R3,False,CREDIT_BUREAU
CUST-100457,2025-03-03,2025-03-03,688,R4,False,CREDIT_BUREAU
CUST-101846,2025-03-03,2025-03-03,807,R1,False,CREDIT_BUREAU
CUST-107336,2025-03-03,2025-03-03,803,R1,False,CREDIT_BUREAU
CUST-101036,2025-03-03,2025-03-03,669,R4,False,CREDIT_BUREAU
CUST-106649,2025-03-03,2025-03-03,663,R4,False,CREDIT_BUREAU
CUST-105929,2025-03-03,2025-03-03,663,R4,False,CREDIT_BUREAU
CUST-103288,2025-03-03,2025-03-03,687,R4,False,CREDIT_BUREAU
CUST-107875,2025-03-03,2025-03-03,694,R4,False,CREDIT_BUREAU
CUST-103485,2025-03-03,2025-03-03,720,R3,False,CREDIT_BUREAU
CUST-104513,2025-03-03,2025-03-03,815,R1,False,CREDIT_BUREAU
CUST-101401,2025-03-03,2025-03-03,791,R1,False,CREDIT_BUREAU
CUST-104376,2025-03-03,2025-03-03,730,R3,False,CREDIT_BUREAU
CUST-103314,2025-03-03,2025-03-03,754,R2,False,CREDIT_BUREAU
CUST-107742,2025-03-03,2025-03-03,723,R3,False,CREDIT_BUREAU
CUST-104523,2025-03-03,2025-03-03,693,R4,False,CREDIT_BUREAU
CUST-104962,2025-03-03,2025-03-03,776,R2,False,CREDIT_BUREAU
CUST-101901,2025-03-03,2025-03-03,738,R3,False,CREDIT_BUREAU
CUST-100752,2025-03-03,2025-03-03,659,R5,False,CREDIT_BUREAU
CUST-100572,2025-03-03,2025-03-03,679,R4,False,CREDIT_BUREAU
CUST-104060,2025-03-03,2025-03-03,638,R5,False,CREDIT_BUREAU
CUST-101055,2025-03-03,2025-03-03,643,R5,False,CREDIT_BUREAU
CUST-105346,2025-03-03,2025-03-03,750,R2,False,CREDIT_BUREAU
CUST-105961,2025-03-03,2025-03-03,684,R4,False,CREDIT_BUREAU
CUST-107758,2025-03-03,2025-03-03,757,R2,False,CREDIT_BUREAU
CUST-102273,2025-03-03,2025-03-03,831,R1,False,CREDIT_BUREAU
CUST-107093,2025-03-03,2025-03-03,721,R3,False,CREDIT_BUREAU
CUST-104479,2025-03-03,2025-03-03,723,R3,False,CREDIT_BUREAU
CUST-100074,2025-03-03,2025-03-03,646,R5,False,CREDIT_BUREAU
CUST-100236,2025-03-03,2025-03-03,675,R4,False,CREDIT_BUREAU
CUST-107964,2025-03-03,2025-03-03,709,R3,False,CREDIT_BUREAU
CUST-105180,2025-03-03,2025-03-03,716,R3,False,CREDIT_BUREAU
CUST-107139,2025-03-03,2025-03-03,634,R5,False,CREDIT_BUREAU
CUST-101868,2025-03-03,2025-03-03,641,R5,False,CREDIT_BUREAU
CUST-106076,2025-03-03,2025-03-03,725,R3,False,CREDIT_BUREAU
CUST-101676,2025-03-03,2025-03-03,745,R2,False,CREDIT_BUREAU
CUST-104375,2025-03-03,2025-03-03,591,R6,False,CREDIT_BUREAU
CUST-107349,2025-03-03,2025-03-03,638,R5,False,CREDIT_BUREAU
CUST-106128,2025-03-03,2025-03-03,685,R4,False,CREDIT_BUREAU
CUST-106954,2025-03-03,2025-03-03,769,R2,False,CREDIT_BUREAU
CUST-102429,2025-03-03,2025-03-03,717,R3,False,CREDIT_BUREAU
CUST-106433,2025-03-03,2025-03-03,817,R1,False,CREDIT_BUREAU
CUST-106488,2025-03-03,2025-03-03,750,R2,False,CREDIT_BUREAU
CUST-100999,2025-03-03,2025-03-03,727,R3,False,CREDIT_BUREAU
CUST-105156,2025-03-03,2025-03-03,766,R2,False,CREDIT_BUREAU
CUST-104872,2025-03-03,2025-03-03,774,R2,False,CREDIT_BUREAU
CUST-105957,2025-03-03,2025-03-03,646,R5,False,CREDIT_BUREAU
CUST-106108,2025-03-03,2025-03-03,739,R3,False,CREDIT_BUREAU
CUST-107418,2025-03-03,2025-03-03,807,R1,False,CREDIT_BUREAU
CUST-102155,2025-03-03,2025-03-03,586,R6,False,CREDIT_BUREAU
CUST-102204,2025-03-03,2025-03-03,653,R5,False,CREDIT_BUREAU
CUST-101925,2025-03-03,2025-03-03,688,R4,False,CREDIT_BUREAU
CUST-104972,2025-03-03,2025-03-03,761,R2,False,CREDIT_BUREAU
CUST-105384,2025-03-03,2025-03-03,587,R6,False,CREDIT_BUREAU
CUST-101600,2025-03-03,2025-03-03,623,R5,False,CREDIT_BUREAU
CUST-100031,2025-03-03,2025-03-03,607,R6,False,CREDIT_BUREAU
CUST-102583,2025-03-03,2025-03-03,631,R5,False,CREDIT_BUREAU
CUST-102926,2025-03-03,2025-03-03,749,R2,False,CREDIT_BUREAU
CUST-102571,2025-03-03,2025-03-03,679,R4,False,CREDIT_BUREAU
CUST-107278,2025-03-03,2025-03-03,800,R1,False,CREDIT_BUREAU
CUST-102017,2025-03-03,2025-03-03,614,R6,False,CREDIT_BUREAU
CUST-105244,2025-03-03,2025-03-03,760,R2,False,CREDIT_BUREAU
CUST-107205,2025-03-03,2025-03-03,750,R2,False,CREDIT_BUREAU
CUST-101356,2025-03-03,2025-03-03,634,R5,False,CREDIT_BUREAU
CUST-102364,2025-03-03,2025-03-03,800,R1,False,CREDIT_BUREAU
CUST-103098,2025-03-03,2025-03-03,740,R2,False,CREDIT_BUREAU
CUST-104159,2025-03-03,2025-03-03,659,R5,False,CREDIT_BUREAU
CUST-103802,2025-03-03,2025-03-03,660,R4,False,CREDIT_BUREAU
CUST-100160,2025-03-03,2025-03-03,679,R4,False,CREDIT_BUREAU
CUST-106803,2025-03-03,2025-03-03,727,R3,False,CREDIT_BUREAU
CUST-106137,2025-03-03,2025-03-03,812,R1,False,CREDIT_BUREAU
CUST-103642,2025-03-03,2025-03-03,677,R4,False,CREDIT_BUREAU
CUST-102625,2025-03-03,2025-03-03,683,R4,False,CREDIT_BUREAU
CUST-105969,2025-03-03,2025-03-03,626,R5,False,CREDIT_BUREAU
CUST-100093,2025-03-03,2025-03-03,819,R1,False,CREDIT_BUREAU
CUST-103233,2025-03-03,2025-03-03,621,R5,False,CREDIT_BUREAU
CUST-105575,2025-03-03,2025-03-03,669,R4,False,CREDIT_BUREAU
CUST-107190,2025-03-03,2025-03-03,619,R6,False,CREDIT_BUREAU
CUST-107923,2025-03-03,2025-03-03,687,R4,False,CREDIT_BUREAU
CUST-103786,2025-03-03,2025-03-03,763,R2,False,CREDIT_BUREAU
CUST-105352,2025-03-03,2025-03-03,652,R5,False,CREDIT_BUREAU
CUST-103149,2025-03-03,2025-03-03,719,R3,False,CREDIT_BUREAU
CUST-107429,2025-03-03,2025-03-03,684,R4,False,CREDIT_BUREAU
CUST-107961,2025-03-03,2025-03-03,629,R5,False,CREDIT_BUREAU
CUST-102735,2025-03-03,2025-03-03,756,R2,False,CREDIT_BUREAU
CUST-101622,2025-03-03,2025-03-03,632,R5,False,CREDIT_BUREAU
CUST-105883,2025-03-03,2025-03-03,667,R4,False,CREDIT_BUREAU
CUST-105555,2025-03-03,2025-03-03,723,R3,False,CREDIT_BUREAU
CUST-104880,2025-03-03,2025-03-03,725,R3,False,CREDIT_BUREAU
CUST-106677,2025-03-03,2025-03-03,705,R3,False,CREDIT_BUREAU
CUST-103167,2025-03-03,2025-03-03,825,R1,False,CREDIT_BUREAU
CUST-105462,2025-03-03,2025-03-03,658,R5,False,CREDIT_BUREAU
CUST-102955,2025-03-03,2025-03-03,822,R1,False,CREDIT_BUREAU
CUST-101856,2025-03-03,2025-03-03,675,R4,False,CREDIT_BUREAU
CUST-107351,2025-03-03,2025-03-03,754,R2,False,CREDIT_BUREAU
CUST-102508,2025-03-03,2025-03-03,758,R2,False,CREDIT_BUREAU
CUST-103906,2025-03-03,2025-03-03,813,R1,False,CREDIT_BUREAU
CUST-103492,2025-03-03,2025-03-03,738,R3,False,CREDIT_BUREAU
CUST-101402,2025-03-03,2025-03-03,678,R4,False,CREDIT_BUREAU
CUST-104884,2025-03-03,2025-03-03,638,R5,False,CREDIT_BUREAU
CUST-101480,2025-03-03,2025-03-03,825,R1,False,CREDIT_BUREAU
CUST-106670,2025-03-03,2025-03-03,640,R5,False,CREDIT_BUREAU
CUST-105955,2025-03-03,2025-03-03,734,R3,False,CREDIT_BUREAU
CUST-103884,2025-03-03,2025-03-03,653,R5,False,CREDIT_BUREAU
CUST-105700,2025-03-03,2025-03-03,691,R4,False,CREDIT_BUREAU
CUST-103170,2025-03-03,2025-03-03,798,R1,False,CREDIT_BUREAU
CUST-106232,2025-03-03,2025-03-03,700,R3,False,CREDIT_BUREAU
CUST-104825,2025-03-03,2025-03-03,807,R1,False,CREDIT_BUREAU
CUST-101520,2025-03-03,2025-03-03,815,R1,False,CREDIT_BUREAU
CUST-100988,2025-03-03,2025-03-03,605,R6,False,CREDIT_BUREAU
CUST-105620,2025-03-03,2025-03-03,810,R1,False,CREDIT_BUREAU
CUST-104640,2025-03-03,2025-03-03,630,R5,False,CREDIT_BUREAU
CUST-100344,2025-03-03,2025-03-03,670,R4,False,CREDIT_BUREAU
CUST-105724,2025-03-03,2025-03-03,713,R3,False,CREDIT_BUREAU
CUST-101458,2025-03-03,2025-03-03,810,R1,False,CREDIT_BUREAU
CUST-106725,2025-03-03,2025-03-03,808,R1,False,CREDIT_BUREAU
CUST-102112,2025-03-03,2025-03-03,671,R4,False,CREDIT_BUREAU
CUST-100882,2025-03-03,2025-03-03,706,R3,False,CREDIT_BUREAU
CUST-106536,2025-03-03,2025-03-03,604,R6,False,CREDIT_BUREAU
CUST-102972,2025-03-03,2025-03-03,674,R4,False,CREDIT_BUREAU
CUST-102722,2025-03-03,2025-03-03,760,R2,False,CREDIT_BUREAU
CUST-102261,2025-03-03,2025-03-03,816,R1,False,CREDIT_BUREAU
CUST-104903,2025-03-03,2025-03-03,644,R5,False,CREDIT_BUREAU
CUST-104057,2025-03-03,2025-03-03,585,R6,False,CREDIT_BUREAU
CUST-102964,2025-03-03,2025-03-03,720,R3,False,CREDIT_BUREAU
CUST-107561,2025-03-03,2025-03-03,717,R3,False,CREDIT_BUREAU
CUST-103243,2025-03-03,2025-03-03,587,R6,False,CREDIT_BUREAU
CUST-106284,2025-03-03,2025-03-03,824,R1,False,CREDIT_BUREAU
CUST-103567,2025-03-03,2025-03-03,824,R1,False,CREDIT_BUREAU
CUST-102048,2025-03-03,2025-03-03,426,R7,False,CREDIT_BUREAU
CUST-105688,2025-03-03,2025-03-03,670,R4,False,CREDIT_BUREAU
CUST-103907,2025-03-03,2025-03-03,641,R5,False,CREDIT_BUREAU
CUST-101420,2025-03-03,2025-03-03,748,R2,False,CREDIT_BUREAU
CUST-102896,2025-03-03,2025-03-03,778,R2,False,CREDIT_BUREAU
CUST-103062,2025-03-03,2025-03-03,809,R1,False,CREDIT_BUREAU
CUST-103587,2025-03-03,2025-03-03,624,R5,False,CREDIT_BUREAU
CUST-106598,2025-03-03,2025-03-03,682,R4,False,CREDIT_BUREAU
CUST-107027,2025-03-03,2025-03-03,710,R3,False,CREDIT_BUREAU
CUST-105744,2025-03-03,2025-03-03,712,R3,False,CREDIT_BUREAU
CUST-105323,2025-03-03,2025-03-03,760,R2,False,CREDIT_BUREAU
CUST-104945,2025-03-03,2025-03-03,643,R5,False,CREDIT_BUREAU
CUST-104263,2025-03-03,2025-03-03,808,R1,False,CREDIT_BUREAU
CUST-100049,2025-03-03,2025-03-03,608,R6,False,CREDIT_BUREAU
CUST-107573,2025-03-03,2025-03-03,776,R2,False,CREDIT_BUREAU
CUST-107312,2025-03-03,2025-03-03,670,R4,False,CREDIT_BUREAU
CUST-103932,2025-03-03,2025-03-03,588,R6,False,CREDIT_BUREAU
CUST-101667,2025-03-03,2025-03-03,744,R2,False,CREDIT_BUREAU
CUST-105640,2025-03-03,2025-03-03,598,R6,False,CREDIT_BUREAU
CUST-104114,2025-03-03,2025-03-03,693,R4,False,CREDIT_BUREAU
CUST-106013,2025-03-03,2025-03-03,678,R4,False,CREDIT_BUREAU
CUST-106669,2025-03-03,2025-03-03,426,R7,False,CREDIT_BUREAU
CUST-105153,2025-03-03,2025-03-03,808,R1,False,CREDIT_BUREAU
CUST-101132,2025-03-03,2025-03-03,688,R4,False,CREDIT_BUREAU
CUST-105628,2025-03-03,2025-03-03,718,R3,False,CREDIT_BUREAU
CUST-101448,2025-03-03,2025-03-03,820,R1,False,CREDIT_BUREAU
CUST-107427,2025-03-03,2025-03-03,585,R6,False,CREDIT_BUREAU
CUST-100583,2025-03-03,2025-03-03,734,R3,False,CREDIT_BUREAU
CUST-105162,2025-03-03,2025-03-03,593,R6,False,CREDIT_BUREAU
CUST-102648,2025-03-03,2025-03-03,650,R5,False,CREDIT_BUREAU
CUST-103750,2025-03-03,2025-03-03,676,R4,False,CREDIT_BUREAU
CUST-103395,2025-03-03,2025-03-03,454,R7,False,CREDIT_BUREAU
CUST-102286,2025-03-03,2025-03-03,572,R7,False,CREDIT_BUREAU
CUST-107627,2025-03-03,2025-03-03,685,R4,False,CREDIT_BUREAU
CUST-103988,2025-03-03,2025-03-03,719,R3,False,CREDIT_BUREAU
CUST-102267,2025-03-03,2025-03-03,779,R2,False,CREDIT_BUREAU
CUST-107246,2025-03-03,2025-03-03,703,R3,False,CREDIT_BUREAU
CUST-106180,2025-03-03,2025-03-03,745,R2,False,CREDIT_BUREAU
CUST-107888,2025-03-03,2025-03-03,808,R1,False,CREDIT_BUREAU
CUST-100902,2025-03-03,2025-03-03,786,R1,False,CREDIT_BUREAU
CUST-107899,2025-03-03,2025-03-03,637,R5,False,CREDIT_BUREAU
CUST-101713,2025-03-03,2025-03-03,637,R5,False,CREDIT_BUREAU
CUST-101574,2025-03-03,2025-03-03,681,R4,False,CREDIT_BUREAU
CUST-103916,2025-03-03,2025-03-03,454,R7,False,CREDIT_BUREAU
CUST-104309,2025-03-03,2025-03-03,706,R3,False,CREDIT_BUREAU
CUST-106484,2025-03-03,2025-03-03,671,R4,False,CREDIT_BUREAU
CUST-102019,2025-03-03,2025-03-03,630,R5,False,CREDIT_BUREAU
CUST-101035,2025-03-03,2025-03-03,626,R5,False,CREDIT_BUREAU
CUST-105513,2025-03-03,2025-03-03,733,R3,False,CREDIT_BUREAU
CUST-101184,2025-03-03,2025-03-03,597,R6,False,CREDIT_BUREAU
CUST-102721,2025-03-03,2025-03-03,747,R2,False,CREDIT_BUREAU
CUST-106593,2025-03-03,2025-03-03,711,R3,False,CREDIT_BUREAU
CUST-104482,2025-03-03,2025-03-03,666,R4,False,CREDIT_BUREAU
CUST-100503,2025-03-03,2025-03-03,688,R4,False,CREDIT_BUREAU
CUST-106744,2025-03-03,2025-03-03,806,R1,False,CREDIT_BUREAU
CUST-106160,2025-03-03,2025-03-03,755,R2,False,CREDIT_BUREAU
CUST-107563,2025-03-03,2025-03-03,833,R1,False,CREDIT_BUREAU
CUST-105117,2025-03-03,2025-03-03,718,R3,False,CREDIT_BUREAU
CUST-107785,2025-03-03,2025-03-03,687,R4,False,CREDIT_BUREAU
CUST-107170,2025-03-03,2025-03-03,717,R3,False,CREDIT_BUREAU
CUST-105995,2025-03-03,2025-03-03,643,R5,False,CREDIT_BUREAU
CUST-107978,2025-03-03,2025-03-03,658,R5,False,CREDIT_BUREAU
CUST-101967,2025-03-03,2025-03-03,715,R3,False,CREDIT_BUREAU
CUST-100488,2025-03-03,2025-03-03,674,R4,False,CREDIT_BUREAU
CUST-103293,2025-03-03,2025-03-03,730,R3,False,CREDIT_BUREAU
CUST-102480,2025-03-03,2025-03-03,638,R5,False,CREDIT_BUREAU
CUST-102576,2025-03-03,2025-03-03,744,R2,False,CREDIT_BUREAU
CUST-105598,2025-03-03,2025-03-03,758,R2,False,CREDIT_BUREAU
CUST-105332,2025-03-03,2025-03-03,713,R3,False,CREDIT_BUREAU
CUST-106143,2025-03-03,2025-03-03,725,R3,False,CREDIT_BUREAU
CUST-106474,2025-03-03,2025-03-03,610,R6,False,CREDIT_BUREAU
CUST-107852,2025-03-03,2025-03-03,679,R4,False,CREDIT_BUREAU
CUST-100363,2025-03-03,2025-03-03,760,R2,False,CREDIT_BUREAU
CUST-106992,2025-03-03,2025-03-03,756,R2,False,CREDIT_BUREAU
CUST-107500,2025-03-03,2025-03-03,701,R3,False,CREDIT_BUREAU
CUST-106679,2025-03-03,2025-03-03,593,R6,False,CREDIT_BUREAU
CUST-103141,2025-03-03,2025-03-03,630,R5,False,CREDIT_BUREAU
CUST-101860,2025-03-03,2025-03-03,824,R1,False,CREDIT_BUREAU
CUST-107722,2025-03-03,2025-03-03,693,R4,False,CREDIT_BUREAU
CUST-103918,2025-03-03,2025-03-03,730,R3,False,CREDIT_BUREAU
CUST-106028,2025-03-03,2025-03-03,727,R3,False,CREDIT_BUREAU
CUST-102049,2025-03-03,2025-03-03,774,R2,False,CREDIT_BUREAU
CUST-102055,2025-03-03,2025-03-03,678,R4,False,CREDIT_BUREAU
CUST-105096,2025-03-03,2025-03-03,639,R5,False,CREDIT_BUREAU
CUST-103271,2025-03-03,2025-03-03,719,R3,False,CREDIT_BUREAU
CUST-104442,2025-03-03,2025-03-03,803,R1,False,CREDIT_BUREAU
CUST-102277,2025-03-03,2025-03-03,829,R1,False,CREDIT_BUREAU
CUST-104288,2025-03-03,2025-03-03,695,R4,False,CREDIT_BUREAU
CUST-102152,2025-03-03,2025-03-03,650,R5,False,CREDIT_BUREAU
CUST-106689,2025-03-03,2025-03-03,665,R4,False,CREDIT_BUREAU
CUST-107291,2025-03-03,2025-03-03,445,R7,False,CREDIT_BUREAU
CUST-100502,2025-03-03,2025-03-03,768,R2,False,CREDIT_BUREAU
CUST-100171,2025-03-03,2025-03-03,804,R1,False,CREDIT_BUREAU
CUST-101530,2025-03-03,2025-03-03,446,R7,False,CREDIT_BUREAU
CUST-106776,2025-03-03,2025-03-03,733,R3,False,CREDIT_BUREAU
CUST-101894,2025-03-03,2025-03-03,742,R2,False,CREDIT_BUREAU
CUST-104413,2025-03-03,2025-03-03,730,R3,False,CREDIT_BUREAU
CUST-102793,2025-03-03,2025-03-03,602,R6,False,CREDIT_BUREAU
CUST-100417,2025-03-03,2025-03-03,833,R1,False,CREDIT_BUREAU
CUST-105527,2025-03-03,2025-03-03,611,R6,False,CREDIT_BUREAU
CUST-103292,2025-03-03,2025-03-03,714,R3,False,CREDIT_BUREAU
CUST-101519,2025-03-03,2025-03-03,669,R4,False,CREDIT_BUREAU
CUST-102038,2025-03-03,2025-03-03,746,R2,False,CREDIT_BUREAU
CUST-102614,2025-03-03,2025-03-03,652,R5,False,CREDIT_BUREAU
CUST-104907,2025-03-03,2025-03-03,687,R4,False,CREDIT_BUREAU
CUST-103156,2025-03-03,2025-03-03,697,R4,False,CREDIT_BUREAU
CUST-107560,2025-03-03,2025-03-03,576,R7,False,CREDIT_BUREAU
CUST-102993,2025-03-03,2025-03-03,601,R6,False,CREDIT_BUREAU
CUST-100390,2025-03-03,2025-03-03,738,R3,False,CREDIT_BUREAU
CUST-103634,2025-03-03,2025-03-03,811,R1,False,CREDIT_BUREAU
CUST-103105,2025-03-03,2025-03-03,726,R3,False,CREDIT_BUREAU
CUST-104121,2025-03-03,2025-03-03,640,R5,False,CREDIT_BUREAU
CUST-106438,2025-03-03,2025-03-03,759,R2,False,CREDIT_BUREAU
CUST-103985,2025-03-03,2025-03-03,715,R3,False,CREDIT_BUREAU
CUST-102297,2025-03-03,2025-03-03,426,R7,False,CREDIT_BUREAU
CUST-101685,2025-03-03,2025-03-03,600,R6,False,CREDIT_BUREAU
CUST-101084,2025-03-03,2025-03-03,668,R4,False,CREDIT_BUREAU
CUST-104692,2025-03-03,2025-03-03,651,R5,False,CREDIT_BUREAU
CUST-100154,2025-03-03,2025-03-03,685,R4,False,CREDIT_BUREAU
CUST-101532,2025-03-03,2025-03-03,430,R7,False,CREDIT_BUREAU
CUST-100844,2025-03-03,2025-03-03,728,R3,False,CREDIT_BUREAU
CUST-107590,2025-03-03,2025-03-03,604,R6,False,CREDIT_BUREAU
