loan_id,customer_id,snapshot_date,bucket_index,dpd,restructured_flag,fraud_flag,outstanding_balance,delinquency_bucket,loan_purpose_code
LN-500000,CUST-107530,2025-04-05,0,0,False,False,33906.85000000001,Current,DEBT_CONSOLIDATION
LN-500001,CUST-104707,2025-04-05,0,0,False,False,13271.937500000004,Current,DEBT_CONSOLIDATION
LN-500003,CUST-104109,2025-04-05,0,0,False,False,36453.12,Current,DEBT_CONSOLIDATION
LN-500004,CUST-105507,2025-04-05,0,0,False,False,18647.7625,Current,DEBT_CONSOLIDATION
LN-500006,CUST-104241,2025-04-05,0,0,False,False,16292.795000000006,Current,DEBT_CONSOLIDATION
LN-500009,CUST-104996,2025-04-05,0,0,False,False,40689.44249999999,Current,DEBT_CONSOLIDATION
LN-500010,CUST-103092,2025-04-05,0,0,False,False,10885.047499999999,Current,DEBT_CONSOLIDATION
LN-500011,CUST-107344,2025-04-05,0,0,False,False,25999.49500000001,Current,DEBT_CONSOLIDATION
LN-500012,CUST-102210,2025-04-05,0,0,False,False,3601.7749999999996,Current,DEBT_CONSOLIDATION
LN-500013,CUST-104867,2025-04-05,0,0,False,False,5417.44,Current,DEBT_CONSOLIDATION
LN-500014,CUST-107938,2025-04-05,0,0,False,False,5220.170000000005,Current,DEBT_CONSOLIDATION
LN-500015,CUST-105329,2025-04-05,0,0,False,False,10893.087499999994,Current,DEBT_CONSOLIDATION
LN-500016,CUST-103631,2025-04-05,0,0,False,False,7976.417500000003,Current,DEBT_CONSOLIDATION
LN-500019,CUST-105349,2025-04-05,2,55,False,False,5310.782500000001,30-59,DEBT_CONSOLIDATION
LN-500020,CUST-103961,2025-04-05,0,0,False,False,29352.86,Current,DEBT_CONSOLIDATION
LN-500021,CUST-100216,2025-04-05,0,0,False,False,9232.952499999996,Current,DEBT_CONSOLIDATION
LN-500022,CUST-102541,2025-04-05,0,0,False,False,11126.487499999994,Current,DEBT_CONSOLIDATION
LN-500023,CUST-101789,2025-04-05,0,0,False,False,48021.95,Current,DEBT_CONSOLIDATION
LN-500024,CUST-106375,2025-04-05,0,0,False,False,9290.400000000001,Current,DEBT_CONSOLIDATION
LN-500025,CUST-102800,2025-04-05,0,0,False,False,3534.065,Current,DEBT_CONSOLIDATION
LN-500026,CUST-106068,2025-04-05,0,0,False,False,24486.22,Current,DEBT_CONSOLIDATION
LN-500027,CUST-103608,2025-04-05,0,0,False,False,18464.019999999997,Current,DEBT_CONSOLIDATION
LN-500029,CUST-102872,2025-04-05,0,0,False,False,2364.7675000000004,Current,DEBT_CONSOLIDATION
LN-500030,CUST-104122,2025-04-05,0,0,False,False,15420.520000000004,Current,DEBT_CONSOLIDATION
LN-500031,CUST-105559,2025-04-05,0,0,False,False,16121.664999999994,Current,DEBT_CONSOLIDATION
LN-500032,CUST-100299,2025-04-05,0,0,False,False,12729.5225,Current,DEBT_CONSOLIDATION
LN-500033,CUST-101498,2025-04-05,0,0,False,False,8199.492499999998,Current,DEBT_CONSOLIDATION
LN-500035,CUST-101844,2025-04-05,0,0,False,False,17804.24999999998,Current,DEBT_CONSOLIDATION
LN-500036,CUST-107229,2025-04-05,0,0,False,False,51911.52500000001,Current,DEBT_CONSOLIDATION
LN-500037,CUST-106505,2025-04-05,0,0,False,False,2772.9775,Current,DEBT_CONSOLIDATION
LN-500038,CUST-100918,2025-04-05,0,0,False,False,2687.2299999999987,Current,DEBT_CONSOLIDATION
LN-500039,CUST-100339,2025-04-05,0,0,False,False,21890.1075,Current,DEBT_CONSOLIDATION
LN-500040,CUST-102235,2025-04-05,2,32,False,False,12626.960000000003,30-59,DEBT_CONSOLIDATION
LN-500041,CUST-107799,2025-04-05,0,0,False,False,30427.78,Current,DEBT_CONSOLIDATION
LN-500042,CUST-107445,2025-04-05,0,0,False,False,34089.23249999997,Current,DEBT_CONSOLIDATION
LN-500043,CUST-102572,2025-04-05,0,0,False,False,13984.510000000002,Current,DEBT_CONSOLIDATION
LN-500044,CUST-100853,2025-04-05,0,0,False,False,9708.070000000007,Current,DEBT_CONSOLIDATION
LN-500045,CUST-107311,2025-04-05,0,0,False,False,596569.285,Current,DEBT_CONSOLIDATION
LN-500046,CUST-101096,2025-04-05,0,0,False,False,21814.180000000004,Current,DEBT_CONSOLIDATION
LN-500047,CUST-100107,2025-04-05,0,0,False,False,10732.970000000003,Current,DEBT_CONSOLIDATION
LN-500048,CUST-100513,2025-04-05,1,4,False,False,1737.5600000000002,1-29,DEBT_CONSOLIDATION
LN-500049,CUST-101729,2025-04-05,0,0,False,False,8059.07,Current,DEBT_CONSOLIDATION
LN-500050,CUST-101980,2025-04-05,0,0,False,False,10837.297499999995,Current,DEBT_CONSOLIDATION
LN-500051,CUST-100919,2025-04-05,0,0,False,False,93277.87750000003,Current,DEBT_CONSOLIDATION
LN-500052,CUST-107189,2025-04-05,0,0,False,False,47361.240000000005,Current,DEBT_CONSOLIDATION
LN-500053,CUST-100357,2025-04-05,0,0,False,False,4066.714999999998,Current,DEBT_CONSOLIDATION
LN-500054,CUST-106827,2025-04-05,0,0,False,False,2053.8749999999995,Current,DEBT_CONSOLIDATION
LN-500056,CUST-102636,2025-04-05,0,0,False,False,21645.97,Current,DEBT_CONSOLIDATION
LN-500057,CUST-104604,2025-04-05,0,0,False,False,17240.169999999995,Current,DEBT_CONSOLIDATION
LN-500058,CUST-104228,2025-04-05,0,0,False,False,19946.43750000002,Current,DEBT_CONSOLIDATION
LN-500060,CUST-101162,2025-04-05,0,0,False,False,31542.62,Current,DEBT_CONSOLIDATION
LN-500061,CUST-103487,2025-04-05,0,0,False,False,48934.79499999998,Current,DEBT_CONSOLIDATION
LN-500062,CUST-101479,2025-04-05,0,0,False,False,19564.72,Current,DEBT_CONSOLIDATION
LN-500063,CUST-104045,2025-04-05,0,0,False,False,11549.892500000004,Current,DEBT_CONSOLIDATION
LN-500064,CUST-107021,2025-04-05,0,0,False,False,3354.3199999999997,Current,DEBT_CONSOLIDATION
LN-500065,CUST-102639,2025-04-05,0,0,False,False,5150.23,Current,DEBT_CONSOLIDATION
LN-500066,CUST-101369,2025-04-05,0,0,False,False,18009.580000000013,Current,DEBT_CONSOLIDATION
LN-500067,CUST-105071,2025-04-05,0,0,False,False,20649.59,Current,DEBT_CONSOLIDATION
LN-500069,CUST-101492,2025-04-05,0,0,False,False,24148.10500000001,Current,DEBT_CONSOLIDATION
LN-500070,CUST-107422,2025-04-05,0,0,False,False,5469.390000000002,Current,DEBT_CONSOLIDATION
LN-500071,CUST-103632,2025-04-05,0,0,False,False,17303.182500000003,Current,DEBT_CONSOLIDATION
LN-500072,CUST-105355,2025-04-05,0,0,False,False,10628.150000000007,Current,DEBT_CONSOLIDATION
LN-500074,CUST-100430,2025-04-05,1,3,False,False,35037.072499999995,1-29,DEBT_CONSOLIDATION
LN-500075,CUST-102249,2025-04-05,0,0,False,False,1469.9674999999993,Current,DEBT_CONSOLIDATION
LN-500076,CUST-100715,2025-04-05,0,0,False,False,12546.259999999987,Current,DEBT_CONSOLIDATION
LN-500077,CUST-105629,2025-04-05,0,0,False,False,27412.99000000002,Current,DEBT_CONSOLIDATION
LN-500079,CUST-103910,2025-04-05,0,0,False,False,57600.25750000002,Current,DEBT_CONSOLIDATION
LN-500083,CUST-101689,2025-04-05,0,0,False,False,41084.22000000002,Current,DEBT_CONSOLIDATION
LN-500084,CUST-100431,2025-04-05,0,0,False,False,30815.350000000002,Current,DEBT_CONSOLIDATION
LN-500086,CUST-102086,2025-04-05,0,0,False,False,23296.562500000004,Current,DEBT_CONSOLIDATION
LN-500087,CUST-101210,2025-04-05,1,18,False,False,4535.490000000003,1-29,DEBT_CONSOLIDATION
LN-500088,CUST-105727,2025-04-05,0,0,False,False,24948.2,Current,DEBT_CONSOLIDATION
LN-500089,CUST-106512,2025-04-05,0,0,False,False,6123.722499999999,Current,DEBT_CONSOLIDATION
LN-500090,CUST-101465,2025-04-05,0,0,False,False,42322.01250000001,Current,DEBT_CONSOLIDATION
LN-500091,CUST-101474,2025-04-05,0,0,False,False,42360.569999999985,Current,DEBT_CONSOLIDATION
LN-500092,CUST-102555,2025-04-05,0,0,False,False,55049.15500000002,Current,DEBT_CONSOLIDATION
LN-500093,CUST-107444,2025-04-05,4,136,False,False,14148.655000000002,90+,DEBT_CONSOLIDATION
LN-500095,CUST-103414,2025-04-05,0,0,False,False,33172.76,Current,DEBT_CONSOLIDATION
LN-500097,CUST-106482,2025-04-05,0,0,False,False,20308.845,Current,DEBT_CONSOLIDATION
LN-500098,CUST-103528,2025-04-05,0,0,False,False,39623.50000000001,Current,DEBT_CONSOLIDATION
LN-500099,CUST-102530,2025-04-05,0,0,False,False,53069.5725,Current,DEBT_CONSOLIDATION
LN-500100,CUST-102182,2025-04-05,0,0,False,False,43562.2275,Current,DEBT_CONSOLIDATION
LN-500101,CUST-107675,2025-04-05,0,0,False,False,21592.5,Current,DEBT_CONSOLIDATION
LN-500102,CUST-107178,2025-04-05,0,0,False,False,7325.32,Current,DEBT_CONSOLIDATION
LN-500103,CUST-103489,2025-04-05,0,0,False,False,17745.62999999999,Current,DEBT_CONSOLIDATION
LN-500104,CUST-101226,2025-04-05,0,0,False,False,7973.842499999997,Current,DEBT_CONSOLIDATION
LN-500105,CUST-100146,2025-04-05,0,0,False,False,40699.66500000004,Current,DEBT_CONSOLIDATION
LN-500106,CUST-107420,2025-04-05,0,0,False,False,36150.49,Current,DEBT_CONSOLIDATION
LN-500107,CUST-104318,2025-04-05,0,0,False,False,49123.909999999996,Current,DEBT_CONSOLIDATION
LN-500109,CUST-107381,2025-04-05,0,0,False,False,29185.05000000001,Current,DEBT_CONSOLIDATION
LN-500110,CUST-107321,2025-04-05,0,0,False,False,51764.43,Current,DEBT_CONSOLIDATION
LN-500111,CUST-103769,2025-04-05,0,0,False,False,13000.015000000005,Current,DEBT_CONSOLIDATION
LN-500113,CUST-101074,2025-04-05,0,0,False,False,319049.3674999998,Current,DEBT_CONSOLIDATION
LN-500114,CUST-104832,2025-04-05,0,0,False,False,6840.904999999999,Current,DEBT_CONSOLIDATION
LN-500115,CUST-103800,2025-04-05,0,0,False,False,42494.89499999999,Current,DEBT_CONSOLIDATION
LN-500116,CUST-105367,2025-04-05,0,0,False,False,39466.655,Current,DEBT_CONSOLIDATION
LN-500117,CUST-106238,2025-04-05,1,26,False,False,10063.889999999998,1-29,DEBT_CONSOLIDATION
LN-500119,CUST-103247,2025-04-05,0,0,False,False,28091.309999999994,Current,DEBT_CONSOLIDATION
LN-500120,CUST-107859,2025-04-05,0,0,False,False,17916.45,Current,DEBT_CONSOLIDATION
LN-500122,CUST-100099,2025-04-05,0,0,False,False,4865.600000000001,Current,DEBT_CONSOLIDATION
LN-500123,CUST-105563,2025-04-05,0,0,False,False,15557.069999999989,Current,DEBT_CONSOLIDATION
LN-500124,CUST-106486,2025-04-05,1,1,False,False,2969.3999999999996,1-29,DEBT_CONSOLIDATION
LN-500125,CUST-103212,2025-04-05,0,0,False,False,12881.687500000005,Current,DEBT_CONSOLIDATION
LN-500128,CUST-104704,2025-04-05,0,0,False,False,43948.500000000015,Current,DEBT_CONSOLIDATION
LN-500130,CUST-105311,2025-04-05,0,0,False,False,22235.622499999998,Current,DEBT_CONSOLIDATION
LN-500131,CUST-104688,2025-04-05,0,0,False,False,28534.384999999995,Current,DEBT_CONSOLIDATION
LN-500133,CUST-104975,2025-04-05,0,0,False,False,206313.85499999995,Current,DEBT_CONSOLIDATION
LN-500134,CUST-107347,2025-04-05,0,0,False,False,3062.535,Current,DEBT_CONSOLIDATION
LN-500135,CUST-101244,2025-04-05,0,0,False,False,77428.73999999992,Current,DEBT_CONSOLIDATION
LN-500137,CUST-100206,2025-04-05,0,0,False,False,3436.4150000000004,Current,DEBT_CONSOLIDATION
LN-500138,CUST-106409,2025-04-05,0,0,False,False,13687.264999999996,Current,DEBT_CONSOLIDATION
LN-500139,CUST-107541,2025-04-05,0,0,False,False,17359.64999999998,Current,DEBT_CONSOLIDATION
LN-500140,CUST-107546,2025-04-05,0,0,False,False,67000.88999999996,Current,DEBT_CONSOLIDATION
LN-500141,CUST-102791,2025-04-05,0,0,False,False,6566.420000000004,Current,DEBT_CONSOLIDATION
LN-500142,CUST-106534,2025-04-05,0,0,False,False,11014.937500000002,Current,DEBT_CONSOLIDATION
LN-500144,CUST-101406,2025-04-05,0,0,False,False,15104.64000000001,Current,DEBT_CONSOLIDATION
LN-500145,CUST-105191,2025-04-05,1,11,False,False,23566.7825,1-29,DEBT_CONSOLIDATION
LN-500146,CUST-107574,2025-04-05,0,0,False,False,11414.9,Current,DEBT_CONSOLIDATION
LN-500147,CUST-104528,2025-04-05,0,0,False,False,45390.06,Current,DEBT_CONSOLIDATION
LN-500148,CUST-100699,2025-04-05,0,0,False,False,8035.617499999998,Current,DEBT_CONSOLIDATION
LN-500149,CUST-100560,2025-04-05,0,0,False,False,23931.82,Current,DEBT_CONSOLIDATION
LN-500150,CUST-104542,2025-04-05,0,0,False,False,2967.0750000000003,Current,DEBT_CONSOLIDATION
LN-500151,CUST-106701,2025-04-05,0,0,False,False,41455.56999999996,Current,DEBT_CONSOLIDATION
LN-500152,CUST-105503,2025-04-05,0,0,False,False,27199.109999999993,Current,DEBT_CONSOLIDATION
LN-500153,CUST-102850,2025-04-05,0,0,False,False,23938.17,Current,DEBT_CONSOLIDATION
LN-500154,CUST-105313,2025-04-05,0,0,False,False,10146.254999999997,Current,DEBT_CONSOLIDATION
LN-500155,CUST-105467,2025-04-05,0,0,False,False,48723.09,Current,DEBT_CONSOLIDATION
LN-500156,CUST-106597,2025-04-05,2,47,False,False,45772.00249999998,30-59,DEBT_CONSOLIDATION
LN-500157,CUST-103741,2025-04-05,0,0,False,False,20374.792499999985,Current,DEBT_CONSOLIDATION
LN-500160,CUST-107095,2025-04-05,0,0,False,False,59769.51000000001,Current,DEBT_CONSOLIDATION
LN-500161,CUST-105816,2025-04-05,0,0,False,False,270759.2699999999,Current,DEBT_CONSOLIDATION
LN-500162,CUST-103245,2025-04-05,0,0,False,False,10500.959999999988,Current,DEBT_CONSOLIDATION
LN-500163,CUST-104815,2025-04-05,0,0,False,False,6113.8,Current,DEBT_CONSOLIDATION
LN-500164,CUST-100191,2025-04-05,0,0,False,False,1399.1099999999997,Current,DEBT_CONSOLIDATION
LN-500165,CUST-106950,2025-04-05,0,0,False,False,13018.497500000014,Current,DEBT_CONSOLIDATION
LN-500167,CUST-106671,2025-04-05,0,0,False,False,12551.900000000001,Current,DEBT_CONSOLIDATION
LN-500168,CUST-107937,2025-04-05,0,0,False,False,45395.1,Current,DEBT_CONSOLIDATION
LN-500169,CUST-104618,2025-04-05,0,0,False,False,15666.675000000003,Current,DEBT_CONSOLIDATION
LN-500171,CUST-105832,2025-04-05,0,0,True,False,5960.475000000002,Current,DEBT_CONSOLIDATION
LN-500172,CUST-107462,2025-04-05,0,0,False,False,8375.245000000006,Current,DEBT_CONSOLIDATION
LN-500174,CUST-100151,2025-04-05,0,0,False,False,41254.39999999998,Current,DEBT_CONSOLIDATION
LN-500175,CUST-101728,2025-04-05,0,0,False,False,12068.7325,Current,DEBT_CONSOLIDATION
LN-500176,CUST-100750,2025-04-05,0,0,False,False,21833.600000000013,Current,DEBT_CONSOLIDATION
LN-500178,CUST-101366,2025-04-05,0,0,False,False,142900.37999999998,Current,DEBT_CONSOLIDATION
LN-500179,CUST-106006,2025-04-05,0,0,False,False,22707.705,Current,DEBT_CONSOLIDATION
LN-500180,CUST-107695,2025-04-05,0,0,False,False,8831.329999999994,Current,DEBT_CONSOLIDATION
LN-500181,CUST-107618,2025-04-05,0,0,False,False,12112.105,Current,DEBT_CONSOLIDATION
LN-500182,CUST-101885,2025-04-05,0,0,False,False,232219.89500000002,Current,DEBT_CONSOLIDATION
LN-500184,CUST-105514,2025-04-05,0,0,False,False,179140.39250000005,Current,DEBT_CONSOLIDATION
LN-500185,CUST-106609,2025-04-05,0,0,False,False,8459.649999999996,Current,DEBT_CONSOLIDATION
LN-500186,CUST-104409,2025-04-05,0,0,False,False,32390.99,Current,DEBT_CONSOLIDATION
LN-500187,CUST-101483,2025-04-05,0,0,False,False,1986.37,Current,DEBT_CONSOLIDATION
LN-500189,CUST-101815,2025-04-05,0,0,False,False,35074.41749999999,Current,DEBT_CONSOLIDATION
LN-500190,CUST-101438,2025-04-05,0,0,False,False,42638.2875,Current,DEBT_CONSOLIDATION
LN-500191,CUST-107837,2025-04-05,0,0,False,False,3862.9500000000003,Current,DEBT_CONSOLIDATION
LN-500192,CUST-103371,2025-04-05,1,10,False,False,20832.37250000001,1-29,DEBT_CONSOLIDATION
LN-500193,CUST-102684,2025-04-05,0,0,False,False,1727.3249999999998,Current,DEBT_CONSOLIDATION
LN-500194,CUST-103339,2025-04-05,0,0,False,False,10769.66,Current,DEBT_CONSOLIDATION
LN-500195,CUST-105033,2025-04-05,0,0,False,False,14368.575000000008,Current,DEBT_CONSOLIDATION
LN-500196,CUST-103844,2025-04-05,0,0,False,False,43869.232500000006,Current,DEBT_CONSOLIDATION
LN-500198,CUST-106796,2025-04-05,0,0,False,False,16415.150000000005,Current,DEBT_CONSOLIDATION
LN-500199,CUST-107657,2025-04-05,0,0,False,False,8020.757500000002,Current,DEBT_CONSOLIDATION
LN-500200,CUST-102563,2025-04-05,0,0,False,False,7665.917499999996,Current,DEBT_CONSOLIDATION
LN-500201,CUST-100687,2025-04-05,0,0,False,False,15843.127500000002,Current,DEBT_CONSOLIDATION
LN-500202,CUST-101775,2025-04-05,0,0,False,False,23438.88,Current,DEBT_CONSOLIDATION
LN-500205,CUST-104919,2025-04-05,0,0,True,False,29380.950000000004,Current,DEBT_CONSOLIDATION
LN-500206,CUST-100591,2025-04-05,0,0,False,False,11041.495,Current,DEBT_CONSOLIDATION
LN-500207,CUST-100001,2025-04-05,0,0,False,False,453.70000000000005,Current,DEBT_CONSOLIDATION
LN-500208,CUST-103849,2025-04-05,0,0,False,False,8904.644999999995,Current,DEBT_CONSOLIDATION
LN-500209,CUST-107182,2025-04-05,0,0,False,False,135404.64999999997,Current,DEBT_CONSOLIDATION
LN-500210,CUST-104226,2025-04-05,0,0,False,False,8164.115,Current,DEBT_CONSOLIDATION
LN-500211,CUST-107222,2025-04-05,3,69,False,False,10032.455000000004,60-89,DEBT_CONSOLIDATION
LN-500212,CUST-100656,2025-04-05,0,0,False,False,11123.080000000002,Current,DEBT_CONSOLIDATION
LN-500214,CUST-104378,2025-04-05,0,0,False,False,4588.557499999995,Current,DEBT_CONSOLIDATION
LN-500215,CUST-102880,2025-04-05,0,0,False,False,24250.885,Current,DEBT_CONSOLIDATION
LN-500216,CUST-102500,2025-04-05,0,0,False,False,10362.759999999997,Current,DEBT_CONSOLIDATION
LN-500217,CUST-105487,2025-04-05,0,0,False,False,17315.66,Current,DEBT_CONSOLIDATION
LN-500218,CUST-106769,2025-04-05,0,0,False,False,46529.74999999996,Current,DEBT_CONSOLIDATION
LN-500219,CUST-105222,2025-04-05,0,0,False,False,37325.030000000006,Current,DEBT_CONSOLIDATION
LN-500220,CUST-105258,2025-04-05,0,0,False,False,27498.212500000016,Current,DEBT_CONSOLIDATION
LN-500221,CUST-101291,2025-04-05,0,0,False,False,8088.1,Current,DEBT_CONSOLIDATION
LN-500222,CUST-102469,2025-04-05,0,0,False,False,11385.407499999996,Current,DEBT_CONSOLIDATION
LN-500223,CUST-100203,2025-04-05,0,0,False,False,11623.58,Current,DEBT_CONSOLIDATION
LN-500224,CUST-105099,2025-04-05,0,0,False,False,10838.25,Current,DEBT_CONSOLIDATION
LN-500225,CUST-103980,2025-04-05,0,0,False,False,15179.672499999997,Current,DEBT_CONSOLIDATION
LN-500226,CUST-103029,2025-04-05,0,0,False,False,12366.985000000004,Current,DEBT_CONSOLIDATION
LN-500227,CUST-102869,2025-04-05,0,0,False,False,15877.6275,Current,DEBT_CONSOLIDATION
LN-500228,CUST-102870,2025-04-05,0,0,False,False,5270.915000000002,Current,DEBT_CONSOLIDATION
LN-500231,CUST-104740,2025-04-05,0,0,False,False,24447.529999999988,Current,DEBT_CONSOLIDATION
LN-500232,CUST-106855,2025-04-05,0,0,False,False,451610.35000000003,Current,DEBT_CONSOLIDATION
LN-500233,CUST-105377,2025-04-05,1,23,False,False,23409.65,1-29,DEBT_CONSOLIDATION
LN-500235,CUST-102463,2025-04-05,0,0,False,False,31298.325,Current,DEBT_CONSOLIDATION
LN-500236,CUST-105684,2025-04-05,1,2,False,False,5582.0325,1-29,DEBT_CONSOLIDATION
LN-500237,CUST-103827,2025-04-05,0,0,False,False,13081.799999999997,Current,DEBT_CONSOLIDATION
LN-500239,CUST-106761,2025-04-05,0,0,False,False,22997.787499999995,Current,DEBT_CONSOLIDATION
LN-500240,CUST-106766,2025-04-05,0,0,False,False,8396.759999999997,Current,DEBT_CONSOLIDATION
LN-500241,CUST-104678,2025-04-05,0,0,False,False,8336.390000000003,Current,DEBT_CONSOLIDATION
LN-500242,CUST-103837,2025-04-05,0,0,False,False,27479.21,Current,DEBT_CONSOLIDATION
LN-500243,CUST-104204,2025-04-05,0,0,False,False,28343.934999999998,Current,DEBT_CONSOLIDATION
LN-500244,CUST-105395,2025-04-05,1,25,False,False,21185.609999999997,1-29,DEBT_CONSOLIDATION
LN-500245,CUST-107237,2025-04-05,0,0,False,False,446011.2075,Current,DEBT_CONSOLIDATION
LN-500246,CUST-103962,2025-04-05,0,0,False,False,28956.73,Current,DEBT_CONSOLIDATION
LN-500248,CUST-100186,2025-04-05,0,0,False,False,577304.3574999998,Current,DEBT_CONSOLIDATION
LN-500249,CUST-102992,2025-04-05,0,0,False,False,10205.515,Current,DEBT_CONSOLIDATION
LN-500250,CUST-103894,2025-04-05,0,0,False,False,106528.30250000002,Current,DEBT_CONSOLIDATION
LN-500251,CUST-105073,2025-04-05,0,0,False,False,23327.5775,Current,DEBT_CONSOLIDATION
LN-500252,CUST-103103,2025-04-05,1,11,False,False,91753.98000000004,1-29,DEBT_CONSOLIDATION
LN-500254,CUST-102097,2025-04-05,0,0,False,False,49788.19249999999,Current,DEBT_CONSOLIDATION
LN-500255,CUST-101809,2025-04-05,0,0,False,False,8874.66,Current,DEBT_CONSOLIDATION
LN-500256,CUST-104548,2025-04-05,0,0,False,False,18340.609999999993,Current,DEBT_CONSOLIDATION
LN-500257,CUST-101792,2025-04-05,0,0,False,False,471654.27,Current,DEBT_CONSOLIDATION
LN-500258,CUST-104634,2025-04-05,0,0,False,False,18072.98999999999,Current,DEBT_CONSOLIDATION
LN-500259,CUST-105082,2025-04-05,0,0,False,False,24868.039999999994,Current,DEBT_CONSOLIDATION
LN-500260,CUST-106555,2025-04-05,0,0,False,False,12499.135000000006,Current,DEBT_CONSOLIDATION
LN-500262,CUST-106242,2025-04-05,0,0,False,False,27557.622499999998,Current,DEBT_CONSOLIDATION
LN-500264,CUST-106962,2025-04-05,0,0,False,False,260225.1725,Current,DEBT_CONSOLIDATION
LN-500265,CUST-100983,2025-04-05,1,2,False,False,19129.149999999994,1-29,DEBT_CONSOLIDATION
LN-500266,CUST-103606,2025-04-05,0,0,False,False,12442.5475,Current,DEBT_CONSOLIDATION
LN-500268,CUST-105404,2025-04-05,0,0,False,False,14163.457499999993,Current,DEBT_CONSOLIDATION
LN-500269,CUST-102799,2025-04-05,0,0,False,False,43298.30999999999,Current,DEBT_CONSOLIDATION
LN-500270,CUST-103325,2025-04-05,0,0,True,False,24873.084999999992,Current,DEBT_CONSOLIDATION
LN-500271,CUST-100758,2025-04-05,0,0,False,False,2393.04,Current,DEBT_CONSOLIDATION
LN-500272,CUST-105541,2025-04-05,0,0,False,False,22597.009999999995,Current,DEBT_CONSOLIDATION
LN-500273,CUST-100608,2025-04-05,0,0,False,False,21007.95749999999,Current,DEBT_CONSOLIDATION
LN-500274,CUST-102810,2025-04-05,0,0,False,False,46876.31249999998,Current,DEBT_CONSOLIDATION
LN-500276,CUST-100044,2025-04-05,0,0,False,False,11862.300000000005,Current,DEBT_CONSOLIDATION
LN-500277,CUST-105267,2025-04-05,0,0,False,False,5248.010000000004,Current,DEBT_CONSOLIDATION
LN-500278,CUST-101308,2025-04-05,0,0,False,False,34547.862499999996,Current,DEBT_CONSOLIDATION
LN-500279,CUST-105582,2025-04-05,0,0,False,False,2439.6524999999997,Current,DEBT_CONSOLIDATION
LN-500280,CUST-107817,2025-04-05,0,0,False,False,36272.35500000001,Current,DEBT_CONSOLIDATION
LN-500282,CUST-105662,2025-04-05,0,0,False,False,12852.567500000005,Current,DEBT_CONSOLIDATION
LN-500283,CUST-102743,2025-04-05,0,0,False,False,1542.7975,Current,DEBT_CONSOLIDATION
LN-500284,CUST-102704,2025-04-05,0,0,False,False,1279.4600000000012,Current,DEBT_CONSOLIDATION
LN-500285,CUST-105329,2025-04-05,4,117,False,False,103923.36,90+,DEBT_CONSOLIDATION
LN-500286,CUST-101328,2025-04-05,2,48,False,False,13123.999999999995,30-59,DEBT_CONSOLIDATION
LN-500287,CUST-100152,2025-04-05,0,0,False,False,48972.29999999998,Current,DEBT_CONSOLIDATION
LN-500288,CUST-101279,2025-04-05,0,0,False,False,19902.410000000007,Current,DEBT_CONSOLIDATION
LN-500289,CUST-106907,2025-04-05,0,0,False,False,9713.244999999997,Current,DEBT_CONSOLIDATION
LN-500291,CUST-105904,2025-04-05,0,0,False,False,16098.095000000005,Current,DEBT_CONSOLIDATION
LN-500292,CUST-101553,2025-04-05,0,0,False,False,12401.605,Current,DEBT_CONSOLIDATION
LN-500293,CUST-102529,2025-04-05,0,0,False,False,10888.314999999999,Current,DEBT_CONSOLIDATION
LN-500294,CUST-107666,2025-04-05,0,0,False,False,11727.33,Current,DEBT_CONSOLIDATION
LN-500295,CUST-104111,2025-04-05,0,0,False,False,24898.197499999987,Current,DEBT_CONSOLIDATION
LN-500296,CUST-104743,2025-04-05,0,0,False,False,16344.314999999986,Current,DEBT_CONSOLIDATION
LN-500297,CUST-107582,2025-04-05,0,0,False,False,15396.654999999999,Current,DEBT_CONSOLIDATION
LN-500298,CUST-101825,2025-04-05,0,0,True,False,2282.6225,Current,DEBT_CONSOLIDATION
LN-500299,CUST-105354,2025-04-05,2,59,False,False,11348.769999999997,30-59,DEBT_CONSOLIDATION
LN-500300,CUST-103009,2025-04-05,0,0,False,False,37642.06999999998,Current,DEBT_CONSOLIDATION
LN-500302,CUST-100532,2025-04-05,0,0,True,False,79034.15999999996,Current,DEBT_CONSOLIDATION
LN-500304,CUST-106100,2025-04-05,0,0,False,False,25798.492500000015,Current,DEBT_CONSOLIDATION
LN-500305,CUST-105399,2025-04-05,0,0,False,False,60765.404999999984,Current,DEBT_CONSOLIDATION
LN-500306,CUST-107248,2025-04-05,0,0,False,False,16674.249999999996,Current,DEBT_CONSOLIDATION
LN-500307,CUST-104440,2025-04-05,0,0,False,False,116091.39499999997,Current,DEBT_CONSOLIDATION
LN-500308,CUST-103737,2025-04-05,0,0,False,False,29371.824999999997,Current,DEBT_CONSOLIDATION
LN-500309,CUST-100412,2025-04-05,0,0,False,False,9495.000000000002,Current,DEBT_CONSOLIDATION
LN-500310,CUST-106088,2025-04-05,0,0,False,False,10750.600000000004,Current,DEBT_CONSOLIDATION
LN-500311,CUST-100956,2025-04-05,0,0,False,False,22446.79,Current,DEBT_CONSOLIDATION
LN-500312,CUST-100269,2025-04-05,0,0,False,False,18885.755,Current,DEBT_CONSOLIDATION
LN-500313,CUST-107185,2025-04-05,0,0,False,False,30179.309999999998,Current,DEBT_CONSOLIDATION
LN-500314,CUST-102690,2025-04-05,0,0,False,False,40021.42999999998,Current,DEBT_CONSOLIDATION
LN-500315,CUST-100729,2025-04-05,0,0,False,False,4796.437499999999,Current,DEBT_CONSOLIDATION
LN-500316,CUST-104046,2025-04-05,0,0,False,False,33476.95000000003,Current,DEBT_CONSOLIDATION
LN-500317,CUST-102210,2025-04-05,4,106,False,False,20473.32,90+,DEBT_CONSOLIDATION
LN-500319,CUST-104728,2025-04-05,0,0,False,False,16415.610000000015,Current,DEBT_CONSOLIDATION
LN-500320,CUST-102839,2025-04-05,0,0,False,False,12976.795000000002,Current,DEBT_CONSOLIDATION
LN-500321,CUST-100368,2025-04-05,0,0,False,False,206554.40499999985,Current,DEBT_CONSOLIDATION
LN-500322,CUST-104946,2025-04-05,0,0,False,False,32085.04,Current,DEBT_CONSOLIDATION
LN-500323,CUST-107608,2025-04-05,1,16,False,False,25627.77,1-29,DEBT_CONSOLIDATION
LN-500324,CUST-105274,2025-04-05,0,0,False,False,10905.609999999997,Current,DEBT_CONSOLIDATION
LN-500325,CUST-100070,2025-04-05,0,0,False,False,23680.370000000003,Current,DEBT_CONSOLIDATION
LN-500326,CUST-107171,2025-04-05,0,0,False,False,4169.979999999999,Current,DEBT_CONSOLIDATION
LN-500327,CUST-103794,2025-04-05,0,0,False,False,26930.98,Current,DEBT_CONSOLIDATION
LN-500329,CUST-103032,2025-04-05,1,29,False,False,7072.070000000001,1-29,DEBT_CONSOLIDATION
LN-500330,CUST-107172,2025-04-05,0,0,False,False,15816.284999999994,Current,DEBT_CONSOLIDATION
LN-500331,CUST-102249,2025-04-05,0,0,False,True,15302.56749999999,Current,DEBT_CONSOLIDATION
LN-500332,CUST-102224,2025-04-05,0,0,False,False,20893.16000000001,Current,DEBT_CONSOLIDATION
LN-500333,CUST-101118,2025-04-05,1,9,False,False,1574.9100000000003,1-29,DEBT_CONSOLIDATION
LN-500334,CUST-107363,2025-04-05,0,0,False,False,19237.465,Current,DEBT_CONSOLIDATION
LN-500335,CUST-101643,2025-04-05,0,0,False,False,50713.34500000001,Current,DEBT_CONSOLIDATION
LN-500336,CUST-100097,2025-04-05,0,0,False,False,111323.21499999997,Current,DEBT_CONSOLIDATION
LN-500337,CUST-105683,2025-04-05,0,0,False,False,12012.904999999999,Current,DEBT_CONSOLIDATION
LN-500338,CUST-105481,2025-04-05,0,0,False,False,8605.560000000003,Current,DEBT_CONSOLIDATION
LN-500339,CUST-103578,2025-04-05,1,17,False,False,33731.340000000004,1-29,DEBT_CONSOLIDATION
LN-500340,CUST-101013,2025-04-05,0,0,False,False,28481.520000000004,Current,DEBT_CONSOLIDATION
LN-500341,CUST-100871,2025-04-05,1,22,False,False,125374.58,1-29,DEBT_CONSOLIDATION
LN-500342,CUST-106338,2025-04-05,0,0,False,False,4565.3099999999995,Current,DEBT_CONSOLIDATION
LN-500343,CUST-101858,2025-04-05,0,0,False,False,6144.150000000003,Current,DEBT_CONSOLIDATION
LN-500344,CUST-102160,2025-04-05,0,0,False,False,12766.33,Current,DEBT_CONSOLIDATION
LN-500345,CUST-101427,2025-04-05,0,0,False,False,7950.265000000005,Current,DEBT_CONSOLIDATION
LN-500348,CUST-103742,2025-04-05,0,0,False,False,19735.7525,Current,DEBT_CONSOLIDATION
LN-500349,CUST-107781,2025-04-05,0,0,False,False,37911.28999999999,Current,DEBT_CONSOLIDATION
LN-500350,CUST-107326,2025-04-05,0,0,False,False,13127.4175,Current,DEBT_CONSOLIDATION
LN-500351,CUST-100138,2025-04-05,0,0,False,False,22966.094999999998,Current,DEBT_CONSOLIDATION
LN-500352,CUST-103228,2025-04-05,0,0,False,False,267518.5200000001,Current,DEBT_CONSOLIDATION
LN-500354,CUST-102598,2025-04-05,0,0,False,False,37875.899999999965,Current,DEBT_CONSOLIDATION
LN-500355,CUST-104021,2025-04-05,0,0,False,False,14857.212500000009,Current,DEBT_CONSOLIDATION
LN-500356,CUST-104358,2025-04-05,0,0,False,False,19602.085,Current,DEBT_CONSOLIDATION
LN-500357,CUST-106386,2025-04-05,0,0,False,False,24313.39000000001,Current,DEBT_CONSOLIDATION
LN-500359,CUST-102628,2025-04-05,0,0,False,False,14662.580000000002,Current,DEBT_CONSOLIDATION
LN-500361,CUST-101109,2025-04-05,0,0,False,False,16772.649999999994,Current,DEBT_CONSOLIDATION
LN-500362,CUST-105095,2025-04-05,0,0,False,False,11444.019999999993,Current,DEBT_CONSOLIDATION
LN-500364,CUST-106234,2025-04-05,0,0,False,False,16580.019999999997,Current,DEBT_CONSOLIDATION
LN-500365,CUST-106295,2025-04-05,0,0,False,False,14243.279999999999,Current,DEBT_CONSOLIDATION
LN-500366,CUST-101583,2025-04-05,0,0,False,False,30502.62249999999,Current,DEBT_CONSOLIDATION
LN-500368,CUST-101964,2025-04-05,0,0,False,False,127238.57500000004,Current,DEBT_CONSOLIDATION
LN-500369,CUST-107932,2025-04-05,0,0,False,False,17798.475000000002,Current,DEBT_CONSOLIDATION
LN-500370,CUST-100394,2025-04-05,0,0,False,False,60470.465000000026,Current,DEBT_CONSOLIDATION
LN-500371,CUST-103694,2025-04-05,0,0,False,False,8858.530000000002,Current,DEBT_CONSOLIDATION
LN-500372,CUST-107292,2025-04-05,0,0,False,False,10998.200000000012,Current,DEBT_CONSOLIDATION
LN-500373,CUST-101807,2025-04-05,0,0,False,False,24828.7,Current,DEBT_CONSOLIDATION
LN-500374,CUST-102539,2025-04-05,0,0,False,False,480036.0025,Current,DEBT_CONSOLIDATION
LN-500376,CUST-105808,2025-04-05,0,0,False,False,30588.78,Current,DEBT_CONSOLIDATION
LN-500377,CUST-105758,2025-04-05,1,5,False,False,36432.967499999984,1-29,DEBT_CONSOLIDATION
LN-500378,CUST-100940,2025-04-05,0,0,False,False,23637.967499999988,Current,DEBT_CONSOLIDATION
LN-500380,CUST-107642,2025-04-05,0,0,False,False,37771.49250000001,Current,DEBT_CONSOLIDATION
LN-500381,CUST-107578,2025-04-05,0,0,False,False,18417.389999999985,Current,DEBT_CONSOLIDATION
LN-500382,CUST-102505,2025-04-05,0,0,False,False,27400.8475,Current,DEBT_CONSOLIDATION
LN-500383,CUST-101274,2025-04-05,1,31,False,False,8945.95,1-29,DEBT_CONSOLIDATION
LN-500384,CUST-102196,2025-04-05,0,0,False,False,35268.82,Current,DEBT_CONSOLIDATION
LN-500387,CUST-106025,2025-04-05,0,0,False,False,78499.15000000001,Current,DEBT_CONSOLIDATION
LN-500388,CUST-102278,2025-04-05,0,0,False,False,7220.475,Current,DEBT_CONSOLIDATION
LN-500389,CUST-101944,2025-04-05,0,0,False,False,10337.35,Current,DEBT_CONSOLIDATION
LN-500390,CUST-105142,2025-04-05,0,0,False,False,16370.39,Current,DEBT_CONSOLIDATION
LN-500391,CUST-107605,2025-04-05,0,0,False,False,7776.324999999999,Current,DEBT_CONSOLIDATION
LN-500392,CUST-105201,2025-04-05,0,0,False,False,36689.882499999985,Current,DEBT_CONSOLIDATION
LN-500393,CUST-103364,2025-04-05,0,0,False,False,11960.017499999998,Current,DEBT_CONSOLIDATION
LN-500394,CUST-105134,2025-04-05,0,0,False,False,24497.135,Current,DEBT_CONSOLIDATION
LN-500395,CUST-102078,2025-04-05,0,0,False,False,41319.490000000005,Current,DEBT_CONSOLIDATION
LN-500396,CUST-106964,2025-04-05,0,0,False,False,6198.2175,Current,DEBT_CONSOLIDATION
LN-500398,CUST-104131,2025-04-05,0,0,False,False,15797.54,Current,DEBT_CONSOLIDATION
LN-500399,CUST-100554,2025-04-05,1,29,False,False,20017.795,1-29,DEBT_CONSOLIDATION
LN-500400,CUST-103823,2025-04-05,0,0,False,False,13156.3825,Current,DEBT_CONSOLIDATION
LN-500401,CUST-100371,2025-04-05,0,0,False,False,13655.940000000002,Current,DEBT_CONSOLIDATION
LN-500402,CUST-101722,2025-04-05,0,0,False,False,21940.009999999984,Current,DEBT_CONSOLIDATION
LN-500403,CUST-104906,2025-04-05,0,0,False,False,7315.317500000003,Current,DEBT_CONSOLIDATION
LN-500404,CUST-102382,2025-04-05,0,0,False,False,26441.370000000003,Current,DEBT_CONSOLIDATION
LN-500405,CUST-101418,2025-04-05,0,0,False,False,14977.58,Current,DEBT_CONSOLIDATION
LN-500406,CUST-105255,2025-04-05,0,0,False,False,7142.79,Current,DEBT_CONSOLIDATION
LN-500407,CUST-107433,2025-04-05,0,0,False,False,25110.51000000001,Current,DEBT_CONSOLIDATION
LN-500408,CUST-100126,2025-04-05,0,0,False,False,19676.86,Current,DEBT_CONSOLIDATION
LN-500409,CUST-104948,2025-04-05,0,0,False,False,10214.530000000006,Current,DEBT_CONSOLIDATION
LN-500410,CUST-106296,2025-04-05,0,0,False,False,102613.07000000002,Current,DEBT_CONSOLIDATION
LN-500411,CUST-102443,2025-04-05,0,0,False,False,20085.100000000002,Current,DEBT_CONSOLIDATION
LN-500412,CUST-106820,2025-04-05,0,0,False,False,26059.09000000001,Current,DEBT_CONSOLIDATION
LN-500413,CUST-105734,2025-04-05,0,0,False,False,14374.612500000001,Current,DEBT_CONSOLIDATION
LN-500414,CUST-107333,2025-04-05,0,0,False,False,39825.292499999996,Current,DEBT_CONSOLIDATION
LN-500415,CUST-101437,2025-04-05,0,0,False,False,27048.707499999997,Current,DEBT_CONSOLIDATION
LN-500416,CUST-102302,2025-04-05,0,0,False,False,22355.16250000001,Current,DEBT_CONSOLIDATION
LN-500417,CUST-103310,2025-04-05,0,0,False,False,19051.165,Current,DEBT_CONSOLIDATION
LN-500418,CUST-100945,2025-04-05,0,0,False,False,189957.87500000012,Current,DEBT_CONSOLIDATION
LN-500419,CUST-102745,2025-04-05,0,0,False,False,22129.994999999988,Current,DEBT_CONSOLIDATION
LN-500420,CUST-106369,2025-04-05,0,0,False,False,95852.09999999993,Current,DEBT_CONSOLIDATION
LN-500421,CUST-104332,2025-04-05,0,0,False,False,4735.887500000003,Current,DEBT_CONSOLIDATION
LN-500422,CUST-101943,2025-04-05,0,0,False,False,34245.819999999985,Current,DEBT_CONSOLIDATION
LN-500423,CUST-102843,2025-04-05,0,0,False,False,38119.03,Current,DEBT_CONSOLIDATION
LN-500424,CUST-106787,2025-04-05,0,0,False,False,8103.149999999997,Current,DEBT_CONSOLIDATION
LN-500425,CUST-107638,2025-04-05,0,0,False,False,207558.7125,Current,DEBT_CONSOLIDATION
LN-500426,CUST-104783,2025-04-05,0,0,False,False,23515.84,Current,DEBT_CONSOLIDATION
LN-500427,CUST-101099,2025-04-05,0,0,False,False,23779.65,Current,DEBT_CONSOLIDATION
LN-500428,CUST-104328,2025-04-05,2,33,False,False,49116.945,30-59,DEBT_CONSOLIDATION
LN-500429,CUST-106715,2025-04-05,0,0,False,False,158794.56999999998,Current,DEBT_CONSOLIDATION
LN-500430,CUST-107763,2025-04-05,0,0,False,False,16083.667500000003,Current,DEBT_CONSOLIDATION
LN-500431,CUST-102798,2025-04-05,0,0,False,False,29345.84,Current,DEBT_CONSOLIDATION
LN-500432,CUST-100676,2025-04-05,0,0,False,False,5053.000000000003,Current,DEBT_CONSOLIDATION
LN-500433,CUST-103381,2025-04-05,0,0,False,False,32713.024999999983,Current,DEBT_CONSOLIDATION
LN-500434,CUST-105474,2025-04-05,0,0,False,False,14886.067500000001,Current,DEBT_CONSOLIDATION
LN-500436,CUST-102589,2025-04-05,0,0,False,False,27988.554999999997,Current,DEBT_CONSOLIDATION
LN-500437,CUST-100272,2025-04-05,0,0,False,False,24907.904999999984,Current,DEBT_CONSOLIDATION
LN-500439,CUST-106696,2025-04-05,0,0,False,False,7962.529999999999,Current,DEBT_CONSOLIDATION
LN-500440,CUST-105618,2025-04-05,0,0,False,False,43523.025,Current,DEBT_CONSOLIDATION
LN-500441,CUST-100647,2025-04-05,0,0,False,False,11102.51,Current,DEBT_CONSOLIDATION
LN-500442,CUST-106316,2025-04-05,0,0,False,False,29129.760000000017,Current,DEBT_CONSOLIDATION
LN-500443,CUST-101587,2025-04-05,0,0,False,False,55661.25250000003,Current,DEBT_CONSOLIDATION
LN-500446,CUST-102089,2025-04-05,0,0,False,False,32597.33999999998,Current,DEBT_CONSOLIDATION
LN-500449,CUST-105601,2025-04-05,1,17,False,False,30995.405000000013,1-29,DEBT_CONSOLIDATION
LN-500452,CUST-103402,2025-04-05,0,0,False,False,12059.989999999998,Current,DEBT_CONSOLIDATION
LN-500453,CUST-103973,2025-04-05,0,0,False,False,277142.8900000001,Current,DEBT_CONSOLIDATION
LN-500454,CUST-107066,2025-04-05,0,0,False,False,9832.955,Current,DEBT_CONSOLIDATION
LN-500456,CUST-102443,2025-04-05,0,0,False,False,12977.164999999997,Current,DEBT_CONSOLIDATION
LN-500457,CUST-105151,2025-04-05,0,0,False,False,41670.17,Current,DEBT_CONSOLIDATION
LN-500458,CUST-100654,2025-04-05,0,0,False,False,56150.68750000001,Current,DEBT_CONSOLIDATION
LN-500459,CUST-104562,2025-04-05,0,0,False,False,43812.42000000002,Current,DEBT_CONSOLIDATION
LN-500460,CUST-103289,2025-04-05,0,0,False,False,68572.185,Current,DEBT_CONSOLIDATION
LN-500461,CUST-103951,2025-04-05,0,0,False,False,20064.749999999993,Current,DEBT_CONSOLIDATION
LN-500462,CUST-104785,2025-04-05,0,0,False,False,31385.950000000004,Current,DEBT_CONSOLIDATION
LN-500463,CUST-100864,2025-04-05,0,0,False,False,110692.48999999996,Current,DEBT_CONSOLIDATION
LN-500464,CUST-100289,2025-04-05,0,0,False,False,12559.240000000009,Current,DEBT_CONSOLIDATION
LN-500465,CUST-103868,2025-04-05,0,0,False,False,52061.905,Current,DEBT_CONSOLIDATION
LN-500466,CUST-104215,2025-04-05,0,0,False,False,27506.437499999996,Current,DEBT_CONSOLIDATION
LN-500467,CUST-105623,2025-04-05,4,95,False,False,4203.1449999999995,90+,DEBT_CONSOLIDATION
LN-500468,CUST-101395,2025-04-05,0,0,False,False,9942.32,Current,DEBT_CONSOLIDATION
LN-500469,CUST-106379,2025-04-05,0,0,False,False,24159.700000000008,Current,DEBT_CONSOLIDATION
LN-500470,CUST-101174,2025-04-05,0,0,False,False,43823.649999999994,Current,DEBT_CONSOLIDATION
LN-500471,CUST-102483,2025-04-05,0,0,False,False,19418.3,Current,DEBT_CONSOLIDATION
LN-500472,CUST-102406,2025-04-05,0,0,False,False,5426.14,Current,DEBT_CONSOLIDATION
LN-500475,CUST-101602,2025-04-05,0,0,False,False,11683.7425,Current,DEBT_CONSOLIDATION
LN-500476,CUST-102662,2025-04-05,0,0,False,False,55239.58000000001,Current,DEBT_CONSOLIDATION
LN-500477,CUST-106174,2025-04-05,0,0,False,False,10535.770000000002,Current,DEBT_CONSOLIDATION
LN-500478,CUST-104987,2025-04-05,0,0,False,False,17854.42,Current,DEBT_CONSOLIDATION
LN-500479,CUST-106542,2025-04-05,0,0,False,False,3524.2500000000005,Current,DEBT_CONSOLIDATION
LN-500480,CUST-105582,2025-04-05,0,0,False,False,31552.02,Current,DEBT_CONSOLIDATION
LN-500481,CUST-105351,2025-04-05,0,0,False,False,18961.59999999999,Current,DEBT_CONSOLIDATION
LN-500482,CUST-105289,2025-04-05,0,0,False,False,9614.235000000002,Current,DEBT_CONSOLIDATION
LN-500484,CUST-104592,2025-04-05,0,0,False,False,5825.642499999999,Current,DEBT_CONSOLIDATION
LN-500486,CUST-102016,2025-04-05,0,0,False,False,44230.7125,Current,DEBT_CONSOLIDATION
LN-500487,CUST-102404,2025-04-05,0,0,False,False,28835.09,Current,DEBT_CONSOLIDATION
LN-500488,CUST-102954,2025-04-05,0,0,False,False,18697.37,Current,DEBT_CONSOLIDATION
LN-500489,CUST-104924,2025-04-05,0,0,False,False,48783.83,Current,DEBT_CONSOLIDATION
LN-500490,CUST-103615,2025-04-05,0,0,False,False,33966.8,Current,DEBT_CONSOLIDATION
LN-500492,CUST-107284,2025-04-05,0,0,False,False,3467.9725000000008,Current,DEBT_CONSOLIDATION
LN-500494,CUST-104340,2025-04-05,0,0,False,False,17124.349999999995,Current,DEBT_CONSOLIDATION
LN-500497,CUST-104835,2025-04-05,0,0,False,False,97536.16000000009,Current,DEBT_CONSOLIDATION
LN-500498,CUST-107245,2025-04-05,0,0,False,False,23804.06,Current,DEBT_CONSOLIDATION
LN-500499,CUST-102034,2025-04-05,0,0,False,False,24593.42499999999,Current,DEBT_CONSOLIDATION
LN-500500,CUST-102779,2025-04-05,0,0,False,False,139117.27750000008,Current,DEBT_CONSOLIDATION
LN-500501,CUST-104067,2025-04-05,0,0,False,False,18370.749999999996,Current,DEBT_CONSOLIDATION
LN-500503,CUST-106125,2025-04-05,0,0,False,False,21650.04,Current,DEBT_CONSOLIDATION
LN-500504,CUST-106874,2025-04-05,0,0,False,False,7851.9699999999975,Current,DEBT_CONSOLIDATION
LN-500507,CUST-105515,2025-04-05,0,0,False,False,23641.7775,Current,DEBT_CONSOLIDATION
LN-500508,CUST-104059,2025-04-05,0,0,False,False,18451.945,Current,DEBT_CONSOLIDATION
LN-500509,CUST-105409,2025-04-05,0,0,False,False,14122.135000000002,Current,DEBT_CONSOLIDATION
LN-500510,CUST-104067,2025-04-05,0,0,False,False,35255.77499999997,Current,DEBT_CONSOLIDATION
LN-500511,CUST-103359,2025-04-05,0,0,False,False,17004.01,Current,DEBT_CONSOLIDATION
LN-500512,CUST-107982,2025-04-05,0,0,False,False,603371.1750000004,Current,DEBT_CONSOLIDATION
LN-500513,CUST-103158,2025-04-05,0,0,False,False,11499.657500000001,Current,DEBT_CONSOLIDATION
LN-500517,CUST-101929,2025-04-05,1,13,False,False,19056.03,1-29,DEBT_CONSOLIDATION
LN-500518,CUST-100041,2025-04-05,0,0,False,False,36485.89999999999,Current,DEBT_CONSOLIDATION
LN-500520,CUST-107180,2025-04-05,0,0,False,False,50918.01000000001,Current,DEBT_CONSOLIDATION
LN-500521,CUST-105437,2025-04-05,0,0,False,False,16881.27749999998,Current,DEBT_CONSOLIDATION
LN-500522,CUST-106827,2025-04-05,0,0,False,False,18325.944999999996,Current,DEBT_CONSOLIDATION
LN-500523,CUST-104306,2025-04-05,0,0,False,False,12651.65,Current,DEBT_CONSOLIDATION
LN-500524,CUST-105959,2025-04-05,0,0,False,False,25446.742499999997,Current,DEBT_CONSOLIDATION
LN-500526,CUST-102546,2025-04-05,0,0,False,False,2824.78,Current,DEBT_CONSOLIDATION
LN-500528,CUST-101107,2025-04-05,0,0,False,False,35126.90000000003,Current,DEBT_CONSOLIDATION
LN-500529,CUST-102756,2025-04-05,0,0,False,False,29712.98000000001,Current,DEBT_CONSOLIDATION
LN-500530,CUST-104635,2025-04-05,0,0,False,False,66314.23999999999,Current,DEBT_CONSOLIDATION
LN-500531,CUST-107288,2025-04-05,0,0,False,False,22266.7875,Current,DEBT_CONSOLIDATION
LN-500532,CUST-107059,2025-04-05,0,0,False,False,17075.64000000001,Current,DEBT_CONSOLIDATION
LN-500533,CUST-101376,2025-04-05,0,0,False,False,14794.820000000003,Current,DEBT_CONSOLIDATION
LN-500535,CUST-105062,2025-04-05,0,0,False,False,37577.992499999986,Current,DEBT_CONSOLIDATION
LN-500536,CUST-100396,2025-04-05,0,0,False,False,11437.060000000001,Current,DEBT_CONSOLIDATION
LN-500537,CUST-101332,2025-04-05,0,0,False,False,17330.157499999998,Current,DEBT_CONSOLIDATION
LN-500538,CUST-102514,2025-04-05,0,0,False,False,14256.275000000001,Current,DEBT_CONSOLIDATION
LN-500539,CUST-105443,2025-04-05,0,0,False,False,13995.72,Current,DEBT_CONSOLIDATION
LN-500540,CUST-105297,2025-04-05,0,0,False,False,32196.22,Current,DEBT_CONSOLIDATION
LN-500541,CUST-100770,2025-04-05,0,0,False,False,43732.75,Current,DEBT_CONSOLIDATION
LN-500544,CUST-104382,2025-04-05,0,0,False,False,3630.4849999999988,Current,DEBT_CONSOLIDATION
LN-500545,CUST-105174,2025-04-05,1,13,False,False,22681.007500000007,1-29,DEBT_CONSOLIDATION
LN-500546,CUST-100274,2025-04-05,0,0,False,False,21769.8175,Current,DEBT_CONSOLIDATION
LN-500547,CUST-101617,2025-04-05,0,0,False,False,131095.04250000004,Current,DEBT_CONSOLIDATION
LN-500548,CUST-102486,2025-04-05,0,0,False,False,20651.92,Current,DEBT_CONSOLIDATION
LN-500549,CUST-104163,2025-04-05,0,0,False,False,2779.205,Current,DEBT_CONSOLIDATION
LN-500550,CUST-103803,2025-04-05,0,0,False,False,16478.39,Current,DEBT_CONSOLIDATION
LN-500551,CUST-107840,2025-04-05,0,0,False,False,16568.500000000007,Current,DEBT_CONSOLIDATION
LN-500552,CUST-100032,2025-04-05,0,0,False,False,9011.4375,Current,DEBT_CONSOLIDATION
LN-500553,CUST-105949,2025-04-05,0,0,False,False,19543.67249999999,Current,DEBT_CONSOLIDATION
LN-500554,CUST-104960,2025-04-05,0,0,False,False,16896.545,Current,DEBT_CONSOLIDATION
LN-500555,CUST-107001,2025-04-05,0,0,False,False,116931.42000000004,Current,DEBT_CONSOLIDATION
LN-500556,CUST-102635,2025-04-05,0,0,False,False,7954.41,Current,DEBT_CONSOLIDATION
LN-500557,CUST-106231,2025-04-05,0,0,False,False,9039.680000000006,Current,DEBT_CONSOLIDATION
LN-500558,CUST-107980,2025-04-05,0,0,False,False,26704.044999999987,Current,DEBT_CONSOLIDATION
LN-500559,CUST-105585,2025-04-05,0,0,False,False,12000.24,Current,DEBT_CONSOLIDATION
LN-500560,CUST-107726,2025-04-05,0,0,False,False,10404.660000000007,Current,DEBT_CONSOLIDATION
LN-500561,CUST-103643,2025-04-05,0,0,False,False,44175.64999999999,Current,DEBT_CONSOLIDATION
LN-500562,CUST-104478,2025-04-05,0,0,False,False,26120.309999999998,Current,DEBT_CONSOLIDATION
LN-500563,CUST-102534,2025-04-05,0,0,False,False,6283.312499999998,Current,DEBT_CONSOLIDATION
LN-500565,CUST-101273,2025-04-05,0,0,False,False,68134.28750000003,Current,DEBT_CONSOLIDATION
LN-500566,CUST-101163,2025-04-05,0,0,False,False,12937.964999999998,Current,DEBT_CONSOLIDATION
LN-500567,CUST-106494,2025-04-05,0,0,False,False,33174.540000000045,Current,DEBT_CONSOLIDATION
LN-500568,CUST-102072,2025-04-05,0,0,False,False,36495.92999999999,Current,DEBT_CONSOLIDATION
LN-500569,CUST-103902,2025-04-05,4,113,False,False,42223.58500000001,90+,DEBT_CONSOLIDATION
LN-500570,CUST-107954,2025-04-05,0,0,False,False,15644.945,Current,DEBT_CONSOLIDATION
LN-500572,CUST-100352,2025-04-05,0,0,False,False,33782.86,Current,DEBT_CONSOLIDATION
LN-500573,CUST-101289,2025-04-05,0,0,False,False,10021.609999999999,Current,DEBT_CONSOLIDATION
LN-500574,CUST-107873,2025-04-05,0,0,False,False,44612.94749999999,Current,DEBT_CONSOLIDATION
LN-500575,CUST-103709,2025-04-05,0,0,False,False,28473.975000000002,Current,DEBT_CONSOLIDATION
LN-500577,CUST-102455,2025-04-05,0,0,False,False,1134.77,Current,DEBT_CONSOLIDATION
LN-500578,CUST-103676,2025-04-05,0,0,False,False,22682.94000000001,Current,DEBT_CONSOLIDATION
LN-500579,CUST-107015,2025-04-05,0,0,False,False,9089.775,Current,DEBT_CONSOLIDATION
LN-500580,CUST-101432,2025-04-05,0,0,False,False,13959.500000000002,Current,DEBT_CONSOLIDATION
LN-500581,CUST-105287,2025-04-05,0,0,False,False,13974.760000000006,Current,DEBT_CONSOLIDATION
LN-500582,CUST-105572,2025-04-05,0,0,False,False,95119.595,Current,DEBT_CONSOLIDATION
LN-500583,CUST-106655,2025-04-05,0,0,False,False,562212.6649999999,Current,DEBT_CONSOLIDATION
LN-500584,CUST-101605,2025-04-05,0,0,False,False,15404.31500000001,Current,DEBT_CONSOLIDATION
LN-500585,CUST-106146,2025-04-05,0,0,False,False,18576.89,Current,DEBT_CONSOLIDATION
LN-500586,CUST-102417,2025-04-05,2,57,True,False,10691.502499999995,30-59,DEBT_CONSOLIDATION
LN-500587,CUST-101933,2025-04-05,0,0,False,False,22387.827500000018,Current,DEBT_CONSOLIDATION
LN-500588,CUST-107950,2025-04-05,0,0,False,False,13260.907499999998,Current,DEBT_CONSOLIDATION
LN-500590,CUST-100858,2025-04-05,0,0,False,False,17443.119999999988,Current,DEBT_CONSOLIDATION
LN-500592,CUST-100397,2025-04-05,0,0,False,False,27315.92500000001,Current,DEBT_CONSOLIDATION
LN-500593,CUST-107609,2025-04-05,0,0,False,False,11582.589999999997,Current,DEBT_CONSOLIDATION
LN-500594,CUST-105705,2025-04-05,0,0,False,False,17597.680000000004,Current,DEBT_CONSOLIDATION
LN-500595,CUST-107270,2025-04-05,0,0,False,False,29399.145000000004,Current,DEBT_CONSOLIDATION
LN-500597,CUST-105770,2025-04-05,0,0,False,False,3083.527500000001,Current,DEBT_CONSOLIDATION
LN-500598,CUST-107813,2025-04-05,0,0,False,False,35467.42749999997,Current,DEBT_CONSOLIDATION
LN-500599,CUST-103497,2025-04-05,0,0,False,False,23082.7,Current,DEBT_CONSOLIDATION
LN-500600,CUST-104878,2025-04-05,0,0,False,False,9469.205,Current,DEBT_CONSOLIDATION
LN-500601,CUST-101537,2025-04-05,0,0,False,False,16959.28,Current,DEBT_CONSOLIDATION
LN-500602,CUST-105112,2025-04-05,0,0,False,False,29186.539999999994,Current,DEBT_CONSOLIDATION
LN-500603,CUST-105380,2025-04-05,0,0,False,False,18848.649999999998,Current,DEBT_CONSOLIDATION
LN-500604,CUST-103013,2025-04-05,0,0,False,False,47124.55,Current,DEBT_CONSOLIDATION
LN-500605,CUST-106496,2025-04-05,0,0,False,False,7775.345000000001,Current,DEBT_CONSOLIDATION
LN-500606,CUST-100096,2025-04-05,0,0,False,False,15603.009999999998,Current,DEBT_CONSOLIDATION
LN-500607,CUST-102617,2025-04-05,0,0,False,False,15198.89,Current,DEBT_CONSOLIDATION
LN-500608,CUST-102328,2025-04-05,0,0,False,False,16929.749999999985,Current,DEBT_CONSOLIDATION
LN-500609,CUST-103093,2025-04-05,0,0,True,False,37028.36000000002,Current,DEBT_CONSOLIDATION
LN-500610,CUST-102453,2025-04-05,0,0,False,False,40414.81999999999,Current,DEBT_CONSOLIDATION
LN-500611,CUST-103236,2025-04-05,3,72,False,False,43768.67,60-89,DEBT_CONSOLIDATION
LN-500613,CUST-105035,2025-04-05,0,0,False,False,29238.53,Current,DEBT_CONSOLIDATION
LN-500614,CUST-100523,2025-04-05,0,0,False,False,23986.67,Current,DEBT_CONSOLIDATION
LN-500615,CUST-100123,2025-04-05,0,0,False,False,20794.592500000002,Current,DEBT_CONSOLIDATION
LN-500617,CUST-101429,2025-04-05,0,0,False,False,28916.095,Current,DEBT_CONSOLIDATION
LN-500618,CUST-101267,2025-04-05,0,0,False,False,9356.44000000001,Current,DEBT_CONSOLIDATION
LN-500619,CUST-104484,2025-04-05,0,0,False,False,11062.27,Current,DEBT_CONSOLIDATION
LN-500620,CUST-104691,2025-04-05,0,0,False,False,40513.020000000004,Current,DEBT_CONSOLIDATION
LN-500621,CUST-100857,2025-04-05,0,0,False,False,30032.6,Current,DEBT_CONSOLIDATION
LN-500622,CUST-107597,2025-04-05,0,0,False,False,22062.19,Current,DEBT_CONSOLIDATION
LN-500623,CUST-106665,2025-04-05,0,0,False,False,12122.960000000005,Current,DEBT_CONSOLIDATION
LN-500624,CUST-107791,2025-04-05,0,0,False,False,19742.324999999997,Current,DEBT_CONSOLIDATION
LN-500625,CUST-100607,2025-04-05,0,0,False,False,21535.875000000004,Current,DEBT_CONSOLIDATION
LN-500626,CUST-103630,2025-04-05,1,22,False,False,33608.325000000004,1-29,DEBT_CONSOLIDATION
LN-500627,CUST-101586,2025-04-05,0,0,False,False,15469.775000000009,Current,DEBT_CONSOLIDATION
LN-500628,CUST-103504,2025-04-05,0,0,False,False,20522.05,Current,DEBT_CONSOLIDATION
LN-500629,CUST-103976,2025-04-05,4,99,False,False,43058.86499999999,90+,DEBT_CONSOLIDATION
LN-500630,CUST-100155,2025-04-05,0,0,False,False,24434.504999999994,Current,DEBT_CONSOLIDATION
LN-500631,CUST-104183,2025-04-05,0,0,False,False,9906.96,Current,DEBT_CONSOLIDATION
LN-500632,CUST-107098,2025-04-05,0,0,False,False,19963.27,Current,DEBT_CONSOLIDATION
LN-500633,CUST-105425,2025-04-05,0,0,False,False,460377.68500000006,Current,DEBT_CONSOLIDATION
LN-500634,CUST-107119,2025-04-05,0,0,False,False,39627.740000000005,Current,DEBT_CONSOLIDATION
LN-500635,CUST-103131,2025-04-05,0,0,False,False,17946.56999999999,Current,DEBT_CONSOLIDATION
LN-500636,CUST-100426,2025-04-05,1,29,False,False,25387.664999999994,1-29,DEBT_CONSOLIDATION
LN-500637,CUST-106763,2025-04-05,0,0,False,False,462965.2599999999,Current,DEBT_CONSOLIDATION
LN-500639,CUST-106374,2025-04-05,0,0,False,False,27668.7,Current,DEBT_CONSOLIDATION
LN-500640,CUST-101354,2025-04-05,0,0,False,False,34238.7625,Current,DEBT_CONSOLIDATION
LN-500641,CUST-103429,2025-04-05,0,0,False,False,30038.93000000002,Current,DEBT_CONSOLIDATION
LN-500642,CUST-102673,2025-04-05,0,0,False,False,7256.5375,Current,DEBT_CONSOLIDATION
LN-500643,CUST-104420,2025-04-05,0,0,False,False,14791.655000000002,Current,DEBT_CONSOLIDATION
LN-500644,CUST-102717,2025-04-05,0,0,False,False,17945.510000000006,Current,DEBT_CONSOLIDATION
LN-500645,CUST-104383,2025-04-05,0,0,False,False,9062.76499999999,Current,DEBT_CONSOLIDATION
LN-500646,CUST-107250,2025-04-05,0,0,False,False,28774.635000000002,Current,DEBT_CONSOLIDATION
LN-500647,CUST-105745,2025-04-05,0,0,False,False,31205.285000000018,Current,DEBT_CONSOLIDATION
LN-500648,CUST-106918,2025-04-05,0,0,False,False,23105.1925,Current,DEBT_CONSOLIDATION
LN-500649,CUST-102141,2025-04-05,0,0,False,False,243837.0600000001,Current,DEBT_CONSOLIDATION
LN-500651,CUST-104300,2025-04-05,0,0,False,False,38472.19,Current,DEBT_CONSOLIDATION
LN-500652,CUST-103787,2025-04-05,0,0,False,False,18340.27,Current,DEBT_CONSOLIDATION
LN-500653,CUST-102322,2025-04-05,0,0,False,False,46094.6,Current,DEBT_CONSOLIDATION
LN-500654,CUST-100024,2025-04-05,0,0,False,False,1065.9375000000002,Current,DEBT_CONSOLIDATION
LN-500655,CUST-102720,2025-04-05,0,0,False,False,19486.640000000003,Current,DEBT_CONSOLIDATION
LN-500656,CUST-106931,2025-04-05,0,0,False,False,6614.0549999999985,Current,DEBT_CONSOLIDATION
LN-500657,CUST-105503,2025-04-05,0,0,False,False,10643.02,Current,DEBT_CONSOLIDATION
LN-500658,CUST-102936,2025-04-05,0,0,False,False,37230.09000000002,Current,DEBT_CONSOLIDATION
LN-500659,CUST-102703,2025-04-05,0,0,False,False,30926.777500000007,Current,DEBT_CONSOLIDATION
LN-500660,CUST-103992,2025-04-05,0,0,False,False,23418.47,Current,DEBT_CONSOLIDATION
LN-500662,CUST-103290,2025-04-05,0,0,False,False,21977.4275,Current,DEBT_CONSOLIDATION
LN-500663,CUST-105273,2025-04-05,0,0,False,False,45542.15750000001,Current,DEBT_CONSOLIDATION
LN-500665,CUST-100377,2025-04-05,0,0,False,False,45341.325000000004,Current,DEBT_CONSOLIDATION
LN-500666,CUST-100883,2025-04-05,0,0,False,False,9297.35,Current,DEBT_CONSOLIDATION
LN-500667,CUST-104186,2025-04-05,0,0,False,False,28782.927500000013,Current,DEBT_CONSOLIDATION
LN-500668,CUST-107449,2025-04-05,0,0,False,False,27276.49,Current,DEBT_CONSOLIDATION
LN-500670,CUST-106538,2025-04-05,0,0,False,False,12163.904999999999,Current,DEBT_CONSOLIDATION
LN-500671,CUST-104071,2025-04-05,0,0,False,False,15501.577499999996,Current,DEBT_CONSOLIDATION
LN-500672,CUST-107792,2025-04-05,0,0,False,False,6399.515,Current,DEBT_CONSOLIDATION
LN-500673,CUST-106368,2025-04-05,0,0,False,False,12781.755000000001,Current,DEBT_CONSOLIDATION
LN-500675,CUST-105760,2025-04-05,0,0,False,False,38027.03999999997,Current,DEBT_CONSOLIDATION
LN-500676,CUST-103152,2025-04-05,0,0,False,False,13651.297499999997,Current,DEBT_CONSOLIDATION
LN-500677,CUST-104161,2025-04-05,0,0,False,False,25231.54,Current,DEBT_CONSOLIDATION
LN-500678,CUST-105783,2025-04-05,0,0,False,False,541227.2500000001,Current,DEBT_CONSOLIDATION
LN-500679,CUST-102903,2025-04-05,0,0,False,False,28079.88000000001,Current,DEBT_CONSOLIDATION
LN-500680,CUST-102085,2025-04-05,0,0,False,False,21272.67,Current,DEBT_CONSOLIDATION
LN-500681,CUST-104514,2025-04-05,0,0,False,False,205333.0950000001,Current,DEBT_CONSOLIDATION
LN-500683,CUST-104202,2025-04-05,0,0,False,False,15335.979999999996,Current,DEBT_CONSOLIDATION
LN-500684,CUST-103766,2025-04-05,2,60,False,False,40082.7925,30-59,DEBT_CONSOLIDATION
LN-500685,CUST-106963,2025-04-05,0,0,False,False,5921.414999999999,Current,DEBT_CONSOLIDATION
LN-500686,CUST-106996,2025-04-05,0,0,False,False,26454.994999999995,Current,DEBT_CONSOLIDATION
LN-500687,CUST-100585,2025-04-05,0,0,False,False,17974.965000000007,Current,DEBT_CONSOLIDATION
LN-500688,CUST-107721,2025-04-05,0,0,False,False,11026.449999999995,Current,DEBT_CONSOLIDATION
LN-500689,CUST-103214,2025-04-05,0,0,False,False,37971.455000000016,Current,DEBT_CONSOLIDATION
LN-500693,CUST-101423,2025-04-05,1,28,False,False,2080.9975000000018,1-29,DEBT_CONSOLIDATION
LN-500694,CUST-103561,2025-04-05,0,0,False,False,25874.579999999998,Current,DEBT_CONSOLIDATION
LN-500695,CUST-107022,2025-04-05,0,0,False,False,9179.742499999995,Current,DEBT_CONSOLIDATION
LN-500696,CUST-103469,2025-04-05,0,0,False,False,29047.190000000006,Current,DEBT_CONSOLIDATION
LN-500697,CUST-105834,2025-04-05,0,0,False,False,2658.5649999999996,Current,DEBT_CONSOLIDATION
LN-500698,CUST-100170,2025-04-05,0,0,False,False,25380.45999999999,Current,DEBT_CONSOLIDATION
LN-500700,CUST-103706,2025-04-05,0,0,False,False,7579.035000000001,Current,DEBT_CONSOLIDATION
LN-500701,CUST-101626,2025-04-05,1,23,False,False,34147.53000000002,1-29,DEBT_CONSOLIDATION
LN-500702,CUST-104525,2025-04-05,0,0,False,False,8421.379999999997,Current,DEBT_CONSOLIDATION
LN-500703,CUST-105886,2025-04-05,0,0,False,False,121584.535,Current,DEBT_CONSOLIDATION
LN-500704,CUST-104615,2025-04-05,0,0,False,False,32353.840000000004,Current,DEBT_CONSOLIDATION
LN-500705,CUST-100323,2025-04-05,0,0,False,False,24039.3575,Current,DEBT_CONSOLIDATION
LN-500707,CUST-107554,2025-04-05,0,0,False,False,344.1075000000001,Current,DEBT_CONSOLIDATION
LN-500708,CUST-106339,2025-04-05,0,0,False,False,52888.3225,Current,DEBT_CONSOLIDATION
LN-500709,CUST-103506,2025-04-05,0,0,False,False,20706.96249999999,Current,DEBT_CONSOLIDATION
LN-500710,CUST-102699,2025-04-05,0,0,True,False,8042.990000000002,Current,DEBT_CONSOLIDATION
LN-500711,CUST-107076,2025-04-05,0,0,False,False,34971.452500000036,Current,DEBT_CONSOLIDATION
LN-500712,CUST-101647,2025-04-05,0,0,False,False,4076.77,Current,DEBT_CONSOLIDATION
LN-500713,CUST-104956,2025-04-05,0,0,False,False,29082.0225,Current,DEBT_CONSOLIDATION
LN-500714,CUST-104148,2025-04-05,0,0,False,False,33341.78500000001,Current,DEBT_CONSOLIDATION
LN-500715,CUST-107753,2025-04-05,2,57,False,False,10594.175000000005,30-59,DEBT_CONSOLIDATION
LN-500717,CUST-105901,2025-04-05,0,0,False,False,22192.53250000001,Current,DEBT_CONSOLIDATION
LN-500718,CUST-105189,2025-04-05,0,0,False,False,9618.022499999994,Current,DEBT_CONSOLIDATION
LN-500719,CUST-103759,2025-04-05,0,0,False,False,28098.175000000003,Current,DEBT_CONSOLIDATION
LN-500720,CUST-107699,2025-04-05,0,0,False,False,15671.284999999996,Current,DEBT_CONSOLIDATION
LN-500721,CUST-104246,2025-04-05,0,0,False,False,28874.450000000004,Current,DEBT_CONSOLIDATION
LN-500722,CUST-100485,2025-04-05,0,0,False,False,60290.0075,Current,DEBT_CONSOLIDATION
LN-500723,CUST-100638,2025-04-05,0,0,False,False,18737.629999999997,Current,DEBT_CONSOLIDATION
LN-500724,CUST-105199,2025-04-05,0,0,False,False,25933.95,Current,DEBT_CONSOLIDATION
LN-500725,CUST-106924,2025-04-05,0,0,False,False,139242.78999999995,Current,DEBT_CONSOLIDATION
LN-500727,CUST-106817,2025-04-05,0,0,False,False,24521.28,Current,DEBT_CONSOLIDATION
LN-500728,CUST-105654,2025-04-05,0,0,False,False,20912.04,Current,DEBT_CONSOLIDATION
LN-500729,CUST-100673,2025-04-05,0,0,False,False,40737.5825,Current,DEBT_CONSOLIDATION
LN-500730,CUST-102833,2025-04-05,0,0,False,False,22485.370000000003,Current,DEBT_CONSOLIDATION
LN-500731,CUST-107016,2025-04-05,0,0,False,False,23972.23999999998,Current,DEBT_CONSOLIDATION
LN-500732,CUST-101398,2025-04-05,0,0,False,False,46240.47749999998,Current,DEBT_CONSOLIDATION
LN-500733,CUST-100907,2025-04-05,0,0,False,False,19465.300000000007,Current,DEBT_CONSOLIDATION
LN-500734,CUST-100005,2025-04-05,0,0,False,False,51637.799999999996,Current,DEBT_CONSOLIDATION
LN-500735,CUST-106990,2025-04-05,0,0,False,False,60800.98999999999,Current,DEBT_CONSOLIDATION
LN-500736,CUST-105120,2025-04-05,0,0,False,False,13181.0525,Current,DEBT_CONSOLIDATION
LN-500737,CUST-100695,2025-04-05,0,0,False,False,15116.447500000006,Current,DEBT_CONSOLIDATION
LN-500739,CUST-102269,2025-04-05,4,91,False,False,11101.220000000001,90+,DEBT_CONSOLIDATION
LN-500740,CUST-101546,2025-04-05,0,0,False,False,15041.069999999996,Current,DEBT_CONSOLIDATION
LN-500741,CUST-102440,2025-04-05,0,0,False,False,8143.300000000005,Current,DEBT_CONSOLIDATION
LN-500742,CUST-107621,2025-04-05,0,0,False,False,14598.840000000006,Current,DEBT_CONSOLIDATION
LN-500744,CUST-100910,2025-04-05,0,0,False,False,4342.607499999997,Current,DEBT_CONSOLIDATION
LN-500745,CUST-101058,2025-04-05,0,0,False,False,7640.98,Current,DEBT_CONSOLIDATION
LN-500746,CUST-105510,2025-04-05,3,72,False,False,33373.12500000002,60-89,DEBT_CONSOLIDATION
LN-500747,CUST-106264,2025-04-05,0,0,False,False,25603.369999999988,Current,DEBT_CONSOLIDATION
LN-500748,CUST-104385,2025-04-05,0,0,False,False,44004.409999999996,Current,DEBT_CONSOLIDATION
LN-500749,CUST-106278,2025-04-05,0,0,False,False,5891.310000000002,Current,DEBT_CONSOLIDATION
LN-500750,CUST-100857,2025-04-05,0,0,False,False,14035.7475,Current,DEBT_CONSOLIDATION
LN-500751,CUST-102450,2025-04-05,0,0,False,False,15967.84,Current,DEBT_CONSOLIDATION
LN-500752,CUST-106580,2025-04-05,0,0,False,False,6700.384999999999,Current,DEBT_CONSOLIDATION
LN-500753,CUST-107199,2025-04-05,0,0,False,False,590627.8899999999,Current,DEBT_CONSOLIDATION
LN-500754,CUST-103144,2025-04-05,0,0,False,False,3000.5724999999993,Current,DEBT_CONSOLIDATION
LN-500755,CUST-105309,2025-04-05,0,0,False,False,18390.715,Current,DEBT_CONSOLIDATION
LN-500756,CUST-102198,2025-04-05,0,0,False,False,22771.55999999999,Current,DEBT_CONSOLIDATION
LN-500757,CUST-103188,2025-04-05,0,0,False,False,20346.119999999988,Current,DEBT_CONSOLIDATION
LN-500760,CUST-105283,2025-04-05,0,0,False,False,9514.570000000003,Current,DEBT_CONSOLIDATION
LN-500761,CUST-106834,2025-04-05,0,0,False,False,23264.25,Current,DEBT_CONSOLIDATION
LN-500762,CUST-107877,2025-04-05,0,0,False,False,25367.159999999993,Current,DEBT_CONSOLIDATION
LN-500763,CUST-107960,2025-04-05,1,9,False,False,46110.47,1-29,DEBT_CONSOLIDATION
LN-500765,CUST-103987,2025-04-05,0,0,False,False,32330.78999999998,Current,DEBT_CONSOLIDATION
LN-500766,CUST-106787,2025-04-05,0,0,False,False,14795.467500000006,Current,DEBT_CONSOLIDATION
LN-500767,CUST-102002,2025-04-05,0,0,False,False,6017.877500000002,Current,DEBT_CONSOLIDATION
LN-500768,CUST-100356,2025-04-05,0,0,False,False,16664.66,Current,DEBT_CONSOLIDATION
LN-500769,CUST-107151,2025-04-05,0,0,False,False,34837.752499999995,Current,DEBT_CONSOLIDATION
LN-500770,CUST-101928,2025-04-05,1,12,False,False,3273.4799999999987,1-29,DEBT_CONSOLIDATION
LN-500771,CUST-105663,2025-04-05,0,0,False,False,3469.122500000001,Current,DEBT_CONSOLIDATION
LN-500772,CUST-106847,2025-04-05,0,0,False,False,10992.160000000009,Current,DEBT_CONSOLIDATION
LN-500773,CUST-105614,2025-04-05,0,0,False,False,34005.56,Current,DEBT_CONSOLIDATION
LN-500774,CUST-107615,2025-04-05,0,0,False,False,27844.68999999999,Current,DEBT_CONSOLIDATION
LN-500776,CUST-107894,2025-04-05,0,0,False,False,18788.320000000007,Current,DEBT_CONSOLIDATION
LN-500777,CUST-107683,2025-04-05,0,0,False,False,120092.65499999997,Current,DEBT_CONSOLIDATION
LN-500778,CUST-104910,2025-04-05,0,0,False,False,26393.625000000015,Current,DEBT_CONSOLIDATION
LN-500779,CUST-106487,2025-04-05,0,0,True,False,24320.967500000006,Current,DEBT_CONSOLIDATION
LN-500780,CUST-107114,2025-04-05,0,0,False,False,28407.15499999999,Current,DEBT_CONSOLIDATION
LN-500781,CUST-104782,2025-04-05,0,0,False,False,9147.757500000002,Current,DEBT_CONSOLIDATION
LN-500782,CUST-105234,2025-04-05,0,0,False,False,43622.4925,Current,DEBT_CONSOLIDATION
LN-500783,CUST-107867,2025-04-05,0,0,False,False,4863.3324999999995,Current,DEBT_CONSOLIDATION
LN-500784,CUST-103107,2025-04-05,0,0,False,False,26515.590000000004,Current,DEBT_CONSOLIDATION
LN-500786,CUST-104780,2025-04-05,0,0,False,False,14045.78,Current,DEBT_CONSOLIDATION
LN-500787,CUST-100742,2025-04-05,0,0,False,False,46079.94750000001,Current,DEBT_CONSOLIDATION
LN-500788,CUST-106860,2025-04-05,0,0,False,False,6972.700000000001,Current,DEBT_CONSOLIDATION
LN-500789,CUST-105623,2025-04-05,0,0,False,False,48866.4075,Current,DEBT_CONSOLIDATION
LN-500790,CUST-101536,2025-04-05,1,27,False,False,9896.427500000005,1-29,DEBT_CONSOLIDATION
LN-500791,CUST-106656,2025-04-05,0,0,False,False,10874.37,Current,DEBT_CONSOLIDATION
LN-500792,CUST-100547,2025-04-05,0,0,False,False,29766.59,Current,DEBT_CONSOLIDATION
LN-500793,CUST-106204,2025-04-05,0,0,False,False,28741.437500000007,Current,DEBT_CONSOLIDATION
LN-500794,CUST-100136,2025-04-05,0,0,False,False,13982.907500000001,Current,DEBT_CONSOLIDATION
LN-500795,CUST-106839,2025-04-05,0,0,False,False,6554.02,Current,DEBT_CONSOLIDATION
LN-500796,CUST-101683,2025-04-05,0,0,False,False,42463.609999999986,Current,DEBT_CONSOLIDATION
LN-500797,CUST-102001,2025-04-05,0,0,False,False,13789.172500000004,Current,DEBT_CONSOLIDATION
LN-500799,CUST-103561,2025-04-05,3,78,False,False,47666.965,60-89,DEBT_CONSOLIDATION
LN-500800,CUST-103675,2025-04-05,0,0,False,False,3443.932499999998,Current,DEBT_CONSOLIDATION
LN-500801,CUST-106489,2025-04-05,0,0,False,False,21362.210000000006,Current,DEBT_CONSOLIDATION
LN-500802,CUST-101761,2025-04-05,0,0,False,False,9377.627499999995,Current,DEBT_CONSOLIDATION
LN-500803,CUST-101794,2025-04-05,0,0,False,False,102292.72999999998,Current,DEBT_CONSOLIDATION
LN-500804,CUST-107848,2025-04-05,0,0,False,False,13658.784999999993,Current,DEBT_CONSOLIDATION
LN-500805,CUST-105657,2025-04-05,0,0,False,False,7942.284999999994,Current,DEBT_CONSOLIDATION
LN-500806,CUST-107546,2025-04-05,0,0,False,False,22011.684999999998,Current,DEBT_CONSOLIDATION
LN-500807,CUST-106436,2025-04-05,0,0,False,False,6916.389999999998,Current,DEBT_CONSOLIDATION
LN-500808,CUST-101142,2025-04-05,0,0,False,False,23797.86,Current,DEBT_CONSOLIDATION
LN-500809,CUST-104725,2025-04-05,0,0,False,False,26746.920000000006,Current,DEBT_CONSOLIDATION
LN-500811,CUST-102615,2025-04-05,0,0,False,False,61260.9,Current,DEBT_CONSOLIDATION
LN-500812,CUST-101582,2025-04-05,0,0,False,False,24484.185,Current,DEBT_CONSOLIDATION
LN-500813,CUST-106414,2025-04-05,0,0,False,False,18533.114999999994,Current,DEBT_CONSOLIDATION
LN-500814,CUST-100897,2025-04-05,0,0,False,False,38450.37,Current,DEBT_CONSOLIDATION
LN-500816,CUST-103110,2025-04-05,0,0,False,False,22496.50500000002,Current,DEBT_CONSOLIDATION
LN-500817,CUST-105547,2025-04-05,0,0,False,False,15479.68,Current,DEBT_CONSOLIDATION
LN-500818,CUST-104587,2025-04-05,4,241,False,False,9647.480000000001,90+,DEBT_CONSOLIDATION
LN-500819,CUST-104595,2025-04-05,0,0,False,False,32562.460000000014,Current,DEBT_CONSOLIDATION
LN-500820,CUST-103599,2025-04-05,1,26,False,False,9996.06,1-29,DEBT_CONSOLIDATION
LN-500821,CUST-102848,2025-04-05,0,0,False,False,138987.68,Current,DEBT_CONSOLIDATION
LN-500822,CUST-101834,2025-04-05,0,0,False,False,2715.6600000000008,Current,DEBT_CONSOLIDATION
LN-500824,CUST-100039,2025-04-05,0,0,False,False,24586.804999999993,Current,DEBT_CONSOLIDATION
LN-500825,CUST-102290,2025-04-05,0,0,False,False,94587.07500000001,Current,DEBT_CONSOLIDATION
LN-500826,CUST-102205,2025-04-05,0,0,False,False,13112.300000000001,Current,DEBT_CONSOLIDATION
LN-500827,CUST-107557,2025-04-05,0,0,False,False,11909.999999999989,Current,DEBT_CONSOLIDATION
LN-500828,CUST-101705,2025-04-05,0,0,False,False,5173.295,Current,DEBT_CONSOLIDATION
LN-500829,CUST-101697,2025-04-05,0,0,False,False,7564.044999999998,Current,DEBT_CONSOLIDATION
LN-500831,CUST-102489,2025-04-05,0,0,False,False,16580.374999999985,Current,DEBT_CONSOLIDATION
LN-500832,CUST-101968,2025-04-05,0,0,False,False,20644.51000000001,Current,DEBT_CONSOLIDATION
LN-500833,CUST-106878,2025-04-05,0,0,False,False,16160.542500000007,Current,DEBT_CONSOLIDATION
LN-500834,CUST-106879,2025-04-05,0,0,False,False,27743.295,Current,DEBT_CONSOLIDATION
LN-500835,CUST-106751,2025-04-05,0,0,False,False,33779.18499999999,Current,DEBT_CONSOLIDATION
LN-500836,CUST-102391,2025-04-05,0,0,False,False,14241.800000000003,Current,DEBT_CONSOLIDATION
LN-500837,CUST-104228,2025-04-05,0,0,False,False,11477.25,Current,DEBT_CONSOLIDATION
LN-500838,CUST-101919,2025-04-05,0,0,False,False,42186.345000000016,Current,DEBT_CONSOLIDATION
LN-500839,CUST-101213,2025-04-05,0,0,False,False,26832.365,Current,DEBT_CONSOLIDATION
LN-500840,CUST-106411,2025-04-05,0,0,False,False,26436.305,Current,DEBT_CONSOLIDATION
LN-500841,CUST-105667,2025-04-05,0,0,False,False,9409.050000000003,Current,DEBT_CONSOLIDATION
LN-500842,CUST-100954,2025-04-05,0,0,False,False,100610.89500000006,Current,DEBT_CONSOLIDATION
LN-500843,CUST-106906,2025-04-05,0,0,False,False,4854.6,Current,DEBT_CONSOLIDATION
LN-500844,CUST-107661,2025-04-05,0,0,False,False,39136.6,Current,DEBT_CONSOLIDATION
LN-500845,CUST-100117,2025-04-05,0,0,False,False,17374.775,Current,DEBT_CONSOLIDATION
LN-500846,CUST-103043,2025-04-05,0,0,False,False,139092.765,Current,DEBT_CONSOLIDATION
LN-500847,CUST-106919,2025-04-05,0,0,False,False,46367.89,Current,DEBT_CONSOLIDATION
LN-500849,CUST-102245,2025-04-05,0,0,False,True,913.4800000000002,Current,DEBT_CONSOLIDATION
LN-500850,CUST-107639,2025-04-05,0,0,False,False,28052.050000000003,Current,DEBT_CONSOLIDATION
LN-500851,CUST-103249,2025-04-05,0,0,False,False,89351.3625,Current,DEBT_CONSOLIDATION
LN-500852,CUST-104873,2025-04-05,0,0,False,False,3921.435000000002,Current,DEBT_CONSOLIDATION
LN-500854,CUST-101648,2025-04-05,0,0,False,False,15199.010000000002,Current,DEBT_CONSOLIDATION
LN-500855,CUST-101097,2025-04-05,0,0,False,False,11499.580000000002,Current,DEBT_CONSOLIDATION
LN-500856,CUST-105988,2025-04-05,0,0,False,False,8456.865,Current,DEBT_CONSOLIDATION
LN-500857,CUST-104770,2025-04-05,0,0,False,False,9902.810000000005,Current,DEBT_CONSOLIDATION
LN-500858,CUST-107963,2025-04-05,0,0,False,False,33294.42499999999,Current,DEBT_CONSOLIDATION
LN-500859,CUST-100650,2025-04-05,0,0,False,False,8208.515000000001,Current,DEBT_CONSOLIDATION
LN-500860,CUST-102934,2025-04-05,0,0,False,False,10374.91,Current,DEBT_CONSOLIDATION
LN-500861,CUST-101280,2025-04-05,0,0,False,False,38125.6225,Current,DEBT_CONSOLIDATION
LN-500862,CUST-105111,2025-04-05,0,0,False,False,9182.429999999991,Current,DEBT_CONSOLIDATION
LN-500863,CUST-106900,2025-04-05,1,24,False,False,5417.340000000001,1-29,DEBT_CONSOLIDATION
LN-500864,CUST-104473,2025-04-05,0,0,False,False,46945.28999999999,Current,DEBT_CONSOLIDATION
LN-500865,CUST-102676,2025-04-05,0,0,False,False,389409.4800000001,Current,DEBT_CONSOLIDATION
LN-500866,CUST-107157,2025-04-05,0,0,False,False,29708.0,Current,DEBT_CONSOLIDATION
LN-500867,CUST-107241,2025-04-05,0,0,False,False,8877.2675,Current,DEBT_CONSOLIDATION
LN-500868,CUST-103469,2025-04-05,0,0,False,False,29273.554999999982,Current,DEBT_CONSOLIDATION
LN-500869,CUST-106031,2025-04-05,0,0,False,False,18853.617500000004,Current,DEBT_CONSOLIDATION
LN-500870,CUST-101629,2025-04-05,0,0,False,False,51674.72999999999,Current,DEBT_CONSOLIDATION
LN-500871,CUST-103185,2025-04-05,0,0,False,False,40727.745,Current,DEBT_CONSOLIDATION
LN-500872,CUST-102797,2025-04-05,0,0,False,False,8655.177500000005,Current,DEBT_CONSOLIDATION
LN-500873,CUST-105850,2025-04-05,0,0,False,False,18115.91,Current,DEBT_CONSOLIDATION
LN-500874,CUST-105796,2025-04-05,0,0,False,False,20772.885000000002,Current,DEBT_CONSOLIDATION
LN-500875,CUST-106354,2025-04-05,0,0,False,False,17798.94250000001,Current,DEBT_CONSOLIDATION
LN-500876,CUST-106735,2025-04-05,0,0,False,False,13473.800000000003,Current,DEBT_CONSOLIDATION
LN-500877,CUST-106843,2025-04-05,0,0,False,False,12214.440000000002,Current,DEBT_CONSOLIDATION
LN-500878,CUST-106716,2025-04-05,0,0,False,False,26489.12,Current,DEBT_CONSOLIDATION
LN-500879,CUST-101011,2025-04-05,0,0,False,False,23921.95,Current,DEBT_CONSOLIDATION
LN-500880,CUST-100399,2025-04-05,0,0,False,True,22613.924999999992,Current,DEBT_CONSOLIDATION
LN-500881,CUST-105022,2025-04-05,0,0,False,False,15603.152499999998,Current,DEBT_CONSOLIDATION
LN-500882,CUST-100903,2025-04-05,0,0,False,False,24166.470000000016,Current,DEBT_CONSOLIDATION
LN-500884,CUST-105791,2025-04-05,0,0,False,False,31178.044999999976,Current,DEBT_CONSOLIDATION
LN-500885,CUST-102697,2025-04-05,1,30,False,False,3425.615,1-29,DEBT_CONSOLIDATION
LN-500886,CUST-100090,2025-04-05,0,0,False,False,13330.899999999998,Current,DEBT_CONSOLIDATION
LN-500887,CUST-101199,2025-04-05,0,0,False,False,22645.805,Current,DEBT_CONSOLIDATION
LN-500888,CUST-104917,2025-04-05,0,0,False,False,9318.820000000009,Current,DEBT_CONSOLIDATION
LN-500889,CUST-104612,2025-04-05,0,0,False,False,20118.150000000012,Current,DEBT_CONSOLIDATION
LN-500890,CUST-104028,2025-04-05,0,0,False,False,4660.327499999999,Current,DEBT_CONSOLIDATION
LN-500891,CUST-101040,2025-04-05,0,0,False,False,8284.2075,Current,DEBT_CONSOLIDATION
LN-500892,CUST-107409,2025-04-05,0,0,False,False,41559.23000000001,Current,DEBT_CONSOLIDATION
LN-500893,CUST-102938,2025-04-05,0,0,False,False,39623.627499999995,Current,DEBT_CONSOLIDATION
LN-500894,CUST-105990,2025-04-05,0,0,False,False,15455.279999999999,Current,DEBT_CONSOLIDATION
LN-500895,CUST-105363,2025-04-05,0,0,False,False,18426.769999999993,Current,DEBT_CONSOLIDATION
LN-500896,CUST-107734,2025-04-05,0,0,False,False,6611.490000000002,Current,DEBT_CONSOLIDATION
LN-500897,CUST-102683,2025-04-05,0,0,False,False,9553.73249999999,Current,DEBT_CONSOLIDATION
LN-500898,CUST-107344,2025-04-05,0,0,False,False,17228.899999999994,Current,DEBT_CONSOLIDATION
LN-500899,CUST-101942,2025-04-05,0,0,False,False,31838.87,Current,DEBT_CONSOLIDATION
LN-500900,CUST-102891,2025-04-05,0,0,False,False,52278.935000000005,Current,DEBT_CONSOLIDATION
LN-500901,CUST-105664,2025-04-05,0,0,False,False,123565.68,Current,DEBT_CONSOLIDATION
LN-500903,CUST-101621,2025-04-05,0,0,False,False,42449.84000000002,Current,DEBT_CONSOLIDATION
LN-500904,CUST-100370,2025-04-05,0,0,False,False,15638.994999999999,Current,DEBT_CONSOLIDATION
LN-500905,CUST-106830,2025-04-05,0,0,False,False,24504.354999999992,Current,DEBT_CONSOLIDATION
LN-500906,CUST-105741,2025-04-05,0,0,False,False,638160.0499999999,Current,DEBT_CONSOLIDATION
LN-500907,CUST-106172,2025-04-05,0,0,False,False,3654.8774999999987,Current,DEBT_CONSOLIDATION
LN-500908,CUST-101056,2025-04-05,0,0,False,False,2158.8099999999977,Current,DEBT_CONSOLIDATION
LN-500909,CUST-106127,2025-04-05,0,0,False,False,40043.58,Current,DEBT_CONSOLIDATION
LN-500910,CUST-105567,2025-04-05,0,0,True,False,23367.699999999997,Current,DEBT_CONSOLIDATION
LN-500911,CUST-103075,2025-04-05,0,0,False,False,26001.21,Current,DEBT_CONSOLIDATION
LN-500912,CUST-107148,2025-04-05,0,0,False,False,8877.419999999998,Current,DEBT_CONSOLIDATION
LN-500913,CUST-100294,2025-04-05,0,0,False,False,32009.59999999999,Current,DEBT_CONSOLIDATION
LN-500914,CUST-104251,2025-04-05,0,0,False,False,9670.777500000002,Current,DEBT_CONSOLIDATION
LN-500915,CUST-102558,2025-04-05,0,0,False,False,11253.160000000007,Current,DEBT_CONSOLIDATION
LN-500916,CUST-106020,2025-04-05,1,27,False,False,29597.857499999995,1-29,DEBT_CONSOLIDATION
LN-500917,CUST-106385,2025-04-05,0,0,False,False,3242.710000000001,Current,DEBT_CONSOLIDATION
LN-500918,CUST-106512,2025-04-05,0,0,False,False,22620.54,Current,DEBT_CONSOLIDATION
LN-500919,CUST-100982,2025-04-05,0,0,False,False,13417.15,Current,DEBT_CONSOLIDATION
LN-500920,CUST-105828,2025-04-05,0,0,False,False,49888.265,Current,DEBT_CONSOLIDATION
LN-500921,CUST-106828,2025-04-05,0,0,False,False,53593.375,Current,DEBT_CONSOLIDATION
LN-500922,CUST-101151,2025-04-05,0,0,False,False,480460.29250000016,Current,DEBT_CONSOLIDATION
LN-500923,CUST-102968,2025-04-05,0,0,False,False,33157.18999999999,Current,DEBT_CONSOLIDATION
LN-500924,CUST-103878,2025-04-05,0,0,False,False,20746.56000000001,Current,DEBT_CONSOLIDATION
LN-500925,CUST-105517,2025-04-05,0,0,False,False,23839.710000000003,Current,DEBT_CONSOLIDATION
LN-500926,CUST-106135,2025-04-05,0,0,False,False,6159.702499999999,Current,DEBT_CONSOLIDATION
LN-500927,CUST-106893,2025-04-05,0,0,False,False,11504.96,Current,DEBT_CONSOLIDATION
LN-500928,CUST-104181,2025-04-05,0,0,False,False,5998.570000000002,Current,DEBT_CONSOLIDATION
LN-500929,CUST-102934,2025-04-05,0,0,False,False,23453.65,Current,DEBT_CONSOLIDATION
LN-500930,CUST-107787,2025-04-05,0,0,False,False,24503.08,Current,DEBT_CONSOLIDATION
LN-500931,CUST-101675,2025-04-05,0,0,False,False,119566.16750000001,Current,DEBT_CONSOLIDATION
LN-500932,CUST-100243,2025-04-05,0,0,False,False,11266.350000000006,Current,DEBT_CONSOLIDATION
LN-500934,CUST-100282,2025-04-05,0,0,False,False,19530.99,Current,DEBT_CONSOLIDATION
LN-500935,CUST-103707,2025-04-05,0,0,False,False,10750.789999999992,Current,DEBT_CONSOLIDATION
LN-500936,CUST-100373,2025-04-05,0,0,False,False,11354.309999999994,Current,DEBT_CONSOLIDATION
LN-500937,CUST-103056,2025-04-05,0,0,False,False,2496.61,Current,DEBT_CONSOLIDATION
LN-500938,CUST-101083,2025-04-05,0,0,False,False,27461.6775,Current,DEBT_CONSOLIDATION
LN-500939,CUST-104227,2025-04-05,0,0,False,False,29410.2775,Current,DEBT_CONSOLIDATION
LN-500940,CUST-105858,2025-04-05,0,0,False,False,66225.4825,Current,DEBT_CONSOLIDATION
LN-500941,CUST-101535,2025-04-05,3,89,False,False,19958.102499999994,60-89,DEBT_CONSOLIDATION
LN-500942,CUST-103734,2025-04-05,0,0,False,False,20042.24,Current,DEBT_CONSOLIDATION
LN-500944,CUST-103196,2025-04-05,0,0,False,False,16545.014999999996,Current,DEBT_CONSOLIDATION
LN-500945,CUST-102913,2025-04-05,0,0,False,False,8579.010000000002,Current,DEBT_CONSOLIDATION
LN-500946,CUST-107571,2025-04-05,0,0,False,False,19563.324999999993,Current,DEBT_CONSOLIDATION
LN-500947,CUST-107482,2025-04-05,0,0,False,False,101165.20999999999,Current,DEBT_CONSOLIDATION
LN-500948,CUST-106142,2025-04-05,0,0,False,False,3557.2800000000007,Current,DEBT_CONSOLIDATION
LN-500949,CUST-101312,2025-04-05,0,0,False,False,8562.46,Current,DEBT_CONSOLIDATION
LN-500950,CUST-106981,2025-04-05,0,0,False,False,20045.59,Current,DEBT_CONSOLIDATION
LN-500951,CUST-107066,2025-04-05,0,0,False,False,35777.209999999985,Current,DEBT_CONSOLIDATION
LN-500952,CUST-104012,2025-04-05,0,0,False,False,9995.41,Current,DEBT_CONSOLIDATION
LN-500953,CUST-105505,2025-04-05,0,0,False,False,19151.805,Current,DEBT_CONSOLIDATION
LN-500954,CUST-100385,2025-04-05,0,0,False,False,12130.645000000004,Current,DEBT_CONSOLIDATION
LN-500955,CUST-101494,2025-04-05,2,35,False,False,18585.68000000001,30-59,DEBT_CONSOLIDATION
LN-500957,CUST-107969,2025-04-05,3,74,False,False,45748.375,60-89,DEBT_CONSOLIDATION
LN-500958,CUST-101822,2025-04-05,0,0,False,False,46943.01999999998,Current,DEBT_CONSOLIDATION
LN-500959,CUST-106111,2025-04-05,0,0,False,False,33219.68499999997,Current,DEBT_CONSOLIDATION
LN-500960,CUST-105277,2025-04-05,0,0,False,False,11626.107499999995,Current,DEBT_CONSOLIDATION
LN-500961,CUST-102066,2025-04-05,1,3,False,False,24960.570000000014,1-29,DEBT_CONSOLIDATION
LN-500962,CUST-106691,2025-04-05,0,0,False,False,18725.315000000013,Current,DEBT_CONSOLIDATION
LN-500963,CUST-107062,2025-04-05,0,0,False,False,8602.4,Current,DEBT_CONSOLIDATION
LN-500964,CUST-101179,2025-04-05,0,0,False,False,25696.454999999998,Current,DEBT_CONSOLIDATION
LN-500966,CUST-100536,2025-04-05,0,0,False,False,39224.1725,Current,DEBT_CONSOLIDATION
LN-500967,CUST-100862,2025-04-05,0,0,False,False,17503.420000000006,Current,DEBT_CONSOLIDATION
LN-500968,CUST-101013,2025-04-05,0,0,False,False,26882.362499999996,Current,DEBT_CONSOLIDATION
LN-500969,CUST-101984,2025-04-05,0,0,False,False,20826.727500000005,Current,DEBT_CONSOLIDATION
LN-500971,CUST-107654,2025-04-05,0,0,False,False,333456.9350000003,Current,DEBT_CONSOLIDATION
LN-500972,CUST-101555,2025-04-05,0,0,False,False,31538.35,Current,DEBT_CONSOLIDATION
LN-500973,CUST-103053,2025-04-05,0,0,False,False,26962.01,Current,DEBT_CONSOLIDATION
LN-500974,CUST-102298,2025-04-05,0,0,False,False,22251.964999999993,Current,DEBT_CONSOLIDATION
LN-500976,CUST-104266,2025-04-05,0,0,False,False,18151.719999999998,Current,DEBT_CONSOLIDATION
LN-500977,CUST-104781,2025-04-05,0,0,False,False,39337.47499999999,Current,DEBT_CONSOLIDATION
LN-500978,CUST-101615,2025-04-05,0,0,False,False,12889.12,Current,DEBT_CONSOLIDATION
LN-500979,CUST-105814,2025-04-05,0,0,False,False,14597.83,Current,DEBT_CONSOLIDATION
LN-500980,CUST-105091,2025-04-05,0,0,False,False,136630.58,Current,DEBT_CONSOLIDATION
LN-500982,CUST-101037,2025-04-05,0,0,False,False,10932.620000000003,Current,DEBT_CONSOLIDATION
LN-500983,CUST-100227,2025-04-05,0,0,False,False,8940.75,Current,DEBT_CONSOLIDATION
LN-500984,CUST-100061,2025-04-05,0,0,False,False,11872.365000000002,Current,DEBT_CONSOLIDATION
LN-500985,CUST-101112,2025-04-05,0,0,False,False,52025.91000000002,Current,DEBT_CONSOLIDATION
LN-500987,CUST-103941,2025-04-05,0,0,False,False,13510.854999999994,Current,DEBT_CONSOLIDATION
LN-500988,CUST-101973,2025-04-05,0,0,False,False,17592.14749999999,Current,DEBT_CONSOLIDATION
LN-500989,CUST-100980,2025-04-05,0,0,False,False,16661.149999999994,Current,DEBT_CONSOLIDATION
LN-500990,CUST-103717,2025-04-05,4,107,False,False,44555.24250000001,90+,DEBT_CONSOLIDATION
LN-500991,CUST-104855,2025-04-05,0,0,False,False,14872.719999999983,Current,DEBT_CONSOLIDATION
LN-500992,CUST-103401,2025-04-05,0,0,False,False,17582.267500000005,Current,DEBT_CONSOLIDATION
LN-500993,CUST-100047,2025-04-05,0,0,False,False,20876.214999999986,Current,DEBT_CONSOLIDATION
LN-500994,CUST-100662,2025-04-05,0,0,False,False,21842.1775,Current,DEBT_CONSOLIDATION
LN-500995,CUST-106608,2025-04-05,0,0,False,False,2500.2499999999995,Current,DEBT_CONSOLIDATION
LN-500997,CUST-100100,2025-04-05,0,0,False,False,2862.340000000001,Current,DEBT_CONSOLIDATION
LN-500998,CUST-107671,2025-04-05,0,0,False,False,16465.165,Current,DEBT_CONSOLIDATION
LN-500999,CUST-102871,2025-04-05,0,0,False,False,50511.51500000001,Current,DEBT_CONSOLIDATION
LN-501001,CUST-105942,2025-04-05,0,0,False,False,28873.015,Current,DEBT_CONSOLIDATION
LN-501003,CUST-107420,2025-04-05,0,0,False,False,12548.965,Current,DEBT_CONSOLIDATION
LN-501004,CUST-102338,2025-04-05,0,0,False,False,29576.987500000007,Current,DEBT_CONSOLIDATION
LN-501006,CUST-107679,2025-04-05,0,0,False,False,7723.074999999999,Current,DEBT_CONSOLIDATION
LN-501007,CUST-101526,2025-04-05,2,40,False,False,30446.8425,30-59,DEBT_CONSOLIDATION
LN-501008,CUST-103490,2025-04-05,0,0,False,False,104008.86999999997,Current,DEBT_CONSOLIDATION
LN-501010,CUST-100821,2025-04-05,0,0,False,False,49435.100000000006,Current,DEBT_CONSOLIDATION
LN-501011,CUST-106165,2025-04-05,0,0,False,False,27367.117499999997,Current,DEBT_CONSOLIDATION
LN-501012,CUST-102736,2025-04-05,0,0,False,False,15169.582500000008,Current,DEBT_CONSOLIDATION
LN-501013,CUST-106209,2025-04-05,0,0,False,False,36940.010000000024,Current,DEBT_CONSOLIDATION
LN-501014,CUST-100440,2025-04-05,0,0,False,False,31603.679999999986,Current,DEBT_CONSOLIDATION
LN-501016,CUST-103843,2025-04-05,0,0,False,False,25750.299999999985,Current,DEBT_CONSOLIDATION
LN-501017,CUST-105638,2025-04-05,0,0,False,False,14254.407500000001,Current,DEBT_CONSOLIDATION
LN-501019,CUST-107772,2025-04-05,0,0,False,False,24722.657499999998,Current,DEBT_CONSOLIDATION
LN-501020,CUST-107306,2025-04-05,0,0,False,False,3876.605,Current,DEBT_CONSOLIDATION
LN-501021,CUST-107358,2025-04-05,0,0,False,False,25338.487500000003,Current,DEBT_CONSOLIDATION
LN-501022,CUST-102174,2025-04-05,1,23,False,False,16292.210000000006,1-29,DEBT_CONSOLIDATION
LN-501023,CUST-106021,2025-04-05,0,0,False,False,17425.105,Current,DEBT_CONSOLIDATION
LN-501024,CUST-104982,2025-04-05,0,0,False,False,207743.1225,Current,DEBT_CONSOLIDATION
LN-501025,CUST-104237,2025-04-05,0,0,False,False,170935.83000000005,Current,DEBT_CONSOLIDATION
LN-501026,CUST-107856,2025-04-05,0,0,False,False,28656.442500000005,Current,DEBT_CONSOLIDATION
LN-501027,CUST-101220,2025-04-05,0,0,False,False,35466.53,Current,DEBT_CONSOLIDATION
LN-501028,CUST-101237,2025-04-05,0,0,False,False,14278.369999999999,Current,DEBT_CONSOLIDATION
LN-501029,CUST-101939,2025-04-05,0,0,False,False,40942.68249999998,Current,DEBT_CONSOLIDATION
LN-501032,CUST-103328,2025-04-05,0,0,False,False,37620.09000000002,Current,DEBT_CONSOLIDATION
LN-501033,CUST-101853,2025-04-05,0,0,False,False,26430.685000000005,Current,DEBT_CONSOLIDATION
LN-501034,CUST-104695,2025-04-05,0,0,False,False,111784.48500000006,Current,DEBT_CONSOLIDATION
LN-501035,CUST-104337,2025-04-05,0,0,False,False,7479.060000000001,Current,DEBT_CONSOLIDATION
LN-501036,CUST-103272,2025-04-05,0,0,False,False,2605.3099999999995,Current,DEBT_CONSOLIDATION
LN-501037,CUST-107481,2025-04-05,0,0,False,False,42333.36000000001,Current,DEBT_CONSOLIDATION
LN-501038,CUST-104149,2025-04-05,0,0,False,False,21218.714999999993,Current,DEBT_CONSOLIDATION
LN-501039,CUST-102491,2025-04-05,2,39,False,False,9410.779999999992,30-59,DEBT_CONSOLIDATION
LN-501040,CUST-100712,2025-04-05,0,0,False,False,223523.02999999994,Current,DEBT_CONSOLIDATION
LN-501041,CUST-106442,2025-04-05,0,0,False,False,16707.995,Current,DEBT_CONSOLIDATION
LN-501042,CUST-101705,2025-04-05,0,0,False,False,47918.17,Current,DEBT_CONSOLIDATION
LN-501043,CUST-105576,2025-04-05,0,0,False,False,17058.82249999999,Current,DEBT_CONSOLIDATION
LN-501044,CUST-103341,2025-04-05,0,0,False,False,36539.664999999986,Current,DEBT_CONSOLIDATION
LN-501045,CUST-107634,2025-04-05,0,0,False,False,37058.26000000004,Current,DEBT_CONSOLIDATION
LN-501049,CUST-106410,2025-04-05,0,0,False,False,25412.54,Current,DEBT_CONSOLIDATION
LN-501050,CUST-107324,2025-04-05,0,0,False,False,29109.45,Current,DEBT_CONSOLIDATION
LN-501051,CUST-102890,2025-04-05,0,0,False,False,28259.2575,Current,DEBT_CONSOLIDATION
LN-501052,CUST-101603,2025-04-05,0,0,False,False,2253.7850000000008,Current,DEBT_CONSOLIDATION
LN-501053,CUST-101273,2025-04-05,0,0,False,False,12296.3,Current,DEBT_CONSOLIDATION
LN-501054,CUST-101075,2025-04-05,0,0,False,False,14612.150000000003,Current,DEBT_CONSOLIDATION
LN-501055,CUST-101716,2025-04-05,0,0,False,False,33272.05,Current,DEBT_CONSOLIDATION
LN-501056,CUST-105116,2025-04-05,0,0,False,False,48270.55499999999,Current,DEBT_CONSOLIDATION
LN-501057,CUST-102557,2025-04-05,0,0,False,False,10202.059999999992,Current,DEBT_CONSOLIDATION
LN-501058,CUST-103911,2025-04-05,0,0,False,False,9752.144999999999,Current,DEBT_CONSOLIDATION
LN-501059,CUST-101297,2025-04-05,0,0,False,False,41433.31999999999,Current,DEBT_CONSOLIDATION
LN-501060,CUST-101813,2025-04-05,0,0,False,False,2556.690000000001,Current,DEBT_CONSOLIDATION
LN-501061,CUST-106220,2025-04-05,0,0,False,False,18909.832500000008,Current,DEBT_CONSOLIDATION
LN-501062,CUST-103981,2025-04-05,0,0,False,False,28856.0,Current,DEBT_CONSOLIDATION
LN-501063,CUST-102668,2025-04-05,0,0,False,False,27062.54,Current,DEBT_CONSOLIDATION
LN-501064,CUST-102185,2025-04-05,0,0,True,False,15547.2025,Current,DEBT_CONSOLIDATION
LN-501065,CUST-101009,2025-04-05,0,0,False,False,16627.005000000016,Current,DEBT_CONSOLIDATION
LN-501066,CUST-107777,2025-04-05,0,0,False,False,10722.880000000003,Current,DEBT_CONSOLIDATION
LN-501067,CUST-102958,2025-04-05,0,0,False,False,53027.12,Current,DEBT_CONSOLIDATION
LN-501068,CUST-105069,2025-04-05,0,0,False,False,27917.88,Current,DEBT_CONSOLIDATION
LN-501069,CUST-105977,2025-04-05,0,0,False,False,17066.760000000013,Current,DEBT_CONSOLIDATION
LN-501070,CUST-100873,2025-04-05,0,0,False,False,16472.26,Current,DEBT_CONSOLIDATION
LN-501071,CUST-106428,2025-04-05,0,0,False,False,24176.269999999982,Current,DEBT_CONSOLIDATION
LN-501072,CUST-104812,2025-04-05,0,0,False,False,28438.105000000003,Current,DEBT_CONSOLIDATION
LN-501073,CUST-104248,2025-04-05,1,3,False,False,3932.5199999999973,1-29,DEBT_CONSOLIDATION
LN-501074,CUST-104392,2025-04-05,0,0,False,False,12790.180000000011,Current,DEBT_CONSOLIDATION
LN-501075,CUST-105819,2025-04-05,0,0,False,False,6915.282500000003,Current,DEBT_CONSOLIDATION
LN-501076,CUST-104639,2025-04-05,0,0,False,False,17535.884999999987,Current,DEBT_CONSOLIDATION
LN-501078,CUST-106922,2025-04-05,0,0,False,False,275350.1525000001,Current,DEBT_CONSOLIDATION
LN-501079,CUST-107051,2025-04-05,1,17,False,False,38915.219999999994,1-29,DEBT_CONSOLIDATION
LN-501080,CUST-104857,2025-04-05,0,0,False,False,17627.210000000003,Current,DEBT_CONSOLIDATION
LN-501081,CUST-103121,2025-04-05,0,0,False,False,12374.979999999998,Current,DEBT_CONSOLIDATION
LN-501082,CUST-100115,2025-04-05,0,0,False,False,3916.8500000000013,Current,DEBT_CONSOLIDATION
LN-501083,CUST-106493,2025-04-05,0,0,False,False,12491.109999999997,Current,DEBT_CONSOLIDATION
LN-501084,CUST-106719,2025-04-05,0,0,False,False,31948.92249999998,Current,DEBT_CONSOLIDATION
LN-501085,CUST-101543,2025-04-05,0,0,False,False,28283.880000000012,Current,DEBT_CONSOLIDATION
LN-501086,CUST-107290,2025-04-05,0,0,False,False,33127.75500000001,Current,DEBT_CONSOLIDATION
LN-501087,CUST-107652,2025-04-05,0,0,False,False,33282.94,Current,DEBT_CONSOLIDATION
LN-501088,CUST-102208,2025-04-05,0,0,False,False,5989.095,Current,DEBT_CONSOLIDATION
LN-501089,CUST-104105,2025-04-05,0,0,False,False,18347.042499999996,Current,DEBT_CONSOLIDATION
LN-501091,CUST-103164,2025-04-05,0,0,False,False,33933.789999999986,Current,DEBT_CONSOLIDATION
LN-501092,CUST-104403,2025-04-05,0,0,False,False,8481.699999999997,Current,DEBT_CONSOLIDATION
LN-501096,CUST-104753,2025-04-05,0,0,False,False,11528.614999999996,Current,DEBT_CONSOLIDATION
LN-501097,CUST-102608,2025-04-05,1,29,False,False,81990.99499999994,1-29,DEBT_CONSOLIDATION
LN-501098,CUST-103855,2025-04-05,0,0,False,False,24602.449999999997,Current,DEBT_CONSOLIDATION
LN-501100,CUST-102408,2025-04-05,0,0,False,False,3094.097499999999,Current,DEBT_CONSOLIDATION
LN-501101,CUST-105305,2025-04-05,0,0,False,False,10851.255000000006,Current,DEBT_CONSOLIDATION
LN-501102,CUST-103296,2025-04-05,0,0,False,False,40114.54500000001,Current,DEBT_CONSOLIDATION
LN-501103,CUST-102645,2025-04-05,0,0,False,False,20729.79750000001,Current,DEBT_CONSOLIDATION
LN-501104,CUST-107179,2025-04-05,0,0,False,False,22981.995000000003,Current,DEBT_CONSOLIDATION
LN-501105,CUST-104005,2025-04-05,0,0,False,False,5482.33,Current,DEBT_CONSOLIDATION
LN-501106,CUST-102021,2025-04-05,0,0,False,False,28719.490000000005,Current,DEBT_CONSOLIDATION
LN-501107,CUST-101316,2025-04-05,0,0,False,False,732.1749999999998,Current,DEBT_CONSOLIDATION
LN-501108,CUST-100800,2025-04-05,0,0,False,False,12165.6725,Current,DEBT_CONSOLIDATION
LN-501109,CUST-101499,2025-04-05,0,0,False,False,11435.525,Current,DEBT_CONSOLIDATION
LN-501110,CUST-103332,2025-04-05,0,0,False,False,11560.155000000002,Current,DEBT_CONSOLIDATION
LN-501111,CUST-107572,2025-04-05,0,0,False,False,9188.92,Current,DEBT_CONSOLIDATION
LN-501113,CUST-106978,2025-04-05,0,0,False,False,27517.609999999986,Current,DEBT_CONSOLIDATION
LN-501114,CUST-104598,2025-04-05,0,0,False,False,87321.93000000005,Current,DEBT_CONSOLIDATION
LN-501115,CUST-103353,2025-04-05,0,0,False,False,2531.6500000000015,Current,DEBT_CONSOLIDATION
LN-501116,CUST-103562,2025-04-05,0,0,False,False,48189.149999999994,Current,DEBT_CONSOLIDATION
LN-501117,CUST-101388,2025-04-05,0,0,False,False,42255.79750000002,Current,DEBT_CONSOLIDATION
LN-501118,CUST-101012,2025-04-05,0,0,False,False,51921.564999999995,Current,DEBT_CONSOLIDATION
LN-501119,CUST-100951,2025-04-05,0,0,False,False,39969.81999999998,Current,DEBT_CONSOLIDATION
LN-501120,CUST-103273,2025-04-05,0,0,False,False,99979.52499999995,Current,DEBT_CONSOLIDATION
LN-501121,CUST-106642,2025-04-05,0,0,False,False,18856.3525,Current,DEBT_CONSOLIDATION
LN-501122,CUST-105908,2025-04-05,2,56,False,False,7699.592499999999,30-59,DEBT_CONSOLIDATION
LN-501123,CUST-102769,2025-04-05,0,0,False,False,9051.242499999995,Current,DEBT_CONSOLIDATION
LN-501124,CUST-102452,2025-04-05,0,0,False,False,26246.575000000004,Current,DEBT_CONSOLIDATION
LN-501125,CUST-106684,2025-04-05,0,0,False,False,38538.785,Current,DEBT_CONSOLIDATION
LN-501126,CUST-100438,2025-04-05,0,0,False,False,696.8399999999999,Current,DEBT_CONSOLIDATION
LN-501131,CUST-102957,2025-04-05,0,0,False,False,12531.642500000002,Current,DEBT_CONSOLIDATION
LN-501132,CUST-104569,2025-04-05,0,0,False,False,38760.6275,Current,DEBT_CONSOLIDATION
LN-501133,CUST-103326,2025-04-05,0,0,False,False,27703.335,Current,DEBT_CONSOLIDATION
LN-501134,CUST-101440,2025-04-05,0,0,False,False,18453.92250000002,Current,DEBT_CONSOLIDATION
LN-501135,CUST-103706,2025-04-05,0,0,False,False,8348.607500000006,Current,DEBT_CONSOLIDATION
LN-501136,CUST-107401,2025-04-05,0,0,False,False,49815.75,Current,DEBT_CONSOLIDATION
LN-501139,CUST-101408,2025-04-05,0,0,False,False,40858.209999999985,Current,DEBT_CONSOLIDATION
LN-501140,CUST-102843,2025-04-05,0,0,False,False,18206.8125,Current,DEBT_CONSOLIDATION
LN-501141,CUST-101686,2025-04-05,0,0,False,False,44499.95,Current,DEBT_CONSOLIDATION
LN-501142,CUST-101408,2025-04-05,0,0,False,False,43924.04,Current,DEBT_CONSOLIDATION
LN-501143,CUST-104594,2025-04-05,0,0,False,False,46771.662500000006,Current,DEBT_CONSOLIDATION
LN-501144,CUST-101062,2025-04-05,0,0,False,False,14918.517500000002,Current,DEBT_CONSOLIDATION
LN-501145,CUST-106653,2025-04-05,0,0,False,False,1709.9099999999999,Current,DEBT_CONSOLIDATION
LN-501147,CUST-105720,2025-04-05,0,0,False,False,17379.647500000003,Current,DEBT_CONSOLIDATION
LN-501148,CUST-100578,2025-04-05,0,0,False,False,40831.37999999999,Current,DEBT_CONSOLIDATION
LN-501149,CUST-104909,2025-04-05,0,0,False,False,4734.404999999998,Current,DEBT_CONSOLIDATION
LN-501150,CUST-102752,2025-04-05,0,0,False,False,45476.955,Current,DEBT_CONSOLIDATION
LN-501151,CUST-105721,2025-04-05,0,0,False,False,19188.775000000012,Current,DEBT_CONSOLIDATION
LN-501152,CUST-102507,2025-04-05,0,0,False,False,6806.329999999998,Current,DEBT_CONSOLIDATION
LN-501153,CUST-101766,2025-04-05,0,0,False,False,10388.299999999992,Current,DEBT_CONSOLIDATION
LN-501154,CUST-102931,2025-04-05,0,0,False,False,7748.882499999996,Current,DEBT_CONSOLIDATION
LN-501156,CUST-103409,2025-04-05,0,0,False,False,39758.49000000001,Current,DEBT_CONSOLIDATION
LN-501159,CUST-106292,2025-04-05,0,0,False,False,507228.5650000002,Current,DEBT_CONSOLIDATION
LN-501160,CUST-104316,2025-04-05,0,0,False,False,11021.27,Current,DEBT_CONSOLIDATION
LN-501161,CUST-104300,2025-04-05,0,0,False,False,22248.53499999999,Current,DEBT_CONSOLIDATION
LN-501162,CUST-107557,2025-04-05,0,0,False,False,469.72250000000054,Current,DEBT_CONSOLIDATION
LN-501163,CUST-100677,2025-04-05,0,0,False,False,9168.86,Current,DEBT_CONSOLIDATION
LN-501164,CUST-100576,2025-04-05,0,0,False,False,21151.285000000003,Current,DEBT_CONSOLIDATION
LN-501165,CUST-104556,2025-04-05,0,0,False,False,45524.590000000004,Current,DEBT_CONSOLIDATION
LN-501166,CUST-100962,2025-04-05,0,0,False,False,10124.860000000002,Current,DEBT_CONSOLIDATION
LN-501167,CUST-100552,2025-04-05,0,0,False,False,3488.2725,Current,DEBT_CONSOLIDATION
LN-501168,CUST-105581,2025-04-05,0,0,False,False,14588.122499999994,Current,DEBT_CONSOLIDATION
LN-501169,CUST-100212,2025-04-05,0,0,False,False,21856.892499999994,Current,DEBT_CONSOLIDATION
LN-501170,CUST-100273,2025-04-05,0,0,False,False,7665.065000000003,Current,DEBT_CONSOLIDATION
LN-501172,CUST-103952,2025-04-05,1,16,False,False,32308.017499999994,1-29,DEBT_CONSOLIDATION
LN-501173,CUST-101580,2025-04-05,2,53,False,False,13393.05749999999,30-59,DEBT_CONSOLIDATION
LN-501174,CUST-100554,2025-04-05,0,0,False,False,19488.170000000006,Current,DEBT_CONSOLIDATION
LN-501177,CUST-105671,2025-04-05,0,0,False,False,8493.180000000008,Current,DEBT_CONSOLIDATION
LN-501178,CUST-107771,2025-04-05,0,0,False,False,33570.38999999999,Current,DEBT_CONSOLIDATION
LN-501179,CUST-103894,2025-04-05,0,0,False,False,23431.920000000002,Current,DEBT_CONSOLIDATION
LN-501180,CUST-100852,2025-04-05,0,0,False,False,8525.789999999999,Current,DEBT_CONSOLIDATION
LN-501181,CUST-101419,2025-04-05,0,0,False,False,118306.21000000002,Current,DEBT_CONSOLIDATION
LN-501183,CUST-104564,2025-04-05,0,0,False,False,2306.7899999999995,Current,DEBT_CONSOLIDATION
LN-501184,CUST-104702,2025-04-05,0,0,False,False,34262.65999999998,Current,DEBT_CONSOLIDATION
LN-501185,CUST-103789,2025-04-05,0,0,False,False,17795.03749999998,Current,DEBT_CONSOLIDATION
LN-501186,CUST-106397,2025-04-05,0,0,False,False,45888.05,Current,DEBT_CONSOLIDATION
LN-501187,CUST-105823,2025-04-05,0,0,False,False,75873.45000000007,Current,DEBT_CONSOLIDATION
LN-501188,CUST-106858,2025-04-05,0,0,False,False,10921.44,Current,DEBT_CONSOLIDATION
LN-501190,CUST-105753,2025-04-05,0,0,False,False,8564.96,Current,DEBT_CONSOLIDATION
LN-501191,CUST-102986,2025-04-05,0,0,False,False,12508.1275,Current,DEBT_CONSOLIDATION
LN-501193,CUST-102037,2025-04-05,0,0,False,False,25584.989999999994,Current,DEBT_CONSOLIDATION
LN-501194,CUST-104610,2025-04-05,0,0,False,False,1638.3925000000004,Current,DEBT_CONSOLIDATION
LN-501195,CUST-104846,2025-04-05,0,0,False,False,14713.28,Current,DEBT_CONSOLIDATION
LN-501196,CUST-106984,2025-04-05,0,0,False,False,4163.775000000002,Current,DEBT_CONSOLIDATION
LN-501198,CUST-107003,2025-04-05,2,33,False,False,19090.464999999997,30-59,DEBT_CONSOLIDATION
LN-501199,CUST-102802,2025-04-05,0,0,False,False,47643.34,Current,DEBT_CONSOLIDATION
LN-501200,CUST-100521,2025-04-05,0,0,False,False,1144.9749999999992,Current,DEBT_CONSOLIDATION
LN-501201,CUST-101915,2025-04-05,0,0,False,False,13170.314999999999,Current,DEBT_CONSOLIDATION
LN-501202,CUST-100586,2025-04-05,0,0,False,False,17694.02999999999,Current,DEBT_CONSOLIDATION
LN-501203,CUST-101876,2025-04-05,0,0,False,False,44188.71499999999,Current,DEBT_CONSOLIDATION
LN-501204,CUST-103977,2025-04-05,0,0,False,False,39441.66999999999,Current,DEBT_CONSOLIDATION
LN-501205,CUST-100921,2025-04-05,0,0,True,False,5279.505,Current,DEBT_CONSOLIDATION
LN-501206,CUST-107242,2025-04-05,0,0,False,False,83284.13,Current,DEBT_CONSOLIDATION
LN-501208,CUST-107061,2025-04-05,0,0,False,False,28278.395,Current,DEBT_CONSOLIDATION
LN-501210,CUST-101771,2025-04-05,1,5,False,False,10591.100000000002,1-29,DEBT_CONSOLIDATION
LN-501211,CUST-106349,2025-04-05,0,0,False,False,32491.997499999998,Current,DEBT_CONSOLIDATION
LN-501212,CUST-107853,2025-04-05,0,0,False,False,102969.87249999998,Current,DEBT_CONSOLIDATION
LN-501213,CUST-103551,2025-04-05,0,0,False,False,24357.347500000014,Current,DEBT_CONSOLIDATION
LN-501214,CUST-101039,2025-04-05,0,0,False,False,43118.51999999997,Current,DEBT_CONSOLIDATION
LN-501216,CUST-101066,2025-04-05,0,0,False,False,14599.19,Current,DEBT_CONSOLIDATION
LN-501217,CUST-103008,2025-04-05,0,0,False,False,18890.440000000002,Current,DEBT_CONSOLIDATION
LN-501218,CUST-106274,2025-04-05,0,0,False,False,3606.2375,Current,DEBT_CONSOLIDATION
LN-501219,CUST-103102,2025-04-05,0,0,False,False,6988.6900000000005,Current,DEBT_CONSOLIDATION
LN-501220,CUST-102774,2025-04-05,0,0,False,False,11554.304999999997,Current,DEBT_CONSOLIDATION
LN-501221,CUST-104810,2025-04-05,0,0,False,False,12643.782500000005,Current,DEBT_CONSOLIDATION
LN-501222,CUST-100310,2025-04-05,0,0,False,False,10462.17,Current,DEBT_CONSOLIDATION
LN-501223,CUST-105761,2025-04-05,0,0,False,False,24437.699999999986,Current,DEBT_CONSOLIDATION
LN-501224,CUST-107912,2025-04-05,0,0,False,False,15192.787499999995,Current,DEBT_CONSOLIDATION
LN-501225,CUST-104782,2025-04-05,0,0,False,False,14093.472499999996,Current,DEBT_CONSOLIDATION
LN-501226,CUST-105711,2025-04-05,0,0,False,False,7818.450000000006,Current,DEBT_CONSOLIDATION
LN-501227,CUST-102452,2025-04-05,0,0,False,False,24817.959999999995,Current,DEBT_CONSOLIDATION
LN-501228,CUST-105988,2025-04-05,0,0,False,False,47096.72749999999,Current,DEBT_CONSOLIDATION
LN-501229,CUST-101073,2025-04-05,0,0,False,False,25782.91249999999,Current,DEBT_CONSOLIDATION
LN-501230,CUST-107368,2025-04-05,0,0,False,False,2533.785,Current,DEBT_CONSOLIDATION
LN-501231,CUST-101373,2025-04-05,0,0,False,False,8606.665000000003,Current,DEBT_CONSOLIDATION
LN-501232,CUST-100958,2025-04-05,0,0,False,False,21202.239999999987,Current,DEBT_CONSOLIDATION
LN-501233,CUST-101335,2025-04-05,0,0,False,False,29723.44749999999,Current,DEBT_CONSOLIDATION
LN-501234,CUST-103635,2025-04-05,0,0,False,False,24290.23500000001,Current,DEBT_CONSOLIDATION
LN-501235,CUST-107164,2025-04-05,0,0,False,False,6712.83,Current,DEBT_CONSOLIDATION
LN-501236,CUST-100953,2025-04-05,0,0,False,False,18409.790000000015,Current,DEBT_CONSOLIDATION
LN-501237,CUST-106115,2025-04-05,0,0,False,False,20885.042499999992,Current,DEBT_CONSOLIDATION
LN-501238,CUST-103464,2025-04-05,0,0,False,False,27076.67750000002,Current,DEBT_CONSOLIDATION
LN-501239,CUST-106520,2025-04-05,0,0,False,False,42638.06,Current,DEBT_CONSOLIDATION
LN-501241,CUST-102761,2025-04-05,0,0,False,False,39408.07000000001,Current,DEBT_CONSOLIDATION
LN-501242,CUST-107653,2025-04-05,0,0,False,False,8840.160000000002,Current,DEBT_CONSOLIDATION
LN-501243,CUST-107516,2025-04-05,0,0,False,False,49298.02999999998,Current,DEBT_CONSOLIDATION
LN-501244,CUST-107736,2025-04-05,0,0,False,False,2838.23,Current,DEBT_CONSOLIDATION
LN-501245,CUST-103563,2025-04-05,0,0,False,False,724.2799999999999,Current,DEBT_CONSOLIDATION
LN-501246,CUST-105081,2025-04-05,0,0,False,False,23601.55,Current,DEBT_CONSOLIDATION
LN-501247,CUST-103513,2025-04-05,0,0,False,False,23980.0375,Current,DEBT_CONSOLIDATION
LN-501248,CUST-100679,2025-04-05,0,0,False,False,14815.19,Current,DEBT_CONSOLIDATION
LN-501249,CUST-105488,2025-04-05,0,0,False,False,14282.77,Current,DEBT_CONSOLIDATION
LN-501250,CUST-102233,2025-04-05,0,0,False,False,29716.29500000003,Current,DEBT_CONSOLIDATION
LN-501251,CUST-105444,2025-04-05,0,0,False,False,17801.789999999997,Current,DEBT_CONSOLIDATION
LN-501252,CUST-102678,2025-04-05,0,0,False,False,34696.52000000002,Current,DEBT_CONSOLIDATION
LN-501253,CUST-102729,2025-04-05,0,0,False,False,15702.484999999993,Current,DEBT_CONSOLIDATION
LN-501254,CUST-102388,2025-04-05,0,0,False,False,19207.51,Current,DEBT_CONSOLIDATION
LN-501255,CUST-105521,2025-04-05,0,0,False,False,7273.772499999994,Current,DEBT_CONSOLIDATION
LN-501256,CUST-104638,2025-04-05,0,0,False,False,13988.544999999998,Current,DEBT_CONSOLIDATION
LN-501257,CUST-100993,2025-04-05,0,0,False,False,757.1800000000005,Current,DEBT_CONSOLIDATION
LN-501258,CUST-101239,2025-04-05,0,0,False,False,36733.659999999974,Current,DEBT_CONSOLIDATION
LN-501260,CUST-107506,2025-04-05,0,0,False,False,32478.9225,Current,DEBT_CONSOLIDATION
LN-501261,CUST-104175,2025-04-05,2,44,False,False,52764.17,30-59,DEBT_CONSOLIDATION
LN-501263,CUST-105785,2025-04-05,0,0,False,False,62526.765,Current,DEBT_CONSOLIDATION
LN-501264,CUST-103079,2025-04-05,0,0,False,False,1249.4400000000003,Current,DEBT_CONSOLIDATION
LN-501265,CUST-105841,2025-04-05,0,0,False,False,13966.43,Current,DEBT_CONSOLIDATION
LN-501266,CUST-102688,2025-04-05,0,0,False,False,47927.99000000002,Current,DEBT_CONSOLIDATION
LN-501267,CUST-104187,2025-04-05,3,78,False,False,11524.614999999994,60-89,DEBT_CONSOLIDATION
LN-501268,CUST-103983,2025-04-05,0,0,False,False,10995.9225,Current,DEBT_CONSOLIDATION
LN-501270,CUST-102864,2025-04-05,0,0,False,False,32467.31,Current,DEBT_CONSOLIDATION
LN-501271,CUST-103787,2025-04-05,0,0,False,False,11746.63,Current,DEBT_CONSOLIDATION
LN-501272,CUST-107165,2025-04-05,0,0,False,False,3016.960000000001,Current,DEBT_CONSOLIDATION
LN-501273,CUST-105307,2025-04-05,0,0,False,False,23880.094999999998,Current,DEBT_CONSOLIDATION
LN-501274,CUST-101557,2025-04-05,2,43,False,False,44238.94000000001,30-59,DEBT_CONSOLIDATION
LN-501275,CUST-106380,2025-04-05,0,0,False,False,14770.24,Current,DEBT_CONSOLIDATION
LN-501277,CUST-101186,2025-04-05,0,0,False,False,9051.435,Current,DEBT_CONSOLIDATION
LN-501278,CUST-102580,2025-04-05,0,0,False,False,17551.18999999999,Current,DEBT_CONSOLIDATION
LN-501280,CUST-105299,2025-04-05,0,0,False,False,30581.44000000001,Current,DEBT_CONSOLIDATION
LN-501281,CUST-102914,2025-04-05,0,0,False,False,112979.96,Current,DEBT_CONSOLIDATION
LN-501282,CUST-100940,2025-04-05,0,0,False,False,15561.0725,Current,DEBT_CONSOLIDATION
LN-501283,CUST-106977,2025-04-05,0,0,False,False,8493.919999999996,Current,DEBT_CONSOLIDATION
LN-501284,CUST-106893,2025-04-05,0,0,False,False,15864.94000000001,Current,DEBT_CONSOLIDATION
LN-501285,CUST-104265,2025-04-05,0,0,False,False,10240.685000000003,Current,DEBT_CONSOLIDATION
LN-501287,CUST-105357,2025-04-05,0,0,False,False,42097.45,Current,DEBT_CONSOLIDATION
LN-501289,CUST-104030,2025-04-05,0,0,False,False,50858.505000000005,Current,DEBT_CONSOLIDATION
LN-501291,CUST-107933,2025-04-05,0,0,False,False,7633.4200000000055,Current,DEBT_CONSOLIDATION
LN-501292,CUST-106639,2025-04-05,0,0,False,False,2741.21,Current,DEBT_CONSOLIDATION
LN-501293,CUST-101056,2025-04-05,0,0,False,False,17050.675000000003,Current,DEBT_CONSOLIDATION
LN-501294,CUST-103425,2025-04-05,0,0,False,False,43895.717500000006,Current,DEBT_CONSOLIDATION
LN-501296,CUST-102985,2025-04-05,0,0,False,False,135809.54500000007,Current,DEBT_CONSOLIDATION
LN-501297,CUST-101052,2025-04-05,0,0,False,False,44349.47999999998,Current,DEBT_CONSOLIDATION
LN-501298,CUST-104196,2025-04-05,0,0,False,False,43984.44499999999,Current,DEBT_CONSOLIDATION
LN-501299,CUST-104355,2025-04-05,0,0,False,False,33532.92000000002,Current,DEBT_CONSOLIDATION
LN-501301,CUST-100565,2025-04-05,0,0,False,False,11866.077499999998,Current,DEBT_CONSOLIDATION
LN-501302,CUST-103609,2025-04-05,0,0,False,False,6425.924999999997,Current,DEBT_CONSOLIDATION
LN-501303,CUST-102766,2025-04-05,0,0,False,False,53658.69,Current,DEBT_CONSOLIDATION
LN-501304,CUST-103636,2025-04-05,0,0,False,False,2114.067500000001,Current,DEBT_CONSOLIDATION
LN-501305,CUST-104336,2025-04-05,0,0,False,False,143236.01500000004,Current,DEBT_CONSOLIDATION
LN-501306,CUST-102250,2025-04-05,0,0,False,False,10036.615,Current,DEBT_CONSOLIDATION
LN-501308,CUST-106632,2025-04-05,4,122,False,False,31728.035,90+,DEBT_CONSOLIDATION
LN-501309,CUST-103713,2025-04-05,0,0,False,False,47569.242500000015,Current,DEBT_CONSOLIDATION
LN-501310,CUST-104074,2025-04-05,0,0,False,False,32651.4775,Current,DEBT_CONSOLIDATION
LN-501311,CUST-101778,2025-04-05,0,0,False,False,11664.895000000006,Current,DEBT_CONSOLIDATION
LN-501312,CUST-100720,2025-04-05,0,0,False,False,12256.687499999998,Current,DEBT_CONSOLIDATION
LN-501313,CUST-106122,2025-04-05,0,0,False,False,40381.27999999999,Current,DEBT_CONSOLIDATION
LN-501314,CUST-102613,2025-04-05,0,0,False,False,27284.719999999994,Current,DEBT_CONSOLIDATION
LN-501315,CUST-105709,2025-04-05,0,0,False,False,137153.3400000001,Current,DEBT_CONSOLIDATION
LN-501316,CUST-100794,2025-04-05,1,12,False,False,14107.03,1-29,DEBT_CONSOLIDATION
LN-501317,CUST-102203,2025-04-05,0,0,False,False,8630.704999999998,Current,DEBT_CONSOLIDATION
LN-501318,CUST-101438,2025-04-05,0,0,False,False,36457.63,Current,DEBT_CONSOLIDATION
LN-501319,CUST-100019,2025-04-05,0,0,False,False,16538.184999999987,Current,DEBT_CONSOLIDATION
LN-501320,CUST-106620,2025-04-05,0,0,False,False,328002.96000000014,Current,DEBT_CONSOLIDATION
LN-501321,CUST-100443,2025-04-05,0,0,False,False,2290.5400000000022,Current,DEBT_CONSOLIDATION
LN-501322,CUST-104503,2025-04-05,0,0,False,False,1357.7274999999997,Current,DEBT_CONSOLIDATION
LN-501323,CUST-106039,2025-04-05,0,0,False,False,6409.660000000002,Current,DEBT_CONSOLIDATION
LN-501324,CUST-104043,2025-04-05,0,0,False,False,49264.179999999986,Current,DEBT_CONSOLIDATION
LN-501325,CUST-103146,2025-04-05,0,0,False,False,18284.33,Current,DEBT_CONSOLIDATION
LN-501326,CUST-104115,2025-04-05,0,0,False,False,14052.550000000001,Current,DEBT_CONSOLIDATION
LN-501327,CUST-101708,2025-04-05,3,88,False,False,19270.537499999995,60-89,DEBT_CONSOLIDATION
LN-501328,CUST-104341,2025-04-05,0,0,False,False,4053.4275,Current,DEBT_CONSOLIDATION
LN-501329,CUST-101963,2025-04-05,0,0,False,False,32472.9975,Current,DEBT_CONSOLIDATION
LN-501330,CUST-104266,2025-04-05,0,0,False,False,45499.78999999997,Current,DEBT_CONSOLIDATION
LN-501331,CUST-105388,2025-04-05,0,0,False,False,39144.7725,Current,DEBT_CONSOLIDATION
LN-501332,CUST-100043,2025-04-05,0,0,False,False,107946.65500000004,Current,DEBT_CONSOLIDATION
LN-501333,CUST-104009,2025-04-05,0,0,False,False,8515.934999999996,Current,DEBT_CONSOLIDATION
LN-501334,CUST-100524,2025-04-05,0,0,False,False,21566.1175,Current,DEBT_CONSOLIDATION
LN-501335,CUST-105121,2025-04-05,0,0,False,False,426510.955,Current,DEBT_CONSOLIDATION
LN-501336,CUST-107866,2025-04-05,0,0,False,False,10915.475000000004,Current,DEBT_CONSOLIDATION
LN-501337,CUST-104970,2025-04-05,0,0,False,False,11651.535000000007,Current,DEBT_CONSOLIDATION
LN-501338,CUST-102700,2025-04-05,1,30,False,False,10667.9725,1-29,DEBT_CONSOLIDATION
LN-501339,CUST-104859,2025-04-05,0,0,False,False,97853.53500000002,Current,DEBT_CONSOLIDATION
LN-501340,CUST-107878,2025-04-05,0,0,False,False,9290.48,Current,DEBT_CONSOLIDATION
LN-501341,CUST-104130,2025-04-05,0,0,False,False,14859.932499999997,Current,DEBT_CONSOLIDATION
LN-501342,CUST-104093,2025-04-05,0,0,False,False,17971.612500000007,Current,DEBT_CONSOLIDATION
LN-501343,CUST-105815,2025-04-05,0,0,False,False,30973.334999999995,Current,DEBT_CONSOLIDATION
LN-501344,CUST-101527,2025-04-05,0,0,False,False,18704.685000000005,Current,DEBT_CONSOLIDATION
LN-501345,CUST-107182,2025-04-05,0,0,False,False,14430.175000000008,Current,DEBT_CONSOLIDATION
LN-501347,CUST-101067,2025-04-05,0,0,False,False,38262.64999999997,Current,DEBT_CONSOLIDATION
LN-501348,CUST-105095,2025-04-05,0,0,False,False,24022.8325,Current,DEBT_CONSOLIDATION
LN-501350,CUST-107762,2025-04-05,0,0,False,False,31129.890000000003,Current,DEBT_CONSOLIDATION
LN-501351,CUST-103227,2025-04-05,0,0,False,False,6505.087500000001,Current,DEBT_CONSOLIDATION
LN-501353,CUST-105685,2025-04-05,1,1,False,False,11914.91,1-29,DEBT_CONSOLIDATION
LN-501354,CUST-102918,2025-04-05,0,0,False,False,6592.220000000003,Current,DEBT_CONSOLIDATION
LN-501355,CUST-106692,2025-04-05,0,0,False,False,9412.619999999999,Current,DEBT_CONSOLIDATION
LN-501356,CUST-101265,2025-04-05,2,47,False,False,11915.574999999997,30-59,DEBT_CONSOLIDATION
LN-501357,CUST-103545,2025-04-05,0,0,False,False,11827.000000000004,Current,DEBT_CONSOLIDATION
LN-501358,CUST-101045,2025-04-05,0,0,False,False,48140.30500000001,Current,DEBT_CONSOLIDATION
LN-501360,CUST-104822,2025-04-05,0,0,False,False,43179.865,Current,DEBT_CONSOLIDATION
LN-501361,CUST-105903,2025-04-05,0,0,False,False,16117.454999999998,Current,DEBT_CONSOLIDATION
LN-501362,CUST-107765,2025-04-05,0,0,False,False,7407.859999999997,Current,DEBT_CONSOLIDATION
LN-501363,CUST-100833,2025-04-05,0,0,False,False,10761.87,Current,DEBT_CONSOLIDATION
LN-501364,CUST-104058,2025-04-05,0,0,False,False,6379.33,Current,DEBT_CONSOLIDATION
LN-501365,CUST-105124,2025-04-05,1,11,False,False,619511.05,1-29,DEBT_CONSOLIDATION
LN-501366,CUST-102804,2025-04-05,0,0,False,False,33460.17000000001,Current,DEBT_CONSOLIDATION
LN-501367,CUST-104551,2025-04-05,0,0,False,False,15693.13,Current,DEBT_CONSOLIDATION
LN-501368,CUST-104313,2025-04-05,0,0,False,False,86946.35000000003,Current,DEBT_CONSOLIDATION
LN-501369,CUST-106415,2025-04-05,0,0,False,False,13891.87500000001,Current,DEBT_CONSOLIDATION
LN-501370,CUST-105661,2025-04-05,0,0,False,False,11216.0075,Current,DEBT_CONSOLIDATION
LN-501371,CUST-101485,2025-04-05,0,0,False,False,16705.32249999999,Current,DEBT_CONSOLIDATION
LN-501372,CUST-103369,2025-04-05,0,0,False,False,20865.084999999995,Current,DEBT_CONSOLIDATION
LN-501373,CUST-105870,2025-04-05,0,0,False,False,49842.34000000001,Current,DEBT_CONSOLIDATION
LN-501374,CUST-100701,2025-04-05,0,0,False,False,16989.78999999999,Current,DEBT_CONSOLIDATION
LN-501375,CUST-102811,2025-04-05,0,0,False,False,38987.080000000016,Current,DEBT_CONSOLIDATION
LN-501376,CUST-103059,2025-04-05,0,0,False,False,15754.812500000016,Current,DEBT_CONSOLIDATION
LN-501377,CUST-106329,2025-04-05,0,0,False,False,36575.23500000003,Current,DEBT_CONSOLIDATION
LN-501378,CUST-106823,2025-04-05,0,0,False,False,367513.6700000002,Current,DEBT_CONSOLIDATION
LN-501379,CUST-102679,2025-04-05,0,0,False,False,27500.99,Current,DEBT_CONSOLIDATION
LN-501380,CUST-106650,2025-04-05,0,0,False,False,62193.770000000004,Current,DEBT_CONSOLIDATION
LN-501382,CUST-103424,2025-04-05,0,0,False,False,16729.0525,Current,DEBT_CONSOLIDATION
LN-501383,CUST-106747,2025-04-05,4,94,False,False,10409.335,90+,DEBT_CONSOLIDATION
LN-501384,CUST-106937,2025-04-05,1,16,False,False,12159.330000000005,1-29,DEBT_CONSOLIDATION
LN-501385,CUST-103674,2025-04-05,0,0,False,False,22975.369999999995,Current,DEBT_CONSOLIDATION
LN-501386,CUST-103690,2025-04-05,2,46,False,False,9482.657500000001,30-59,DEBT_CONSOLIDATION
LN-501387,CUST-103865,2025-04-05,0,0,False,False,1896.3224999999998,Current,DEBT_CONSOLIDATION
LN-501388,CUST-105648,2025-04-05,0,0,False,False,18498.965000000007,Current,DEBT_CONSOLIDATION
LN-501389,CUST-104262,2025-04-05,0,0,False,False,23674.1625,Current,DEBT_CONSOLIDATION
LN-501390,CUST-107529,2025-04-05,0,0,False,False,6065.150000000001,Current,DEBT_CONSOLIDATION
LN-501391,CUST-101647,2025-04-05,0,0,False,False,25272.510000000002,Current,DEBT_CONSOLIDATION
LN-501392,CUST-103655,2025-04-05,0,0,False,False,44461.454999999994,Current,DEBT_CONSOLIDATION
LN-501393,CUST-105393,2025-04-05,0,0,False,False,96581.05000000006,Current,DEBT_CONSOLIDATION
LN-501395,CUST-105329,2025-04-05,0,0,False,False,10825.600000000004,Current,DEBT_CONSOLIDATION
LN-501397,CUST-100176,2025-04-05,2,33,False,False,32994.462499999994,30-59,DEBT_CONSOLIDATION
LN-501398,CUST-101662,2025-04-05,0,0,False,False,123956.215,Current,DEBT_CONSOLIDATION
LN-501399,CUST-105361,2025-04-05,0,0,False,False,25058.25250000001,Current,DEBT_CONSOLIDATION
LN-501400,CUST-102831,2025-04-05,0,0,False,False,16034.9025,Current,DEBT_CONSOLIDATION
LN-501401,CUST-104798,2025-04-05,0,0,False,False,21354.969999999983,Current,DEBT_CONSOLIDATION
LN-501402,CUST-107028,2025-04-05,0,0,False,False,30338.007499999992,Current,DEBT_CONSOLIDATION
LN-501403,CUST-102719,2025-04-05,0,0,False,False,16997.89500000001,Current,DEBT_CONSOLIDATION
LN-501404,CUST-107241,2025-04-05,0,0,False,False,38008.30999999999,Current,DEBT_CONSOLIDATION
LN-501405,CUST-107843,2025-04-05,0,0,False,False,29284.70999999999,Current,DEBT_CONSOLIDATION
LN-501406,CUST-103383,2025-04-05,0,0,False,False,38968.127499999995,Current,DEBT_CONSOLIDATION
LN-501407,CUST-106197,2025-04-05,0,0,False,False,47521.4025,Current,DEBT_CONSOLIDATION
LN-501408,CUST-100783,2025-04-05,0,0,False,False,17022.335000000006,Current,DEBT_CONSOLIDATION
LN-501409,CUST-105737,2025-04-05,0,0,False,False,40448.69,Current,DEBT_CONSOLIDATION
LN-501410,CUST-105716,2025-04-05,0,0,False,False,29896.487500000017,Current,DEBT_CONSOLIDATION
LN-501411,CUST-105027,2025-04-05,0,0,False,False,4242.932500000001,Current,DEBT_CONSOLIDATION
LN-501412,CUST-104428,2025-04-05,0,0,False,False,7693.660000000002,Current,DEBT_CONSOLIDATION
LN-501414,CUST-104777,2025-04-05,0,0,False,False,23985.352500000008,Current,DEBT_CONSOLIDATION
LN-501415,CUST-102351,2025-04-05,0,0,False,False,15307.34,Current,DEBT_CONSOLIDATION
LN-501418,CUST-101907,2025-04-05,0,0,False,False,13728.619999999992,Current,DEBT_CONSOLIDATION
LN-501419,CUST-100931,2025-04-05,0,0,True,False,23780.322499999995,Current,DEBT_CONSOLIDATION
LN-501420,CUST-105350,2025-04-05,0,0,False,False,118023.99000000003,Current,DEBT_CONSOLIDATION
LN-501422,CUST-105040,2025-04-05,0,0,False,False,12599.527499999995,Current,DEBT_CONSOLIDATION
LN-501423,CUST-101281,2025-04-05,1,17,False,False,48079.389999999985,1-29,DEBT_CONSOLIDATION
LN-501424,CUST-106587,2025-04-05,0,0,False,False,14591.84,Current,DEBT_CONSOLIDATION
LN-501427,CUST-106823,2025-04-05,0,0,False,False,10732.5,Current,DEBT_CONSOLIDATION
LN-501428,CUST-101091,2025-04-05,0,0,False,False,1619.0499999999997,Current,DEBT_CONSOLIDATION
LN-501429,CUST-104593,2025-04-05,0,0,False,False,43283.76,Current,DEBT_CONSOLIDATION
LN-501430,CUST-100206,2025-04-05,0,0,False,False,18642.105000000003,Current,DEBT_CONSOLIDATION
LN-501431,CUST-106499,2025-04-05,0,0,False,False,43557.94749999999,Current,DEBT_CONSOLIDATION
LN-501432,CUST-105492,2025-04-05,0,0,False,False,251182.40999999997,Current,DEBT_CONSOLIDATION
LN-501434,CUST-105775,2025-04-05,0,0,False,False,215417.845,Current,DEBT_CONSOLIDATION
LN-501435,CUST-102785,2025-04-05,0,0,False,False,44031.68,Current,DEBT_CONSOLIDATION
LN-501436,CUST-106688,2025-04-05,0,0,False,False,58281.085,Current,DEBT_CONSOLIDATION
LN-501437,CUST-107295,2025-04-05,0,0,False,False,18987.539999999994,Current,DEBT_CONSOLIDATION
LN-501438,CUST-104715,2025-04-05,0,0,False,False,9254.675000000005,Current,DEBT_CONSOLIDATION
LN-501439,CUST-103108,2025-04-05,0,0,False,False,16164.64000000001,Current,DEBT_CONSOLIDATION
LN-501440,CUST-100849,2025-04-05,0,0,False,False,48504.520000000004,Current,DEBT_CONSOLIDATION
LN-501441,CUST-105390,2025-04-05,0,0,False,False,32960.930000000015,Current,DEBT_CONSOLIDATION
LN-501442,CUST-105412,2025-04-05,0,0,False,False,608053.5000000003,Current,DEBT_CONSOLIDATION
LN-501443,CUST-100685,2025-04-05,0,0,False,False,20215.260000000013,Current,DEBT_CONSOLIDATION
LN-501444,CUST-104444,2025-04-05,0,0,False,False,26619.6475,Current,DEBT_CONSOLIDATION
LN-501445,CUST-103546,2025-04-05,0,0,False,False,5172.5599999999995,Current,DEBT_CONSOLIDATION
LN-501446,CUST-105798,2025-04-05,0,0,False,False,92480.29999999996,Current,DEBT_CONSOLIDATION
LN-501447,CUST-102497,2025-04-05,1,23,False,False,132854.34999999998,1-29,DEBT_CONSOLIDATION
LN-501448,CUST-103089,2025-04-05,1,15,False,False,9765.769999999995,1-29,DEBT_CONSOLIDATION
LN-501449,CUST-107844,2025-04-05,0,0,True,False,6365.000000000004,Current,DEBT_CONSOLIDATION
LN-501453,CUST-100790,2025-04-05,0,0,False,False,8919.572500000004,Current,DEBT_CONSOLIDATION
LN-501454,CUST-106225,2025-04-05,0,0,False,False,8958.337499999996,Current,DEBT_CONSOLIDATION
LN-501455,CUST-102213,2025-04-05,0,0,False,False,42049.97999999999,Current,DEBT_CONSOLIDATION
LN-501456,CUST-100336,2025-04-05,0,0,False,False,36920.59000000002,Current,DEBT_CONSOLIDATION
LN-501457,CUST-102873,2025-04-05,0,0,False,False,18612.03,Current,DEBT_CONSOLIDATION
LN-501458,CUST-107608,2025-04-05,0,0,False,False,59908.03,Current,DEBT_CONSOLIDATION
LN-501459,CUST-101249,2025-04-05,0,0,False,False,128213.53249999997,Current,DEBT_CONSOLIDATION
LN-501462,CUST-106515,2025-04-05,0,0,False,False,50797.759999999995,Current,DEBT_CONSOLIDATION
LN-501463,CUST-101581,2025-04-05,0,0,False,False,39743.23249999999,Current,DEBT_CONSOLIDATION
LN-501464,CUST-106838,2025-04-05,0,0,False,False,18382.990000000005,Current,DEBT_CONSOLIDATION
LN-501465,CUST-101196,2025-04-05,0,0,False,False,28412.12,Current,DEBT_CONSOLIDATION
LN-501466,CUST-103508,2025-04-05,0,0,False,False,23748.730000000018,Current,DEBT_CONSOLIDATION
LN-501469,CUST-107784,2025-04-05,0,0,False,False,152080.55750000002,Current,DEBT_CONSOLIDATION
LN-501470,CUST-103138,2025-04-05,0,0,False,False,18146.44,Current,DEBT_CONSOLIDATION
LN-501471,CUST-104486,2025-04-05,0,0,False,False,38415.13,Current,DEBT_CONSOLIDATION
LN-501472,CUST-102337,2025-04-05,0,0,False,False,12409.589999999998,Current,DEBT_CONSOLIDATION
LN-501473,CUST-103347,2025-04-05,0,0,False,False,23448.565,Current,DEBT_CONSOLIDATION
LN-501474,CUST-105083,2025-04-05,0,0,False,False,14009.3825,Current,DEBT_CONSOLIDATION
LN-501475,CUST-100968,2025-04-05,0,0,False,False,17428.425000000003,Current,DEBT_CONSOLIDATION
LN-501476,CUST-104467,2025-04-05,0,0,False,False,38734.350000000006,Current,DEBT_CONSOLIDATION
LN-501477,CUST-106403,2025-04-05,0,0,False,False,42421.68249999999,Current,DEBT_CONSOLIDATION
LN-501480,CUST-104572,2025-04-05,0,0,False,False,27177.864999999998,Current,DEBT_CONSOLIDATION
LN-501481,CUST-101628,2025-04-05,0,0,True,False,15004.994999999995,Current,DEBT_CONSOLIDATION
LN-501482,CUST-102538,2025-04-05,0,0,False,False,6930.014999999998,Current,DEBT_CONSOLIDATION
LN-501483,CUST-100623,2025-04-05,0,0,False,False,231377.39250000002,Current,DEBT_CONSOLIDATION
LN-501484,CUST-107244,2025-04-05,1,16,False,False,78375.25249999997,1-29,DEBT_CONSOLIDATION
LN-501485,CUST-102638,2025-04-05,0,0,False,False,8874.959999999997,Current,DEBT_CONSOLIDATION
LN-501486,CUST-107447,2025-04-05,0,0,False,False,39648.18500000001,Current,DEBT_CONSOLIDATION
LN-501489,CUST-107681,2025-04-05,0,0,False,False,21882.635000000017,Current,DEBT_CONSOLIDATION
LN-501490,CUST-101809,2025-04-05,2,33,False,False,34572.82499999999,30-59,DEBT_CONSOLIDATION
LN-501491,CUST-103777,2025-04-05,4,234,False,False,5280.2875,90+,DEBT_CONSOLIDATION
LN-501492,CUST-105061,2025-04-05,0,0,False,False,57279.39,Current,DEBT_CONSOLIDATION
LN-501493,CUST-105158,2025-04-05,0,0,False,False,18839.575000000004,Current,DEBT_CONSOLIDATION
LN-501494,CUST-101649,2025-04-05,0,0,False,False,26925.230000000003,Current,DEBT_CONSOLIDATION
LN-501495,CUST-103617,2025-04-05,0,0,False,False,11107.839999999995,Current,DEBT_CONSOLIDATION
LN-501496,CUST-106491,2025-04-05,0,0,False,False,3986.9399999999987,Current,DEBT_CONSOLIDATION
LN-501498,CUST-104068,2025-04-05,0,0,False,False,15430.480000000014,Current,DEBT_CONSOLIDATION
LN-501499,CUST-105211,2025-04-05,0,0,False,False,31698.320000000014,Current,DEBT_CONSOLIDATION
LN-501500,CUST-106534,2025-04-05,0,0,False,False,20279.119999999995,Current,DEBT_CONSOLIDATION
LN-501501,CUST-102079,2025-04-05,0,0,False,False,21765.139999999985,Current,DEBT_CONSOLIDATION
LN-501502,CUST-105137,2025-04-05,0,0,False,False,39783.42500000002,Current,DEBT_CONSOLIDATION
LN-501503,CUST-103955,2025-04-05,4,146,False,False,24170.252500000013,90+,DEBT_CONSOLIDATION
LN-501504,CUST-102543,2025-04-05,0,0,False,False,9794.985000000008,Current,DEBT_CONSOLIDATION
LN-501505,CUST-100401,2025-04-05,0,0,False,False,41102.58500000002,Current,DEBT_CONSOLIDATION
LN-501506,CUST-106829,2025-04-05,0,0,False,False,16037.24,Current,DEBT_CONSOLIDATION
LN-501507,CUST-106911,2025-04-05,0,0,False,False,5445.944999999997,Current,DEBT_CONSOLIDATION
LN-501508,CUST-104541,2025-04-05,0,0,False,False,45482.27999999999,Current,DEBT_CONSOLIDATION
LN-501509,CUST-105086,2025-04-05,0,0,False,False,24529.78,Current,DEBT_CONSOLIDATION
LN-501510,CUST-102702,2025-04-05,0,0,False,False,8792.8,Current,DEBT_CONSOLIDATION
LN-501512,CUST-107011,2025-04-05,2,53,False,False,47294.1525,30-59,DEBT_CONSOLIDATION
LN-501513,CUST-102950,2025-04-05,0,0,False,False,18339.882499999992,Current,DEBT_CONSOLIDATION
LN-501514,CUST-105140,2025-04-05,0,0,False,False,12786.987499999997,Current,DEBT_CONSOLIDATION
LN-501515,CUST-105179,2025-04-05,0,0,False,False,62118.969999999994,Current,DEBT_CONSOLIDATION
LN-501516,CUST-104322,2025-04-05,0,0,False,False,10380.429999999998,Current,DEBT_CONSOLIDATION
LN-501518,CUST-102433,2025-04-05,0,0,False,False,3597.8350000000005,Current,DEBT_CONSOLIDATION
LN-501519,CUST-102902,2025-04-05,0,0,False,False,19518.085,Current,DEBT_CONSOLIDATION
LN-501520,CUST-102218,2025-04-05,0,0,False,False,12774.462500000001,Current,DEBT_CONSOLIDATION
LN-501521,CUST-106797,2025-04-05,0,0,False,False,16297.335000000001,Current,DEBT_CONSOLIDATION
LN-501522,CUST-106281,2025-04-05,0,0,False,False,697.7399999999996,Current,DEBT_CONSOLIDATION
LN-501524,CUST-105517,2025-04-05,0,0,False,False,8449.72499999999,Current,DEBT_CONSOLIDATION
LN-501525,CUST-102878,2025-04-05,0,0,False,False,78456.85750000009,Current,DEBT_CONSOLIDATION
LN-501526,CUST-105214,2025-04-05,0,0,False,False,20316.6,Current,DEBT_CONSOLIDATION
LN-501527,CUST-103984,2025-04-05,0,0,False,False,10662.01,Current,DEBT_CONSOLIDATION
LN-501528,CUST-103294,2025-04-05,0,0,False,False,34491.829999999994,Current,DEBT_CONSOLIDATION
LN-501529,CUST-100766,2025-04-05,0,0,False,False,10292.695,Current,DEBT_CONSOLIDATION
LN-501530,CUST-101876,2025-04-05,0,0,False,False,22496.380000000012,Current,DEBT_CONSOLIDATION
LN-501531,CUST-101292,2025-04-05,0,0,False,False,21189.03,Current,DEBT_CONSOLIDATION
LN-501532,CUST-107022,2025-04-05,0,0,False,False,19114.41,Current,DEBT_CONSOLIDATION
LN-501533,CUST-103483,2025-04-05,0,0,False,False,22698.234999999993,Current,DEBT_CONSOLIDATION
LN-501534,CUST-103064,2025-04-05,0,0,False,False,21548.042500000003,Current,DEBT_CONSOLIDATION
LN-501535,CUST-104096,2025-04-05,0,0,False,False,30168.89,Current,DEBT_CONSOLIDATION
LN-501536,CUST-107915,2025-04-05,0,0,True,False,4808.124999999998,Current,DEBT_CONSOLIDATION
LN-501537,CUST-100694,2025-04-05,1,24,False,False,25340.004999999997,1-29,DEBT_CONSOLIDATION
LN-501538,CUST-103541,2025-04-05,0,0,False,False,8074.330000000003,Current,DEBT_CONSOLIDATION
LN-501540,CUST-101719,2025-04-05,1,15,False,False,116858.46,1-29,DEBT_CONSOLIDATION
LN-501541,CUST-100112,2025-04-05,0,0,False,False,9228.727499999997,Current,DEBT_CONSOLIDATION
LN-501542,CUST-100355,2025-04-05,0,0,False,False,40093.604999999974,Current,DEBT_CONSOLIDATION
LN-501543,CUST-105392,2025-04-05,0,0,False,False,27196.430000000008,Current,DEBT_CONSOLIDATION
LN-501544,CUST-104821,2025-04-05,0,0,False,False,20843.947500000002,Current,DEBT_CONSOLIDATION
LN-501546,CUST-105316,2025-04-05,0,0,False,False,34928.24499999996,Current,DEBT_CONSOLIDATION
LN-501548,CUST-104164,2025-04-05,0,0,False,False,31077.869999999995,Current,DEBT_CONSOLIDATION
LN-501549,CUST-100526,2025-04-05,0,0,False,False,5266.584999999994,Current,DEBT_CONSOLIDATION
LN-501550,CUST-107195,2025-04-05,0,0,False,False,16736.850000000017,Current,DEBT_CONSOLIDATION
LN-501551,CUST-106792,2025-04-05,0,0,False,False,18341.25,Current,DEBT_CONSOLIDATION
LN-501554,CUST-101835,2025-04-05,0,0,False,False,29369.89,Current,DEBT_CONSOLIDATION
LN-501555,CUST-101803,2025-04-05,0,0,False,False,5141.229999999999,Current,DEBT_CONSOLIDATION
LN-501556,CUST-106860,2025-04-05,0,0,False,False,109175.95500000002,Current,DEBT_CONSOLIDATION
LN-501557,CUST-105132,2025-04-05,0,0,False,False,15360.365,Current,DEBT_CONSOLIDATION
LN-501558,CUST-106221,2025-04-05,0,0,False,False,18074.029999999995,Current,DEBT_CONSOLIDATION
LN-501559,CUST-107486,2025-04-05,0,0,False,False,16107.18499999999,Current,DEBT_CONSOLIDATION
LN-501560,CUST-102326,2025-04-05,0,0,False,False,3369.125000000001,Current,DEBT_CONSOLIDATION
LN-501561,CUST-101850,2025-04-05,0,0,False,False,3294.3625,Current,DEBT_CONSOLIDATION
LN-501562,CUST-103954,2025-04-05,1,24,False,False,31018.179999999993,1-29,DEBT_CONSOLIDATION
LN-501564,CUST-100407,2025-04-05,0,0,False,False,31833.452499999963,Current,DEBT_CONSOLIDATION
LN-501565,CUST-100181,2025-04-05,0,0,False,False,24450.222500000007,Current,DEBT_CONSOLIDATION
LN-501566,CUST-105943,2025-04-05,0,0,False,False,36724.34000000001,Current,DEBT_CONSOLIDATION
LN-501567,CUST-105143,2025-04-05,0,0,False,False,51216.74750000001,Current,DEBT_CONSOLIDATION
LN-501568,CUST-101364,2025-04-05,0,0,False,False,115600.33999999992,Current,DEBT_CONSOLIDATION
LN-501569,CUST-105008,2025-04-05,0,0,False,False,14527.11500000001,Current,DEBT_CONSOLIDATION
LN-501570,CUST-107195,2025-04-05,0,0,False,False,32869.445,Current,DEBT_CONSOLIDATION
LN-501572,CUST-102386,2025-04-05,0,0,False,False,1840.6025,Current,DEBT_CONSOLIDATION
LN-501573,CUST-103000,2025-04-05,0,0,False,False,23979.88999999999,Current,DEBT_CONSOLIDATION
LN-501574,CUST-107903,2025-04-05,0,0,False,False,4749.079999999999,Current,DEBT_CONSOLIDATION
LN-501575,CUST-104800,2025-04-05,0,0,False,False,19842.055000000004,Current,DEBT_CONSOLIDATION
LN-501576,CUST-100249,2025-04-05,0,0,False,True,39544.549999999996,Current,DEBT_CONSOLIDATION
LN-501577,CUST-105382,2025-04-05,0,0,False,False,15406.542499999985,Current,DEBT_CONSOLIDATION
LN-501578,CUST-101375,2025-04-05,0,0,False,False,15669.320000000003,Current,DEBT_CONSOLIDATION
LN-501579,CUST-102171,2025-04-05,0,0,False,False,21189.824999999986,Current,DEBT_CONSOLIDATION
LN-501580,CUST-105018,2025-04-05,0,0,False,False,2003.8424999999986,Current,DEBT_CONSOLIDATION
LN-501581,CUST-107162,2025-04-05,0,0,False,False,6901.679999999998,Current,DEBT_CONSOLIDATION
LN-501582,CUST-102813,2025-04-05,0,0,False,False,41919.80499999999,Current,DEBT_CONSOLIDATION
LN-501583,CUST-102593,2025-04-05,0,0,False,False,31215.885,Current,DEBT_CONSOLIDATION
LN-501584,CUST-106333,2025-04-05,0,0,False,False,26901.679999999993,Current,DEBT_CONSOLIDATION
LN-501585,CUST-106897,2025-04-05,0,0,False,False,528949.2200000002,Current,DEBT_CONSOLIDATION
LN-501586,CUST-106073,2025-04-05,0,0,False,False,7206.56,Current,DEBT_CONSOLIDATION
LN-501587,CUST-105418,2025-04-05,0,0,False,False,21396.56,Current,DEBT_CONSOLIDATION
LN-501588,CUST-107730,2025-04-05,0,0,False,False,32776.49999999999,Current,DEBT_CONSOLIDATION
LN-501589,CUST-102650,2025-04-05,0,0,False,False,6135.49,Current,DEBT_CONSOLIDATION
LN-501590,CUST-101716,2025-04-05,3,76,False,False,2368.2249999999995,60-89,DEBT_CONSOLIDATION
LN-501591,CUST-104267,2025-04-05,0,0,True,False,2969.4850000000006,Current,DEBT_CONSOLIDATION
LN-501592,CUST-101548,2025-04-05,0,0,False,False,90878.66000000003,Current,DEBT_CONSOLIDATION
LN-501593,CUST-105457,2025-04-05,0,0,False,False,11771.605000000003,Current,DEBT_CONSOLIDATION
LN-501594,CUST-106162,2025-04-05,0,0,False,False,45048.10499999997,Current,DEBT_CONSOLIDATION
LN-501595,CUST-106103,2025-04-05,0,0,False,False,14540.799999999994,Current,DEBT_CONSOLIDATION
LN-501596,CUST-102237,2025-04-05,3,77,False,False,18957.295000000016,60-89,DEBT_CONSOLIDATION
LN-501597,CUST-102470,2025-04-05,0,0,False,False,288759.2325,Current,DEBT_CONSOLIDATION
LN-501598,CUST-105825,2025-04-05,0,0,False,False,13695.52,Current,DEBT_CONSOLIDATION
LN-501599,CUST-105586,2025-04-05,0,0,False,False,99383.0775,Current,DEBT_CONSOLIDATION
LN-501600,CUST-107767,2025-04-05,0,0,False,False,34686.889999999985,Current,DEBT_CONSOLIDATION
LN-501601,CUST-100964,2025-04-05,0,0,False,False,26452.52,Current,DEBT_CONSOLIDATION
LN-501602,CUST-100169,2025-04-05,0,0,False,False,8750.977499999999,Current,DEBT_CONSOLIDATION
LN-501604,CUST-101307,2025-04-05,0,0,False,False,19500.8475,Current,DEBT_CONSOLIDATION
LN-501605,CUST-105733,2025-04-05,2,59,False,False,16299.13,30-59,DEBT_CONSOLIDATION
LN-501606,CUST-101632,2025-04-05,0,0,False,False,41642.44249999998,Current,DEBT_CONSOLIDATION
LN-501607,CUST-102815,2025-04-05,0,0,False,False,58109.07000000003,Current,DEBT_CONSOLIDATION
LN-501608,CUST-104447,2025-04-05,0,0,False,False,162474.27749999982,Current,DEBT_CONSOLIDATION
LN-501611,CUST-102777,2025-04-05,0,0,False,False,24089.274999999983,Current,DEBT_CONSOLIDATION
LN-501612,CUST-101658,2025-04-05,0,0,False,False,13628.099999999997,Current,DEBT_CONSOLIDATION
LN-501613,CUST-104003,2025-04-05,0,0,False,False,10729.78,Current,DEBT_CONSOLIDATION
LN-501614,CUST-102562,2025-04-05,0,0,False,False,13049.470000000003,Current,DEBT_CONSOLIDATION
LN-501615,CUST-106205,2025-04-05,0,0,False,False,15262.91,Current,DEBT_CONSOLIDATION
LN-501617,CUST-103150,2025-04-05,0,0,False,False,315660.54999999993,Current,DEBT_CONSOLIDATION
LN-501618,CUST-107341,2025-04-05,0,0,False,False,7400.435000000001,Current,DEBT_CONSOLIDATION
LN-501619,CUST-107693,2025-04-05,0,0,False,False,49293.620000000024,Current,DEBT_CONSOLIDATION
LN-501620,CUST-100042,2025-04-05,0,0,False,False,27079.2925,Current,DEBT_CONSOLIDATION
LN-501621,CUST-103901,2025-04-05,0,0,False,False,13132.574999999992,Current,DEBT_CONSOLIDATION
LN-501622,CUST-105369,2025-04-05,0,0,False,False,11596.664999999999,Current,DEBT_CONSOLIDATION
LN-501623,CUST-107631,2025-04-05,0,0,False,False,139141.82,Current,DEBT_CONSOLIDATION
LN-501624,CUST-103111,2025-04-05,0,0,False,False,37763.355,Current,DEBT_CONSOLIDATION
LN-501625,CUST-105989,2025-04-05,0,0,False,False,3643.6099999999988,Current,DEBT_CONSOLIDATION
LN-501626,CUST-100555,2025-04-05,0,0,False,False,40548.30249999996,Current,DEBT_CONSOLIDATION
LN-501627,CUST-100277,2025-04-05,0,0,False,False,11512.61,Current,DEBT_CONSOLIDATION
LN-501629,CUST-100302,2025-04-05,0,0,False,False,27398.85250000001,Current,DEBT_CONSOLIDATION
LN-501630,CUST-100118,2025-04-05,0,0,False,False,15342.399999999983,Current,DEBT_CONSOLIDATION
LN-501631,CUST-106390,2025-04-05,0,0,False,False,103965.13500000001,Current,DEBT_CONSOLIDATION
LN-501632,CUST-101968,2025-04-05,0,0,False,False,13228.02,Current,DEBT_CONSOLIDATION
LN-501633,CUST-101927,2025-04-05,2,46,False,False,120864.01,30-59,DEBT_CONSOLIDATION
LN-501634,CUST-107670,2025-04-05,2,40,False,False,3527.0149999999994,30-59,DEBT_CONSOLIDATION
LN-501636,CUST-106490,2025-04-05,0,0,False,False,40074.34000000002,Current,DEBT_CONSOLIDATION
LN-501637,CUST-104582,2025-04-05,0,0,False,False,35064.075,Current,DEBT_CONSOLIDATION
LN-501638,CUST-100453,2025-04-05,0,0,False,False,2305.7600000000016,Current,DEBT_CONSOLIDATION
LN-501639,CUST-104365,2025-04-05,0,0,False,False,4855.484999999997,Current,DEBT_CONSOLIDATION
LN-501640,CUST-100091,2025-04-05,0,0,False,False,29262.49000000002,Current,DEBT_CONSOLIDATION
LN-501641,CUST-106967,2025-04-05,0,0,False,False,1795.3100000000009,Current,DEBT_CONSOLIDATION
LN-501642,CUST-105596,2025-04-05,0,0,False,False,52453.13,Current,DEBT_CONSOLIDATION
LN-501643,CUST-103783,2025-04-05,0,0,False,False,2978.0849999999996,Current,DEBT_CONSOLIDATION
LN-501644,CUST-101895,2025-04-05,0,0,False,False,13381.149999999998,Current,DEBT_CONSOLIDATION
LN-501645,CUST-104387,2025-04-05,0,0,False,False,26600.99999999999,Current,DEBT_CONSOLIDATION
LN-501646,CUST-105376,2025-04-05,0,0,False,False,23142.40999999998,Current,DEBT_CONSOLIDATION
LN-501647,CUST-103466,2025-04-05,0,0,False,False,28378.450000000008,Current,DEBT_CONSOLIDATION
LN-501648,CUST-106350,2025-04-05,0,0,False,False,43536.14000000001,Current,DEBT_CONSOLIDATION
LN-501649,CUST-106318,2025-04-05,0,0,False,False,21003.182500000003,Current,DEBT_CONSOLIDATION
LN-501650,CUST-102156,2025-04-05,0,0,False,False,22325.924999999996,Current,DEBT_CONSOLIDATION
LN-501651,CUST-103898,2025-04-05,0,0,False,False,29718.84,Current,DEBT_CONSOLIDATION
LN-501653,CUST-102691,2025-04-05,1,31,False,False,21447.282499999994,1-29,DEBT_CONSOLIDATION
LN-501655,CUST-106037,2025-04-05,0,0,False,False,7566.067499999999,Current,DEBT_CONSOLIDATION
LN-501656,CUST-102336,2025-04-05,0,0,False,False,25435.1975,Current,DEBT_CONSOLIDATION
LN-501657,CUST-102068,2025-04-05,0,0,False,False,23509.2675,Current,DEBT_CONSOLIDATION
LN-501658,CUST-101206,2025-04-05,0,0,False,False,20913.99999999999,Current,DEBT_CONSOLIDATION
LN-501659,CUST-107921,2025-04-05,0,0,False,False,79858.87499999996,Current,DEBT_CONSOLIDATION
LN-501660,CUST-102403,2025-04-05,0,0,False,False,21905.479999999996,Current,DEBT_CONSOLIDATION
LN-501661,CUST-107273,2025-04-05,0,0,False,False,13337.3575,Current,DEBT_CONSOLIDATION
LN-501662,CUST-107844,2025-04-05,0,0,False,False,11840.949999999997,Current,DEBT_CONSOLIDATION
LN-501663,CUST-106455,2025-04-05,0,0,False,False,593773.3500000008,Current,DEBT_CONSOLIDATION
LN-501665,CUST-104978,2025-04-05,0,0,False,False,21145.065000000006,Current,DEBT_CONSOLIDATION
LN-501667,CUST-100420,2025-04-05,0,0,False,False,7641.76,Current,DEBT_CONSOLIDATION
LN-501668,CUST-106915,2025-04-05,0,0,False,False,51752.5975,Current,DEBT_CONSOLIDATION
LN-501669,CUST-104526,2025-04-05,0,0,False,False,553760.9925,Current,DEBT_CONSOLIDATION
LN-501670,CUST-104537,2025-04-05,4,130,False,False,582060.9625000001,90+,DEBT_CONSOLIDATION
LN-501671,CUST-103893,2025-04-05,0,0,True,False,133993.50000000003,Current,DEBT_CONSOLIDATION
LN-501672,CUST-105963,2025-04-05,0,0,False,False,18734.31249999998,Current,DEBT_CONSOLIDATION
LN-501673,CUST-106790,2025-04-05,3,62,False,False,42474.122500000005,60-89,DEBT_CONSOLIDATION
LN-501676,CUST-106749,2025-04-05,0,0,False,False,17579.855,Current,DEBT_CONSOLIDATION
LN-501677,CUST-101148,2025-04-05,1,23,False,False,6598.840000000001,1-29,DEBT_CONSOLIDATION
LN-501678,CUST-102773,2025-04-05,0,0,False,False,19516.4075,Current,DEBT_CONSOLIDATION
LN-501681,CUST-105348,2025-04-05,0,0,False,False,108382.26749999999,Current,DEBT_CONSOLIDATION
LN-501682,CUST-106466,2025-04-05,0,0,False,False,10441.4925,Current,DEBT_CONSOLIDATION
LN-501683,CUST-106191,2025-04-05,0,0,False,False,8766.279999999999,Current,DEBT_CONSOLIDATION
LN-501684,CUST-105560,2025-04-05,0,0,False,False,15453.760000000013,Current,DEBT_CONSOLIDATION
LN-501685,CUST-102421,2025-04-05,0,0,False,False,51453.55,Current,DEBT_CONSOLIDATION
LN-501686,CUST-107598,2025-04-05,0,0,False,False,25692.7925,Current,DEBT_CONSOLIDATION
LN-501688,CUST-101375,2025-04-05,0,0,False,False,14117.250000000002,Current,DEBT_CONSOLIDATION
LN-501689,CUST-100837,2025-04-05,0,0,False,False,47106.1675,Current,DEBT_CONSOLIDATION
LN-501690,CUST-100404,2025-04-05,0,0,False,False,38063.2,Current,DEBT_CONSOLIDATION
LN-501691,CUST-100835,2025-04-05,0,0,False,False,13266.369999999999,Current,DEBT_CONSOLIDATION
LN-501692,CUST-101855,2025-04-05,0,0,False,False,85795.95999999998,Current,DEBT_CONSOLIDATION
LN-501693,CUST-107641,2025-04-05,0,0,False,False,7217.820000000005,Current,DEBT_CONSOLIDATION
LN-501694,CUST-106852,2025-04-05,0,0,True,False,1600.8099999999997,Current,DEBT_CONSOLIDATION
LN-501696,CUST-100563,2025-04-05,0,0,False,False,223057.29,Current,DEBT_CONSOLIDATION
LN-501697,CUST-104754,2025-04-05,0,0,False,False,82679.20499999999,Current,DEBT_CONSOLIDATION
LN-501698,CUST-107334,2025-04-05,0,0,False,False,8949.904999999988,Current,DEBT_CONSOLIDATION
LN-501699,CUST-100753,2025-04-05,0,0,False,False,29882.43,Current,DEBT_CONSOLIDATION
LN-501700,CUST-104209,2025-04-05,0,0,False,False,15828.180000000011,Current,DEBT_CONSOLIDATION
LN-501701,CUST-104772,2025-04-05,2,60,False,False,8809.669999999996,30-59,DEBT_CONSOLIDATION
LN-501702,CUST-104124,2025-04-05,0,0,False,False,138257.39499999981,Current,DEBT_CONSOLIDATION
LN-501703,CUST-107640,2025-04-05,0,0,False,False,17433.715,Current,DEBT_CONSOLIDATION
LN-501704,CUST-100220,2025-04-05,0,0,False,False,13071.39,Current,DEBT_CONSOLIDATION
LN-501705,CUST-101350,2025-04-05,0,0,False,False,111370.67499999997,Current,DEBT_CONSOLIDATION
LN-501706,CUST-101692,2025-04-05,0,0,False,False,11394.470000000003,Current,DEBT_CONSOLIDATION
LN-501707,CUST-100630,2025-04-05,0,0,False,False,5360.2175,Current,DEBT_CONSOLIDATION
LN-501708,CUST-100588,2025-04-05,1,29,False,False,16474.904999999995,1-29,DEBT_CONSOLIDATION
LN-501709,CUST-105509,2025-04-05,0,0,False,False,24245.015000000003,Current,DEBT_CONSOLIDATION
LN-501710,CUST-101295,2025-04-05,0,0,False,False,46438.7625,Current,DEBT_CONSOLIDATION
LN-501712,CUST-101735,2025-04-05,0,0,False,False,29132.62250000002,Current,DEBT_CONSOLIDATION
LN-501713,CUST-102126,2025-04-05,0,0,False,False,11504.299999999996,Current,DEBT_CONSOLIDATION
LN-501714,CUST-104015,2025-04-05,3,75,False,False,35433.807499999995,60-89,DEBT_CONSOLIDATION
LN-501715,CUST-103517,2025-04-05,0,0,False,False,2795.0000000000014,Current,DEBT_CONSOLIDATION
LN-501716,CUST-102560,2025-04-05,0,0,False,False,147295.59,Current,DEBT_CONSOLIDATION
LN-501717,CUST-103819,2025-04-05,0,0,False,False,13646.100000000006,Current,DEBT_CONSOLIDATION
LN-501718,CUST-105164,2025-04-05,0,0,False,False,509367.32000000007,Current,DEBT_CONSOLIDATION
LN-501719,CUST-105415,2025-04-05,0,0,False,False,11595.81,Current,DEBT_CONSOLIDATION
LN-501721,CUST-106448,2025-04-05,0,0,False,False,4209.207499999998,Current,DEBT_CONSOLIDATION
LN-501722,CUST-106453,2025-04-05,0,0,False,False,24507.045,Current,DEBT_CONSOLIDATION
LN-501723,CUST-103565,2025-04-05,0,0,False,False,17448.63250000001,Current,DEBT_CONSOLIDATION
LN-501724,CUST-105504,2025-04-05,0,0,False,False,20509.554999999993,Current,DEBT_CONSOLIDATION
LN-501725,CUST-105101,2025-04-05,0,0,False,False,17979.02,Current,DEBT_CONSOLIDATION
LN-501726,CUST-100868,2025-04-05,0,0,False,False,39824.22,Current,DEBT_CONSOLIDATION
LN-501727,CUST-102226,2025-04-05,3,77,False,False,8238.155,60-89,DEBT_CONSOLIDATION
LN-501728,CUST-104286,2025-04-05,1,10,False,False,12223.879999999997,1-29,DEBT_CONSOLIDATION
LN-501729,CUST-103313,2025-04-05,0,0,False,False,6468.344999999999,Current,DEBT_CONSOLIDATION
LN-501730,CUST-104652,2025-04-05,0,0,False,False,15855.8525,Current,DEBT_CONSOLIDATION
LN-501731,CUST-100877,2025-04-05,0,0,False,False,17125.57499999999,Current,DEBT_CONSOLIDATION
LN-501732,CUST-104390,2025-04-05,0,0,False,False,25669.45,Current,DEBT_CONSOLIDATION
LN-501733,CUST-105756,2025-04-05,0,0,False,False,351431.01000000007,Current,DEBT_CONSOLIDATION
LN-501734,CUST-104786,2025-04-05,0,0,False,False,21548.34500000001,Current,DEBT_CONSOLIDATION
LN-501735,CUST-107090,2025-04-05,0,0,False,False,11154.380000000001,Current,DEBT_CONSOLIDATION
LN-501736,CUST-107111,2025-04-05,0,0,False,False,16835.757499999985,Current,DEBT_CONSOLIDATION
LN-501737,CUST-104312,2025-04-05,0,0,False,False,10361.229999999996,Current,DEBT_CONSOLIDATION
LN-501739,CUST-104955,2025-04-05,1,29,False,False,28750.017500000005,1-29,DEBT_CONSOLIDATION
LN-501740,CUST-104643,2025-04-05,0,0,False,False,25441.26,Current,DEBT_CONSOLIDATION
LN-501741,CUST-106074,2025-04-05,0,0,False,False,24090.765000000003,Current,DEBT_CONSOLIDATION
LN-501743,CUST-100346,2025-04-05,0,0,False,False,2914.1849999999995,Current,DEBT_CONSOLIDATION
LN-501744,CUST-105595,2025-04-05,0,0,False,False,9775.55750000001,Current,DEBT_CONSOLIDATION
LN-501745,CUST-101178,2025-04-05,0,0,False,False,46052.47,Current,DEBT_CONSOLIDATION
LN-501746,CUST-101812,2025-04-05,0,0,False,False,144797.61,Current,DEBT_CONSOLIDATION
LN-501747,CUST-104020,2025-04-05,0,0,False,False,35802.814999999995,Current,DEBT_CONSOLIDATION
LN-501748,CUST-100600,2025-04-05,0,0,False,False,32111.47,Current,DEBT_CONSOLIDATION
LN-501749,CUST-105085,2025-04-05,0,0,True,False,10501.987500000001,Current,DEBT_CONSOLIDATION
LN-501751,CUST-100476,2025-04-05,0,0,False,False,12223.444999999998,Current,DEBT_CONSOLIDATION
LN-501752,CUST-106470,2025-04-05,0,0,False,False,42282.765,Current,DEBT_CONSOLIDATION
LN-501754,CUST-100467,2025-04-05,0,0,False,False,10305.914999999997,Current,DEBT_CONSOLIDATION
LN-501755,CUST-107127,2025-04-05,1,9,False,False,17177.857499999995,1-29,DEBT_CONSOLIDATION
LN-501756,CUST-103664,2025-04-05,0,0,False,False,47280.24,Current,DEBT_CONSOLIDATION
LN-501757,CUST-106446,2025-04-05,0,0,False,False,20962.699999999986,Current,DEBT_CONSOLIDATION
LN-501759,CUST-105026,2025-04-05,0,0,False,False,51256.909999999996,Current,DEBT_CONSOLIDATION
LN-501760,CUST-107092,2025-04-05,0,0,False,False,26878.80999999998,Current,DEBT_CONSOLIDATION
LN-501762,CUST-104203,2025-04-05,0,0,False,False,35664.91250000002,Current,DEBT_CONSOLIDATION
LN-501763,CUST-103521,2025-04-05,0,0,False,False,22799.360000000008,Current,DEBT_CONSOLIDATION
LN-501764,CUST-100184,2025-04-05,0,0,False,False,9469.659999999996,Current,DEBT_CONSOLIDATION
LN-501765,CUST-106192,2025-04-05,0,0,False,False,7116.517500000004,Current,DEBT_CONSOLIDATION
LN-501766,CUST-102665,2025-04-05,0,0,False,False,46578.512500000004,Current,DEBT_CONSOLIDATION
LN-501767,CUST-104091,2025-04-05,0,0,False,False,6041.010000000002,Current,DEBT_CONSOLIDATION
LN-501768,CUST-101338,2025-04-05,0,0,False,False,23348.02999999998,Current,DEBT_CONSOLIDATION
LN-501769,CUST-102962,2025-04-05,0,0,False,False,19053.240000000013,Current,DEBT_CONSOLIDATION
LN-501771,CUST-101826,2025-04-05,0,0,False,False,28055.610000000015,Current,DEBT_CONSOLIDATION
LN-501772,CUST-101171,2025-04-05,4,182,False,False,28115.385,90+,DEBT_CONSOLIDATION
LN-501773,CUST-101355,2025-04-05,0,0,False,False,39247.725000000035,Current,DEBT_CONSOLIDATION
LN-501774,CUST-100787,2025-04-05,0,0,False,False,85975.03500000006,Current,DEBT_CONSOLIDATION
LN-501775,CUST-103957,2025-04-05,0,0,False,False,19015.0425,Current,DEBT_CONSOLIDATION
LN-501777,CUST-103831,2025-04-05,0,0,False,False,36864.030000000006,Current,DEBT_CONSOLIDATION
LN-501778,CUST-107889,2025-04-05,0,0,False,False,1696.7450000000003,Current,DEBT_CONSOLIDATION
LN-501779,CUST-102126,2025-04-05,0,0,False,False,13089.899999999998,Current,DEBT_CONSOLIDATION
LN-501780,CUST-105927,2025-04-05,0,0,False,False,5122.739999999995,Current,DEBT_CONSOLIDATION
LN-501781,CUST-106277,2025-04-05,0,0,False,False,3724.1349999999998,Current,DEBT_CONSOLIDATION
LN-501783,CUST-107299,2025-04-05,0,0,False,False,42864.05,Current,DEBT_CONSOLIDATION
LN-501784,CUST-101924,2025-04-05,1,2,False,False,20022.0825,1-29,DEBT_CONSOLIDATION
LN-501785,CUST-104509,2025-04-05,0,0,False,False,140416.21750000006,Current,DEBT_CONSOLIDATION
LN-501786,CUST-107694,2025-04-05,0,0,False,False,12815.282500000005,Current,DEBT_CONSOLIDATION
LN-501787,CUST-104897,2025-04-05,0,0,False,False,2312.98,Current,DEBT_CONSOLIDATION
LN-501789,CUST-107801,2025-04-05,0,0,False,False,588941.99,Current,DEBT_CONSOLIDATION
LN-501790,CUST-100529,2025-04-05,0,0,False,False,422603.95999999996,Current,DEBT_CONSOLIDATION
LN-501791,CUST-102335,2025-04-05,0,0,False,False,493381.2599999997,Current,DEBT_CONSOLIDATION
LN-501792,CUST-106356,2025-04-05,0,0,False,False,2884.234999999998,Current,DEBT_CONSOLIDATION
LN-501793,CUST-105068,2025-04-05,0,0,False,False,10875.385000000004,Current,DEBT_CONSOLIDATION
LN-501795,CUST-105738,2025-04-05,0,0,False,False,16440.86000000002,Current,DEBT_CONSOLIDATION
LN-501797,CUST-102945,2025-04-05,0,0,False,False,22362.615,Current,DEBT_CONSOLIDATION
LN-501798,CUST-103579,2025-04-05,0,0,False,False,36931.26000000001,Current,DEBT_CONSOLIDATION
LN-501799,CUST-103754,2025-04-05,0,0,False,False,66337.68749999997,Current,DEBT_CONSOLIDATION
LN-501800,CUST-104417,2025-04-05,0,0,False,False,71360.73250000003,Current,DEBT_CONSOLIDATION
LN-501801,CUST-105224,2025-04-05,0,0,False,False,21205.559999999998,Current,DEBT_CONSOLIDATION
LN-501802,CUST-103218,2025-04-05,0,0,False,False,5411.034999999999,Current,DEBT_CONSOLIDATION
LN-501804,CUST-103749,2025-04-05,0,0,False,False,42262.23999999999,Current,DEBT_CONSOLIDATION
LN-501805,CUST-103427,2025-04-05,0,0,False,False,28374.180000000015,Current,DEBT_CONSOLIDATION
LN-501806,CUST-100870,2025-04-05,0,0,False,False,54396.29,Current,DEBT_CONSOLIDATION
LN-501807,CUST-100815,2025-04-05,0,0,False,False,37116.16000000002,Current,DEBT_CONSOLIDATION
LN-501808,CUST-106734,2025-04-05,0,0,False,False,26926.877500000013,Current,DEBT_CONSOLIDATION
LN-501809,CUST-101746,2025-04-05,0,0,False,False,19926.655000000002,Current,DEBT_CONSOLIDATION
LN-501810,CUST-100943,2025-04-05,0,0,False,False,90681.90749999996,Current,DEBT_CONSOLIDATION
LN-501811,CUST-100455,2025-04-05,0,0,False,False,364058.265,Current,DEBT_CONSOLIDATION
LN-501812,CUST-103079,2025-04-05,0,0,False,False,16563.962499999994,Current,DEBT_CONSOLIDATION
LN-501813,CUST-101365,2025-04-05,0,0,False,False,608.3550000000004,Current,DEBT_CONSOLIDATION
LN-501814,CUST-100484,2025-04-05,0,0,False,False,20535.969999999987,Current,DEBT_CONSOLIDATION
LN-501816,CUST-104138,2025-04-05,0,0,False,False,35484.76,Current,DEBT_CONSOLIDATION
LN-501819,CUST-104716,2025-04-05,0,0,False,False,18990.315000000002,Current,DEBT_CONSOLIDATION
LN-501820,CUST-101534,2025-04-05,0,0,False,False,11584.320000000003,Current,DEBT_CONSOLIDATION
LN-501821,CUST-101803,2025-04-05,0,0,False,False,30355.28250000001,Current,DEBT_CONSOLIDATION
LN-501822,CUST-105486,2025-04-05,0,0,False,False,9144.580000000002,Current,DEBT_CONSOLIDATION
LN-501823,CUST-107364,2025-04-05,0,0,False,False,16641.577500000003,Current,DEBT_CONSOLIDATION
LN-501824,CUST-107739,2025-04-05,0,0,False,False,9786.790000000012,Current,DEBT_CONSOLIDATION
LN-501825,CUST-100588,2025-04-05,1,9,False,False,2877.2325,1-29,DEBT_CONSOLIDATION
LN-501826,CUST-107847,2025-04-05,0,0,False,False,22621.102499999994,Current,DEBT_CONSOLIDATION
LN-501827,CUST-101822,2025-04-05,0,0,False,False,16283.905000000008,Current,DEBT_CONSOLIDATION
LN-501828,CUST-107049,2025-04-05,0,0,True,False,8702.965000000004,Current,DEBT_CONSOLIDATION
LN-501829,CUST-100966,2025-04-05,0,0,False,False,39201.22000000001,Current,DEBT_CONSOLIDATION
LN-501830,CUST-105171,2025-04-05,0,0,False,False,24545.620000000017,Current,DEBT_CONSOLIDATION
LN-501831,CUST-103309,2025-04-05,0,0,False,False,2240.392500000002,Current,DEBT_CONSOLIDATION
LN-501832,CUST-106966,2025-04-05,0,0,False,False,6469.525000000003,Current,DEBT_CONSOLIDATION
LN-501833,CUST-100697,2025-04-05,0,0,False,False,42628.75749999998,Current,DEBT_CONSOLIDATION
LN-501834,CUST-101415,2025-04-05,0,0,False,False,25695.542499999996,Current,DEBT_CONSOLIDATION
LN-501836,CUST-107497,2025-04-05,0,0,False,False,50328.939999999995,Current,DEBT_CONSOLIDATION
LN-501837,CUST-101180,2025-04-05,0,0,False,False,18009.995000000006,Current,DEBT_CONSOLIDATION
LN-501838,CUST-104354,2025-04-05,0,0,False,False,155151.8225,Current,DEBT_CONSOLIDATION
LN-501839,CUST-107895,2025-04-05,0,0,False,False,24212.5225,Current,DEBT_CONSOLIDATION
LN-501841,CUST-104738,2025-04-05,0,0,False,False,77722.78749999996,Current,DEBT_CONSOLIDATION
LN-501842,CUST-104788,2025-04-05,0,0,False,False,37449.84999999999,Current,DEBT_CONSOLIDATION
LN-501843,CUST-106317,2025-04-05,0,0,False,False,23673.93500000001,Current,DEBT_CONSOLIDATION
LN-501844,CUST-107387,2025-04-05,0,0,False,False,17243.15,Current,DEBT_CONSOLIDATION
LN-501846,CUST-105002,2025-04-05,0,0,False,False,281798.78,Current,DEBT_CONSOLIDATION
LN-501847,CUST-105058,2025-04-05,0,0,False,False,8855.22,Current,DEBT_CONSOLIDATION
LN-501848,CUST-102088,2025-04-05,0,0,False,False,16048.499999999995,Current,DEBT_CONSOLIDATION
LN-501851,CUST-106547,2025-04-05,0,0,False,False,11533.92,Current,DEBT_CONSOLIDATION
LN-501852,CUST-102378,2025-04-05,0,0,False,False,21978.080000000013,Current,DEBT_CONSOLIDATION
LN-501853,CUST-107239,2025-04-05,0,0,False,False,86366.09499999994,Current,DEBT_CONSOLIDATION
LN-501854,CUST-101183,2025-04-05,0,0,False,False,10359.4775,Current,DEBT_CONSOLIDATION
LN-501856,CUST-101468,2025-04-05,0,0,False,False,29014.279999999995,Current,DEBT_CONSOLIDATION
LN-501857,CUST-106526,2025-04-05,0,0,False,False,15821.515000000012,Current,DEBT_CONSOLIDATION
LN-501858,CUST-104165,2025-04-05,0,0,False,False,18378.0175,Current,DEBT_CONSOLIDATION
LN-501859,CUST-100062,2025-04-05,0,0,False,False,39917.96999999999,Current,DEBT_CONSOLIDATION
LN-501860,CUST-101896,2025-04-05,0,0,False,False,21035.98,Current,DEBT_CONSOLIDATION
LN-501861,CUST-101570,2025-04-05,0,0,False,False,40079.5025,Current,DEBT_CONSOLIDATION
LN-501862,CUST-106877,2025-04-05,0,0,False,False,16968.7,Current,DEBT_CONSOLIDATION
LN-501863,CUST-101899,2025-04-05,0,0,False,False,19463.382500000003,Current,DEBT_CONSOLIDATION
LN-501864,CUST-103481,2025-04-05,0,0,False,False,6243.910000000001,Current,DEBT_CONSOLIDATION
LN-501865,CUST-106563,2025-04-05,0,0,False,False,25717.015,Current,DEBT_CONSOLIDATION
LN-501866,CUST-100350,2025-04-05,0,0,False,False,110587.83499999999,Current,DEBT_CONSOLIDATION
LN-501867,CUST-107260,2025-04-05,0,0,False,False,24403.155,Current,DEBT_CONSOLIDATION
LN-501868,CUST-104393,2025-04-05,0,0,False,False,29128.732499999995,Current,DEBT_CONSOLIDATION
LN-501869,CUST-100950,2025-04-05,2,42,False,False,14151.515000000007,30-59,DEBT_CONSOLIDATION
LN-501870,CUST-100899,2025-04-05,0,0,False,False,16082.674999999997,Current,DEBT_CONSOLIDATION
LN-501871,CUST-101486,2025-04-05,1,14,False,False,28992.574999999997,1-29,DEBT_CONSOLIDATION
LN-501872,CUST-105335,2025-04-05,0,0,False,False,32309.922499999993,Current,DEBT_CONSOLIDATION
LN-501873,CUST-104297,2025-04-05,3,62,False,False,138157.96999999997,60-89,DEBT_CONSOLIDATION
LN-501874,CUST-103231,2025-04-05,0,0,False,False,7467.37,Current,DEBT_CONSOLIDATION
LN-501875,CUST-105225,2025-04-05,0,0,False,False,20862.030000000002,Current,DEBT_CONSOLIDATION
LN-501876,CUST-101201,2025-04-05,0,0,False,False,12925.59,Current,DEBT_CONSOLIDATION
LN-501877,CUST-102416,2025-04-05,0,0,False,False,14464.400000000001,Current,DEBT_CONSOLIDATION
LN-501878,CUST-102188,2025-04-05,0,0,False,False,22989.127499999984,Current,DEBT_CONSOLIDATION
LN-501880,CUST-102145,2025-04-05,0,0,False,False,18775.205,Current,DEBT_CONSOLIDATION
LN-501881,CUST-104091,2025-04-05,0,0,False,False,13264.57,Current,DEBT_CONSOLIDATION
LN-501882,CUST-101913,2025-04-05,0,0,False,False,34285.925000000025,Current,DEBT_CONSOLIDATION
LN-501884,CUST-102877,2025-04-05,0,0,False,False,2868.4499999999994,Current,DEBT_CONSOLIDATION
LN-501885,CUST-103294,2025-04-05,0,0,False,False,41088.62749999997,Current,DEBT_CONSOLIDATION
LN-501887,CUST-104668,2025-04-05,0,0,False,False,347987.35,Current,DEBT_CONSOLIDATION
LN-501888,CUST-103041,2025-04-05,0,0,False,False,5513.0700000000015,Current,DEBT_CONSOLIDATION
LN-501890,CUST-100355,2025-04-05,0,0,False,False,25810.44,Current,DEBT_CONSOLIDATION
LN-501891,CUST-106695,2025-04-05,0,0,False,False,14526.379999999997,Current,DEBT_CONSOLIDATION
LN-501894,CUST-106784,2025-04-05,1,1,False,False,46354.759999999995,1-29,DEBT_CONSOLIDATION
LN-501895,CUST-101494,2025-04-05,0,0,False,False,543.9175,Current,DEBT_CONSOLIDATION
LN-501896,CUST-103220,2025-04-05,0,0,False,False,44499.96999999999,Current,DEBT_CONSOLIDATION
LN-501897,CUST-101367,2025-04-05,0,0,False,False,3050.5800000000004,Current,DEBT_CONSOLIDATION
LN-501898,CUST-100622,2025-04-05,0,0,True,False,16281.9525,Current,DEBT_CONSOLIDATION
LN-501899,CUST-100684,2025-04-05,0,0,False,False,34236.49,Current,DEBT_CONSOLIDATION
LN-501900,CUST-107146,2025-04-05,0,0,False,False,8359.345000000003,Current,DEBT_CONSOLIDATION
LN-501901,CUST-104927,2025-04-05,0,0,False,False,1934.6350000000007,Current,DEBT_CONSOLIDATION
LN-501902,CUST-103188,2025-04-05,0,0,False,False,17901.519999999997,Current,DEBT_CONSOLIDATION
LN-501903,CUST-101066,2025-04-05,0,0,False,False,15912.975,Current,DEBT_CONSOLIDATION
LN-501904,CUST-104801,2025-04-05,0,0,False,False,28019.944999999992,Current,DEBT_CONSOLIDATION
LN-501905,CUST-103933,2025-04-05,0,0,False,False,38550.29749999999,Current,DEBT_CONSOLIDATION
LN-501906,CUST-104412,2025-04-05,0,0,False,False,33378.339999999975,Current,DEBT_CONSOLIDATION
LN-501907,CUST-101669,2025-04-05,0,0,False,False,43587.294999999984,Current,DEBT_CONSOLIDATION
LN-501908,CUST-101107,2025-04-05,0,0,False,False,17220.960000000003,Current,DEBT_CONSOLIDATION
LN-501909,CUST-105362,2025-04-05,0,0,False,False,437.3399999999998,Current,DEBT_CONSOLIDATION
LN-501911,CUST-103421,2025-04-05,0,0,False,False,21334.392500000005,Current,DEBT_CONSOLIDATION
LN-501912,CUST-100141,2025-04-05,0,0,False,False,9823.74,Current,DEBT_CONSOLIDATION
LN-501915,CUST-101871,2025-04-05,0,0,False,False,5922.3775,Current,DEBT_CONSOLIDATION
LN-501916,CUST-106132,2025-04-05,0,0,False,False,38912.37999999998,Current,DEBT_CONSOLIDATION
LN-501917,CUST-104836,2025-04-05,0,0,False,False,17164.830000000005,Current,DEBT_CONSOLIDATION
LN-501919,CUST-104463,2025-04-05,0,0,False,False,66714.89499999997,Current,DEBT_CONSOLIDATION
LN-501920,CUST-107408,2025-04-05,0,0,False,False,14290.81,Current,DEBT_CONSOLIDATION
LN-501922,CUST-103449,2025-04-05,1,21,False,False,8363.710000000001,1-29,DEBT_CONSOLIDATION
LN-501924,CUST-105113,2025-04-05,0,0,False,False,35488.732500000006,Current,DEBT_CONSOLIDATION
LN-501925,CUST-107893,2025-04-05,0,0,False,False,9805.475000000004,Current,DEBT_CONSOLIDATION
LN-501926,CUST-103083,2025-04-05,0,0,False,False,49264.75,Current,DEBT_CONSOLIDATION
LN-501927,CUST-100540,2025-04-05,0,0,False,False,39503.43500000004,Current,DEBT_CONSOLIDATION
LN-501928,CUST-107929,2025-04-05,0,0,False,False,20010.62000000001,Current,DEBT_CONSOLIDATION
LN-501929,CUST-103324,2025-04-05,0,0,False,False,18314.95,Current,DEBT_CONSOLIDATION
LN-501930,CUST-107562,2025-04-05,0,0,False,False,24406.43,Current,DEBT_CONSOLIDATION
LN-501931,CUST-104184,2025-04-05,0,0,False,False,20662.209999999995,Current,DEBT_CONSOLIDATION
LN-501932,CUST-107974,2025-04-05,0,0,False,False,6363.049999999999,Current,DEBT_CONSOLIDATION
LN-501933,CUST-106010,2025-04-05,0,0,False,False,11518.289999999999,Current,DEBT_CONSOLIDATION
LN-501934,CUST-101387,2025-04-05,0,0,False,False,11380.229999999996,Current,DEBT_CONSOLIDATION
LN-501935,CUST-103506,2025-04-05,0,0,False,False,45186.2025,Current,DEBT_CONSOLIDATION
LN-501936,CUST-106516,2025-04-05,0,0,False,False,21026.46999999999,Current,DEBT_CONSOLIDATION
LN-501937,CUST-106451,2025-04-05,0,0,False,False,12621.12999999999,Current,DEBT_CONSOLIDATION
LN-501938,CUST-106138,2025-04-05,0,0,False,False,7045.457500000002,Current,DEBT_CONSOLIDATION
LN-501940,CUST-107677,2025-04-05,0,0,False,False,21244.605000000003,Current,DEBT_CONSOLIDATION
LN-501941,CUST-101368,2025-04-05,1,26,False,False,48951.09,1-29,DEBT_CONSOLIDATION
LN-501942,CUST-105075,2025-04-05,0,0,False,False,24375.74,Current,DEBT_CONSOLIDATION
LN-501943,CUST-106799,2025-04-05,0,0,False,False,9514.162499999999,Current,DEBT_CONSOLIDATION
LN-501944,CUST-104233,2025-04-05,0,0,False,False,16893.17000000002,Current,DEBT_CONSOLIDATION
LN-501945,CUST-105972,2025-04-05,0,0,False,False,29249.380000000005,Current,DEBT_CONSOLIDATION
LN-501946,CUST-101806,2025-04-05,0,0,False,False,13525.882500000003,Current,DEBT_CONSOLIDATION
LN-501948,CUST-107048,2025-04-05,0,0,False,False,79992.13,Current,DEBT_CONSOLIDATION
LN-501950,CUST-106388,2025-04-05,0,0,False,False,15399.6675,Current,DEBT_CONSOLIDATION
LN-501951,CUST-102194,2025-04-05,0,0,False,False,7700.399999999998,Current,DEBT_CONSOLIDATION
LN-501952,CUST-103808,2025-04-05,0,0,False,False,20717.340000000007,Current,DEBT_CONSOLIDATION
LN-501954,CUST-101990,2025-04-05,0,0,False,False,2430.3725,Current,DEBT_CONSOLIDATION
LN-501955,CUST-105888,2025-04-05,0,0,False,False,375922.76000000007,Current,DEBT_CONSOLIDATION
LN-501956,CUST-107994,2025-04-05,0,0,False,False,27814.9475,Current,DEBT_CONSOLIDATION
LN-501957,CUST-106085,2025-04-05,0,0,False,False,14969.55999999999,Current,DEBT_CONSOLIDATION
LN-501960,CUST-107700,2025-04-05,0,0,False,False,3169.895,Current,DEBT_CONSOLIDATION
LN-501961,CUST-100307,2025-04-05,0,0,False,False,46934.1175,Current,DEBT_CONSOLIDATION
LN-501962,CUST-107407,2025-04-05,0,0,False,False,886.17,Current,DEBT_CONSOLIDATION
LN-501964,CUST-107158,2025-04-05,0,0,False,False,5408.0,Current,DEBT_CONSOLIDATION
LN-501965,CUST-106255,2025-04-05,0,0,False,False,5507.195000000002,Current,DEBT_CONSOLIDATION
LN-501966,CUST-100973,2025-04-05,0,0,False,False,4017.4625000000015,Current,DEBT_CONSOLIDATION
LN-501967,CUST-104883,2025-04-05,0,0,False,False,5751.570000000001,Current,DEBT_CONSOLIDATION
LN-501968,CUST-102542,2025-04-05,0,0,False,False,193299.56999999986,Current,DEBT_CONSOLIDATION
LN-501970,CUST-107000,2025-04-05,0,0,False,False,14643.999999999995,Current,DEBT_CONSOLIDATION
LN-501972,CUST-103580,2025-04-05,1,4,True,False,17046.4675,1-29,DEBT_CONSOLIDATION
LN-501973,CUST-100366,2025-04-05,0,0,False,False,10457.28,Current,DEBT_CONSOLIDATION
LN-501974,CUST-105161,2025-04-05,0,0,False,False,30607.657499999994,Current,DEBT_CONSOLIDATION
LN-501975,CUST-106723,2025-04-05,0,0,False,False,3559.2999999999993,Current,DEBT_CONSOLIDATION
LN-501976,CUST-103764,2025-04-05,0,0,False,False,24760.215000000004,Current,DEBT_CONSOLIDATION
LN-501977,CUST-101929,2025-04-05,0,0,False,False,7523.799999999995,Current,DEBT_CONSOLIDATION
LN-501978,CUST-104473,2025-04-05,0,0,False,False,18705.052500000005,Current,DEBT_CONSOLIDATION
LN-501979,CUST-106647,2025-04-05,0,0,False,False,4526.689999999997,Current,DEBT_CONSOLIDATION
LN-501980,CUST-106556,2025-04-05,0,0,False,False,16651.670000000002,Current,DEBT_CONSOLIDATION
LN-501981,CUST-104565,2025-04-05,0,0,False,False,9064.207499999995,Current,DEBT_CONSOLIDATION
LN-501982,CUST-100007,2025-04-05,0,0,False,False,20180.355,Current,DEBT_CONSOLIDATION
LN-501983,CUST-102867,2025-04-05,0,0,False,False,16191.082499999988,Current,DEBT_CONSOLIDATION
LN-501984,CUST-106644,2025-04-05,1,5,False,False,8884.765000000001,1-29,DEBT_CONSOLIDATION
LN-501985,CUST-101594,2025-04-05,0,0,False,False,11210.909999999996,Current,DEBT_CONSOLIDATION
LN-501986,CUST-101756,2025-04-05,0,0,False,False,20199.57,Current,DEBT_CONSOLIDATION
LN-501987,CUST-104279,2025-04-05,0,0,False,False,41719.194999999985,Current,DEBT_CONSOLIDATION
LN-501989,CUST-101331,2025-04-05,0,0,False,False,13695.135000000006,Current,DEBT_CONSOLIDATION
LN-501990,CUST-102315,2025-04-05,0,0,False,False,52384.19,Current,DEBT_CONSOLIDATION
LN-501991,CUST-102133,2025-04-05,0,0,False,False,38323.572499999995,Current,DEBT_CONSOLIDATION
LN-501993,CUST-100881,2025-04-05,0,0,False,False,5861.275000000002,Current,DEBT_CONSOLIDATION
LN-501994,CUST-101029,2025-04-05,0,0,False,False,7734.000000000002,Current,DEBT_CONSOLIDATION
LN-501995,CUST-106975,2025-04-05,2,42,False,False,127836.51500000001,30-59,DEBT_CONSOLIDATION
LN-501996,CUST-105773,2025-04-05,0,0,False,False,25994.93499999999,Current,DEBT_CONSOLIDATION
LN-501997,CUST-107470,2025-04-05,0,0,False,False,561.1099999999997,Current,DEBT_CONSOLIDATION
LN-501998,CUST-101249,2025-04-05,0,0,False,False,16595.714999999997,Current,DEBT_CONSOLIDATION
LN-501999,CUST-101490,2025-04-05,0,0,False,False,12542.395,Current,DEBT_CONSOLIDATION
LN-502000,CUST-102009,2025-04-05,0,0,False,False,17888.320000000003,Current,DEBT_CONSOLIDATION
LN-502001,CUST-106713,2025-04-05,0,0,False,False,2048.235,Current,DEBT_CONSOLIDATION
LN-502002,CUST-106437,2025-04-05,0,0,False,False,43763.41,Current,DEBT_CONSOLIDATION
LN-502003,CUST-100202,2025-04-05,0,0,False,False,24326.227499999997,Current,DEBT_CONSOLIDATION
LN-502004,CUST-106179,2025-04-05,0,0,False,False,51018.2,Current,DEBT_CONSOLIDATION
LN-502005,CUST-106271,2025-04-05,0,0,False,False,6368.115000000003,Current,DEBT_CONSOLIDATION
LN-502006,CUST-104459,2025-04-05,0,0,False,False,3402.6249999999995,Current,DEBT_CONSOLIDATION
LN-502008,CUST-100486,2025-04-05,3,65,False,False,34420.85000000003,60-89,DEBT_CONSOLIDATION
LN-502010,CUST-101389,2025-04-05,0,0,False,False,39911.465,Current,DEBT_CONSOLIDATION
LN-502011,CUST-106610,2025-04-05,0,0,False,False,19833.590000000007,Current,DEBT_CONSOLIDATION
LN-502012,CUST-104411,2025-04-05,0,0,False,False,23959.822500000002,Current,DEBT_CONSOLIDATION
LN-502013,CUST-101386,2025-04-05,2,56,False,False,3119.2299999999987,30-59,DEBT_CONSOLIDATION
LN-502014,CUST-107930,2025-04-05,0,0,False,False,20120.664999999994,Current,DEBT_CONSOLIDATION
LN-502015,CUST-104044,2025-04-05,0,0,False,False,15543.459999999995,Current,DEBT_CONSOLIDATION
LN-502018,CUST-100113,2025-04-05,0,0,False,False,27678.8375,Current,DEBT_CONSOLIDATION
LN-502019,CUST-101042,2025-04-05,0,0,False,False,40505.34999999997,Current,DEBT_CONSOLIDATION
LN-502020,CUST-107401,2025-04-05,0,0,False,False,42309.36000000001,Current,DEBT_CONSOLIDATION
LN-502021,CUST-104584,2025-04-05,0,0,False,False,35337.04,Current,DEBT_CONSOLIDATION
LN-502023,CUST-101598,2025-04-05,0,0,False,False,2259.5700000000015,Current,DEBT_CONSOLIDATION
LN-502024,CUST-106640,2025-04-05,0,0,False,False,28227.834999999995,Current,DEBT_CONSOLIDATION
LN-502027,CUST-101383,2025-04-05,0,0,False,False,21004.39,Current,DEBT_CONSOLIDATION
LN-502028,CUST-101937,2025-04-05,0,0,False,False,12451.215,Current,DEBT_CONSOLIDATION
LN-502029,CUST-106809,2025-04-05,0,0,False,False,17620.760000000002,Current,DEBT_CONSOLIDATION
LN-502030,CUST-106217,2025-04-05,0,0,False,False,53454.32,Current,DEBT_CONSOLIDATION
LN-502031,CUST-101449,2025-04-05,0,0,False,False,4625.554999999996,Current,DEBT_CONSOLIDATION
LN-502032,CUST-101508,2025-04-05,0,0,False,False,23839.725000000002,Current,DEBT_CONSOLIDATION
LN-502033,CUST-102329,2025-04-05,0,0,False,False,20959.840000000004,Current,DEBT_CONSOLIDATION
LN-502034,CUST-103040,2025-04-05,4,114,False,False,2544.7999999999984,90+,DEBT_CONSOLIDATION
LN-502035,CUST-101965,2025-04-05,0,0,False,False,24497.980000000003,Current,DEBT_CONSOLIDATION
LN-502036,CUST-104205,2025-04-05,0,0,False,False,15942.14,Current,DEBT_CONSOLIDATION
LN-502037,CUST-105102,2025-04-05,0,0,False,False,36609.51250000001,Current,DEBT_CONSOLIDATION
LN-502038,CUST-100919,2025-04-05,0,0,False,False,8622.324999999997,Current,DEBT_CONSOLIDATION
LN-502039,CUST-100096,2025-04-05,0,0,False,False,27312.560000000005,Current,DEBT_CONSOLIDATION
LN-502040,CUST-104405,2025-04-05,0,0,False,False,66229.8,Current,DEBT_CONSOLIDATION
LN-502041,CUST-104937,2025-04-05,0,0,False,False,24575.522500000006,Current,DEBT_CONSOLIDATION
LN-502043,CUST-106301,2025-04-05,0,0,False,False,67148.86500000002,Current,DEBT_CONSOLIDATION
LN-502044,CUST-101103,2025-04-05,0,0,False,False,21466.435,Current,DEBT_CONSOLIDATION
LN-502045,CUST-103792,2025-04-05,0,0,False,False,35870.74499999998,Current,DEBT_CONSOLIDATION
LN-502046,CUST-106412,2025-04-05,0,0,False,False,211087.26750000007,Current,DEBT_CONSOLIDATION
LN-502047,CUST-104949,2025-04-05,1,23,False,False,20977.62,1-29,DEBT_CONSOLIDATION
LN-502048,CUST-100581,2025-04-05,0,0,False,False,2675.5000000000014,Current,DEBT_CONSOLIDATION
LN-502049,CUST-103090,2025-04-05,0,0,False,False,21851.414999999994,Current,DEBT_CONSOLIDATION
LN-502050,CUST-101914,2025-04-05,0,0,False,False,14476.750000000004,Current,DEBT_CONSOLIDATION
LN-502051,CUST-102445,2025-04-05,0,0,False,False,6817.110000000001,Current,DEBT_CONSOLIDATION
LN-502052,CUST-104097,2025-04-05,0,0,False,False,29352.610000000008,Current,DEBT_CONSOLIDATION
LN-502053,CUST-101020,2025-04-05,0,0,False,False,12156.019999999993,Current,DEBT_CONSOLIDATION
LN-502054,CUST-106987,2025-04-05,0,0,False,False,12611.849999999988,Current,DEBT_CONSOLIDATION
LN-502056,CUST-105811,2025-04-05,0,0,False,False,30888.252499999988,Current,DEBT_CONSOLIDATION
LN-502057,CUST-100627,2025-04-05,0,0,False,False,22136.78,Current,DEBT_CONSOLIDATION
LN-502058,CUST-103554,2025-04-05,0,0,False,False,18893.600000000002,Current,DEBT_CONSOLIDATION
LN-502059,CUST-107180,2025-04-05,0,0,False,False,8918.58,Current,DEBT_CONSOLIDATION
LN-502061,CUST-102138,2025-04-05,0,0,False,False,46168.487499999996,Current,DEBT_CONSOLIDATION
LN-502062,CUST-100933,2025-04-05,0,0,False,False,17527.442500000023,Current,DEBT_CONSOLIDATION
LN-502064,CUST-106096,2025-04-05,0,0,False,False,18261.927499999998,Current,DEBT_CONSOLIDATION
LN-502065,CUST-104099,2025-04-05,0,0,False,False,12800.307499999997,Current,DEBT_CONSOLIDATION
LN-502066,CUST-105714,2025-04-05,0,0,False,False,6852.345,Current,DEBT_CONSOLIDATION
LN-502067,CUST-105946,2025-04-05,0,0,False,False,21914.68,Current,DEBT_CONSOLIDATION
LN-502068,CUST-103689,2025-04-05,0,0,False,False,16687.034999999993,Current,DEBT_CONSOLIDATION
LN-502069,CUST-102340,2025-04-05,0,0,False,False,46756.49000000002,Current,DEBT_CONSOLIDATION
LN-502070,CUST-105003,2025-04-05,0,0,False,False,29101.464999999997,Current,DEBT_CONSOLIDATION
LN-502071,CUST-105301,2025-04-05,0,0,False,False,2270.435000000001,Current,DEBT_CONSOLIDATION
LN-502072,CUST-100068,2025-04-05,0,0,False,False,52911.63,Current,DEBT_CONSOLIDATION
LN-502073,CUST-106619,2025-04-05,0,0,False,False,14280.675000000005,Current,DEBT_CONSOLIDATION
LN-502074,CUST-104454,2025-04-05,0,0,False,False,120369.55,Current,DEBT_CONSOLIDATION
LN-502075,CUST-100756,2025-04-05,0,0,False,False,35345.805,Current,DEBT_CONSOLIDATION
LN-502076,CUST-106985,2025-04-05,0,0,False,False,33932.5,Current,DEBT_CONSOLIDATION
LN-502077,CUST-101108,2025-04-05,0,0,False,False,1655.9999999999986,Current,DEBT_CONSOLIDATION
LN-502079,CUST-102739,2025-04-05,1,9,False,False,28950.98,1-29,DEBT_CONSOLIDATION
LN-502080,CUST-100296,2025-04-05,0,0,False,False,17269.395000000004,Current,DEBT_CONSOLIDATION
LN-502082,CUST-104745,2025-04-05,1,14,False,False,16782.06,1-29,DEBT_CONSOLIDATION
LN-502083,CUST-107934,2025-04-05,0,0,False,False,18013.085000000003,Current,DEBT_CONSOLIDATION
LN-502084,CUST-105394,2025-04-05,0,0,False,False,3479.590000000003,Current,DEBT_CONSOLIDATION
LN-502085,CUST-105273,2025-04-05,0,0,False,False,105655.24000000003,Current,DEBT_CONSOLIDATION
LN-502086,CUST-105490,2025-04-05,0,0,False,False,23059.665,Current,DEBT_CONSOLIDATION
LN-502087,CUST-100174,2025-04-05,0,0,False,False,12128.900000000001,Current,DEBT_CONSOLIDATION
LN-502088,CUST-103809,2025-04-05,0,0,False,False,26708.44499999999,Current,DEBT_CONSOLIDATION
LN-502089,CUST-100986,2025-04-05,0,0,False,False,18718.220000000012,Current,DEBT_CONSOLIDATION
LN-502090,CUST-105127,2025-04-05,0,0,False,False,8221.730000000003,Current,DEBT_CONSOLIDATION
LN-502091,CUST-102025,2025-04-05,0,0,False,False,13687.849999999999,Current,DEBT_CONSOLIDATION
LN-502092,CUST-105473,2025-04-05,0,0,False,False,14620.599999999999,Current,DEBT_CONSOLIDATION
LN-502093,CUST-107830,2025-04-05,0,0,False,False,3273.9799999999973,Current,DEBT_CONSOLIDATION
LN-502094,CUST-105027,2025-04-05,0,0,False,False,13045.554999999991,Current,DEBT_CONSOLIDATION
LN-502096,CUST-100929,2025-04-05,0,0,False,False,6648.389999999999,Current,DEBT_CONSOLIDATION
LN-502097,CUST-107941,2025-04-05,0,0,False,False,34945.0,Current,DEBT_CONSOLIDATION
LN-502098,CUST-100921,2025-04-05,0,0,False,False,14936.81,Current,DEBT_CONSOLIDATION
LN-502099,CUST-104763,2025-04-05,0,0,False,False,31167.9375,Current,DEBT_CONSOLIDATION
LN-502100,CUST-101047,2025-04-05,0,0,False,False,537721.08,Current,DEBT_CONSOLIDATION
LN-502101,CUST-102065,2025-04-05,0,0,False,False,30918.24,Current,DEBT_CONSOLIDATION
LN-502102,CUST-106807,2025-04-05,0,0,False,False,16583.330000000005,Current,DEBT_CONSOLIDATION
LN-502104,CUST-104399,2025-04-05,0,0,False,False,2266.26,Current,DEBT_CONSOLIDATION
LN-502105,CUST-101927,2025-04-05,0,0,False,False,613523.95,Current,DEBT_CONSOLIDATION
LN-502106,CUST-102126,2025-04-05,0,0,False,False,8766.02000000001,Current,DEBT_CONSOLIDATION
LN-502107,CUST-103064,2025-04-05,0,0,False,False,10248.4,Current,DEBT_CONSOLIDATION
LN-502108,CUST-102497,2025-04-05,0,0,False,False,25628.842500000002,Current,DEBT_CONSOLIDATION
LN-502110,CUST-104476,2025-04-05,0,0,False,False,9073.145,Current,DEBT_CONSOLIDATION
LN-502111,CUST-103951,2025-04-05,0,0,False,False,13304.397499999992,Current,DEBT_CONSOLIDATION
LN-502112,CUST-106562,2025-04-05,0,0,False,False,11626.497499999998,Current,DEBT_CONSOLIDATION
LN-502113,CUST-104349,2025-04-05,0,0,False,False,3680.449999999999,Current,DEBT_CONSOLIDATION
LN-502114,CUST-103446,2025-04-05,2,45,True,False,26384.817499999997,30-59,DEBT_CONSOLIDATION
LN-502115,CUST-103069,2025-04-05,0,0,False,False,35065.78,Current,DEBT_CONSOLIDATION
LN-502116,CUST-101974,2025-04-05,0,0,False,False,10564.229999999994,Current,DEBT_CONSOLIDATION
LN-502117,CUST-107755,2025-04-05,0,0,False,False,321450.06,Current,DEBT_CONSOLIDATION
LN-502118,CUST-101027,2025-04-05,0,0,False,False,19668.210000000003,Current,DEBT_CONSOLIDATION
LN-502119,CUST-106322,2025-04-05,0,0,False,False,9845.940000000002,Current,DEBT_CONSOLIDATION
LN-502120,CUST-101377,2025-04-05,0,0,False,False,31765.677499999998,Current,DEBT_CONSOLIDATION
LN-502121,CUST-106069,2025-04-05,0,0,False,False,22805.875000000007,Current,DEBT_CONSOLIDATION
LN-502122,CUST-105915,2025-04-05,0,0,False,False,11825.680000000004,Current,DEBT_CONSOLIDATION
LN-502123,CUST-107863,2025-04-05,0,0,False,False,24515.229999999996,Current,DEBT_CONSOLIDATION
LN-502124,CUST-106025,2025-04-05,0,0,False,False,2635.8500000000004,Current,DEBT_CONSOLIDATION
LN-502125,CUST-107975,2025-04-05,0,0,False,False,31861.59500000001,Current,DEBT_CONSOLIDATION
LN-502126,CUST-100885,2025-04-05,0,0,False,False,18611.9,Current,DEBT_CONSOLIDATION
LN-502128,CUST-103099,2025-04-05,0,0,False,False,7382.29,Current,DEBT_CONSOLIDATION
LN-502129,CUST-106936,2025-04-05,0,0,False,False,16723.845,Current,DEBT_CONSOLIDATION
LN-502131,CUST-100723,2025-04-05,0,0,False,False,12996.35,Current,DEBT_CONSOLIDATION
LN-502132,CUST-105854,2025-04-05,0,0,False,False,31998.237500000003,Current,DEBT_CONSOLIDATION
LN-502133,CUST-104287,2025-04-05,0,0,False,False,17916.920000000006,Current,DEBT_CONSOLIDATION
LN-502134,CUST-102695,2025-04-05,0,0,False,False,46608.67500000003,Current,DEBT_CONSOLIDATION
LN-502137,CUST-105849,2025-04-05,0,0,False,False,11363.022499999997,Current,DEBT_CONSOLIDATION
LN-502138,CUST-103399,2025-04-05,0,0,False,False,31874.125,Current,DEBT_CONSOLIDATION
LN-502139,CUST-106045,2025-04-05,0,0,True,False,30408.145,Current,DEBT_CONSOLIDATION
LN-502140,CUST-103284,2025-04-05,0,0,False,False,12145.459999999994,Current,DEBT_CONSOLIDATION
LN-502141,CUST-102073,2025-04-05,0,0,False,False,27744.520000000004,Current,DEBT_CONSOLIDATION
LN-502142,CUST-105451,2025-04-05,0,0,False,False,14316.912499999991,Current,DEBT_CONSOLIDATION
LN-502143,CUST-102249,2025-04-05,0,0,False,False,18967.31750000001,Current,DEBT_CONSOLIDATION
LN-502145,CUST-101985,2025-04-05,0,0,False,False,13261.75499999999,Current,DEBT_CONSOLIDATION
LN-502146,CUST-103109,2025-04-05,0,0,False,False,15507.000000000011,Current,DEBT_CONSOLIDATION
LN-502147,CUST-102727,2025-04-05,0,0,False,False,20868.257499999992,Current,DEBT_CONSOLIDATION
LN-502149,CUST-107676,2025-04-05,0,0,False,False,9147.51,Current,DEBT_CONSOLIDATION
LN-502150,CUST-106422,2025-04-05,0,0,False,False,34827.0675,Current,DEBT_CONSOLIDATION
LN-502152,CUST-101702,2025-04-05,3,81,False,False,49306.545,60-89,DEBT_CONSOLIDATION
LN-502153,CUST-100703,2025-04-05,0,0,False,False,9398.939999999999,Current,DEBT_CONSOLIDATION
LN-502154,CUST-105388,2025-04-05,0,0,False,False,2422.7999999999997,Current,DEBT_CONSOLIDATION
LN-502155,CUST-104696,2025-04-05,0,0,False,False,30555.439999999995,Current,DEBT_CONSOLIDATION
LN-502156,CUST-103922,2025-04-05,0,0,False,False,15177.5,Current,DEBT_CONSOLIDATION
LN-502158,CUST-102433,2025-04-05,0,0,False,False,9658.130000000003,Current,DEBT_CONSOLIDATION
LN-502159,CUST-104602,2025-04-05,0,0,False,False,31299.17999999998,Current,DEBT_CONSOLIDATION
LN-502160,CUST-103971,2025-04-05,0,0,False,False,6695.1425,Current,DEBT_CONSOLIDATION
LN-502163,CUST-107145,2025-04-05,0,0,False,False,38351.42999999997,Current,DEBT_CONSOLIDATION
LN-502164,CUST-100989,2025-04-05,0,0,False,False,33703.39250000002,Current,DEBT_CONSOLIDATION
LN-502166,CUST-101541,2025-04-05,1,22,False,False,144130.76750000002,1-29,DEBT_CONSOLIDATION
LN-502168,CUST-104710,2025-04-05,0,0,False,False,13400.560000000001,Current,DEBT_CONSOLIDATION
LN-502169,CUST-106815,2025-04-05,1,18,False,False,10017.562499999995,1-29,DEBT_CONSOLIDATION
LN-502170,CUST-103605,2025-04-05,0,0,False,False,12992.73250000001,Current,DEBT_CONSOLIDATION
LN-502171,CUST-107527,2025-04-05,0,0,False,False,4663.12,Current,DEBT_CONSOLIDATION
LN-502172,CUST-103287,2025-04-05,0,0,False,False,8839.780000000002,Current,DEBT_CONSOLIDATION
LN-502174,CUST-107345,2025-04-05,0,0,False,False,33017.9825,Current,DEBT_CONSOLIDATION
LN-502175,CUST-107679,2025-04-05,0,0,False,False,19213.959999999995,Current,DEBT_CONSOLIDATION
LN-502176,CUST-106518,2025-04-05,2,33,False,False,41106.74,30-59,DEBT_CONSOLIDATION
LN-502177,CUST-107004,2025-04-05,0,0,False,False,24479.847500000014,Current,DEBT_CONSOLIDATION
LN-502180,CUST-107600,2025-04-05,0,0,False,False,10720.195000000009,Current,DEBT_CONSOLIDATION
LN-502182,CUST-100841,2025-04-05,0,0,False,False,30115.18,Current,DEBT_CONSOLIDATION
LN-502183,CUST-103244,2025-04-05,0,0,False,False,22666.777500000004,Current,DEBT_CONSOLIDATION
LN-502185,CUST-100259,2025-04-05,0,0,False,False,29234.47250000001,Current,DEBT_CONSOLIDATION
LN-502186,CUST-100731,2025-04-05,0,0,False,False,8433.964999999991,Current,DEBT_CONSOLIDATION
LN-502187,CUST-103274,2025-04-05,0,0,False,False,21588.42,Current,DEBT_CONSOLIDATION
LN-502189,CUST-104089,2025-04-05,0,0,False,False,367384.01,Current,DEBT_CONSOLIDATION
LN-502190,CUST-100013,2025-04-05,0,0,False,False,28348.867499999993,Current,DEBT_CONSOLIDATION
LN-502191,CUST-105854,2025-04-05,0,0,False,False,10794.174999999996,Current,DEBT_CONSOLIDATION
LN-502192,CUST-101890,2025-04-05,0,0,False,False,11124.284999999996,Current,DEBT_CONSOLIDATION
LN-502193,CUST-106431,2025-04-05,0,0,False,False,40044.25000000004,Current,DEBT_CONSOLIDATION
LN-502194,CUST-100900,2025-04-05,0,0,False,False,38463.17999999999,Current,DEBT_CONSOLIDATION
LN-502195,CUST-105988,2025-04-05,2,43,False,False,61287.322499999995,30-59,DEBT_CONSOLIDATION
LN-502197,CUST-102397,2025-04-05,0,0,False,False,2059.4,Current,DEBT_CONSOLIDATION
LN-502198,CUST-107614,2025-04-05,0,0,False,False,22203.21999999999,Current,DEBT_CONSOLIDATION
LN-502199,CUST-106579,2025-04-05,0,0,False,False,7878.33,Current,DEBT_CONSOLIDATION
LN-502200,CUST-104700,2025-04-05,0,0,False,False,14160.235000000006,Current,DEBT_CONSOLIDATION
LN-502201,CUST-105139,2025-04-05,0,0,False,False,22062.44,Current,DEBT_CONSOLIDATION
LN-502202,CUST-102495,2025-04-05,1,17,False,False,6313.747500000002,1-29,DEBT_CONSOLIDATION
LN-502203,CUST-105771,2025-04-05,0,0,False,False,14199.14750000001,Current,DEBT_CONSOLIDATION
LN-502204,CUST-102217,2025-04-05,4,113,False,False,7958.299999999999,90+,DEBT_CONSOLIDATION
LN-502206,CUST-102431,2025-04-05,0,0,False,False,2385.7050000000004,Current,DEBT_CONSOLIDATION
LN-502207,CUST-107842,2025-04-05,0,0,False,False,57953.837499999994,Current,DEBT_CONSOLIDATION
LN-502208,CUST-105173,2025-04-05,0,0,False,False,12328.742500000008,Current,DEBT_CONSOLIDATION
LN-502209,CUST-102990,2025-04-05,0,0,False,False,24023.947499999995,Current,DEBT_CONSOLIDATION
LN-502210,CUST-101469,2025-04-05,0,0,False,False,10081.497499999998,Current,DEBT_CONSOLIDATION
LN-502211,CUST-100365,2025-04-05,0,0,False,False,22623.710000000014,Current,DEBT_CONSOLIDATION
LN-502212,CUST-100036,2025-04-05,1,22,False,False,179771.2199999999,1-29,DEBT_CONSOLIDATION
LN-502213,CUST-105998,2025-04-05,0,0,False,False,100078.79000000005,Current,DEBT_CONSOLIDATION
LN-502214,CUST-100833,2025-04-05,0,0,False,False,19135.844999999998,Current,DEBT_CONSOLIDATION
LN-502215,CUST-101269,2025-04-05,0,0,False,False,14455.359999999999,Current,DEBT_CONSOLIDATION
LN-502218,CUST-103042,2025-04-05,0,0,False,False,896.6249999999999,Current,DEBT_CONSOLIDATION
LN-502219,CUST-106351,2025-04-05,0,0,False,False,14457.49,Current,DEBT_CONSOLIDATION
LN-502220,CUST-104013,2025-04-05,0,0,False,False,1123.08,Current,DEBT_CONSOLIDATION
LN-502221,CUST-105223,2025-04-05,0,0,False,False,17445.26,Current,DEBT_CONSOLIDATION
LN-502222,CUST-107928,2025-04-05,0,0,False,False,8100.799999999998,Current,DEBT_CONSOLIDATION
LN-502223,CUST-104665,2025-04-05,0,0,False,False,3030.9599999999987,Current,DEBT_CONSOLIDATION
LN-502224,CUST-101728,2025-04-05,0,0,False,False,27364.442499999994,Current,DEBT_CONSOLIDATION
LN-502225,CUST-103955,2025-04-05,0,0,False,False,24505.845,Current,DEBT_CONSOLIDATION
LN-502226,CUST-106907,2025-04-05,0,0,False,False,16305.520000000017,Current,DEBT_CONSOLIDATION
LN-502227,CUST-102119,2025-04-05,0,0,False,False,55209.56750000002,Current,DEBT_CONSOLIDATION
LN-502228,CUST-103043,2025-04-05,0,0,False,False,10181.329999999996,Current,DEBT_CONSOLIDATION
LN-502230,CUST-106311,2025-04-05,0,0,False,False,10002.579999999998,Current,DEBT_CONSOLIDATION
LN-502231,CUST-100586,2025-04-05,0,0,False,False,18058.660000000014,Current,DEBT_CONSOLIDATION
LN-502232,CUST-101699,2025-04-05,0,0,False,False,46128.375,Current,DEBT_CONSOLIDATION
LN-502233,CUST-101769,2025-04-05,1,31,False,False,7144.705000000002,1-29,DEBT_CONSOLIDATION
LN-502234,CUST-104492,2025-04-05,0,0,False,False,14389.594999999998,Current,DEBT_CONSOLIDATION
LN-502236,CUST-107096,2025-04-05,2,41,False,False,46722.92749999999,30-59,DEBT_CONSOLIDATION
LN-502237,CUST-100557,2025-04-05,0,0,False,False,30438.324999999997,Current,DEBT_CONSOLIDATION
LN-502238,CUST-107925,2025-04-05,0,0,False,False,200616.44999999995,Current,DEBT_CONSOLIDATION
LN-502239,CUST-106699,2025-04-05,0,0,False,False,35504.92999999996,Current,DEBT_CONSOLIDATION
LN-502241,CUST-105893,2025-04-05,0,0,False,False,10235.152499999998,Current,DEBT_CONSOLIDATION
LN-502242,CUST-107134,2025-04-05,0,0,False,False,1688.3975000000005,Current,DEBT_CONSOLIDATION
LN-502243,CUST-106294,2025-04-05,0,0,False,False,5824.8200000000015,Current,DEBT_CONSOLIDATION
LN-502244,CUST-102719,2025-04-05,0,0,False,False,10205.440000000002,Current,DEBT_CONSOLIDATION
LN-502245,CUST-103357,2025-04-05,0,0,False,False,352403.11,Current,DEBT_CONSOLIDATION
LN-502246,CUST-107200,2025-04-05,0,0,False,False,27240.28499999999,Current,DEBT_CONSOLIDATION
LN-502249,CUST-101802,2025-04-05,0,0,False,False,15764.850000000002,Current,DEBT_CONSOLIDATION
LN-502250,CUST-105261,2025-04-05,0,0,False,False,24031.200000000004,Current,DEBT_CONSOLIDATION
LN-502251,CUST-107034,2025-04-05,0,0,False,False,45083.970000000016,Current,DEBT_CONSOLIDATION
LN-502252,CUST-102268,2025-04-05,0,0,False,False,17109.11999999998,Current,DEBT_CONSOLIDATION
LN-502254,CUST-104576,2025-04-05,0,0,False,False,32151.350000000017,Current,DEBT_CONSOLIDATION
LN-502255,CUST-107559,2025-04-05,0,0,False,False,33017.87499999999,Current,DEBT_CONSOLIDATION
LN-502256,CUST-104290,2025-04-05,0,0,False,False,23008.709999999995,Current,DEBT_CONSOLIDATION
LN-502257,CUST-100275,2025-04-05,0,0,False,False,12933.630000000001,Current,DEBT_CONSOLIDATION
LN-502258,CUST-105896,2025-04-05,1,23,False,False,10598.0925,1-29,DEBT_CONSOLIDATION
LN-502259,CUST-104076,2025-04-05,0,0,False,False,11033.765000000001,Current,DEBT_CONSOLIDATION
LN-502260,CUST-103736,2025-04-05,0,0,False,False,22974.72000000001,Current,DEBT_CONSOLIDATION
LN-502261,CUST-102446,2025-04-05,0,0,False,False,25182.68500000001,Current,DEBT_CONSOLIDATION
LN-502262,CUST-102854,2025-04-05,0,0,False,True,6317.690000000002,Current,DEBT_CONSOLIDATION
LN-502263,CUST-102243,2025-04-05,0,0,False,False,33740.41999999998,Current,DEBT_CONSOLIDATION
LN-502264,CUST-100291,2025-04-05,0,0,True,False,12273.362499999997,Current,DEBT_CONSOLIDATION
LN-502265,CUST-102778,2025-04-05,0,0,False,False,9636.404999999999,Current,DEBT_CONSOLIDATION
LN-502266,CUST-102417,2025-04-05,0,0,False,False,49071.66,Current,DEBT_CONSOLIDATION
LN-502267,CUST-105310,2025-04-05,0,0,False,False,44991.104999999996,Current,DEBT_CONSOLIDATION
LN-502268,CUST-100333,2025-04-05,0,0,False,False,132126.00250000003,Current,DEBT_CONSOLIDATION
LN-502269,CUST-105743,2025-04-05,0,0,False,False,49678.32499999998,Current,DEBT_CONSOLIDATION
LN-502270,CUST-104441,2025-04-05,0,0,False,False,113697.72000000002,Current,DEBT_CONSOLIDATION
LN-502271,CUST-100666,2025-04-05,0,0,False,False,111391.945,Current,DEBT_CONSOLIDATION
LN-502272,CUST-103342,2025-04-05,0,0,False,False,24813.617500000008,Current,DEBT_CONSOLIDATION
LN-502273,CUST-105016,2025-04-05,0,0,False,False,90358.95,Current,DEBT_CONSOLIDATION
LN-502274,CUST-105922,2025-04-05,0,0,False,False,34958.354999999996,Current,DEBT_CONSOLIDATION
LN-502275,CUST-105420,2025-04-05,0,0,False,False,43741.31500000001,Current,DEBT_CONSOLIDATION
LN-502276,CUST-100330,2025-04-05,0,0,True,False,14720.855000000003,Current,DEBT_CONSOLIDATION
LN-502277,CUST-103410,2025-04-05,0,0,False,False,13416.780000000006,Current,DEBT_CONSOLIDATION
LN-502278,CUST-104604,2025-04-05,0,0,False,False,1980.1175000000003,Current,DEBT_CONSOLIDATION
LN-502279,CUST-103712,2025-04-05,0,0,False,False,37299.264999999956,Current,DEBT_CONSOLIDATION
LN-502280,CUST-107348,2025-04-05,0,0,False,False,3659.7599999999984,Current,DEBT_CONSOLIDATION
LN-502282,CUST-103961,2025-04-05,0,0,False,False,12216.482499999993,Current,DEBT_CONSOLIDATION
LN-502284,CUST-100018,2025-04-05,0,0,False,False,14303.24,Current,DEBT_CONSOLIDATION
LN-502285,CUST-100718,2025-04-05,0,0,False,False,10497.570000000003,Current,DEBT_CONSOLIDATION
LN-502286,CUST-106429,2025-04-05,0,0,False,False,12818.804999999997,Current,DEBT_CONSOLIDATION
LN-502287,CUST-107838,2025-04-05,0,0,False,False,20801.71000000001,Current,DEBT_CONSOLIDATION
LN-502288,CUST-104431,2025-04-05,0,0,False,False,3173.3375,Current,DEBT_CONSOLIDATION
LN-502289,CUST-107802,2025-04-05,0,0,False,False,7405.8049999999985,Current,DEBT_CONSOLIDATION
LN-502290,CUST-103391,2025-04-05,0,0,False,False,18409.354999999992,Current,DEBT_CONSOLIDATION
LN-502291,CUST-102081,2025-04-05,0,0,False,False,336916.44,Current,DEBT_CONSOLIDATION
LN-502292,CUST-105251,2025-04-05,0,0,False,False,6806.907499999999,Current,DEBT_CONSOLIDATION
LN-502293,CUST-105396,2025-04-05,0,0,False,False,28530.27,Current,DEBT_CONSOLIDATION
LN-502295,CUST-102565,2025-04-05,0,0,False,False,11979.467500000004,Current,DEBT_CONSOLIDATION
LN-502297,CUST-107478,2025-04-05,0,0,False,False,6381.049999999999,Current,DEBT_CONSOLIDATION
LN-502298,CUST-100446,2025-04-05,0,0,False,False,62402.485,Current,DEBT_CONSOLIDATION
LN-502299,CUST-105569,2025-04-05,0,0,False,False,21756.905000000002,Current,DEBT_CONSOLIDATION
LN-502300,CUST-100298,2025-04-05,0,0,False,False,52380.487500000025,Current,DEBT_CONSOLIDATION
LN-502301,CUST-103710,2025-04-05,0,0,False,False,8525.879999999996,Current,DEBT_CONSOLIDATION
LN-502302,CUST-106199,2025-04-05,0,0,False,False,28076.540000000008,Current,DEBT_CONSOLIDATION
LN-502304,CUST-105818,2025-04-05,0,0,False,False,23727.039999999983,Current,DEBT_CONSOLIDATION
LN-502305,CUST-103640,2025-04-05,0,0,False,False,6429.0274999999965,Current,DEBT_CONSOLIDATION
LN-502306,CUST-102428,2025-04-05,0,0,False,False,9936.04999999999,Current,DEBT_CONSOLIDATION
LN-502308,CUST-102942,2025-04-05,0,0,False,False,42047.32,Current,DEBT_CONSOLIDATION
LN-502309,CUST-103784,2025-04-05,0,0,False,False,28680.374999999985,Current,DEBT_CONSOLIDATION
LN-502310,CUST-104656,2025-04-05,1,4,False,False,2587.7299999999996,1-29,DEBT_CONSOLIDATION
LN-502311,CUST-100037,2025-04-05,0,0,False,False,1168.05,Current,DEBT_CONSOLIDATION
LN-502312,CUST-105985,2025-04-05,0,0,False,False,42938.5,Current,DEBT_CONSOLIDATION
LN-502313,CUST-102162,2025-04-05,0,0,False,False,47999.25750000002,Current,DEBT_CONSOLIDATION
LN-502314,CUST-106403,2025-04-05,3,71,False,False,28475.655,60-89,DEBT_CONSOLIDATION
LN-502316,CUST-101300,2025-04-05,0,0,False,False,7411.342500000001,Current,DEBT_CONSOLIDATION
LN-502317,CUST-105305,2025-04-05,0,0,False,False,12311.972500000003,Current,DEBT_CONSOLIDATION
LN-502318,CUST-102318,2025-04-05,0,0,False,False,2047.67,Current,DEBT_CONSOLIDATION
LN-502319,CUST-103809,2025-04-05,0,0,False,False,83864.095,Current,DEBT_CONSOLIDATION
LN-502320,CUST-107728,2025-04-05,0,0,False,False,25859.062500000004,Current,DEBT_CONSOLIDATION
LN-502321,CUST-106618,2025-04-05,0,0,False,False,1957.3650000000007,Current,DEBT_CONSOLIDATION
LN-502322,CUST-102774,2025-04-05,0,0,False,False,24549.475000000013,Current,DEBT_CONSOLIDATION
LN-502323,CUST-102698,2025-04-05,0,0,False,False,13923.084999999995,Current,DEBT_CONSOLIDATION
LN-502324,CUST-101858,2025-04-05,0,0,False,False,598435.505,Current,DEBT_CONSOLIDATION
LN-502325,CUST-101966,2025-04-05,0,0,False,False,7876.655000000001,Current,DEBT_CONSOLIDATION
LN-502326,CUST-107270,2025-04-05,0,0,False,False,11388.320000000002,Current,DEBT_CONSOLIDATION
LN-502327,CUST-107220,2025-04-05,0,0,False,False,10905.079999999994,Current,DEBT_CONSOLIDATION
LN-502328,CUST-104868,2025-04-05,0,0,False,False,21089.057499999988,Current,DEBT_CONSOLIDATION
LN-502329,CUST-104645,2025-04-05,0,0,False,False,91159.37249999998,Current,DEBT_CONSOLIDATION
LN-502330,CUST-104007,2025-04-05,0,0,False,False,9258.349999999999,Current,DEBT_CONSOLIDATION
LN-502331,CUST-101720,2025-04-05,0,0,False,False,33302.457500000026,Current,DEBT_CONSOLIDATION
LN-502332,CUST-105468,2025-04-05,0,0,False,False,17783.649999999998,Current,DEBT_CONSOLIDATION
LN-502333,CUST-100735,2025-04-05,0,0,False,False,27149.30500000001,Current,DEBT_CONSOLIDATION
LN-502334,CUST-106627,2025-04-05,0,0,False,False,213496.84999999995,Current,DEBT_CONSOLIDATION
LN-502336,CUST-105891,2025-04-05,0,0,False,False,272937.7499999999,Current,DEBT_CONSOLIDATION
LN-502337,CUST-100879,2025-04-05,4,108,False,False,41884.53999999998,90+,DEBT_CONSOLIDATION
LN-502338,CUST-101379,2025-04-05,0,0,False,False,39585.625,Current,DEBT_CONSOLIDATION
LN-502339,CUST-107748,2025-04-05,0,0,False,False,35681.32,Current,DEBT_CONSOLIDATION
LN-502340,CUST-100747,2025-04-05,0,0,False,False,17301.5225,Current,DEBT_CONSOLIDATION
LN-502341,CUST-103966,2025-04-05,0,0,False,False,19242.725,Current,DEBT_CONSOLIDATION
LN-502342,CUST-106503,2025-04-05,0,0,False,False,24925.099999999988,Current,DEBT_CONSOLIDATION
LN-502343,CUST-102575,2025-04-05,0,0,False,False,9845.899999999998,Current,DEBT_CONSOLIDATION
LN-502344,CUST-102807,2025-04-05,0,0,False,False,24556.27999999999,Current,DEBT_CONSOLIDATION
LN-502345,CUST-100250,2025-04-05,0,0,False,False,6333.360000000001,Current,DEBT_CONSOLIDATION
LN-502346,CUST-103044,2025-04-05,0,0,False,False,3751.2525,Current,DEBT_CONSOLIDATION
LN-502347,CUST-100608,2025-04-05,3,63,False,False,34209.655000000006,60-89,DEBT_CONSOLIDATION
LN-502348,CUST-107610,2025-04-05,2,51,False,False,23071.672499999993,30-59,DEBT_CONSOLIDATION
LN-502349,CUST-102894,2025-04-05,0,0,False,False,45403.46249999999,Current,DEBT_CONSOLIDATION
LN-502350,CUST-107796,2025-04-05,0,0,False,False,53954.155000000006,Current,DEBT_CONSOLIDATION
LN-502351,CUST-105160,2025-04-05,0,0,False,False,18388.789999999994,Current,DEBT_CONSOLIDATION
LN-502352,CUST-100934,2025-04-05,0,0,False,False,7214.09,Current,DEBT_CONSOLIDATION
LN-502354,CUST-102146,2025-04-05,3,61,False,False,91139.83,60-89,DEBT_CONSOLIDATION
LN-502355,CUST-102901,2025-04-05,0,0,False,False,34337.68000000001,Current,DEBT_CONSOLIDATION
LN-502357,CUST-106274,2025-04-05,0,0,False,False,20646.449999999997,Current,DEBT_CONSOLIDATION
LN-502358,CUST-105268,2025-04-05,0,0,False,False,19155.320000000014,Current,DEBT_CONSOLIDATION
LN-502359,CUST-107746,2025-04-05,0,0,False,False,21218.20500000001,Current,DEBT_CONSOLIDATION
LN-502360,CUST-106905,2025-04-05,0,0,False,False,7029.790000000002,Current,DEBT_CONSOLIDATION
LN-502361,CUST-107307,2025-04-05,0,0,False,False,21300.320000000003,Current,DEBT_CONSOLIDATION
LN-502362,CUST-103030,2025-04-05,0,0,False,False,865.7900000000004,Current,DEBT_CONSOLIDATION
LN-502363,CUST-103161,2025-04-05,1,9,False,False,13968.737500000001,1-29,DEBT_CONSOLIDATION
LN-502364,CUST-104747,2025-04-05,0,0,False,False,19599.9,Current,DEBT_CONSOLIDATION
LN-502365,CUST-104616,2025-04-05,0,0,False,False,14386.214999999997,Current,DEBT_CONSOLIDATION
LN-502366,CUST-104920,2025-04-05,0,0,False,False,6748.21,Current,DEBT_CONSOLIDATION
LN-502367,CUST-101512,2025-04-05,0,0,False,False,26785.519999999997,Current,DEBT_CONSOLIDATION
LN-502368,CUST-106378,2025-04-05,0,0,False,False,27792.839999999997,Current,DEBT_CONSOLIDATION
LN-502369,CUST-100970,2025-04-05,0,0,False,False,24933.86000000001,Current,DEBT_CONSOLIDATION
LN-502370,CUST-106748,2025-04-05,0,0,False,False,31705.95,Current,DEBT_CONSOLIDATION
LN-502372,CUST-100305,2025-04-05,0,0,False,False,24307.762499999997,Current,DEBT_CONSOLIDATION
LN-502373,CUST-100889,2025-04-05,0,0,False,False,72465.2,Current,DEBT_CONSOLIDATION
LN-502374,CUST-103671,2025-04-05,0,0,False,False,11212.930000000002,Current,DEBT_CONSOLIDATION
LN-502377,CUST-105712,2025-04-05,0,0,False,False,117501.30999999992,Current,DEBT_CONSOLIDATION
LN-502379,CUST-102768,2025-04-05,0,0,False,False,14587.850000000002,Current,DEBT_CONSOLIDATION
LN-502380,CUST-100302,2025-04-05,0,0,False,False,29804.019999999997,Current,DEBT_CONSOLIDATION
LN-502381,CUST-101092,2025-04-05,0,0,False,False,45977.49499999999,Current,DEBT_CONSOLIDATION
LN-502382,CUST-100423,2025-04-05,1,25,False,False,11645.88,1-29,DEBT_CONSOLIDATION
LN-502383,CUST-100204,2025-04-05,0,0,False,False,24518.10499999999,Current,DEBT_CONSOLIDATION
LN-502384,CUST-106925,2025-04-05,0,0,False,False,19774.392499999984,Current,DEBT_CONSOLIDATION
LN-502386,CUST-104137,2025-04-05,0,0,False,False,15945.569999999996,Current,DEBT_CONSOLIDATION
LN-502387,CUST-105163,2025-04-05,0,0,False,False,80450.37999999999,Current,DEBT_CONSOLIDATION
LN-502388,CUST-105819,2025-04-05,0,0,False,False,38829.34250000003,Current,DEBT_CONSOLIDATION
LN-502390,CUST-104934,2025-04-05,0,0,False,False,7904.465,Current,DEBT_CONSOLIDATION
LN-502391,CUST-104404,2025-04-05,0,0,False,False,42617.08500000003,Current,DEBT_CONSOLIDATION
LN-502393,CUST-102949,2025-04-05,0,0,False,False,108496.03000000001,Current,DEBT_CONSOLIDATION
LN-502394,CUST-106431,2025-04-05,1,5,False,False,41601.439999999995,1-29,DEBT_CONSOLIDATION
LN-502395,CUST-106279,2025-04-05,0,0,False,False,15092.324999999999,Current,DEBT_CONSOLIDATION
LN-502396,CUST-105786,2025-04-05,2,34,False,False,28343.5475,30-59,DEBT_CONSOLIDATION
LN-502397,CUST-103775,2025-04-05,0,0,False,False,32358.939999999962,Current,DEBT_CONSOLIDATION
LN-502398,CUST-104069,2025-04-05,0,0,False,False,25224.24,Current,DEBT_CONSOLIDATION
LN-502399,CUST-104342,2025-04-05,0,0,False,False,50436.05000000001,Current,DEBT_CONSOLIDATION
LN-502403,CUST-101614,2025-04-05,0,0,False,False,11617.000000000002,Current,DEBT_CONSOLIDATION
LN-502404,CUST-104929,2025-04-05,0,0,False,False,17729.27,Current,DEBT_CONSOLIDATION
LN-502405,CUST-100166,2025-04-05,0,0,False,False,8830.494999999994,Current,DEBT_CONSOLIDATION
LN-502406,CUST-107274,2025-04-05,0,0,False,False,8873.470000000008,Current,DEBT_CONSOLIDATION
LN-502409,CUST-103002,2025-04-05,0,0,False,False,27362.1,Current,DEBT_CONSOLIDATION
LN-502410,CUST-100804,2025-04-05,0,0,False,False,11441.029999999993,Current,DEBT_CONSOLIDATION
LN-502412,CUST-101950,2025-04-05,0,0,False,False,8964.102500000003,Current,DEBT_CONSOLIDATION
LN-502413,CUST-104299,2025-04-05,0,0,False,False,27698.224999999995,Current,DEBT_CONSOLIDATION
LN-502414,CUST-107795,2025-04-05,1,15,False,False,12625.282500000005,1-29,DEBT_CONSOLIDATION
LN-502415,CUST-106793,2025-04-05,0,0,False,False,15947.119999999995,Current,DEBT_CONSOLIDATION
LN-502416,CUST-103143,2025-04-05,0,0,False,False,12941.919999999995,Current,DEBT_CONSOLIDATION
LN-502417,CUST-100125,2025-04-05,0,0,False,False,5272.412499999999,Current,DEBT_CONSOLIDATION
LN-502418,CUST-105198,2025-04-05,0,0,False,False,39586.729999999996,Current,DEBT_CONSOLIDATION
LN-502419,CUST-104844,2025-04-05,0,0,False,False,15189.54500000001,Current,DEBT_CONSOLIDATION
LN-502420,CUST-100145,2025-04-05,0,0,False,False,20511.435,Current,DEBT_CONSOLIDATION
LN-502422,CUST-103351,2025-04-05,0,0,False,False,26191.5825,Current,DEBT_CONSOLIDATION
LN-502424,CUST-101703,2025-04-05,0,0,False,False,8628.42,Current,DEBT_CONSOLIDATION
LN-502425,CUST-105879,2025-04-05,0,0,False,False,263687.3675000001,Current,DEBT_CONSOLIDATION
LN-502426,CUST-103503,2025-04-05,0,0,False,False,10053.879999999997,Current,DEBT_CONSOLIDATION
LN-502427,CUST-105482,2025-04-05,2,46,False,False,12444.890000000003,30-59,DEBT_CONSOLIDATION
LN-502428,CUST-103720,2025-04-05,0,0,False,False,11981.899999999998,Current,DEBT_CONSOLIDATION
LN-502429,CUST-104871,2025-04-05,0,0,False,False,56234.03,Current,DEBT_CONSOLIDATION
LN-502430,CUST-100584,2025-04-05,0,0,False,False,31960.099999999984,Current,DEBT_CONSOLIDATION
LN-502431,CUST-103879,2025-04-05,0,0,False,False,21564.29,Current,DEBT_CONSOLIDATION
LN-502432,CUST-107394,2025-04-05,0,0,False,False,27806.085,Current,DEBT_CONSOLIDATION
LN-502433,CUST-100975,2025-04-05,0,0,False,False,22114.24750000001,Current,DEBT_CONSOLIDATION
LN-502434,CUST-107042,2025-04-05,0,0,False,False,31475.750000000004,Current,DEBT_CONSOLIDATION
LN-502435,CUST-100766,2025-04-05,0,0,False,False,34883.04499999999,Current,DEBT_CONSOLIDATION
LN-502436,CUST-102307,2025-04-05,0,0,False,False,32696.309999999994,Current,DEBT_CONSOLIDATION
LN-502437,CUST-107747,2025-04-05,0,0,False,False,30748.899999999994,Current,DEBT_CONSOLIDATION
LN-502438,CUST-101245,2025-04-05,0,0,False,False,44395.104999999996,Current,DEBT_CONSOLIDATION
LN-502439,CUST-107576,2025-04-05,1,31,False,False,27357.19499999999,1-29,DEBT_CONSOLIDATION
LN-502440,CUST-100428,2025-04-05,0,0,False,False,13624.425000000001,Current,DEBT_CONSOLIDATION
LN-502441,CUST-104501,2025-04-05,0,0,False,False,12841.99,Current,DEBT_CONSOLIDATION
LN-502443,CUST-100839,2025-04-05,0,0,False,False,7979.799999999999,Current,DEBT_CONSOLIDATION
LN-502444,CUST-105076,2025-04-05,0,0,False,False,32630.300000000017,Current,DEBT_CONSOLIDATION
LN-502445,CUST-106249,2025-04-05,0,0,False,False,21525.020000000004,Current,DEBT_CONSOLIDATION
LN-502447,CUST-100392,2025-04-05,0,0,False,False,8867.967499999999,Current,DEBT_CONSOLIDATION
LN-502448,CUST-101153,2025-04-05,0,0,False,False,10585.04,Current,DEBT_CONSOLIDATION
LN-502450,CUST-103236,2025-04-05,0,0,False,False,15641.96,Current,DEBT_CONSOLIDATION
LN-502451,CUST-100927,2025-04-05,0,0,False,False,11862.7025,Current,DEBT_CONSOLIDATION
LN-502452,CUST-103937,2025-04-05,0,0,False,False,250689.12999999995,Current,DEBT_CONSOLIDATION
LN-502453,CUST-107713,2025-04-05,0,0,False,False,7096.91,Current,DEBT_CONSOLIDATION
LN-502454,CUST-101308,2025-04-05,0,0,False,False,29725.21500000001,Current,DEBT_CONSOLIDATION
LN-502455,CUST-103553,2025-04-05,0,0,False,False,7424.332500000004,Current,DEBT_CONSOLIDATION
LN-502456,CUST-102606,2025-04-05,0,0,False,False,46094.210000000014,Current,DEBT_CONSOLIDATION
LN-502457,CUST-106900,2025-04-05,0,0,False,False,4719.499999999996,Current,DEBT_CONSOLIDATION
LN-502459,CUST-105442,2025-04-05,0,0,False,False,21082.492499999997,Current,DEBT_CONSOLIDATION
LN-502460,CUST-105047,2025-04-05,1,31,False,False,16942.15000000001,1-29,DEBT_CONSOLIDATION
LN-502461,CUST-102444,2025-04-05,0,0,False,False,38525.152499999975,Current,DEBT_CONSOLIDATION
LN-502462,CUST-105923,2025-04-05,0,0,False,False,1713.6200000000001,Current,DEBT_CONSOLIDATION
LN-502463,CUST-104765,2025-04-05,0,0,False,False,9278.850000000004,Current,DEBT_CONSOLIDATION
LN-502464,CUST-104001,2025-04-05,0,0,False,False,10053.679999999997,Current,DEBT_CONSOLIDATION
LN-502465,CUST-107163,2025-04-05,0,0,False,False,50595.73,Current,DEBT_CONSOLIDATION
LN-502466,CUST-103552,2025-04-05,0,0,False,False,3493.279999999998,Current,DEBT_CONSOLIDATION
LN-502468,CUST-103345,2025-04-05,0,0,False,False,18173.049999999992,Current,DEBT_CONSOLIDATION
LN-502469,CUST-100629,2025-04-05,0,0,False,False,15274.57999999999,Current,DEBT_CONSOLIDATION
LN-502470,CUST-107586,2025-04-05,0,0,False,False,41344.14750000001,Current,DEBT_CONSOLIDATION
LN-502471,CUST-103258,2025-04-05,0,0,False,False,7095.787500000002,Current,DEBT_CONSOLIDATION
LN-502472,CUST-103911,2025-04-05,0,0,False,False,9375.14,Current,DEBT_CONSOLIDATION
LN-502473,CUST-103147,2025-04-05,0,0,False,False,30713.230000000003,Current,DEBT_CONSOLIDATION
LN-502474,CUST-106187,2025-04-05,0,0,False,False,12682.584999999997,Current,DEBT_CONSOLIDATION
LN-502475,CUST-106053,2025-04-05,0,0,False,False,13254.485,Current,DEBT_CONSOLIDATION
LN-502476,CUST-102379,2025-04-05,0,0,False,False,17165.829999999994,Current,DEBT_CONSOLIDATION
LN-502477,CUST-100598,2025-04-05,3,64,False,False,26688.087499999987,60-89,DEBT_CONSOLIDATION
LN-502479,CUST-106102,2025-04-05,0,0,False,False,29842.019999999982,Current,DEBT_CONSOLIDATION
LN-502481,CUST-102218,2025-04-05,0,0,False,False,12914.204999999994,Current,DEBT_CONSOLIDATION
LN-502482,CUST-100643,2025-04-05,0,0,False,False,97621.31999999998,Current,DEBT_CONSOLIDATION
LN-502484,CUST-102622,2025-04-05,4,92,False,False,14643.390000000001,90+,DEBT_CONSOLIDATION
LN-502485,CUST-105531,2025-04-05,0,0,False,False,24030.070000000007,Current,DEBT_CONSOLIDATION
LN-502487,CUST-100995,2025-04-05,0,0,False,False,38229.56999999998,Current,DEBT_CONSOLIDATION
LN-502489,CUST-104714,2025-04-05,0,0,False,False,42995.77999999999,Current,DEBT_CONSOLIDATION
LN-502490,CUST-100534,2025-04-05,0,0,False,False,24435.95,Current,DEBT_CONSOLIDATION
LN-502491,CUST-107413,2025-04-05,0,0,False,False,15937.15,Current,DEBT_CONSOLIDATION
LN-502492,CUST-100564,2025-04-05,0,0,False,False,31432.585,Current,DEBT_CONSOLIDATION
LN-502495,CUST-105506,2025-04-05,1,11,False,False,43833.189999999995,1-29,DEBT_CONSOLIDATION
LN-502496,CUST-100901,2025-04-05,0,0,False,False,4770.349999999996,Current,DEBT_CONSOLIDATION
LN-502497,CUST-104185,2025-04-05,0,0,False,False,11856.390000000003,Current,DEBT_CONSOLIDATION
LN-502498,CUST-100261,2025-04-05,0,0,False,False,42880.32,Current,DEBT_CONSOLIDATION
LN-502499,CUST-100599,2025-04-05,0,0,False,False,6632.58,Current,DEBT_CONSOLIDATION
LN-502500,CUST-100434,2025-04-05,0,0,False,False,9505.570000000003,Current,DEBT_CONSOLIDATION
LN-502501,CUST-104170,2025-04-05,0,0,False,False,35954.69000000002,Current,DEBT_CONSOLIDATION
LN-502502,CUST-105416,2025-04-05,0,0,True,False,12820.955,Current,DEBT_CONSOLIDATION
LN-502503,CUST-103467,2025-04-05,0,0,False,False,108817.01000000007,Current,DEBT_CONSOLIDATION
LN-502504,CUST-101017,2025-04-05,0,0,False,False,4088.9150000000022,Current,DEBT_CONSOLIDATION
LN-502505,CUST-101206,2025-04-05,0,0,False,False,18101.05,Current,DEBT_CONSOLIDATION
LN-502507,CUST-101823,2025-04-05,0,0,False,False,37606.55000000001,Current,DEBT_CONSOLIDATION
LN-502508,CUST-104079,2025-04-05,0,0,False,False,34429.150000000016,Current,DEBT_CONSOLIDATION
LN-502509,CUST-101434,2025-04-05,4,105,False,False,17379.77,90+,DEBT_CONSOLIDATION
LN-502511,CUST-105300,2025-04-05,0,0,False,False,11812.277499999991,Current,DEBT_CONSOLIDATION
LN-502512,CUST-105497,2025-04-05,0,0,False,False,16362.564999999988,Current,DEBT_CONSOLIDATION
LN-502514,CUST-102700,2025-04-05,0,0,False,False,12004.825,Current,DEBT_CONSOLIDATION
LN-502515,CUST-101090,2025-04-05,4,112,False,False,21112.385,90+,DEBT_CONSOLIDATION
LN-502516,CUST-103609,2025-04-05,0,0,False,False,3181.1,Current,DEBT_CONSOLIDATION
LN-502517,CUST-105250,2025-04-05,0,0,False,False,12523.232499999995,Current,DEBT_CONSOLIDATION
LN-502518,CUST-100088,2025-04-05,0,0,False,False,41724.52,Current,DEBT_CONSOLIDATION
LN-502519,CUST-102696,2025-04-05,3,62,False,False,10028.799999999997,60-89,DEBT_CONSOLIDATION
LN-502520,CUST-102819,2025-04-05,0,0,False,False,81418.78500000003,Current,DEBT_CONSOLIDATION
LN-502521,CUST-102976,2025-04-05,0,0,False,False,8272.489999999996,Current,DEBT_CONSOLIDATION
LN-502522,CUST-105991,2025-04-05,0,0,False,False,23086.715,Current,DEBT_CONSOLIDATION
LN-502523,CUST-104921,2025-04-05,0,0,False,False,11347.975000000002,Current,DEBT_CONSOLIDATION
LN-502524,CUST-103771,2025-04-05,0,0,False,False,13169.1325,Current,DEBT_CONSOLIDATION
LN-502525,CUST-105864,2025-04-05,0,0,False,False,32510.147500000006,Current,DEBT_CONSOLIDATION
LN-502526,CUST-104451,2025-04-05,0,0,False,False,10751.98,Current,DEBT_CONSOLIDATION
LN-502527,CUST-102594,2025-04-05,0,0,False,False,38768.070000000014,Current,DEBT_CONSOLIDATION
LN-502528,CUST-102657,2025-04-05,0,0,False,False,48492.55000000001,Current,DEBT_CONSOLIDATION
LN-502529,CUST-100378,2025-04-05,0,0,False,False,34225.3,Current,DEBT_CONSOLIDATION
LN-502530,CUST-101845,2025-04-05,0,0,False,False,15724.535000000003,Current,DEBT_CONSOLIDATION
LN-502531,CUST-104229,2025-04-05,0,0,False,False,12711.989999999998,Current,DEBT_CONSOLIDATION
LN-502532,CUST-100251,2025-04-05,0,0,False,False,11122.997500000003,Current,DEBT_CONSOLIDATION
LN-502534,CUST-101111,2025-04-05,0,0,False,False,28589.825,Current,DEBT_CONSOLIDATION
LN-502535,CUST-104826,2025-04-05,0,0,False,False,45425.69,Current,DEBT_CONSOLIDATION
LN-502536,CUST-105398,2025-04-05,0,0,False,False,12546.12,Current,DEBT_CONSOLIDATION
LN-502538,CUST-100594,2025-04-05,0,0,False,False,21594.932500000003,Current,DEBT_CONSOLIDATION
LN-502539,CUST-106602,2025-04-05,0,0,False,False,9931.694999999989,Current,DEBT_CONSOLIDATION
LN-502540,CUST-106183,2025-04-05,0,0,False,False,15868.422499999999,Current,DEBT_CONSOLIDATION
LN-502541,CUST-104722,2025-04-05,0,0,False,False,15652.145000000011,Current,DEBT_CONSOLIDATION
LN-502542,CUST-103863,2025-04-05,0,0,False,False,26576.485000000008,Current,DEBT_CONSOLIDATION
LN-502543,CUST-105673,2025-04-05,0,0,False,False,6895.870000000003,Current,DEBT_CONSOLIDATION
LN-502544,CUST-106451,2025-04-05,0,0,False,False,4432.037499999999,Current,DEBT_CONSOLIDATION
LN-502545,CUST-104981,2025-04-05,0,0,False,False,44204.64500000001,Current,DEBT_CONSOLIDATION
LN-502546,CUST-101951,2025-04-05,0,0,False,False,41727.30000000001,Current,DEBT_CONSOLIDATION
LN-502547,CUST-104472,2025-04-05,0,0,False,False,47300.99500000004,Current,DEBT_CONSOLIDATION
LN-502548,CUST-107587,2025-04-05,0,0,False,False,4704.779999999998,Current,DEBT_CONSOLIDATION
LN-502549,CUST-105865,2025-04-05,0,0,False,False,14449.902500000002,Current,DEBT_CONSOLIDATION
LN-502550,CUST-102333,2025-04-05,0,0,False,False,102579.43749999996,Current,DEBT_CONSOLIDATION
LN-502552,CUST-107920,2025-04-05,0,0,False,False,38094.01500000003,Current,DEBT_CONSOLIDATION
LN-502553,CUST-107667,2025-04-05,0,0,False,False,1834.0800000000006,Current,DEBT_CONSOLIDATION
LN-502554,CUST-101688,2025-04-05,0,0,False,False,24915.847499999996,Current,DEBT_CONSOLIDATION
LN-502555,CUST-101900,2025-04-05,0,0,False,False,25810.755000000005,Current,DEBT_CONSOLIDATION
LN-502556,CUST-104888,2025-04-05,2,43,False,False,18708.17,30-59,DEBT_CONSOLIDATION
LN-502557,CUST-104494,2025-04-05,0,0,False,False,15468.104999999992,Current,DEBT_CONSOLIDATION
LN-502558,CUST-100395,2025-04-05,0,0,False,False,21919.04999999999,Current,DEBT_CONSOLIDATION
LN-502559,CUST-103693,2025-04-05,0,0,False,False,7338.7249999999985,Current,DEBT_CONSOLIDATION
LN-502560,CUST-106116,2025-04-05,0,0,False,False,29440.265000000003,Current,DEBT_CONSOLIDATION
LN-502561,CUST-107773,2025-04-05,0,0,False,False,13428.55,Current,DEBT_CONSOLIDATION
LN-502563,CUST-102772,2025-04-05,0,0,False,False,9295.71999999999,Current,DEBT_CONSOLIDATION
LN-502564,CUST-107473,2025-04-05,0,0,False,False,2824.452500000001,Current,DEBT_CONSOLIDATION
LN-502565,CUST-100046,2025-04-05,0,0,False,False,21109.970000000005,Current,DEBT_CONSOLIDATION
LN-502566,CUST-101431,2025-04-05,0,0,False,False,39069.39000000002,Current,DEBT_CONSOLIDATION
LN-502567,CUST-104776,2025-04-05,0,0,False,False,39443.92999999999,Current,DEBT_CONSOLIDATION
LN-502568,CUST-103798,2025-04-05,0,0,False,False,13304.922500000004,Current,DEBT_CONSOLIDATION
LN-502569,CUST-103668,2025-04-05,1,29,False,False,18118.115,1-29,DEBT_CONSOLIDATION
LN-502570,CUST-102234,2025-04-05,0,0,False,False,18278.277499999986,Current,DEBT_CONSOLIDATION
LN-502571,CUST-104520,2025-04-05,0,0,False,False,17632.455,Current,DEBT_CONSOLIDATION
LN-502572,CUST-106928,2025-04-05,0,0,False,False,31470.17,Current,DEBT_CONSOLIDATION
LN-502574,CUST-103223,2025-04-05,0,0,False,False,89531.43000000001,Current,DEBT_CONSOLIDATION
LN-502575,CUST-106764,2025-04-05,0,0,False,False,40606.954999999994,Current,DEBT_CONSOLIDATION
LN-502577,CUST-102695,2025-04-05,3,91,False,False,33594.29,60-89,DEBT_CONSOLIDATION
LN-502578,CUST-106348,2025-04-05,0,0,False,False,12160.0825,Current,DEBT_CONSOLIDATION
LN-502579,CUST-106935,2025-04-05,0,0,False,False,15462.580000000002,Current,DEBT_CONSOLIDATION
LN-502580,CUST-101539,2025-04-05,0,0,False,False,8598.695000000002,Current,DEBT_CONSOLIDATION
LN-502581,CUST-100543,2025-04-05,0,0,False,False,4354.762499999998,Current,DEBT_CONSOLIDATION
LN-502582,CUST-104732,2025-04-05,0,0,False,False,6892.894999999996,Current,DEBT_CONSOLIDATION
LN-502583,CUST-104271,2025-04-05,5,91,False,False,7793.05,Charged-off,DEBT_CONSOLIDATION
LN-502585,CUST-106035,2025-04-05,0,0,True,False,13041.639999999998,Current,DEBT_CONSOLIDATION
LN-502586,CUST-102098,2025-04-05,2,33,False,False,101760.07,30-59,DEBT_CONSOLIDATION
LN-502587,CUST-106487,2025-04-05,0,0,False,False,2055.2,Current,DEBT_CONSOLIDATION
LN-502589,CUST-106512,2025-04-05,0,0,False,False,14004.889999999998,Current,DEBT_CONSOLIDATION
LN-502592,CUST-106548,2025-04-05,0,0,False,False,14052.510000000002,Current,DEBT_CONSOLIDATION
LN-502593,CUST-103465,2025-04-05,0,0,False,False,4453.014999999997,Current,DEBT_CONSOLIDATION
LN-502594,CUST-107539,2025-04-05,2,45,False,False,75328.855,30-59,DEBT_CONSOLIDATION
LN-502595,CUST-106384,2025-04-05,0,0,False,False,7592.9400000000005,Current,DEBT_CONSOLIDATION
LN-502596,CUST-106417,2025-04-05,0,0,False,False,20605.840000000015,Current,DEBT_CONSOLIDATION
LN-502597,CUST-102405,2025-04-05,1,13,False,False,18906.440000000006,1-29,DEBT_CONSOLIDATION
LN-502599,CUST-100260,2025-04-05,0,0,False,False,44113.49999999999,Current,DEBT_CONSOLIDATION
LN-502600,CUST-105937,2025-04-05,0,0,False,False,38936.97,Current,DEBT_CONSOLIDATION
LN-502601,CUST-106098,2025-04-05,0,0,False,False,289542.6650000001,Current,DEBT_CONSOLIDATION
LN-502602,CUST-104145,2025-04-05,0,0,False,False,13145.752499999999,Current,DEBT_CONSOLIDATION
LN-502603,CUST-107345,2025-04-05,0,0,False,False,14235.145,Current,DEBT_CONSOLIDATION
LN-502605,CUST-107732,2025-04-05,0,0,False,False,34348.3,Current,DEBT_CONSOLIDATION
LN-502606,CUST-106867,2025-04-05,0,0,False,False,44280.13999999998,Current,DEBT_CONSOLIDATION
LN-502607,CUST-105887,2025-04-05,0,0,False,False,12724.540000000003,Current,DEBT_CONSOLIDATION
LN-502608,CUST-107318,2025-04-05,0,0,False,False,21923.6875,Current,DEBT_CONSOLIDATION
LN-502609,CUST-106759,2025-04-05,0,0,False,False,26479.389999999992,Current,DEBT_CONSOLIDATION
LN-502612,CUST-106081,2025-04-05,0,0,False,False,27724.08750000001,Current,DEBT_CONSOLIDATION
LN-502613,CUST-100932,2025-04-05,1,5,False,False,14842.035,1-29,DEBT_CONSOLIDATION
LN-502614,CUST-105230,2025-04-05,0,0,False,False,581337.4949999999,Current,DEBT_CONSOLIDATION
LN-502615,CUST-107720,2025-04-05,0,0,False,False,5242.915000000004,Current,DEBT_CONSOLIDATION
LN-502617,CUST-101211,2025-04-05,0,0,False,False,17870.63,Current,DEBT_CONSOLIDATION
LN-502618,CUST-106189,2025-04-05,0,0,False,False,20258.04000000002,Current,DEBT_CONSOLIDATION
LN-502619,CUST-103081,2025-04-05,2,54,False,False,22312.640000000003,30-59,DEBT_CONSOLIDATION
LN-502620,CUST-103832,2025-04-05,0,0,False,False,46396.22,Current,DEBT_CONSOLIDATION
LN-502621,CUST-104200,2025-04-05,0,0,False,False,18139.07749999998,Current,DEBT_CONSOLIDATION
LN-502622,CUST-104070,2025-04-05,0,0,False,False,15413.99,Current,DEBT_CONSOLIDATION
LN-502624,CUST-105508,2025-04-05,0,0,False,False,18733.222499999996,Current,DEBT_CONSOLIDATION
LN-502625,CUST-103804,2025-04-05,0,0,False,False,46786.69749999999,Current,DEBT_CONSOLIDATION
LN-502626,CUST-103118,2025-04-05,0,0,False,False,3642.009999999998,Current,DEBT_CONSOLIDATION
LN-502627,CUST-105686,2025-04-05,0,0,False,False,39221.854999999974,Current,DEBT_CONSOLIDATION
LN-502628,CUST-101080,2025-04-05,0,0,False,False,15112.130000000005,Current,DEBT_CONSOLIDATION
LN-502629,CUST-101276,2025-04-05,0,0,False,False,23748.904999999988,Current,DEBT_CONSOLIDATION
LN-502630,CUST-103846,2025-04-05,0,0,False,False,26804.98000000001,Current,DEBT_CONSOLIDATION
LN-502631,CUST-102982,2025-04-05,0,0,False,False,4511.67,Current,DEBT_CONSOLIDATION
LN-502632,CUST-104654,2025-04-05,0,0,False,False,15259.397500000001,Current,DEBT_CONSOLIDATION
LN-502633,CUST-101010,2025-04-05,0,0,False,False,34013.25000000002,Current,DEBT_CONSOLIDATION
LN-502636,CUST-106314,2025-04-05,2,59,False,False,124937.63499999998,30-59,DEBT_CONSOLIDATION
LN-502637,CUST-106018,2025-04-05,0,0,False,False,13426.34,Current,DEBT_CONSOLIDATION
LN-502638,CUST-107453,2025-04-05,0,0,False,False,32008.2775,Current,DEBT_CONSOLIDATION
LN-502639,CUST-102509,2025-04-05,0,0,False,False,17631.135000000006,Current,DEBT_CONSOLIDATION
LN-502640,CUST-101554,2025-04-05,1,22,False,False,17209.672500000008,1-29,DEBT_CONSOLIDATION
LN-502641,CUST-101048,2025-04-05,0,0,False,False,7081.064999999995,Current,DEBT_CONSOLIDATION
LN-502643,CUST-106049,2025-04-05,0,0,False,False,34515.57000000001,Current,DEBT_CONSOLIDATION
LN-502644,CUST-103050,2025-04-05,0,0,False,False,6960.515000000001,Current,DEBT_CONSOLIDATION
LN-502645,CUST-101475,2025-04-05,0,0,False,False,20582.59,Current,DEBT_CONSOLIDATION
LN-502646,CUST-106424,2025-04-05,0,0,False,False,17523.9,Current,DEBT_CONSOLIDATION
LN-502647,CUST-104102,2025-04-05,0,0,False,False,9990.775000000001,Current,DEBT_CONSOLIDATION
LN-502648,CUST-104918,2025-04-05,0,0,False,False,317739.58,Current,DEBT_CONSOLIDATION
LN-502649,CUST-102865,2025-04-05,0,0,False,False,41584.22000000001,Current,DEBT_CONSOLIDATION
LN-502650,CUST-106628,2025-04-05,0,0,False,False,28662.034999999996,Current,DEBT_CONSOLIDATION
LN-502651,CUST-104904,2025-04-05,0,0,False,False,25185.172500000004,Current,DEBT_CONSOLIDATION
LN-502653,CUST-107140,2025-04-05,0,0,False,False,46031.2125,Current,DEBT_CONSOLIDATION
LN-502654,CUST-102753,2025-04-05,0,0,False,False,13267.330000000007,Current,DEBT_CONSOLIDATION
LN-502656,CUST-103938,2025-04-05,4,178,False,False,38449.74,90+,DEBT_CONSOLIDATION
LN-502658,CUST-107599,2025-04-05,0,0,False,False,2869.6799999999994,Current,DEBT_CONSOLIDATION
LN-502659,CUST-104873,2025-04-05,0,0,False,False,8521.41000000001,Current,DEBT_CONSOLIDATION
LN-502660,CUST-105501,2025-04-05,0,0,False,False,4859.430000000002,Current,DEBT_CONSOLIDATION
LN-502661,CUST-103031,2025-04-05,0,0,False,False,9127.379999999997,Current,DEBT_CONSOLIDATION
LN-502662,CUST-103666,2025-04-05,0,0,False,False,11029.790000000008,Current,DEBT_CONSOLIDATION
LN-502663,CUST-106510,2025-04-05,0,0,True,False,8296.499999999996,Current,DEBT_CONSOLIDATION
LN-502664,CUST-104771,2025-04-05,0,0,False,False,16916.812499999996,Current,DEBT_CONSOLIDATION
LN-502665,CUST-100432,2025-04-05,0,0,False,False,52008.1775,Current,DEBT_CONSOLIDATION
LN-502666,CUST-102202,2025-04-05,0,0,False,False,6290.145000000002,Current,DEBT_CONSOLIDATION
LN-502667,CUST-107894,2025-04-05,0,0,False,False,18748.055,Current,DEBT_CONSOLIDATION
LN-502668,CUST-106443,2025-04-05,0,0,False,False,42797.73000000001,Current,DEBT_CONSOLIDATION
LN-502669,CUST-100850,2025-04-05,0,0,False,False,12554.885,Current,DEBT_CONSOLIDATION
LN-502670,CUST-103367,2025-04-05,0,0,False,False,13292.552500000002,Current,DEBT_CONSOLIDATION
LN-502673,CUST-103836,2025-04-05,0,0,False,False,7353.575000000006,Current,DEBT_CONSOLIDATION
LN-502674,CUST-102762,2025-04-05,0,0,False,False,3694.48,Current,DEBT_CONSOLIDATION
LN-502675,CUST-105899,2025-04-05,0,0,False,False,2723.095,Current,DEBT_CONSOLIDATION
LN-502676,CUST-100793,2025-04-05,2,56,False,False,28170.29,30-59,DEBT_CONSOLIDATION
LN-502677,CUST-107425,2025-04-05,0,0,False,False,15922.065,Current,DEBT_CONSOLIDATION
LN-502678,CUST-100215,2025-04-05,0,0,False,False,31833.650000000016,Current,DEBT_CONSOLIDATION
LN-502679,CUST-100472,2025-04-05,0,0,False,False,16093.815000000002,Current,DEBT_CONSOLIDATION
LN-502680,CUST-100135,2025-04-05,0,0,False,False,117555.77500000004,Current,DEBT_CONSOLIDATION
LN-502683,CUST-102856,2025-04-05,0,0,False,False,16913.060000000012,Current,DEBT_CONSOLIDATION
LN-502684,CUST-106011,2025-04-05,0,0,False,False,24092.545,Current,DEBT_CONSOLIDATION
LN-502685,CUST-102366,2025-04-05,0,0,False,False,630993.5625000001,Current,DEBT_CONSOLIDATION
LN-502686,CUST-100456,2025-04-05,0,0,False,False,581910.6350000001,Current,DEBT_CONSOLIDATION
LN-502687,CUST-105817,2025-04-05,0,0,False,False,14582.97500000001,Current,DEBT_CONSOLIDATION
LN-502688,CUST-104522,2025-04-05,0,0,False,False,30254.85499999999,Current,DEBT_CONSOLIDATION
LN-502689,CUST-102321,2025-04-05,0,0,False,False,26082.164999999997,Current,DEBT_CONSOLIDATION
LN-502690,CUST-101215,2025-04-05,0,0,False,False,9795.269999999995,Current,DEBT_CONSOLIDATION
LN-502692,CUST-102989,2025-04-05,0,0,False,False,25423.269999999997,Current,DEBT_CONSOLIDATION
LN-502693,CUST-107680,2025-04-05,0,0,False,False,4476.49,Current,DEBT_CONSOLIDATION
LN-502694,CUST-101468,2025-04-05,0,0,False,False,14676.189999999993,Current,DEBT_CONSOLIDATION
LN-502695,CUST-100025,2025-04-05,0,0,False,False,142757.5375,Current,DEBT_CONSOLIDATION
LN-502696,CUST-101500,2025-04-05,0,0,False,False,9299.13,Current,DEBT_CONSOLIDATION
LN-502697,CUST-101684,2025-04-05,0,0,False,False,4412.870000000001,Current,DEBT_CONSOLIDATION
LN-502698,CUST-101254,2025-04-05,0,0,False,False,8790.74,Current,DEBT_CONSOLIDATION
LN-502699,CUST-102202,2025-04-05,0,0,False,False,502769.0375,Current,DEBT_CONSOLIDATION
LN-502700,CUST-104595,2025-04-05,0,0,False,False,18045.627499999995,Current,DEBT_CONSOLIDATION
LN-502701,CUST-103278,2025-04-05,0,0,False,False,120019.24999999999,Current,DEBT_CONSOLIDATION
LN-502702,CUST-102029,2025-04-05,0,0,False,False,171464.49000000005,Current,DEBT_CONSOLIDATION
LN-502703,CUST-102472,2025-04-05,0,0,False,False,9336.780000000006,Current,DEBT_CONSOLIDATION
LN-502704,CUST-101456,2025-04-05,0,0,False,False,30999.629999999997,Current,DEBT_CONSOLIDATION
LN-502705,CUST-103180,2025-04-05,0,0,False,False,113967.04,Current,DEBT_CONSOLIDATION
LN-502706,CUST-107914,2025-04-05,0,0,False,False,45396.030000000006,Current,DEBT_CONSOLIDATION
LN-502708,CUST-104583,2025-04-05,0,0,False,False,18500.1,Current,DEBT_CONSOLIDATION
LN-502709,CUST-101240,2025-04-05,0,0,False,False,12013.560000000007,Current,DEBT_CONSOLIDATION
LN-502710,CUST-103882,2025-04-05,0,0,False,False,39983.21000000001,Current,DEBT_CONSOLIDATION
LN-502711,CUST-104538,2025-04-05,1,25,False,False,58811.99,1-29,DEBT_CONSOLIDATION
LN-502712,CUST-101314,2025-04-05,0,0,False,False,10417.689999999997,Current,DEBT_CONSOLIDATION
LN-502713,CUST-106075,2025-04-05,0,0,False,False,210280.34250000003,Current,DEBT_CONSOLIDATION
LN-502714,CUST-100640,2025-04-05,0,0,False,False,2347.8350000000005,Current,DEBT_CONSOLIDATION
LN-502715,CUST-104253,2025-04-05,0,0,False,False,8552.3525,Current,DEBT_CONSOLIDATION
LN-502717,CUST-106394,2025-04-05,0,0,False,False,32942.45250000002,Current,DEBT_CONSOLIDATION
LN-502718,CUST-103011,2025-04-05,0,0,False,False,6551.299999999999,Current,DEBT_CONSOLIDATION
LN-502719,CUST-103623,2025-04-05,0,0,False,False,15380.880000000008,Current,DEBT_CONSOLIDATION
LN-502721,CUST-106411,2025-04-05,0,0,False,False,6183.697500000001,Current,DEBT_CONSOLIDATION
LN-502722,CUST-100828,2025-04-05,0,0,False,False,480081.73250000004,Current,DEBT_CONSOLIDATION
LN-502723,CUST-101033,2025-04-05,0,0,False,False,11915.899999999998,Current,DEBT_CONSOLIDATION
LN-502725,CUST-103462,2025-04-05,1,1,False,False,14935.000000000004,1-29,DEBT_CONSOLIDATION
LN-502726,CUST-102971,2025-04-05,0,0,False,False,26773.98,Current,DEBT_CONSOLIDATION
LN-502728,CUST-106920,2025-04-05,0,0,False,False,95602.4725,Current,DEBT_CONSOLIDATION
LN-502730,CUST-101343,2025-04-05,0,0,False,False,11904.182500000004,Current,DEBT_CONSOLIDATION
LN-502731,CUST-100748,2025-04-05,0,0,False,False,14647.247500000001,Current,DEBT_CONSOLIDATION
LN-502732,CUST-104866,2025-04-05,0,0,False,False,101133.19,Current,DEBT_CONSOLIDATION
LN-502733,CUST-100253,2025-04-05,0,0,False,False,76741.58,Current,DEBT_CONSOLIDATION
LN-502734,CUST-101268,2025-04-05,0,0,False,False,6035.509999999999,Current,DEBT_CONSOLIDATION
LN-502735,CUST-105052,2025-04-05,0,0,False,False,444329.36000000016,Current,DEBT_CONSOLIDATION
LN-502737,CUST-103701,2025-04-05,0,0,False,False,2533.3499999999985,Current,DEBT_CONSOLIDATION
LN-502738,CUST-107901,2025-04-05,0,0,False,False,5329.690000000001,Current,DEBT_CONSOLIDATION
LN-502740,CUST-103034,2025-04-05,0,0,False,False,7398.0949999999975,Current,DEBT_CONSOLIDATION
LN-502741,CUST-103501,2025-04-05,0,0,False,False,6596.364999999998,Current,DEBT_CONSOLIDATION
LN-502742,CUST-104687,2025-04-05,0,0,False,False,47030.16500000003,Current,DEBT_CONSOLIDATION
LN-502743,CUST-105511,2025-04-05,0,0,False,False,9019.110000000008,Current,DEBT_CONSOLIDATION
LN-502744,CUST-101851,2025-04-05,0,0,False,False,30831.23,Current,DEBT_CONSOLIDATION
LN-502745,CUST-101009,2025-04-05,0,0,False,False,50143.7675,Current,DEBT_CONSOLIDATION
LN-502746,CUST-105801,2025-04-05,0,0,False,False,595881.9275,Current,DEBT_CONSOLIDATION
LN-502748,CUST-105169,2025-04-05,0,0,False,False,10134.92,Current,DEBT_CONSOLIDATION
LN-502749,CUST-100108,2025-04-05,0,0,False,False,16194.780000000012,Current,DEBT_CONSOLIDATION
LN-502750,CUST-107460,2025-04-05,0,0,False,False,6713.117500000002,Current,DEBT_CONSOLIDATION
LN-502751,CUST-100132,2025-04-05,0,0,False,False,19007.669999999995,Current,DEBT_CONSOLIDATION
LN-502752,CUST-101155,2025-04-05,0,0,False,False,31415.309999999998,Current,DEBT_CONSOLIDATION
LN-502753,CUST-106340,2025-04-05,0,0,False,False,37923.16250000001,Current,DEBT_CONSOLIDATION
LN-502755,CUST-101353,2025-04-05,0,0,False,False,16633.639999999992,Current,DEBT_CONSOLIDATION
LN-502756,CUST-100886,2025-04-05,0,0,False,False,14464.4825,Current,DEBT_CONSOLIDATION
LN-502757,CUST-101944,2025-04-05,0,0,False,False,39240.325000000004,Current,DEBT_CONSOLIDATION
LN-502758,CUST-104508,2025-04-05,0,0,False,False,8930.890000000009,Current,DEBT_CONSOLIDATION
LN-502759,CUST-105340,2025-04-05,0,0,False,False,29957.055,Current,DEBT_CONSOLIDATION
LN-502760,CUST-102081,2025-04-05,0,0,False,False,37040.40249999998,Current,DEBT_CONSOLIDATION
LN-502761,CUST-104494,2025-04-05,3,91,False,False,28746.44999999999,60-89,DEBT_CONSOLIDATION
LN-502762,CUST-103114,2025-04-05,0,0,False,False,15687.252500000006,Current,DEBT_CONSOLIDATION
LN-502763,CUST-107611,2025-04-05,0,0,False,False,9988.074999999986,Current,DEBT_CONSOLIDATION
LN-502764,CUST-103519,2025-04-05,0,0,False,False,113089.18500000001,Current,DEBT_CONSOLIDATION
LN-502765,CUST-104227,2025-04-05,0,0,False,False,13001.835,Current,DEBT_CONSOLIDATION
LN-502767,CUST-100210,2025-04-05,0,0,False,False,23639.12,Current,DEBT_CONSOLIDATION
LN-502768,CUST-100742,2025-04-05,0,0,False,False,14481.380000000005,Current,DEBT_CONSOLIDATION
LN-502769,CUST-103914,2025-04-05,0,0,False,False,116986.4275,Current,DEBT_CONSOLIDATION
LN-502770,CUST-102592,2025-04-05,0,0,False,False,22989.550000000003,Current,DEBT_CONSOLIDATION
LN-502771,CUST-100053,2025-04-05,1,29,False,False,15542.92,1-29,DEBT_CONSOLIDATION
LN-502772,CUST-107052,2025-04-05,0,0,False,False,20846.19,Current,DEBT_CONSOLIDATION
LN-502773,CUST-102478,2025-04-05,0,0,False,False,16862.534999999993,Current,DEBT_CONSOLIDATION
LN-502775,CUST-102105,2025-04-05,0,0,False,False,13625.427500000003,Current,DEBT_CONSOLIDATION
LN-502776,CUST-105565,2025-04-05,0,0,False,False,124775.03,Current,DEBT_CONSOLIDATION
LN-502777,CUST-104971,2025-04-05,0,0,False,False,114412.87250000008,Current,DEBT_CONSOLIDATION
LN-502778,CUST-104225,2025-04-05,0,0,False,False,6480.194999999999,Current,DEBT_CONSOLIDATION
LN-502779,CUST-100593,2025-04-05,0,0,False,False,2956.785000000001,Current,DEBT_CONSOLIDATION
LN-502780,CUST-104172,2025-04-05,0,0,False,False,15441.19000000001,Current,DEBT_CONSOLIDATION
LN-502781,CUST-104537,2025-04-05,0,0,False,False,20256.13000000001,Current,DEBT_CONSOLIDATION
LN-502782,CUST-103585,2025-04-05,0,0,False,False,22749.160000000007,Current,DEBT_CONSOLIDATION
LN-502784,CUST-104298,2025-04-05,0,0,False,False,3449.0099999999993,Current,DEBT_CONSOLIDATION
LN-502785,CUST-100144,2025-04-05,0,0,False,False,35957.027500000004,Current,DEBT_CONSOLIDATION
LN-502786,CUST-103754,2025-04-05,0,0,False,False,26147.980000000007,Current,DEBT_CONSOLIDATION
LN-502788,CUST-106036,2025-04-05,0,0,False,False,9610.749999999996,Current,DEBT_CONSOLIDATION
LN-502789,CUST-104026,2025-04-05,0,0,False,False,12912.72,Current,DEBT_CONSOLIDATION
LN-502791,CUST-102135,2025-04-05,0,0,False,False,46837.39499999998,Current,DEBT_CONSOLIDATION
LN-502792,CUST-100239,2025-04-05,0,0,False,False,29339.690000000002,Current,DEBT_CONSOLIDATION
LN-502793,CUST-107372,2025-04-05,0,0,False,False,115267.03999999989,Current,DEBT_CONSOLIDATION
LN-502794,CUST-104730,2025-04-05,0,0,False,False,53727.88,Current,DEBT_CONSOLIDATION
LN-502795,CUST-100256,2025-04-05,0,0,False,False,27956.33249999999,Current,DEBT_CONSOLIDATION
LN-502796,CUST-101540,2025-04-05,0,0,False,False,19185.079999999998,Current,DEBT_CONSOLIDATION
LN-502797,CUST-100224,2025-04-05,0,0,False,False,137919.9975,Current,DEBT_CONSOLIDATION
LN-502798,CUST-104283,2025-04-05,0,0,False,False,53356.145000000004,Current,DEBT_CONSOLIDATION
LN-502799,CUST-104784,2025-04-05,0,0,False,False,15326.59,Current,DEBT_CONSOLIDATION
LN-502800,CUST-100308,2025-04-05,0,0,False,False,7490.34,Current,DEBT_CONSOLIDATION
LN-502801,CUST-107798,2025-04-05,0,0,False,False,21718.41,Current,DEBT_CONSOLIDATION
LN-502802,CUST-104126,2025-04-05,0,0,False,False,13834.737500000005,Current,DEBT_CONSOLIDATION
LN-502803,CUST-106861,2025-04-05,0,0,False,False,12169.377499999999,Current,DEBT_CONSOLIDATION
LN-502805,CUST-100024,2025-04-05,0,0,False,False,37161.23750000004,Current,DEBT_CONSOLIDATION
LN-502806,CUST-103870,2025-04-05,0,0,False,False,10507.109999999988,Current,DEBT_CONSOLIDATION
LN-502808,CUST-102898,2025-04-05,0,0,False,False,23045.727499999997,Current,DEBT_CONSOLIDATION
LN-502809,CUST-103860,2025-04-05,1,30,False,False,29132.43,1-29,DEBT_CONSOLIDATION
LN-502810,CUST-105276,2025-04-05,0,0,False,False,15795.70749999999,Current,DEBT_CONSOLIDATION
LN-502812,CUST-102216,2025-04-05,0,0,False,False,12896.640000000007,Current,DEBT_CONSOLIDATION
LN-502813,CUST-107514,2025-04-05,0,0,False,False,308943.1799999997,Current,DEBT_CONSOLIDATION
LN-502814,CUST-102914,2025-04-05,0,0,False,False,22712.770000000004,Current,DEBT_CONSOLIDATION
LN-502815,CUST-100919,2025-04-05,0,0,False,False,7264.98,Current,DEBT_CONSOLIDATION
LN-502817,CUST-100325,2025-04-05,0,0,False,False,37065.400000000045,Current,DEBT_CONSOLIDATION
LN-502818,CUST-103036,2025-04-05,0,0,False,False,84266.33500000008,Current,DEBT_CONSOLIDATION
LN-502820,CUST-104779,2025-04-05,0,0,False,False,10681.275,Current,DEBT_CONSOLIDATION
LN-502821,CUST-104247,2025-04-05,0,0,False,False,42114.21000000005,Current,DEBT_CONSOLIDATION
LN-502822,CUST-106151,2025-04-05,0,0,False,False,16566.465000000004,Current,DEBT_CONSOLIDATION
LN-502823,CUST-106637,2025-04-05,0,0,False,False,11741.514999999996,Current,DEBT_CONSOLIDATION
LN-502825,CUST-106690,2025-04-05,0,0,False,False,28876.25999999999,Current,DEBT_CONSOLIDATION
LN-502826,CUST-101352,2025-04-05,0,0,False,False,3338.485,Current,DEBT_CONSOLIDATION
LN-502827,CUST-102826,2025-04-05,0,0,False,False,7783.337500000001,Current,DEBT_CONSOLIDATION
LN-502828,CUST-103224,2025-04-05,0,0,False,False,20260.16,Current,DEBT_CONSOLIDATION
LN-502829,CUST-106167,2025-04-05,0,0,False,False,19113.585000000017,Current,DEBT_CONSOLIDATION
LN-502830,CUST-104712,2025-04-05,0,0,False,False,54137.51,Current,DEBT_CONSOLIDATION
LN-502831,CUST-102604,2025-04-05,0,0,False,False,5372.970000000002,Current,DEBT_CONSOLIDATION
LN-502832,CUST-101072,2025-04-05,0,0,False,False,9030.857500000002,Current,DEBT_CONSOLIDATION
LN-502833,CUST-101883,2025-04-05,0,0,False,False,43442.00999999998,Current,DEBT_CONSOLIDATION
LN-502834,CUST-101271,2025-04-05,0,0,False,False,23881.012499999986,Current,DEBT_CONSOLIDATION
LN-502835,CUST-101962,2025-04-05,0,0,False,False,37466.05000000001,Current,DEBT_CONSOLIDATION
LN-502836,CUST-107216,2025-04-05,0,0,False,False,10531.115000000007,Current,DEBT_CONSOLIDATION
LN-502837,CUST-100360,2025-04-05,0,0,False,False,41403.005000000005,Current,DEBT_CONSOLIDATION
LN-502838,CUST-101250,2025-04-05,0,0,False,False,10280.665000000012,Current,DEBT_CONSOLIDATION
LN-502839,CUST-100059,2025-04-05,0,0,False,False,12267.802500000003,Current,DEBT_CONSOLIDATION
LN-502840,CUST-105217,2025-04-05,0,0,False,False,12921.725000000013,Current,DEBT_CONSOLIDATION
LN-502841,CUST-105748,2025-04-05,0,0,False,False,14237.419999999993,Current,DEBT_CONSOLIDATION
LN-502843,CUST-102780,2025-04-05,0,0,False,False,41386.617499999964,Current,DEBT_CONSOLIDATION
LN-502844,CUST-100140,2025-04-05,0,0,False,False,16570.7575,Current,DEBT_CONSOLIDATION
LN-502845,CUST-100507,2025-04-05,0,0,False,False,55632.669999999984,Current,DEBT_CONSOLIDATION
LN-502846,CUST-102205,2025-04-05,0,0,False,False,22129.41,Current,DEBT_CONSOLIDATION
LN-502847,CUST-107225,2025-04-05,0,0,False,False,19442.2,Current,DEBT_CONSOLIDATION
LN-502848,CUST-101706,2025-04-05,0,0,False,False,30540.42,Current,DEBT_CONSOLIDATION
LN-502849,CUST-100267,2025-04-05,0,0,False,False,5525.23,Current,DEBT_CONSOLIDATION
LN-502850,CUST-103297,2025-04-05,0,0,False,False,42853.62000000002,Current,DEBT_CONSOLIDATION
LN-502852,CUST-103875,2025-04-05,0,0,False,False,88260.16749999998,Current,DEBT_CONSOLIDATION
LN-502854,CUST-107154,2025-04-05,0,0,False,False,5880.409999999994,Current,DEBT_CONSOLIDATION
LN-502855,CUST-105919,2025-04-05,0,0,False,False,43065.25,Current,DEBT_CONSOLIDATION
LN-502856,CUST-102873,2025-04-05,0,0,False,False,15138.199999999995,Current,DEBT_CONSOLIDATION
LN-502857,CUST-105569,2025-04-05,0,0,False,False,240816.43250000002,Current,DEBT_CONSOLIDATION
LN-502858,CUST-105488,2025-04-05,0,0,False,False,22386.250000000004,Current,DEBT_CONSOLIDATION
LN-502859,CUST-105288,2025-04-05,0,0,False,False,22447.702500000003,Current,DEBT_CONSOLIDATION
LN-502860,CUST-105203,2025-04-05,0,0,False,False,4800.59,Current,DEBT_CONSOLIDATION
LN-502861,CUST-102532,2025-04-05,0,0,False,False,19111.919999999995,Current,DEBT_CONSOLIDATION
LN-502862,CUST-102643,2025-04-05,0,0,False,False,28340.710000000006,Current,DEBT_CONSOLIDATION
LN-502863,CUST-101840,2025-04-05,0,0,False,False,437440.8100000001,Current,DEBT_CONSOLIDATION
LN-502864,CUST-105761,2025-04-05,0,0,False,False,14607.167500000005,Current,DEBT_CONSOLIDATION
LN-502865,CUST-106563,2025-04-05,0,0,False,False,30402.165000000015,Current,DEBT_CONSOLIDATION
LN-502866,CUST-104224,2025-04-05,0,0,False,False,19496.230000000018,Current,DEBT_CONSOLIDATION
LN-502867,CUST-101647,2025-04-05,0,0,False,False,24330.409999999985,Current,DEBT_CONSOLIDATION
LN-502868,CUST-100872,2025-04-05,0,0,False,False,25742.009999999984,Current,DEBT_CONSOLIDATION
LN-502869,CUST-105804,2025-04-05,0,0,False,False,7790.939999999999,Current,DEBT_CONSOLIDATION
LN-502870,CUST-107138,2025-04-05,0,0,False,False,41818.08000000001,Current,DEBT_CONSOLIDATION
LN-502871,CUST-102258,2025-04-05,0,0,False,False,19436.19,Current,DEBT_CONSOLIDATION
LN-502872,CUST-105331,2025-04-05,0,0,False,False,139419.78500000003,Current,DEBT_CONSOLIDATION
LN-502873,CUST-106503,2025-04-05,0,0,False,False,38150.48999999999,Current,DEBT_CONSOLIDATION
LN-502874,CUST-106200,2025-04-05,0,0,False,False,9401.38,Current,DEBT_CONSOLIDATION
LN-502876,CUST-104973,2025-04-05,0,0,False,False,12768.11,Current,DEBT_CONSOLIDATION
LN-502877,CUST-100469,2025-04-05,0,0,False,False,1973.184999999999,Current,DEBT_CONSOLIDATION
LN-502878,CUST-106782,2025-04-05,0,0,False,False,40480.71,Current,DEBT_CONSOLIDATION
LN-502879,CUST-103375,2025-04-05,0,0,False,False,22383.80999999999,Current,DEBT_CONSOLIDATION
LN-502880,CUST-100512,2025-04-05,0,0,False,False,11273.664999999999,Current,DEBT_CONSOLIDATION
LN-502882,CUST-106117,2025-04-05,0,0,False,False,14536.719999999998,Current,DEBT_CONSOLIDATION
LN-502884,CUST-104757,2025-04-05,0,0,False,False,8453.2,Current,DEBT_CONSOLIDATION
LN-502885,CUST-103198,2025-04-05,0,0,False,False,52278.215000000004,Current,DEBT_CONSOLIDATION
LN-502886,CUST-107466,2025-04-05,0,0,False,False,31365.39,Current,DEBT_CONSOLIDATION
LN-502887,CUST-106825,2025-04-05,0,0,False,False,9555.975000000008,Current,DEBT_CONSOLIDATION
LN-502888,CUST-107586,2025-04-05,1,21,False,False,13356.004999999997,1-29,DEBT_CONSOLIDATION
LN-502889,CUST-100893,2025-04-05,0,0,False,False,214128.62999999998,Current,DEBT_CONSOLIDATION
LN-502890,CUST-106862,2025-04-05,0,0,False,False,2741.9125,Current,DEBT_CONSOLIDATION
LN-502891,CUST-105986,2025-04-05,0,0,False,False,69845.77999999998,Current,DEBT_CONSOLIDATION
LN-502892,CUST-105781,2025-04-05,0,0,False,False,33157.945,Current,DEBT_CONSOLIDATION
LN-502894,CUST-107701,2025-04-05,0,0,False,False,36503.25999999997,Current,DEBT_CONSOLIDATION
LN-502895,CUST-103423,2025-04-05,0,0,False,False,14957.09,Current,DEBT_CONSOLIDATION
LN-502896,CUST-106891,2025-04-05,0,0,False,False,16605.964999999993,Current,DEBT_CONSOLIDATION
LN-502897,CUST-102214,2025-04-05,0,0,False,False,34635.97250000002,Current,DEBT_CONSOLIDATION
LN-502898,CUST-106241,2025-04-05,1,15,False,False,24882.079999999994,1-29,DEBT_CONSOLIDATION
LN-502900,CUST-100198,2025-04-05,1,16,False,False,22722.80999999999,1-29,DEBT_CONSOLIDATION
LN-502901,CUST-105971,2025-04-05,0,0,False,False,10539.334999999995,Current,DEBT_CONSOLIDATION
LN-502902,CUST-100330,2025-04-05,2,59,False,False,10309.015000000001,30-59,DEBT_CONSOLIDATION
LN-502903,CUST-106745,2025-04-05,0,0,False,False,9426.189999999999,Current,DEBT_CONSOLIDATION
LN-502904,CUST-107250,2025-04-05,0,0,False,False,41256.86750000003,Current,DEBT_CONSOLIDATION
LN-502905,CUST-107856,2025-04-05,0,0,False,False,27705.140000000014,Current,DEBT_CONSOLIDATION
LN-502909,CUST-103591,2025-04-05,0,0,False,False,24598.540000000005,Current,DEBT_CONSOLIDATION
LN-502910,CUST-101270,2025-04-05,0,0,False,False,6449.989999999998,Current,DEBT_CONSOLIDATION
LN-502911,CUST-106757,2025-04-05,0,0,True,False,28673.932500000003,Current,DEBT_CONSOLIDATION
LN-502913,CUST-101238,2025-04-05,0,0,False,False,73207.68499999998,Current,DEBT_CONSOLIDATION
LN-502914,CUST-107353,2025-04-05,0,0,False,False,8897.58,Current,DEBT_CONSOLIDATION
LN-502915,CUST-102302,2025-04-05,0,0,False,False,35725.82000000001,Current,DEBT_CONSOLIDATION
LN-502916,CUST-103173,2025-04-05,0,0,False,False,8277.544999999998,Current,DEBT_CONSOLIDATION
LN-502917,CUST-107882,2025-04-05,0,0,False,False,45420.67000000002,Current,DEBT_CONSOLIDATION
LN-502918,CUST-106867,2025-04-05,0,0,False,False,25132.4275,Current,DEBT_CONSOLIDATION
LN-502919,CUST-103986,2025-04-05,0,0,False,False,39781.49,Current,DEBT_CONSOLIDATION
LN-502920,CUST-102979,2025-04-05,1,13,False,False,27483.355000000003,1-29,DEBT_CONSOLIDATION
LN-502921,CUST-107203,2025-04-05,0,0,False,False,46750.37749999999,Current,DEBT_CONSOLIDATION
LN-502923,CUST-104315,2025-04-05,0,0,False,False,8427.609999999999,Current,DEBT_CONSOLIDATION
LN-502925,CUST-107136,2025-04-05,0,0,False,False,20082.832499999993,Current,DEBT_CONSOLIDATION
LN-502927,CUST-101680,2025-04-05,0,0,False,False,26664.742499999997,Current,DEBT_CONSOLIDATION
LN-502928,CUST-107426,2025-04-05,0,0,False,False,26047.690000000002,Current,DEBT_CONSOLIDATION
LN-502929,CUST-104219,2025-04-05,0,0,False,False,15467.349999999999,Current,DEBT_CONSOLIDATION
LN-502932,CUST-102752,2025-04-05,0,0,False,False,24742.9075,Current,DEBT_CONSOLIDATION
LN-502933,CUST-104464,2025-04-05,0,0,False,False,87126.75000000004,Current,DEBT_CONSOLIDATION
LN-502934,CUST-105236,2025-04-05,0,0,True,False,126028.68,Current,DEBT_CONSOLIDATION
LN-502935,CUST-101711,2025-04-05,0,0,False,False,35848.24249999996,Current,DEBT_CONSOLIDATION
LN-502936,CUST-104252,2025-04-05,0,0,False,False,24579.73000000001,Current,DEBT_CONSOLIDATION
LN-502937,CUST-103852,2025-04-05,0,0,False,False,4712.297500000001,Current,DEBT_CONSOLIDATION
LN-502938,CUST-105697,2025-04-05,0,0,False,False,17697.359999999997,Current,DEBT_CONSOLIDATION
LN-502939,CUST-101101,2025-04-05,0,0,False,False,15964.290000000006,Current,DEBT_CONSOLIDATION
LN-502940,CUST-102998,2025-04-05,0,0,False,False,22543.875,Current,DEBT_CONSOLIDATION
LN-502941,CUST-102834,2025-04-05,2,51,False,False,78170.47999999998,30-59,DEBT_CONSOLIDATION
LN-502942,CUST-106110,2025-04-05,1,21,False,False,35748.83499999999,1-29,DEBT_CONSOLIDATION
LN-502944,CUST-103013,2025-04-05,0,0,False,False,12620.154999999995,Current,DEBT_CONSOLIDATION
LN-502947,CUST-107774,2025-04-05,0,0,False,False,37013.90500000001,Current,DEBT_CONSOLIDATION
LN-502948,CUST-101351,2025-04-05,0,0,False,False,20587.115,Current,DEBT_CONSOLIDATION
LN-502949,CUST-106543,2025-04-05,3,89,False,False,37898.05249999997,60-89,DEBT_CONSOLIDATION
LN-502950,CUST-104686,2025-04-05,0,0,False,False,13266.52999999999,Current,DEBT_CONSOLIDATION
LN-502951,CUST-101736,2025-04-05,0,0,False,False,40290.03,Current,DEBT_CONSOLIDATION
LN-502952,CUST-106991,2025-04-05,0,0,False,False,32892.015,Current,DEBT_CONSOLIDATION
LN-502953,CUST-100604,2025-04-05,0,0,False,False,16104.749999999996,Current,DEBT_CONSOLIDATION
LN-502954,CUST-101829,2025-04-05,0,0,False,False,16788.349999999995,Current,DEBT_CONSOLIDATION
LN-502955,CUST-106565,2025-04-05,0,0,False,False,436646.29250000016,Current,DEBT_CONSOLIDATION
LN-502957,CUST-107908,2025-04-05,0,0,True,False,578673.0949999999,Current,DEBT_CONSOLIDATION
LN-502958,CUST-103457,2025-04-05,0,0,False,False,11764.1775,Current,DEBT_CONSOLIDATION
LN-502960,CUST-103920,2025-04-05,0,0,False,False,80151.86000000006,Current,DEBT_CONSOLIDATION
LN-502961,CUST-105063,2025-04-05,0,0,False,False,16552.695,Current,DEBT_CONSOLIDATION
LN-502962,CUST-106796,2025-04-05,0,0,False,False,21272.539999999997,Current,DEBT_CONSOLIDATION
LN-502964,CUST-103104,2025-04-05,0,0,False,False,11303.56,Current,DEBT_CONSOLIDATION
LN-502965,CUST-107849,2025-04-05,0,0,False,False,13288.57,Current,DEBT_CONSOLIDATION
LN-502967,CUST-106309,2025-04-05,0,0,False,False,19176.770000000008,Current,DEBT_CONSOLIDATION
LN-502968,CUST-105801,2025-04-05,0,0,False,False,14130.450000000008,Current,DEBT_CONSOLIDATION
LN-502969,CUST-103947,2025-04-05,0,0,False,False,31558.030000000024,Current,DEBT_CONSOLIDATION
LN-502970,CUST-107294,2025-04-05,0,0,False,False,16750.67499999998,Current,DEBT_CONSOLIDATION
LN-502971,CUST-103544,2025-04-05,0,0,False,False,30325.79,Current,DEBT_CONSOLIDATION
LN-502974,CUST-104211,2025-04-05,0,0,False,False,43486.70000000001,Current,DEBT_CONSOLIDATION
LN-502975,CUST-105006,2025-04-05,0,0,False,False,20477.5,Current,DEBT_CONSOLIDATION
LN-502976,CUST-101975,2025-04-05,0,0,False,False,12766.522500000005,Current,DEBT_CONSOLIDATION
LN-502977,CUST-106263,2025-04-05,0,0,False,False,15143.4725,Current,DEBT_CONSOLIDATION
LN-502978,CUST-100413,2025-04-05,0,0,False,False,27045.93500000001,Current,DEBT_CONSOLIDATION
LN-502979,CUST-105151,2025-04-05,0,0,False,False,9625.282499999996,Current,DEBT_CONSOLIDATION
LN-502980,CUST-101288,2025-04-05,0,0,False,False,1615.2899999999997,Current,DEBT_CONSOLIDATION
LN-502981,CUST-104925,2025-04-05,0,0,False,False,9347.104999999998,Current,DEBT_CONSOLIDATION
LN-502982,CUST-103186,2025-04-05,0,0,False,False,36043.27250000001,Current,DEBT_CONSOLIDATION
LN-502983,CUST-102902,2025-04-05,0,0,False,False,14449.330000000002,Current,DEBT_CONSOLIDATION
LN-502984,CUST-102142,2025-04-05,0,0,False,False,6006.425000000001,Current,DEBT_CONSOLIDATION
LN-502985,CUST-105042,2025-04-05,0,0,False,False,7978.235000000007,Current,DEBT_CONSOLIDATION
LN-502986,CUST-102905,2025-04-05,0,0,False,False,42752.60500000002,Current,DEBT_CONSOLIDATION
LN-502987,CUST-106714,2025-04-05,3,62,False,True,39419.82,60-89,DEBT_CONSOLIDATION
LN-502988,CUST-104379,2025-04-05,0,0,False,False,25459.565,Current,DEBT_CONSOLIDATION
LN-502989,CUST-100782,2025-04-05,0,0,False,False,349544.97749999963,Current,DEBT_CONSOLIDATION
LN-502990,CUST-102392,2025-04-05,0,0,False,False,15043.452499999989,Current,DEBT_CONSOLIDATION
LN-502991,CUST-104571,2025-04-05,0,0,False,False,21331.665000000005,Current,DEBT_CONSOLIDATION
LN-502992,CUST-106245,2025-04-05,0,0,False,False,502712.19,Current,DEBT_CONSOLIDATION
LN-502993,CUST-100628,2025-04-05,0,0,False,False,117788.81,Current,DEBT_CONSOLIDATION
LN-502994,CUST-100556,2025-04-05,0,0,False,False,26191.975000000002,Current,DEBT_CONSOLIDATION
LN-502995,CUST-101147,2025-04-05,0,0,False,False,47701.79999999998,Current,DEBT_CONSOLIDATION
LN-502996,CUST-106138,2025-04-05,0,0,False,False,38314.6575,Current,DEBT_CONSOLIDATION
LN-502997,CUST-103063,2025-04-05,0,0,False,False,16054.495000000008,Current,DEBT_CONSOLIDATION
LN-502998,CUST-103920,2025-04-05,0,0,False,False,125184.07499999998,Current,DEBT_CONSOLIDATION
LN-502999,CUST-104327,2025-04-05,0,0,False,False,3868.63,Current,DEBT_CONSOLIDATION
LN-503000,CUST-104928,2025-04-05,0,0,False,False,12943.624999999995,Current,DEBT_CONSOLIDATION
LN-503001,CUST-104259,2025-04-05,0,0,False,False,27268.890000000007,Current,DEBT_CONSOLIDATION
LN-503002,CUST-105207,2025-04-05,0,0,False,False,9279.717500000008,Current,DEBT_CONSOLIDATION
LN-503003,CUST-106364,2025-04-05,0,0,False,False,453502.3499999998,Current,DEBT_CONSOLIDATION
LN-503004,CUST-105152,2025-04-05,0,0,False,False,4773.84,Current,DEBT_CONSOLIDATION
LN-503005,CUST-103461,2025-04-05,0,0,False,False,2521.7025000000003,Current,DEBT_CONSOLIDATION
LN-503010,CUST-104274,2025-04-05,0,0,True,False,32342.580000000016,Current,DEBT_CONSOLIDATION
LN-503011,CUST-106646,2025-04-05,0,0,False,False,10163.93,Current,DEBT_CONSOLIDATION
LN-503012,CUST-103590,2025-04-05,0,0,False,False,22253.594999999983,Current,DEBT_CONSOLIDATION
LN-503013,CUST-102284,2025-04-05,0,0,False,False,18652.99,Current,DEBT_CONSOLIDATION
LN-503014,CUST-107508,2025-04-05,0,0,False,False,17848.570000000003,Current,DEBT_CONSOLIDATION
LN-503015,CUST-100845,2025-04-05,2,40,False,False,48911.8875,30-59,DEBT_CONSOLIDATION
LN-503016,CUST-104562,2025-04-05,0,0,False,False,4011.0200000000027,Current,DEBT_CONSOLIDATION
LN-503017,CUST-102915,2025-04-05,4,120,False,False,4776.072500000001,90+,DEBT_CONSOLIDATION
LN-503018,CUST-105046,2025-04-05,0,0,False,False,16258.724999999999,Current,DEBT_CONSOLIDATION
LN-503019,CUST-103767,2025-04-05,0,0,False,False,362798.76000000007,Current,DEBT_CONSOLIDATION
LN-503020,CUST-107006,2025-04-05,0,0,False,False,10063.789999999994,Current,DEBT_CONSOLIDATION
LN-503022,CUST-103894,2025-04-05,0,0,False,False,32142.08,Current,DEBT_CONSOLIDATION
LN-503023,CUST-102377,2025-04-05,0,0,False,False,10077.72,Current,DEBT_CONSOLIDATION
LN-503024,CUST-105434,2025-04-05,0,0,False,False,41235.962499999994,Current,DEBT_CONSOLIDATION
LN-503025,CUST-105983,2025-04-05,0,0,False,False,8827.16999999999,Current,DEBT_CONSOLIDATION
LN-503026,CUST-102589,2025-04-05,0,0,False,False,17807.48999999998,Current,DEBT_CONSOLIDATION
LN-503027,CUST-101875,2025-04-05,0,0,False,False,2608.92,Current,DEBT_CONSOLIDATION
LN-503028,CUST-104955,2025-04-05,0,0,False,False,23050.760000000006,Current,DEBT_CONSOLIDATION
LN-503029,CUST-104708,2025-04-05,0,0,False,False,13708.470000000005,Current,DEBT_CONSOLIDATION
LN-503030,CUST-106291,2025-04-05,0,0,False,False,37786.52749999998,Current,DEBT_CONSOLIDATION
LN-503032,CUST-103648,2025-04-05,0,0,False,False,30574.06499999998,Current,DEBT_CONSOLIDATION
LN-503033,CUST-101552,2025-04-05,0,0,False,False,31558.82,Current,DEBT_CONSOLIDATION
LN-503034,CUST-102132,2025-04-05,0,0,False,False,8382.97999999999,Current,DEBT_CONSOLIDATION
LN-503035,CUST-100892,2025-04-05,0,0,False,False,31458.075000000023,Current,DEBT_CONSOLIDATION
LN-503036,CUST-100481,2025-04-05,0,0,False,False,139980.77500000002,Current,DEBT_CONSOLIDATION
LN-503037,CUST-104535,2025-04-05,0,0,False,False,18618.88,Current,DEBT_CONSOLIDATION
LN-503038,CUST-105608,2025-04-05,0,0,False,False,2316.1499999999996,Current,DEBT_CONSOLIDATION
LN-503040,CUST-100480,2025-04-05,0,0,False,False,7124.88,Current,DEBT_CONSOLIDATION
LN-503041,CUST-100890,2025-04-05,0,0,False,False,44291.34000000001,Current,DEBT_CONSOLIDATION
LN-503042,CUST-105247,2025-04-05,0,0,False,False,29923.679999999993,Current,DEBT_CONSOLIDATION
LN-503043,CUST-104087,2025-04-05,0,0,False,False,36840.99499999998,Current,DEBT_CONSOLIDATION
LN-503045,CUST-106512,2025-04-05,0,0,False,False,16502.042500000018,Current,DEBT_CONSOLIDATION
LN-503046,CUST-103445,2025-04-05,0,0,False,False,23970.192499999997,Current,DEBT_CONSOLIDATION
LN-503047,CUST-107797,2025-04-05,0,0,False,False,10671.227500000005,Current,DEBT_CONSOLIDATION
LN-503048,CUST-101773,2025-04-05,0,0,False,False,31122.637500000004,Current,DEBT_CONSOLIDATION
LN-503049,CUST-100710,2025-04-05,0,0,False,False,30252.7,Current,DEBT_CONSOLIDATION
LN-503051,CUST-103874,2025-04-05,0,0,False,False,27954.44,Current,DEBT_CONSOLIDATION
LN-503052,CUST-102948,2025-04-05,0,0,False,False,11943.300000000003,Current,DEBT_CONSOLIDATION
LN-503053,CUST-107681,2025-04-05,0,0,False,False,6929.935,Current,DEBT_CONSOLIDATION
LN-503054,CUST-103890,2025-04-05,0,0,False,False,29217.087499999998,Current,DEBT_CONSOLIDATION
LN-503055,CUST-107535,2025-04-05,0,0,False,False,11914.5,Current,DEBT_CONSOLIDATION
LN-503056,CUST-100158,2025-04-05,0,0,False,False,408844.97,Current,DEBT_CONSOLIDATION
LN-503057,CUST-105144,2025-04-05,0,0,False,False,35623.86250000003,Current,DEBT_CONSOLIDATION
LN-503058,CUST-107691,2025-04-05,0,0,False,False,5271.309999999999,Current,DEBT_CONSOLIDATION
LN-503059,CUST-101522,2025-04-05,0,0,False,False,419436.99000000005,Current,DEBT_CONSOLIDATION
LN-503060,CUST-106733,2025-04-05,0,0,False,False,18270.3725,Current,DEBT_CONSOLIDATION
LN-503061,CUST-104236,2025-04-05,0,0,False,False,34150.77,Current,DEBT_CONSOLIDATION
LN-503062,CUST-104234,2025-04-05,0,0,False,False,33426.13,Current,DEBT_CONSOLIDATION
LN-503063,CUST-101908,2025-04-05,0,0,False,False,7088.49,Current,DEBT_CONSOLIDATION
LN-503064,CUST-107206,2025-04-05,0,0,False,False,81584.575,Current,DEBT_CONSOLIDATION
LN-503065,CUST-102641,2025-04-05,0,0,False,False,21592.115,Current,DEBT_CONSOLIDATION
LN-503066,CUST-104129,2025-04-05,0,0,False,False,11100.242499999997,Current,DEBT_CONSOLIDATION
LN-503067,CUST-104098,2025-04-05,0,0,False,False,9362.165,Current,DEBT_CONSOLIDATION
LN-503068,CUST-105005,2025-04-05,0,0,False,False,103742.33250000003,Current,DEBT_CONSOLIDATION
LN-503069,CUST-101100,2025-04-05,0,0,False,False,18445.769999999993,Current,DEBT_CONSOLIDATION
LN-503072,CUST-101077,2025-04-05,0,0,False,False,11898.4275,Current,DEBT_CONSOLIDATION
LN-503074,CUST-106946,2025-04-05,0,0,False,False,12011.39,Current,DEBT_CONSOLIDATION
LN-503075,CUST-103924,2025-04-05,0,0,False,False,20161.17249999999,Current,DEBT_CONSOLIDATION
LN-503077,CUST-103931,2025-04-05,0,0,False,False,28694.879999999983,Current,DEBT_CONSOLIDATION
LN-503079,CUST-101506,2025-04-05,0,0,False,False,126497.69250000009,Current,DEBT_CONSOLIDATION
LN-503080,CUST-105599,2025-04-05,0,0,False,False,7746.547500000002,Current,DEBT_CONSOLIDATION
LN-503081,CUST-107071,2025-04-05,0,0,False,False,22170.6125,Current,DEBT_CONSOLIDATION
LN-503083,CUST-105722,2025-04-05,0,0,False,False,15229.685000000001,Current,DEBT_CONSOLIDATION
LN-503085,CUST-104895,2025-04-05,0,0,False,False,11537.919999999996,Current,DEBT_CONSOLIDATION
LN-503086,CUST-100749,2025-04-05,0,0,False,False,2421.32,Current,DEBT_CONSOLIDATION
LN-503087,CUST-107303,2025-04-05,0,0,False,False,32075.140000000014,Current,DEBT_CONSOLIDATION
LN-503088,CUST-106447,2025-04-05,0,0,False,False,23336.890000000003,Current,DEBT_CONSOLIDATION
LN-503089,CUST-101529,2025-04-05,0,0,False,False,245745.51,Current,DEBT_CONSOLIDATION
LN-503090,CUST-105792,2025-04-05,0,0,False,False,17548.7475,Current,DEBT_CONSOLIDATION
LN-503091,CUST-106533,2025-04-05,0,0,False,False,73464.38500000002,Current,DEBT_CONSOLIDATION
LN-503092,CUST-105161,2025-04-05,0,0,False,False,14724.0375,Current,DEBT_CONSOLIDATION
LN-503093,CUST-106389,2025-04-05,0,0,False,False,14321.829999999993,Current,DEBT_CONSOLIDATION
LN-503094,CUST-103781,2025-04-05,0,0,False,False,2211.0299999999997,Current,DEBT_CONSOLIDATION
LN-503095,CUST-106989,2025-04-05,0,0,False,False,10416.832500000011,Current,DEBT_CONSOLIDATION
LN-503096,CUST-103350,2025-04-05,0,0,False,False,40335.71000000002,Current,DEBT_CONSOLIDATION
LN-503097,CUST-105846,2025-04-05,0,0,False,False,26197.212499999994,Current,DEBT_CONSOLIDATION
LN-503098,CUST-102826,2025-04-05,0,0,False,False,7549.569999999999,Current,DEBT_CONSOLIDATION
LN-503099,CUST-100812,2025-04-05,0,0,False,False,10713.240000000005,Current,DEBT_CONSOLIDATION
LN-503100,CUST-105410,2025-04-05,0,0,False,False,370071.46,Current,DEBT_CONSOLIDATION
LN-503101,CUST-103289,2025-04-05,0,0,False,False,8843.0975,Current,DEBT_CONSOLIDATION
LN-503103,CUST-100510,2025-04-05,1,24,False,False,6311.1,1-29,DEBT_CONSOLIDATION
LN-503104,CUST-104346,2025-04-05,0,0,False,False,14049.047500000002,Current,DEBT_CONSOLIDATION
LN-503105,CUST-102451,2025-04-05,0,0,False,False,8335.242499999998,Current,DEBT_CONSOLIDATION
LN-503106,CUST-101779,2025-04-05,0,0,False,False,2573.4600000000005,Current,DEBT_CONSOLIDATION
LN-503108,CUST-105388,2025-04-05,0,0,False,False,37037.1,Current,DEBT_CONSOLIDATION
LN-503109,CUST-103262,2025-04-05,0,0,False,False,47757.84,Current,DEBT_CONSOLIDATION
LN-503112,CUST-100232,2025-04-05,0,0,False,False,34981.164999999964,Current,DEBT_CONSOLIDATION
LN-503113,CUST-105494,2025-04-05,0,0,False,False,11097.460000000001,Current,DEBT_CONSOLIDATION
LN-503114,CUST-107352,2025-04-05,0,0,False,False,44116.045000000006,Current,DEBT_CONSOLIDATION
LN-503115,CUST-103578,2025-04-05,0,0,False,False,8731.849999999999,Current,DEBT_CONSOLIDATION
LN-503116,CUST-105552,2025-04-05,0,0,False,False,13091.165,Current,DEBT_CONSOLIDATION
LN-503117,CUST-102869,2025-04-05,4,107,False,False,16751.870000000006,90+,DEBT_CONSOLIDATION
LN-503118,CUST-100566,2025-04-05,0,0,False,False,16152.150000000001,Current,DEBT_CONSOLIDATION
LN-503119,CUST-101915,2025-04-05,0,0,False,False,45536.08500000001,Current,DEBT_CONSOLIDATION
LN-503120,CUST-101378,2025-04-05,0,0,False,False,23832.39,Current,DEBT_CONSOLIDATION
LN-503122,CUST-104974,2025-04-05,0,0,False,False,45611.1975,Current,DEBT_CONSOLIDATION
LN-503123,CUST-106399,2025-04-05,1,14,False,False,25967.495000000003,1-29,DEBT_CONSOLIDATION
LN-503124,CUST-107836,2025-04-05,0,0,False,False,11513.5625,Current,DEBT_CONSOLIDATION
LN-503125,CUST-101858,2025-04-05,0,0,False,False,29234.22,Current,DEBT_CONSOLIDATION
LN-503126,CUST-105922,2025-04-05,0,0,False,False,27660.135000000006,Current,DEBT_CONSOLIDATION
LN-503127,CUST-106459,2025-04-05,0,0,False,False,24541.230000000018,Current,DEBT_CONSOLIDATION
LN-503128,CUST-103189,2025-04-05,0,0,False,False,34685.459999999985,Current,DEBT_CONSOLIDATION
LN-503129,CUST-100949,2025-04-05,2,58,False,False,5532.1974999999975,30-59,DEBT_CONSOLIDATION
LN-503130,CUST-106564,2025-04-05,0,0,False,False,50331.37,Current,DEBT_CONSOLIDATION
LN-503131,CUST-107499,2025-04-05,0,0,False,False,35763.19250000003,Current,DEBT_CONSOLIDATION
LN-503132,CUST-102207,2025-04-05,0,0,False,False,51202.69,Current,DEBT_CONSOLIDATION
LN-503134,CUST-106944,2025-04-05,0,0,False,False,20663.78500000001,Current,DEBT_CONSOLIDATION
LN-503135,CUST-106948,2025-04-05,0,0,False,False,12057.259999999998,Current,DEBT_CONSOLIDATION
LN-503136,CUST-107227,2025-04-05,0,0,False,False,14653.640000000001,Current,DEBT_CONSOLIDATION
LN-503137,CUST-101806,2025-04-05,0,0,False,False,22780.94999999998,Current,DEBT_CONSOLIDATION
LN-503138,CUST-103598,2025-04-05,1,27,False,False,30447.69,1-29,DEBT_CONSOLIDATION
LN-503139,CUST-105812,2025-04-05,0,0,False,False,138779.64250000002,Current,DEBT_CONSOLIDATION
LN-503140,CUST-104018,2025-04-05,0,0,False,False,137913.93,Current,DEBT_CONSOLIDATION
LN-503141,CUST-101445,2025-04-05,0,0,False,False,29283.68,Current,DEBT_CONSOLIDATION
LN-503142,CUST-105565,2025-04-05,0,0,False,False,40608.74,Current,DEBT_CONSOLIDATION
LN-503143,CUST-102440,2025-04-05,0,0,False,False,24165.992499999997,Current,DEBT_CONSOLIDATION
LN-503144,CUST-107249,2025-04-05,0,0,False,False,49667.9525,Current,DEBT_CONSOLIDATION
LN-503145,CUST-105813,2025-04-05,0,0,False,False,17662.524999999994,Current,DEBT_CONSOLIDATION
LN-503146,CUST-100271,2025-04-05,0,0,False,False,81790.6,Current,DEBT_CONSOLIDATION
LN-503147,CUST-105966,2025-04-05,0,0,False,False,17022.8,Current,DEBT_CONSOLIDATION
LN-503148,CUST-102102,2025-04-05,0,0,False,False,7501.590000000006,Current,DEBT_CONSOLIDATION
LN-503149,CUST-100810,2025-04-05,0,0,False,False,9778.64,Current,DEBT_CONSOLIDATION
LN-503150,CUST-106729,2025-04-05,0,0,False,False,16888.53249999999,Current,DEBT_CONSOLIDATION
LN-503151,CUST-103094,2025-04-05,0,0,False,False,74859.04750000007,Current,DEBT_CONSOLIDATION
LN-503154,CUST-104307,2025-04-05,1,16,False,False,24480.957499999986,1-29,DEBT_CONSOLIDATION
LN-503155,CUST-101425,2025-04-05,0,0,False,False,35688.899999999994,Current,DEBT_CONSOLIDATION
LN-503156,CUST-101135,2025-04-05,0,0,False,False,9094.37,Current,DEBT_CONSOLIDATION
LN-503157,CUST-104106,2025-04-05,0,0,False,False,49421.49,Current,DEBT_CONSOLIDATION
LN-503158,CUST-102119,2025-04-05,0,0,False,False,51663.7,Current,DEBT_CONSOLIDATION
LN-503159,CUST-102996,2025-04-05,0,0,False,False,29184.252500000006,Current,DEBT_CONSOLIDATION
LN-503160,CUST-100038,2025-04-05,0,0,False,False,29338.92750000001,Current,DEBT_CONSOLIDATION
LN-503161,CUST-105158,2025-04-05,0,0,False,False,19700.389999999992,Current,DEBT_CONSOLIDATION
LN-503162,CUST-100006,2025-04-05,0,0,False,False,10974.180000000004,Current,DEBT_CONSOLIDATION
LN-503163,CUST-100384,2025-04-05,0,0,False,False,34767.689999999995,Current,DEBT_CONSOLIDATION
LN-503164,CUST-100257,2025-04-05,0,0,False,False,15238.619999999999,Current,DEBT_CONSOLIDATION
LN-503165,CUST-101491,2025-04-05,0,0,False,False,16100.959999999988,Current,DEBT_CONSOLIDATION
LN-503166,CUST-107687,2025-04-05,0,0,False,False,23980.044999999995,Current,DEBT_CONSOLIDATION
LN-503167,CUST-100448,2025-04-05,4,224,False,False,37318.91,90+,DEBT_CONSOLIDATION
LN-503168,CUST-105822,2025-04-05,0,0,False,False,44666.115,Current,DEBT_CONSOLIDATION
LN-503169,CUST-104990,2025-04-05,0,0,False,False,232431.48500000007,Current,DEBT_CONSOLIDATION
LN-503171,CUST-102359,2025-04-05,0,0,False,False,37332.67499999997,Current,DEBT_CONSOLIDATION
LN-503172,CUST-102840,2025-04-05,0,0,False,False,26622.855000000007,Current,DEBT_CONSOLIDATION
LN-503174,CUST-101204,2025-04-05,0,0,False,False,614689.5800000001,Current,DEBT_CONSOLIDATION
LN-503176,CUST-106574,2025-04-05,0,0,False,False,15750.505000000005,Current,DEBT_CONSOLIDATION
LN-503177,CUST-101881,2025-04-05,0,0,False,False,9543.515000000001,Current,DEBT_CONSOLIDATION
LN-503178,CUST-107842,2025-04-05,0,0,False,False,18491.12249999999,Current,DEBT_CONSOLIDATION
LN-503179,CUST-106170,2025-04-05,0,0,False,False,1836.4000000000015,Current,DEBT_CONSOLIDATION
LN-503180,CUST-101915,2025-04-05,0,0,False,False,26824.0675,Current,DEBT_CONSOLIDATION
LN-503181,CUST-103627,2025-04-05,0,0,False,False,82791.11,Current,DEBT_CONSOLIDATION
LN-503182,CUST-100076,2025-04-05,0,0,False,False,9921.387500000006,Current,DEBT_CONSOLIDATION
LN-503183,CUST-103451,2025-04-05,0,0,False,False,9224.675000000001,Current,DEBT_CONSOLIDATION
LN-503184,CUST-100711,2025-04-05,0,0,False,False,53031.105,Current,DEBT_CONSOLIDATION
LN-503185,CUST-105173,2025-04-05,0,0,False,False,12031.455,Current,DEBT_CONSOLIDATION
LN-503187,CUST-102921,2025-04-05,0,0,False,False,19719.189999999995,Current,DEBT_CONSOLIDATION
LN-503188,CUST-101996,2025-04-05,0,0,False,False,38439.47,Current,DEBT_CONSOLIDATION
LN-503190,CUST-100511,2025-04-05,0,0,False,False,10771.569999999996,Current,DEBT_CONSOLIDATION
LN-503191,CUST-106884,2025-04-05,0,0,False,False,22503.87,Current,DEBT_CONSOLIDATION
LN-503192,CUST-106604,2025-04-05,0,0,False,False,10703.24,Current,DEBT_CONSOLIDATION
LN-503194,CUST-101450,2025-04-05,0,0,False,False,9361.635000000004,Current,DEBT_CONSOLIDATION
LN-503195,CUST-104977,2025-04-05,0,0,False,False,10676.1225,Current,DEBT_CONSOLIDATION
LN-503197,CUST-107129,2025-04-05,0,0,False,False,15439.335000000003,Current,DEBT_CONSOLIDATION
LN-503198,CUST-107647,2025-04-05,0,0,False,False,43375.74,Current,DEBT_CONSOLIDATION
LN-503200,CUST-106206,2025-04-05,0,0,False,False,121227.32,Current,DEBT_CONSOLIDATION
LN-503201,CUST-102218,2025-04-05,0,0,False,False,27919.20499999999,Current,DEBT_CONSOLIDATION
LN-503202,CUST-101285,2025-04-05,0,0,False,False,1776.8575000000008,Current,DEBT_CONSOLIDATION
LN-503203,CUST-102003,2025-04-05,0,0,False,False,29326.88,Current,DEBT_CONSOLIDATION
LN-503205,CUST-102499,2025-04-05,0,0,False,False,7412.950000000002,Current,DEBT_CONSOLIDATION
LN-503206,CUST-104454,2025-04-05,0,0,False,False,7835.930000000002,Current,DEBT_CONSOLIDATION
LN-503207,CUST-104222,2025-04-05,4,121,False,False,17106.07,90+,DEBT_CONSOLIDATION
LN-503208,CUST-102124,2025-04-05,0,0,False,False,30130.657499999994,Current,DEBT_CONSOLIDATION
LN-503209,CUST-102895,2025-04-05,0,0,False,False,34450.800000000025,Current,DEBT_CONSOLIDATION
LN-503210,CUST-106724,2025-04-05,4,200,False,False,19327.745,90+,DEBT_CONSOLIDATION
LN-503212,CUST-105561,2025-04-05,0,0,False,False,13381.249999999998,Current,DEBT_CONSOLIDATION
LN-503214,CUST-101154,2025-04-05,0,0,False,False,31633.18000000001,Current,DEBT_CONSOLIDATION
LN-503215,CUST-101315,2025-04-05,0,0,False,False,6833.020000000005,Current,DEBT_CONSOLIDATION
LN-503217,CUST-104070,2025-04-05,0,0,False,False,17147.25,Current,DEBT_CONSOLIDATION
LN-503218,CUST-102864,2025-04-05,0,0,False,False,34626.899999999994,Current,DEBT_CONSOLIDATION
LN-503219,CUST-101378,2025-04-05,0,0,False,False,23413.99999999999,Current,DEBT_CONSOLIDATION
LN-503220,CUST-105483,2025-04-05,0,0,False,False,29586.8575,Current,DEBT_CONSOLIDATION
LN-503221,CUST-102485,2025-04-05,0,0,False,False,29027.22,Current,DEBT_CONSOLIDATION
LN-503222,CUST-106179,2025-04-05,0,0,False,False,17644.259999999987,Current,DEBT_CONSOLIDATION
LN-503224,CUST-107643,2025-04-05,0,0,False,False,11107.51,Current,DEBT_CONSOLIDATION
LN-503225,CUST-100617,2025-04-05,0,0,False,False,40108.51,Current,DEBT_CONSOLIDATION
LN-503226,CUST-102218,2025-04-05,0,0,False,False,46952.36,Current,DEBT_CONSOLIDATION
LN-503227,CUST-103420,2025-04-05,2,35,False,False,49045.495,30-59,DEBT_CONSOLIDATION
LN-503228,CUST-106175,2025-04-05,0,0,False,False,4095.5475000000006,Current,DEBT_CONSOLIDATION
LN-503229,CUST-100854,2025-04-05,0,0,False,False,94371.57499999998,Current,DEBT_CONSOLIDATION
LN-503230,CUST-107264,2025-04-05,2,35,False,False,9039.669999999998,30-59,DEBT_CONSOLIDATION
LN-503231,CUST-106370,2025-04-05,0,0,False,False,36319.149999999994,Current,DEBT_CONSOLIDATION
LN-503233,CUST-102838,2025-04-05,0,0,False,False,1182.5825,Current,DEBT_CONSOLIDATION
LN-503234,CUST-106898,2025-04-05,0,0,False,False,568282.8649999998,Current,DEBT_CONSOLIDATION
LN-503236,CUST-102123,2025-04-05,0,0,False,False,635402.9050000001,Current,DEBT_CONSOLIDATION
LN-503237,CUST-103613,2025-04-05,0,0,False,False,27766.32,Current,DEBT_CONSOLIDATION
LN-503238,CUST-104532,2025-04-05,0,0,False,False,14221.419999999998,Current,DEBT_CONSOLIDATION
LN-503239,CUST-105466,2025-04-05,0,0,False,False,12137.674999999997,Current,DEBT_CONSOLIDATION
LN-503240,CUST-103124,2025-04-05,0,0,False,False,12006.602500000006,Current,DEBT_CONSOLIDATION
LN-503241,CUST-107175,2025-04-05,0,0,False,False,19216.02,Current,DEBT_CONSOLIDATION
LN-503242,CUST-102095,2025-04-05,0,0,False,False,23732.450000000004,Current,DEBT_CONSOLIDATION
LN-503243,CUST-103500,2025-04-05,0,0,False,False,118142.54999999999,Current,DEBT_CONSOLIDATION
LN-503245,CUST-102792,2025-04-05,0,0,False,False,30684.859999999986,Current,DEBT_CONSOLIDATION
LN-503246,CUST-104919,2025-04-05,0,0,False,False,47878.375,Current,DEBT_CONSOLIDATION
LN-503247,CUST-107990,2025-04-05,0,0,False,False,4098.824999999999,Current,DEBT_CONSOLIDATION
LN-503248,CUST-101833,2025-04-05,0,0,False,False,12869.615000000003,Current,DEBT_CONSOLIDATION
LN-503249,CUST-104153,2025-04-05,0,0,False,False,5116.505000000003,Current,DEBT_CONSOLIDATION
LN-503250,CUST-102179,2025-04-05,0,0,False,False,19784.565000000002,Current,DEBT_CONSOLIDATION
LN-503251,CUST-100507,2025-04-05,0,0,False,False,80564.19,Current,DEBT_CONSOLIDATION
LN-503252,CUST-100202,2025-04-05,0,0,False,False,10991.384999999995,Current,DEBT_CONSOLIDATION
LN-503253,CUST-100288,2025-04-05,0,0,False,False,46371.235,Current,DEBT_CONSOLIDATION
LN-503254,CUST-103413,2025-04-05,0,0,False,False,7427.049999999999,Current,DEBT_CONSOLIDATION
LN-503257,CUST-101891,2025-04-05,0,0,False,False,29823.965000000007,Current,DEBT_CONSOLIDATION
LN-503258,CUST-107717,2025-04-05,0,0,False,False,48346.32749999998,Current,DEBT_CONSOLIDATION
LN-503260,CUST-101118,2025-04-05,0,0,False,False,39683.289999999986,Current,DEBT_CONSOLIDATION
LN-503263,CUST-103841,2025-04-05,0,0,False,False,10683.719999999996,Current,DEBT_CONSOLIDATION
LN-503264,CUST-105435,2025-04-05,0,0,False,False,28167.494999999984,Current,DEBT_CONSOLIDATION
LN-503265,CUST-102511,2025-04-05,0,0,False,False,16060.02,Current,DEBT_CONSOLIDATION
LN-503266,CUST-107056,2025-04-05,0,0,False,False,29929.199999999997,Current,DEBT_CONSOLIDATION
LN-503268,CUST-107578,2025-04-05,0,0,False,False,15971.809999999989,Current,DEBT_CONSOLIDATION
LN-503269,CUST-102675,2025-04-05,0,0,False,False,8399.517499999994,Current,DEBT_CONSOLIDATION
LN-503270,CUST-103872,2025-04-05,0,0,False,False,38959.174999999974,Current,DEBT_CONSOLIDATION
LN-503271,CUST-103329,2025-04-05,0,0,False,False,18516.742500000008,Current,DEBT_CONSOLIDATION
LN-503272,CUST-100935,2025-04-05,0,0,False,False,2331.427499999998,Current,DEBT_CONSOLIDATION
LN-503273,CUST-102705,2025-04-05,0,0,False,False,572537.5500000002,Current,DEBT_CONSOLIDATION
LN-503274,CUST-104061,2025-04-05,0,0,False,False,13182.564999999995,Current,DEBT_CONSOLIDATION
LN-503275,CUST-107818,2025-04-05,0,0,False,False,37596.429999999986,Current,DEBT_CONSOLIDATION
LN-503276,CUST-101935,2025-04-05,0,0,False,False,4158.3025,Current,DEBT_CONSOLIDATION
LN-503277,CUST-106101,2025-04-05,0,0,False,False,28261.469999999994,Current,DEBT_CONSOLIDATION
LN-503278,CUST-101166,2025-04-05,0,0,False,False,7394.27,Current,DEBT_CONSOLIDATION
LN-503279,CUST-105295,2025-04-05,0,0,False,False,7317.360000000005,Current,DEBT_CONSOLIDATION
LN-503280,CUST-102753,2025-04-05,2,57,False,False,1782.5825000000004,30-59,DEBT_CONSOLIDATION
LN-503282,CUST-105996,2025-04-05,0,0,False,False,19032.03,Current,DEBT_CONSOLIDATION
LN-503285,CUST-102554,2025-04-05,4,115,False,False,2914.649999999999,90+,DEBT_CONSOLIDATION
LN-503286,CUST-105284,2025-04-05,0,0,False,False,8914.86,Current,DEBT_CONSOLIDATION
LN-503287,CUST-105824,2025-04-05,0,0,False,False,6182.510000000001,Current,DEBT_CONSOLIDATION
LN-503288,CUST-102344,2025-04-05,0,0,False,False,14348.844999999994,Current,DEBT_CONSOLIDATION
LN-503290,CUST-107697,2025-04-05,0,0,False,False,26865.7575,Current,DEBT_CONSOLIDATION
LN-503292,CUST-103594,2025-04-05,0,0,False,False,26579.07000000002,Current,DEBT_CONSOLIDATION
LN-503293,CUST-102272,2025-04-05,0,0,False,False,45463.36249999998,Current,DEBT_CONSOLIDATION
LN-503294,CUST-105454,2025-04-05,0,0,False,False,107429.175,Current,DEBT_CONSOLIDATION
LN-503295,CUST-101081,2025-04-05,0,0,False,False,30266.86249999998,Current,DEBT_CONSOLIDATION
LN-503296,CUST-100061,2025-04-05,0,0,False,False,6041.227500000003,Current,DEBT_CONSOLIDATION
LN-503297,CUST-102860,2025-04-05,0,0,False,False,44301.25250000001,Current,DEBT_CONSOLIDATION
LN-503298,CUST-104215,2025-04-05,0,0,False,False,16031.7,Current,DEBT_CONSOLIDATION
LN-503299,CUST-100444,2025-04-05,0,0,False,False,339716.8799999998,Current,DEBT_CONSOLIDATION
LN-503300,CUST-102287,2025-04-05,3,73,False,False,6694.8949999999995,60-89,DEBT_CONSOLIDATION
LN-503301,CUST-103355,2025-04-05,0,0,False,False,29263.47500000002,Current,DEBT_CONSOLIDATION
LN-503302,CUST-107261,2025-04-05,0,0,False,False,16968.79,Current,DEBT_CONSOLIDATION
LN-503303,CUST-102329,2025-04-05,0,0,False,False,34616.2,Current,DEBT_CONSOLIDATION
LN-503304,CUST-107478,2025-04-05,0,0,False,False,26106.174999999977,Current,DEBT_CONSOLIDATION
LN-503305,CUST-103148,2025-04-05,0,0,False,False,8202.337500000001,Current,DEBT_CONSOLIDATION
LN-503306,CUST-104780,2025-04-05,0,0,False,False,2321.0499999999993,Current,DEBT_CONSOLIDATION
LN-503307,CUST-104128,2025-04-05,0,0,False,False,17145.4575,Current,DEBT_CONSOLIDATION
LN-503308,CUST-106718,2025-04-05,0,0,False,False,16339.049999999996,Current,DEBT_CONSOLIDATION
LN-503309,CUST-105472,2025-04-05,0,0,False,False,17420.182500000006,Current,DEBT_CONSOLIDATION
LN-503310,CUST-106248,2025-04-05,0,0,False,False,18876.667499999996,Current,DEBT_CONSOLIDATION
LN-503313,CUST-107019,2025-04-05,1,21,False,False,31166.89,1-29,DEBT_CONSOLIDATION
LN-503314,CUST-103257,2025-04-05,0,0,False,False,49885.925,Current,DEBT_CONSOLIDATION
LN-503315,CUST-103548,2025-04-05,0,0,False,False,14081.050000000001,Current,DEBT_CONSOLIDATION
LN-503320,CUST-105987,2025-04-05,0,0,False,False,18330.675000000007,Current,DEBT_CONSOLIDATION
LN-503321,CUST-106894,2025-04-05,0,0,False,False,9846.625000000002,Current,DEBT_CONSOLIDATION
LN-503322,CUST-103431,2025-04-05,0,0,False,False,48901.01,Current,DEBT_CONSOLIDATION
LN-503324,CUST-100512,2025-04-05,0,0,False,False,33727.80000000001,Current,DEBT_CONSOLIDATION
LN-503325,CUST-106469,2025-04-05,0,0,False,False,110246.70000000003,Current,DEBT_CONSOLIDATION
LN-503327,CUST-102953,2025-04-05,1,28,False,False,8058.630000000001,1-29,DEBT_CONSOLIDATION
LN-503329,CUST-105852,2025-04-05,0,0,False,False,5526.637500000004,Current,DEBT_CONSOLIDATION
LN-503330,CUST-102842,2025-04-05,0,0,False,False,4747.99,Current,DEBT_CONSOLIDATION
LN-503331,CUST-105550,2025-04-05,0,0,False,False,18172.2975,Current,DEBT_CONSOLIDATION
LN-503332,CUST-103077,2025-04-05,0,0,False,False,32699.12500000002,Current,DEBT_CONSOLIDATION
LN-503333,CUST-104241,2025-04-05,0,0,False,False,21016.0575,Current,DEBT_CONSOLIDATION
LN-503334,CUST-106344,2025-04-05,0,0,False,False,38795.60000000001,Current,DEBT_CONSOLIDATION
LN-503335,CUST-104081,2025-04-05,0,0,False,False,18126.815000000006,Current,DEBT_CONSOLIDATION
LN-503336,CUST-107301,2025-04-05,0,0,False,True,43917.02999999999,Current,DEBT_CONSOLIDATION
LN-503337,CUST-105072,2025-04-05,0,0,False,False,7684.8425000000025,Current,DEBT_CONSOLIDATION
LN-503338,CUST-104647,2025-04-05,0,0,False,False,21446.52000000001,Current,DEBT_CONSOLIDATION
LN-503339,CUST-104999,2025-04-05,0,0,False,False,7018.845000000001,Current,DEBT_CONSOLIDATION
LN-503341,CUST-106384,2025-04-05,0,0,False,False,38555.29,Current,DEBT_CONSOLIDATION
LN-503342,CUST-107133,2025-04-05,0,0,False,False,27434.055,Current,DEBT_CONSOLIDATION
LN-503343,CUST-106837,2025-04-05,2,53,False,False,42620.507499999985,30-59,DEBT_CONSOLIDATION
LN-503344,CUST-100287,2025-04-05,0,0,False,False,47808.13,Current,DEBT_CONSOLIDATION
LN-503345,CUST-102861,2025-04-05,0,0,False,False,28205.514999999996,Current,DEBT_CONSOLIDATION
LN-503346,CUST-106914,2025-04-05,0,0,False,False,12252.75,Current,DEBT_CONSOLIDATION
LN-503347,CUST-102906,2025-04-05,0,0,False,False,24792.502500000002,Current,DEBT_CONSOLIDATION
LN-503350,CUST-101753,2025-04-05,0,0,False,False,99280.23,Current,DEBT_CONSOLIDATION
LN-503351,CUST-103921,2025-04-05,0,0,False,False,4913.9075,Current,DEBT_CONSOLIDATION
LN-503352,CUST-101873,2025-04-05,0,0,False,False,35613.48000000001,Current,DEBT_CONSOLIDATION
LN-503354,CUST-102383,2025-04-05,0,0,False,False,31307.619999999995,Current,DEBT_CONSOLIDATION
LN-503356,CUST-102350,2025-04-05,0,0,False,False,25226.02,Current,DEBT_CONSOLIDATION
LN-503357,CUST-101231,2025-04-05,0,0,False,False,23999.370000000003,Current,DEBT_CONSOLIDATION
LN-503358,CUST-104534,2025-04-05,4,119,False,False,11241.734999999999,90+,DEBT_CONSOLIDATION
LN-503359,CUST-104096,2025-04-05,0,0,False,False,20620.2375,Current,DEBT_CONSOLIDATION
LN-503360,CUST-102342,2025-04-05,0,0,False,False,52458.7275,Current,DEBT_CONSOLIDATION
LN-503361,CUST-107430,2025-04-05,0,0,False,False,25171.36000000001,Current,DEBT_CONSOLIDATION
LN-503362,CUST-103965,2025-04-05,0,0,False,False,8304.560000000001,Current,DEBT_CONSOLIDATION
LN-503363,CUST-101649,2025-04-05,0,0,False,False,529036.2375000002,Current,DEBT_CONSOLIDATION
LN-503364,CUST-100345,2025-04-05,0,0,False,False,269368.65,Current,DEBT_CONSOLIDATION
LN-503365,CUST-100406,2025-04-05,1,9,False,False,15156.060000000003,1-29,DEBT_CONSOLIDATION
LN-503367,CUST-107118,2025-04-05,0,0,False,False,31326.23,Current,DEBT_CONSOLIDATION
LN-503368,CUST-104270,2025-04-05,0,0,False,False,31807.649999999972,Current,DEBT_CONSOLIDATION
LN-503369,CUST-102888,2025-04-05,0,0,False,False,111887.0825,Current,DEBT_CONSOLIDATION
LN-503370,CUST-104789,2025-04-05,0,0,False,False,4542.84,Current,DEBT_CONSOLIDATION
LN-503371,CUST-105174,2025-04-05,0,0,False,False,46614.625,Current,DEBT_CONSOLIDATION
LN-503372,CUST-104731,2025-04-05,0,0,False,False,14717.742500000008,Current,DEBT_CONSOLIDATION
LN-503373,CUST-104182,2025-04-05,0,0,False,False,23019.269999999997,Current,DEBT_CONSOLIDATION
LN-503374,CUST-106066,2025-04-05,0,0,False,False,39803.45500000001,Current,DEBT_CONSOLIDATION
LN-503375,CUST-102266,2025-04-05,0,0,False,False,13140.430000000002,Current,DEBT_CONSOLIDATION
LN-503377,CUST-100688,2025-04-05,0,0,False,False,10508.500000000004,Current,DEBT_CONSOLIDATION
LN-503378,CUST-101317,2025-04-05,0,0,False,False,95651.64499999996,Current,DEBT_CONSOLIDATION
LN-503379,CUST-102343,2025-04-05,0,0,False,False,4548.059999999997,Current,DEBT_CONSOLIDATION
LN-503380,CUST-100958,2025-04-05,0,0,True,False,353090.7149999998,Current,DEBT_CONSOLIDATION
LN-503381,CUST-105593,2025-04-05,0,0,False,False,17430.465,Current,DEBT_CONSOLIDATION
LN-503382,CUST-107285,2025-04-05,0,0,False,False,86153.51000000002,Current,DEBT_CONSOLIDATION
LN-503384,CUST-103122,2025-04-05,0,0,False,False,13376.574999999997,Current,DEBT_CONSOLIDATION
LN-503385,CUST-105536,2025-04-05,1,22,False,False,21321.142500000005,1-29,DEBT_CONSOLIDATION
LN-503386,CUST-103954,2025-04-05,0,0,False,False,21904.65,Current,DEBT_CONSOLIDATION
LN-503387,CUST-105036,2025-04-05,0,0,False,False,2084.449999999999,Current,DEBT_CONSOLIDATION
LN-503388,CUST-106388,2025-04-05,0,0,False,False,6821.649999999998,Current,DEBT_CONSOLIDATION
LN-503389,CUST-104053,2025-04-05,0,0,False,False,14035.419999999996,Current,DEBT_CONSOLIDATION
LN-503390,CUST-101830,2025-04-05,0,0,False,False,9871.380000000001,Current,DEBT_CONSOLIDATION
LN-503391,CUST-103417,2025-04-05,0,0,False,False,42729.445,Current,DEBT_CONSOLIDATION
LN-503392,CUST-100774,2025-04-05,0,0,False,False,45549.73,Current,DEBT_CONSOLIDATION
LN-503393,CUST-102796,2025-04-05,0,0,False,False,27669.800000000017,Current,DEBT_CONSOLIDATION
LN-503394,CUST-105497,2025-04-05,0,0,False,False,19498.1875,Current,DEBT_CONSOLIDATION
LN-503395,CUST-106149,2025-04-05,0,0,False,False,10737.07,Current,DEBT_CONSOLIDATION
LN-503396,CUST-101897,2025-04-05,1,5,False,False,7927.599999999998,1-29,DEBT_CONSOLIDATION
LN-503397,CUST-107922,2025-04-05,0,0,False,False,15017.090000000002,Current,DEBT_CONSOLIDATION
LN-503398,CUST-106095,2025-04-05,0,0,False,False,39066.33500000001,Current,DEBT_CONSOLIDATION
LN-503399,CUST-106178,2025-04-05,0,0,False,False,109577.53999999998,Current,DEBT_CONSOLIDATION
LN-503400,CUST-106094,2025-04-05,0,0,False,False,18446.8675,Current,DEBT_CONSOLIDATION
LN-503401,CUST-106998,2025-04-05,0,0,False,False,33690.204999999994,Current,DEBT_CONSOLIDATION
LN-503402,CUST-100971,2025-04-05,1,12,False,False,5702.130000000001,1-29,DEBT_CONSOLIDATION
LN-503403,CUST-103018,2025-04-05,0,0,False,False,34331.84999999999,Current,DEBT_CONSOLIDATION
LN-503404,CUST-105767,2025-04-05,0,0,False,False,36122.869999999995,Current,DEBT_CONSOLIDATION
LN-503405,CUST-102810,2025-04-05,0,0,False,False,1597.79,Current,DEBT_CONSOLIDATION
LN-503406,CUST-106908,2025-04-05,0,0,False,False,253886.43499999994,Current,DEBT_CONSOLIDATION
LN-503409,CUST-102064,2025-04-05,0,0,False,False,8222.789999999992,Current,DEBT_CONSOLIDATION
LN-503410,CUST-107012,2025-04-05,0,0,False,False,28662.247499999998,Current,DEBT_CONSOLIDATION
LN-503411,CUST-101516,2025-04-05,0,0,False,False,2607.572500000001,Current,DEBT_CONSOLIDATION
LN-503412,CUST-106545,2025-04-05,0,0,False,False,20678.740000000005,Current,DEBT_CONSOLIDATION
LN-503414,CUST-100255,2025-04-05,0,0,False,False,8573.439999999997,Current,DEBT_CONSOLIDATION
LN-503415,CUST-107327,2025-04-05,0,0,False,False,1900.125,Current,DEBT_CONSOLIDATION
LN-503416,CUST-101909,2025-04-05,0,0,False,False,7070.249999999998,Current,DEBT_CONSOLIDATION
LN-503417,CUST-105206,2025-04-05,0,0,False,False,8906.0675,Current,DEBT_CONSOLIDATION
LN-503418,CUST-104056,2025-04-05,0,0,False,False,18533.959999999992,Current,DEBT_CONSOLIDATION
LN-503419,CUST-100284,2025-04-05,0,0,False,False,16649.6525,Current,DEBT_CONSOLIDATION
LN-503420,CUST-107296,2025-04-05,0,0,False,False,29892.539999999997,Current,DEBT_CONSOLIDATION
LN-503422,CUST-106483,2025-04-05,0,0,False,False,8564.05,Current,DEBT_CONSOLIDATION
LN-503423,CUST-107309,2025-04-05,0,0,False,False,25115.869999999995,Current,DEBT_CONSOLIDATION
LN-503424,CUST-100777,2025-04-05,1,20,False,False,292569.8275,1-29,DEBT_CONSOLIDATION
LN-503425,CUST-101789,2025-04-05,0,0,False,False,20020.000000000015,Current,DEBT_CONSOLIDATION
LN-503426,CUST-106504,2025-04-05,0,0,False,False,14378.399999999998,Current,DEBT_CONSOLIDATION
LN-503427,CUST-104804,2025-04-05,0,0,False,False,9158.769999999997,Current,DEBT_CONSOLIDATION
LN-503428,CUST-106341,2025-04-05,0,0,False,False,43591.605,Current,DEBT_CONSOLIDATION
LN-503429,CUST-104673,2025-04-05,0,0,False,False,21707.054999999993,Current,DEBT_CONSOLIDATION
LN-503430,CUST-106497,2025-04-05,0,0,False,False,7894.075000000001,Current,DEBT_CONSOLIDATION
LN-503431,CUST-106955,2025-04-05,0,0,False,False,22172.937500000004,Current,DEBT_CONSOLIDATION
LN-503433,CUST-106860,2025-04-05,0,0,False,False,107054.3,Current,DEBT_CONSOLIDATION
LN-503434,CUST-107724,2025-04-05,0,0,False,False,16186.93,Current,DEBT_CONSOLIDATION
LN-503436,CUST-101234,2025-04-05,0,0,False,False,11066.742499999997,Current,DEBT_CONSOLIDATION
LN-503437,CUST-104194,2025-04-05,0,0,False,False,7576.439999999995,Current,DEBT_CONSOLIDATION
LN-503438,CUST-102099,2025-04-05,0,0,False,False,23855.915000000015,Current,DEBT_CONSOLIDATION
LN-503439,CUST-104897,2025-04-05,0,0,False,False,19615.69,Current,DEBT_CONSOLIDATION
LN-503440,CUST-105723,2025-04-05,0,0,False,False,24134.317499999983,Current,DEBT_CONSOLIDATION
LN-503441,CUST-105402,2025-04-05,0,0,False,False,16456.714999999997,Current,DEBT_CONSOLIDATION
LN-503442,CUST-100824,2025-04-05,2,51,False,False,27181.31,30-59,DEBT_CONSOLIDATION
LN-503443,CUST-106058,2025-04-05,1,25,False,False,64320.775,1-29,DEBT_CONSOLIDATION
LN-503444,CUST-103160,2025-04-05,0,0,False,False,29276.820000000007,Current,DEBT_CONSOLIDATION
LN-503446,CUST-107065,2025-04-05,0,0,False,False,28698.43,Current,DEBT_CONSOLIDATION
LN-503447,CUST-103320,2025-04-05,0,0,False,False,27536.987500000017,Current,DEBT_CONSOLIDATION
LN-503448,CUST-101999,2025-04-05,0,0,False,False,31232.29,Current,DEBT_CONSOLIDATION
LN-503449,CUST-103479,2025-04-05,0,0,False,False,4981.730000000002,Current,DEBT_CONSOLIDATION
LN-503450,CUST-105853,2025-04-05,0,0,False,False,379736.01999999996,Current,DEBT_CONSOLIDATION
LN-503451,CUST-105878,2025-04-05,0,0,False,False,11831.307499999999,Current,DEBT_CONSOLIDATION
LN-503452,CUST-100301,2025-04-05,0,0,False,False,9430.23,Current,DEBT_CONSOLIDATION
LN-503453,CUST-105847,2025-04-05,4,147,False,False,19785.50250000001,90+,DEBT_CONSOLIDATION
LN-503454,CUST-106917,2025-04-05,0,0,False,False,26411.650000000005,Current,DEBT_CONSOLIDATION
LN-503455,CUST-104995,2025-04-05,0,0,False,False,43785.782499999994,Current,DEBT_CONSOLIDATION
LN-503456,CUST-104781,2025-04-05,0,0,False,False,29516.689999999995,Current,DEBT_CONSOLIDATION
LN-503457,CUST-104705,2025-04-05,0,0,False,False,26940.204999999998,Current,DEBT_CONSOLIDATION
LN-503458,CUST-104158,2025-04-05,0,0,False,False,18189.785,Current,DEBT_CONSOLIDATION
LN-503460,CUST-101808,2025-04-05,0,0,False,False,23095.159999999996,Current,DEBT_CONSOLIDATION
LN-503461,CUST-103409,2025-04-05,0,0,False,False,6985.230000000001,Current,DEBT_CONSOLIDATION
LN-503462,CUST-106358,2025-04-05,4,265,False,False,91023.63500000001,90+,DEBT_CONSOLIDATION
LN-503463,CUST-107115,2025-04-05,0,0,False,False,32084.987500000017,Current,DEBT_CONSOLIDATION
LN-503464,CUST-100512,2025-04-05,0,0,False,False,17349.855000000003,Current,DEBT_CONSOLIDATION
LN-503465,CUST-102671,2025-04-05,0,0,False,False,15682.41,Current,DEBT_CONSOLIDATION
LN-503466,CUST-100517,2025-04-05,0,0,False,False,19458.547500000004,Current,DEBT_CONSOLIDATION
LN-503467,CUST-103357,2025-04-05,0,0,False,False,16555.409999999996,Current,DEBT_CONSOLIDATION
LN-503468,CUST-102487,2025-04-05,0,0,False,False,7600.877500000006,Current,DEBT_CONSOLIDATION
LN-503469,CUST-101159,2025-04-05,0,0,False,False,31579.574999999997,Current,DEBT_CONSOLIDATION
LN-503470,CUST-106460,2025-04-05,0,0,False,False,18797.720000000005,Current,DEBT_CONSOLIDATION
LN-503471,CUST-107475,2025-04-05,0,0,False,False,21986.11,Current,DEBT_CONSOLIDATION
LN-503472,CUST-104455,2025-04-05,0,0,False,False,44465.77250000001,Current,DEBT_CONSOLIDATION
LN-503473,CUST-106236,2025-04-05,0,0,False,False,26784.41000000001,Current,DEBT_CONSOLIDATION
LN-503474,CUST-101301,2025-04-05,0,0,False,False,7178.575000000001,Current,DEBT_CONSOLIDATION
LN-503475,CUST-103586,2025-04-05,0,0,False,False,22498.759999999995,Current,DEBT_CONSOLIDATION
LN-503476,CUST-107121,2025-04-05,0,0,False,False,14653.54,Current,DEBT_CONSOLIDATION
LN-503477,CUST-104655,2025-04-05,0,0,False,False,6896.55,Current,DEBT_CONSOLIDATION
LN-503478,CUST-102549,2025-04-05,1,12,False,False,27752.9925,1-29,DEBT_CONSOLIDATION
LN-503479,CUST-103374,2025-04-05,0,0,False,False,382418.1349999999,Current,DEBT_CONSOLIDATION
LN-503480,CUST-104596,2025-04-05,0,0,False,False,43443.1675,Current,DEBT_CONSOLIDATION
LN-503481,CUST-103368,2025-04-05,0,0,False,False,19193.545000000002,Current,DEBT_CONSOLIDATION
LN-503482,CUST-107043,2025-04-05,0,0,False,False,1560.187499999999,Current,DEBT_CONSOLIDATION
LN-503483,CUST-100413,2025-04-05,0,0,False,False,15997.224999999995,Current,DEBT_CONSOLIDATION
LN-503484,CUST-101334,2025-04-05,0,0,False,False,38760.800000000025,Current,DEBT_CONSOLIDATION
LN-503486,CUST-106818,2025-04-05,0,0,False,False,11829.899999999998,Current,DEBT_CONSOLIDATION
LN-503487,CUST-100061,2025-04-05,0,0,False,False,42690.569999999985,Current,DEBT_CONSOLIDATION
LN-503488,CUST-105632,2025-04-05,0,0,False,False,620.1225,Current,DEBT_CONSOLIDATION
LN-503490,CUST-105980,2025-04-05,0,0,False,False,32209.32,Current,DEBT_CONSOLIDATION
LN-503492,CUST-100395,2025-04-05,0,0,False,False,8187.005000000005,Current,DEBT_CONSOLIDATION
LN-503493,CUST-102966,2025-04-05,0,0,False,False,45192.30250000004,Current,DEBT_CONSOLIDATION
LN-503494,CUST-103769,2025-04-05,0,0,False,False,21807.27,Current,DEBT_CONSOLIDATION
LN-503496,CUST-102254,2025-04-05,0,0,False,False,107002.88999999997,Current,DEBT_CONSOLIDATION
LN-503497,CUST-103252,2025-04-05,0,0,False,False,887.4799999999998,Current,DEBT_CONSOLIDATION
LN-503498,CUST-107580,2025-04-05,0,0,False,False,44970.12,Current,DEBT_CONSOLIDATION
LN-503500,CUST-106609,2025-04-05,0,0,False,False,17257.020000000008,Current,DEBT_CONSOLIDATION
LN-503501,CUST-100894,2025-04-05,0,0,False,False,2381.24,Current,DEBT_CONSOLIDATION
LN-503502,CUST-107063,2025-04-05,4,191,False,False,25378.46,90+,DEBT_CONSOLIDATION
LN-503503,CUST-100081,2025-04-05,0,0,False,False,40286.1775,Current,DEBT_CONSOLIDATION
LN-503504,CUST-107365,2025-04-05,0,0,False,False,7638.857500000004,Current,DEBT_CONSOLIDATION
LN-503505,CUST-101216,2025-04-05,0,0,False,False,12758.779999999997,Current,DEBT_CONSOLIDATION
LN-503507,CUST-106968,2025-04-05,0,0,False,False,9445.37,Current,DEBT_CONSOLIDATION
LN-503508,CUST-104639,2025-04-05,0,0,False,False,50584.97999999999,Current,DEBT_CONSOLIDATION
LN-503509,CUST-103818,2025-04-05,0,0,False,False,30989.727499999994,Current,DEBT_CONSOLIDATION
LN-503510,CUST-102405,2025-04-05,0,0,False,False,65369.21,Current,DEBT_CONSOLIDATION
LN-503511,CUST-107451,2025-04-05,0,0,False,False,20356.059999999976,Current,DEBT_CONSOLIDATION
LN-503512,CUST-103266,2025-04-05,0,0,False,False,42296.07500000002,Current,DEBT_CONSOLIDATION
LN-503513,CUST-104780,2025-04-05,0,0,False,False,536799.4825000005,Current,DEBT_CONSOLIDATION
LN-503514,CUST-102339,2025-04-05,0,0,False,False,26657.87,Current,DEBT_CONSOLIDATION
LN-503515,CUST-100468,2025-04-05,0,0,False,False,6208.184999999998,Current,DEBT_CONSOLIDATION
LN-503516,CUST-104043,2025-04-05,0,0,False,False,4511.629999999999,Current,DEBT_CONSOLIDATION
LN-503517,CUST-104411,2025-04-05,2,43,False,False,5401.639999999994,30-59,DEBT_CONSOLIDATION
LN-503519,CUST-107306,2025-04-05,0,0,False,False,8142.29,Current,DEBT_CONSOLIDATION
LN-503520,CUST-103565,2025-04-05,0,0,False,False,15076.467499999995,Current,DEBT_CONSOLIDATION
LN-503521,CUST-104871,2025-04-05,0,0,False,False,5081.390000000003,Current,DEBT_CONSOLIDATION
LN-503522,CUST-100182,2025-04-05,0,0,False,False,3329.6525000000015,Current,DEBT_CONSOLIDATION
LN-503523,CUST-105589,2025-04-05,0,0,False,False,35670.82,Current,DEBT_CONSOLIDATION
LN-503524,CUST-100985,2025-04-05,0,0,False,False,36795.485,Current,DEBT_CONSOLIDATION
LN-503526,CUST-107570,2025-04-05,0,0,False,False,8477.42,Current,DEBT_CONSOLIDATION
LN-503527,CUST-102557,2025-04-05,0,0,False,False,35033.76,Current,DEBT_CONSOLIDATION
LN-503528,CUST-103175,2025-04-05,0,0,False,False,174206.27,Current,DEBT_CONSOLIDATION
LN-503532,CUST-105772,2025-04-05,0,0,False,False,22892.649999999987,Current,DEBT_CONSOLIDATION
LN-503535,CUST-101349,2025-04-05,0,0,False,False,31974.53,Current,DEBT_CONSOLIDATION
LN-503536,CUST-105188,2025-04-05,0,0,False,False,18647.349999999995,Current,DEBT_CONSOLIDATION
LN-503537,CUST-102586,2025-04-05,0,0,False,False,52201.345,Current,DEBT_CONSOLIDATION
LN-503538,CUST-105048,2025-04-05,0,0,False,False,105024.26000000001,Current,DEBT_CONSOLIDATION
LN-503539,CUST-106495,2025-04-05,0,0,False,False,1585.7324999999998,Current,DEBT_CONSOLIDATION
LN-503540,CUST-106464,2025-04-05,0,0,False,False,10735.07,Current,DEBT_CONSOLIDATION
LN-503541,CUST-105783,2025-04-05,0,0,False,False,15129.98,Current,DEBT_CONSOLIDATION
LN-503542,CUST-101118,2025-04-05,0,0,False,False,15606.405,Current,DEBT_CONSOLIDATION
LN-503543,CUST-101739,2025-04-05,0,0,False,False,9638.004999999992,Current,DEBT_CONSOLIDATION
LN-503544,CUST-106581,2025-04-05,0,0,False,False,33246.64499999999,Current,DEBT_CONSOLIDATION
LN-503545,CUST-102358,2025-04-05,0,0,False,False,442216.535,Current,DEBT_CONSOLIDATION
LN-503546,CUST-101282,2025-04-05,0,0,False,False,5951.83,Current,DEBT_CONSOLIDATION
LN-503548,CUST-106405,2025-04-05,0,0,False,False,15602.352499999997,Current,DEBT_CONSOLIDATION
LN-503549,CUST-107612,2025-04-05,0,0,False,False,7869.989999999993,Current,DEBT_CONSOLIDATION
LN-503550,CUST-101646,2025-04-05,0,0,False,False,45143.07000000001,Current,DEBT_CONSOLIDATION
LN-503551,CUST-100447,2025-04-05,0,0,False,False,2596.390000000002,Current,DEBT_CONSOLIDATION
LN-503552,CUST-103456,2025-04-05,0,0,False,False,15290.990000000002,Current,DEBT_CONSOLIDATION
LN-503553,CUST-105273,2025-04-05,0,0,False,False,19223.04500000001,Current,DEBT_CONSOLIDATION
LN-503554,CUST-106396,2025-04-05,0,0,False,False,83815.58499999999,Current,DEBT_CONSOLIDATION
LN-503555,CUST-104450,2025-04-05,0,0,False,False,26135.9625,Current,DEBT_CONSOLIDATION
LN-503556,CUST-102003,2025-04-05,0,0,False,False,27398.635000000013,Current,DEBT_CONSOLIDATION
LN-503557,CUST-104680,2025-04-05,0,0,False,False,12436.22,Current,DEBT_CONSOLIDATION
LN-503559,CUST-107957,2025-04-05,0,0,False,False,123366.53000000007,Current,DEBT_CONSOLIDATION
LN-503561,CUST-104529,2025-04-05,0,0,False,False,2334.8575000000014,Current,DEBT_CONSOLIDATION
LN-503562,CUST-104545,2025-04-05,0,0,False,False,5488.235000000002,Current,DEBT_CONSOLIDATION
LN-503563,CUST-102490,2025-04-05,0,0,False,False,11218.945000000002,Current,DEBT_CONSOLIDATION
LN-503564,CUST-102739,2025-04-05,0,0,False,False,22036.855,Current,DEBT_CONSOLIDATION
LN-503565,CUST-106072,2025-04-05,0,0,False,False,31778.47000000001,Current,DEBT_CONSOLIDATION
LN-503567,CUST-103710,2025-04-05,0,0,False,False,52582.71,Current,DEBT_CONSOLIDATION
LN-503569,CUST-106272,2025-04-05,0,0,False,False,34086.37000000003,Current,DEBT_CONSOLIDATION
LN-503570,CUST-106832,2025-04-05,0,0,False,False,20922.21,Current,DEBT_CONSOLIDATION
LN-503571,CUST-104250,2025-04-05,0,0,False,False,21932.1675,Current,DEBT_CONSOLIDATION
LN-503572,CUST-106809,2025-04-05,0,0,False,False,7581.5199999999995,Current,DEBT_CONSOLIDATION
LN-503573,CUST-102960,2025-04-05,1,27,False,False,28964.33,1-29,DEBT_CONSOLIDATION
LN-503576,CUST-107710,2025-04-05,0,0,False,False,62481.23999999999,Current,DEBT_CONSOLIDATION
LN-503577,CUST-106548,2025-04-05,0,0,False,False,24864.309999999987,Current,DEBT_CONSOLIDATION
LN-503578,CUST-105754,2025-04-05,0,0,False,False,130928.01000000001,Current,DEBT_CONSOLIDATION
LN-503579,CUST-105055,2025-04-05,0,0,False,False,850.7324999999997,Current,DEBT_CONSOLIDATION
LN-503580,CUST-107037,2025-04-05,0,0,False,False,32974.05,Current,DEBT_CONSOLIDATION
LN-503581,CUST-102664,2025-04-05,0,0,False,False,33186.86,Current,DEBT_CONSOLIDATION
LN-503582,CUST-100418,2025-04-05,0,0,False,False,44304.35000000002,Current,DEBT_CONSOLIDATION
LN-503583,CUST-105777,2025-04-05,0,0,False,False,7216.067499999999,Current,DEBT_CONSOLIDATION
LN-503585,CUST-101619,2025-04-05,0,0,False,False,136699.25000000012,Current,DEBT_CONSOLIDATION
LN-503586,CUST-103490,2025-04-05,0,0,False,False,12517.747500000001,Current,DEBT_CONSOLIDATION
LN-503587,CUST-104333,2025-04-05,0,0,False,False,36344.48250000002,Current,DEBT_CONSOLIDATION
LN-503588,CUST-107665,2025-04-05,0,0,False,False,8207.815000000006,Current,DEBT_CONSOLIDATION
LN-503589,CUST-100942,2025-04-05,0,0,False,False,2196.64,Current,DEBT_CONSOLIDATION
LN-503590,CUST-104034,2025-04-05,0,0,False,False,6766.697500000004,Current,DEBT_CONSOLIDATION
LN-503592,CUST-102404,2025-04-05,0,0,False,False,22505.364999999998,Current,DEBT_CONSOLIDATION
LN-503593,CUST-104950,2025-04-05,0,0,False,False,12999.56,Current,DEBT_CONSOLIDATION
LN-503594,CUST-100997,2025-04-05,0,0,False,False,13418.9,Current,DEBT_CONSOLIDATION
LN-503595,CUST-103851,2025-04-05,0,0,False,False,27224.932499999995,Current,DEBT_CONSOLIDATION
LN-503596,CUST-101597,2025-04-05,0,0,False,False,16494.637500000008,Current,DEBT_CONSOLIDATION
LN-503599,CUST-106168,2025-04-05,0,0,False,False,20133.305,Current,DEBT_CONSOLIDATION
LN-503600,CUST-107509,2025-04-05,0,0,False,False,15225.38,Current,DEBT_CONSOLIDATION
LN-503602,CUST-105013,2025-04-05,0,0,False,False,24776.142500000013,Current,DEBT_CONSOLIDATION
LN-503604,CUST-104169,2025-04-05,3,85,False,False,4909.064999999996,60-89,DEBT_CONSOLIDATION
LN-503605,CUST-105926,2025-04-05,0,0,False,False,3220.59,Current,DEBT_CONSOLIDATION
LN-503607,CUST-105218,2025-04-05,0,0,False,False,133831.39999999994,Current,DEBT_CONSOLIDATION
LN-503608,CUST-106404,2025-04-05,0,0,False,False,27536.064999999995,Current,DEBT_CONSOLIDATION
LN-503610,CUST-107664,2025-04-05,0,0,False,False,52723.53,Current,DEBT_CONSOLIDATION
LN-503611,CUST-105660,2025-04-05,0,0,False,False,29058.907500000005,Current,DEBT_CONSOLIDATION
LN-503612,CUST-105094,2025-04-05,4,112,False,False,10688.180000000002,90+,DEBT_CONSOLIDATION
LN-503613,CUST-105006,2025-04-05,0,0,False,False,420719.7224999999,Current,DEBT_CONSOLIDATION
LN-503614,CUST-101116,2025-04-05,0,0,False,False,18562.525,Current,DEBT_CONSOLIDATION
LN-503616,CUST-102751,2025-04-05,2,41,False,False,4575.760000000001,30-59,DEBT_CONSOLIDATION
LN-503617,CUST-104162,2025-04-05,0,0,False,False,7655.410000000001,Current,DEBT_CONSOLIDATION
LN-503618,CUST-104470,2025-04-05,0,0,False,False,40963.385000000024,Current,DEBT_CONSOLIDATION
LN-503619,CUST-105182,2025-04-05,0,0,False,False,21207.942500000012,Current,DEBT_CONSOLIDATION
LN-503620,CUST-101412,2025-04-05,0,0,False,False,34903.54999999999,Current,DEBT_CONSOLIDATION
LN-503621,CUST-102396,2025-04-05,0,0,False,False,6579.08,Current,DEBT_CONSOLIDATION
LN-503623,CUST-105539,2025-04-05,0,0,False,False,21714.452499999996,Current,DEBT_CONSOLIDATION
LN-503624,CUST-103860,2025-04-05,0,0,False,False,14583.28,Current,DEBT_CONSOLIDATION
LN-503625,CUST-105382,2025-04-05,0,0,False,False,15428.48,Current,DEBT_CONSOLIDATION
LN-503626,CUST-102129,2025-04-05,0,0,False,False,399857.74999999994,Current,DEBT_CONSOLIDATION
LN-503627,CUST-105750,2025-04-05,0,0,False,False,19538.870000000003,Current,DEBT_CONSOLIDATION
LN-503630,CUST-103866,2025-04-05,0,0,False,False,49188.42749999999,Current,DEBT_CONSOLIDATION
LN-503631,CUST-100219,2025-04-05,0,0,False,False,19998.687499999996,Current,DEBT_CONSOLIDATION
LN-503632,CUST-107438,2025-04-05,0,0,False,False,47391.267500000016,Current,DEBT_CONSOLIDATION
LN-503634,CUST-102851,2025-04-05,0,0,False,False,21797.85,Current,DEBT_CONSOLIDATION
LN-503635,CUST-101308,2025-04-05,0,0,False,False,15832.205000000002,Current,DEBT_CONSOLIDATION
LN-503636,CUST-106849,2025-04-05,0,0,False,False,36815.035,Current,DEBT_CONSOLIDATION
LN-503637,CUST-107412,2025-04-05,0,0,False,False,142817.18,Current,DEBT_CONSOLIDATION
LN-503638,CUST-100508,2025-04-05,0,0,False,False,19590.37499999999,Current,DEBT_CONSOLIDATION
LN-503639,CUST-101432,2025-04-05,0,0,False,False,14593.352500000008,Current,DEBT_CONSOLIDATION
LN-503640,CUST-103259,2025-04-05,0,0,False,False,16975.049999999992,Current,DEBT_CONSOLIDATION
LN-503641,CUST-102375,2025-04-05,0,0,False,False,27557.01,Current,DEBT_CONSOLIDATION
LN-503642,CUST-102681,2025-04-05,0,0,False,False,40315.03250000001,Current,DEBT_CONSOLIDATION
LN-503643,CUST-103494,2025-04-05,0,0,False,False,17637.065000000002,Current,DEBT_CONSOLIDATION
LN-503644,CUST-103607,2025-04-05,0,0,False,False,17195.67,Current,DEBT_CONSOLIDATION
LN-503645,CUST-102384,2025-04-05,0,0,False,False,517549.31999999995,Current,DEBT_CONSOLIDATION
LN-503646,CUST-101841,2025-04-05,0,0,False,False,2849.084999999998,Current,DEBT_CONSOLIDATION
LN-503647,CUST-106568,2025-04-05,0,0,False,False,35782.970000000016,Current,DEBT_CONSOLIDATION
LN-503648,CUST-107592,2025-04-05,0,0,False,False,19428.339999999993,Current,DEBT_CONSOLIDATION
LN-503650,CUST-105800,2025-04-05,0,0,False,False,9113.355000000001,Current,DEBT_CONSOLIDATION
LN-503651,CUST-100319,2025-04-05,0,0,False,False,48236.30750000002,Current,DEBT_CONSOLIDATION
LN-503652,CUST-101248,2025-04-05,0,0,False,False,36207.24999999999,Current,DEBT_CONSOLIDATION
LN-503653,CUST-105024,2025-04-05,0,0,False,False,11770.785,Current,DEBT_CONSOLIDATION
LN-503654,CUST-103537,2025-04-05,0,0,False,False,26935.74750000001,Current,DEBT_CONSOLIDATION
LN-503655,CUST-100280,2025-04-05,0,0,False,False,11644.11499999999,Current,DEBT_CONSOLIDATION
LN-503656,CUST-102336,2025-04-05,0,0,False,False,26097.680000000004,Current,DEBT_CONSOLIDATION
LN-503657,CUST-103499,2025-04-05,0,0,False,False,7584.604999999996,Current,DEBT_CONSOLIDATION
LN-503658,CUST-107698,2025-04-05,0,0,False,False,2774.4725,Current,DEBT_CONSOLIDATION
LN-503660,CUST-104296,2025-04-05,0,0,False,False,120333.75000000004,Current,DEBT_CONSOLIDATION
LN-503662,CUST-104380,2025-04-05,0,0,False,False,14218.302499999993,Current,DEBT_CONSOLIDATION
LN-503665,CUST-102515,2025-04-05,0,0,False,False,50153.63500000002,Current,DEBT_CONSOLIDATION
LN-503667,CUST-101428,2025-04-05,0,0,False,False,21574.190000000006,Current,DEBT_CONSOLIDATION
LN-503668,CUST-100276,2025-04-05,0,0,False,False,7720.509999999998,Current,DEBT_CONSOLIDATION
LN-503669,CUST-103282,2025-04-05,0,0,False,False,28819.81,Current,DEBT_CONSOLIDATION
LN-503670,CUST-101724,2025-04-05,0,0,False,False,39510.8,Current,DEBT_CONSOLIDATION
LN-503671,CUST-101241,2025-04-05,0,0,False,False,36232.215000000004,Current,DEBT_CONSOLIDATION
LN-503672,CUST-107834,2025-04-05,2,48,False,False,28883.5225,30-59,DEBT_CONSOLIDATION
LN-503673,CUST-105461,2025-04-05,0,0,False,False,8523.020000000002,Current,DEBT_CONSOLIDATION
LN-503674,CUST-104280,2025-04-05,0,0,False,False,12657.004999999997,Current,DEBT_CONSOLIDATION
LN-503675,CUST-105370,2025-04-05,0,0,False,False,7244.08,Current,DEBT_CONSOLIDATION
LN-503676,CUST-104216,2025-04-05,0,0,False,False,31869.489999999998,Current,DEBT_CONSOLIDATION
LN-503677,CUST-107232,2025-04-05,0,0,False,False,9916.279999999993,Current,DEBT_CONSOLIDATION
LN-503678,CUST-101821,2025-04-05,0,0,False,False,25187.879999999997,Current,DEBT_CONSOLIDATION
LN-503679,CUST-101478,2025-04-05,0,0,False,False,8658.719999999998,Current,DEBT_CONSOLIDATION
LN-503681,CUST-106078,2025-04-05,0,0,False,False,73584.66,Current,DEBT_CONSOLIDATION
LN-503682,CUST-101249,2025-04-05,0,0,False,False,15797.200000000008,Current,DEBT_CONSOLIDATION
LN-503683,CUST-101993,2025-04-05,1,9,False,False,37061.15,1-29,DEBT_CONSOLIDATION
LN-503684,CUST-103677,2025-04-05,0,0,False,False,47116.344999999965,Current,DEBT_CONSOLIDATION
LN-503686,CUST-107645,2025-04-05,0,0,False,False,22256.34,Current,DEBT_CONSOLIDATION
LN-503687,CUST-107727,2025-04-05,0,0,False,False,43217.03500000001,Current,DEBT_CONSOLIDATION
LN-503688,CUST-103204,2025-04-05,0,0,False,False,6397.375000000001,Current,DEBT_CONSOLIDATION
LN-503690,CUST-101507,2025-04-05,0,0,False,False,33973.48750000001,Current,DEBT_CONSOLIDATION
LN-503691,CUST-105445,2025-04-05,0,0,False,False,49592.954999999994,Current,DEBT_CONSOLIDATION
LN-503692,CUST-103570,2025-04-05,1,26,False,False,203044.11500000017,1-29,DEBT_CONSOLIDATION
LN-503693,CUST-101063,2025-04-05,0,0,False,False,50857.26750000001,Current,DEBT_CONSOLIDATION
LN-503694,CUST-102711,2025-04-05,0,0,False,False,17875.99,Current,DEBT_CONSOLIDATION
LN-503695,CUST-100456,2025-04-05,0,0,False,False,74906.65500000006,Current,DEBT_CONSOLIDATION
LN-503697,CUST-103159,2025-04-05,0,0,False,False,32260.177499999998,Current,DEBT_CONSOLIDATION
LN-503698,CUST-101843,2025-04-05,0,0,False,False,5397.724999999999,Current,DEBT_CONSOLIDATION
LN-503699,CUST-103556,2025-04-05,0,0,False,False,6351.6225,Current,DEBT_CONSOLIDATION
LN-503700,CUST-103302,2025-04-05,0,0,False,False,103934.16000000005,Current,DEBT_CONSOLIDATION
LN-503701,CUST-102300,2025-04-05,0,0,False,False,29193.727500000005,Current,DEBT_CONSOLIDATION
LN-503702,CUST-100459,2025-04-05,0,0,False,False,16372.85,Current,DEBT_CONSOLIDATION
LN-503703,CUST-105663,2025-04-05,0,0,False,False,16230.404999999995,Current,DEBT_CONSOLIDATION
LN-503704,CUST-103960,2025-04-05,0,0,False,False,24788.639999999992,Current,DEBT_CONSOLIDATION
LN-503705,CUST-105911,2025-04-05,0,0,False,False,29070.167500000003,Current,DEBT_CONSOLIDATION
LN-503707,CUST-106631,2025-04-05,0,0,False,False,11855.627499999991,Current,DEBT_CONSOLIDATION
LN-503710,CUST-106661,2025-04-05,2,34,False,False,46734.79,30-59,DEBT_CONSOLIDATION
LN-503712,CUST-107555,2025-04-05,0,0,False,False,4663.235,Current,DEBT_CONSOLIDATION
LN-503713,CUST-105740,2025-04-05,0,0,False,False,18045.780000000002,Current,DEBT_CONSOLIDATION
LN-503715,CUST-107020,2025-04-05,0,0,False,False,51163.58,Current,DEBT_CONSOLIDATION
LN-503717,CUST-106164,2025-04-05,0,0,False,False,17085.87,Current,DEBT_CONSOLIDATION
LN-503718,CUST-106059,2025-04-05,0,0,False,False,25818.755,Current,DEBT_CONSOLIDATION
LN-503719,CUST-103547,2025-04-05,0,0,False,False,53247.5975,Current,DEBT_CONSOLIDATION
LN-503721,CUST-104806,2025-04-05,0,0,False,False,28170.839999999993,Current,DEBT_CONSOLIDATION
LN-503722,CUST-107780,2025-04-05,0,0,False,False,1219.2499999999993,Current,DEBT_CONSOLIDATION
LN-503723,CUST-104083,2025-04-05,0,0,False,False,20191.334999999995,Current,DEBT_CONSOLIDATION
LN-503724,CUST-105067,2025-04-05,0,0,False,False,8183.909999999997,Current,DEBT_CONSOLIDATION
LN-503725,CUST-101156,2025-04-05,0,0,False,False,10989.820000000002,Current,DEBT_CONSOLIDATION
LN-503726,CUST-107523,2025-04-05,0,0,False,False,8599.750000000002,Current,DEBT_CONSOLIDATION
LN-503727,CUST-102369,2025-04-05,5,121,False,False,22576.74,Charged-off,DEBT_CONSOLIDATION
LN-503728,CUST-104458,2025-04-05,0,0,False,False,30491.199999999997,Current,DEBT_CONSOLIDATION
LN-503730,CUST-102366,2025-04-05,0,0,False,False,27857.11000000001,Current,DEBT_CONSOLIDATION
LN-503731,CUST-104418,2025-04-05,0,0,False,False,22446.2075,Current,DEBT_CONSOLIDATION
LN-503732,CUST-102044,2025-04-05,0,0,False,False,35437.88000000001,Current,DEBT_CONSOLIDATION
LN-503733,CUST-103354,2025-04-05,0,0,False,False,4965.549999999999,Current,DEBT_CONSOLIDATION
LN-503734,CUST-103035,2025-04-05,0,0,False,False,20220.594999999998,Current,DEBT_CONSOLIDATION
LN-503737,CUST-101157,2025-04-05,0,0,False,False,8396.889999999996,Current,DEBT_CONSOLIDATION
LN-503738,CUST-100239,2025-04-05,0,0,False,False,8167.744999999999,Current,DEBT_CONSOLIDATION
LN-503739,CUST-105919,2025-04-05,0,0,False,False,10741.264999999996,Current,DEBT_CONSOLIDATION
LN-503740,CUST-106628,2025-04-05,0,0,False,False,13995.840000000004,Current,DEBT_CONSOLIDATION
LN-503741,CUST-105612,2025-04-05,0,0,False,False,36316.96,Current,DEBT_CONSOLIDATION
LN-503742,CUST-102311,2025-04-05,0,0,False,False,24546.24000000001,Current,DEBT_CONSOLIDATION
LN-503743,CUST-107114,2025-04-05,0,0,False,False,12430.960000000003,Current,DEBT_CONSOLIDATION
LN-503744,CUST-107271,2025-04-05,0,0,False,False,20315.745000000003,Current,DEBT_CONSOLIDATION
LN-503745,CUST-101256,2025-04-05,0,0,False,False,10804.105000000003,Current,DEBT_CONSOLIDATION
LN-503746,CUST-101536,2025-04-05,0,0,False,False,40313.35000000002,Current,DEBT_CONSOLIDATION
LN-503747,CUST-101124,2025-04-05,0,0,False,False,37436.814999999995,Current,DEBT_CONSOLIDATION
LN-503748,CUST-103264,2025-04-05,0,0,False,False,43135.87999999998,Current,DEBT_CONSOLIDATION
LN-503749,CUST-104368,2025-04-05,0,0,False,False,21953.455000000013,Current,DEBT_CONSOLIDATION
LN-503751,CUST-102671,2025-04-05,0,0,False,False,17376.460000000003,Current,DEBT_CONSOLIDATION
LN-503752,CUST-101502,2025-04-05,0,0,False,False,45045.3,Current,DEBT_CONSOLIDATION
LN-503753,CUST-102215,2025-04-05,0,0,False,False,12155.810000000003,Current,DEBT_CONSOLIDATION
LN-503754,CUST-103823,2025-04-05,0,0,False,False,7936.062499999998,Current,DEBT_CONSOLIDATION
LN-503755,CUST-102018,2025-04-05,1,30,False,False,43458.57249999999,1-29,DEBT_CONSOLIDATION
LN-503756,CUST-106230,2025-04-05,1,22,False,False,40546.0075,1-29,DEBT_CONSOLIDATION
LN-503758,CUST-104658,2025-04-05,0,0,False,False,38791.96999999999,Current,DEBT_CONSOLIDATION
LN-503759,CUST-102186,2025-04-05,0,0,False,False,45634.12,Current,DEBT_CONSOLIDATION
LN-503761,CUST-102057,2025-04-05,0,0,False,False,33155.520000000004,Current,DEBT_CONSOLIDATION
LN-503762,CUST-105978,2025-04-05,0,0,False,False,14059.139999999996,Current,DEBT_CONSOLIDATION
LN-503763,CUST-102970,2025-04-05,0,0,False,False,44334.61999999998,Current,DEBT_CONSOLIDATION
LN-503764,CUST-103001,2025-04-05,4,164,False,False,13460.869999999997,90+,DEBT_CONSOLIDATION
LN-503766,CUST-101644,2025-04-05,0,0,False,False,12430.0425,Current,DEBT_CONSOLIDATION
LN-503768,CUST-100035,2025-04-05,0,0,False,False,22603.399999999998,Current,DEBT_CONSOLIDATION
LN-503770,CUST-103193,2025-04-05,0,0,False,False,17868.69500000001,Current,DEBT_CONSOLIDATION
LN-503772,CUST-104581,2025-04-05,0,0,False,False,23847.09750000002,Current,DEBT_CONSOLIDATION
LN-503773,CUST-105339,2025-04-05,4,94,False,False,16123.734999999997,90+,DEBT_CONSOLIDATION
LN-503774,CUST-103789,2025-04-05,0,0,False,False,14678.32,Current,DEBT_CONSOLIDATION
LN-503775,CUST-102175,2025-04-05,0,0,False,False,46211.720000000016,Current,DEBT_CONSOLIDATION
LN-503776,CUST-106798,2025-04-05,0,0,False,False,23760.792499999992,Current,DEBT_CONSOLIDATION
LN-503777,CUST-102978,2025-04-05,0,0,False,False,37859.70000000003,Current,DEBT_CONSOLIDATION
LN-503778,CUST-101482,2025-04-05,0,0,False,False,12208.492500000002,Current,DEBT_CONSOLIDATION
LN-503779,CUST-101083,2025-04-05,0,0,False,False,18404.870000000006,Current,DEBT_CONSOLIDATION
LN-503780,CUST-104269,2025-04-05,0,0,False,False,9694.91999999999,Current,DEBT_CONSOLIDATION
LN-503781,CUST-103438,2025-04-05,0,0,False,False,10361.817500000008,Current,DEBT_CONSOLIDATION
LN-503782,CUST-103065,2025-04-05,0,0,False,False,38327.362499999996,Current,DEBT_CONSOLIDATION
LN-503783,CUST-101079,2025-04-05,0,0,False,False,15461.32,Current,DEBT_CONSOLIDATION
LN-503785,CUST-103796,2025-04-05,0,0,False,False,105830.96000000002,Current,DEBT_CONSOLIDATION
LN-503786,CUST-100824,2025-04-05,0,0,False,False,18422.225,Current,DEBT_CONSOLIDATION
LN-503787,CUST-107524,2025-04-05,3,70,False,False,34356.07000000003,60-89,DEBT_CONSOLIDATION
LN-503788,CUST-104648,2025-04-05,0,0,False,False,17922.000000000007,Current,DEBT_CONSOLIDATION
LN-503789,CUST-101732,2025-04-05,0,0,False,False,447611.57999999996,Current,DEBT_CONSOLIDATION
LN-503790,CUST-107219,2025-04-05,0,0,False,False,94486.86000000002,Current,DEBT_CONSOLIDATION
LN-503791,CUST-102884,2025-04-05,0,0,False,False,1454.8949999999998,Current,DEBT_CONSOLIDATION
LN-503792,CUST-104480,2025-04-05,0,0,False,False,43583.384999999995,Current,DEBT_CONSOLIDATION
LN-503793,CUST-101094,2025-04-05,0,0,False,False,26247.927499999994,Current,DEBT_CONSOLIDATION
LN-503794,CUST-102285,2025-04-05,0,0,False,False,35732.23000000001,Current,DEBT_CONSOLIDATION
LN-503795,CUST-105414,2025-04-05,0,0,False,False,34868.2025,Current,DEBT_CONSOLIDATION
LN-503796,CUST-100354,2025-04-05,0,0,False,False,31659.990000000027,Current,DEBT_CONSOLIDATION
LN-503797,CUST-100743,2025-04-05,2,40,False,False,12080.189999999999,30-59,DEBT_CONSOLIDATION
LN-503798,CUST-104033,2025-04-05,0,0,False,False,13911.55000000001,Current,DEBT_CONSOLIDATION
LN-503799,CUST-100504,2025-04-05,0,0,False,False,49245.93999999997,Current,DEBT_CONSOLIDATION
LN-503802,CUST-103003,2025-04-05,0,0,False,False,19904.79,Current,DEBT_CONSOLIDATION
LN-503803,CUST-104670,2025-04-05,0,0,False,False,46886.705,Current,DEBT_CONSOLIDATION
LN-503804,CUST-104195,2025-04-05,0,0,False,False,46318.68,Current,DEBT_CONSOLIDATION
LN-503805,CUST-106052,2025-04-05,0,0,False,False,5851.500000000003,Current,DEBT_CONSOLIDATION
LN-503806,CUST-101861,2025-04-05,0,0,False,False,17023.66,Current,DEBT_CONSOLIDATION
LN-503808,CUST-105128,2025-04-05,0,0,False,False,15796.954999999998,Current,DEBT_CONSOLIDATION
LN-503809,CUST-106352,2025-04-05,1,20,False,False,26462.58999999999,1-29,DEBT_CONSOLIDATION
LN-503810,CUST-102306,2025-04-05,0,0,False,False,19376.41,Current,DEBT_CONSOLIDATION
LN-503811,CUST-101979,2025-04-05,0,0,False,False,17755.73,Current,DEBT_CONSOLIDATION
LN-503812,CUST-103816,2025-04-05,0,0,False,False,4056.799999999997,Current,DEBT_CONSOLIDATION
LN-503813,CUST-103046,2025-04-05,0,0,False,False,33624.26250000004,Current,DEBT_CONSOLIDATION
LN-503815,CUST-104063,2025-04-05,0,0,False,False,46246.92999999999,Current,DEBT_CONSOLIDATION
LN-503816,CUST-101431,2025-04-05,0,0,False,False,7183.822500000004,Current,DEBT_CONSOLIDATION
LN-503818,CUST-100967,2025-04-05,0,0,False,False,26589.4975,Current,DEBT_CONSOLIDATION
LN-503819,CUST-106309,2025-04-05,0,0,False,False,20482.350000000013,Current,DEBT_CONSOLIDATION
LN-503820,CUST-101497,2025-04-05,0,0,False,False,21610.6625,Current,DEBT_CONSOLIDATION
LN-503821,CUST-103584,2025-04-05,0,0,False,False,4228.030000000001,Current,DEBT_CONSOLIDATION
LN-503822,CUST-101665,2025-04-05,2,52,True,False,7610.090000000004,30-59,DEBT_CONSOLIDATION
LN-503823,CUST-105764,2025-04-05,0,0,False,False,7917.23,Current,DEBT_CONSOLIDATION
LN-503824,CUST-102569,2025-04-05,0,0,False,False,43775.75500000002,Current,DEBT_CONSOLIDATION
LN-503826,CUST-101059,2025-04-05,0,0,False,False,52536.185000000005,Current,DEBT_CONSOLIDATION
LN-503827,CUST-107188,2025-04-05,0,0,False,False,8645.65499999999,Current,DEBT_CONSOLIDATION
LN-503829,CUST-104031,2025-04-05,0,0,False,False,2063.0049999999987,Current,DEBT_CONSOLIDATION
LN-503831,CUST-106969,2025-04-05,0,0,False,False,63168.50749999999,Current,DEBT_CONSOLIDATION
LN-503832,CUST-102094,2025-04-05,0,0,False,False,11910.15,Current,DEBT_CONSOLIDATION
LN-503834,CUST-101116,2025-04-05,0,0,False,False,26499.947499999995,Current,DEBT_CONSOLIDATION
LN-503835,CUST-100139,2025-04-05,0,0,False,False,9587.085000000001,Current,DEBT_CONSOLIDATION
LN-503836,CUST-105268,2025-04-05,0,0,False,False,35975.33000000001,Current,DEBT_CONSOLIDATION
LN-503837,CUST-101259,2025-04-05,0,0,False,False,16939.98,Current,DEBT_CONSOLIDATION
LN-503838,CUST-106564,2025-04-05,0,0,False,False,12146.032499999994,Current,DEBT_CONSOLIDATION
LN-503839,CUST-101564,2025-04-05,1,27,False,False,23820.885000000002,1-29,DEBT_CONSOLIDATION
LN-503840,CUST-107604,2025-04-05,0,0,False,False,20186.850000000013,Current,DEBT_CONSOLIDATION
LN-503841,CUST-104511,2025-04-05,2,35,False,False,39663.567500000005,30-59,DEBT_CONSOLIDATION
LN-503842,CUST-107389,2025-04-05,0,0,False,False,20309.46500000002,Current,DEBT_CONSOLIDATION
LN-503843,CUST-105692,2025-04-05,0,0,False,False,19982.599999999984,Current,DEBT_CONSOLIDATION
LN-503844,CUST-100165,2025-04-05,0,0,False,False,6249.385,Current,DEBT_CONSOLIDATION
LN-503845,CUST-105694,2025-04-05,0,0,False,False,13641.524999999998,Current,DEBT_CONSOLIDATION
LN-503846,CUST-104657,2025-04-05,0,0,False,False,7773.289999999999,Current,DEBT_CONSOLIDATION
LN-503847,CUST-104325,2025-04-05,0,0,False,False,550516.8100000006,Current,DEBT_CONSOLIDATION
LN-503848,CUST-101960,2025-04-05,0,0,False,False,9165.480000000005,Current,DEBT_CONSOLIDATION
LN-503849,CUST-107741,2025-04-05,0,0,False,False,17554.219999999983,Current,DEBT_CONSOLIDATION
LN-503850,CUST-107105,2025-04-05,1,5,False,False,8354.885000000002,1-29,DEBT_CONSOLIDATION
LN-503851,CUST-102644,2025-04-05,0,0,False,False,7818.810000000005,Current,DEBT_CONSOLIDATION
LN-503852,CUST-101904,2025-04-05,2,41,False,False,20245.980000000003,30-59,DEBT_CONSOLIDATION
LN-503853,CUST-100741,2025-04-05,0,0,False,False,10176.81000000001,Current,DEBT_CONSOLIDATION
LN-503854,CUST-107149,2025-04-05,1,10,False,False,34547.26,1-29,DEBT_CONSOLIDATION
LN-503855,CUST-107512,2025-04-05,0,0,False,False,21653.08249999999,Current,DEBT_CONSOLIDATION
LN-503857,CUST-103678,2025-04-05,0,0,False,False,26436.28249999999,Current,DEBT_CONSOLIDATION
LN-503858,CUST-105655,2025-04-05,0,0,False,False,43784.26249999999,Current,DEBT_CONSOLIDATION
LN-503859,CUST-106267,2025-04-05,0,0,False,False,9336.600000000004,Current,DEBT_CONSOLIDATION
LN-503860,CUST-102263,2025-04-05,0,0,False,False,48522.42999999999,Current,DEBT_CONSOLIDATION
LN-503861,CUST-100732,2025-04-05,0,0,False,False,24696.3575,Current,DEBT_CONSOLIDATION
LN-503863,CUST-107367,2025-04-05,0,0,False,False,43199.854999999996,Current,DEBT_CONSOLIDATION
LN-503865,CUST-105212,2025-04-05,0,0,False,False,28332.672499999997,Current,DEBT_CONSOLIDATION
LN-503866,CUST-105390,2025-04-05,0,0,False,False,42104.91000000001,Current,DEBT_CONSOLIDATION
LN-503869,CUST-104169,2025-04-05,0,0,False,False,29068.564999999995,Current,DEBT_CONSOLIDATION
LN-503871,CUST-102861,2025-04-05,0,0,False,False,31223.92,Current,DEBT_CONSOLIDATION
LN-503872,CUST-107628,2025-04-05,0,0,False,False,14970.867500000011,Current,DEBT_CONSOLIDATION
LN-503873,CUST-107861,2025-04-05,2,59,False,False,20761.14500000001,30-59,DEBT_CONSOLIDATION
LN-503874,CUST-104414,2025-04-05,0,0,False,False,98172.70249999998,Current,DEBT_CONSOLIDATION
LN-503875,CUST-106265,2025-04-05,0,0,False,False,25256.49500000001,Current,DEBT_CONSOLIDATION
LN-503876,CUST-106041,2025-04-05,0,0,False,False,2809.9249999999975,Current,DEBT_CONSOLIDATION
LN-503877,CUST-105263,2025-04-05,0,0,False,False,4660.934999999999,Current,DEBT_CONSOLIDATION
LN-503879,CUST-106126,2025-04-05,1,1,False,False,26710.710000000006,1-29,DEBT_CONSOLIDATION
LN-503880,CUST-100313,2025-04-05,0,0,False,False,17443.430000000004,Current,DEBT_CONSOLIDATION
LN-503882,CUST-103887,2025-04-05,0,0,False,False,24973.229999999996,Current,DEBT_CONSOLIDATION
LN-503883,CUST-105476,2025-04-05,0,0,False,False,21184.44,Current,DEBT_CONSOLIDATION
LN-503884,CUST-107259,2025-04-05,4,108,False,False,35954.67500000001,90+,DEBT_CONSOLIDATION
LN-503885,CUST-104421,2025-04-05,0,0,False,False,113073.75749999998,Current,DEBT_CONSOLIDATION
LN-503887,CUST-107992,2025-04-05,0,0,False,False,61213.12,Current,DEBT_CONSOLIDATION
LN-503888,CUST-107330,2025-04-05,0,0,False,False,4789.89,Current,DEBT_CONSOLIDATION
LN-503889,CUST-107018,2025-04-05,0,0,False,False,19704.524999999998,Current,DEBT_CONSOLIDATION
LN-503890,CUST-101034,2025-04-05,2,44,True,False,33645.66499999999,30-59,DEBT_CONSOLIDATION
LN-503891,CUST-102650,2025-04-05,0,0,False,False,1075.1249999999993,Current,DEBT_CONSOLIDATION
LN-503892,CUST-100934,2025-04-05,0,0,False,False,44011.04000000002,Current,DEBT_CONSOLIDATION
LN-503893,CUST-101302,2025-04-05,0,0,False,False,12449.29,Current,DEBT_CONSOLIDATION
LN-503895,CUST-100475,2025-04-05,0,0,False,False,14524.260000000002,Current,DEBT_CONSOLIDATION
LN-503896,CUST-100332,2025-04-05,0,0,False,False,602359.3800000001,Current,DEBT_CONSOLIDATION
LN-503897,CUST-102361,2025-04-05,0,0,False,False,21101.770000000008,Current,DEBT_CONSOLIDATION
LN-503898,CUST-100723,2025-04-05,0,0,False,False,11110.47,Current,DEBT_CONSOLIDATION
LN-503899,CUST-100998,2025-04-05,0,0,False,False,32545.34500000002,Current,DEBT_CONSOLIDATION
LN-503900,CUST-102612,2025-04-05,0,0,False,False,2120.334999999998,Current,DEBT_CONSOLIDATION
LN-503901,CUST-101073,2025-04-05,0,0,False,False,15921.635,Current,DEBT_CONSOLIDATION
LN-503903,CUST-105706,2025-04-05,0,0,False,False,26529.579999999998,Current,DEBT_CONSOLIDATION
LN-503904,CUST-105502,2025-04-05,0,0,False,False,253153.44249999995,Current,DEBT_CONSOLIDATION
LN-503906,CUST-102109,2025-04-05,0,0,False,False,137329.1149999999,Current,DEBT_CONSOLIDATION
LN-503907,CUST-104815,2025-04-05,0,0,False,False,26903.999999999996,Current,DEBT_CONSOLIDATION
LN-503908,CUST-101734,2025-04-05,0,0,False,False,38768.73999999999,Current,DEBT_CONSOLIDATION
LN-503909,CUST-103335,2025-04-05,0,0,False,False,28828.437500000004,Current,DEBT_CONSOLIDATION
LN-503910,CUST-102790,2025-04-05,0,0,False,False,277309.81000000006,Current,DEBT_CONSOLIDATION
LN-503912,CUST-106044,2025-04-05,0,0,False,False,27190.57,Current,DEBT_CONSOLIDATION
LN-503914,CUST-105159,2025-04-05,0,0,False,False,10373.814999999997,Current,DEBT_CONSOLIDATION
LN-503915,CUST-100333,2025-04-05,0,0,False,False,12726.1,Current,DEBT_CONSOLIDATION
LN-503916,CUST-104493,2025-04-05,0,0,False,False,47560.112499999996,Current,DEBT_CONSOLIDATION
LN-503917,CUST-105653,2025-04-05,0,0,False,False,98220.10999999997,Current,DEBT_CONSOLIDATION
LN-503918,CUST-101049,2025-04-05,0,0,False,False,29912.170000000002,Current,DEBT_CONSOLIDATION
LN-503919,CUST-106909,2025-04-05,0,0,False,False,38060.115,Current,DEBT_CONSOLIDATION
LN-503920,CUST-103541,2025-04-05,0,0,False,False,29362.475,Current,DEBT_CONSOLIDATION
LN-503921,CUST-102835,2025-04-05,0,0,False,False,39690.37,Current,DEBT_CONSOLIDATION
LN-503922,CUST-101882,2025-04-05,0,0,False,False,10255.927499999994,Current,DEBT_CONSOLIDATION
LN-503923,CUST-105355,2025-04-05,0,0,False,False,125029.87999999998,Current,DEBT_CONSOLIDATION
LN-503924,CUST-104397,2025-04-05,0,0,False,False,112294.305,Current,DEBT_CONSOLIDATION
LN-503925,CUST-107251,2025-04-05,0,0,False,False,188519.01999999993,Current,DEBT_CONSOLIDATION
LN-503926,CUST-106626,2025-04-05,0,0,False,False,13825.085000000001,Current,DEBT_CONSOLIDATION
LN-503927,CUST-107990,2025-04-05,0,0,False,False,23526.780000000002,Current,DEBT_CONSOLIDATION
LN-503928,CUST-101441,2025-04-05,0,0,False,False,10087.380000000001,Current,DEBT_CONSOLIDATION
LN-503929,CUST-103645,2025-04-05,0,0,False,False,30447.205,Current,DEBT_CONSOLIDATION
LN-503931,CUST-102402,2025-04-05,0,0,False,False,25068.615000000005,Current,DEBT_CONSOLIDATION
LN-503932,CUST-101284,2025-04-05,0,0,False,False,25858.237500000007,Current,DEBT_CONSOLIDATION
LN-503933,CUST-107230,2025-04-05,0,0,False,False,3788.1099999999988,Current,DEBT_CONSOLIDATION
LN-503935,CUST-107754,2025-04-05,0,0,False,False,36023.880000000034,Current,DEBT_CONSOLIDATION
LN-503936,CUST-101607,2025-04-05,0,0,False,False,14445.020000000006,Current,DEBT_CONSOLIDATION
LN-503937,CUST-101587,2025-04-05,0,0,False,False,51335.549999999996,Current,DEBT_CONSOLIDATION
LN-503938,CUST-106622,2025-04-05,0,0,False,False,17369.49999999999,Current,DEBT_CONSOLIDATION
LN-503939,CUST-103588,2025-04-05,0,0,False,False,169659.71500000008,Current,DEBT_CONSOLIDATION
LN-503940,CUST-107979,2025-04-05,0,0,False,False,9793.269999999995,Current,DEBT_CONSOLIDATION
LN-503941,CUST-107380,2025-04-05,0,0,False,False,11114.697499999998,Current,DEBT_CONSOLIDATION
LN-503942,CUST-104491,2025-04-05,0,0,False,False,139399.62750000003,Current,DEBT_CONSOLIDATION
LN-503944,CUST-102012,2025-04-05,0,0,False,False,77739.85999999994,Current,DEBT_CONSOLIDATION
LN-503945,CUST-100589,2025-04-05,0,0,False,False,24740.330000000005,Current,DEBT_CONSOLIDATION
LN-503946,CUST-104443,2025-04-05,0,0,False,False,57013.69750000001,Current,DEBT_CONSOLIDATION
LN-503947,CUST-100722,2025-04-05,0,0,False,False,14696.005000000006,Current,DEBT_CONSOLIDATION
LN-503949,CUST-100169,2025-04-05,0,0,False,False,8730.775000000009,Current,DEBT_CONSOLIDATION
LN-503950,CUST-103393,2025-04-05,0,0,False,False,14701.572500000011,Current,DEBT_CONSOLIDATION
LN-503951,CUST-101731,2025-04-05,0,0,False,False,45754.59500000002,Current,DEBT_CONSOLIDATION
LN-503952,CUST-105194,2025-04-05,0,0,False,False,333043.46,Current,DEBT_CONSOLIDATION
LN-503953,CUST-100965,2025-04-05,0,0,False,False,2847.9,Current,DEBT_CONSOLIDATION
LN-503954,CUST-103649,2025-04-05,0,0,False,False,14418.850000000002,Current,DEBT_CONSOLIDATION
LN-503955,CUST-106910,2025-04-05,0,0,False,False,9915.9125,Current,DEBT_CONSOLIDATION
LN-503956,CUST-103891,2025-04-05,3,64,False,False,19867.742500000015,60-89,DEBT_CONSOLIDATION
LN-503958,CUST-107845,2025-04-05,0,0,False,False,1657.3949999999995,Current,DEBT_CONSOLIDATION
LN-503959,CUST-103355,2025-04-05,0,0,False,False,39486.439999999995,Current,DEBT_CONSOLIDATION
LN-503960,CUST-103038,2025-04-05,0,0,False,False,26293.379999999976,Current,DEBT_CONSOLIDATION
LN-503961,CUST-101742,2025-04-05,0,0,False,False,14415.562500000007,Current,DEBT_CONSOLIDATION
LN-503962,CUST-102114,2025-04-05,0,0,False,False,7015.619999999995,Current,DEBT_CONSOLIDATION
LN-503963,CUST-104432,2025-04-05,0,0,False,False,26441.6525,Current,DEBT_CONSOLIDATION
LN-503964,CUST-106582,2025-04-05,0,0,False,False,396164.51999999996,Current,DEBT_CONSOLIDATION
LN-503965,CUST-103345,2025-04-05,0,0,False,False,20132.75,Current,DEBT_CONSOLIDATION
LN-503966,CUST-107677,2025-04-05,0,0,False,False,2901.1800000000003,Current,DEBT_CONSOLIDATION
LN-503967,CUST-106754,2025-04-05,0,0,False,False,30029.0075,Current,DEBT_CONSOLIDATION
LN-503968,CUST-102481,2025-04-05,0,0,False,False,32752.380000000005,Current,DEBT_CONSOLIDATION
LN-503970,CUST-107311,2025-04-05,0,0,False,False,21333.440000000002,Current,DEBT_CONSOLIDATION
LN-503971,CUST-102988,2025-04-05,0,0,False,False,117230.25000000003,Current,DEBT_CONSOLIDATION
LN-503972,CUST-105770,2025-04-05,0,0,False,False,101133.2,Current,DEBT_CONSOLIDATION
LN-503973,CUST-104324,2025-04-05,0,0,False,False,45471.08999999999,Current,DEBT_CONSOLIDATION
LN-503974,CUST-106412,2025-04-05,0,0,False,False,13385.080000000002,Current,DEBT_CONSOLIDATION
LN-503975,CUST-105512,2025-04-05,0,0,False,False,16999.302499999998,Current,DEBT_CONSOLIDATION
LN-503976,CUST-103403,2025-04-05,0,0,False,False,22199.93,Current,DEBT_CONSOLIDATION
LN-503978,CUST-104072,2025-04-05,0,0,False,False,18799.732500000002,Current,DEBT_CONSOLIDATION
LN-503979,CUST-106195,2025-04-05,0,0,False,False,26943.600000000002,Current,DEBT_CONSOLIDATION
LN-503980,CUST-101206,2025-04-05,0,0,False,False,17112.990000000005,Current,DEBT_CONSOLIDATION
LN-503981,CUST-107252,2025-04-05,0,0,False,False,29372.09000000001,Current,DEBT_CONSOLIDATION
LN-503982,CUST-101253,2025-04-05,0,0,False,False,14179.219999999998,Current,DEBT_CONSOLIDATION
LN-503984,CUST-105709,2025-04-05,0,0,False,False,7987.6600000000035,Current,DEBT_CONSOLIDATION
LN-503985,CUST-104456,2025-04-05,0,0,False,False,36844.202499999985,Current,DEBT_CONSOLIDATION
LN-503986,CUST-101498,2025-04-05,0,0,False,False,22567.78,Current,DEBT_CONSOLIDATION
LN-503987,CUST-106320,2025-04-05,0,0,False,False,9079.4575,Current,DEBT_CONSOLIDATION
LN-503988,CUST-100229,2025-04-05,0,0,False,False,18736.71750000001,Current,DEBT_CONSOLIDATION
LN-503989,CUST-107449,2025-04-05,0,0,False,False,53922.57999999998,Current,DEBT_CONSOLIDATION
LN-503990,CUST-102134,2025-04-05,0,0,False,False,17802.4025,Current,DEBT_CONSOLIDATION
LN-503991,CUST-100836,2025-04-05,4,104,False,False,13850.477499999995,90+,DEBT_CONSOLIDATION
LN-503993,CUST-101324,2025-04-05,0,0,True,False,2579.787500000001,Current,DEBT_CONSOLIDATION
LN-503995,CUST-105765,2025-04-05,0,0,False,False,3407.862499999999,Current,DEBT_CONSOLIDATION
LN-503996,CUST-105079,2025-04-05,0,0,False,False,70968.505,Current,DEBT_CONSOLIDATION
LN-503997,CUST-104936,2025-04-05,0,0,False,False,21958.039999999997,Current,DEBT_CONSOLIDATION
LN-503998,CUST-106201,2025-04-05,0,0,False,False,12384.77999999999,Current,DEBT_CONSOLIDATION
LN-504000,CUST-104831,2025-04-05,0,0,False,False,8500.41,Current,DEBT_CONSOLIDATION
LN-504001,CUST-101797,2025-04-05,1,10,False,False,8192.984999999997,1-29,DEBT_CONSOLIDATION
LN-504002,CUST-102024,2025-04-05,0,0,False,False,38377.430000000015,Current,DEBT_CONSOLIDATION
LN-504003,CUST-105665,2025-04-05,0,0,False,False,34837.17999999999,Current,DEBT_CONSOLIDATION
LN-504004,CUST-101350,2025-04-05,0,0,False,False,15083.560000000009,Current,DEBT_CONSOLIDATION
LN-504006,CUST-103299,2025-04-05,0,0,False,False,10337.585000000001,Current,DEBT_CONSOLIDATION
LN-504007,CUST-106967,2025-04-05,0,0,False,False,11050.805000000006,Current,DEBT_CONSOLIDATION
LN-504010,CUST-104727,2025-04-05,0,0,False,False,41437.26,Current,DEBT_CONSOLIDATION
LN-504011,CUST-100403,2025-04-05,0,0,False,False,5730.34,Current,DEBT_CONSOLIDATION
LN-504012,CUST-105600,2025-04-05,0,0,False,False,77791.00749999998,Current,DEBT_CONSOLIDATION
LN-504013,CUST-103945,2025-04-05,0,0,False,False,6941.440000000002,Current,DEBT_CONSOLIDATION
LN-504014,CUST-106355,2025-04-05,0,0,False,False,4287.495000000001,Current,DEBT_CONSOLIDATION
LN-504015,CUST-101335,2025-04-05,0,0,False,False,3395.94,Current,DEBT_CONSOLIDATION
LN-504016,CUST-103527,2025-04-05,0,0,False,False,17648.624999999996,Current,DEBT_CONSOLIDATION
LN-504018,CUST-105001,2025-04-05,0,0,False,False,10973.069999999996,Current,DEBT_CONSOLIDATION
LN-504019,CUST-103524,2025-04-05,0,0,False,False,44464.10000000001,Current,DEBT_CONSOLIDATION
LN-504020,CUST-107492,2025-04-05,2,42,False,False,11888.71,30-59,DEBT_CONSOLIDATION
LN-504021,CUST-106276,2025-04-05,0,0,False,False,20053.195000000007,Current,DEBT_CONSOLIDATION
LN-504022,CUST-107424,2025-04-05,0,0,False,False,37667.039999999964,Current,DEBT_CONSOLIDATION
LN-504024,CUST-104217,2025-04-05,0,0,False,False,14133.0525,Current,DEBT_CONSOLIDATION
LN-504025,CUST-103820,2025-04-05,0,0,False,False,9196.955,Current,DEBT_CONSOLIDATION
LN-504026,CUST-100310,2025-04-05,0,0,False,False,48725.33,Current,DEBT_CONSOLIDATION
LN-504028,CUST-107222,2025-04-05,0,0,False,False,51372.485,Current,DEBT_CONSOLIDATION
LN-504029,CUST-107983,2025-04-05,0,0,False,False,18247.29,Current,DEBT_CONSOLIDATION
LN-504030,CUST-103729,2025-04-05,0,0,False,False,5454.6675000000005,Current,DEBT_CONSOLIDATION
LN-504031,CUST-104549,2025-04-05,0,0,False,False,38936.487499999974,Current,DEBT_CONSOLIDATION
LN-504032,CUST-105897,2025-04-05,0,0,False,False,20363.735000000004,Current,DEBT_CONSOLIDATION
LN-504033,CUST-101327,2025-04-05,0,0,False,False,26784.85,Current,DEBT_CONSOLIDATION
LN-504034,CUST-103774,2025-04-05,0,0,False,False,27368.9,Current,DEBT_CONSOLIDATION
LN-504035,CUST-106030,2025-04-05,0,0,False,False,49634.01500000003,Current,DEBT_CONSOLIDATION
LN-504036,CUST-104199,2025-04-05,0,0,False,False,34318.69999999998,Current,DEBT_CONSOLIDATION
LN-504037,CUST-107337,2025-04-05,0,0,False,False,10331.947500000004,Current,DEBT_CONSOLIDATION
LN-504038,CUST-105639,2025-04-05,0,0,False,False,21909.66,Current,DEBT_CONSOLIDATION
LN-504040,CUST-102131,2025-04-05,0,0,False,False,41048.48,Current,DEBT_CONSOLIDATION
LN-504041,CUST-103773,2025-04-05,0,0,False,False,17400.434999999994,Current,DEBT_CONSOLIDATION
LN-504042,CUST-103920,2025-04-05,0,0,False,False,34419.24,Current,DEBT_CONSOLIDATION
LN-504043,CUST-102243,2025-04-05,1,1,False,False,74409.13,1-29,DEBT_CONSOLIDATION
LN-504045,CUST-103126,2025-04-05,0,0,False,False,7073.695000000001,Current,DEBT_CONSOLIDATION
LN-504046,CUST-106378,2025-04-05,0,0,False,False,45435.67,Current,DEBT_CONSOLIDATION
LN-504047,CUST-107525,2025-04-05,0,0,False,False,509728.0999999999,Current,DEBT_CONSOLIDATION
LN-504048,CUST-105237,2025-04-05,0,0,False,False,13377.524999999992,Current,DEBT_CONSOLIDATION
LN-504049,CUST-106407,2025-04-05,0,0,False,False,4992.425000000004,Current,DEBT_CONSOLIDATION
LN-504050,CUST-101687,2025-04-05,0,0,False,False,17864.844999999983,Current,DEBT_CONSOLIDATION
LN-504052,CUST-106441,2025-04-05,0,0,False,False,14684.529999999988,Current,DEBT_CONSOLIDATION
LN-504053,CUST-107924,2025-04-05,0,0,False,False,11899.740000000003,Current,DEBT_CONSOLIDATION
LN-504055,CUST-100899,2025-04-05,2,55,False,False,50403.65,30-59,DEBT_CONSOLIDATION
LN-504056,CUST-107863,2025-04-05,0,0,False,False,10285.81,Current,DEBT_CONSOLIDATION
LN-504057,CUST-106421,2025-04-05,0,0,False,False,5033.449999999999,Current,DEBT_CONSOLIDATION
LN-504058,CUST-105154,2025-04-05,0,0,False,False,48752.699999999975,Current,DEBT_CONSOLIDATION
LN-504059,CUST-104898,2025-04-05,0,0,False,False,3542.82,Current,DEBT_CONSOLIDATION
LN-504060,CUST-101260,2025-04-05,0,0,False,False,2106.165,Current,DEBT_CONSOLIDATION
LN-504063,CUST-107623,2025-04-05,0,0,False,False,32477.69999999997,Current,DEBT_CONSOLIDATION
LN-504064,CUST-104842,2025-04-05,0,0,False,False,50133.46,Current,DEBT_CONSOLIDATION
LN-504065,CUST-104284,2025-04-05,0,0,False,False,13832.230000000014,Current,DEBT_CONSOLIDATION
LN-504067,CUST-101253,2025-04-05,0,0,False,False,180998.77999999994,Current,DEBT_CONSOLIDATION
LN-504068,CUST-102724,2025-04-05,0,0,False,False,28566.74,Current,DEBT_CONSOLIDATION
LN-504069,CUST-103817,2025-04-05,0,0,False,False,34217.37499999996,Current,DEBT_CONSOLIDATION
LN-504070,CUST-106501,2025-04-05,0,0,False,False,4575.749999999998,Current,DEBT_CONSOLIDATION
LN-504071,CUST-100349,2025-04-05,0,0,False,False,33355.45500000001,Current,DEBT_CONSOLIDATION
LN-504072,CUST-102787,2025-04-05,0,0,False,False,50677.587499999994,Current,DEBT_CONSOLIDATION
LN-504073,CUST-105157,2025-04-05,0,0,False,False,19057.39000000001,Current,DEBT_CONSOLIDATION
LN-504074,CUST-100249,2025-04-05,0,0,False,False,10431.5725,Current,DEBT_CONSOLIDATION
LN-504075,CUST-102195,2025-04-05,0,0,False,False,46232.77,Current,DEBT_CONSOLIDATION
LN-504077,CUST-104217,2025-04-05,0,0,False,False,26502.35,Current,DEBT_CONSOLIDATION
LN-504078,CUST-103797,2025-04-05,0,0,False,False,17255.74499999999,Current,DEBT_CONSOLIDATION
LN-504080,CUST-102150,2025-04-05,0,0,False,False,47005.4925,Current,DEBT_CONSOLIDATION
LN-504081,CUST-106566,2025-04-05,0,0,False,False,133418.53000000006,Current,DEBT_CONSOLIDATION
LN-504082,CUST-101470,2025-04-05,0,0,False,False,47315.01,Current,DEBT_CONSOLIDATION
LN-504083,CUST-100374,2025-04-05,0,0,False,False,13924.090000000007,Current,DEBT_CONSOLIDATION
LN-504085,CUST-101524,2025-04-05,0,0,False,False,20777.249999999996,Current,DEBT_CONSOLIDATION
LN-504086,CUST-102865,2025-04-05,0,0,False,False,47022.73999999998,Current,DEBT_CONSOLIDATION
LN-504088,CUST-106468,2025-04-05,0,0,False,False,7327.989999999997,Current,DEBT_CONSOLIDATION
LN-504089,CUST-101133,2025-04-05,0,0,False,False,39448.24250000002,Current,DEBT_CONSOLIDATION
LN-504090,CUST-103010,2025-04-05,0,0,False,False,9425.647500000008,Current,DEBT_CONSOLIDATION
LN-504091,CUST-107487,2025-04-05,0,0,False,False,16302.550000000001,Current,DEBT_CONSOLIDATION
LN-504092,CUST-105672,2025-04-05,0,0,False,False,11138.859999999991,Current,DEBT_CONSOLIDATION
LN-504093,CUST-103028,2025-04-05,0,0,True,False,28781.89,Current,DEBT_CONSOLIDATION
LN-504094,CUST-103614,2025-04-05,0,0,False,False,8917.3,Current,DEBT_CONSOLIDATION
LN-504095,CUST-105945,2025-04-05,1,17,False,False,18578.56000000001,1-29,DEBT_CONSOLIDATION
LN-504096,CUST-103459,2025-04-05,0,0,False,False,123393.44000000005,Current,DEBT_CONSOLIDATION
LN-504097,CUST-104136,2025-04-05,0,0,False,False,33660.54250000002,Current,DEBT_CONSOLIDATION
LN-504098,CUST-103097,2025-04-05,0,0,False,False,9880.189999999997,Current,DEBT_CONSOLIDATION
LN-504099,CUST-104861,2025-04-05,0,0,False,False,21921.19000000001,Current,DEBT_CONSOLIDATION
LN-504100,CUST-106612,2025-04-05,0,0,False,False,13128.59,Current,DEBT_CONSOLIDATION
LN-504101,CUST-106320,2025-04-05,0,0,False,False,7687.33,Current,DEBT_CONSOLIDATION
LN-504102,CUST-102314,2025-04-05,0,0,False,False,38062.85750000003,Current,DEBT_CONSOLIDATION
LN-504104,CUST-100176,2025-04-05,0,0,False,False,23016.65999999998,Current,DEBT_CONSOLIDATION
LN-504105,CUST-102498,2025-04-05,0,0,False,False,3730.0675,Current,DEBT_CONSOLIDATION
LN-504106,CUST-104553,2025-04-05,0,0,False,False,12326.724999999999,Current,DEBT_CONSOLIDATION
LN-504107,CUST-101012,2025-04-05,0,0,False,False,18631.66,Current,DEBT_CONSOLIDATION
LN-504109,CUST-107850,2025-04-05,0,0,False,False,55881.395,Current,DEBT_CONSOLIDATION
LN-504110,CUST-102830,2025-04-05,0,0,False,False,17880.709999999992,Current,DEBT_CONSOLIDATION
LN-504111,CUST-101364,2025-04-05,0,0,False,False,438375.23,Current,DEBT_CONSOLIDATION
LN-504112,CUST-103359,2025-04-05,0,0,False,False,16581.42750000001,Current,DEBT_CONSOLIDATION
LN-504113,CUST-105136,2025-04-05,0,0,False,False,28817.48,Current,DEBT_CONSOLIDATION
LN-504114,CUST-101638,2025-04-05,0,0,False,False,24793.555,Current,DEBT_CONSOLIDATION
LN-504115,CUST-103569,2025-04-05,1,10,False,False,25083.060000000012,1-29,DEBT_CONSOLIDATION
LN-504116,CUST-106116,2025-04-05,0,0,False,False,8869.069999999996,Current,DEBT_CONSOLIDATION
LN-504117,CUST-101282,2025-04-05,0,0,False,False,8601.925000000005,Current,DEBT_CONSOLIDATION
LN-504118,CUST-104724,2025-04-05,0,0,False,False,18546.350000000002,Current,DEBT_CONSOLIDATION
LN-504119,CUST-106810,2025-04-05,0,0,False,False,19433.18499999999,Current,DEBT_CONSOLIDATION
LN-504120,CUST-105271,2025-04-05,0,0,False,False,15758.770000000017,Current,DEBT_CONSOLIDATION
LN-504121,CUST-100405,2025-04-05,0,0,False,False,34423.73,Current,DEBT_CONSOLIDATION
LN-504122,CUST-100763,2025-04-05,0,0,False,False,27017.729999999992,Current,DEBT_CONSOLIDATION
LN-504124,CUST-100385,2025-04-05,0,0,False,False,19987.739999999998,Current,DEBT_CONSOLIDATION
LN-504125,CUST-100976,2025-04-05,0,0,False,False,9477.54,Current,DEBT_CONSOLIDATION
LN-504126,CUST-100463,2025-04-05,0,0,False,False,7908.202500000004,Current,DEBT_CONSOLIDATION
LN-504127,CUST-107319,2025-04-05,0,0,False,False,7595.489999999998,Current,DEBT_CONSOLIDATION
LN-504128,CUST-102757,2025-04-05,1,18,False,False,13704.98,1-29,DEBT_CONSOLIDATION
LN-504129,CUST-105517,2025-04-05,0,0,False,False,4162.229999999999,Current,DEBT_CONSOLIDATION
LN-504131,CUST-102547,2025-04-05,0,0,False,False,525.9700000000003,Current,DEBT_CONSOLIDATION
LN-504132,CUST-100324,2025-04-05,1,24,False,False,521041.3400000001,1-29,DEBT_CONSOLIDATION
LN-504133,CUST-101291,2025-04-05,0,0,False,False,5177.8225,Current,DEBT_CONSOLIDATION
LN-504134,CUST-103007,2025-04-05,0,0,False,False,46030.23000000001,Current,DEBT_CONSOLIDATION
LN-504135,CUST-102965,2025-04-05,0,0,False,False,4548.27,Current,DEBT_CONSOLIDATION
LN-504136,CUST-102582,2025-04-05,0,0,False,False,36374.2625,Current,DEBT_CONSOLIDATION
LN-504137,CUST-107846,2025-04-05,0,0,False,False,18520.094999999998,Current,DEBT_CONSOLIDATION
LN-504138,CUST-100321,2025-04-05,0,0,False,False,32886.42,Current,DEBT_CONSOLIDATION
LN-504139,CUST-106571,2025-04-05,0,0,False,False,6752.204999999999,Current,DEBT_CONSOLIDATION
LN-504140,CUST-101595,2025-04-05,0,0,False,False,12403.76,Current,DEBT_CONSOLIDATION
LN-504141,CUST-107433,2025-04-05,0,0,False,False,41481.162500000006,Current,DEBT_CONSOLIDATION
LN-504143,CUST-103349,2025-04-05,0,0,False,False,28511.295,Current,DEBT_CONSOLIDATION
LN-504144,CUST-101727,2025-04-05,2,50,False,False,28044.932500000006,30-59,DEBT_CONSOLIDATION
LN-504145,CUST-101032,2025-04-05,0,0,False,False,39617.85250000001,Current,DEBT_CONSOLIDATION
LN-504146,CUST-101906,2025-04-05,0,0,False,False,16731.279999999995,Current,DEBT_CONSOLIDATION
LN-504147,CUST-104579,2025-04-05,0,0,False,False,132674.58250000002,Current,DEBT_CONSOLIDATION
LN-504148,CUST-101069,2025-04-05,0,0,False,False,12784.890000000003,Current,DEBT_CONSOLIDATION
LN-504149,CUST-102000,2025-04-05,0,0,False,False,7458.232500000001,Current,DEBT_CONSOLIDATION
LN-504150,CUST-102833,2025-04-05,0,0,False,False,102093.91999999998,Current,DEBT_CONSOLIDATION
LN-504152,CUST-105220,2025-04-05,0,0,False,False,16547.259999999995,Current,DEBT_CONSOLIDATION
LN-504153,CUST-107677,2025-04-05,0,0,False,False,10705.51,Current,DEBT_CONSOLIDATION
LN-504154,CUST-105164,2025-04-05,2,42,False,False,15831.929999999993,30-59,DEBT_CONSOLIDATION
LN-504155,CUST-103495,2025-04-05,1,9,False,True,77445.95250000001,1-29,DEBT_CONSOLIDATION
LN-504156,CUST-107747,2025-04-05,0,0,False,False,19924.42,Current,DEBT_CONSOLIDATION
LN-504157,CUST-105695,2025-04-05,0,0,False,False,30006.160000000003,Current,DEBT_CONSOLIDATION
LN-504158,CUST-104584,2025-04-05,0,0,False,False,15134.0825,Current,DEBT_CONSOLIDATION
LN-504159,CUST-101005,2025-04-05,0,0,False,False,3903.7400000000016,Current,DEBT_CONSOLIDATION
LN-504160,CUST-102437,2025-04-05,0,0,False,False,12141.710000000001,Current,DEBT_CONSOLIDATION
LN-504161,CUST-106147,2025-04-05,0,0,False,False,106818.94000000002,Current,DEBT_CONSOLIDATION
LN-504162,CUST-104651,2025-04-05,0,0,False,False,314645.5525000001,Current,DEBT_CONSOLIDATION
LN-504163,CUST-104719,2025-04-05,0,0,False,False,24703.387499999997,Current,DEBT_CONSOLIDATION
LN-504164,CUST-107344,2025-04-05,1,17,False,False,48696.04000000001,1-29,DEBT_CONSOLIDATION
LN-504167,CUST-107948,2025-04-05,0,0,False,False,44608.68250000002,Current,DEBT_CONSOLIDATION
LN-504168,CUST-102687,2025-04-05,0,0,False,False,37091.710000000014,Current,DEBT_CONSOLIDATION
LN-504169,CUST-107933,2025-04-05,0,0,False,False,14861.3,Current,DEBT_CONSOLIDATION
LN-504170,CUST-103624,2025-04-05,0,0,False,False,4609.097499999997,Current,DEBT_CONSOLIDATION
LN-504171,CUST-100321,2025-04-05,0,0,False,False,34586.860000000015,Current,DEBT_CONSOLIDATION
LN-504172,CUST-100520,2025-04-05,1,4,False,False,13788.670000000004,1-29,DEBT_CONSOLIDATION
LN-504173,CUST-103959,2025-04-05,0,0,False,False,40720.909999999996,Current,DEBT_CONSOLIDATION
LN-504174,CUST-104737,2025-04-05,0,0,False,False,35610.04999999999,Current,DEBT_CONSOLIDATION
LN-504176,CUST-101333,2025-04-05,1,2,False,False,18451.47500000001,1-29,DEBT_CONSOLIDATION
LN-504177,CUST-107886,2025-04-05,0,0,False,False,2252.885,Current,DEBT_CONSOLIDATION
LN-504178,CUST-101791,2025-04-05,1,16,False,False,24812.135000000002,1-29,DEBT_CONSOLIDATION
LN-504180,CUST-107513,2025-04-05,0,0,False,False,204320.27000000016,Current,DEBT_CONSOLIDATION
LN-504181,CUST-106481,2025-04-05,0,0,False,False,42081.09,Current,DEBT_CONSOLIDATION
LN-504182,CUST-105755,2025-04-05,3,83,False,False,3940.580000000003,60-89,DEBT_CONSOLIDATION
LN-504183,CUST-105405,2025-04-05,0,0,False,False,31563.744999999984,Current,DEBT_CONSOLIDATION
LN-504184,CUST-103451,2025-04-05,0,0,False,False,36474.72500000002,Current,DEBT_CONSOLIDATION
LN-504185,CUST-104467,2025-04-05,0,0,False,False,13293.985,Current,DEBT_CONSOLIDATION
LN-504188,CUST-101920,2025-04-05,0,0,False,False,36155.470000000016,Current,DEBT_CONSOLIDATION
LN-504189,CUST-100879,2025-04-05,0,0,False,False,435772.4400000001,Current,DEBT_CONSOLIDATION
LN-504190,CUST-102706,2025-04-05,2,31,False,False,15808.470000000005,30-59,DEBT_CONSOLIDATION
LN-504191,CUST-104630,2025-04-05,0,0,False,False,19215.82,Current,DEBT_CONSOLIDATION
LN-504192,CUST-104889,2025-04-05,0,0,False,False,42780.27500000001,Current,DEBT_CONSOLIDATION
LN-504193,CUST-105632,2025-04-05,0,0,False,False,13292.910000000003,Current,DEBT_CONSOLIDATION
LN-504194,CUST-106843,2025-04-05,0,0,False,False,7203.760000000004,Current,DEBT_CONSOLIDATION
LN-504195,CUST-104623,2025-04-05,0,0,False,False,10439.884999999998,Current,DEBT_CONSOLIDATION
LN-504196,CUST-106222,2025-04-05,0,0,False,False,88573.94,Current,DEBT_CONSOLIDATION
LN-504198,CUST-106625,2025-04-05,0,0,False,False,6871.775000000001,Current,DEBT_CONSOLIDATION
LN-504199,CUST-106859,2025-04-05,0,0,False,False,46735.32,Current,DEBT_CONSOLIDATION
LN-504200,CUST-104029,2025-04-05,0,0,False,False,22848.74,Current,DEBT_CONSOLIDATION
LN-504201,CUST-107684,2025-04-05,0,0,False,False,10616.564999999999,Current,DEBT_CONSOLIDATION
LN-504202,CUST-107094,2025-04-05,0,0,False,False,1449.4849999999997,Current,DEBT_CONSOLIDATION
LN-504203,CUST-103673,2025-04-05,0,0,False,False,29633.002500000013,Current,DEBT_CONSOLIDATION
LN-504204,CUST-105044,2025-04-05,0,0,False,False,35876.602500000015,Current,DEBT_CONSOLIDATION
LN-504205,CUST-102396,2025-04-05,0,0,False,False,11750.6,Current,DEBT_CONSOLIDATION
LN-504206,CUST-103275,2025-04-05,0,0,False,False,5311.695,Current,DEBT_CONSOLIDATION
LN-504207,CUST-103746,2025-04-05,0,0,False,False,17007.65000000001,Current,DEBT_CONSOLIDATION
LN-504210,CUST-105774,2025-04-05,0,0,False,False,8711.119999999999,Current,DEBT_CONSOLIDATION
LN-504211,CUST-107942,2025-04-05,0,0,False,False,39115.37000000001,Current,DEBT_CONSOLIDATION
LN-504212,CUST-105988,2025-04-05,0,0,False,False,23714.43,Current,DEBT_CONSOLIDATION
LN-504213,CUST-106144,2025-04-05,0,0,False,False,46380.44,Current,DEBT_CONSOLIDATION
LN-504214,CUST-103760,2025-04-05,0,0,False,False,40623.06999999999,Current,DEBT_CONSOLIDATION
LN-504215,CUST-106896,2025-04-05,0,0,False,False,2473.1550000000016,Current,DEBT_CONSOLIDATION
LN-504216,CUST-102689,2025-04-05,0,0,False,False,21754.69,Current,DEBT_CONSOLIDATION
LN-504217,CUST-105102,2025-04-05,0,0,False,False,18724.670000000002,Current,DEBT_CONSOLIDATION
LN-504219,CUST-106156,2025-04-05,0,0,False,False,123761.87000000008,Current,DEBT_CONSOLIDATION
LN-504220,CUST-105241,2025-04-05,0,0,False,False,39604.270000000004,Current,DEBT_CONSOLIDATION
LN-504221,CUST-101116,2025-04-05,0,0,False,False,19148.209999999995,Current,DEBT_CONSOLIDATION
LN-504223,CUST-106873,2025-04-05,0,0,False,False,123191.30500000002,Current,DEBT_CONSOLIDATION
LN-504225,CUST-101360,2025-04-05,0,0,False,False,8323.015,Current,DEBT_CONSOLIDATION
LN-504226,CUST-104108,2025-04-05,0,0,False,False,40081.435000000034,Current,DEBT_CONSOLIDATION
LN-504229,CUST-100719,2025-04-05,0,0,False,False,112410.42499999997,Current,DEBT_CONSOLIDATION
LN-504230,CUST-103239,2025-04-05,0,0,False,False,382282.15499999997,Current,DEBT_CONSOLIDATION
LN-504232,CUST-107681,2025-04-05,0,0,False,False,13794.889999999998,Current,DEBT_CONSOLIDATION
LN-504234,CUST-100342,2025-04-05,0,0,False,False,42508.17999999998,Current,DEBT_CONSOLIDATION
LN-504235,CUST-101995,2025-04-05,0,0,False,False,814.2449999999999,Current,DEBT_CONSOLIDATION
LN-504236,CUST-105509,2025-04-05,0,0,False,False,1771.0100000000007,Current,DEBT_CONSOLIDATION
LN-504237,CUST-100468,2025-04-05,0,0,False,False,7454.377500000001,Current,DEBT_CONSOLIDATION
LN-504238,CUST-100648,2025-04-05,0,0,False,False,478831.5550000001,Current,DEBT_CONSOLIDATION
LN-504239,CUST-106251,2025-04-05,0,0,False,False,16057.98,Current,DEBT_CONSOLIDATION
LN-504240,CUST-104690,2025-04-05,0,0,False,False,25125.559999999994,Current,DEBT_CONSOLIDATION
LN-504241,CUST-100079,2025-04-05,0,0,False,False,9907.179999999997,Current,DEBT_CONSOLIDATION
LN-504242,CUST-104302,2025-04-05,0,0,False,False,19587.519999999993,Current,DEBT_CONSOLIDATION
LN-504243,CUST-100514,2025-04-05,0,0,False,False,436517.7099999999,Current,DEBT_CONSOLIDATION
LN-504244,CUST-101742,2025-04-05,2,33,False,False,15586.56,30-59,DEBT_CONSOLIDATION
LN-504245,CUST-100455,2025-04-05,0,0,False,False,9880.154999999997,Current,DEBT_CONSOLIDATION
LN-504246,CUST-102525,2025-04-05,0,0,False,False,21971.085,Current,DEBT_CONSOLIDATION
LN-504247,CUST-101299,2025-04-05,0,0,False,False,23024.805000000004,Current,DEBT_CONSOLIDATION
LN-504248,CUST-100843,2025-04-05,0,0,False,False,11010.070000000003,Current,DEBT_CONSOLIDATION
LN-504249,CUST-107459,2025-04-05,1,4,False,False,11535.439999999997,1-29,DEBT_CONSOLIDATION
LN-504250,CUST-103694,2025-04-05,0,0,False,False,17871.590000000022,Current,DEBT_CONSOLIDATION
LN-504251,CUST-101497,2025-04-05,1,21,False,False,20262.9025,1-29,DEBT_CONSOLIDATION
LN-504252,CUST-106870,2025-04-05,0,0,False,False,31510.5925,Current,DEBT_CONSOLIDATION
LN-504253,CUST-103972,2025-04-05,0,0,False,False,7546.342499999997,Current,DEBT_CONSOLIDATION
LN-504254,CUST-103681,2025-04-05,0,0,False,False,2560.5099999999993,Current,DEBT_CONSOLIDATION
LN-504256,CUST-102597,2025-04-05,0,0,False,False,5747.859999999997,Current,DEBT_CONSOLIDATION
LN-504257,CUST-100014,2025-04-05,0,0,False,False,10976.572500000002,Current,DEBT_CONSOLIDATION
LN-504258,CUST-100112,2025-04-05,0,0,False,False,14014.865,Current,DEBT_CONSOLIDATION
LN-504259,CUST-100242,2025-04-05,0,0,False,False,25035.934999999998,Current,DEBT_CONSOLIDATION
LN-504260,CUST-105882,2025-04-05,1,20,False,False,8420.222499999998,1-29,DEBT_CONSOLIDATION
LN-504261,CUST-105497,2025-04-05,0,0,False,False,16667.865000000013,Current,DEBT_CONSOLIDATION
LN-504262,CUST-105366,2025-04-05,0,0,False,False,8656.92,Current,DEBT_CONSOLIDATION
LN-504263,CUST-103235,2025-04-05,0,0,False,False,7156.207500000002,Current,DEBT_CONSOLIDATION
LN-504264,CUST-103471,2025-04-05,0,0,False,False,11384.219999999998,Current,DEBT_CONSOLIDATION
LN-504265,CUST-107662,2025-04-05,0,0,False,False,16288.097500000013,Current,DEBT_CONSOLIDATION
LN-504266,CUST-105175,2025-04-05,0,0,False,False,24743.027500000015,Current,DEBT_CONSOLIDATION
LN-504267,CUST-105467,2025-04-05,0,0,False,False,28618.36,Current,DEBT_CONSOLIDATION
LN-504268,CUST-105764,2025-04-05,0,0,False,False,25604.480000000007,Current,DEBT_CONSOLIDATION
LN-504269,CUST-105427,2025-04-05,0,0,False,False,39704.56249999996,Current,DEBT_CONSOLIDATION
LN-504270,CUST-102768,2025-04-05,0,0,True,False,25180.99499999999,Current,DEBT_CONSOLIDATION
LN-504271,CUST-102852,2025-04-05,0,0,False,False,238986.85250000004,Current,DEBT_CONSOLIDATION
LN-504272,CUST-102092,2025-04-05,0,0,False,False,10302.039999999992,Current,DEBT_CONSOLIDATION
LN-504273,CUST-105324,2025-04-05,0,0,False,False,29992.075000000004,Current,DEBT_CONSOLIDATION
LN-504275,CUST-107002,2025-04-05,0,0,False,False,17908.849999999984,Current,DEBT_CONSOLIDATION
LN-504276,CUST-100318,2025-04-05,0,0,False,False,14234.6575,Current,DEBT_CONSOLIDATION
LN-504277,CUST-100240,2025-04-05,0,0,False,False,1750.0550000000012,Current,DEBT_CONSOLIDATION
LN-504278,CUST-106421,2025-04-05,0,0,False,False,12558.617499999998,Current,DEBT_CONSOLIDATION
LN-504279,CUST-105222,2025-04-05,0,0,False,False,6408.96,Current,DEBT_CONSOLIDATION
LN-504280,CUST-106206,2025-04-05,0,0,False,False,4883.289999999997,Current,DEBT_CONSOLIDATION
LN-504281,CUST-106305,2025-04-05,0,0,False,False,4652.0300000000025,Current,DEBT_CONSOLIDATION
LN-504282,CUST-106214,2025-04-05,0,0,False,False,5398.27,Current,DEBT_CONSOLIDATION
LN-504283,CUST-104894,2025-04-05,0,0,False,False,3077.3475000000003,Current,DEBT_CONSOLIDATION
LN-504284,CUST-107597,2025-04-05,0,0,False,False,14880.495000000003,Current,DEBT_CONSOLIDATION
LN-504285,CUST-100380,2025-04-05,0,0,False,False,9298.869999999999,Current,DEBT_CONSOLIDATION
LN-504286,CUST-102584,2025-04-05,0,0,False,False,9604.470000000003,Current,DEBT_CONSOLIDATION
LN-504287,CUST-107603,2025-04-05,0,0,False,False,15332.95,Current,DEBT_CONSOLIDATION
LN-504288,CUST-104524,2025-04-05,0,0,False,False,13792.190000000002,Current,DEBT_CONSOLIDATION
LN-504289,CUST-106256,2025-04-05,0,0,False,False,17562.240000000013,Current,DEBT_CONSOLIDATION
LN-504290,CUST-107945,2025-04-05,0,0,False,False,43842.24250000002,Current,DEBT_CONSOLIDATION
LN-504291,CUST-102091,2025-04-05,0,0,False,False,45947.96750000003,Current,DEBT_CONSOLIDATION
LN-504292,CUST-100914,2025-04-05,0,0,False,False,13924.265000000003,Current,DEBT_CONSOLIDATION
LN-504293,CUST-103404,2025-04-05,0,0,False,False,25754.395,Current,DEBT_CONSOLIDATION
LN-504294,CUST-105878,2025-04-05,0,0,False,False,24874.112499999992,Current,DEBT_CONSOLIDATION
LN-504295,CUST-100772,2025-04-05,0,0,False,False,15793.01,Current,DEBT_CONSOLIDATION
LN-504297,CUST-104032,2025-04-05,1,21,False,False,13090.359999999997,1-29,DEBT_CONSOLIDATION
LN-504298,CUST-106330,2025-04-05,0,0,False,False,11408.977500000005,Current,DEBT_CONSOLIDATION
LN-504299,CUST-103385,2025-04-05,0,0,False,False,16828.50499999999,Current,DEBT_CONSOLIDATION
LN-504300,CUST-100754,2025-04-05,0,0,False,False,30399.609999999997,Current,DEBT_CONSOLIDATION
LN-504301,CUST-104064,2025-04-05,0,0,False,False,7469.884999999998,Current,DEBT_CONSOLIDATION
LN-504302,CUST-107489,2025-04-05,0,0,False,False,22445.410000000007,Current,DEBT_CONSOLIDATION
LN-504303,CUST-101141,2025-04-05,0,0,False,False,20082.23,Current,DEBT_CONSOLIDATION
LN-504304,CUST-106055,2025-04-05,0,0,False,False,573750.245,Current,DEBT_CONSOLIDATION
LN-504305,CUST-107175,2025-04-05,0,0,False,False,27185.540000000005,Current,DEBT_CONSOLIDATION
LN-504307,CUST-102478,2025-04-05,0,0,False,False,39080.26749999999,Current,DEBT_CONSOLIDATION
LN-504308,CUST-107281,2025-04-05,0,0,False,False,18775.07000000001,Current,DEBT_CONSOLIDATION
LN-504311,CUST-104157,2025-04-05,0,0,False,False,10771.310000000001,Current,DEBT_CONSOLIDATION
LN-504312,CUST-100799,2025-04-05,0,0,False,False,13599.829999999998,Current,DEBT_CONSOLIDATION
LN-504313,CUST-100579,2025-04-05,0,0,False,False,458670.09,Current,DEBT_CONSOLIDATION
LN-504314,CUST-101107,2025-04-05,0,0,False,False,19699.5825,Current,DEBT_CONSOLIDATION
LN-504315,CUST-106687,2025-04-05,3,65,False,False,16915.829999999987,60-89,DEBT_CONSOLIDATION
LN-504317,CUST-104989,2025-04-05,0,0,False,False,26361.229999999992,Current,DEBT_CONSOLIDATION
LN-504319,CUST-107441,2025-04-05,0,0,False,False,26467.322500000006,Current,DEBT_CONSOLIDATION
LN-504320,CUST-104487,2025-04-05,0,0,False,False,9443.700000000004,Current,DEBT_CONSOLIDATION
LN-504321,CUST-103040,2025-04-05,0,0,False,False,23420.7575,Current,DEBT_CONSOLIDATION
LN-504322,CUST-107820,2025-04-05,0,0,False,False,14152.380000000001,Current,DEBT_CONSOLIDATION
LN-504323,CUST-104557,2025-04-05,0,0,False,False,43379.54999999998,Current,DEBT_CONSOLIDATION
LN-504324,CUST-102704,2025-04-05,0,0,False,False,20724.06000000001,Current,DEBT_CONSOLIDATION
LN-504325,CUST-105524,2025-04-05,0,0,False,False,14814.43,Current,DEBT_CONSOLIDATION
LN-504326,CUST-105327,2025-04-05,0,0,False,False,2937.7000000000025,Current,DEBT_CONSOLIDATION
LN-504327,CUST-103488,2025-04-05,4,215,False,False,49302.337500000016,90+,DEBT_CONSOLIDATION
LN-504328,CUST-107070,2025-04-05,0,0,False,False,374214.1449999998,Current,DEBT_CONSOLIDATION
LN-504329,CUST-102652,2025-04-05,0,0,False,False,5079.6,Current,DEBT_CONSOLIDATION
LN-504330,CUST-102803,2025-04-05,0,0,False,False,46600.737499999996,Current,DEBT_CONSOLIDATION
LN-504331,CUST-100388,2025-04-05,0,0,False,False,612465.4625000001,Current,DEBT_CONSOLIDATION
LN-504332,CUST-103568,2025-04-05,0,0,False,False,4914.965000000002,Current,DEBT_CONSOLIDATION
LN-504333,CUST-100494,2025-04-05,0,0,False,False,20246.789999999994,Current,DEBT_CONSOLIDATION
LN-504336,CUST-106793,2025-04-05,0,0,False,False,26132.329999999998,Current,DEBT_CONSOLIDATION
LN-504337,CUST-105759,2025-04-05,0,0,False,False,1878.6325000000006,Current,DEBT_CONSOLIDATION
LN-504338,CUST-100915,2025-04-05,0,0,False,False,44499.110000000015,Current,DEBT_CONSOLIDATION
LN-504339,CUST-103543,2025-04-05,0,0,False,False,6758.92,Current,DEBT_CONSOLIDATION
LN-504340,CUST-107516,2025-04-05,1,23,False,False,5261.772499999999,1-29,DEBT_CONSOLIDATION
LN-504341,CUST-105605,2025-04-05,0,0,False,False,8420.497500000007,Current,DEBT_CONSOLIDATION
LN-504343,CUST-107143,2025-04-05,0,0,False,False,21274.8,Current,DEBT_CONSOLIDATION
LN-504344,CUST-101903,2025-04-05,0,0,False,False,19485.47250000001,Current,DEBT_CONSOLIDATION
LN-504345,CUST-100246,2025-04-05,0,0,False,False,1496.9899999999998,Current,DEBT_CONSOLIDATION
LN-504346,CUST-107757,2025-04-05,0,0,False,False,13490.537499999999,Current,DEBT_CONSOLIDATION
LN-504347,CUST-105004,2025-04-05,0,0,False,False,37742.69,Current,DEBT_CONSOLIDATION
LN-504349,CUST-107989,2025-04-05,0,0,False,False,22904.19,Current,DEBT_CONSOLIDATION
LN-504350,CUST-107166,2025-04-05,0,0,False,False,27782.069999999985,Current,DEBT_CONSOLIDATION
LN-504351,CUST-101348,2025-04-05,0,0,False,False,17666.914999999997,Current,DEBT_CONSOLIDATION
LN-504352,CUST-100119,2025-04-05,0,0,False,False,46691.97999999999,Current,DEBT_CONSOLIDATION
LN-504353,CUST-105495,2025-04-05,0,0,False,False,107048.59999999998,Current,DEBT_CONSOLIDATION
LN-504354,CUST-103319,2025-04-05,0,0,False,False,43414.57999999998,Current,DEBT_CONSOLIDATION
LN-504355,CUST-105713,2025-04-05,0,0,False,False,22905.78,Current,DEBT_CONSOLIDATION
LN-504356,CUST-105999,2025-04-05,0,0,False,False,45131.6575,Current,DEBT_CONSOLIDATION
LN-504357,CUST-106769,2025-04-05,0,0,False,False,39772.6775,Current,DEBT_CONSOLIDATION
LN-504359,CUST-104951,2025-04-05,0,0,False,False,18399.257500000007,Current,DEBT_CONSOLIDATION
LN-504360,CUST-106077,2025-04-05,0,0,False,False,11826.289999999997,Current,DEBT_CONSOLIDATION
LN-504361,CUST-103267,2025-04-05,0,0,False,False,14219.017499999996,Current,DEBT_CONSOLIDATION
LN-504362,CUST-104562,2025-04-05,0,0,False,False,15905.28,Current,DEBT_CONSOLIDATION
LN-504363,CUST-107447,2025-04-05,0,0,False,False,1339.62,Current,DEBT_CONSOLIDATION
LN-504364,CUST-103237,2025-04-05,0,0,False,False,12169.814999999999,Current,DEBT_CONSOLIDATION
LN-504366,CUST-104407,2025-04-05,0,0,False,False,135128.95000000007,Current,DEBT_CONSOLIDATION
LN-504367,CUST-100238,2025-04-05,0,0,False,False,27192.48,Current,DEBT_CONSOLIDATION
LN-504368,CUST-102616,2025-04-05,0,0,False,False,4944.229999999994,Current,DEBT_CONSOLIDATION
LN-504369,CUST-107431,2025-04-05,0,0,False,False,20337.730000000003,Current,DEBT_CONSOLIDATION
LN-504370,CUST-103697,2025-04-05,0,0,False,False,17805.995000000006,Current,DEBT_CONSOLIDATION
LN-504371,CUST-106833,2025-04-05,0,0,False,False,9398.385000000011,Current,DEBT_CONSOLIDATION
LN-504372,CUST-103848,2025-04-05,0,0,False,False,34435.26,Current,DEBT_CONSOLIDATION
LN-504373,CUST-104188,2025-04-05,0,0,False,False,13829.404999999995,Current,DEBT_CONSOLIDATION
LN-504374,CUST-106732,2025-04-05,0,0,False,False,1942.7650000000003,Current,DEBT_CONSOLIDATION
LN-504375,CUST-107575,2025-04-05,1,25,False,False,25234.32750000001,1-29,DEBT_CONSOLIDATION
LN-504376,CUST-106371,2025-04-05,0,0,False,False,43278.46,Current,DEBT_CONSOLIDATION
LN-504377,CUST-107080,2025-04-05,2,35,False,False,12051.474999999999,30-59,DEBT_CONSOLIDATION
LN-504378,CUST-102516,2025-04-05,0,0,False,False,21527.190000000002,Current,DEBT_CONSOLIDATION
LN-504379,CUST-107997,2025-04-05,0,0,False,False,15875.969999999994,Current,DEBT_CONSOLIDATION
LN-504380,CUST-107656,2025-04-05,0,0,False,False,24942.032499999998,Current,DEBT_CONSOLIDATION
LN-504381,CUST-106244,2025-04-05,2,46,False,False,17079.34750000001,30-59,DEBT_CONSOLIDATION
LN-504382,CUST-102427,2025-04-05,0,0,False,False,11352.309999999998,Current,DEBT_CONSOLIDATION
LN-504383,CUST-100689,2025-04-05,1,29,False,False,21190.7925,1-29,DEBT_CONSOLIDATION
LN-504384,CUST-103540,2025-04-05,0,0,False,False,28527.149999999994,Current,DEBT_CONSOLIDATION
LN-504386,CUST-106964,2025-04-05,0,0,False,False,31759.52,Current,DEBT_CONSOLIDATION
LN-504389,CUST-103452,2025-04-05,0,0,False,False,45763.07,Current,DEBT_CONSOLIDATION
LN-504390,CUST-104487,2025-04-05,0,0,False,False,29105.24,Current,DEBT_CONSOLIDATION
LN-504391,CUST-103221,2025-04-05,0,0,False,False,15291.305,Current,DEBT_CONSOLIDATION
LN-504393,CUST-105607,2025-04-05,0,0,False,False,26311.89,Current,DEBT_CONSOLIDATION
LN-504395,CUST-106853,2025-04-05,0,0,False,False,32522.53,Current,DEBT_CONSOLIDATION
LN-504396,CUST-100458,2025-04-05,0,0,False,False,136970.6200000001,Current,DEBT_CONSOLIDATION
LN-504397,CUST-101280,2025-04-05,0,0,False,False,39231.840000000004,Current,DEBT_CONSOLIDATION
LN-504398,CUST-102714,2025-04-05,0,0,False,False,19101.29999999999,Current,DEBT_CONSOLIDATION
LN-504399,CUST-102836,2025-04-05,0,0,False,False,26214.39,Current,DEBT_CONSOLIDATION
LN-504400,CUST-103646,2025-04-05,0,0,False,False,15867.670000000002,Current,DEBT_CONSOLIDATION
LN-504401,CUST-100383,2025-04-05,0,0,False,False,27630.817499999997,Current,DEBT_CONSOLIDATION
LN-504402,CUST-100270,2025-04-05,0,0,False,False,7488.154999999996,Current,DEBT_CONSOLIDATION
LN-504403,CUST-105262,2025-04-05,0,0,False,False,17324.152500000004,Current,DEBT_CONSOLIDATION
LN-504404,CUST-105691,2025-04-05,0,0,False,False,47219.86999999997,Current,DEBT_CONSOLIDATION
LN-504405,CUST-106014,2025-04-05,0,0,False,False,15257.220000000012,Current,DEBT_CONSOLIDATION
LN-504406,CUST-105031,2025-04-05,3,81,False,False,110326.03,60-89,DEBT_CONSOLIDATION
LN-504407,CUST-100258,2025-04-05,0,0,False,False,29015.829999999994,Current,DEBT_CONSOLIDATION
LN-504408,CUST-106158,2025-04-05,0,0,False,False,14663.41,Current,DEBT_CONSOLIDATION
LN-504411,CUST-104073,2025-04-05,0,0,False,False,6723.99,Current,DEBT_CONSOLIDATION
LN-504412,CUST-101881,2025-04-05,0,0,False,False,38700.689999999995,Current,DEBT_CONSOLIDATION
LN-504413,CUST-105053,2025-04-05,1,16,False,False,92334.94,1-29,DEBT_CONSOLIDATION
LN-504414,CUST-101863,2025-04-05,0,0,False,False,18462.959999999995,Current,DEBT_CONSOLIDATION
LN-504416,CUST-102953,2025-04-05,0,0,False,False,4719.399999999997,Current,DEBT_CONSOLIDATION
LN-504417,CUST-106450,2025-04-05,0,0,False,False,14207.830000000002,Current,DEBT_CONSOLIDATION
LN-504420,CUST-101783,2025-04-05,0,0,False,False,9303.090000000002,Current,DEBT_CONSOLIDATION
LN-504421,CUST-102275,2025-04-05,0,0,False,False,26064.27500000001,Current,DEBT_CONSOLIDATION
LN-504422,CUST-103396,2025-04-05,0,0,False,False,14906.154999999997,Current,DEBT_CONSOLIDATION
LN-504423,CUST-105092,2025-04-05,0,0,True,False,528289.3749999998,Current,DEBT_CONSOLIDATION
LN-504424,CUST-107494,2025-04-05,0,0,False,False,8959.3275,Current,DEBT_CONSOLIDATION
LN-504425,CUST-105756,2025-04-05,0,0,False,False,5929.740000000003,Current,DEBT_CONSOLIDATION
LN-504426,CUST-102713,2025-04-05,0,0,False,False,13412.952500000003,Current,DEBT_CONSOLIDATION
LN-504427,CUST-104947,2025-04-05,0,0,False,False,6360.584999999997,Current,DEBT_CONSOLIDATION
LN-504428,CUST-103080,2025-04-05,0,0,False,False,12789.775,Current,DEBT_CONSOLIDATION
LN-504429,CUST-103094,2025-04-05,0,0,False,False,12544.440000000002,Current,DEBT_CONSOLIDATION
LN-504430,CUST-106124,2025-04-05,0,0,False,False,325613.37499999977,Current,DEBT_CONSOLIDATION
LN-504431,CUST-103908,2025-04-05,0,0,False,False,12098.339999999997,Current,DEBT_CONSOLIDATION
LN-504434,CUST-100818,2025-04-05,0,0,False,False,47253.05750000003,Current,DEBT_CONSOLIDATION
LN-504436,CUST-103355,2025-04-05,0,0,False,False,46718.95250000001,Current,DEBT_CONSOLIDATION
LN-504437,CUST-103073,2025-04-05,0,0,False,False,13416.905000000006,Current,DEBT_CONSOLIDATION
LN-504438,CUST-104255,2025-04-05,0,0,False,False,1702.142500000001,Current,DEBT_CONSOLIDATION
LN-504439,CUST-107678,2025-04-05,0,0,False,False,32858.74999999999,Current,DEBT_CONSOLIDATION
LN-504441,CUST-106317,2025-04-05,0,0,False,False,31996.67,Current,DEBT_CONSOLIDATION
LN-504442,CUST-105375,2025-04-05,0,0,False,False,109366.79749999999,Current,DEBT_CONSOLIDATION
LN-504443,CUST-107776,2025-04-05,0,0,False,False,18484.13499999998,Current,DEBT_CONSOLIDATION
LN-504444,CUST-104954,2025-04-05,0,0,False,False,13880.8575,Current,DEBT_CONSOLIDATION
LN-504445,CUST-104135,2025-04-05,0,0,False,False,104058.86750000001,Current,DEBT_CONSOLIDATION
LN-504446,CUST-101218,2025-04-05,0,0,False,False,21140.93999999999,Current,DEBT_CONSOLIDATION
LN-504448,CUST-107831,2025-04-05,1,4,False,False,27724.850000000006,1-29,DEBT_CONSOLIDATION
LN-504449,CUST-102909,2025-04-05,0,0,False,False,376774.4525000001,Current,DEBT_CONSOLIDATION
LN-504450,CUST-105165,2025-04-05,0,0,False,False,126439.52250000004,Current,DEBT_CONSOLIDATION
LN-504451,CUST-104427,2025-04-05,0,0,False,False,30695.069999999992,Current,DEBT_CONSOLIDATION
LN-504453,CUST-102693,2025-04-05,0,0,False,False,31357.439999999995,Current,DEBT_CONSOLIDATION
LN-504454,CUST-104950,2025-04-05,0,0,False,False,40070.1175,Current,DEBT_CONSOLIDATION
LN-504455,CUST-105491,2025-04-05,0,0,False,False,26453.14999999999,Current,DEBT_CONSOLIDATION
LN-504456,CUST-103014,2025-04-05,0,0,False,False,31883.532499999994,Current,DEBT_CONSOLIDATION
LN-504457,CUST-104552,2025-04-05,0,0,False,False,47827.56499999999,Current,DEBT_CONSOLIDATION
LN-504459,CUST-106695,2025-04-05,0,0,False,False,92727.29,Current,DEBT_CONSOLIDATION
LN-504460,CUST-101714,2025-04-05,0,0,False,False,16957.895,Current,DEBT_CONSOLIDATION
LN-504461,CUST-100101,2025-04-05,0,0,False,False,79638.6475,Current,DEBT_CONSOLIDATION
LN-504463,CUST-103491,2025-04-05,0,0,False,False,624194.12,Current,DEBT_CONSOLIDATION
LN-504464,CUST-105947,2025-04-05,3,90,False,False,21257.440000000002,60-89,DEBT_CONSOLIDATION
LN-504465,CUST-100778,2025-04-05,0,0,False,False,1248.7200000000007,Current,DEBT_CONSOLIDATION
LN-504466,CUST-101725,2025-04-05,0,0,False,False,2767.3600000000006,Current,DEBT_CONSOLIDATION
LN-504467,CUST-102442,2025-04-05,0,0,False,False,13821.030000000002,Current,DEBT_CONSOLIDATION
LN-504468,CUST-101523,2025-04-05,4,147,False,False,44324.19000000002,90+,DEBT_CONSOLIDATION
LN-504469,CUST-107196,2025-04-05,0,0,False,False,637140.325,Current,DEBT_CONSOLIDATION
LN-504470,CUST-104711,2025-04-05,0,0,False,False,12150.965,Current,DEBT_CONSOLIDATION
LN-504471,CUST-102585,2025-04-05,0,0,False,False,133000.55999999994,Current,DEBT_CONSOLIDATION
LN-504472,CUST-102609,2025-04-05,0,0,False,False,45313.51000000003,Current,DEBT_CONSOLIDATION
LN-504474,CUST-106933,2025-04-05,0,0,False,False,23841.915,Current,DEBT_CONSOLIDATION
LN-504475,CUST-102769,2025-04-05,0,0,False,False,16481.152500000004,Current,DEBT_CONSOLIDATION
LN-504476,CUST-105116,2025-04-05,0,0,False,False,48606.82499999998,Current,DEBT_CONSOLIDATION
LN-504477,CUST-105367,2025-04-05,0,0,False,False,16280.375000000004,Current,DEBT_CONSOLIDATION
LN-504478,CUST-100073,2025-04-05,0,0,False,False,17082.869999999984,Current,DEBT_CONSOLIDATION
LN-504480,CUST-107497,2025-04-05,0,0,False,False,19207.98,Current,DEBT_CONSOLIDATION
LN-504481,CUST-107515,2025-04-05,0,0,False,False,30471.639999999967,Current,DEBT_CONSOLIDATION
LN-504482,CUST-104912,2025-04-05,0,0,False,False,11269.009999999995,Current,DEBT_CONSOLIDATION
LN-504485,CUST-101444,2025-04-05,0,0,False,False,9097.782500000003,Current,DEBT_CONSOLIDATION
LN-504487,CUST-104452,2025-04-05,0,0,False,False,26745.132499999996,Current,DEBT_CONSOLIDATION
LN-504488,CUST-106765,2025-04-05,0,0,False,False,47678.84500000003,Current,DEBT_CONSOLIDATION
LN-504490,CUST-100205,2025-04-05,0,0,False,False,17733.85999999999,Current,DEBT_CONSOLIDATION
LN-504491,CUST-107035,2025-04-05,0,0,False,False,19459.41,Current,DEBT_CONSOLIDATION
LN-504493,CUST-100702,2025-04-05,0,0,False,False,24070.01000000002,Current,DEBT_CONSOLIDATION
LN-504494,CUST-100585,2025-04-05,1,14,False,False,29632.76999999999,1-29,DEBT_CONSOLIDATION
LN-504495,CUST-104212,2025-04-05,0,0,False,False,2241.13,Current,DEBT_CONSOLIDATION
LN-504496,CUST-100221,2025-04-05,0,0,False,False,15209.574999999997,Current,DEBT_CONSOLIDATION
LN-504497,CUST-104446,2025-04-05,0,0,False,False,23312.785,Current,DEBT_CONSOLIDATION
LN-504498,CUST-103847,2025-04-05,0,0,False,False,3074.385,Current,DEBT_CONSOLIDATION
LN-504500,CUST-106953,2025-04-05,0,0,False,False,538647.97,Current,DEBT_CONSOLIDATION
LN-504501,CUST-104762,2025-04-05,0,0,False,False,59373.66,Current,DEBT_CONSOLIDATION
LN-504502,CUST-102089,2025-04-05,0,0,False,False,3707.5824999999986,Current,DEBT_CONSOLIDATION
LN-504503,CUST-102963,2025-04-05,0,0,False,False,31026.73,Current,DEBT_CONSOLIDATION
LN-504504,CUST-103915,2025-04-05,0,0,False,False,18011.215000000004,Current,DEBT_CONSOLIDATION
LN-504505,CUST-105178,2025-04-05,0,0,False,False,8531.434999999996,Current,DEBT_CONSOLIDATION
LN-504506,CUST-100199,2025-04-05,0,0,False,False,67799.25,Current,DEBT_CONSOLIDATION
LN-504507,CUST-101087,2025-04-05,0,0,False,False,27464.87250000001,Current,DEBT_CONSOLIDATION
LN-504508,CUST-105548,2025-04-05,0,0,False,False,23105.425,Current,DEBT_CONSOLIDATION
LN-504509,CUST-100221,2025-04-05,1,27,False,False,3417.6324999999993,1-29,DEBT_CONSOLIDATION
LN-504510,CUST-107077,2025-04-05,0,0,False,False,18055.22000000001,Current,DEBT_CONSOLIDATION
LN-504511,CUST-102039,2025-04-05,0,0,False,False,7560.685000000005,Current,DEBT_CONSOLIDATION
LN-504514,CUST-101790,2025-04-05,0,0,False,False,6786.369999999997,Current,DEBT_CONSOLIDATION
LN-504515,CUST-100731,2025-04-05,0,0,False,False,49860.36,Current,DEBT_CONSOLIDATION
LN-504517,CUST-107909,2025-04-05,0,0,False,False,5370.420000000004,Current,DEBT_CONSOLIDATION
LN-504518,CUST-102997,2025-04-05,0,0,False,False,24241.18,Current,DEBT_CONSOLIDATION
LN-504520,CUST-104474,2025-04-05,0,0,False,False,30168.270000000004,Current,DEBT_CONSOLIDATION
LN-504521,CUST-102461,2025-04-05,0,0,False,False,6822.459999999999,Current,DEBT_CONSOLIDATION
LN-504522,CUST-106286,2025-04-05,0,0,False,False,12229.319999999992,Current,DEBT_CONSOLIDATION
LN-504524,CUST-104353,2025-04-05,0,0,False,False,9850.1925,Current,DEBT_CONSOLIDATION
LN-504525,CUST-105880,2025-04-05,0,0,False,False,254159.09,Current,DEBT_CONSOLIDATION
LN-504526,CUST-101134,2025-04-05,0,0,False,False,28634.12,Current,DEBT_CONSOLIDATION
LN-504527,CUST-102339,2025-04-05,0,0,False,False,52758.64,Current,DEBT_CONSOLIDATION
LN-504528,CUST-103765,2025-04-05,0,0,False,False,8839.0625,Current,DEBT_CONSOLIDATION
LN-504529,CUST-101949,2025-04-05,0,0,False,False,26916.21999999999,Current,DEBT_CONSOLIDATION
LN-504530,CUST-102116,2025-04-05,0,0,False,False,10218.470000000005,Current,DEBT_CONSOLIDATION
LN-504531,CUST-107277,2025-04-05,0,0,False,False,17807.212500000005,Current,DEBT_CONSOLIDATION
LN-504532,CUST-100773,2025-04-05,0,0,False,False,20754.250000000004,Current,DEBT_CONSOLIDATION
LN-504533,CUST-103435,2025-04-05,0,0,False,False,47202.52,Current,DEBT_CONSOLIDATION
LN-504534,CUST-106731,2025-04-05,0,0,False,False,30090.505000000005,Current,DEBT_CONSOLIDATION
LN-504535,CUST-101062,2025-04-05,0,0,False,False,141998.33,Current,DEBT_CONSOLIDATION
LN-504536,CUST-104225,2025-04-05,0,0,False,False,18369.440000000006,Current,DEBT_CONSOLIDATION
LN-504537,CUST-104527,2025-04-05,0,0,False,False,88927.61,Current,DEBT_CONSOLIDATION
LN-504538,CUST-105732,2025-04-05,0,0,False,False,49307.26,Current,DEBT_CONSOLIDATION
LN-504540,CUST-107112,2025-04-05,0,0,False,False,23535.390000000007,Current,DEBT_CONSOLIDATION
LN-504541,CUST-106445,2025-04-05,0,0,False,False,11606.559999999996,Current,DEBT_CONSOLIDATION
LN-504542,CUST-106589,2025-04-05,0,0,False,False,19658.82,Current,DEBT_CONSOLIDATION
LN-504543,CUST-107130,2025-04-05,0,0,False,False,32272.545,Current,DEBT_CONSOLIDATION
LN-504544,CUST-102842,2025-04-05,0,0,False,False,2264.8975000000005,Current,DEBT_CONSOLIDATION
LN-504545,CUST-101773,2025-04-05,0,0,False,False,17769.242500000008,Current,DEBT_CONSOLIDATION
LN-504546,CUST-106498,2025-04-05,0,0,False,False,13445.009999999998,Current,DEBT_CONSOLIDATION
LN-504547,CUST-102083,2025-04-05,0,0,False,False,11875.4075,Current,DEBT_CONSOLIDATION
LN-504548,CUST-102520,2025-04-05,1,28,False,False,17516.407499999998,1-29,DEBT_CONSOLIDATION
LN-504550,CUST-100512,2025-04-05,0,0,False,False,14658.650000000001,Current,DEBT_CONSOLIDATION
LN-504551,CUST-104151,2025-04-05,0,0,False,False,34510.24499999999,Current,DEBT_CONSOLIDATION
LN-504552,CUST-105025,2025-04-05,0,0,False,False,24889.655000000006,Current,DEBT_CONSOLIDATION
LN-504553,CUST-104223,2025-04-05,0,0,False,False,36810.745,Current,DEBT_CONSOLIDATION
LN-504554,CUST-105881,2025-04-05,0,0,False,False,31767.359999999993,Current,DEBT_CONSOLIDATION
LN-504556,CUST-101592,2025-04-05,0,0,False,False,62824.73,Current,DEBT_CONSOLIDATION
LN-504559,CUST-101733,2025-04-05,0,0,False,False,23774.55,Current,DEBT_CONSOLIDATION
LN-504560,CUST-106676,2025-04-05,0,0,False,False,26745.420000000006,Current,DEBT_CONSOLIDATION
LN-504561,CUST-101606,2025-04-05,0,0,False,False,17525.804999999982,Current,DEBT_CONSOLIDATION
LN-504562,CUST-106720,2025-04-05,0,0,False,False,416850.87749999994,Current,DEBT_CONSOLIDATION
LN-504563,CUST-101219,2025-04-05,0,0,False,False,16063.382500000003,Current,DEBT_CONSOLIDATION
LN-504564,CUST-104935,2025-04-05,0,0,False,False,80979.50000000004,Current,DEBT_CONSOLIDATION
LN-504565,CUST-105071,2025-04-05,3,69,False,False,3923.3950000000004,60-89,DEBT_CONSOLIDATION
LN-504566,CUST-100725,2025-04-05,0,0,False,False,2238.9850000000024,Current,DEBT_CONSOLIDATION
LN-504567,CUST-100571,2025-04-05,0,0,False,False,34436.44,Current,DEBT_CONSOLIDATION
LN-504568,CUST-107476,2025-04-05,0,0,False,False,17236.425000000007,Current,DEBT_CONSOLIDATION
LN-504569,CUST-100479,2025-04-05,0,0,False,False,26648.199999999997,Current,DEBT_CONSOLIDATION
LN-504570,CUST-106148,2025-04-05,4,109,False,False,15751.01,90+,DEBT_CONSOLIDATION
LN-504571,CUST-102496,2025-04-05,1,11,False,False,17623.05499999999,1-29,DEBT_CONSOLIDATION
LN-504572,CUST-101577,2025-04-05,0,0,False,False,18728.390000000014,Current,DEBT_CONSOLIDATION
LN-504574,CUST-106323,2025-04-05,0,0,False,False,1867.2400000000016,Current,DEBT_CONSOLIDATION
LN-504576,CUST-100795,2025-04-05,0,0,False,False,1450.28,Current,DEBT_CONSOLIDATION
LN-504577,CUST-104066,2025-04-05,0,0,False,False,28176.719999999994,Current,DEBT_CONSOLIDATION
LN-504578,CUST-101877,2025-04-05,0,0,False,False,20381.329999999994,Current,DEBT_CONSOLIDATION
LN-504579,CUST-103904,2025-04-05,0,0,False,False,31932.00500000001,Current,DEBT_CONSOLIDATION
LN-504580,CUST-106660,2025-04-05,0,0,False,False,19158.430000000008,Current,DEBT_CONSOLIDATION
LN-504581,CUST-104282,2025-04-05,0,0,False,False,43058.15000000002,Current,DEBT_CONSOLIDATION
LN-504582,CUST-107356,2025-04-05,0,0,False,False,18785.629999999997,Current,DEBT_CONSOLIDATION
LN-504583,CUST-106863,2025-04-05,0,0,False,False,15459.744999999988,Current,DEBT_CONSOLIDATION
LN-504585,CUST-104520,2025-04-05,0,0,False,False,16436.549999999992,Current,DEBT_CONSOLIDATION
LN-504586,CUST-101453,2025-04-05,0,0,False,False,28831.0375,Current,DEBT_CONSOLIDATION
LN-504587,CUST-105888,2025-04-05,0,0,False,False,42500.01000000002,Current,DEBT_CONSOLIDATION
LN-504588,CUST-103206,2025-04-05,0,0,False,False,12528.340000000004,Current,DEBT_CONSOLIDATION
LN-504589,CUST-105500,2025-04-05,0,0,False,False,26240.660000000007,Current,DEBT_CONSOLIDATION
LN-504590,CUST-107897,2025-04-05,4,116,False,False,15471.570000000003,90+,DEBT_CONSOLIDATION
LN-504592,CUST-105290,2025-04-05,0,0,False,False,14599.095000000001,Current,DEBT_CONSOLIDATION
LN-504593,CUST-101003,2025-04-05,0,0,False,False,65090.43999999996,Current,DEBT_CONSOLIDATION
LN-504594,CUST-103698,2025-04-05,0,0,False,False,21892.210000000014,Current,DEBT_CONSOLIDATION
LN-504595,CUST-100717,2025-04-05,0,0,False,False,112857.65000000001,Current,DEBT_CONSOLIDATION
LN-504596,CUST-106507,2025-04-05,0,0,False,False,1684.8700000000008,Current,DEBT_CONSOLIDATION
LN-504597,CUST-103582,2025-04-05,0,0,False,False,46967.020000000026,Current,DEBT_CONSOLIDATION
LN-504598,CUST-104433,2025-04-05,0,0,False,False,19567.8975,Current,DEBT_CONSOLIDATION
LN-504600,CUST-104760,2025-04-05,1,15,False,False,129926.30249999999,1-29,DEBT_CONSOLIDATION
LN-504601,CUST-101918,2025-04-05,0,0,False,False,30594.999999999993,Current,DEBT_CONSOLIDATION
LN-504603,CUST-106353,2025-04-05,0,0,False,False,26407.45,Current,DEBT_CONSOLIDATION
LN-504604,CUST-103468,2025-04-05,0,0,False,False,51116.82,Current,DEBT_CONSOLIDATION
LN-504605,CUST-106327,2025-04-05,0,0,False,False,32792.590000000004,Current,DEBT_CONSOLIDATION
LN-504606,CUST-103956,2025-04-05,0,0,False,False,39910.26250000004,Current,DEBT_CONSOLIDATION
LN-504607,CUST-105705,2025-04-05,0,0,False,False,28967.209999999985,Current,DEBT_CONSOLIDATION
LN-504608,CUST-106131,2025-04-05,0,0,False,False,48346.19999999999,Current,DEBT_CONSOLIDATION
LN-504609,CUST-107083,2025-04-05,0,0,False,False,48535.79,Current,DEBT_CONSOLIDATION
LN-504611,CUST-101763,2025-04-05,0,0,False,False,27374.339999999997,Current,DEBT_CONSOLIDATION
LN-504612,CUST-107658,2025-04-05,0,0,False,False,23302.30250000001,Current,DEBT_CONSOLIDATION
LN-504613,CUST-100389,2025-04-05,0,0,False,False,33417.175,Current,DEBT_CONSOLIDATION
LN-504614,CUST-107338,2025-04-05,0,0,False,False,24850.895000000008,Current,DEBT_CONSOLIDATION
LN-504615,CUST-102588,2025-04-05,0,0,False,False,16212.167500000005,Current,DEBT_CONSOLIDATION
LN-504616,CUST-105862,2025-04-05,0,0,False,False,23779.029999999995,Current,DEBT_CONSOLIDATION
LN-504617,CUST-104461,2025-04-05,0,0,False,False,41544.78749999999,Current,DEBT_CONSOLIDATION
LN-504618,CUST-105761,2025-04-05,0,0,False,False,1225.4400000000003,Current,DEBT_CONSOLIDATION
LN-504619,CUST-102777,2025-04-05,0,0,False,False,509582.8225,Current,DEBT_CONSOLIDATION
LN-504620,CUST-103850,2025-04-05,0,0,False,False,15980.449999999997,Current,DEBT_CONSOLIDATION
LN-504621,CUST-105635,2025-04-05,0,0,False,False,13096.100000000002,Current,DEBT_CONSOLIDATION
LN-504622,CUST-107705,2025-04-05,0,0,False,False,8286.522500000003,Current,DEBT_CONSOLIDATION
LN-504624,CUST-104292,2025-04-05,0,0,False,False,28663.85500000001,Current,DEBT_CONSOLIDATION
LN-504625,CUST-102551,2025-04-05,0,0,False,False,1707.65,Current,DEBT_CONSOLIDATION
LN-504626,CUST-103384,2025-04-05,0,0,False,False,12213.520000000002,Current,DEBT_CONSOLIDATION
LN-504627,CUST-105159,2025-04-05,0,0,False,False,36415.140000000014,Current,DEBT_CONSOLIDATION
LN-504628,CUST-104617,2025-04-05,0,0,False,False,13305.065,Current,DEBT_CONSOLIDATION
LN-504629,CUST-102265,2025-04-05,1,19,False,False,5857.640000000003,1-29,DEBT_CONSOLIDATION
LN-504630,CUST-100942,2025-04-05,0,0,False,False,12939.249999999996,Current,DEBT_CONSOLIDATION
LN-504631,CUST-103104,2025-04-05,0,0,False,False,3174.6225,Current,DEBT_CONSOLIDATION
LN-504632,CUST-107164,2025-04-05,0,0,False,False,213492.02000000002,Current,DEBT_CONSOLIDATION
LN-504633,CUST-106980,2025-04-05,0,0,False,False,27578.97000000001,Current,DEBT_CONSOLIDATION
LN-504634,CUST-103215,2025-04-05,0,0,False,False,49518.42,Current,DEBT_CONSOLIDATION
LN-504635,CUST-104144,2025-04-05,0,0,False,False,13903.479999999996,Current,DEBT_CONSOLIDATION
LN-504636,CUST-102401,2025-04-05,0,0,False,False,31668.1475,Current,DEBT_CONSOLIDATION
LN-504637,CUST-101718,2025-04-05,0,0,False,False,10772.300000000003,Current,DEBT_CONSOLIDATION
LN-504638,CUST-101624,2025-04-05,0,0,False,False,8213.019999999999,Current,DEBT_CONSOLIDATION
LN-504640,CUST-100855,2025-04-05,0,0,False,False,25268.655000000017,Current,DEBT_CONSOLIDATION
LN-504641,CUST-101698,2025-04-05,0,0,False,False,12024.670000000006,Current,DEBT_CONSOLIDATION
LN-504645,CUST-106617,2025-04-05,0,0,False,False,19713.78249999999,Current,DEBT_CONSOLIDATION
LN-504647,CUST-104166,2025-04-05,0,0,False,False,657.885,Current,DEBT_CONSOLIDATION
LN-504648,CUST-106056,2025-04-05,0,0,False,False,38743.98,Current,DEBT_CONSOLIDATION
LN-504649,CUST-107477,2025-04-05,0,0,False,False,26936.17250000001,Current,DEBT_CONSOLIDATION
LN-504650,CUST-100551,2025-04-05,2,50,False,False,4577.0675,30-59,DEBT_CONSOLIDATION
LN-504651,CUST-102719,2025-04-05,0,0,False,False,16200.680000000013,Current,DEBT_CONSOLIDATION
LN-504652,CUST-107832,2025-04-05,0,0,False,False,47657.27,Current,DEBT_CONSOLIDATION
LN-504653,CUST-101843,2025-04-05,0,0,False,False,18153.96749999999,Current,DEBT_CONSOLIDATION
LN-504655,CUST-106584,2025-04-05,0,0,False,False,12827.719999999996,Current,DEBT_CONSOLIDATION
LN-504656,CUST-100001,2025-04-05,0,0,False,False,15263.949999999993,Current,DEBT_CONSOLIDATION
LN-504657,CUST-104331,2025-04-05,0,0,False,False,14754.627500000006,Current,DEBT_CONSOLIDATION
LN-504658,CUST-104794,2025-04-05,0,0,False,False,32515.5675,Current,DEBT_CONSOLIDATION
LN-504659,CUST-105686,2025-04-05,0,0,False,False,15248.675000000001,Current,DEBT_CONSOLIDATION
LN-504660,CUST-107178,2025-04-05,0,0,False,False,5756.479999999997,Current,DEBT_CONSOLIDATION
LN-504661,CUST-106510,2025-04-05,0,0,False,False,17848.899999999998,Current,DEBT_CONSOLIDATION
LN-504662,CUST-103071,2025-04-05,0,0,False,False,3958.535,Current,DEBT_CONSOLIDATION
LN-504663,CUST-101933,2025-04-05,0,0,False,False,18168.949999999997,Current,DEBT_CONSOLIDATION
LN-504664,CUST-107968,2025-04-05,1,15,False,False,19221.090000000007,1-29,DEBT_CONSOLIDATION
LN-504665,CUST-104024,2025-04-05,0,0,False,False,17959.34,Current,DEBT_CONSOLIDATION
LN-504666,CUST-100144,2025-04-05,0,0,False,False,13909.109999999997,Current,DEBT_CONSOLIDATION
LN-504667,CUST-102385,2025-04-05,3,62,False,False,66352.52000000002,60-89,DEBT_CONSOLIDATION
LN-504669,CUST-102228,2025-04-05,0,0,False,False,9529.385,Current,DEBT_CONSOLIDATION
LN-504670,CUST-106266,2025-04-05,0,0,False,False,39758.73999999999,Current,DEBT_CONSOLIDATION
LN-504671,CUST-107247,2025-04-05,0,0,False,False,35551.1025,Current,DEBT_CONSOLIDATION
LN-504672,CUST-103660,2025-04-05,0,0,False,False,11645.144999999999,Current,DEBT_CONSOLIDATION
LN-504673,CUST-102047,2025-04-05,1,17,False,False,13218.817499999997,1-29,DEBT_CONSOLIDATION
LN-504674,CUST-107202,2025-04-05,0,0,False,False,13074.299999999997,Current,DEBT_CONSOLIDATION
LN-504675,CUST-105158,2025-04-05,0,0,False,False,18857.71249999999,Current,DEBT_CONSOLIDATION
LN-504676,CUST-107157,2025-04-05,0,0,False,False,22084.00750000001,Current,DEBT_CONSOLIDATION
LN-504677,CUST-103142,2025-04-05,0,0,False,False,2596.7925,Current,DEBT_CONSOLIDATION
LN-504678,CUST-105126,2025-04-05,0,0,False,False,29132.93250000001,Current,DEBT_CONSOLIDATION
LN-504679,CUST-107760,2025-04-05,0,0,False,False,14725.38249999999,Current,DEBT_CONSOLIDATION
LN-504680,CUST-100867,2025-04-05,0,0,False,False,14438.404999999988,Current,DEBT_CONSOLIDATION
LN-504683,CUST-104136,2025-04-05,0,0,False,False,14140.457500000015,Current,DEBT_CONSOLIDATION
LN-504685,CUST-106081,2025-04-05,0,0,False,False,40188.06999999999,Current,DEBT_CONSOLIDATION
LN-504686,CUST-101065,2025-04-05,2,44,False,False,8167.400000000004,30-59,DEBT_CONSOLIDATION
LN-504687,CUST-102321,2025-04-05,0,0,False,False,32745.765000000003,Current,DEBT_CONSOLIDATION
LN-504688,CUST-104605,2025-04-05,0,0,False,False,18766.48,Current,DEBT_CONSOLIDATION
LN-504690,CUST-107665,2025-04-05,0,0,False,False,26896.0975,Current,DEBT_CONSOLIDATION
LN-504691,CUST-102605,2025-04-05,0,0,False,False,11997.260000000004,Current,DEBT_CONSOLIDATION
LN-504692,CUST-102001,2025-04-05,0,0,False,False,3544.1949999999997,Current,DEBT_CONSOLIDATION
LN-504693,CUST-103728,2025-04-05,4,121,False,False,59004.07,90+,DEBT_CONSOLIDATION
LN-504694,CUST-106492,2025-04-05,0,0,False,False,3625.9525000000012,Current,DEBT_CONSOLIDATION
LN-504695,CUST-106575,2025-04-05,0,0,False,False,53974.72,Current,DEBT_CONSOLIDATION
LN-504696,CUST-107060,2025-04-05,0,0,False,False,44598.22000000002,Current,DEBT_CONSOLIDATION
LN-504697,CUST-107874,2025-04-05,0,0,False,False,20503.559999999998,Current,DEBT_CONSOLIDATION
LN-504698,CUST-103658,2025-04-05,0,0,False,False,7060.460000000001,Current,DEBT_CONSOLIDATION
LN-504699,CUST-105464,2025-04-05,0,0,False,False,6792.469999999997,Current,DEBT_CONSOLIDATION
LN-504700,CUST-102789,2025-04-05,0,0,False,False,1983.6699999999996,Current,DEBT_CONSOLIDATION
LN-504701,CUST-105231,2025-04-05,0,0,False,False,14169.065000000002,Current,DEBT_CONSOLIDATION
LN-504704,CUST-100740,2025-04-05,0,0,False,False,12064.942499999994,Current,DEBT_CONSOLIDATION
LN-504705,CUST-102492,2025-04-05,0,0,False,False,132613.6699999999,Current,DEBT_CONSOLIDATION
LN-504706,CUST-103611,2025-04-05,0,0,False,False,46241.179999999964,Current,DEBT_CONSOLIDATION
LN-504708,CUST-107987,2025-04-05,1,28,False,False,11332.960000000001,1-29,DEBT_CONSOLIDATION
LN-504709,CUST-102994,2025-04-05,0,0,False,False,14131.370000000003,Current,DEBT_CONSOLIDATION
LN-504710,CUST-104389,2025-04-05,1,25,False,False,20025.002500000002,1-29,DEBT_CONSOLIDATION
LN-504711,CUST-105020,2025-04-05,0,0,False,False,305091.44750000024,Current,DEBT_CONSOLIDATION
LN-504712,CUST-100562,2025-04-05,0,0,False,False,43185.51750000001,Current,DEBT_CONSOLIDATION
LN-504714,CUST-107187,2025-04-05,0,0,False,False,26907.964999999986,Current,DEBT_CONSOLIDATION
LN-504715,CUST-105619,2025-04-05,0,0,False,False,10288.64999999999,Current,DEBT_CONSOLIDATION
LN-504718,CUST-101053,2025-04-05,0,0,False,False,19130.717499999988,Current,DEBT_CONSOLIDATION
LN-504719,CUST-107450,2025-04-05,0,0,False,False,37314.0625,Current,DEBT_CONSOLIDATION
LN-504721,CUST-102022,2025-04-05,0,0,False,False,101428.84,Current,DEBT_CONSOLIDATION
LN-504722,CUST-101471,2025-04-05,0,0,False,False,16577.460000000003,Current,DEBT_CONSOLIDATION
LN-504723,CUST-104553,2025-04-05,0,0,False,False,43550.09000000003,Current,DEBT_CONSOLIDATION
LN-504724,CUST-100192,2025-04-05,0,0,False,False,14433.039999999997,Current,DEBT_CONSOLIDATION
LN-504725,CUST-105093,2025-04-05,0,0,False,False,386201.5599999998,Current,DEBT_CONSOLIDATION
LN-504727,CUST-100085,2025-04-05,0,0,False,False,34713.72999999998,Current,DEBT_CONSOLIDATION
LN-504729,CUST-106152,2025-04-05,0,0,False,False,34545.66250000002,Current,DEBT_CONSOLIDATION
LN-504730,CUST-102527,2025-04-05,0,0,False,False,15948.3975,Current,DEBT_CONSOLIDATION
LN-504731,CUST-104664,2025-04-05,0,0,False,False,24811.425,Current,DEBT_CONSOLIDATION
LN-504732,CUST-102160,2025-04-05,0,0,False,False,23264.560000000005,Current,DEBT_CONSOLIDATION
LN-504733,CUST-101120,2025-04-05,0,0,True,False,6230.145,Current,DEBT_CONSOLIDATION
LN-504735,CUST-101926,2025-04-05,0,0,False,False,23717.57000000001,Current,DEBT_CONSOLIDATION
LN-504736,CUST-100968,2025-04-05,0,0,False,False,14117.250000000002,Current,DEBT_CONSOLIDATION
LN-504738,CUST-106100,2025-04-05,0,0,False,False,59539.27,Current,DEBT_CONSOLIDATION
LN-504739,CUST-103280,2025-04-05,4,91,False,False,28074.6125,90+,DEBT_CONSOLIDATION
LN-504740,CUST-106396,2025-04-05,0,0,False,False,29734.2575,Current,DEBT_CONSOLIDATION
LN-504741,CUST-107710,2025-04-05,0,0,False,False,12233.325,Current,DEBT_CONSOLIDATION
LN-504742,CUST-103072,2025-04-05,0,0,False,False,18885.8425,Current,DEBT_CONSOLIDATION
LN-504743,CUST-102554,2025-04-05,0,0,False,False,4046.860000000003,Current,DEBT_CONSOLIDATION
LN-504745,CUST-100416,2025-04-05,0,0,False,False,718.27,Current,DEBT_CONSOLIDATION
LN-504747,CUST-104052,2025-04-05,0,0,False,False,533174.1849999996,Current,DEBT_CONSOLIDATION
LN-504748,CUST-105622,2025-04-05,0,0,False,False,16255.749999999996,Current,DEBT_CONSOLIDATION
LN-504749,CUST-102865,2025-04-05,0,0,False,False,14667.107499999998,Current,DEBT_CONSOLIDATION
LN-504751,CUST-101391,2025-04-05,0,0,False,False,14080.669999999995,Current,DEBT_CONSOLIDATION
LN-504752,CUST-102943,2025-04-05,0,0,False,False,27337.302499999998,Current,DEBT_CONSOLIDATION
LN-504753,CUST-105484,2025-04-05,0,0,False,False,1873.8274999999999,Current,DEBT_CONSOLIDATION
LN-504754,CUST-107289,2025-04-05,0,0,False,False,12611.525000000005,Current,DEBT_CONSOLIDATION
LN-504755,CUST-104037,2025-04-05,0,0,False,False,28253.680000000004,Current,DEBT_CONSOLIDATION
LN-504756,CUST-101837,2025-04-05,0,0,False,False,16966.2975,Current,DEBT_CONSOLIDATION
LN-504757,CUST-101130,2025-04-05,1,12,False,False,26751.40000000001,1-29,DEBT_CONSOLIDATION
LN-504758,CUST-107025,2025-04-05,0,0,False,False,15615.47,Current,DEBT_CONSOLIDATION
LN-504759,CUST-107967,2025-04-05,0,0,False,False,66155.38499999998,Current,DEBT_CONSOLIDATION
LN-504761,CUST-103407,2025-04-05,0,0,False,False,33540.14000000001,Current,DEBT_CONSOLIDATION
LN-504762,CUST-103285,2025-04-05,0,0,False,False,32479.64499999999,Current,DEBT_CONSOLIDATION
LN-504763,CUST-106000,2025-04-05,0,0,False,False,8128.474999999996,Current,DEBT_CONSOLIDATION
LN-504764,CUST-103006,2025-04-05,0,0,False,False,2817.8850000000007,Current,DEBT_CONSOLIDATION
LN-504765,CUST-106520,2025-04-05,0,0,False,False,46529.90500000003,Current,DEBT_CONSOLIDATION
LN-504766,CUST-106050,2025-04-05,0,0,False,False,32443.875,Current,DEBT_CONSOLIDATION
LN-504767,CUST-106956,2025-04-05,0,0,False,False,24958.172500000015,Current,DEBT_CONSOLIDATION
LN-504768,CUST-107204,2025-04-05,0,0,False,False,19062.167499999996,Current,DEBT_CONSOLIDATION
LN-504769,CUST-102975,2025-04-05,0,0,False,False,902.8850000000001,Current,DEBT_CONSOLIDATION
LN-504770,CUST-104474,2025-04-05,0,0,False,False,18437.357500000006,Current,DEBT_CONSOLIDATION
LN-504771,CUST-103074,2025-04-05,0,0,False,False,7539.6925,Current,DEBT_CONSOLIDATION
LN-504772,CUST-106373,2025-04-05,0,0,True,False,4112.827499999999,Current,DEBT_CONSOLIDATION
LN-504773,CUST-103936,2025-04-05,0,0,False,False,924.8199999999999,Current,DEBT_CONSOLIDATION
LN-504774,CUST-105710,2025-04-05,0,0,False,False,25707.26000000001,Current,DEBT_CONSOLIDATION
LN-504775,CUST-107493,2025-04-05,0,0,False,False,80340.5725,Current,DEBT_CONSOLIDATION
LN-504776,CUST-101750,2025-04-05,0,0,False,False,11640.160000000002,Current,DEBT_CONSOLIDATION
LN-504777,CUST-101579,2025-04-05,2,33,False,False,21857.732500000002,30-59,DEBT_CONSOLIDATION
LN-504780,CUST-106064,2025-04-05,0,0,False,False,17790.349999999984,Current,DEBT_CONSOLIDATION
LN-504781,CUST-103927,2025-04-05,0,0,False,False,12473.19,Current,DEBT_CONSOLIDATION
LN-504782,CUST-106632,2025-04-05,0,0,False,False,520268.35,Current,DEBT_CONSOLIDATION
LN-504784,CUST-101948,2025-04-05,0,0,False,False,342193.1600000002,Current,DEBT_CONSOLIDATION
LN-504785,CUST-101130,2025-04-05,0,0,False,False,41811.52000000003,Current,DEBT_CONSOLIDATION
LN-504786,CUST-101597,2025-04-05,0,0,False,False,11119.064999999995,Current,DEBT_CONSOLIDATION
LN-504787,CUST-102812,2025-04-05,0,0,False,False,38609.024999999994,Current,DEBT_CONSOLIDATION
LN-504790,CUST-102253,2025-04-05,0,0,False,False,11686.194999999996,Current,DEBT_CONSOLIDATION
LN-504791,CUST-102192,2025-04-05,0,0,False,False,30116.304999999997,Current,DEBT_CONSOLIDATION
LN-504792,CUST-104197,2025-04-05,0,0,False,False,23703.45,Current,DEBT_CONSOLIDATION
LN-504793,CUST-103256,2025-04-05,0,0,True,False,23830.23999999999,Current,DEBT_CONSOLIDATION
LN-504794,CUST-103805,2025-04-05,1,9,False,False,52604.43,1-29,DEBT_CONSOLIDATION
LN-504795,CUST-100706,2025-04-05,0,0,False,False,16336.15999999999,Current,DEBT_CONSOLIDATION
LN-504797,CUST-103219,2025-04-05,0,0,False,False,36115.459999999985,Current,DEBT_CONSOLIDATION
LN-504799,CUST-107311,2025-04-05,0,0,False,False,61256.37000000003,Current,DEBT_CONSOLIDATION
LN-504800,CUST-107943,2025-04-05,0,0,False,False,11359.529999999992,Current,DEBT_CONSOLIDATION
LN-504801,CUST-103255,2025-04-05,0,0,False,False,24533.900000000016,Current,DEBT_CONSOLIDATION
LN-504803,CUST-107042,2025-04-05,0,0,False,False,50785.802500000005,Current,DEBT_CONSOLIDATION
LN-504804,CUST-107663,2025-04-05,0,0,False,False,8154.759999999999,Current,DEBT_CONSOLIDATION
LN-504805,CUST-105190,2025-04-05,0,0,False,False,40958.14499999998,Current,DEBT_CONSOLIDATION
LN-504806,CUST-101445,2025-04-05,0,0,False,False,50578.89249999999,Current,DEBT_CONSOLIDATION
LN-504807,CUST-100548,2025-04-05,1,14,False,False,25701.25,1-29,DEBT_CONSOLIDATION
LN-504808,CUST-100152,2025-04-05,0,0,False,False,6326.824999999992,Current,DEBT_CONSOLIDATION
LN-504810,CUST-102788,2025-04-05,0,0,False,False,27973.89,Current,DEBT_CONSOLIDATION
LN-504811,CUST-105279,2025-04-05,0,0,False,False,40245.86000000002,Current,DEBT_CONSOLIDATION
LN-504812,CUST-100104,2025-04-05,0,0,False,False,9402.229999999996,Current,DEBT_CONSOLIDATION
LN-504814,CUST-105166,2025-04-05,0,0,False,False,110086.69999999994,Current,DEBT_CONSOLIDATION
LN-504816,CUST-102611,2025-04-05,0,0,False,False,18432.82749999999,Current,DEBT_CONSOLIDATION
LN-504817,CUST-102556,2025-04-05,0,0,False,False,31440.899999999998,Current,DEBT_CONSOLIDATION
LN-504819,CUST-104647,2025-04-05,1,20,False,False,18145.63,1-29,DEBT_CONSOLIDATION
LN-504820,CUST-101867,2025-04-05,0,0,False,False,7683.629999999999,Current,DEBT_CONSOLIDATION
LN-504821,CUST-101588,2025-04-05,0,0,False,False,4990.007499999996,Current,DEBT_CONSOLIDATION
LN-504822,CUST-104772,2025-04-05,0,0,False,False,13121.549999999996,Current,DEBT_CONSOLIDATION
LN-504823,CUST-105219,2025-04-05,0,0,False,False,25009.115,Current,DEBT_CONSOLIDATION
LN-504824,CUST-102602,2025-04-05,0,0,False,False,5507.360000000001,Current,DEBT_CONSOLIDATION
LN-504825,CUST-105787,2025-04-05,0,0,False,False,27415.45,Current,DEBT_CONSOLIDATION
LN-504826,CUST-107110,2025-04-05,0,0,False,False,42150.8875,Current,DEBT_CONSOLIDATION
LN-504827,CUST-100069,2025-04-05,0,0,False,False,9409.010000000004,Current,DEBT_CONSOLIDATION
LN-504828,CUST-103867,2025-04-05,0,0,False,False,2207.9100000000008,Current,DEBT_CONSOLIDATION
LN-504829,CUST-103845,2025-04-05,0,0,False,False,12379.09,Current,DEBT_CONSOLIDATION
LN-504830,CUST-107031,2025-04-05,0,0,False,False,26156.97000000001,Current,DEBT_CONSOLIDATION
LN-504832,CUST-100225,2025-04-05,0,0,False,False,18081.440000000002,Current,DEBT_CONSOLIDATION
LN-504833,CUST-101381,2025-04-05,0,0,False,False,7049.590000000004,Current,DEBT_CONSOLIDATION
LN-504834,CUST-103408,2025-04-05,0,0,False,False,31073.35,Current,DEBT_CONSOLIDATION
LN-504835,CUST-101556,2025-04-05,0,0,False,False,40621.262500000004,Current,DEBT_CONSOLIDATION
LN-504836,CUST-104681,2025-04-05,0,0,False,False,7720.609999999997,Current,DEBT_CONSOLIDATION
LN-504837,CUST-100067,2025-04-05,1,31,False,False,2049.040000000001,1-29,DEBT_CONSOLIDATION
LN-504838,CUST-106456,2025-04-05,0,0,False,False,7821.764999999996,Current,DEBT_CONSOLIDATION
LN-504839,CUST-104219,2025-04-05,0,0,False,False,2192.5200000000023,Current,DEBT_CONSOLIDATION
LN-504840,CUST-106184,2025-04-05,0,0,False,False,16854.6,Current,DEBT_CONSOLIDATION
LN-504841,CUST-103691,2025-04-05,0,0,False,False,1642.7499999999998,Current,DEBT_CONSOLIDATION
LN-504843,CUST-101170,2025-04-05,0,0,False,False,27522.219999999987,Current,DEBT_CONSOLIDATION
LN-504844,CUST-103144,2025-04-05,0,0,False,False,12700.26000000001,Current,DEBT_CONSOLIDATION
LN-504845,CUST-103953,2025-04-05,0,0,False,False,20913.170000000016,Current,DEBT_CONSOLIDATION
LN-504846,CUST-101872,2025-04-05,0,0,False,False,14197.497499999996,Current,DEBT_CONSOLIDATION
LN-504847,CUST-106603,2025-04-05,0,0,False,False,14612.469999999994,Current,DEBT_CONSOLIDATION
LN-504848,CUST-102053,2025-04-05,0,0,False,False,19817.009999999995,Current,DEBT_CONSOLIDATION
LN-504849,CUST-107896,2025-04-05,0,0,False,False,36774.07000000005,Current,DEBT_CONSOLIDATION
LN-504850,CUST-106557,2025-04-05,0,0,False,False,19994.972499999985,Current,DEBT_CONSOLIDATION
LN-504851,CUST-103920,2025-04-05,0,0,False,False,5108.767500000002,Current,DEBT_CONSOLIDATION
LN-504852,CUST-107626,2025-04-05,1,3,False,False,26226.01999999999,1-29,DEBT_CONSOLIDATION
LN-504853,CUST-104198,2025-04-05,0,0,False,False,7573.317500000003,Current,DEBT_CONSOLIDATION
LN-504854,CUST-103909,2025-04-05,0,0,False,False,1850.61,Current,DEBT_CONSOLIDATION
LN-504855,CUST-105179,2025-04-05,0,0,False,False,11499.042499999994,Current,DEBT_CONSOLIDATION
LN-504856,CUST-107749,2025-04-05,0,0,False,False,10829.602500000003,Current,DEBT_CONSOLIDATION
LN-504858,CUST-105273,2025-04-05,0,0,False,False,16805.34,Current,DEBT_CONSOLIDATION
LN-504859,CUST-101019,2025-04-05,0,0,False,False,4660.545,Current,DEBT_CONSOLIDATION
LN-504861,CUST-107743,2025-04-05,0,0,False,False,99268.63249999999,Current,DEBT_CONSOLIDATION
LN-504862,CUST-102348,2025-04-05,0,0,False,False,471056.11999999976,Current,DEBT_CONSOLIDATION
LN-504863,CUST-103140,2025-04-05,0,0,False,False,13477.049999999996,Current,DEBT_CONSOLIDATION
LN-504864,CUST-100234,2025-04-05,0,0,False,False,20186.77999999999,Current,DEBT_CONSOLIDATION
LN-504865,CUST-106589,2025-04-05,0,0,False,False,17770.409999999996,Current,DEBT_CONSOLIDATION
LN-504866,CUST-104661,2025-04-05,0,0,False,False,25458.562499999993,Current,DEBT_CONSOLIDATION
LN-504867,CUST-104257,2025-04-05,0,0,False,False,30579.945,Current,DEBT_CONSOLIDATION
LN-504869,CUST-104845,2025-04-05,0,0,True,False,5782.619999999998,Current,DEBT_CONSOLIDATION
LN-504870,CUST-107752,2025-04-05,0,0,False,False,13741.944999999998,Current,DEBT_CONSOLIDATION
LN-504871,CUST-100211,2025-04-05,0,0,False,False,3416.447500000001,Current,DEBT_CONSOLIDATION
LN-504872,CUST-102531,2025-04-05,0,0,False,False,110687.12000000004,Current,DEBT_CONSOLIDATION
LN-504873,CUST-103438,2025-04-05,0,0,False,False,12623.637499999999,Current,DEBT_CONSOLIDATION
LN-504874,CUST-105050,2025-04-05,0,0,False,False,23888.27,Current,DEBT_CONSOLIDATION
LN-504875,CUST-105105,2025-04-05,0,0,False,False,46291.315,Current,DEBT_CONSOLIDATION
LN-504876,CUST-105939,2025-04-05,0,0,False,False,11928.44,Current,DEBT_CONSOLIDATION
LN-504877,CUST-102786,2025-04-05,0,0,False,False,11751.757499999996,Current,DEBT_CONSOLIDATION
LN-504878,CUST-105900,2025-04-05,0,0,False,False,8116.924999999999,Current,DEBT_CONSOLIDATION
LN-504879,CUST-104536,2025-04-05,0,0,False,False,28457.79,Current,DEBT_CONSOLIDATION
LN-504880,CUST-104619,2025-04-05,0,0,False,False,28859.36,Current,DEBT_CONSOLIDATION
LN-504882,CUST-101399,2025-04-05,0,0,False,False,19548.04,Current,DEBT_CONSOLIDATION
LN-504885,CUST-104152,2025-04-05,0,0,False,False,139834.37,Current,DEBT_CONSOLIDATION
LN-504887,CUST-105737,2025-04-05,0,0,False,False,20385.66999999999,Current,DEBT_CONSOLIDATION
LN-504888,CUST-103379,2025-04-05,0,0,False,False,31995.892500000024,Current,DEBT_CONSOLIDATION
LN-504889,CUST-100351,2025-04-05,0,0,False,False,20345.830000000013,Current,DEBT_CONSOLIDATION
LN-504891,CUST-107156,2025-04-05,0,0,False,False,14913.932500000006,Current,DEBT_CONSOLIDATION
LN-504892,CUST-104320,2025-04-05,1,12,False,False,23953.74,1-29,DEBT_CONSOLIDATION
LN-504893,CUST-105322,2025-04-05,0,0,False,False,34006.29,Current,DEBT_CONSOLIDATION
LN-504895,CUST-107823,2025-04-05,0,0,False,False,17784.112500000007,Current,DEBT_CONSOLIDATION
LN-504897,CUST-105763,2025-04-05,0,0,False,False,385880.35750000004,Current,DEBT_CONSOLIDATION
LN-504898,CUST-105421,2025-04-05,0,0,False,False,32510.85,Current,DEBT_CONSOLIDATION
LN-504899,CUST-107607,2025-04-05,0,0,False,False,39526.90250000003,Current,DEBT_CONSOLIDATION
LN-504900,CUST-104757,2025-04-05,0,0,True,False,17654.172499999993,Current,DEBT_CONSOLIDATION
LN-504901,CUST-107144,2025-04-05,0,0,False,False,25408.360000000004,Current,DEBT_CONSOLIDATION
LN-504902,CUST-102423,2025-04-05,0,0,False,False,15224.619999999995,Current,DEBT_CONSOLIDATION
LN-504903,CUST-102879,2025-04-05,0,0,False,False,7632.044999999996,Current,DEBT_CONSOLIDATION
LN-504905,CUST-101046,2025-04-05,0,0,False,False,51584.645000000004,Current,DEBT_CONSOLIDATION
LN-504906,CUST-107996,2025-04-05,4,118,False,False,14601.919999999998,90+,DEBT_CONSOLIDATION
LN-504907,CUST-105629,2025-04-05,0,0,False,False,26774.09,Current,DEBT_CONSOLIDATION
LN-504908,CUST-100520,2025-04-05,0,0,False,False,12549.749999999996,Current,DEBT_CONSOLIDATION
LN-504909,CUST-105918,2025-04-05,0,0,False,False,53942.49,Current,DEBT_CONSOLIDATION
LN-504910,CUST-104822,2025-04-05,0,0,False,False,32624.579999999987,Current,DEBT_CONSOLIDATION
LN-504911,CUST-105184,2025-04-05,0,0,False,False,4957.25,Current,DEBT_CONSOLIDATION
LN-504912,CUST-103744,2025-04-05,0,0,False,False,4414.489999999999,Current,DEBT_CONSOLIDATION
LN-504913,CUST-101799,2025-04-05,0,0,False,False,9238.889999999996,Current,DEBT_CONSOLIDATION
LN-504914,CUST-101916,2025-04-05,0,0,False,False,8066.335000000007,Current,DEBT_CONSOLIDATION
LN-504916,CUST-106883,2025-04-05,0,0,False,False,23402.775000000012,Current,DEBT_CONSOLIDATION
LN-504917,CUST-104167,2025-04-05,4,95,False,False,5567.6624999999985,90+,DEBT_CONSOLIDATION
LN-504918,CUST-102400,2025-04-05,0,0,False,False,69992.02500000001,Current,DEBT_CONSOLIDATION
LN-504919,CUST-106739,2025-04-05,0,0,False,False,34105.63,Current,DEBT_CONSOLIDATION
LN-504920,CUST-100887,2025-04-05,0,0,False,False,12098.58,Current,DEBT_CONSOLIDATION
LN-504923,CUST-106365,2025-04-05,0,0,False,False,19490.01000000002,Current,DEBT_CONSOLIDATION
LN-504924,CUST-105471,2025-04-05,0,0,False,False,8740.89000000001,Current,DEBT_CONSOLIDATION
LN-504925,CUST-107047,2025-04-05,0,0,False,False,46692.615000000005,Current,DEBT_CONSOLIDATION
LN-504926,CUST-102139,2025-04-05,0,0,False,False,1949.7000000000003,Current,DEBT_CONSOLIDATION
LN-504927,CUST-102961,2025-04-05,0,0,False,False,28756.125,Current,DEBT_CONSOLIDATION
LN-504928,CUST-101997,2025-04-05,0,0,False,False,16431.56750000001,Current,DEBT_CONSOLIDATION
LN-504929,CUST-104453,2025-04-05,1,18,False,False,7381.580000000002,1-29,DEBT_CONSOLIDATION
LN-504930,CUST-100167,2025-04-05,0,0,False,False,7039.197500000002,Current,DEBT_CONSOLIDATION
LN-504932,CUST-106872,2025-04-05,0,0,False,False,21905.342500000002,Current,DEBT_CONSOLIDATION
LN-504933,CUST-102477,2025-04-05,0,0,False,False,13902.799999999992,Current,DEBT_CONSOLIDATION
LN-504934,CUST-107593,2025-04-05,0,0,False,False,22238.539999999994,Current,DEBT_CONSOLIDATION
LN-504935,CUST-102847,2025-04-05,0,0,False,False,13231.505,Current,DEBT_CONSOLIDATION
LN-504936,CUST-104315,2025-04-05,0,0,False,False,26530.657499999998,Current,DEBT_CONSOLIDATION
LN-504937,CUST-105511,2025-04-05,0,0,False,False,19578.060000000005,Current,DEBT_CONSOLIDATION
LN-504938,CUST-106726,2025-04-05,0,0,False,False,12788.839999999998,Current,DEBT_CONSOLIDATION
LN-504939,CUST-106738,2025-04-05,0,0,False,False,42294.10999999999,Current,DEBT_CONSOLIDATION
LN-504941,CUST-101831,2025-04-05,0,0,False,False,26244.34,Current,DEBT_CONSOLIDATION
LN-504942,CUST-101414,2025-04-05,0,0,False,False,38143.820000000014,Current,DEBT_CONSOLIDATION
LN-504943,CUST-102667,2025-04-05,0,0,False,False,33252.29,Current,DEBT_CONSOLIDATION
LN-504944,CUST-107132,2025-04-05,0,0,False,False,7333.6100000000015,Current,DEBT_CONSOLIDATION
LN-504947,CUST-104078,2025-04-05,0,0,False,False,15261.347499999989,Current,DEBT_CONSOLIDATION
LN-504948,CUST-106272,2025-04-05,0,0,False,False,50014.219999999994,Current,DEBT_CONSOLIDATION
LN-504949,CUST-105556,2025-04-05,0,0,False,False,9199.540000000003,Current,DEBT_CONSOLIDATION
LN-504950,CUST-105343,2025-04-05,0,0,False,False,53082.475000000006,Current,DEBT_CONSOLIDATION
LN-504952,CUST-107201,2025-04-05,0,0,False,False,26181.985000000015,Current,DEBT_CONSOLIDATION
LN-504953,CUST-106571,2025-04-05,0,0,False,False,5448.260000000001,Current,DEBT_CONSOLIDATION
LN-504954,CUST-107298,2025-04-05,0,0,False,False,33860.565,Current,DEBT_CONSOLIDATION
LN-504955,CUST-101983,2025-04-05,0,0,False,False,12171.395000000011,Current,DEBT_CONSOLIDATION
LN-504956,CUST-101145,2025-04-05,0,0,False,False,6731.097499999998,Current,DEBT_CONSOLIDATION
LN-504957,CUST-105789,2025-04-05,0,0,False,False,905.9199999999998,Current,DEBT_CONSOLIDATION
LN-504958,CUST-100704,2025-04-05,1,25,False,False,20469.72750000001,1-29,DEBT_CONSOLIDATION
LN-504959,CUST-104922,2025-04-05,0,0,False,False,21090.730000000007,Current,DEBT_CONSOLIDATION
LN-504960,CUST-107437,2025-04-05,0,0,False,False,18189.262499999983,Current,DEBT_CONSOLIDATION
LN-504961,CUST-107155,2025-04-05,0,0,False,False,12890.409999999989,Current,DEBT_CONSOLIDATION
LN-504962,CUST-105551,2025-04-05,0,0,False,False,13454.187499999998,Current,DEBT_CONSOLIDATION
LN-504963,CUST-105470,2025-04-05,0,0,False,False,66625.84,Current,DEBT_CONSOLIDATION
LN-504964,CUST-105639,2025-04-05,0,0,False,False,47997.549999999996,Current,DEBT_CONSOLIDATION
LN-504965,CUST-105877,2025-04-05,0,0,False,False,26375.30999999999,Current,DEBT_CONSOLIDATION
LN-504967,CUST-101242,2025-04-05,0,0,False,False,38242.01000000002,Current,DEBT_CONSOLIDATION
LN-504968,CUST-103396,2025-04-05,0,0,False,False,9931.044999999995,Current,DEBT_CONSOLIDATION
LN-504969,CUST-106746,2025-04-05,0,0,False,False,25299.0225,Current,DEBT_CONSOLIDATION
LN-504970,CUST-106136,2025-04-05,0,0,False,False,14002.145000000008,Current,DEBT_CONSOLIDATION
LN-504971,CUST-103440,2025-04-05,0,0,False,False,39635.025000000016,Current,DEBT_CONSOLIDATION
LN-504972,CUST-102260,2025-04-05,0,0,False,False,23343.46,Current,DEBT_CONSOLIDATION
LN-504974,CUST-105140,2025-04-05,0,0,False,False,7425.115,Current,DEBT_CONSOLIDATION
LN-504975,CUST-106531,2025-04-05,0,0,False,False,16712.542499999996,Current,DEBT_CONSOLIDATION
LN-504976,CUST-104516,2025-04-05,0,0,False,False,21117.434999999998,Current,DEBT_CONSOLIDATION
LN-504978,CUST-105185,2025-04-05,0,0,False,False,10981.275000000005,Current,DEBT_CONSOLIDATION
LN-504979,CUST-100912,2025-04-05,1,20,False,False,14321.884999999998,1-29,DEBT_CONSOLIDATION
LN-504980,CUST-101256,2025-04-05,4,120,False,False,23736.59,90+,DEBT_CONSOLIDATION
LN-504981,CUST-103558,2025-04-05,0,0,False,False,7324.5999999999985,Current,DEBT_CONSOLIDATION
LN-504982,CUST-103648,2025-04-05,0,0,False,False,1931.6550000000016,Current,DEBT_CONSOLIDATION
LN-504983,CUST-104395,2025-04-05,0,0,False,False,20746.38500000001,Current,DEBT_CONSOLIDATION
LN-504984,CUST-101328,2025-04-05,0,0,False,False,20974.19,Current,DEBT_CONSOLIDATION
LN-504986,CUST-105441,2025-04-05,0,0,False,False,20362.09,Current,DEBT_CONSOLIDATION
LN-504987,CUST-104285,2025-04-05,0,0,False,False,21450.019999999986,Current,DEBT_CONSOLIDATION
LN-504988,CUST-107780,2025-04-05,0,0,False,False,8139.36,Current,DEBT_CONSOLIDATION
LN-504990,CUST-106002,2025-04-05,0,0,False,False,44694.44499999999,Current,DEBT_CONSOLIDATION
LN-504991,CUST-101452,2025-04-05,0,0,False,False,28975.140000000003,Current,DEBT_CONSOLIDATION
LN-504992,CUST-102698,2025-04-05,0,0,False,False,2388.63,Current,DEBT_CONSOLIDATION
LN-504993,CUST-107295,2025-04-05,0,0,False,False,22416.695,Current,DEBT_CONSOLIDATION
LN-504994,CUST-104931,2025-04-05,0,0,False,False,43834.66000000002,Current,DEBT_CONSOLIDATION
LN-504995,CUST-105333,2025-04-05,0,0,False,False,2595.0999999999985,Current,DEBT_CONSOLIDATION
LN-504996,CUST-100042,2025-04-05,0,0,False,False,14498.23,Current,DEBT_CONSOLIDATION
LN-504997,CUST-104585,2025-04-05,0,0,False,False,24810.4625,Current,DEBT_CONSOLIDATION
LN-504998,CUST-107913,2025-04-05,0,0,False,False,25909.74,Current,DEBT_CONSOLIDATION
LN-504999,CUST-101200,2025-04-05,0,0,False,False,13956.8175,Current,DEBT_CONSOLIDATION
LN-505000,CUST-104639,2025-04-05,0,0,False,False,4670.564999999999,Current,DEBT_CONSOLIDATION
LN-505001,CUST-104200,2025-04-05,0,0,False,False,26679.38500000001,Current,DEBT_CONSOLIDATION
LN-505003,CUST-106228,2025-04-05,0,0,False,False,48861.12499999999,Current,DEBT_CONSOLIDATION
LN-505004,CUST-102170,2025-04-05,0,0,False,False,23194.780000000002,Current,DEBT_CONSOLIDATION
LN-505005,CUST-107168,2025-04-05,0,0,False,False,24734.32,Current,DEBT_CONSOLIDATION
LN-505007,CUST-103252,2025-04-05,0,0,False,False,18631.22,Current,DEBT_CONSOLIDATION
LN-505008,CUST-105158,2025-04-05,0,0,False,False,2971.2475000000004,Current,DEBT_CONSOLIDATION
LN-505009,CUST-107907,2025-04-05,0,0,False,False,181436.38000000012,Current,DEBT_CONSOLIDATION
LN-505010,CUST-100506,2025-04-05,0,0,False,False,5840.570000000002,Current,DEBT_CONSOLIDATION
LN-505014,CUST-101232,2025-04-05,0,0,False,False,366451.6999999998,Current,DEBT_CONSOLIDATION
LN-505015,CUST-100436,2025-04-05,2,54,False,False,11761.457500000004,30-59,DEBT_CONSOLIDATION
LN-505016,CUST-102419,2025-04-05,0,0,False,False,7440.035000000001,Current,DEBT_CONSOLIDATION
LN-505017,CUST-106099,2025-04-05,4,190,False,False,21975.392499999994,90+,DEBT_CONSOLIDATION
LN-505018,CUST-106264,2025-04-05,0,0,False,False,27193.55000000001,Current,DEBT_CONSOLIDATION
LN-505019,CUST-104998,2025-04-05,0,0,False,False,20663.85,Current,DEBT_CONSOLIDATION
LN-505020,CUST-104591,2025-04-05,0,0,True,False,13645.729999999996,Current,DEBT_CONSOLIDATION
LN-505021,CUST-107894,2025-04-05,0,0,False,False,42227.68,Current,DEBT_CONSOLIDATION
LN-505023,CUST-100128,2025-04-05,0,0,False,False,32337.924999999996,Current,DEBT_CONSOLIDATION
LN-505024,CUST-102195,2025-04-05,0,0,False,False,29999.835000000017,Current,DEBT_CONSOLIDATION
LN-505025,CUST-106819,2025-04-05,0,0,False,False,34889.21000000002,Current,DEBT_CONSOLIDATION
LN-505026,CUST-101225,2025-04-05,0,0,False,False,21604.954999999998,Current,DEBT_CONSOLIDATION
LN-505027,CUST-106535,2025-04-05,0,0,True,False,8920.2075,Current,DEBT_CONSOLIDATION
LN-505028,CUST-107254,2025-04-05,0,0,False,False,14526.924999999997,Current,DEBT_CONSOLIDATION
LN-505029,CUST-107596,2025-04-05,0,0,False,False,15663.915000000005,Current,DEBT_CONSOLIDATION
LN-505030,CUST-100112,2025-04-05,0,0,False,False,451942.11,Current,DEBT_CONSOLIDATION
LN-505031,CUST-104987,2025-04-05,0,0,False,False,44345.377499999995,Current,DEBT_CONSOLIDATION
LN-505032,CUST-102910,2025-04-05,0,0,False,False,21779.242500000008,Current,DEBT_CONSOLIDATION
LN-505033,CUST-104908,2025-04-05,0,0,False,False,27513.672499999986,Current,DEBT_CONSOLIDATION
LN-505034,CUST-106097,2025-04-05,0,0,False,False,16327.749999999993,Current,DEBT_CONSOLIDATION
LN-505038,CUST-100111,2025-04-05,1,26,False,False,22238.0525,1-29,DEBT_CONSOLIDATION
LN-505040,CUST-102236,2025-04-05,0,0,False,False,12781.530000000013,Current,DEBT_CONSOLIDATION
LN-505042,CUST-102940,2025-04-05,0,0,False,False,31901.02,Current,DEBT_CONSOLIDATION
LN-505043,CUST-103929,2025-04-05,0,0,False,False,16822.05499999998,Current,DEBT_CONSOLIDATION
LN-505044,CUST-104885,2025-04-05,0,0,False,False,41817.975,Current,DEBT_CONSOLIDATION
LN-505045,CUST-102772,2025-04-05,0,0,False,False,17223.860000000008,Current,DEBT_CONSOLIDATION
LN-505046,CUST-101372,2025-04-05,0,0,False,False,1904.6649999999995,Current,DEBT_CONSOLIDATION
LN-505047,CUST-103799,2025-04-05,1,17,False,False,30062.489999999998,1-29,DEBT_CONSOLIDATION
LN-505049,CUST-100222,2025-04-05,0,0,False,False,34697.920000000006,Current,DEBT_CONSOLIDATION
LN-505050,CUST-100247,2025-04-05,1,30,False,False,45405.76499999999,1-29,DEBT_CONSOLIDATION
LN-505051,CUST-107638,2025-04-05,0,0,False,False,20621.635,Current,DEBT_CONSOLIDATION
LN-505052,CUST-105653,2025-04-05,0,0,False,False,36392.45499999998,Current,DEBT_CONSOLIDATION
LN-505053,CUST-106850,2025-04-05,0,0,False,False,9556.519999999997,Current,DEBT_CONSOLIDATION
LN-505054,CUST-103687,2025-04-05,0,0,False,False,35592.43750000003,Current,DEBT_CONSOLIDATION
LN-505055,CUST-103268,2025-04-05,0,0,False,False,8058.6849999999995,Current,DEBT_CONSOLIDATION
LN-505057,CUST-103106,2025-04-05,0,0,False,False,94911.065,Current,DEBT_CONSOLIDATION
LN-505058,CUST-100462,2025-04-05,0,0,False,False,8347.0375,Current,DEBT_CONSOLIDATION
LN-505059,CUST-106054,2025-04-05,0,0,False,False,27397.804999999997,Current,DEBT_CONSOLIDATION
LN-505061,CUST-106663,2025-04-05,0,0,False,False,350191.58749999997,Current,DEBT_CONSOLIDATION
LN-505064,CUST-102536,2025-04-05,0,0,False,False,543853.6549999999,Current,DEBT_CONSOLIDATION
LN-505066,CUST-104314,2025-04-05,0,0,False,False,7407.332499999996,Current,DEBT_CONSOLIDATION
LN-505067,CUST-104505,2025-04-05,0,0,False,False,43063.020000000004,Current,DEBT_CONSOLIDATION
LN-505069,CUST-101164,2025-04-05,0,0,False,False,12814.795000000006,Current,DEBT_CONSOLIDATION
LN-505070,CUST-101726,2025-04-05,0,0,False,False,23582.69,Current,DEBT_CONSOLIDATION
LN-505071,CUST-105805,2025-04-05,0,0,False,False,7815.120000000004,Current,DEBT_CONSOLIDATION
LN-505072,CUST-103123,2025-04-05,0,0,False,False,32023.05,Current,DEBT_CONSOLIDATION
LN-505073,CUST-103747,2025-04-05,0,0,False,False,59612.44,Current,DEBT_CONSOLIDATION
LN-505074,CUST-100292,2025-04-05,0,0,False,False,26479.465,Current,DEBT_CONSOLIDATION
LN-505075,CUST-100492,2025-04-05,0,0,False,False,4953.050000000007,Current,DEBT_CONSOLIDATION
LN-505076,CUST-106070,2025-04-05,0,0,False,False,21199.29000000002,Current,DEBT_CONSOLIDATION
LN-505077,CUST-104675,2025-04-05,0,0,False,False,16768.824999999993,Current,DEBT_CONSOLIDATION
LN-505078,CUST-101213,2025-04-05,0,0,False,False,29168.640000000003,Current,DEBT_CONSOLIDATION
LN-505079,CUST-101536,2025-04-05,0,0,False,False,276855.3674999998,Current,DEBT_CONSOLIDATION
LN-505080,CUST-100328,2025-04-05,0,0,False,False,31349.91,Current,DEBT_CONSOLIDATION
LN-505081,CUST-106166,2025-04-05,0,0,False,False,16437.180000000004,Current,DEBT_CONSOLIDATION
LN-505083,CUST-104085,2025-04-05,0,0,False,False,25117.290000000005,Current,DEBT_CONSOLIDATION
LN-505084,CUST-104047,2025-04-05,0,0,False,False,529835.1099999998,Current,DEBT_CONSOLIDATION
LN-505087,CUST-100230,2025-04-05,0,0,False,False,7044.782500000003,Current,DEBT_CONSOLIDATION
LN-505088,CUST-103298,2025-04-05,0,0,False,False,8296.510000000004,Current,DEBT_CONSOLIDATION
LN-505089,CUST-103572,2025-04-05,0,0,False,False,19318.732500000013,Current,DEBT_CONSOLIDATION
LN-505090,CUST-102829,2025-04-05,0,0,False,False,28572.840000000004,Current,DEBT_CONSOLIDATION
LN-505091,CUST-105956,2025-04-05,2,34,False,False,112233.43,30-59,DEBT_CONSOLIDATION
LN-505092,CUST-101253,2025-04-05,0,0,False,False,24226.512499999993,Current,DEBT_CONSOLIDATION
LN-505093,CUST-107209,2025-04-05,0,0,False,False,16940.989999999983,Current,DEBT_CONSOLIDATION
LN-505094,CUST-106796,2025-04-05,0,0,False,False,16490.41,Current,DEBT_CONSOLIDATION
LN-505095,CUST-103633,2025-04-05,0,0,False,False,34477.06,Current,DEBT_CONSOLIDATION
LN-505096,CUST-105170,2025-04-05,0,0,False,False,13708.78999999999,Current,DEBT_CONSOLIDATION
LN-505097,CUST-106449,2025-04-05,0,0,False,False,23012.93,Current,DEBT_CONSOLIDATION
LN-505098,CUST-105985,2025-04-05,0,0,False,False,28823.52,Current,DEBT_CONSOLIDATION
LN-505099,CUST-103130,2025-04-05,0,0,False,False,5839.509999999995,Current,DEBT_CONSOLIDATION
LN-505100,CUST-101509,2025-04-05,0,0,False,False,27702.879999999994,Current,DEBT_CONSOLIDATION
LN-505101,CUST-107570,2025-04-05,0,0,False,False,25406.27500000001,Current,DEBT_CONSOLIDATION
LN-505102,CUST-106704,2025-04-05,0,0,False,False,40031.48250000001,Current,DEBT_CONSOLIDATION
LN-505103,CUST-106585,2025-04-05,1,22,False,False,8809.220000000007,1-29,DEBT_CONSOLIDATION
LN-505104,CUST-102823,2025-04-05,0,0,False,False,7876.5825,Current,DEBT_CONSOLIDATION
LN-505106,CUST-106702,2025-04-05,0,0,False,False,19677.340000000004,Current,DEBT_CONSOLIDATION
LN-505107,CUST-106941,2025-04-05,0,0,False,False,28056.91,Current,DEBT_CONSOLIDATION
LN-505108,CUST-104023,2025-04-05,0,0,False,False,9143.029999999999,Current,DEBT_CONSOLIDATION
LN-505110,CUST-101818,2025-04-05,0,0,False,False,11939.139999999996,Current,DEBT_CONSOLIDATION
LN-505111,CUST-101865,2025-04-05,0,0,False,False,12109.37,Current,DEBT_CONSOLIDATION
LN-505112,CUST-106083,2025-04-05,0,0,False,False,16687.229999999996,Current,DEBT_CONSOLIDATION
LN-505113,CUST-104547,2025-04-05,0,0,False,False,2356.639999999998,Current,DEBT_CONSOLIDATION
LN-505115,CUST-105939,2025-04-05,0,0,False,False,29689.765000000003,Current,DEBT_CONSOLIDATION
LN-505116,CUST-103829,2025-04-05,0,0,False,False,115212.33499999999,Current,DEBT_CONSOLIDATION
LN-505117,CUST-102388,2025-04-05,0,0,False,False,3279.245,Current,DEBT_CONSOLIDATION
LN-505118,CUST-101185,2025-04-05,0,0,False,False,13562.374999999993,Current,DEBT_CONSOLIDATION
LN-505119,CUST-102731,2025-04-05,4,104,False,False,28880.790000000005,90+,DEBT_CONSOLIDATION
LN-505120,CUST-104614,2025-04-05,0,0,False,False,51774.49,Current,DEBT_CONSOLIDATION
LN-505121,CUST-104142,2025-04-05,0,0,False,False,42475.270000000026,Current,DEBT_CONSOLIDATION
LN-505122,CUST-106806,2025-04-05,0,0,False,False,4026.2749999999996,Current,DEBT_CONSOLIDATION
LN-505123,CUST-101601,2025-04-05,0,0,False,False,135142.01000000007,Current,DEBT_CONSOLIDATION
LN-505124,CUST-105479,2025-04-05,0,0,False,False,6215.534999999998,Current,DEBT_CONSOLIDATION
LN-505125,CUST-104693,2025-04-05,0,0,False,False,29692.59999999999,Current,DEBT_CONSOLIDATION
LN-505126,CUST-107616,2025-04-05,0,0,False,False,59729.39,Current,DEBT_CONSOLIDATION
LN-505127,CUST-102664,2025-04-05,0,0,False,False,40786.02,Current,DEBT_CONSOLIDATION
LN-505128,CUST-102125,2025-04-05,0,0,False,False,42817.639999999985,Current,DEBT_CONSOLIDATION
LN-505129,CUST-103250,2025-04-05,0,0,False,False,3855.4474999999984,Current,DEBT_CONSOLIDATION
LN-505130,CUST-101634,2025-04-05,0,0,False,False,23007.249999999996,Current,DEBT_CONSOLIDATION
LN-505131,CUST-107515,2025-04-05,0,0,False,False,35377.09000000004,Current,DEBT_CONSOLIDATION
LN-505133,CUST-106906,2025-04-05,0,0,False,False,101160.65999999997,Current,DEBT_CONSOLIDATION
LN-505134,CUST-103895,2025-04-05,0,0,False,False,22919.680000000004,Current,DEBT_CONSOLIDATION
LN-505135,CUST-107581,2025-04-05,0,0,False,False,3801.342499999999,Current,DEBT_CONSOLIDATION
LN-505136,CUST-103775,2025-04-05,0,0,False,False,46418.52749999999,Current,DEBT_CONSOLIDATION
LN-505137,CUST-100029,2025-04-05,0,0,False,False,3194.0499999999984,Current,DEBT_CONSOLIDATION
LN-505138,CUST-104003,2025-04-05,0,0,False,False,18618.645000000008,Current,DEBT_CONSOLIDATION
LN-505139,CUST-106916,2025-04-05,0,0,False,False,3308.8899999999994,Current,DEBT_CONSOLIDATION
LN-505140,CUST-107887,2025-04-05,0,0,False,False,16550.840000000004,Current,DEBT_CONSOLIDATION
LN-505142,CUST-105221,2025-04-05,0,0,False,False,28820.66250000002,Current,DEBT_CONSOLIDATION
LN-505143,CUST-104515,2025-04-05,0,0,False,False,23477.29999999999,Current,DEBT_CONSOLIDATION
LN-505144,CUST-101294,2025-04-05,0,0,False,False,11076.614999999994,Current,DEBT_CONSOLIDATION
LN-505145,CUST-107826,2025-04-05,0,0,False,False,51556.02500000001,Current,DEBT_CONSOLIDATION
LN-505146,CUST-106090,2025-04-05,0,0,False,False,17493.984999999997,Current,DEBT_CONSOLIDATION
LN-505147,CUST-103662,2025-04-05,0,0,False,False,613301.9099999998,Current,DEBT_CONSOLIDATION
LN-505148,CUST-104876,2025-04-05,0,0,False,False,17712.795,Current,DEBT_CONSOLIDATION
LN-505149,CUST-105141,2025-04-05,0,0,False,False,140565.33,Current,DEBT_CONSOLIDATION
LN-505150,CUST-105684,2025-04-05,0,0,False,False,31021.684999999998,Current,DEBT_CONSOLIDATION
LN-505151,CUST-107966,2025-04-05,3,72,False,False,27380.01000000001,60-89,DEBT_CONSOLIDATION
LN-505152,CUST-101605,2025-04-05,0,0,False,False,21031.885,Current,DEBT_CONSOLIDATION
LN-505153,CUST-102874,2025-04-05,0,0,False,False,118841.73,Current,DEBT_CONSOLIDATION
LN-505154,CUST-105526,2025-04-05,0,0,False,False,6926.350000000004,Current,DEBT_CONSOLIDATION
LN-505155,CUST-104136,2025-04-05,0,0,True,False,9034.3775,Current,DEBT_CONSOLIDATION
LN-505156,CUST-105946,2025-04-05,0,0,False,False,19132.280000000002,Current,DEBT_CONSOLIDATION
LN-505157,CUST-103885,2025-04-05,0,0,False,False,17412.752500000002,Current,DEBT_CONSOLIDATION
LN-505159,CUST-100055,2025-04-05,0,0,False,False,19541.0,Current,DEBT_CONSOLIDATION
LN-505160,CUST-102010,2025-04-05,0,0,False,False,10330.47,Current,DEBT_CONSOLIDATION
LN-505162,CUST-105803,2025-04-05,0,0,False,False,12976.210000000001,Current,DEBT_CONSOLIDATION
LN-505163,CUST-103426,2025-04-05,0,0,False,False,6962.449999999999,Current,DEBT_CONSOLIDATION
LN-505165,CUST-105755,2025-04-05,0,0,False,False,54964.99999999997,Current,DEBT_CONSOLIDATION
LN-505166,CUST-106372,2025-04-05,0,0,False,False,46727.350000000035,Current,DEBT_CONSOLIDATION
LN-505167,CUST-107552,2025-04-05,0,0,False,False,20468.237500000003,Current,DEBT_CONSOLIDATION
LN-505168,CUST-104388,2025-04-05,0,0,False,False,15041.875,Current,DEBT_CONSOLIDATION
LN-505169,CUST-101144,2025-04-05,0,0,False,False,15286.524999999998,Current,DEBT_CONSOLIDATION
LN-505170,CUST-101734,2025-04-05,0,0,False,False,13199.69,Current,DEBT_CONSOLIDATION
LN-505171,CUST-102355,2025-04-05,0,0,False,False,6611.939999999999,Current,DEBT_CONSOLIDATION
LN-505172,CUST-103135,2025-04-05,0,0,False,False,106100.58000000005,Current,DEBT_CONSOLIDATION
LN-505173,CUST-107694,2025-04-05,0,0,False,False,27031.125,Current,DEBT_CONSOLIDATION
LN-505174,CUST-104677,2025-04-05,2,56,False,False,6313.4200000000055,30-59,DEBT_CONSOLIDATION
LN-505175,CUST-103758,2025-04-05,0,0,False,False,15227.435000000001,Current,DEBT_CONSOLIDATION
LN-505176,CUST-104438,2025-04-05,0,0,False,False,21336.1575,Current,DEBT_CONSOLIDATION
LN-505177,CUST-104086,2025-04-05,0,0,False,False,8004.575000000004,Current,DEBT_CONSOLIDATION
LN-505178,CUST-100004,2025-04-05,0,0,False,False,38360.317500000005,Current,DEBT_CONSOLIDATION
LN-505179,CUST-101690,2025-04-05,0,0,False,False,28829.895000000008,Current,DEBT_CONSOLIDATION
LN-505181,CUST-107970,2025-04-05,0,0,False,False,24795.410000000003,Current,DEBT_CONSOLIDATION
LN-505183,CUST-106747,2025-04-05,0,0,False,False,9337.712499999998,Current,DEBT_CONSOLIDATION
LN-505184,CUST-104310,2025-04-05,0,0,False,False,39512.18,Current,DEBT_CONSOLIDATION
LN-505185,CUST-104468,2025-04-05,0,0,False,False,39120.33749999996,Current,DEBT_CONSOLIDATION
LN-505186,CUST-106172,2025-04-05,0,0,False,False,5641.27,Current,DEBT_CONSOLIDATION
LN-505187,CUST-107522,2025-04-05,0,0,False,False,34186.955,Current,DEBT_CONSOLIDATION
LN-505188,CUST-107827,2025-04-05,0,0,False,False,29574.80999999998,Current,DEBT_CONSOLIDATION
LN-505189,CUST-103432,2025-04-05,0,0,False,False,9226.32,Current,DEBT_CONSOLIDATION
LN-505190,CUST-102163,2025-04-05,1,2,False,False,54382.55000000001,1-29,DEBT_CONSOLIDATION
LN-505191,CUST-101701,2025-04-05,0,0,False,False,274265.05,Current,DEBT_CONSOLIDATION
LN-505192,CUST-105304,2025-04-05,0,0,False,False,18283.952500000007,Current,DEBT_CONSOLIDATION
LN-505193,CUST-100218,2025-04-05,0,0,False,False,1161.9175000000002,Current,DEBT_CONSOLIDATION
LN-505194,CUST-102357,2025-04-05,0,0,False,False,8581.534999999998,Current,DEBT_CONSOLIDATION
LN-505195,CUST-100303,2025-04-05,0,0,False,False,10505.850000000002,Current,DEBT_CONSOLIDATION
LN-505196,CUST-102521,2025-04-05,0,0,False,False,33231.1125,Current,DEBT_CONSOLIDATION
LN-505197,CUST-106344,2025-04-05,0,0,True,False,43847.08000000001,Current,DEBT_CONSOLIDATION
LN-505199,CUST-105691,2025-04-05,0,0,False,False,25537.754999999997,Current,DEBT_CONSOLIDATION
LN-505200,CUST-103248,2025-04-05,0,0,False,False,5274.9500000000035,Current,DEBT_CONSOLIDATION
LN-505201,CUST-104000,2025-04-05,0,0,False,False,6869.234999999999,Current,DEBT_CONSOLIDATION
LN-505202,CUST-107764,2025-04-05,0,0,False,False,46335.30000000002,Current,DEBT_CONSOLIDATION
LN-505203,CUST-104140,2025-04-05,0,0,False,False,38189.01750000001,Current,DEBT_CONSOLIDATION
LN-505204,CUST-102027,2025-04-05,3,73,False,False,102241.79249999998,60-89,DEBT_CONSOLIDATION
LN-505205,CUST-100493,2025-04-05,0,0,False,False,12885.865000000002,Current,DEBT_CONSOLIDATION
LN-505206,CUST-101750,2025-04-05,0,0,False,False,9140.524999999996,Current,DEBT_CONSOLIDATION
LN-505207,CUST-101523,2025-04-05,0,0,False,False,12758.657500000005,Current,DEBT_CONSOLIDATION
LN-505208,CUST-102749,2025-04-05,0,0,False,False,20022.76,Current,DEBT_CONSOLIDATION
LN-505209,CUST-100036,2025-04-05,0,0,False,False,28805.235000000008,Current,DEBT_CONSOLIDATION
LN-505211,CUST-103775,2025-04-05,0,0,False,False,12458.999999999989,Current,DEBT_CONSOLIDATION
LN-505212,CUST-104849,2025-04-05,0,0,False,False,22015.614999999983,Current,DEBT_CONSOLIDATION
LN-505214,CUST-104466,2025-04-05,0,0,False,False,23218.179999999986,Current,DEBT_CONSOLIDATION
LN-505215,CUST-102820,2025-04-05,0,0,False,False,35776.52500000001,Current,DEBT_CONSOLIDATION
LN-505216,CUST-105401,2025-04-05,0,0,False,False,14560.46,Current,DEBT_CONSOLIDATION
LN-505217,CUST-100219,2025-04-05,3,82,False,False,16245.657500000003,60-89,DEBT_CONSOLIDATION
LN-505218,CUST-100012,2025-04-05,0,0,False,False,12499.607500000006,Current,DEBT_CONSOLIDATION
LN-505219,CUST-103198,2025-04-05,0,0,False,False,21865.362500000003,Current,DEBT_CONSOLIDATION
LN-505220,CUST-100928,2025-04-05,0,0,False,False,21212.980000000018,Current,DEBT_CONSOLIDATION
LN-505221,CUST-107839,2025-04-05,0,0,False,False,19955.09,Current,DEBT_CONSOLIDATION
LN-505222,CUST-100678,2025-04-05,0,0,False,False,35307.47000000001,Current,DEBT_CONSOLIDATION
LN-505224,CUST-100127,2025-04-05,0,0,False,False,43437.16499999999,Current,DEBT_CONSOLIDATION
LN-505225,CUST-102680,2025-04-05,4,116,False,False,16511.037500000002,90+,DEBT_CONSOLIDATION
LN-505226,CUST-105039,2025-04-05,4,121,False,False,5547.659999999999,90+,DEBT_CONSOLIDATION
LN-505227,CUST-105617,2025-04-05,0,0,False,False,17411.330000000005,Current,DEBT_CONSOLIDATION
LN-505228,CUST-102598,2025-04-05,0,0,False,False,5235.910000000002,Current,DEBT_CONSOLIDATION
LN-505229,CUST-106550,2025-04-05,0,0,False,False,25239.657499999987,Current,DEBT_CONSOLIDATION
LN-505230,CUST-106346,2025-04-05,0,0,False,False,38803.039999999986,Current,DEBT_CONSOLIDATION
LN-505231,CUST-107854,2025-04-05,0,0,False,False,22908.85,Current,DEBT_CONSOLIDATION
LN-505232,CUST-104795,2025-04-05,0,0,False,False,24084.00000000001,Current,DEBT_CONSOLIDATION
LN-505233,CUST-107305,2025-04-05,0,0,False,False,14167.3975,Current,DEBT_CONSOLIDATION
LN-505234,CUST-107914,2025-04-05,0,0,False,False,19811.517499999998,Current,DEBT_CONSOLIDATION
LN-505235,CUST-107898,2025-04-05,2,31,False,False,226395.00250000006,30-59,DEBT_CONSOLIDATION
LN-505236,CUST-104041,2025-04-05,0,0,False,False,31780.69999999999,Current,DEBT_CONSOLIDATION
LN-505237,CUST-101889,2025-04-05,0,0,False,False,17593.309999999994,Current,DEBT_CONSOLIDATION
LN-505238,CUST-100884,2025-04-05,0,0,False,False,16279.554999999997,Current,DEBT_CONSOLIDATION
LN-505239,CUST-100762,2025-04-05,0,0,False,False,46612.29,Current,DEBT_CONSOLIDATION
LN-505240,CUST-105797,2025-04-05,0,0,False,False,27744.18500000001,Current,DEBT_CONSOLIDATION
LN-505243,CUST-104350,2025-04-05,0,0,False,False,21479.409999999996,Current,DEBT_CONSOLIDATION
LN-505244,CUST-104281,2025-04-05,0,0,False,False,21113.18,Current,DEBT_CONSOLIDATION
LN-505245,CUST-103758,2025-04-05,0,0,False,False,18513.049999999992,Current,DEBT_CONSOLIDATION
LN-505246,CUST-105055,2025-04-05,0,0,False,False,15084.330000000004,Current,DEBT_CONSOLIDATION
LN-505247,CUST-102948,2025-04-05,0,0,False,False,34257.985000000015,Current,DEBT_CONSOLIDATION
LN-505248,CUST-106144,2025-04-05,0,0,False,False,40904.27000000001,Current,DEBT_CONSOLIDATION
LN-505249,CUST-105023,2025-04-05,0,0,False,False,35229.425000000025,Current,DEBT_CONSOLIDATION
LN-505250,CUST-102026,2025-04-05,0,0,False,False,17812.512499999997,Current,DEBT_CONSOLIDATION
LN-505251,CUST-103735,2025-04-05,0,0,False,False,50174.9925,Current,DEBT_CONSOLIDATION
LN-505252,CUST-100660,2025-04-05,0,0,False,False,36321.865,Current,DEBT_CONSOLIDATION
LN-505253,CUST-101373,2025-04-05,0,0,False,False,32511.81,Current,DEBT_CONSOLIDATION
LN-505254,CUST-102090,2025-04-05,0,0,True,False,47811.474999999984,Current,DEBT_CONSOLIDATION
LN-505255,CUST-105021,2025-04-05,0,0,False,False,9038.620000000006,Current,DEBT_CONSOLIDATION
LN-505256,CUST-104176,2025-04-05,0,0,False,False,18419.8325,Current,DEBT_CONSOLIDATION
LN-505258,CUST-100991,2025-04-05,0,0,False,False,112068.79000000001,Current,DEBT_CONSOLIDATION
LN-505259,CUST-107865,2025-04-05,0,0,False,False,39562.8325,Current,DEBT_CONSOLIDATION
LN-505260,CUST-101774,2025-04-05,0,0,False,False,44183.7275,Current,DEBT_CONSOLIDATION
LN-505261,CUST-100842,2025-04-05,0,0,False,False,17426.74000000002,Current,DEBT_CONSOLIDATION
LN-505262,CUST-101154,2025-04-05,0,0,False,False,25522.33,Current,DEBT_CONSOLIDATION
LN-505263,CUST-100045,2025-04-05,0,0,False,False,146809.50499999998,Current,DEBT_CONSOLIDATION
LN-505264,CUST-100141,2025-04-05,1,17,False,False,27666.327500000018,1-29,DEBT_CONSOLIDATION
LN-505265,CUST-104002,2025-04-05,0,0,False,False,28924.019999999997,Current,DEBT_CONSOLIDATION
LN-505266,CUST-100603,2025-04-05,0,0,False,False,39066.12750000001,Current,DEBT_CONSOLIDATION
LN-505267,CUST-100888,2025-04-05,1,1,False,False,7069.839999999999,1-29,DEBT_CONSOLIDATION
LN-505268,CUST-105794,2025-04-05,0,0,False,False,9851.345000000001,Current,DEBT_CONSOLIDATION
LN-505269,CUST-101558,2025-04-05,0,0,False,False,10826.529999999999,Current,DEBT_CONSOLIDATION
LN-505270,CUST-101235,2025-04-05,0,0,False,False,20417.47000000001,Current,DEBT_CONSOLIDATION
LN-505272,CUST-103366,2025-04-05,0,0,False,False,31261.57,Current,DEBT_CONSOLIDATION
LN-505274,CUST-103083,2025-04-05,0,0,False,False,424878.11500000017,Current,DEBT_CONSOLIDATION
LN-505275,CUST-104530,2025-04-05,0,0,False,False,17683.747499999998,Current,DEBT_CONSOLIDATION
LN-505276,CUST-104879,2025-04-05,0,0,False,False,26562.074999999993,Current,DEBT_CONSOLIDATION
LN-505277,CUST-105669,2025-04-05,0,0,False,False,18645.83,Current,DEBT_CONSOLIDATION
LN-505278,CUST-103928,2025-04-05,0,0,False,False,204842.42499999993,Current,DEBT_CONSOLIDATION
LN-505279,CUST-100359,2025-04-05,1,18,False,False,12310.56,1-29,DEBT_CONSOLIDATION
LN-505280,CUST-103197,2025-04-05,0,0,False,False,5059.620000000001,Current,DEBT_CONSOLIDATION
LN-505281,CUST-105070,2025-04-05,0,0,False,False,42522.59,Current,DEBT_CONSOLIDATION
LN-505282,CUST-103708,2025-04-05,0,0,False,False,19902.580000000005,Current,DEBT_CONSOLIDATION
LN-505283,CUST-101088,2025-04-05,1,4,False,False,9380.984999999997,1-29,DEBT_CONSOLIDATION
LN-505284,CUST-106959,2025-04-05,0,0,False,False,16543.059999999998,Current,DEBT_CONSOLIDATION
LN-505286,CUST-101959,2025-04-05,3,71,False,False,21677.504999999997,60-89,DEBT_CONSOLIDATION
LN-505287,CUST-103748,2025-04-05,0,0,False,False,8228.275000000003,Current,DEBT_CONSOLIDATION
LN-505288,CUST-101126,2025-04-05,0,0,False,False,796.8000000000004,Current,DEBT_CONSOLIDATION
LN-505289,CUST-106500,2025-04-05,0,0,False,False,23838.07749999998,Current,DEBT_CONSOLIDATION
LN-505290,CUST-107357,2025-04-05,0,0,False,False,24538.135000000013,Current,DEBT_CONSOLIDATION
LN-505291,CUST-103241,2025-04-05,0,0,False,False,18152.237499999992,Current,DEBT_CONSOLIDATION
LN-505292,CUST-101533,2025-04-05,4,143,False,False,318715.97,90+,DEBT_CONSOLIDATION
LN-505293,CUST-104036,2025-04-05,1,13,False,False,14490.53,1-29,DEBT_CONSOLIDATION
LN-505294,CUST-100314,2025-04-05,0,0,False,False,3742.9200000000037,Current,DEBT_CONSOLIDATION
LN-505295,CUST-102327,2025-04-05,0,0,False,False,18410.424999999996,Current,DEBT_CONSOLIDATION
LN-505296,CUST-105197,2025-04-05,0,0,False,False,15545.190000000006,Current,DEBT_CONSOLIDATION
LN-505297,CUST-101419,2025-04-05,0,0,False,False,26341.25,Current,DEBT_CONSOLIDATION
LN-505298,CUST-104775,2025-04-05,0,0,False,False,18868.93,Current,DEBT_CONSOLIDATION
LN-505299,CUST-100487,2025-04-05,0,0,False,False,46712.5475,Current,DEBT_CONSOLIDATION
LN-505300,CUST-107635,2025-04-05,0,0,False,False,14008.762499999999,Current,DEBT_CONSOLIDATION
LN-505301,CUST-106502,2025-04-05,0,0,False,False,17754.18,Current,DEBT_CONSOLIDATION
LN-505302,CUST-103463,2025-04-05,0,0,False,False,6613.909999999997,Current,DEBT_CONSOLIDATION
LN-505303,CUST-107393,2025-04-05,0,0,False,False,41781.09000000002,Current,DEBT_CONSOLIDATION
LN-505304,CUST-102570,2025-04-05,0,0,False,False,443200.61999999976,Current,DEBT_CONSOLIDATION
LN-505305,CUST-104916,2025-04-05,0,0,False,False,30193.120000000003,Current,DEBT_CONSOLIDATION
LN-505306,CUST-102739,2025-04-05,0,0,False,False,580.4450000000006,Current,DEBT_CONSOLIDATION
LN-505307,CUST-106362,2025-04-05,0,0,False,False,5653.850000000001,Current,DEBT_CONSOLIDATION
LN-505308,CUST-101893,2025-04-05,0,0,False,False,14771.77000000001,Current,DEBT_CONSOLIDATION
LN-505309,CUST-102568,2025-04-05,0,0,False,False,4451.599999999998,Current,DEBT_CONSOLIDATION
LN-505310,CUST-102740,2025-04-05,0,0,False,False,52724.89500000002,Current,DEBT_CONSOLIDATION
LN-505311,CUST-105141,2025-04-05,0,0,False,False,51891.58999999999,Current,DEBT_CONSOLIDATION
LN-505312,CUST-105330,2025-04-05,1,23,False,False,96625.44,1-29,DEBT_CONSOLIDATION
LN-505313,CUST-102230,2025-04-05,0,0,False,False,49860.84750000001,Current,DEBT_CONSOLIDATION
LN-505314,CUST-101772,2025-04-05,0,0,False,False,16212.640000000001,Current,DEBT_CONSOLIDATION
LN-505315,CUST-101050,2025-04-05,0,0,False,False,465493.6,Current,DEBT_CONSOLIDATION
LN-505316,CUST-101567,2025-04-05,0,0,False,False,5093.0374999999985,Current,DEBT_CONSOLIDATION
LN-505317,CUST-107548,2025-04-05,0,0,False,False,12308.799999999996,Current,DEBT_CONSOLIDATION
LN-505318,CUST-100308,2025-04-05,0,0,False,False,11551.090000000007,Current,DEBT_CONSOLIDATION
LN-505319,CUST-102445,2025-04-05,0,0,False,False,37310.644999999975,Current,DEBT_CONSOLIDATION
LN-505320,CUST-104905,2025-04-05,0,0,False,False,32954.14,Current,DEBT_CONSOLIDATION
LN-505321,CUST-101457,2025-04-05,0,0,False,False,8290.889999999994,Current,DEBT_CONSOLIDATION
LN-505322,CUST-105263,2025-04-05,0,0,False,False,16388.190000000024,Current,DEBT_CONSOLIDATION
LN-505323,CUST-103944,2025-04-05,0,0,False,False,105062.27749999997,Current,DEBT_CONSOLIDATION
LN-505324,CUST-101131,2025-04-05,0,0,False,False,7188.37,Current,DEBT_CONSOLIDATION
LN-505326,CUST-107227,2025-04-05,0,0,False,False,8321.500000000002,Current,DEBT_CONSOLIDATION
LN-505327,CUST-103795,2025-04-05,0,0,False,False,21166.725000000017,Current,DEBT_CONSOLIDATION
LN-505330,CUST-106997,2025-04-05,0,0,False,False,33578.74000000002,Current,DEBT_CONSOLIDATION
LN-505333,CUST-101503,2025-04-05,0,0,False,False,14488.819999999996,Current,DEBT_CONSOLIDATION
LN-505334,CUST-102249,2025-04-05,0,0,False,False,12288.570000000002,Current,DEBT_CONSOLIDATION
LN-505335,CUST-102215,2025-04-05,0,0,False,False,20849.820000000003,Current,DEBT_CONSOLIDATION
LN-505336,CUST-103163,2025-04-05,0,0,False,False,40656.705,Current,DEBT_CONSOLIDATION
LN-505337,CUST-102452,2025-04-05,0,0,False,False,45780.02,Current,DEBT_CONSOLIDATION
LN-505338,CUST-106118,2025-04-05,0,0,False,False,15436.272499999992,Current,DEBT_CONSOLIDATION
LN-505339,CUST-104326,2025-04-05,0,0,False,False,3705.704999999999,Current,DEBT_CONSOLIDATION
LN-505340,CUST-100078,2025-04-05,0,0,True,False,37887.169999999984,Current,DEBT_CONSOLIDATION
LN-505341,CUST-106187,2025-04-05,0,0,False,False,26304.622499999987,Current,DEBT_CONSOLIDATION
LN-505343,CUST-107567,2025-04-05,0,0,False,False,42666.390000000014,Current,DEBT_CONSOLIDATION
LN-505344,CUST-103810,2025-04-05,0,0,False,False,19765.910000000014,Current,DEBT_CONSOLIDATION
LN-505345,CUST-105265,2025-04-05,0,0,False,False,17745.77,Current,DEBT_CONSOLIDATION
LN-505346,CUST-102123,2025-04-05,0,0,False,True,3479.677499999998,Current,DEBT_CONSOLIDATION
LN-505347,CUST-103113,2025-04-05,0,0,False,False,17420.304999999986,Current,DEBT_CONSOLIDATION
LN-505348,CUST-102526,2025-04-05,0,0,False,False,10572.120000000003,Current,DEBT_CONSOLIDATION
LN-505349,CUST-104279,2025-04-05,0,0,False,False,7452.27,Current,DEBT_CONSOLIDATION
LN-505350,CUST-100737,2025-04-05,0,0,False,False,39420.105,Current,DEBT_CONSOLIDATION
LN-505351,CUST-100847,2025-04-05,0,0,False,False,26768.555000000004,Current,DEBT_CONSOLIDATION
LN-505353,CUST-103877,2025-04-05,0,0,False,False,45430.96,Current,DEBT_CONSOLIDATION
LN-505354,CUST-100624,2025-04-05,0,0,False,False,17535.6225,Current,DEBT_CONSOLIDATION
LN-505356,CUST-104726,2025-04-05,2,49,False,False,44494.67250000002,30-59,DEBT_CONSOLIDATION
LN-505357,CUST-107266,2025-04-05,0,0,False,False,8595.699999999995,Current,DEBT_CONSOLIDATION
LN-505358,CUST-105457,2025-04-05,0,0,False,False,14409.980000000009,Current,DEBT_CONSOLIDATION
LN-505359,CUST-103024,2025-04-05,0,0,False,False,32420.619999999977,Current,DEBT_CONSOLIDATION
LN-505360,CUST-104966,2025-04-05,0,0,False,False,9845.782500000005,Current,DEBT_CONSOLIDATION
LN-505361,CUST-105916,2025-04-05,0,0,False,False,15185.01000000001,Current,DEBT_CONSOLIDATION
LN-505362,CUST-102941,2025-04-05,0,0,False,False,14218.800000000003,Current,DEBT_CONSOLIDATION
LN-505363,CUST-101770,2025-04-05,0,0,False,False,24098.954999999998,Current,DEBT_CONSOLIDATION
LN-505364,CUST-100709,2025-04-05,0,0,False,False,30506.12,Current,DEBT_CONSOLIDATION
LN-505365,CUST-106865,2025-04-05,0,0,False,False,14095.459999999992,Current,DEBT_CONSOLIDATION
LN-505366,CUST-107468,2025-04-05,0,0,False,False,4972.0375,Current,DEBT_CONSOLIDATION
LN-505367,CUST-103524,2025-04-05,0,0,False,False,5108.255000000006,Current,DEBT_CONSOLIDATION
LN-505368,CUST-107448,2025-04-05,0,0,False,False,30392.7675,Current,DEBT_CONSOLIDATION
LN-505369,CUST-101359,2025-04-05,0,0,False,False,19768.03,Current,DEBT_CONSOLIDATION
LN-505370,CUST-102460,2025-04-05,0,0,False,False,35511.697499999995,Current,DEBT_CONSOLIDATION
LN-505371,CUST-104660,2025-04-05,0,0,False,False,19244.21,Current,DEBT_CONSOLIDATION
LN-505372,CUST-107400,2025-04-05,0,0,False,False,45361.379999999976,Current,DEBT_CONSOLIDATION
LN-505373,CUST-104517,2025-04-05,0,0,False,False,29462.350000000002,Current,DEBT_CONSOLIDATION
LN-505374,CUST-100317,2025-04-05,0,0,False,False,9625.164999999999,Current,DEBT_CONSOLIDATION
LN-505375,CUST-106927,2025-04-05,0,0,False,False,28238.90999999999,Current,DEBT_CONSOLIDATION
LN-505376,CUST-104580,2025-04-05,0,0,False,False,13555.980000000001,Current,DEBT_CONSOLIDATION
LN-505378,CUST-102517,2025-04-05,0,0,False,False,22661.279999999988,Current,DEBT_CONSOLIDATION
LN-505379,CUST-103286,2025-04-05,0,0,False,False,9299.112500000003,Current,DEBT_CONSOLIDATION
LN-505380,CUST-105478,2025-04-05,2,31,False,False,17681.775,30-59,DEBT_CONSOLIDATION
LN-505381,CUST-103600,2025-04-05,0,0,False,False,27018.969999999994,Current,DEBT_CONSOLIDATION
LN-505382,CUST-104049,2025-04-05,0,0,False,False,13341.435000000001,Current,DEBT_CONSOLIDATION
LN-505383,CUST-103650,2025-04-05,0,0,True,False,44767.525000000016,Current,DEBT_CONSOLIDATION
LN-505384,CUST-103502,2025-04-05,0,0,False,False,8442.539999999999,Current,DEBT_CONSOLIDATION
LN-505385,CUST-103989,2025-04-05,0,0,False,False,32837.36999999997,Current,DEBT_CONSOLIDATION
LN-505386,CUST-106783,2025-04-05,0,0,False,False,4280.08,Current,DEBT_CONSOLIDATION
LN-505387,CUST-101466,2025-04-05,0,0,False,False,42231.860000000015,Current,DEBT_CONSOLIDATION
LN-505388,CUST-100614,2025-04-05,0,0,False,False,8960.94,Current,DEBT_CONSOLIDATION
LN-505389,CUST-106840,2025-04-05,0,0,False,False,16354.392499999989,Current,DEBT_CONSOLIDATION
LN-505391,CUST-102513,2025-04-05,2,34,True,False,30065.210000000006,30-59,DEBT_CONSOLIDATION
LN-505393,CUST-104987,2025-04-05,0,0,False,False,25969.399999999987,Current,DEBT_CONSOLIDATION
LN-505394,CUST-103114,2025-04-05,1,1,False,False,418263.7600000001,1-29,DEBT_CONSOLIDATION
LN-505395,CUST-102437,2025-04-05,0,0,False,False,36641.08499999996,Current,DEBT_CONSOLIDATION
LN-505396,CUST-102242,2025-04-05,0,0,False,False,33162.47500000002,Current,DEBT_CONSOLIDATION
LN-505397,CUST-106357,2025-04-05,1,21,False,False,16076.880000000008,1-29,DEBT_CONSOLIDATION
LN-505398,CUST-104243,2025-04-05,0,0,False,False,63526.167499999996,Current,DEBT_CONSOLIDATION
LN-505400,CUST-102596,2025-04-05,0,0,False,False,26132.332500000008,Current,DEBT_CONSOLIDATION
LN-505401,CUST-102677,2025-04-05,0,0,False,False,10711.029999999997,Current,DEBT_CONSOLIDATION
LN-505402,CUST-105556,2025-04-05,0,0,False,False,61642.952499999985,Current,DEBT_CONSOLIDATION
LN-505403,CUST-102391,2025-04-05,0,0,False,False,35132.31000000001,Current,DEBT_CONSOLIDATION
LN-505404,CUST-104394,2025-04-05,0,0,False,False,41968.169999999984,Current,DEBT_CONSOLIDATION
LN-505405,CUST-100805,2025-04-05,0,0,False,False,20642.829999999984,Current,DEBT_CONSOLIDATION
LN-505406,CUST-101202,2025-04-05,0,0,False,False,11631.839999999993,Current,DEBT_CONSOLIDATION
LN-505407,CUST-101060,2025-04-05,0,0,False,False,27503.59999999999,Current,DEBT_CONSOLIDATION
LN-505408,CUST-101406,2025-04-05,0,0,False,False,8476.5,Current,DEBT_CONSOLIDATION
LN-505409,CUST-103398,2025-04-05,0,0,False,False,50879.14000000001,Current,DEBT_CONSOLIDATION
LN-505410,CUST-101727,2025-04-05,0,0,False,False,19616.622499999998,Current,DEBT_CONSOLIDATION
LN-505411,CUST-104316,2025-04-05,0,0,False,False,79491.89999999998,Current,DEBT_CONSOLIDATION
LN-505412,CUST-103900,2025-04-05,0,0,False,False,13614.424999999996,Current,DEBT_CONSOLIDATION
LN-505413,CUST-107653,2025-04-05,1,14,False,False,41740.01750000004,1-29,DEBT_CONSOLIDATION
LN-505414,CUST-102108,2025-04-05,0,0,False,False,11898.310000000003,Current,DEBT_CONSOLIDATION
LN-505415,CUST-101370,2025-04-05,0,0,False,False,145101.27,Current,DEBT_CONSOLIDATION
LN-505416,CUST-104997,2025-04-05,0,0,False,False,7762.575000000003,Current,DEBT_CONSOLIDATION
LN-505417,CUST-104588,2025-04-05,0,0,False,False,32379.12000000001,Current,DEBT_CONSOLIDATION
LN-505418,CUST-107880,2025-04-05,0,0,False,False,7754.965,Current,DEBT_CONSOLIDATION
LN-505419,CUST-101336,2025-04-05,0,0,False,False,43609.42999999996,Current,DEBT_CONSOLIDATION
LN-505420,CUST-103825,2025-04-05,1,27,False,False,7728.975000000002,1-29,DEBT_CONSOLIDATION
LN-505421,CUST-103987,2025-04-05,0,0,False,False,581635.5099999997,Current,DEBT_CONSOLIDATION
LN-505422,CUST-106288,2025-04-05,0,0,False,False,37469.79499999996,Current,DEBT_CONSOLIDATION
LN-505423,CUST-106767,2025-04-05,0,0,False,False,26392.15750000001,Current,DEBT_CONSOLIDATION
LN-505425,CUST-104879,2025-04-05,0,0,False,False,3933.0075000000043,Current,DEBT_CONSOLIDATION
LN-505426,CUST-104564,2025-04-05,0,0,False,False,22827.05249999998,Current,DEBT_CONSOLIDATION
LN-505427,CUST-106769,2025-04-05,0,0,False,False,25111.185,Current,DEBT_CONSOLIDATION
LN-505428,CUST-104621,2025-04-05,0,0,False,False,34120.52,Current,DEBT_CONSOLIDATION
LN-505430,CUST-101278,2025-04-05,0,0,False,False,7859.1275,Current,DEBT_CONSOLIDATION
LN-505431,CUST-101432,2025-04-05,0,0,False,False,13666.875000000002,Current,DEBT_CONSOLIDATION
LN-505432,CUST-106288,2025-04-05,0,0,False,False,41710.57,Current,DEBT_CONSOLIDATION
LN-505433,CUST-105674,2025-04-05,1,28,True,False,25128.249999999996,1-29,DEBT_CONSOLIDATION
LN-505434,CUST-104367,2025-04-05,0,0,False,False,3317.2600000000007,Current,DEBT_CONSOLIDATION
LN-505435,CUST-103403,2025-04-05,0,0,False,False,13265.125000000004,Current,DEBT_CONSOLIDATION
LN-505436,CUST-105459,2025-04-05,0,0,False,False,3795.130000000003,Current,DEBT_CONSOLIDATION
LN-505437,CUST-105491,2025-04-05,0,0,False,False,8040.062500000008,Current,DEBT_CONSOLIDATION
LN-505440,CUST-105365,2025-04-05,0,0,False,False,18922.749999999993,Current,DEBT_CONSOLIDATION
LN-505441,CUST-100700,2025-04-05,0,0,False,False,23300.0,Current,DEBT_CONSOLIDATION
LN-505442,CUST-103092,2025-04-05,0,0,False,False,3350.944999999999,Current,DEBT_CONSOLIDATION
LN-505443,CUST-103201,2025-04-05,0,0,False,False,37482.335,Current,DEBT_CONSOLIDATION
LN-505444,CUST-103746,2025-04-05,0,0,False,False,1693.0299999999993,Current,DEBT_CONSOLIDATION
LN-505445,CUST-105045,2025-04-05,0,0,False,False,10678.349999999999,Current,DEBT_CONSOLIDATION
LN-505446,CUST-102432,2025-04-05,0,0,False,False,2471.18,Current,DEBT_CONSOLIDATION
LN-505447,CUST-101374,2025-04-05,0,0,False,False,35130.87,Current,DEBT_CONSOLIDATION
LN-505448,CUST-106268,2025-04-05,0,0,False,False,8758.53,Current,DEBT_CONSOLIDATION
LN-505449,CUST-103180,2025-04-05,4,117,False,False,44983.98499999999,90+,DEBT_CONSOLIDATION
LN-505450,CUST-100613,2025-04-05,0,0,False,False,9708.474999999999,Current,DEBT_CONSOLIDATION
LN-505452,CUST-105521,2025-04-05,0,0,False,False,20982.585000000006,Current,DEBT_CONSOLIDATION
LN-505453,CUST-103070,2025-04-05,0,0,False,False,46062.96,Current,DEBT_CONSOLIDATION
LN-505454,CUST-100402,2025-04-05,0,0,False,False,53173.365,Current,DEBT_CONSOLIDATION
LN-505455,CUST-103061,2025-04-05,0,0,False,False,11798.314999999991,Current,DEBT_CONSOLIDATION
LN-505456,CUST-101985,2025-04-05,0,0,False,False,42206.49,Current,DEBT_CONSOLIDATION
LN-505457,CUST-105056,2025-04-05,0,0,False,False,41669.940000000024,Current,DEBT_CONSOLIDATION
LN-505459,CUST-101605,2025-04-05,0,0,False,False,17290.989999999994,Current,DEBT_CONSOLIDATION
LN-505460,CUST-104653,2025-04-05,2,52,False,False,16654.389999999996,30-59,DEBT_CONSOLIDATION
LN-505461,CUST-102240,2025-04-05,0,0,False,False,17965.164999999997,Current,DEBT_CONSOLIDATION
LN-505462,CUST-105722,2025-04-05,0,0,False,False,13458.419999999998,Current,DEBT_CONSOLIDATION
LN-505463,CUST-107022,2025-04-05,0,0,False,False,29813.660000000003,Current,DEBT_CONSOLIDATION
LN-505464,CUST-101876,2025-04-05,0,0,False,False,19456.144999999975,Current,DEBT_CONSOLIDATION
LN-505465,CUST-100134,2025-04-05,0,0,False,False,32333.755,Current,DEBT_CONSOLIDATION
LN-505466,CUST-101599,2025-04-05,0,0,False,False,111193.08249999997,Current,DEBT_CONSOLIDATION
LN-505467,CUST-103349,2025-04-05,0,0,False,False,11435.984999999999,Current,DEBT_CONSOLIDATION
LN-505469,CUST-102927,2025-04-05,0,0,False,False,8249.39,Current,DEBT_CONSOLIDATION
LN-505471,CUST-104979,2025-04-05,0,0,False,False,14925.91,Current,DEBT_CONSOLIDATION
LN-505474,CUST-107993,2025-04-05,0,0,False,False,26408.965,Current,DEBT_CONSOLIDATION
LN-505475,CUST-101656,2025-04-05,0,0,False,False,12606.640000000003,Current,DEBT_CONSOLIDATION
LN-505476,CUST-104994,2025-04-05,0,0,False,False,12429.96,Current,DEBT_CONSOLIDATION
LN-505477,CUST-107423,2025-04-05,0,0,False,False,76064.16,Current,DEBT_CONSOLIDATION
LN-505478,CUST-103153,2025-04-05,0,0,False,False,53574.63,Current,DEBT_CONSOLIDATION
LN-505481,CUST-100197,2025-04-05,0,0,False,False,412818.32999999984,Current,DEBT_CONSOLIDATION
LN-505482,CUST-104488,2025-04-05,0,0,False,False,37226.10500000003,Current,DEBT_CONSOLIDATION
LN-505483,CUST-102989,2025-04-05,0,0,False,False,11510.335000000003,Current,DEBT_CONSOLIDATION
LN-505484,CUST-105894,2025-04-05,0,0,False,False,18945.170000000002,Current,DEBT_CONSOLIDATION
LN-505486,CUST-104824,2025-04-05,0,0,False,False,9655.08,Current,DEBT_CONSOLIDATION
LN-505487,CUST-102224,2025-04-05,1,28,False,False,22997.009999999995,1-29,DEBT_CONSOLIDATION
LN-505488,CUST-102947,2025-04-05,0,0,False,False,43931.13000000003,Current,DEBT_CONSOLIDATION
LN-505489,CUST-102206,2025-04-05,0,0,False,False,36831.44000000001,Current,DEBT_CONSOLIDATION
LN-505491,CUST-106434,2025-04-05,0,0,False,False,85516.84,Current,DEBT_CONSOLIDATION
LN-505492,CUST-102007,2025-04-05,0,0,False,False,35504.73499999999,Current,DEBT_CONSOLIDATION
LN-505493,CUST-104407,2025-04-05,0,0,False,False,21657.175,Current,DEBT_CONSOLIDATION
LN-505495,CUST-105652,2025-04-05,0,0,False,False,18701.784999999993,Current,DEBT_CONSOLIDATION
LN-505497,CUST-101177,2025-04-05,0,0,False,False,6451.8949999999995,Current,DEBT_CONSOLIDATION
LN-505498,CUST-104139,2025-04-05,0,0,False,False,27340.839999999993,Current,DEBT_CONSOLIDATION
LN-505499,CUST-103839,2025-04-05,0,0,False,False,22643.56,Current,DEBT_CONSOLIDATION
LN-505500,CUST-100110,2025-04-05,3,80,False,False,18036.81,60-89,DEBT_CONSOLIDATION
LN-505501,CUST-107743,2025-04-05,0,0,False,False,23511.2625,Current,DEBT_CONSOLIDATION
LN-505502,CUST-107152,2025-04-05,0,0,False,False,6695.72,Current,DEBT_CONSOLIDATION
LN-505503,CUST-103171,2025-04-05,0,0,False,False,22310.19749999999,Current,DEBT_CONSOLIDATION
LN-505504,CUST-107452,2025-04-05,0,0,False,False,29219.297500000008,Current,DEBT_CONSOLIDATION
LN-505506,CUST-104841,2025-04-05,0,0,False,False,28834.290000000008,Current,DEBT_CONSOLIDATION
LN-505507,CUST-104488,2025-04-05,0,0,False,False,27221.139999999996,Current,DEBT_CONSOLIDATION
LN-505508,CUST-101017,2025-04-05,0,0,False,False,24347.26,Current,DEBT_CONSOLIDATION
LN-505509,CUST-100427,2025-04-05,0,0,False,False,19039.690000000002,Current,DEBT_CONSOLIDATION
LN-505510,CUST-102642,2025-04-05,0,0,False,False,20677.3175,Current,DEBT_CONSOLIDATION
LN-505511,CUST-103531,2025-04-05,0,0,False,False,7848.019999999997,Current,DEBT_CONSOLIDATION
LN-505512,CUST-100610,2025-04-05,0,0,False,False,22040.84999999999,Current,DEBT_CONSOLIDATION
LN-505514,CUST-104277,2025-04-05,0,0,False,False,23568.85,Current,DEBT_CONSOLIDATION
LN-505515,CUST-103060,2025-04-05,0,0,False,False,18245.114999999998,Current,DEBT_CONSOLIDATION
LN-505516,CUST-102221,2025-04-05,0,0,False,False,14983.305,Current,DEBT_CONSOLIDATION
LN-505518,CUST-103005,2025-04-05,0,0,False,False,127969.12999999999,Current,DEBT_CONSOLIDATION
LN-505519,CUST-106402,2025-04-05,0,0,False,False,82253.16,Current,DEBT_CONSOLIDATION
LN-505522,CUST-104269,2025-04-05,0,0,False,False,24378.265000000007,Current,DEBT_CONSOLIDATION
LN-505523,CUST-107405,2025-04-05,0,0,False,False,4129.225000000001,Current,DEBT_CONSOLIDATION
LN-505524,CUST-105397,2025-04-05,0,0,False,False,11971.302500000002,Current,DEBT_CONSOLIDATION
LN-505525,CUST-102810,2025-04-05,0,0,False,False,3825.0225000000028,Current,DEBT_CONSOLIDATION
LN-505526,CUST-101988,2025-04-05,0,0,False,False,28504.629999999994,Current,DEBT_CONSOLIDATION
LN-505528,CUST-107773,2025-04-05,0,0,False,False,22787.547499999997,Current,DEBT_CONSOLIDATION
LN-505529,CUST-102748,2025-04-05,0,0,False,False,31645.52999999999,Current,DEBT_CONSOLIDATION
LN-505530,CUST-101804,2025-04-05,0,0,False,False,43936.40250000002,Current,DEBT_CONSOLIDATION
LN-505531,CUST-101114,2025-04-05,0,0,False,False,40990.39000000001,Current,DEBT_CONSOLIDATION
LN-505532,CUST-101369,2025-04-05,0,0,False,False,28708.054999999997,Current,DEBT_CONSOLIDATION
LN-505533,CUST-104774,2025-04-05,0,0,False,False,21804.135000000006,Current,DEBT_CONSOLIDATION
LN-505534,CUST-103876,2025-04-05,0,0,False,False,399700.75000000006,Current,DEBT_CONSOLIDATION
LN-505535,CUST-104149,2025-04-05,0,0,False,False,19122.145000000008,Current,DEBT_CONSOLIDATION
LN-505536,CUST-105518,2025-04-05,0,0,False,False,20055.459999999995,Current,DEBT_CONSOLIDATION
LN-505537,CUST-103434,2025-04-05,0,0,False,False,436866.7550000001,Current,DEBT_CONSOLIDATION
LN-505538,CUST-101308,2025-04-05,0,0,False,False,11361.7075,Current,DEBT_CONSOLIDATION
LN-505540,CUST-103899,2025-04-05,0,0,False,False,29395.49,Current,DEBT_CONSOLIDATION
LN-505541,CUST-104988,2025-04-05,0,0,False,False,20224.4,Current,DEBT_CONSOLIDATION
LN-505543,CUST-107263,2025-04-05,0,0,False,False,12275.809999999994,Current,DEBT_CONSOLIDATION
LN-505545,CUST-103783,2025-04-05,0,0,False,False,27638.45000000002,Current,DEBT_CONSOLIDATION
LN-505546,CUST-106048,2025-04-05,0,0,False,False,48198.565,Current,DEBT_CONSOLIDATION
LN-505547,CUST-107877,2025-04-05,0,0,False,False,18637.589999999993,Current,DEBT_CONSOLIDATION
LN-505548,CUST-102882,2025-04-05,0,0,False,False,14364.615000000002,Current,DEBT_CONSOLIDATION
LN-505549,CUST-104351,2025-04-05,0,0,False,False,40268.780000000006,Current,DEBT_CONSOLIDATION
LN-505550,CUST-100823,2025-04-05,0,0,False,False,28571.209999999995,Current,DEBT_CONSOLIDATION
LN-505551,CUST-103133,2025-04-05,0,0,False,False,5444.255,Current,DEBT_CONSOLIDATION
LN-505552,CUST-105294,2025-04-05,0,0,False,False,3968.7399999999993,Current,DEBT_CONSOLIDATION
LN-505553,CUST-105839,2025-04-05,0,0,False,False,2116.449999999999,Current,DEBT_CONSOLIDATION
LN-505554,CUST-104305,2025-04-05,0,0,False,False,44091.120000000024,Current,DEBT_CONSOLIDATION
LN-505555,CUST-103941,2025-04-05,0,0,False,False,29676.740000000005,Current,DEBT_CONSOLIDATION
LN-505556,CUST-106171,2025-04-05,0,0,False,False,6994.189999999999,Current,DEBT_CONSOLIDATION
LN-505557,CUST-103330,2025-04-05,0,0,False,False,5838.174999999997,Current,DEBT_CONSOLIDATION
LN-505559,CUST-103230,2025-04-05,0,0,False,False,24124.592499999995,Current,DEBT_CONSOLIDATION
LN-505560,CUST-102015,2025-04-05,0,0,False,False,47170.76749999999,Current,DEBT_CONSOLIDATION
LN-505561,CUST-102600,2025-04-05,0,0,False,False,20135.869999999988,Current,DEBT_CONSOLIDATION
LN-505562,CUST-100415,2025-04-05,0,0,False,False,41541.51999999998,Current,DEBT_CONSOLIDATION
LN-505563,CUST-100751,2025-04-05,0,0,False,False,20942.899999999998,Current,DEBT_CONSOLIDATION
LN-505564,CUST-102886,2025-04-05,0,0,False,False,92893.21000000004,Current,DEBT_CONSOLIDATION
LN-505566,CUST-103693,2025-04-05,0,0,False,False,4844.370000000001,Current,DEBT_CONSOLIDATION
LN-505567,CUST-105925,2025-04-05,0,0,False,False,10953.61,Current,DEBT_CONSOLIDATION
LN-505568,CUST-105540,2025-04-05,0,0,False,False,24774.08249999999,Current,DEBT_CONSOLIDATION
LN-505569,CUST-100568,2025-04-05,0,0,False,False,10680.240000000005,Current,DEBT_CONSOLIDATION
LN-505571,CUST-103020,2025-04-05,0,0,False,False,3938.899999999997,Current,DEBT_CONSOLIDATION
LN-505573,CUST-104174,2025-04-05,0,0,False,False,12504.590000000004,Current,DEBT_CONSOLIDATION
LN-505575,CUST-102399,2025-04-05,0,0,False,False,320667.8675,Current,DEBT_CONSOLIDATION
LN-505576,CUST-105999,2025-04-05,1,29,False,False,12229.93,1-29,DEBT_CONSOLIDATION
LN-505577,CUST-105592,2025-04-05,0,0,False,False,20802.967500000017,Current,DEBT_CONSOLIDATION
LN-505578,CUST-100513,2025-04-05,0,0,False,False,9370.36,Current,DEBT_CONSOLIDATION
LN-505579,CUST-101518,2025-04-05,0,0,False,False,28269.565000000002,Current,DEBT_CONSOLIDATION
LN-505580,CUST-106154,2025-04-05,2,45,False,False,43936.9925,30-59,DEBT_CONSOLIDATION
LN-505581,CUST-107585,2025-04-05,0,0,False,False,8265.98,Current,DEBT_CONSOLIDATION
LN-505582,CUST-104797,2025-04-05,0,0,False,False,747.28,Current,DEBT_CONSOLIDATION
LN-505583,CUST-100675,2025-04-05,0,0,False,False,20770.649999999998,Current,DEBT_CONSOLIDATION
LN-505584,CUST-105266,2025-04-05,0,0,False,False,445748.88,Current,DEBT_CONSOLIDATION
LN-505585,CUST-107633,2025-04-05,0,0,False,False,30295.895,Current,DEBT_CONSOLIDATION
LN-505587,CUST-103177,2025-04-05,0,0,False,False,20775.26,Current,DEBT_CONSOLIDATION
LN-505588,CUST-100409,2025-04-05,0,0,False,False,19958.37,Current,DEBT_CONSOLIDATION
LN-505589,CUST-104359,2025-04-05,1,2,False,False,21626.035,1-29,DEBT_CONSOLIDATION
LN-505590,CUST-107602,2025-04-05,0,0,False,False,19410.4,Current,DEBT_CONSOLIDATION
LN-505592,CUST-100653,2025-04-05,0,0,False,False,105066.39000000006,Current,DEBT_CONSOLIDATION
LN-505593,CUST-100763,2025-04-05,0,0,False,False,28253.835,Current,DEBT_CONSOLIDATION
LN-505594,CUST-103199,2025-04-05,0,0,False,False,12919.220000000003,Current,DEBT_CONSOLIDATION
LN-505595,CUST-103383,2025-04-05,0,0,False,False,5848.757500000001,Current,DEBT_CONSOLIDATION
LN-505596,CUST-101044,2025-04-05,0,0,False,False,9840.095000000007,Current,DEBT_CONSOLIDATION
LN-505597,CUST-103254,2025-04-05,0,0,False,False,395608.0324999999,Current,DEBT_CONSOLIDATION
LN-505598,CUST-107822,2025-04-05,0,0,False,False,16680.270000000004,Current,DEBT_CONSOLIDATION
LN-505600,CUST-102190,2025-04-05,0,0,False,False,7197.650000000006,Current,DEBT_CONSOLIDATION
LN-505601,CUST-107644,2025-04-05,0,0,False,False,2887.0750000000016,Current,DEBT_CONSOLIDATION
LN-505602,CUST-105131,2025-04-05,0,0,False,False,18067.087499999998,Current,DEBT_CONSOLIDATION
LN-505603,CUST-103603,2025-04-05,0,0,False,False,7965.79,Current,DEBT_CONSOLIDATION
LN-505604,CUST-103702,2025-04-05,0,0,False,False,13462.144999999997,Current,DEBT_CONSOLIDATION
LN-505605,CUST-102922,2025-04-05,0,0,False,False,117197.705,Current,DEBT_CONSOLIDATION
LN-505606,CUST-102778,2025-04-05,0,0,False,False,42120.25999999998,Current,DEBT_CONSOLIDATION
LN-505607,CUST-101978,2025-04-05,0,0,False,False,22179.35,Current,DEBT_CONSOLIDATION
LN-505608,CUST-103610,2025-04-05,0,0,False,False,20579.24,Current,DEBT_CONSOLIDATION
LN-505609,CUST-105834,2025-04-05,0,0,False,False,11638.68,Current,DEBT_CONSOLIDATION
LN-505610,CUST-103524,2025-04-05,0,0,False,False,16394.2,Current,DEBT_CONSOLIDATION
LN-505611,CUST-103210,2025-04-05,0,0,False,False,17798.39750000001,Current,DEBT_CONSOLIDATION
LN-505612,CUST-106812,2025-04-05,0,0,False,False,26990.282499999987,Current,DEBT_CONSOLIDATION
LN-505613,CUST-100515,2025-04-05,1,12,False,False,30616.479999999996,1-29,DEBT_CONSOLIDATION
LN-505615,CUST-107236,2025-04-05,0,0,False,False,21373.159999999996,Current,DEBT_CONSOLIDATION
LN-505616,CUST-100954,2025-04-05,0,0,False,False,13153.445000000002,Current,DEBT_CONSOLIDATION
LN-505617,CUST-101406,2025-04-05,0,0,False,False,42718.10249999997,Current,DEBT_CONSOLIDATION
LN-505619,CUST-100819,2025-04-05,0,0,False,False,12459.844999999994,Current,DEBT_CONSOLIDATION
LN-505620,CUST-104374,2025-04-05,0,0,False,False,13653.57,Current,DEBT_CONSOLIDATION
LN-505621,CUST-100179,2025-04-05,0,0,False,False,39870.06499999996,Current,DEBT_CONSOLIDATION
LN-505622,CUST-106630,2025-04-05,0,0,False,False,5112.357499999999,Current,DEBT_CONSOLIDATION
LN-505623,CUST-105944,2025-04-05,0,0,False,False,22924.53,Current,DEBT_CONSOLIDATION
LN-505624,CUST-101878,2025-04-05,0,0,False,False,44487.41000000003,Current,DEBT_CONSOLIDATION
LN-505625,CUST-105675,2025-04-05,2,51,False,False,62541.32249999998,30-59,DEBT_CONSOLIDATION
LN-505627,CUST-107637,2025-04-05,0,0,False,False,12531.935000000001,Current,DEBT_CONSOLIDATION
LN-505628,CUST-102452,2025-04-05,0,0,False,False,402.3249999999998,Current,DEBT_CONSOLIDATION
LN-505629,CUST-102141,2025-04-05,0,0,False,False,19903.639999999996,Current,DEBT_CONSOLIDATION
LN-505632,CUST-105088,2025-04-05,0,0,False,False,39118.990000000005,Current,DEBT_CONSOLIDATION
LN-505633,CUST-102723,2025-04-05,0,0,False,False,257336.16000000006,Current,DEBT_CONSOLIDATION
LN-505635,CUST-105909,2025-04-05,0,0,False,False,132274.89,Current,DEBT_CONSOLIDATION
LN-505636,CUST-105677,2025-04-05,0,0,False,False,20149.94,Current,DEBT_CONSOLIDATION
LN-505637,CUST-100966,2025-04-05,0,0,False,False,16529.375000000004,Current,DEBT_CONSOLIDATION
LN-505638,CUST-106126,2025-04-05,0,0,False,False,330195.95500000025,Current,DEBT_CONSOLIDATION
LN-505639,CUST-103815,2025-04-05,0,0,False,False,43143.2525,Current,DEBT_CONSOLIDATION
LN-505640,CUST-103903,2025-04-05,0,0,False,False,346382.0675,Current,DEBT_CONSOLIDATION
LN-505641,CUST-106772,2025-04-05,0,0,False,False,2431.550000000002,Current,DEBT_CONSOLIDATION
LN-505643,CUST-104316,2025-04-05,0,0,False,False,25984.255000000005,Current,DEBT_CONSOLIDATION
LN-505644,CUST-107805,2025-04-05,4,114,False,False,14054.32,90+,DEBT_CONSOLIDATION
LN-505645,CUST-105171,2025-04-05,0,0,False,False,23275.179999999986,Current,DEBT_CONSOLIDATION
LN-505646,CUST-104628,2025-04-05,0,0,False,False,48237.11,Current,DEBT_CONSOLIDATION
LN-505647,CUST-105103,2025-04-05,2,54,False,False,12963.5625,30-59,DEBT_CONSOLIDATION
LN-505648,CUST-103888,2025-04-05,0,0,False,False,5168.812500000007,Current,DEBT_CONSOLIDATION
LN-505649,CUST-107719,2025-04-05,0,0,False,False,13335.425,Current,DEBT_CONSOLIDATION
LN-505650,CUST-100116,2025-04-05,0,0,False,False,6080.635000000002,Current,DEBT_CONSOLIDATION
LN-505651,CUST-105378,2025-04-05,0,0,False,False,31101.38,Current,DEBT_CONSOLIDATION
LN-505652,CUST-102656,2025-04-05,0,0,False,False,11939.37,Current,DEBT_CONSOLIDATION
LN-505653,CUST-104039,2025-04-05,0,0,False,False,10231.714999999995,Current,DEBT_CONSOLIDATION
LN-505654,CUST-105833,2025-04-05,0,0,False,False,13011.759999999998,Current,DEBT_CONSOLIDATION
LN-505655,CUST-106287,2025-04-05,0,0,False,False,4045.0049999999983,Current,DEBT_CONSOLIDATION
LN-505656,CUST-100246,2025-04-05,0,0,False,False,29845.139999999992,Current,DEBT_CONSOLIDATION
LN-505657,CUST-107125,2025-04-05,0,0,False,False,40819.95,Current,DEBT_CONSOLIDATION
LN-505658,CUST-107403,2025-04-05,0,0,False,False,564267.51,Current,DEBT_CONSOLIDATION
LN-505659,CUST-102219,2025-04-05,0,0,False,False,24254.585,Current,DEBT_CONSOLIDATION
LN-505660,CUST-107218,2025-04-05,0,0,False,False,10833.587500000009,Current,DEBT_CONSOLIDATION
LN-505662,CUST-104065,2025-04-05,0,0,False,False,23013.932500000003,Current,DEBT_CONSOLIDATION
LN-505663,CUST-101159,2025-04-05,0,0,False,False,514877.47,Current,DEBT_CONSOLIDATION
LN-505664,CUST-107029,2025-04-05,0,0,False,False,8569.02,Current,DEBT_CONSOLIDATION
LN-505665,CUST-104813,2025-04-05,0,0,False,False,23867.28000000001,Current,DEBT_CONSOLIDATION
LN-505667,CUST-106781,2025-04-05,0,0,False,False,91516.23999999996,Current,DEBT_CONSOLIDATION
LN-505668,CUST-103842,2025-04-05,0,0,False,False,72471.86249999999,Current,DEBT_CONSOLIDATION
LN-505669,CUST-100663,2025-04-05,0,0,False,False,5061.57,Current,DEBT_CONSOLIDATION
LN-505670,CUST-104210,2025-04-05,0,0,False,False,26327.337499999998,Current,DEBT_CONSOLIDATION
LN-505671,CUST-100538,2025-04-05,1,21,False,False,84172.89749999998,1-29,DEBT_CONSOLIDATION
LN-505672,CUST-106532,2025-04-05,0,0,False,False,39171.047499999986,Current,DEBT_CONSOLIDATION
LN-505673,CUST-104150,2025-04-05,0,0,False,False,15354.560000000003,Current,DEBT_CONSOLIDATION
LN-505675,CUST-106483,2025-04-05,0,0,False,False,8218.329999999989,Current,DEBT_CONSOLIDATION
LN-505676,CUST-104306,2025-04-05,0,0,False,False,41136.22000000001,Current,DEBT_CONSOLIDATION
LN-505677,CUST-104499,2025-04-05,0,0,False,False,24658.895,Current,DEBT_CONSOLIDATION
LN-505678,CUST-105248,2025-04-05,0,0,False,False,22112.029999999988,Current,DEBT_CONSOLIDATION
LN-505680,CUST-102063,2025-04-05,0,0,False,False,205207.10999999996,Current,DEBT_CONSOLIDATION
LN-505681,CUST-104242,2025-04-05,0,0,False,False,41874.57999999999,Current,DEBT_CONSOLIDATION
LN-505682,CUST-105139,2025-04-05,0,0,False,False,9456.079999999996,Current,DEBT_CONSOLIDATION
LN-505683,CUST-105293,2025-04-05,0,0,False,False,20809.66999999999,Current,DEBT_CONSOLIDATION
LN-505684,CUST-100131,2025-04-05,0,0,False,False,26321.51,Current,DEBT_CONSOLIDATION
LN-505685,CUST-102304,2025-04-05,0,0,False,False,49026.8,Current,DEBT_CONSOLIDATION
LN-505686,CUST-102720,2025-04-05,0,0,False,False,141800.1,Current,DEBT_CONSOLIDATION
LN-505687,CUST-106260,2025-04-05,0,0,False,False,3156.67,Current,DEBT_CONSOLIDATION
LN-505688,CUST-107402,2025-04-05,0,0,False,False,30271.690000000017,Current,DEBT_CONSOLIDATION
LN-505689,CUST-101350,2025-04-05,0,0,False,False,11255.82,Current,DEBT_CONSOLIDATION
LN-505690,CUST-102220,2025-04-05,0,0,False,False,21894.745000000006,Current,DEBT_CONSOLIDATION
LN-505691,CUST-102041,2025-04-05,0,0,False,False,26152.234999999997,Current,DEBT_CONSOLIDATION
LN-505692,CUST-105708,2025-04-05,0,0,False,False,26435.315000000002,Current,DEBT_CONSOLIDATION
LN-505693,CUST-101899,2025-04-05,0,0,False,False,19295.952500000003,Current,DEBT_CONSOLIDATION
LN-505694,CUST-106585,2025-04-05,0,0,False,False,28258.880000000012,Current,DEBT_CONSOLIDATION
LN-505695,CUST-107930,2025-04-05,0,0,False,False,19715.672499999997,Current,DEBT_CONSOLIDATION
LN-505696,CUST-103125,2025-04-05,0,0,False,False,17553.447499999995,Current,DEBT_CONSOLIDATION
LN-505697,CUST-106952,2025-04-05,0,0,False,False,1394.6949999999997,Current,DEBT_CONSOLIDATION
LN-505698,CUST-100975,2025-04-05,0,0,False,False,11956.279999999999,Current,DEBT_CONSOLIDATION
LN-505699,CUST-107624,2025-04-05,0,0,False,False,10790.472499999996,Current,DEBT_CONSOLIDATION
LN-505700,CUST-102930,2025-04-05,0,0,False,False,6000.230000000001,Current,DEBT_CONSOLIDATION
LN-505701,CUST-100195,2025-04-05,0,0,False,False,27215.240000000005,Current,DEBT_CONSOLIDATION
LN-505702,CUST-101652,2025-04-05,0,0,False,False,5301.034999999997,Current,DEBT_CONSOLIDATION
LN-505703,CUST-105703,2025-04-05,0,0,False,False,34911.99000000002,Current,DEBT_CONSOLIDATION
LN-505705,CUST-105992,2025-04-05,0,0,False,False,10888.300000000003,Current,DEBT_CONSOLIDATION
LN-505706,CUST-103305,2025-04-05,0,0,False,False,23708.070000000007,Current,DEBT_CONSOLIDATION
LN-505707,CUST-100570,2025-04-05,0,0,False,False,12348.390000000003,Current,DEBT_CONSOLIDATION
LN-505708,CUST-106707,2025-04-05,0,0,False,False,24123.45,Current,DEBT_CONSOLIDATION
LN-505709,CUST-103994,2025-04-05,0,0,False,False,23197.31,Current,DEBT_CONSOLIDATION
LN-505710,CUST-104577,2025-04-05,0,0,False,False,14407.747500000001,Current,DEBT_CONSOLIDATION
LN-505711,CUST-106351,2025-04-05,0,0,False,False,38815.234999999986,Current,DEBT_CONSOLIDATION
LN-505713,CUST-107808,2025-04-05,0,0,False,False,4219.057500000003,Current,DEBT_CONSOLIDATION
LN-505714,CUST-104596,2025-04-05,0,0,False,False,3787.699999999998,Current,DEBT_CONSOLIDATION
LN-505715,CUST-104402,2025-04-05,0,0,False,False,8317.532499999996,Current,DEBT_CONSOLIDATION
LN-505718,CUST-105359,2025-04-05,0,0,False,False,11528.21,Current,DEBT_CONSOLIDATION
LN-505719,CUST-102325,2025-04-05,0,0,True,False,35674.47000000001,Current,DEBT_CONSOLIDATION
LN-505721,CUST-104894,2025-04-05,0,0,False,False,9269.04500000001,Current,DEBT_CONSOLIDATION
LN-505722,CUST-107438,2025-04-05,0,0,False,False,4238.014999999997,Current,DEBT_CONSOLIDATION
LN-505723,CUST-100347,2025-04-05,0,0,False,False,20497.280000000002,Current,DEBT_CONSOLIDATION
LN-505724,CUST-103838,2025-04-05,0,0,False,False,54447.48,Current,DEBT_CONSOLIDATION
LN-505726,CUST-106292,2025-04-05,0,0,False,False,50365.99,Current,DEBT_CONSOLIDATION
LN-505727,CUST-105782,2025-04-05,0,0,False,False,6662.727500000003,Current,DEBT_CONSOLIDATION
LN-505728,CUST-101460,2025-04-05,0,0,False,False,38864.48999999996,Current,DEBT_CONSOLIDATION
LN-505729,CUST-105087,2025-04-05,0,0,False,False,12099.969999999992,Current,DEBT_CONSOLIDATION
LN-505732,CUST-102746,2025-04-05,0,0,False,False,32300.277500000004,Current,DEBT_CONSOLIDATION
LN-505733,CUST-106443,2025-04-05,0,0,False,False,40133.0,Current,DEBT_CONSOLIDATION
LN-505734,CUST-100984,2025-04-05,0,0,False,False,14745.375000000007,Current,DEBT_CONSOLIDATION
LN-505736,CUST-106177,2025-04-05,0,0,False,False,15482.527500000004,Current,DEBT_CONSOLIDATION
LN-505737,CUST-106888,2025-04-05,0,0,False,False,27665.335000000003,Current,DEBT_CONSOLIDATION
LN-505738,CUST-104551,2025-04-05,0,0,False,False,5599.835000000005,Current,DEBT_CONSOLIDATION
LN-505739,CUST-101217,2025-04-05,0,0,False,False,602322.3099999999,Current,DEBT_CONSOLIDATION
LN-505740,CUST-101633,2025-04-05,0,0,False,False,4085.97,Current,DEBT_CONSOLIDATION
LN-505741,CUST-101698,2025-04-05,0,0,False,False,5345.719999999999,Current,DEBT_CONSOLIDATION
LN-505743,CUST-106067,2025-04-05,0,0,False,False,23474.417500000003,Current,DEBT_CONSOLIDATION
LN-505744,CUST-105924,2025-04-05,0,0,False,False,47102.9125,Current,DEBT_CONSOLIDATION
LN-505745,CUST-105994,2025-04-05,0,0,False,False,8858.085,Current,DEBT_CONSOLIDATION
LN-505747,CUST-101138,2025-04-05,0,0,False,False,22234.42500000001,Current,DEBT_CONSOLIDATION
LN-505748,CUST-103448,2025-04-05,0,0,False,False,27037.642499999998,Current,DEBT_CONSOLIDATION
LN-505749,CUST-103811,2025-04-05,0,0,False,False,3016.1975000000016,Current,DEBT_CONSOLIDATION
LN-505750,CUST-102299,2025-04-05,4,153,False,False,12162.065000000004,90+,DEBT_CONSOLIDATION
LN-505752,CUST-101229,2025-04-05,0,0,False,False,607634.89,Current,DEBT_CONSOLIDATION
LN-505753,CUST-101883,2025-04-05,0,0,False,False,43473.2225,Current,DEBT_CONSOLIDATION
LN-505754,CUST-100473,2025-04-05,0,0,False,False,22662.032500000005,Current,DEBT_CONSOLIDATION
LN-505755,CUST-106886,2025-04-05,0,0,False,False,11881.139999999998,Current,DEBT_CONSOLIDATION
LN-505756,CUST-107292,2025-04-05,0,0,False,False,20745.15,Current,DEBT_CONSOLIDATION
LN-505757,CUST-105979,2025-04-05,0,0,False,False,117744.02000000008,Current,DEBT_CONSOLIDATION
LN-505758,CUST-105402,2025-04-05,0,0,False,False,15032.8,Current,DEBT_CONSOLIDATION
LN-505759,CUST-106079,2025-04-05,0,0,False,False,13482.390000000003,Current,DEBT_CONSOLIDATION
LN-505760,CUST-100475,2025-04-05,0,0,False,False,33982.71999999999,Current,DEBT_CONSOLIDATION
LN-505761,CUST-105485,2025-04-05,0,0,False,False,6401.687499999999,Current,DEBT_CONSOLIDATION
LN-505762,CUST-102805,2025-04-05,0,0,False,False,29497.549999999996,Current,DEBT_CONSOLIDATION
LN-505763,CUST-102712,2025-04-05,0,0,False,False,6977.144999999999,Current,DEBT_CONSOLIDATION
LN-505764,CUST-107458,2025-04-05,0,0,False,False,11347.192499999997,Current,DEBT_CONSOLIDATION
LN-505766,CUST-105677,2025-04-05,0,0,False,False,33641.2875,Current,DEBT_CONSOLIDATION
LN-505767,CUST-102116,2025-04-05,0,0,False,False,31671.3525,Current,DEBT_CONSOLIDATION
LN-505768,CUST-104519,2025-04-05,0,0,False,False,20620.1375,Current,DEBT_CONSOLIDATION
LN-505769,CUST-100448,2025-04-05,0,0,False,False,19399.940000000006,Current,DEBT_CONSOLIDATION
LN-505770,CUST-107140,2025-04-05,0,0,False,False,24977.717500000002,Current,DEBT_CONSOLIDATION
LN-505771,CUST-101002,2025-04-05,0,0,False,False,15346.914999999997,Current,DEBT_CONSOLIDATION
LN-505772,CUST-106049,2025-04-05,1,19,False,False,43148.52000000002,1-29,DEBT_CONSOLIDATION
LN-505774,CUST-106680,2025-04-05,0,0,False,False,27282.667499999992,Current,DEBT_CONSOLIDATION
LN-505775,CUST-107483,2025-04-05,0,0,False,False,26219.485000000004,Current,DEBT_CONSOLIDATION
LN-505776,CUST-106082,2025-04-05,0,0,False,False,4842.865000000001,Current,DEBT_CONSOLIDATION
LN-505777,CUST-100341,2025-04-05,0,0,False,False,21080.025,Current,DEBT_CONSOLIDATION
LN-505778,CUST-103876,2025-04-05,0,0,False,False,89509.42000000007,Current,DEBT_CONSOLIDATION
LN-505779,CUST-104937,2025-04-05,0,0,False,False,44679.21000000004,Current,DEBT_CONSOLIDATION
LN-505781,CUST-106919,2025-04-05,0,0,False,False,7261.744999999999,Current,DEBT_CONSOLIDATION
LN-505782,CUST-100425,2025-04-05,0,0,False,False,44450.28250000002,Current,DEBT_CONSOLIDATION
LN-505783,CUST-107865,2025-04-05,0,0,False,False,37076.6925,Current,DEBT_CONSOLIDATION
LN-505784,CUST-102899,2025-04-05,0,0,False,False,12523.189999999995,Current,DEBT_CONSOLIDATION
LN-505785,CUST-101876,2025-04-05,0,0,False,False,44846.15,Current,DEBT_CONSOLIDATION
LN-505786,CUST-100072,2025-04-05,0,0,False,False,47428.852499999986,Current,DEBT_CONSOLIDATION
LN-505787,CUST-106650,2025-04-05,0,0,False,False,3758.9825000000005,Current,DEBT_CONSOLIDATION
LN-505788,CUST-102410,2025-04-05,0,0,False,False,11479.420000000004,Current,DEBT_CONSOLIDATION
LN-505789,CUST-100050,2025-04-05,0,0,False,False,8731.599999999997,Current,DEBT_CONSOLIDATION
LN-505790,CUST-101417,2025-04-05,0,0,False,False,12056.287500000004,Current,DEBT_CONSOLIDATION
LN-505791,CUST-101388,2025-04-05,0,0,False,False,41562.490000000034,Current,DEBT_CONSOLIDATION
LN-505792,CUST-102075,2025-04-05,0,0,False,False,2315.512500000002,Current,DEBT_CONSOLIDATION
LN-505795,CUST-107542,2025-04-05,0,0,False,False,16680.82,Current,DEBT_CONSOLIDATION
LN-505796,CUST-107528,2025-04-05,0,0,False,False,50436.935000000005,Current,DEBT_CONSOLIDATION
LN-505798,CUST-106511,2025-04-05,0,0,False,False,30138.304999999997,Current,DEBT_CONSOLIDATION
LN-505799,CUST-107591,2025-04-05,0,0,False,False,7256.500000000002,Current,DEBT_CONSOLIDATION
LN-505800,CUST-104022,2025-04-05,0,0,False,False,16117.38500000001,Current,DEBT_CONSOLIDATION
LN-505803,CUST-107176,2025-04-05,0,0,False,False,2073.739999999998,Current,DEBT_CONSOLIDATION
LN-505804,CUST-106779,2025-04-05,0,0,False,False,9252.699999999992,Current,DEBT_CONSOLIDATION
LN-505805,CUST-102127,2025-04-05,0,0,False,False,5757.3575,Current,DEBT_CONSOLIDATION
LN-505806,CUST-103350,2025-04-05,0,0,False,False,23039.5975,Current,DEBT_CONSOLIDATION
LN-505808,CUST-102183,2025-04-05,0,0,False,False,2878.8650000000002,Current,DEBT_CONSOLIDATION
LN-505809,CUST-107198,2025-04-05,4,114,False,False,450041.45,90+,DEBT_CONSOLIDATION
LN-505810,CUST-105391,2025-04-05,0,0,False,False,28399.670000000006,Current,DEBT_CONSOLIDATION
LN-505813,CUST-103222,2025-04-05,0,0,False,False,115322.51499999994,Current,DEBT_CONSOLIDATION
LN-505814,CUST-102229,2025-04-05,0,0,False,False,8015.8749999999945,Current,DEBT_CONSOLIDATION
LN-505815,CUST-101571,2025-04-05,0,0,False,False,24437.824999999997,Current,DEBT_CONSOLIDATION
LN-505816,CUST-101509,2025-04-05,0,0,False,False,51428.8375,Current,DEBT_CONSOLIDATION
LN-505817,CUST-105356,2025-04-05,0,0,False,False,41864.50000000003,Current,DEBT_CONSOLIDATION
LN-505818,CUST-101517,2025-04-05,0,0,False,False,5833.955000000001,Current,DEBT_CONSOLIDATION
LN-505819,CUST-100822,2025-04-05,0,0,False,False,35919.2325,Current,DEBT_CONSOLIDATION
LN-505820,CUST-102371,2025-04-05,0,0,False,False,30332.079999999994,Current,DEBT_CONSOLIDATION
LN-505821,CUST-106701,2025-04-05,0,0,False,False,21455.37,Current,DEBT_CONSOLIDATION
LN-505822,CUST-104038,2025-04-05,0,0,False,False,47262.83,Current,DEBT_CONSOLIDATION
LN-505823,CUST-100955,2025-04-05,1,11,False,False,526708.79,1-29,DEBT_CONSOLIDATION
LN-505824,CUST-106872,2025-04-05,0,0,False,False,44858.11000000001,Current,DEBT_CONSOLIDATION
LN-505825,CUST-107532,2025-04-05,0,0,False,False,62125.885,Current,DEBT_CONSOLIDATION
LN-505826,CUST-101930,2025-04-05,0,0,False,False,30059.785,Current,DEBT_CONSOLIDATION
LN-505827,CUST-107044,2025-04-05,0,0,False,False,12946.319999999998,Current,DEBT_CONSOLIDATION
LN-505828,CUST-104683,2025-04-05,0,0,False,False,17160.420000000016,Current,DEBT_CONSOLIDATION
LN-505829,CUST-107668,2025-04-05,0,0,False,False,2814.465,Current,DEBT_CONSOLIDATION
LN-505830,CUST-105872,2025-04-05,0,0,False,False,50376.637500000004,Current,DEBT_CONSOLIDATION
LN-505831,CUST-105330,2025-04-05,0,0,False,False,20672.890000000018,Current,DEBT_CONSOLIDATION
LN-505832,CUST-102045,2025-04-05,0,0,False,False,22795.2675,Current,DEBT_CONSOLIDATION
LN-505833,CUST-105347,2025-04-05,0,0,False,False,31072.660000000003,Current,DEBT_CONSOLIDATION
LN-505834,CUST-104529,2025-04-05,0,0,False,False,14445.480000000001,Current,DEBT_CONSOLIDATION
LN-505835,CUST-104109,2025-04-05,0,0,False,False,14557.919999999998,Current,DEBT_CONSOLIDATION
LN-505836,CUST-105809,2025-04-05,0,0,False,False,44359.780000000006,Current,DEBT_CONSOLIDATION
LN-505837,CUST-105948,2025-04-05,0,0,False,False,24251.547500000008,Current,DEBT_CONSOLIDATION
LN-505838,CUST-102456,2025-04-05,0,0,False,False,48741.0275,Current,DEBT_CONSOLIDATION
LN-505839,CUST-103542,2025-04-05,0,0,False,False,4562.344999999999,Current,DEBT_CONSOLIDATION
LN-505840,CUST-102281,2025-04-05,0,0,False,False,19670.10000000001,Current,DEBT_CONSOLIDATION
LN-505841,CUST-106219,2025-04-05,1,24,False,False,31240.184999999998,1-29,DEBT_CONSOLIDATION
LN-505842,CUST-104299,2025-04-05,0,0,False,False,10563.894999999999,Current,DEBT_CONSOLIDATION
LN-505843,CUST-105123,2025-04-05,0,0,False,False,21153.899999999998,Current,DEBT_CONSOLIDATION
LN-505844,CUST-106893,2025-04-05,1,4,False,False,8631.857500000004,1-29,DEBT_CONSOLIDATION
LN-505845,CUST-100606,2025-04-05,0,0,False,False,23295.86,Current,DEBT_CONSOLIDATION
LN-505846,CUST-100739,2025-04-05,0,0,False,False,6412.3049999999985,Current,DEBT_CONSOLIDATION
LN-505847,CUST-100316,2025-04-05,0,0,False,False,83428.79500000003,Current,DEBT_CONSOLIDATION
LN-505848,CUST-103756,2025-04-05,0,0,False,False,19845.2025,Current,DEBT_CONSOLIDATION
LN-505849,CUST-102904,2025-04-05,0,0,False,False,15066.280000000012,Current,DEBT_CONSOLIDATION
LN-505850,CUST-100600,2025-04-05,1,22,False,False,16625.027500000007,1-29,DEBT_CONSOLIDATION
LN-505851,CUST-100525,2025-04-05,0,0,False,False,9815.714999999993,Current,DEBT_CONSOLIDATION
LN-505853,CUST-103096,2025-04-05,1,2,False,False,13500.504999999997,1-29,DEBT_CONSOLIDATION
LN-505854,CUST-107415,2025-04-05,0,0,False,False,2950.870000000001,Current,DEBT_CONSOLIDATION
LN-505855,CUST-100105,2025-04-05,0,0,False,False,16330.504999999994,Current,DEBT_CONSOLIDATION
LN-505857,CUST-102925,2025-04-05,0,0,False,False,10292.239999999996,Current,DEBT_CONSOLIDATION
LN-505858,CUST-100185,2025-04-05,0,0,False,False,43070.355000000025,Current,DEBT_CONSOLIDATION
LN-505859,CUST-101038,2025-04-05,0,0,False,False,19890.249999999993,Current,DEBT_CONSOLIDATION
LN-505860,CUST-100755,2025-04-05,0,0,False,False,34967.40499999999,Current,DEBT_CONSOLIDATION
LN-505861,CUST-104606,2025-04-05,0,0,False,False,20712.350000000006,Current,DEBT_CONSOLIDATION
LN-505862,CUST-102076,2025-04-05,0,0,False,False,11169.147500000001,Current,DEBT_CONSOLIDATION
LN-505863,CUST-104637,2025-04-05,0,0,False,False,21434.25500000001,Current,DEBT_CONSOLIDATION
LN-505865,CUST-105583,2025-04-05,0,0,False,False,13639.275000000001,Current,DEBT_CONSOLIDATION
LN-505867,CUST-101318,2025-04-05,0,0,False,False,18383.680000000004,Current,DEBT_CONSOLIDATION
LN-505868,CUST-102093,2025-04-05,0,0,False,False,27850.93500000001,Current,DEBT_CONSOLIDATION
LN-505869,CUST-107039,2025-04-05,0,0,False,False,116480.35999999999,Current,DEBT_CONSOLIDATION
LN-505870,CUST-105469,2025-04-05,0,0,False,False,352739.2950000001,Current,DEBT_CONSOLIDATION
LN-505871,CUST-100433,2025-04-05,0,0,False,False,43979.76000000001,Current,DEBT_CONSOLIDATION
LN-505872,CUST-106606,2025-04-05,0,0,False,False,10232.565000000008,Current,DEBT_CONSOLIDATION
LN-505873,CUST-103362,2025-04-05,0,0,False,False,7791.96,Current,DEBT_CONSOLIDATION
LN-505874,CUST-103422,2025-04-05,1,3,False,False,6592.512500000003,1-29,DEBT_CONSOLIDATION
LN-505875,CUST-106024,2025-04-05,0,0,False,False,44782.225,Current,DEBT_CONSOLIDATION
LN-505877,CUST-107617,2025-04-05,0,0,False,False,15529.689999999993,Current,DEBT_CONSOLIDATION
LN-505878,CUST-105426,2025-04-05,0,0,False,False,47109.24,Current,DEBT_CONSOLIDATION
LN-505879,CUST-103672,2025-04-05,0,0,False,False,42855.62000000001,Current,DEBT_CONSOLIDATION
LN-505880,CUST-104396,2025-04-05,0,0,False,False,29313.48000000001,Current,DEBT_CONSOLIDATION
LN-505881,CUST-102398,2025-04-05,0,0,False,False,41613.35,Current,DEBT_CONSOLIDATION
LN-505882,CUST-106912,2025-04-05,0,0,False,False,18437.372499999998,Current,DEBT_CONSOLIDATION
LN-505884,CUST-104893,2025-04-05,1,15,False,False,8823.279999999999,1-29,DEBT_CONSOLIDATION
LN-505885,CUST-107858,2025-04-05,0,0,False,False,21648.269999999997,Current,DEBT_CONSOLIDATION
LN-505886,CUST-101739,2025-04-05,0,0,False,False,1391.9599999999994,Current,DEBT_CONSOLIDATION
LN-505887,CUST-106026,2025-04-05,0,0,False,False,29218.582499999997,Current,DEBT_CONSOLIDATION
LN-505889,CUST-105017,2025-04-05,0,0,False,False,16457.57500000001,Current,DEBT_CONSOLIDATION
LN-505890,CUST-102115,2025-04-05,0,0,False,False,57487.240000000005,Current,DEBT_CONSOLIDATION
LN-505891,CUST-106621,2025-04-05,0,0,False,False,28354.4,Current,DEBT_CONSOLIDATION
LN-505892,CUST-103897,2025-04-05,0,0,False,False,7006.835,Current,DEBT_CONSOLIDATION
LN-505893,CUST-101998,2025-04-05,0,0,False,False,15060.040000000006,Current,DEBT_CONSOLIDATION
LN-505894,CUST-100022,2025-04-05,0,0,False,False,6797.41,Current,DEBT_CONSOLIDATION
LN-505895,CUST-103946,2025-04-05,0,0,False,False,19868.260000000002,Current,DEBT_CONSOLIDATION
LN-505896,CUST-106218,2025-04-05,0,0,False,False,2850.1399999999994,Current,DEBT_CONSOLIDATION
LN-505898,CUST-105360,2025-04-05,0,0,False,False,31916.46500000001,Current,DEBT_CONSOLIDATION
LN-505900,CUST-105431,2025-04-05,0,0,False,False,25494.872500000012,Current,DEBT_CONSOLIDATION
LN-505901,CUST-102542,2025-04-05,0,0,False,False,24726.247500000016,Current,DEBT_CONSOLIDATION
LN-505902,CUST-105869,2025-04-05,0,0,False,False,31717.68500000002,Current,DEBT_CONSOLIDATION
LN-505903,CUST-104238,2025-04-05,0,0,False,False,12258.83,Current,DEBT_CONSOLIDATION
LN-505904,CUST-101004,2025-04-05,0,0,False,False,19530.547499999997,Current,DEBT_CONSOLIDATION
LN-505905,CUST-100518,2025-04-05,0,0,False,False,1237.1400000000008,Current,DEBT_CONSOLIDATION
LN-505906,CUST-102504,2025-04-05,0,0,False,False,42333.67,Current,DEBT_CONSOLIDATION
LN-505907,CUST-105098,2025-04-05,0,0,False,False,21990.87,Current,DEBT_CONSOLIDATION
LN-505908,CUST-100746,2025-04-05,0,0,False,False,26786.324999999997,Current,DEBT_CONSOLIDATION
LN-505909,CUST-107510,2025-04-05,0,0,False,False,12731.88,Current,DEBT_CONSOLIDATION
LN-505910,CUST-105178,2025-04-05,0,0,False,False,19927.239999999998,Current,DEBT_CONSOLIDATION
LN-505911,CUST-103087,2025-04-05,0,0,False,False,13437.494999999992,Current,DEBT_CONSOLIDATION
LN-505912,CUST-101682,2025-04-05,0,0,False,False,24295.820000000014,Current,DEBT_CONSOLIDATION
LN-505913,CUST-101800,2025-04-05,1,17,False,False,3187.0475,1-29,DEBT_CONSOLIDATION
LN-505914,CUST-103179,2025-04-05,0,0,False,False,631736.9700000003,Current,DEBT_CONSOLIDATION
LN-505915,CUST-107461,2025-04-05,0,0,False,False,12683.610000000004,Current,DEBT_CONSOLIDATION
LN-505916,CUST-100180,2025-04-05,0,0,False,False,28990.952499999996,Current,DEBT_CONSOLIDATION
LN-505917,CUST-104586,2025-04-05,4,136,False,False,21260.749999999996,90+,DEBT_CONSOLIDATION
LN-505918,CUST-107040,2025-04-05,0,0,False,False,20079.56999999999,Current,DEBT_CONSOLIDATION
LN-505919,CUST-101377,2025-04-05,0,0,False,False,6386.760000000006,Current,DEBT_CONSOLIDATION
LN-505920,CUST-100979,2025-04-05,0,0,False,False,11732.189999999995,Current,DEBT_CONSOLIDATION
LN-505921,CUST-105868,2025-04-05,0,0,False,False,39385.34000000002,Current,DEBT_CONSOLIDATION
LN-505926,CUST-104585,2025-04-05,0,0,False,False,23377.52000000001,Current,DEBT_CONSOLIDATION
LN-505927,CUST-102626,2025-04-05,1,16,False,False,41866.05000000001,1-29,DEBT_CONSOLIDATION
LN-505928,CUST-105137,2025-04-05,0,0,False,False,19872.652499999997,Current,DEBT_CONSOLIDATION
LN-505930,CUST-104747,2025-04-05,0,0,False,False,5338.760000000001,Current,DEBT_CONSOLIDATION
LN-505932,CUST-106303,2025-04-05,0,0,False,False,38450.92999999996,Current,DEBT_CONSOLIDATION
LN-505933,CUST-100779,2025-04-05,0,0,False,False,8513.76500000001,Current,DEBT_CONSOLIDATION
LN-505936,CUST-105287,2025-04-05,0,0,False,False,35706.9275,Current,DEBT_CONSOLIDATION
LN-505937,CUST-105898,2025-04-05,0,0,False,False,2650.6949999999993,Current,DEBT_CONSOLIDATION
LN-505940,CUST-107100,2025-04-05,0,0,False,False,50023.49,Current,DEBT_CONSOLIDATION
LN-505941,CUST-100431,2025-04-05,0,0,False,False,9764.595,Current,DEBT_CONSOLIDATION
LN-505942,CUST-106775,2025-04-05,0,0,False,False,2088.9074999999984,Current,DEBT_CONSOLIDATION
LN-505943,CUST-102777,2025-04-05,0,0,False,False,12165.589999999998,Current,DEBT_CONSOLIDATION
LN-505944,CUST-104010,2025-04-05,1,30,False,False,4784.4775,1-29,DEBT_CONSOLIDATION
LN-505945,CUST-102827,2025-04-05,0,0,False,False,2433.8200000000024,Current,DEBT_CONSOLIDATION
LN-505946,CUST-105106,2025-04-05,1,3,False,False,19743.864999999998,1-29,DEBT_CONSOLIDATION
LN-505947,CUST-104766,2025-04-05,0,0,False,False,19316.92,Current,DEBT_CONSOLIDATION
LN-505948,CUST-106264,2025-04-05,0,0,False,False,471534.57000000024,Current,DEBT_CONSOLIDATION
LN-505950,CUST-106246,2025-04-05,0,0,False,False,45247.67,Current,DEBT_CONSOLIDATION
LN-505951,CUST-104636,2025-04-05,0,0,False,False,14455.1175,Current,DEBT_CONSOLIDATION
LN-505952,CUST-101007,2025-04-05,0,0,False,False,30641.889999999996,Current,DEBT_CONSOLIDATION
LN-505953,CUST-101613,2025-04-05,0,0,False,False,46517.737499999996,Current,DEBT_CONSOLIDATION
LN-505954,CUST-106949,2025-04-05,0,0,False,False,9825.43,Current,DEBT_CONSOLIDATION
LN-505955,CUST-103392,2025-04-05,0,0,False,False,32548.2,Current,DEBT_CONSOLIDATION
LN-505956,CUST-103082,2025-04-05,0,0,False,False,552465.6599999999,Current,DEBT_CONSOLIDATION
LN-505957,CUST-103571,2025-04-05,0,0,False,False,24029.029999999995,Current,DEBT_CONSOLIDATION
LN-505959,CUST-107174,2025-04-05,0,0,False,False,22256.68,Current,DEBT_CONSOLIDATION
LN-505961,CUST-101627,2025-04-05,0,0,False,False,13472.517499999998,Current,DEBT_CONSOLIDATION
LN-505962,CUST-103297,2025-04-05,0,0,False,False,19446.85,Current,DEBT_CONSOLIDATION
LN-505963,CUST-106908,2025-04-05,0,0,False,False,25357.72,Current,DEBT_CONSOLIDATION
LN-505964,CUST-101568,2025-04-05,4,201,False,False,10083.259999999998,90+,DEBT_CONSOLIDATION
LN-505965,CUST-102599,2025-04-05,0,0,False,False,38871.37249999998,Current,DEBT_CONSOLIDATION
LN-505966,CUST-100829,2025-04-05,0,0,False,False,14540.199999999997,Current,DEBT_CONSOLIDATION
LN-505967,CUST-104768,2025-04-05,0,0,False,False,33719.1475,Current,DEBT_CONSOLIDATION
LN-505968,CUST-107770,2025-04-05,0,0,False,False,40432.79,Current,DEBT_CONSOLIDATION
LN-505969,CUST-107965,2025-04-05,0,0,False,False,48424.185,Current,DEBT_CONSOLIDATION
LN-505970,CUST-107525,2025-04-05,0,0,False,False,37661.799999999974,Current,DEBT_CONSOLIDATION
LN-505971,CUST-107265,2025-04-05,0,0,False,False,5594.052500000002,Current,DEBT_CONSOLIDATION
LN-505972,CUST-107366,2025-04-05,0,0,False,False,975.8899999999999,Current,DEBT_CONSOLIDATION
LN-505973,CUST-106673,2025-04-05,0,0,False,False,13957.18,Current,DEBT_CONSOLIDATION
LN-505976,CUST-104125,2025-04-05,0,0,False,False,58952.34,Current,DEBT_CONSOLIDATION
LN-505977,CUST-107788,2025-04-05,0,0,False,False,39617.179999999986,Current,DEBT_CONSOLIDATION
LN-505978,CUST-100061,2025-04-05,0,0,False,False,209712.72,Current,DEBT_CONSOLIDATION
LN-505979,CUST-101067,2025-04-05,0,0,False,False,18509.55500000001,Current,DEBT_CONSOLIDATION
LN-505980,CUST-106864,2025-04-05,0,0,False,False,39658.74000000002,Current,DEBT_CONSOLIDATION
LN-505982,CUST-105757,2025-04-05,0,0,False,False,15982.80000000001,Current,DEBT_CONSOLIDATION
LN-505983,CUST-101704,2025-04-05,0,0,False,False,39298.49000000001,Current,DEBT_CONSOLIDATION
LN-505984,CUST-100122,2025-04-05,0,0,False,False,58318.38,Current,DEBT_CONSOLIDATION
LN-505985,CUST-101884,2025-04-05,0,0,False,False,46140.69,Current,DEBT_CONSOLIDATION
LN-505986,CUST-105000,2025-04-05,0,0,False,False,20906.465000000004,Current,DEBT_CONSOLIDATION
LN-505987,CUST-107464,2025-04-05,0,0,False,False,16845.78,Current,DEBT_CONSOLIDATION
LN-505988,CUST-103322,2025-04-05,0,0,False,False,30662.56000000001,Current,DEBT_CONSOLIDATION
LN-505989,CUST-105087,2025-04-05,4,183,False,False,8927.139999999996,90+,DEBT_CONSOLIDATION
LN-505990,CUST-105458,2025-04-05,0,0,False,False,8307.855000000001,Current,DEBT_CONSOLIDATION
LN-505991,CUST-102866,2025-04-05,0,0,False,False,11532.119999999995,Current,DEBT_CONSOLIDATION
LN-505992,CUST-106121,2025-04-05,0,0,False,False,91657.15,Current,DEBT_CONSOLIDATION
LN-505993,CUST-106778,2025-04-05,0,0,False,False,36750.12999999999,Current,DEBT_CONSOLIDATION
LN-505994,CUST-104422,2025-04-05,0,0,False,False,10776.237500000008,Current,DEBT_CONSOLIDATION
LN-505995,CUST-105289,2025-04-05,0,0,False,False,8049.520000000002,Current,DEBT_CONSOLIDATION
LN-505996,CUST-107707,2025-04-05,0,0,False,True,14329.332499999997,Current,DEBT_CONSOLIDATION
LN-505997,CUST-103770,2025-04-05,0,0,False,False,31158.935000000005,Current,DEBT_CONSOLIDATION
LN-505998,CUST-100535,2025-04-05,0,0,False,False,18302.187499999996,Current,DEBT_CONSOLIDATION
LN-505999,CUST-102932,2025-04-05,0,0,False,False,2526.1825,Current,DEBT_CONSOLIDATION
LN-506000,CUST-106794,2025-04-05,0,0,False,False,9522.045000000004,Current,DEBT_CONSOLIDATION
LN-506002,CUST-103238,2025-04-05,0,0,False,False,819.7800000000002,Current,DEBT_CONSOLIDATION
LN-506003,CUST-104025,2025-04-05,0,0,False,False,13265.102499999994,Current,DEBT_CONSOLIDATION
LN-506004,CUST-107855,2025-04-05,0,0,False,False,12389.265000000003,Current,DEBT_CONSOLIDATION
LN-506005,CUST-100476,2025-04-05,0,0,False,False,10889.80500000001,Current,DEBT_CONSOLIDATION
LN-506006,CUST-102032,2025-04-05,0,0,False,False,15088.440000000006,Current,DEBT_CONSOLIDATION
LN-506007,CUST-105291,2025-04-05,0,0,False,False,19655.92,Current,DEBT_CONSOLIDATION
LN-506009,CUST-105438,2025-04-05,0,0,False,False,4388.8499999999985,Current,DEBT_CONSOLIDATION
LN-506010,CUST-104684,2025-04-05,0,0,False,False,3802.250000000001,Current,DEBT_CONSOLIDATION
LN-506011,CUST-105608,2025-04-05,0,0,False,False,14224.694999999989,Current,DEBT_CONSOLIDATION
LN-506012,CUST-103835,2025-04-05,0,0,False,False,25939.402500000004,Current,DEBT_CONSOLIDATION
LN-506013,CUST-101842,2025-04-05,0,0,False,False,2344.2300000000005,Current,DEBT_CONSOLIDATION
LN-506014,CUST-101751,2025-04-05,0,0,False,False,13388.839999999998,Current,DEBT_CONSOLIDATION
LN-506015,CUST-102605,2025-04-05,0,0,False,False,21862.255,Current,DEBT_CONSOLIDATION
LN-506016,CUST-105872,2025-04-05,0,0,False,False,5325.925000000001,Current,DEBT_CONSOLIDATION
LN-506017,CUST-105534,2025-04-05,0,0,False,False,3496.3399999999997,Current,DEBT_CONSOLIDATION
LN-506018,CUST-106468,2025-04-05,0,0,False,False,13358.509999999997,Current,DEBT_CONSOLIDATION
LN-506019,CUST-101561,2025-04-05,0,0,False,False,82939.95500000003,Current,DEBT_CONSOLIDATION
LN-506023,CUST-100737,2025-04-05,0,0,False,False,98121.57249999998,Current,DEBT_CONSOLIDATION
LN-506024,CUST-106602,2025-04-05,0,0,False,False,4805.345000000003,Current,DEBT_CONSOLIDATION
LN-506025,CUST-103721,2025-04-05,0,0,False,False,11335.924999999996,Current,DEBT_CONSOLIDATION
LN-506026,CUST-101958,2025-04-05,0,0,False,False,295300.23,Current,DEBT_CONSOLIDATION
LN-506027,CUST-101228,2025-04-05,0,0,False,False,41884.29249999999,Current,DEBT_CONSOLIDATION
LN-506028,CUST-104742,2025-04-05,0,0,False,False,8259.5825,Current,DEBT_CONSOLIDATION
LN-506030,CUST-105843,2025-04-05,0,0,False,False,264845.73250000033,Current,DEBT_CONSOLIDATION
LN-506031,CUST-107540,2025-04-05,0,0,False,False,79182.69499999995,Current,DEBT_CONSOLIDATION
LN-506032,CUST-100306,2025-04-05,0,0,True,False,21003.939999999988,Current,DEBT_CONSOLIDATION
LN-506033,CUST-106802,2025-04-05,0,0,False,False,140465.89749999996,Current,DEBT_CONSOLIDATION
LN-506034,CUST-106988,2025-04-05,0,0,False,False,38839.40250000003,Current,DEBT_CONSOLIDATION
LN-506035,CUST-107809,2025-04-05,0,0,False,False,35270.49,Current,DEBT_CONSOLIDATION
LN-506036,CUST-100553,2025-04-05,0,0,False,False,8621.290000000003,Current,DEBT_CONSOLIDATION
LN-506037,CUST-107531,2025-04-05,0,0,False,False,25561.650000000023,Current,DEBT_CONSOLIDATION
LN-506038,CUST-100092,2025-04-05,0,0,False,False,23667.089999999997,Current,DEBT_CONSOLIDATION
LN-506039,CUST-102605,2025-04-05,0,0,False,False,53535.64,Current,DEBT_CONSOLIDATION
LN-506040,CUST-101190,2025-04-05,0,0,False,False,11816.28,Current,DEBT_CONSOLIDATION
LN-506041,CUST-102853,2025-04-05,0,0,True,False,48943.847499999974,Current,DEBT_CONSOLIDATION
LN-506042,CUST-104745,2025-04-05,0,0,False,False,39907.355,Current,DEBT_CONSOLIDATION
LN-506043,CUST-100907,2025-04-05,0,0,False,False,34422.29500000002,Current,DEBT_CONSOLIDATION
LN-506044,CUST-107824,2025-04-05,0,0,False,False,24792.647500000003,Current,DEBT_CONSOLIDATION
LN-506045,CUST-107103,2025-04-05,0,0,False,False,34184.94,Current,DEBT_CONSOLIDATION
LN-506046,CUST-100465,2025-04-05,0,0,False,False,11113.959999999997,Current,DEBT_CONSOLIDATION
LN-506047,CUST-103501,2025-04-05,0,0,False,False,39788.93000000001,Current,DEBT_CONSOLIDATION
LN-506048,CUST-100674,2025-04-05,4,105,False,False,7788.09,90+,DEBT_CONSOLIDATION
LN-506049,CUST-102042,2025-04-05,0,0,False,False,7131.130000000005,Current,DEBT_CONSOLIDATION
LN-506050,CUST-103813,2025-04-05,0,0,False,False,21640.000000000015,Current,DEBT_CONSOLIDATION
LN-506051,CUST-106871,2025-04-05,0,0,False,False,15597.160000000007,Current,DEBT_CONSOLIDATION
LN-506052,CUST-101747,2025-04-05,0,0,False,False,34213.08,Current,DEBT_CONSOLIDATION
LN-506054,CUST-106360,2025-04-05,0,0,False,False,23129.225,Current,DEBT_CONSOLIDATION
LN-506056,CUST-102897,2025-04-05,0,0,False,False,15061.467500000008,Current,DEBT_CONSOLIDATION
LN-506057,CUST-105360,2025-04-05,0,0,False,False,7817.427500000002,Current,DEBT_CONSOLIDATION
LN-506058,CUST-101496,2025-04-05,0,0,False,False,9005.449999999995,Current,DEBT_CONSOLIDATION
LN-506059,CUST-100410,2025-04-05,0,0,False,False,43220.63999999996,Current,DEBT_CONSOLIDATION
LN-506061,CUST-102109,2025-04-05,0,0,False,False,38130.55999999998,Current,DEBT_CONSOLIDATION
LN-506062,CUST-105186,2025-04-05,0,0,False,False,48476.86,Current,DEBT_CONSOLIDATION
LN-506063,CUST-102610,2025-04-05,0,0,False,False,25156.610000000004,Current,DEBT_CONSOLIDATION
LN-506064,CUST-103016,2025-04-05,0,0,False,False,16445.96249999998,Current,DEBT_CONSOLIDATION
LN-506065,CUST-107347,2025-04-05,0,0,False,False,23216.800000000017,Current,DEBT_CONSOLIDATION
LN-506066,CUST-102567,2025-04-05,0,0,False,False,18099.52500000001,Current,DEBT_CONSOLIDATION
LN-506067,CUST-102472,2025-04-05,0,0,False,False,50811.775,Current,DEBT_CONSOLIDATION
LN-506068,CUST-102536,2025-04-05,0,0,False,False,41077.42,Current,DEBT_CONSOLIDATION
LN-506069,CUST-100003,2025-04-05,0,0,False,False,41909.600000000035,Current,DEBT_CONSOLIDATION
LN-506071,CUST-105522,2025-04-05,0,0,False,False,19014.855,Current,DEBT_CONSOLIDATION
LN-506072,CUST-100395,2025-04-05,0,0,False,False,8200.505000000005,Current,DEBT_CONSOLIDATION
LN-506073,CUST-104458,2025-04-05,0,0,False,False,11182.66,Current,DEBT_CONSOLIDATION
LN-506074,CUST-106635,2025-04-05,0,0,False,False,8120.870000000002,Current,DEBT_CONSOLIDATION
LN-506075,CUST-104511,2025-04-05,0,0,False,False,16669.120000000014,Current,DEBT_CONSOLIDATION
LN-506076,CUST-101879,2025-04-05,0,0,False,False,12765.2675,Current,DEBT_CONSOLIDATION
LN-506077,CUST-102372,2025-04-05,0,0,False,False,14823.844999999998,Current,DEBT_CONSOLIDATION
LN-506079,CUST-104012,2025-04-05,0,0,False,False,16361.13,Current,DEBT_CONSOLIDATION
LN-506080,CUST-103307,2025-04-05,0,0,False,False,19344.385000000002,Current,DEBT_CONSOLIDATION
LN-506081,CUST-101238,2025-04-05,1,3,False,False,141126.03000000014,1-29,DEBT_CONSOLIDATION
LN-506082,CUST-104008,2025-04-05,0,0,False,False,17477.33,Current,DEBT_CONSOLIDATION
LN-506083,CUST-107192,2025-04-05,0,0,False,False,133297.06000000003,Current,DEBT_CONSOLIDATION
LN-506084,CUST-107999,2025-04-05,2,32,False,False,11053.752500000004,30-59,DEBT_CONSOLIDATION
LN-506085,CUST-105143,2025-04-05,0,0,False,False,9261.999999999996,Current,DEBT_CONSOLIDATION
LN-506086,CUST-102589,2025-04-05,0,0,False,False,25358.929999999997,Current,DEBT_CONSOLIDATION
LN-506087,CUST-103183,2025-04-05,0,0,False,False,7825.18,Current,DEBT_CONSOLIDATION
LN-506088,CUST-102317,2025-04-05,0,0,False,False,8052.129999999996,Current,DEBT_CONSOLIDATION
LN-506089,CUST-101462,2025-04-05,0,0,False,False,19746.52999999998,Current,DEBT_CONSOLIDATION
LN-506090,CUST-103680,2025-04-05,0,0,False,False,1941.6925,Current,DEBT_CONSOLIDATION
LN-506091,CUST-101194,2025-04-05,0,0,False,False,6154.144999999997,Current,DEBT_CONSOLIDATION
LN-506092,CUST-106848,2025-04-05,0,0,True,False,15824.179999999995,Current,DEBT_CONSOLIDATION
LN-506095,CUST-106229,2025-04-05,0,0,False,False,4947.144999999999,Current,DEBT_CONSOLIDATION
LN-506096,CUST-107194,2025-04-05,0,0,False,False,8714.917499999989,Current,DEBT_CONSOLIDATION
LN-506097,CUST-105463,2025-04-05,0,0,False,False,16020.355000000003,Current,DEBT_CONSOLIDATION
LN-506098,CUST-104222,2025-04-05,0,0,False,False,37825.44,Current,DEBT_CONSOLIDATION
LN-506100,CUST-100309,2025-04-05,0,0,False,False,37674.89,Current,DEBT_CONSOLIDATION
LN-506102,CUST-101767,2025-04-05,0,0,False,False,18631.69,Current,DEBT_CONSOLIDATION
LN-506103,CUST-101950,2025-04-05,0,0,False,False,5411.905000000001,Current,DEBT_CONSOLIDATION
LN-506104,CUST-103276,2025-04-05,0,0,False,False,3628.8899999999985,Current,DEBT_CONSOLIDATION
LN-506105,CUST-107534,2025-04-05,0,0,False,False,9019.537500000004,Current,DEBT_CONSOLIDATION
LN-506106,CUST-101651,2025-04-05,0,0,False,False,13898.900000000009,Current,DEBT_CONSOLIDATION
LN-506107,CUST-102629,2025-04-05,0,0,False,False,18011.8,Current,DEBT_CONSOLIDATION
LN-506108,CUST-104175,2025-04-05,4,165,False,False,42694.905,90+,DEBT_CONSOLIDATION
LN-506109,CUST-104361,2025-04-05,0,0,False,False,8478.689999999999,Current,DEBT_CONSOLIDATION
LN-506110,CUST-107584,2025-04-05,0,0,False,False,45237.9475,Current,DEBT_CONSOLIDATION
LN-506111,CUST-100956,2025-04-05,0,0,False,False,12180.139999999994,Current,DEBT_CONSOLIDATION
LN-506112,CUST-105962,2025-04-05,0,0,False,False,20259.9375,Current,DEBT_CONSOLIDATION
LN-506113,CUST-104869,2025-04-05,0,0,False,False,13996.820000000002,Current,DEBT_CONSOLIDATION
LN-506114,CUST-104840,2025-04-05,0,0,False,False,12629.984999999999,Current,DEBT_CONSOLIDATION
LN-506115,CUST-102122,2025-04-05,0,0,False,False,17714.714999999986,Current,DEBT_CONSOLIDATION
LN-506116,CUST-100706,2025-04-05,0,0,False,False,3188.5674999999987,Current,DEBT_CONSOLIDATION
LN-506117,CUST-107309,2025-04-05,0,0,False,False,3773.6100000000038,Current,DEBT_CONSOLIDATION
LN-506118,CUST-103536,2025-04-05,1,15,False,False,333366.3799999999,1-29,DEBT_CONSOLIDATION
LN-506120,CUST-106159,2025-04-05,0,0,False,False,14467.34500000001,Current,DEBT_CONSOLIDATION
LN-506121,CUST-101110,2025-04-05,0,0,True,False,6327.787499999998,Current,DEBT_CONSOLIDATION
LN-506122,CUST-107439,2025-04-05,0,0,False,False,9832.244999999999,Current,DEBT_CONSOLIDATION
LN-506123,CUST-105710,2025-04-05,0,0,False,False,14719.12249999999,Current,DEBT_CONSOLIDATION
LN-506124,CUST-103197,2025-04-05,0,0,False,False,22626.67500000001,Current,DEBT_CONSOLIDATION
LN-506125,CUST-103597,2025-04-05,0,0,False,False,41050.58000000001,Current,DEBT_CONSOLIDATION
LN-506126,CUST-105956,2025-04-05,0,0,False,False,4255.660000000001,Current,DEBT_CONSOLIDATION
LN-506127,CUST-107082,2025-04-05,0,0,False,False,2624.577499999999,Current,DEBT_CONSOLIDATION
LN-506128,CUST-102760,2025-04-05,0,0,False,False,6408.499999999996,Current,DEBT_CONSOLIDATION
LN-506129,CUST-107507,2025-04-05,0,0,False,False,6797.904999999997,Current,DEBT_CONSOLIDATION
LN-506130,CUST-102885,2025-04-05,0,0,False,False,42099.999999999985,Current,DEBT_CONSOLIDATION
LN-506131,CUST-101015,2025-04-05,0,0,False,False,17653.6,Current,DEBT_CONSOLIDATION
LN-506132,CUST-101705,2025-04-05,0,0,False,False,2094.062499999999,Current,DEBT_CONSOLIDATION
LN-506133,CUST-104213,2025-04-05,0,0,False,False,147412.1700000001,Current,DEBT_CONSOLIDATION
LN-506135,CUST-106224,2025-04-05,0,0,False,False,32954.0325,Current,DEBT_CONSOLIDATION
LN-506136,CUST-105746,2025-04-05,0,0,False,False,20576.547500000004,Current,DEBT_CONSOLIDATION
LN-506137,CUST-102660,2025-04-05,0,0,False,False,10973.2425,Current,DEBT_CONSOLIDATION
LN-506138,CUST-107951,2025-04-05,0,0,False,False,116888.29250000004,Current,DEBT_CONSOLIDATION
LN-506139,CUST-107951,2025-04-05,0,0,False,False,12743.192499999997,Current,DEBT_CONSOLIDATION
LN-506141,CUST-101678,2025-04-05,0,0,False,False,44325.5125,Current,DEBT_CONSOLIDATION
LN-506142,CUST-100712,2025-04-05,0,0,False,False,5612.685000000001,Current,DEBT_CONSOLIDATION
LN-506143,CUST-107517,2025-04-05,0,0,False,False,3882.71,Current,DEBT_CONSOLIDATION
LN-506145,CUST-101650,2025-04-05,0,0,False,False,10036.269999999995,Current,DEBT_CONSOLIDATION
LN-506146,CUST-104278,2025-04-05,0,0,False,False,130364.58,Current,DEBT_CONSOLIDATION
LN-506147,CUST-103942,2025-04-05,0,0,False,False,37654.12750000001,Current,DEBT_CONSOLIDATION
LN-506148,CUST-100281,2025-04-05,0,0,False,False,33248.0025,Current,DEBT_CONSOLIDATION
LN-506150,CUST-103949,2025-04-05,0,0,False,False,6908.84,Current,DEBT_CONSOLIDATION
LN-506152,CUST-105750,2025-04-05,0,0,False,False,33170.98,Current,DEBT_CONSOLIDATION
LN-506153,CUST-102128,2025-04-05,0,0,False,False,12372.102499999995,Current,DEBT_CONSOLIDATION
LN-506154,CUST-102952,2025-04-05,0,0,False,False,14646.02,Current,DEBT_CONSOLIDATION
LN-506155,CUST-101964,2025-04-05,0,0,False,False,33791.12000000002,Current,DEBT_CONSOLIDATION
LN-506156,CUST-102900,2025-04-05,0,0,False,False,24151.81249999999,Current,DEBT_CONSOLIDATION
LN-506157,CUST-101934,2025-04-05,0,0,False,False,119339.81249999999,Current,DEBT_CONSOLIDATION
LN-506158,CUST-106952,2025-04-05,0,0,False,False,29321.859999999993,Current,DEBT_CONSOLIDATION
LN-506160,CUST-100217,2025-04-05,0,0,False,False,54274.13,Current,DEBT_CONSOLIDATION
LN-506161,CUST-102154,2025-04-05,0,0,False,False,27771.957500000015,Current,DEBT_CONSOLIDATION
LN-506162,CUST-106261,2025-04-05,0,0,False,False,19900.772500000014,Current,DEBT_CONSOLIDATION
LN-506163,CUST-107407,2025-04-05,0,0,False,False,11447.83,Current,DEBT_CONSOLIDATION
LN-506164,CUST-100769,2025-04-05,0,0,False,False,10372.954999999994,Current,DEBT_CONSOLIDATION
LN-506165,CUST-102746,2025-04-05,0,0,False,False,27888.33999999999,Current,DEBT_CONSOLIDATION
LN-506166,CUST-106657,2025-04-05,0,0,False,False,407332.59249999997,Current,DEBT_CONSOLIDATION
LN-506167,CUST-103300,2025-04-05,0,0,False,False,31072.399999999994,Current,DEBT_CONSOLIDATION
LN-506168,CUST-107114,2025-04-05,0,0,False,False,24724.0,Current,DEBT_CONSOLIDATION
LN-506169,CUST-106215,2025-04-05,0,0,False,False,18923.505,Current,DEBT_CONSOLIDATION
LN-506170,CUST-104818,2025-04-05,0,0,False,False,141427.4725,Current,DEBT_CONSOLIDATION
LN-506171,CUST-104495,2025-04-05,0,0,False,False,17005.46499999999,Current,DEBT_CONSOLIDATION
LN-506172,CUST-100813,2025-04-05,0,0,False,False,42187.78500000001,Current,DEBT_CONSOLIDATION
LN-506173,CUST-107831,2025-04-05,0,0,False,False,8332.087500000003,Current,DEBT_CONSOLIDATION
LN-506174,CUST-101715,2025-04-05,0,0,False,False,4297.269999999999,Current,DEBT_CONSOLIDATION
LN-506175,CUST-101931,2025-04-05,0,0,False,False,22344.705,Current,DEBT_CONSOLIDATION
LN-506176,CUST-103345,2025-04-05,0,0,False,False,8806.829999999998,Current,DEBT_CONSOLIDATION
LN-506177,CUST-106029,2025-04-05,0,0,False,False,102604.46999999991,Current,DEBT_CONSOLIDATION
LN-506178,CUST-102376,2025-04-05,0,0,False,False,4360.910000000001,Current,DEBT_CONSOLIDATION
LN-506179,CUST-100974,2025-04-05,0,0,False,False,32071.680000000004,Current,DEBT_CONSOLIDATION
LN-506181,CUST-101953,2025-04-05,0,0,False,False,10564.999999999998,Current,DEBT_CONSOLIDATION
LN-506182,CUST-105842,2025-04-05,0,0,False,False,2756.770000000001,Current,DEBT_CONSOLIDATION
LN-506184,CUST-106033,2025-04-05,0,0,False,False,16679.74250000001,Current,DEBT_CONSOLIDATION
LN-506185,CUST-101692,2025-04-05,0,0,False,False,18316.14,Current,DEBT_CONSOLIDATION
LN-506187,CUST-103559,2025-04-05,0,0,False,False,17807.020000000004,Current,DEBT_CONSOLIDATION
LN-506188,CUST-101158,2025-04-05,0,0,False,False,34957.990000000034,Current,DEBT_CONSOLIDATION
LN-506189,CUST-101736,2025-04-05,0,0,False,False,4777.960000000005,Current,DEBT_CONSOLIDATION
LN-506190,CUST-101187,2025-04-05,0,0,False,False,13489.795,Current,DEBT_CONSOLIDATION
LN-506191,CUST-106932,2025-04-05,0,0,False,False,141644.69499999998,Current,DEBT_CONSOLIDATION
LN-506192,CUST-103943,2025-04-05,0,0,False,False,12871.837499999996,Current,DEBT_CONSOLIDATION
LN-506193,CUST-105449,2025-04-05,0,0,False,False,20251.332499999997,Current,DEBT_CONSOLIDATION
LN-506194,CUST-103229,2025-04-05,0,0,False,False,10600.170000000004,Current,DEBT_CONSOLIDATION
LN-506195,CUST-106134,2025-04-05,0,0,False,False,39389.62749999996,Current,DEBT_CONSOLIDATION
LN-506196,CUST-103629,2025-04-05,0,0,False,False,30031.25,Current,DEBT_CONSOLIDATION
LN-506197,CUST-100285,2025-04-05,0,0,False,False,146132.57000000007,Current,DEBT_CONSOLIDATION
LN-506199,CUST-101477,2025-04-05,0,0,False,False,6377.805000000001,Current,DEBT_CONSOLIDATION
LN-506201,CUST-102303,2025-04-05,0,0,False,False,26364.53500000001,Current,DEBT_CONSOLIDATION
LN-506203,CUST-104042,2025-04-05,0,0,False,False,25065.894999999997,Current,DEBT_CONSOLIDATION
LN-506204,CUST-102270,2025-04-05,0,0,False,False,21987.84999999999,Current,DEBT_CONSOLIDATION
LN-506205,CUST-107807,2025-04-05,0,0,False,False,19415.86250000001,Current,DEBT_CONSOLIDATION
LN-506206,CUST-103022,2025-04-05,0,0,False,False,16179.0,Current,DEBT_CONSOLIDATION
LN-506207,CUST-107488,2025-04-05,0,0,False,False,10251.189999999997,Current,DEBT_CONSOLIDATION
LN-506208,CUST-102659,2025-04-05,0,0,False,False,48814.15749999999,Current,DEBT_CONSOLIDATION
LN-506209,CUST-103083,2025-04-05,0,0,False,False,14199.475000000006,Current,DEBT_CONSOLIDATION
LN-506210,CUST-106570,2025-04-05,0,0,False,False,3014.5774999999994,Current,DEBT_CONSOLIDATION
LN-506211,CUST-106011,2025-04-05,2,51,False,False,18203.33000000002,30-59,DEBT_CONSOLIDATION
LN-506212,CUST-106237,2025-04-05,2,60,False,False,47726.37500000002,30-59,DEBT_CONSOLIDATION
LN-506213,CUST-100454,2025-04-05,0,0,False,False,12220.040000000003,Current,DEBT_CONSOLIDATION
LN-506214,CUST-106636,2025-04-05,0,0,False,False,11410.854999999994,Current,DEBT_CONSOLIDATION
LN-506215,CUST-106886,2025-04-05,0,0,False,False,23657.372499999998,Current,DEBT_CONSOLIDATION
LN-506216,CUST-101970,2025-04-05,0,0,False,False,14488.374999999995,Current,DEBT_CONSOLIDATION
LN-506217,CUST-106354,2025-04-05,0,0,False,False,35970.290000000015,Current,DEBT_CONSOLIDATION
LN-506218,CUST-102540,2025-04-05,0,0,False,False,101827.20000000004,Current,DEBT_CONSOLIDATION
LN-506219,CUST-100413,2025-04-05,0,0,False,False,19277.8,Current,DEBT_CONSOLIDATION
LN-506220,CUST-100063,2025-04-05,4,316,False,False,35783.615,90+,DEBT_CONSOLIDATION
LN-506221,CUST-100713,2025-04-05,0,0,False,False,16672.98,Current,DEBT_CONSOLIDATION
LN-506222,CUST-106630,2025-04-05,0,0,False,False,353451.2,Current,DEBT_CONSOLIDATION
LN-506223,CUST-104850,2025-04-05,0,0,False,False,32939.870000000024,Current,DEBT_CONSOLIDATION
LN-506224,CUST-100263,2025-04-05,0,0,False,False,43273.944999999985,Current,DEBT_CONSOLIDATION
LN-506225,CUST-101712,2025-04-05,0,0,False,False,535.2399999999996,Current,DEBT_CONSOLIDATION
LN-506226,CUST-100863,2025-04-05,0,0,False,False,38073.134999999995,Current,DEBT_CONSOLIDATION
LN-506228,CUST-105905,2025-04-05,0,0,False,False,2912.125000000001,Current,DEBT_CONSOLIDATION
LN-506231,CUST-104470,2025-04-05,0,0,False,False,5442.072500000005,Current,DEBT_CONSOLIDATION
LN-506232,CUST-103876,2025-04-05,0,0,False,False,7002.315,Current,DEBT_CONSOLIDATION
LN-506233,CUST-100528,2025-04-05,0,0,False,False,29018.464999999982,Current,DEBT_CONSOLIDATION
LN-506234,CUST-104834,2025-04-05,0,0,False,False,30958.94,Current,DEBT_CONSOLIDATION
LN-506235,CUST-101738,2025-04-05,0,0,False,False,41646.24000000002,Current,DEBT_CONSOLIDATION
LN-506236,CUST-104424,2025-04-05,0,0,False,False,9062.887499999997,Current,DEBT_CONSOLIDATION
LN-506237,CUST-101640,2025-04-05,0,0,False,False,185352.2199999999,Current,DEBT_CONSOLIDATION
LN-506239,CUST-107045,2025-04-05,0,0,False,False,7444.5875,Current,DEBT_CONSOLIDATION
LN-506241,CUST-100393,2025-04-05,0,0,False,False,293673.595,Current,DEBT_CONSOLIDATION
LN-506242,CUST-106455,2025-04-05,0,0,False,False,56683.60999999999,Current,DEBT_CONSOLIDATION
LN-506243,CUST-100103,2025-04-05,4,138,False,False,20850.28,90+,DEBT_CONSOLIDATION
LN-506244,CUST-101892,2025-04-05,0,0,False,False,26266.635000000002,Current,DEBT_CONSOLIDATION
LN-506246,CUST-102674,2025-04-05,0,0,False,False,5598.07,Current,DEBT_CONSOLIDATION
LN-506247,CUST-105884,2025-04-05,0,0,False,False,12675.469999999998,Current,DEBT_CONSOLIDATION
LN-506248,CUST-102119,2025-04-05,0,0,False,False,12911.45749999999,Current,DEBT_CONSOLIDATION
LN-506249,CUST-106147,2025-04-05,0,0,False,False,17636.12,Current,DEBT_CONSOLIDATION
LN-506251,CUST-103575,2025-04-05,0,0,False,False,14801.025000000005,Current,DEBT_CONSOLIDATION
LN-506252,CUST-103568,2025-04-05,0,0,False,False,32752.10749999998,Current,DEBT_CONSOLIDATION
LN-506253,CUST-100391,2025-04-05,0,0,False,False,13432.082500000008,Current,DEBT_CONSOLIDATION
LN-506255,CUST-106015,2025-04-05,2,61,False,False,38699.315,30-59,DEBT_CONSOLIDATION
LN-506256,CUST-101297,2025-04-05,0,0,False,False,13396.804999999991,Current,DEBT_CONSOLIDATION
LN-506257,CUST-102164,2025-04-05,0,0,False,False,29575.475000000002,Current,DEBT_CONSOLIDATION
LN-506258,CUST-100595,2025-04-05,0,0,False,False,25945.8675,Current,DEBT_CONSOLIDATION
LN-506259,CUST-104878,2025-04-05,0,0,False,False,6701.807500000003,Current,DEBT_CONSOLIDATION
LN-506260,CUST-107440,2025-04-05,0,0,False,False,47460.41,Current,DEBT_CONSOLIDATION
LN-506261,CUST-107374,2025-04-05,0,0,False,False,16669.360000000015,Current,DEBT_CONSOLIDATION
LN-506262,CUST-103639,2025-04-05,4,183,False,False,11194.605000000001,90+,DEBT_CONSOLIDATION
LN-506263,CUST-103047,2025-04-05,0,0,False,False,23605.54,Current,DEBT_CONSOLIDATION
LN-506264,CUST-100677,2025-04-05,0,0,False,False,21018.1075,Current,DEBT_CONSOLIDATION
LN-506266,CUST-106578,2025-04-05,0,0,False,False,36117.45999999998,Current,DEBT_CONSOLIDATION
LN-506267,CUST-100768,2025-04-05,0,0,False,False,12851.9075,Current,DEBT_CONSOLIDATION
LN-506269,CUST-107660,2025-04-05,0,0,False,False,84822.59,Current,DEBT_CONSOLIDATION
LN-506270,CUST-106904,2025-04-05,0,0,False,False,29520.055,Current,DEBT_CONSOLIDATION
LN-506271,CUST-104751,2025-04-05,0,0,False,False,13509.209999999995,Current,DEBT_CONSOLIDATION
LN-506272,CUST-106967,2025-04-05,0,0,False,False,27422.464999999997,Current,DEBT_CONSOLIDATION
LN-506273,CUST-101968,2025-04-05,0,0,False,False,37008.11,Current,DEBT_CONSOLIDATION
LN-506274,CUST-104194,2025-04-05,0,0,False,False,207039.38750000007,Current,DEBT_CONSOLIDATION
LN-506275,CUST-107998,2025-04-05,0,0,False,False,11107.352500000012,Current,DEBT_CONSOLIDATION
LN-506276,CUST-106722,2025-04-05,0,0,False,False,16303.507499999996,Current,DEBT_CONSOLIDATION
LN-506279,CUST-104353,2025-04-05,1,21,False,False,87181.38,1-29,DEBT_CONSOLIDATION
LN-506280,CUST-104036,2025-04-05,0,0,False,False,7309.67,Current,DEBT_CONSOLIDATION
LN-506281,CUST-100781,2025-04-05,0,0,False,False,16593.065000000002,Current,DEBT_CONSOLIDATION
LN-506284,CUST-107457,2025-04-05,0,0,False,False,23954.839999999997,Current,DEBT_CONSOLIDATION
LN-506285,CUST-104077,2025-04-05,0,0,False,False,16232.390000000009,Current,DEBT_CONSOLIDATION
LN-506289,CUST-101390,2025-04-05,0,0,False,False,27674.45,Current,DEBT_CONSOLIDATION
LN-506290,CUST-106472,2025-04-05,0,0,False,False,101402.97,Current,DEBT_CONSOLIDATION
LN-506291,CUST-102470,2025-04-05,0,0,False,False,2048.840000000001,Current,DEBT_CONSOLIDATION
LN-506292,CUST-101466,2025-04-05,0,0,False,False,11549.955000000002,Current,DEBT_CONSOLIDATION
LN-506293,CUST-106625,2025-04-05,0,0,False,False,34341.1625,Current,DEBT_CONSOLIDATION
LN-506294,CUST-106821,2025-04-05,0,0,False,False,24896.762500000008,Current,DEBT_CONSOLIDATION
LN-506295,CUST-107397,2025-04-05,0,0,False,False,8176.189999999998,Current,DEBT_CONSOLIDATION
LN-506296,CUST-103778,2025-04-05,0,0,False,False,13031.760000000004,Current,DEBT_CONSOLIDATION
LN-506297,CUST-106345,2025-04-05,0,0,False,False,93920.29999999999,Current,DEBT_CONSOLIDATION
LN-506298,CUST-103557,2025-04-05,0,0,False,False,441851.82000000036,Current,DEBT_CONSOLIDATION
LN-506299,CUST-107221,2025-04-05,0,0,False,False,30151.535,Current,DEBT_CONSOLIDATION
LN-506300,CUST-104319,2025-04-05,0,0,False,False,14930.09,Current,DEBT_CONSOLIDATION
LN-506301,CUST-106476,2025-04-05,0,0,False,False,3426.01,Current,DEBT_CONSOLIDATION
LN-506302,CUST-103442,2025-04-05,0,0,False,False,7128.620000000004,Current,DEBT_CONSOLIDATION
LN-506303,CUST-107211,2025-04-05,0,0,False,False,30563.620000000003,Current,DEBT_CONSOLIDATION
LN-506304,CUST-101695,2025-04-05,0,0,False,False,17403.89999999999,Current,DEBT_CONSOLIDATION
LN-506305,CUST-102545,2025-04-05,0,0,False,False,16367.41,Current,DEBT_CONSOLIDATION
LN-506306,CUST-103523,2025-04-05,0,0,False,False,8304.667499999992,Current,DEBT_CONSOLIDATION
LN-506307,CUST-105743,2025-04-05,0,0,False,False,23872.74999999999,Current,DEBT_CONSOLIDATION
LN-506308,CUST-100123,2025-04-05,0,0,False,False,21852.554999999997,Current,DEBT_CONSOLIDATION
LN-506309,CUST-103247,2025-04-05,1,14,False,False,9921.6475,1-29,DEBT_CONSOLIDATION
LN-506310,CUST-105623,2025-04-05,0,0,False,False,4676.575000000001,Current,DEBT_CONSOLIDATION
LN-506311,CUST-103801,2025-04-05,0,0,False,False,25396.485000000004,Current,DEBT_CONSOLIDATION
LN-506312,CUST-104833,2025-04-05,0,0,False,False,20594.23,Current,DEBT_CONSOLIDATION
LN-506313,CUST-105172,2025-04-05,0,0,False,False,531275.8124999998,Current,DEBT_CONSOLIDATION
LN-506314,CUST-104993,2025-04-05,0,0,False,False,22409.46,Current,DEBT_CONSOLIDATION
LN-506315,CUST-106578,2025-04-05,1,4,False,False,21348.95,1-29,DEBT_CONSOLIDATION
LN-506316,CUST-107450,2025-04-05,0,0,False,False,10444.155,Current,DEBT_CONSOLIDATION
LN-506317,CUST-106461,2025-04-05,0,0,False,False,2410.0225000000005,Current,DEBT_CONSOLIDATION
LN-506318,CUST-102581,2025-04-05,0,0,False,False,16180.009999999998,Current,DEBT_CONSOLIDATION
LN-506319,CUST-105682,2025-04-05,4,177,False,False,28934.225,90+,DEBT_CONSOLIDATION
LN-506320,CUST-101473,2025-04-05,0,0,False,False,23740.9375,Current,DEBT_CONSOLIDATION
LN-506322,CUST-106268,2025-04-05,0,0,False,False,20749.08,Current,DEBT_CONSOLIDATION
LN-506323,CUST-107968,2025-04-05,0,0,False,False,9129.477499999994,Current,DEBT_CONSOLIDATION
LN-506324,CUST-104203,2025-04-05,0,0,False,False,39532.009999999995,Current,DEBT_CONSOLIDATION
LN-506325,CUST-102801,2025-04-05,0,0,False,False,24263.222499999993,Current,DEBT_CONSOLIDATION
LN-506326,CUST-106359,2025-04-05,0,0,False,False,5916.762499999999,Current,DEBT_CONSOLIDATION
LN-506327,CUST-102276,2025-04-05,0,0,False,False,46585.459999999985,Current,DEBT_CONSOLIDATION
LN-506328,CUST-107396,2025-04-05,0,0,False,False,46937.89000000001,Current,DEBT_CONSOLIDATION
LN-506329,CUST-105602,2025-04-05,0,0,False,False,785.3200000000002,Current,DEBT_CONSOLIDATION
LN-506330,CUST-102577,2025-04-05,0,0,False,False,26105.98,Current,DEBT_CONSOLIDATION
LN-506331,CUST-103486,2025-04-05,0,0,False,False,2292.200000000001,Current,DEBT_CONSOLIDATION
LN-506332,CUST-104758,2025-04-05,0,0,False,False,33163.345,Current,DEBT_CONSOLIDATION
LN-506333,CUST-100309,2025-04-05,0,0,False,False,34349.7225,Current,DEBT_CONSOLIDATION
LN-506334,CUST-101752,2025-04-05,0,0,False,False,1946.4250000000002,Current,DEBT_CONSOLIDATION
LN-506335,CUST-107014,2025-04-05,0,0,False,False,11810.145,Current,DEBT_CONSOLIDATION
LN-506336,CUST-107391,2025-04-05,0,0,False,False,19433.699999999993,Current,DEBT_CONSOLIDATION
LN-506337,CUST-101022,2025-04-05,0,0,False,False,30816.864999999998,Current,DEBT_CONSOLIDATION
LN-506338,CUST-106359,2025-04-05,0,0,False,False,39130.919999999984,Current,DEBT_CONSOLIDATION
LN-506339,CUST-107380,2025-04-05,0,0,False,False,1906.4,Current,DEBT_CONSOLIDATION
LN-506340,CUST-103318,2025-04-05,0,0,False,False,38568.57,Current,DEBT_CONSOLIDATION
LN-506342,CUST-105736,2025-04-05,0,0,False,False,112841.81999999999,Current,DEBT_CONSOLIDATION
LN-506343,CUST-103301,2025-04-05,0,0,False,False,5640.989999999999,Current,DEBT_CONSOLIDATION
LN-506344,CUST-105982,2025-04-05,0,0,False,False,25145.695,Current,DEBT_CONSOLIDATION
LN-506346,CUST-107663,2025-04-05,0,0,False,False,38177.365,Current,DEBT_CONSOLIDATION
LN-506348,CUST-105554,2025-04-05,0,0,False,False,47692.18,Current,DEBT_CONSOLIDATION
LN-506349,CUST-101513,2025-04-05,0,0,False,False,8430.182499999994,Current,DEBT_CONSOLIDATION
LN-506350,CUST-107630,2025-04-05,0,0,False,False,60469.412500000006,Current,DEBT_CONSOLIDATION
LN-506351,CUST-100194,2025-04-05,0,0,False,False,18997.685,Current,DEBT_CONSOLIDATION
LN-506352,CUST-103991,2025-04-05,0,0,False,False,41578.56499999999,Current,DEBT_CONSOLIDATION
LN-506353,CUST-106548,2025-04-05,0,0,False,False,12990.345000000008,Current,DEBT_CONSOLIDATION
LN-506354,CUST-102120,2025-04-05,0,0,False,False,601247.3549999999,Current,DEBT_CONSOLIDATION
LN-506357,CUST-105742,2025-04-05,0,0,False,False,23305.03,Current,DEBT_CONSOLIDATION
LN-506360,CUST-100124,2025-04-05,0,0,False,False,19672.19500000001,Current,DEBT_CONSOLIDATION
LN-506361,CUST-103759,2025-04-05,0,0,False,False,29835.46500000001,Current,DEBT_CONSOLIDATION
LN-506365,CUST-104406,2025-04-05,0,0,False,False,33899.060000000005,Current,DEBT_CONSOLIDATION
LN-506366,CUST-103894,2025-04-05,0,0,False,False,7253.9299999999985,Current,DEBT_CONSOLIDATION
LN-506367,CUST-106634,2025-04-05,0,0,False,False,47807.389999999985,Current,DEBT_CONSOLIDATION
LN-506368,CUST-105233,2025-04-05,0,0,False,False,21596.41250000002,Current,DEBT_CONSOLIDATION
LN-506369,CUST-103772,2025-04-05,0,0,False,False,5386.285000000001,Current,DEBT_CONSOLIDATION
LN-506370,CUST-107955,2025-04-05,0,0,False,False,27082.87,Current,DEBT_CONSOLIDATION
LN-506372,CUST-101824,2025-04-05,0,0,False,False,34297.59000000002,Current,DEBT_CONSOLIDATION
LN-506373,CUST-101724,2025-04-05,0,0,False,False,16464.34999999998,Current,DEBT_CONSOLIDATION
LN-506375,CUST-101694,2025-04-05,0,0,False,False,14852.752499999999,Current,DEBT_CONSOLIDATION
LN-506376,CUST-102670,2025-04-05,0,0,False,False,197915.3,Current,DEBT_CONSOLIDATION
LN-506377,CUST-103940,2025-04-05,0,0,False,False,18800.839999999993,Current,DEBT_CONSOLIDATION
LN-506378,CUST-100780,2025-04-05,0,0,False,False,19521.2925,Current,DEBT_CONSOLIDATION
LN-506379,CUST-101018,2025-04-05,1,3,False,False,8200.140000000001,1-29,DEBT_CONSOLIDATION
LN-506380,CUST-107906,2025-04-05,0,0,False,False,13771.4,Current,DEBT_CONSOLIDATION
LN-506381,CUST-103352,2025-04-05,0,0,False,False,13573.482499999991,Current,DEBT_CONSOLIDATION
LN-506382,CUST-101706,2025-04-05,0,0,False,False,19533.88749999999,Current,DEBT_CONSOLIDATION
LN-506383,CUST-106293,2025-04-05,0,0,False,False,51796.80249999999,Current,DEBT_CONSOLIDATION
LN-506384,CUST-107106,2025-04-05,0,0,False,False,13898.095000000008,Current,DEBT_CONSOLIDATION
LN-506385,CUST-103362,2025-04-05,3,71,False,False,32931.61000000001,60-89,DEBT_CONSOLIDATION
LN-506386,CUST-104953,2025-04-05,0,0,False,False,22261.53250000001,Current,DEBT_CONSOLIDATION
LN-506389,CUST-101578,2025-04-05,0,0,False,False,128052.1,Current,DEBT_CONSOLIDATION
LN-506390,CUST-100971,2025-04-05,1,29,False,False,22923.70999999999,1-29,DEBT_CONSOLIDATION
LN-506391,CUST-103052,2025-04-05,0,0,False,False,54459.1,Current,DEBT_CONSOLIDATION
LN-506394,CUST-106576,2025-04-05,0,0,False,False,14967.94500000001,Current,DEBT_CONSOLIDATION
LN-506395,CUST-100846,2025-04-05,0,0,False,False,16701.3725,Current,DEBT_CONSOLIDATION
LN-506396,CUST-106003,2025-04-05,0,0,False,False,11363.8575,Current,DEBT_CONSOLIDATION
LN-506397,CUST-102147,2025-04-05,0,0,False,False,320410.8775000002,Current,DEBT_CONSOLIDATION
LN-506398,CUST-103199,2025-04-05,0,0,False,False,12169.899999999996,Current,DEBT_CONSOLIDATION
LN-506400,CUST-102738,2025-04-05,0,0,False,False,22932.114999999987,Current,DEBT_CONSOLIDATION
LN-506401,CUST-106293,2025-04-05,0,0,False,False,27214.24,Current,DEBT_CONSOLIDATION
LN-506402,CUST-102765,2025-04-05,0,0,False,False,18046.51499999998,Current,DEBT_CONSOLIDATION
LN-506403,CUST-103656,2025-04-05,0,0,False,False,11613.479999999998,Current,DEBT_CONSOLIDATION
LN-506404,CUST-102349,2025-04-05,0,0,False,False,539.11,Current,DEBT_CONSOLIDATION
LN-506405,CUST-104764,2025-04-05,0,0,False,False,597.8,Current,DEBT_CONSOLIDATION
LN-506407,CUST-106847,2025-04-05,0,0,False,False,3049.4350000000027,Current,DEBT_CONSOLIDATION
LN-506408,CUST-100946,2025-04-05,0,0,False,False,23993.62,Current,DEBT_CONSOLIDATION
LN-506409,CUST-103687,2025-04-05,0,0,False,False,13149.45,Current,DEBT_CONSOLIDATION
LN-506411,CUST-107783,2025-04-05,0,0,False,False,22527.450000000004,Current,DEBT_CONSOLIDATION
LN-506412,CUST-104370,2025-04-05,0,0,False,False,4667.025000000002,Current,DEBT_CONSOLIDATION
LN-506413,CUST-101375,2025-04-05,0,0,False,False,3296.4650000000006,Current,DEBT_CONSOLIDATION
LN-506415,CUST-104111,2025-04-05,0,0,False,False,20756.56,Current,DEBT_CONSOLIDATION
LN-506416,CUST-102619,2025-04-05,0,0,False,False,40022.09999999998,Current,DEBT_CONSOLIDATION
LN-506417,CUST-107467,2025-04-05,1,3,False,False,15807.765,1-29,DEBT_CONSOLIDATION
LN-506418,CUST-102476,2025-04-05,0,0,False,False,7116.8349999999955,Current,DEBT_CONSOLIDATION
LN-506419,CUST-100306,2025-04-05,0,0,False,False,16543.905000000006,Current,DEBT_CONSOLIDATION
LN-506420,CUST-106845,2025-04-05,0,0,False,False,4005.2774999999997,Current,DEBT_CONSOLIDATION
LN-506421,CUST-104379,2025-04-05,0,0,False,False,21177.704999999994,Current,DEBT_CONSOLIDATION
LN-506422,CUST-107884,2025-04-05,0,0,False,False,36727.63999999999,Current,DEBT_CONSOLIDATION
LN-506423,CUST-106312,2025-04-05,0,0,False,False,22312.814999999995,Current,DEBT_CONSOLIDATION
LN-506424,CUST-107566,2025-04-05,0,0,False,False,12374.58,Current,DEBT_CONSOLIDATION
LN-506425,CUST-103665,2025-04-05,0,0,False,False,237853.17,Current,DEBT_CONSOLIDATION
LN-506426,CUST-101610,2025-04-05,0,0,False,False,29530.582499999993,Current,DEBT_CONSOLIDATION
LN-506427,CUST-105209,2025-04-05,0,0,False,False,7279.250000000008,Current,DEBT_CONSOLIDATION
LN-506428,CUST-106310,2025-04-05,0,0,False,False,35722.797500000044,Current,DEBT_CONSOLIDATION
LN-506429,CUST-101672,2025-04-05,0,0,False,False,22318.179999999993,Current,DEBT_CONSOLIDATION
LN-506430,CUST-106869,2025-04-05,0,0,False,False,8936.005000000003,Current,DEBT_CONSOLIDATION
LN-506431,CUST-102238,2025-04-05,0,0,False,False,16591.345000000005,Current,DEBT_CONSOLIDATION
LN-506432,CUST-103306,2025-04-05,0,0,False,False,1640.2225,Current,DEBT_CONSOLIDATION
LN-506433,CUST-101886,2025-04-05,0,0,False,False,13004.092499999997,Current,DEBT_CONSOLIDATION
LN-506434,CUST-104460,2025-04-05,0,0,False,False,5965.034999999995,Current,DEBT_CONSOLIDATION
LN-506435,CUST-102682,2025-04-05,0,0,False,False,48946.68499999998,Current,DEBT_CONSOLIDATION
LN-506436,CUST-100018,2025-04-05,0,0,False,False,8684.684999999998,Current,DEBT_CONSOLIDATION
LN-506438,CUST-101296,2025-04-05,0,0,False,False,4810.51,Current,DEBT_CONSOLIDATION
LN-506439,CUST-102764,2025-04-05,0,0,False,False,3960.7974999999997,Current,DEBT_CONSOLIDATION
LN-506440,CUST-100825,2025-04-05,0,0,False,False,13909.3425,Current,DEBT_CONSOLIDATION
LN-506441,CUST-107544,2025-04-05,0,0,False,False,230235.82999999984,Current,DEBT_CONSOLIDATION
LN-506443,CUST-101028,2025-04-05,0,0,False,False,38532.54499999998,Current,DEBT_CONSOLIDATION
LN-506444,CUST-105635,2025-04-05,0,0,False,False,15165.589999999997,Current,DEBT_CONSOLIDATION
LN-506445,CUST-101788,2025-04-05,0,0,False,False,13343.070000000007,Current,DEBT_CONSOLIDATION
LN-506446,CUST-104449,2025-04-05,1,27,False,False,5208.050000000005,1-29,DEBT_CONSOLIDATION
LN-506447,CUST-104621,2025-04-05,0,0,False,False,24069.15,Current,DEBT_CONSOLIDATION
LN-506448,CUST-103387,2025-04-05,0,0,False,False,39664.71,Current,DEBT_CONSOLIDATION
LN-506449,CUST-106250,2025-04-05,0,0,False,False,133858.47999999992,Current,DEBT_CONSOLIDATION
LN-506450,CUST-100681,2025-04-05,0,0,False,False,14462.855000000003,Current,DEBT_CONSOLIDATION
LN-506451,CUST-103344,2025-04-05,0,0,True,False,24434.43499999999,Current,DEBT_CONSOLIDATION
LN-506452,CUST-104207,2025-04-05,0,0,False,False,17490.7025,Current,DEBT_CONSOLIDATION
LN-506454,CUST-100278,2025-04-05,0,0,False,False,46004.340000000004,Current,DEBT_CONSOLIDATION
LN-506455,CUST-101589,2025-04-05,0,0,False,False,9143.45750000001,Current,DEBT_CONSOLIDATION
LN-506456,CUST-103213,2025-04-05,0,0,False,False,36999.622500000005,Current,DEBT_CONSOLIDATION
LN-506457,CUST-102375,2025-04-05,0,0,False,False,21621.015000000007,Current,DEBT_CONSOLIDATION
LN-506459,CUST-100044,2025-04-05,0,0,False,False,143912.3975,Current,DEBT_CONSOLIDATION
LN-506461,CUST-101074,2025-04-05,0,0,True,False,27277.430000000008,Current,DEBT_CONSOLIDATION
LN-506463,CUST-103863,2025-04-05,0,0,False,False,1967.1999999999998,Current,DEBT_CONSOLIDATION
LN-506464,CUST-106616,2025-04-05,0,0,False,False,20932.050000000007,Current,DEBT_CONSOLIDATION
LN-506465,CUST-102383,2025-04-05,0,0,False,False,13028.622499999998,Current,DEBT_CONSOLIDATION
LN-506466,CUST-100931,2025-04-05,0,0,False,False,8529.102499999997,Current,DEBT_CONSOLIDATION
LN-506467,CUST-107955,2025-04-05,0,0,False,False,7870.537500000004,Current,DEBT_CONSOLIDATION
LN-506468,CUST-102194,2025-04-05,0,0,False,False,23390.549999999992,Current,DEBT_CONSOLIDATION
LN-506469,CUST-106389,2025-04-05,0,0,False,False,645244.97,Current,DEBT_CONSOLIDATION
LN-506470,CUST-104502,2025-04-05,0,0,False,False,32395.209999999995,Current,DEBT_CONSOLIDATION
LN-506471,CUST-107813,2025-04-05,0,0,False,False,30325.89,Current,DEBT_CONSOLIDATION
LN-506473,CUST-105444,2025-04-05,0,0,False,False,33031.73499999996,Current,DEBT_CONSOLIDATION
LN-506474,CUST-105886,2025-04-05,0,0,False,False,45206.12749999997,Current,DEBT_CONSOLIDATION
LN-506475,CUST-105204,2025-04-05,0,0,False,False,13013.06,Current,DEBT_CONSOLIDATION
LN-506476,CUST-106750,2025-04-05,0,0,False,False,10964.672499999999,Current,DEBT_CONSOLIDATION
LN-506477,CUST-105212,2025-04-05,0,0,False,False,276421.68999999994,Current,DEBT_CONSOLIDATION
LN-506478,CUST-101481,2025-04-05,0,0,False,False,44204.8725,Current,DEBT_CONSOLIDATION
LN-506480,CUST-107478,2025-04-05,0,0,False,False,9983.264999999996,Current,DEBT_CONSOLIDATION
LN-506483,CUST-101298,2025-04-05,0,0,False,False,21558.684999999994,Current,DEBT_CONSOLIDATION
LN-506484,CUST-106343,2025-04-05,0,0,False,False,4718.884999999998,Current,DEBT_CONSOLIDATION
LN-506485,CUST-103806,2025-04-05,0,0,False,False,36009.535,Current,DEBT_CONSOLIDATION
LN-506486,CUST-104644,2025-04-05,0,0,False,False,92536.62750000005,Current,DEBT_CONSOLIDATION
LN-506487,CUST-102116,2025-04-05,0,0,False,False,15038.470000000001,Current,DEBT_CONSOLIDATION
LN-506488,CUST-101584,2025-04-05,0,0,False,False,120351.97749999996,Current,DEBT_CONSOLIDATION
LN-506489,CUST-104008,2025-04-05,0,0,False,False,14052.267499999998,Current,DEBT_CONSOLIDATION
LN-506491,CUST-107008,2025-04-05,0,0,False,False,14960.355000000001,Current,DEBT_CONSOLIDATION
LN-506492,CUST-102368,2025-04-05,0,0,False,False,1418.729999999999,Current,DEBT_CONSOLIDATION
LN-506493,CUST-102433,2025-04-05,0,0,False,False,33290.112499999996,Current,DEBT_CONSOLIDATION
LN-506494,CUST-100925,2025-04-05,0,0,False,False,28912.197500000017,Current,DEBT_CONSOLIDATION
LN-506495,CUST-101987,2025-04-05,0,0,False,False,114591.71999999994,Current,DEBT_CONSOLIDATION
LN-506496,CUST-107814,2025-04-05,0,0,False,False,10855.355000000001,Current,DEBT_CONSOLIDATION
LN-506497,CUST-101104,2025-04-05,0,0,False,False,23496.745000000017,Current,DEBT_CONSOLIDATION
LN-506498,CUST-102603,2025-04-05,0,0,False,False,17716.695000000003,Current,DEBT_CONSOLIDATION
LN-506499,CUST-105873,2025-04-05,0,0,False,False,989.9300000000001,Current,DEBT_CONSOLIDATION
LN-506500,CUST-103037,2025-04-05,0,0,False,False,27472.509999999995,Current,DEBT_CONSOLIDATION
LN-506501,CUST-100054,2025-04-05,0,0,False,False,44064.93,Current,DEBT_CONSOLIDATION
LN-506502,CUST-100645,2025-04-05,0,0,False,False,21845.030000000013,Current,DEBT_CONSOLIDATION
LN-506503,CUST-100382,2025-04-05,0,0,False,False,940.41,Current,DEBT_CONSOLIDATION
LN-506504,CUST-104402,2025-04-05,0,0,False,False,15077.999999999996,Current,DEBT_CONSOLIDATION
LN-506505,CUST-100872,2025-04-05,0,0,False,False,23635.48749999999,Current,DEBT_CONSOLIDATION
LN-506506,CUST-100764,2025-04-05,0,0,False,False,26562.41000000001,Current,DEBT_CONSOLIDATION
LN-506507,CUST-105613,2025-04-05,0,0,False,False,4857.769999999997,Current,DEBT_CONSOLIDATION
LN-506508,CUST-105863,2025-04-05,3,74,False,False,2435.2299999999996,60-89,DEBT_CONSOLIDATION
LN-506510,CUST-104029,2025-04-05,0,0,False,False,16675.069999999996,Current,DEBT_CONSOLIDATION
LN-506511,CUST-104253,2025-04-05,0,0,False,False,2524.879999999999,Current,DEBT_CONSOLIDATION
LN-506512,CUST-100330,2025-04-05,0,0,False,False,19093.639999999996,Current,DEBT_CONSOLIDATION
LN-506514,CUST-100296,2025-04-05,0,0,False,False,29287.689999999995,Current,DEBT_CONSOLIDATION
LN-506515,CUST-101337,2025-04-05,0,0,False,False,41123.57000000001,Current,DEBT_CONSOLIDATION
LN-506516,CUST-100946,2025-04-05,0,0,False,False,22294.987499999992,Current,DEBT_CONSOLIDATION
LN-506517,CUST-105146,2025-04-05,0,0,False,False,14656.152499999997,Current,DEBT_CONSOLIDATION
LN-506518,CUST-100816,2025-04-05,0,0,False,False,45037.57750000002,Current,DEBT_CONSOLIDATION
LN-506519,CUST-101766,2025-04-05,0,0,False,False,23592.08,Current,DEBT_CONSOLIDATION
LN-506520,CUST-107075,2025-04-05,0,0,False,False,15004.170000000006,Current,DEBT_CONSOLIDATION
LN-506521,CUST-101510,2025-04-05,0,0,False,False,108197.59749999997,Current,DEBT_CONSOLIDATION
LN-506522,CUST-103656,2025-04-05,0,0,False,False,12917.39999999999,Current,DEBT_CONSOLIDATION
LN-506523,CUST-101117,2025-04-05,0,0,False,False,85948.03,Current,DEBT_CONSOLIDATION
LN-506526,CUST-107723,2025-04-05,0,0,False,False,42251.165000000015,Current,DEBT_CONSOLIDATION
LN-506527,CUST-107113,2025-04-05,1,23,False,False,9525.124999999998,1-29,DEBT_CONSOLIDATION
LN-506528,CUST-100163,2025-04-05,0,0,False,False,38815.69499999996,Current,DEBT_CONSOLIDATION
LN-506530,CUST-103029,2025-04-05,0,0,False,False,13658.924999999996,Current,DEBT_CONSOLIDATION
LN-506532,CUST-107795,2025-04-05,0,0,False,False,5959.1399999999985,Current,DEBT_CONSOLIDATION
LN-506533,CUST-102973,2025-04-05,0,0,False,False,13801.694999999998,Current,DEBT_CONSOLIDATION
LN-506534,CUST-106286,2025-04-05,0,0,False,False,38158.38000000001,Current,DEBT_CONSOLIDATION
LN-506536,CUST-102718,2025-04-05,0,0,False,False,632815.755,Current,DEBT_CONSOLIDATION
LN-506537,CUST-106163,2025-04-05,0,0,False,False,39756.665,Current,DEBT_CONSOLIDATION
LN-506538,CUST-106528,2025-04-05,0,0,False,False,23613.565000000002,Current,DEBT_CONSOLIDATION
LN-506539,CUST-107571,2025-04-05,0,0,False,False,12741.76,Current,DEBT_CONSOLIDATION
LN-506540,CUST-104667,2025-04-05,2,59,False,False,18554.165000000005,30-59,DEBT_CONSOLIDATION
LN-506541,CUST-106883,2025-04-05,0,0,False,False,3633.3500000000026,Current,DEBT_CONSOLIDATION
LN-506543,CUST-102838,2025-04-05,0,0,False,False,185849.08000000002,Current,DEBT_CONSOLIDATION
LN-506544,CUST-101010,2025-04-05,0,0,False,False,21498.350000000006,Current,DEBT_CONSOLIDATION
LN-506545,CUST-102089,2025-04-05,0,0,False,False,5352.810000000001,Current,DEBT_CONSOLIDATION
LN-506546,CUST-105858,2025-04-05,0,0,False,False,23232.082499999997,Current,DEBT_CONSOLIDATION
LN-506547,CUST-101562,2025-04-05,0,0,False,False,39737.417500000025,Current,DEBT_CONSOLIDATION
LN-506548,CUST-102032,2025-04-05,0,0,False,False,35884.0075,Current,DEBT_CONSOLIDATION
LN-506549,CUST-105459,2025-04-05,0,0,False,False,6200.402500000001,Current,DEBT_CONSOLIDATION
LN-506550,CUST-107005,2025-04-05,1,23,False,False,47324.034999999996,1-29,DEBT_CONSOLIDATION
LN-506551,CUST-100357,2025-04-05,0,0,False,False,14157.272499999992,Current,DEBT_CONSOLIDATION
LN-506552,CUST-102061,2025-04-05,0,0,False,False,34540.82999999999,Current,DEBT_CONSOLIDATION
LN-506553,CUST-100297,2025-04-05,1,16,False,False,13149.565000000002,1-29,DEBT_CONSOLIDATION
LN-506554,CUST-102821,2025-04-05,0,0,False,False,39558.70000000004,Current,DEBT_CONSOLIDATION
LN-506555,CUST-107650,2025-04-05,0,0,False,False,453909.16,Current,DEBT_CONSOLIDATION
LN-506557,CUST-103280,2025-04-05,0,0,False,False,23790.972500000003,Current,DEBT_CONSOLIDATION
LN-506558,CUST-106652,2025-04-05,0,0,False,False,30683.350000000013,Current,DEBT_CONSOLIDATION
LN-506559,CUST-105580,2025-04-05,0,0,False,False,16146.099999999999,Current,DEBT_CONSOLIDATION
LN-506560,CUST-105745,2025-04-05,0,0,True,False,5790.48,Current,DEBT_CONSOLIDATION
LN-506561,CUST-100861,2025-04-05,0,0,False,False,11257.212500000001,Current,DEBT_CONSOLIDATION
LN-506562,CUST-105662,2025-04-05,0,0,False,False,24047.952499999992,Current,DEBT_CONSOLIDATION
LN-506563,CUST-101590,2025-04-05,0,0,False,False,527832.8399999997,Current,DEBT_CONSOLIDATION
LN-506565,CUST-107786,2025-04-05,0,0,False,False,5283.227500000001,Current,DEBT_CONSOLIDATION
LN-506566,CUST-100379,2025-04-05,0,0,False,False,34430.76,Current,DEBT_CONSOLIDATION
LN-506567,CUST-106046,2025-04-05,0,0,False,False,8370.760000000004,Current,DEBT_CONSOLIDATION
LN-506568,CUST-104799,2025-04-05,0,0,False,False,45190.509999999966,Current,DEBT_CONSOLIDATION
LN-506569,CUST-100057,2025-04-05,0,0,False,False,456.76999999999987,Current,DEBT_CONSOLIDATION
LN-506570,CUST-105439,2025-04-05,0,0,False,False,6522.2300000000005,Current,DEBT_CONSOLIDATION
LN-506571,CUST-103791,2025-04-05,0,0,False,False,285462.99500000017,Current,DEBT_CONSOLIDATION
LN-506572,CUST-107669,2025-04-05,0,0,False,False,25449.480000000003,Current,DEBT_CONSOLIDATION
LN-506573,CUST-104796,2025-04-05,1,1,False,False,12099.394999999999,1-29,DEBT_CONSOLIDATION
LN-506576,CUST-105956,2025-04-05,4,174,False,False,15222.845000000001,90+,DEBT_CONSOLIDATION
LN-506577,CUST-101573,2025-04-05,0,0,False,False,34518.372500000005,Current,DEBT_CONSOLIDATION
LN-506578,CUST-104439,2025-04-05,0,0,False,False,27627.909999999993,Current,DEBT_CONSOLIDATION
LN-506581,CUST-104197,2025-04-05,0,0,False,False,42424.45749999999,Current,DEBT_CONSOLIDATION
LN-506582,CUST-107032,2025-04-05,0,0,False,False,11622.26,Current,DEBT_CONSOLIDATION
LN-506584,CUST-100961,2025-04-05,0,0,False,False,12412.38,Current,DEBT_CONSOLIDATION
LN-506585,CUST-106601,2025-04-05,0,0,False,False,10060.500000000005,Current,DEBT_CONSOLIDATION
LN-506587,CUST-105260,2025-04-05,0,0,False,False,12073.219999999998,Current,DEBT_CONSOLIDATION
LN-506588,CUST-107442,2025-04-05,0,0,False,False,10603.880000000003,Current,DEBT_CONSOLIDATION
LN-506589,CUST-100026,2025-04-05,0,0,False,False,15647.67999999999,Current,DEBT_CONSOLIDATION
LN-506590,CUST-101956,2025-04-05,0,0,False,False,35858.33249999999,Current,DEBT_CONSOLIDATION
LN-506591,CUST-106549,2025-04-05,0,0,False,False,9634.205,Current,DEBT_CONSOLIDATION
LN-506593,CUST-107399,2025-04-05,0,0,False,False,39114.14,Current,DEBT_CONSOLIDATION
LN-506595,CUST-105674,2025-04-05,0,0,False,False,29013.407500000012,Current,DEBT_CONSOLIDATION
LN-506596,CUST-106444,2025-04-05,0,0,False,False,33685.284999999996,Current,DEBT_CONSOLIDATION
LN-506597,CUST-106043,2025-04-05,0,0,False,False,8777.14,Current,DEBT_CONSOLIDATION
LN-506598,CUST-105667,2025-04-05,0,0,False,False,25051.00000000001,Current,DEBT_CONSOLIDATION
LN-506599,CUST-103022,2025-04-05,0,0,False,False,13389.05,Current,DEBT_CONSOLIDATION
LN-506600,CUST-104039,2025-04-05,0,0,False,False,12257.11999999999,Current,DEBT_CONSOLIDATION
LN-506601,CUST-103359,2025-04-05,1,14,False,False,7746.759999999999,1-29,DEBT_CONSOLIDATION
LN-506603,CUST-107120,2025-04-05,0,0,False,False,14695.527500000002,Current,DEBT_CONSOLIDATION
LN-506604,CUST-106814,2025-04-05,0,0,False,False,14428.220000000001,Current,DEBT_CONSOLIDATION
LN-506605,CUST-105257,2025-04-05,0,0,False,False,11663.7875,Current,DEBT_CONSOLIDATION
LN-506608,CUST-100354,2025-04-05,0,0,False,False,12232.430000000004,Current,DEBT_CONSOLIDATION
LN-506609,CUST-101423,2025-04-05,0,0,False,False,133714.03249999997,Current,DEBT_CONSOLIDATION
LN-506610,CUST-107310,2025-04-05,0,0,False,False,14841.649999999998,Current,DEBT_CONSOLIDATION
LN-506612,CUST-105934,2025-04-05,0,0,False,False,16950.89999999999,Current,DEBT_CONSOLIDATION
LN-506613,CUST-107826,2025-04-05,0,0,False,False,42044.460000000014,Current,DEBT_CONSOLIDATION
LN-506614,CUST-107872,2025-04-05,0,0,False,False,543562.0399999999,Current,DEBT_CONSOLIDATION
LN-506616,CUST-100798,2025-04-05,0,0,False,False,38670.179999999986,Current,DEBT_CONSOLIDATION
LN-506617,CUST-100909,2025-04-05,0,0,False,False,27269.37000000001,Current,DEBT_CONSOLIDATION
LN-506618,CUST-105517,2025-04-05,0,0,False,False,14740.41,Current,DEBT_CONSOLIDATION
LN-506619,CUST-101129,2025-04-05,0,0,False,False,19102.96,Current,DEBT_CONSOLIDATION
LN-506620,CUST-105010,2025-04-05,0,0,False,False,29038.9125,Current,DEBT_CONSOLIDATION
LN-506621,CUST-102579,2025-04-05,0,0,True,False,4945.415,Current,DEBT_CONSOLIDATION
LN-506622,CUST-100952,2025-04-05,0,0,False,False,28369.632500000003,Current,DEBT_CONSOLIDATION
LN-506623,CUST-106986,2025-04-05,0,0,False,False,43514.892500000016,Current,DEBT_CONSOLIDATION
LN-506624,CUST-101341,2025-04-05,0,0,False,False,12835.025000000001,Current,DEBT_CONSOLIDATION
LN-506625,CUST-104755,2025-04-05,0,0,False,False,6859.67,Current,DEBT_CONSOLIDATION
LN-506626,CUST-107276,2025-04-05,0,0,False,False,8021.905000000001,Current,DEBT_CONSOLIDATION
LN-506627,CUST-107297,2025-04-05,0,0,False,False,15291.500000000015,Current,DEBT_CONSOLIDATION
LN-506628,CUST-105038,2025-04-05,0,0,False,False,39271.74499999999,Current,DEBT_CONSOLIDATION
LN-506629,CUST-101501,2025-04-05,0,0,False,False,22201.904999999995,Current,DEBT_CONSOLIDATION
LN-506631,CUST-105405,2025-04-05,0,0,False,False,18927.11499999999,Current,DEBT_CONSOLIDATION
LN-506633,CUST-105247,2025-04-05,0,0,False,False,21375.825000000015,Current,DEBT_CONSOLIDATION
LN-506634,CUST-106218,2025-04-05,0,0,False,False,14727.850000000002,Current,DEBT_CONSOLIDATION
LN-506636,CUST-100607,2025-04-05,0,0,False,False,14013.042499999996,Current,DEBT_CONSOLIDATION
LN-506638,CUST-105308,2025-04-05,4,264,False,False,19113.01,90+,DEBT_CONSOLIDATION
LN-506639,CUST-101222,2025-04-05,0,0,False,False,13762.205000000002,Current,DEBT_CONSOLIDATION
LN-506641,CUST-107862,2025-04-05,0,0,False,False,8152.080000000006,Current,DEBT_CONSOLIDATION
LN-506642,CUST-105840,2025-04-05,0,0,False,False,32788.694999999985,Current,DEBT_CONSOLIDATION
LN-506644,CUST-106822,2025-04-05,0,0,False,False,9854.62,Current,DEBT_CONSOLIDATION
LN-506645,CUST-101283,2025-04-05,0,0,False,False,8369.4275,Current,DEBT_CONSOLIDATION
LN-506647,CUST-105644,2025-04-05,0,0,False,False,22026.41499999999,Current,DEBT_CONSOLIDATION
LN-506648,CUST-107041,2025-04-05,0,0,False,False,14521.800000000003,Current,DEBT_CONSOLIDATION
LN-506649,CUST-107556,2025-04-05,0,0,False,False,12264.465,Current,DEBT_CONSOLIDATION
LN-506650,CUST-101099,2025-04-05,3,64,False,False,49669.01249999999,60-89,DEBT_CONSOLIDATION
LN-506651,CUST-100483,2025-04-05,0,0,False,False,32864.62,Current,DEBT_CONSOLIDATION
LN-506652,CUST-103253,2025-04-05,0,0,False,False,17537.14249999999,Current,DEBT_CONSOLIDATION
LN-506653,CUST-104926,2025-04-05,2,59,False,False,13114.027499999995,30-59,DEBT_CONSOLIDATION
LN-506654,CUST-107822,2025-04-05,0,0,False,False,12894.719999999998,Current,DEBT_CONSOLIDATION
LN-506655,CUST-106709,2025-04-05,2,44,False,False,10183.359999999999,30-59,DEBT_CONSOLIDATION
LN-506656,CUST-103761,2025-04-05,0,0,False,False,2961.4625,Current,DEBT_CONSOLIDATION
LN-506657,CUST-104539,2025-04-05,0,0,False,False,42483.57000000001,Current,DEBT_CONSOLIDATION
LN-506658,CUST-100895,2025-04-05,0,0,False,False,39215.795000000006,Current,DEBT_CONSOLIDATION
LN-506659,CUST-102784,2025-04-05,0,0,False,False,32224.185,Current,DEBT_CONSOLIDATION
LN-506660,CUST-105419,2025-04-05,0,0,False,False,8275.785000000002,Current,DEBT_CONSOLIDATION
LN-506661,CUST-105856,2025-04-05,0,0,False,False,14372.362499999996,Current,DEBT_CONSOLIDATION
LN-506662,CUST-101661,2025-04-05,0,0,False,False,34601.66499999999,Current,DEBT_CONSOLIDATION
LN-506663,CUST-107160,2025-04-05,0,0,False,False,1154.2599999999995,Current,DEBT_CONSOLIDATION
LN-506664,CUST-107379,2025-04-05,0,0,False,False,15296.56749999999,Current,DEBT_CONSOLIDATION
LN-506668,CUST-105578,2025-04-05,0,0,False,False,29247.69,Current,DEBT_CONSOLIDATION
LN-506670,CUST-101026,2025-04-05,0,0,False,False,35496.57000000003,Current,DEBT_CONSOLIDATION
LN-506671,CUST-104729,2025-04-05,3,61,False,False,15535.3775,60-89,DEBT_CONSOLIDATION
LN-506672,CUST-103112,2025-04-05,0,0,False,False,43076.384999999995,Current,DEBT_CONSOLIDATION
LN-506675,CUST-106643,2025-04-05,1,16,False,False,26427.565,1-29,DEBT_CONSOLIDATION
LN-506676,CUST-102573,2025-04-05,0,0,False,False,5247.820000000002,Current,DEBT_CONSOLIDATION
LN-506677,CUST-102651,2025-04-05,0,0,False,False,22449.16500000002,Current,DEBT_CONSOLIDATION
LN-506678,CUST-104272,2025-04-05,0,0,False,False,32481.772500000006,Current,DEBT_CONSOLIDATION
LN-506679,CUST-102227,2025-04-05,0,0,False,False,24753.19,Current,DEBT_CONSOLIDATION
LN-506680,CUST-105428,2025-04-05,0,0,False,False,7706.650000000003,Current,DEBT_CONSOLIDATION
LN-506681,CUST-104390,2025-04-05,0,0,False,False,15997.249999999996,Current,DEBT_CONSOLIDATION
LN-506682,CUST-101455,2025-04-05,1,17,False,False,52128.13250000001,1-29,DEBT_CONSOLIDATION
LN-506683,CUST-101608,2025-04-05,0,0,False,False,18690.99,Current,DEBT_CONSOLIDATION
LN-506685,CUST-103408,2025-04-05,0,0,False,False,148773.53,Current,DEBT_CONSOLIDATION
LN-506686,CUST-101561,2025-04-05,0,0,False,False,24600.00999999999,Current,DEBT_CONSOLIDATION
LN-506687,CUST-103699,2025-04-05,0,0,False,False,36270.72999999999,Current,DEBT_CONSOLIDATION
LN-506688,CUST-104890,2025-04-05,0,0,False,False,17748.770000000008,Current,DEBT_CONSOLIDATION
LN-506689,CUST-107886,2025-04-05,0,0,False,False,29635.285000000003,Current,DEBT_CONSOLIDATION
LN-506690,CUST-101902,2025-04-05,1,30,False,False,77603.97000000004,1-29,DEBT_CONSOLIDATION
LN-506691,CUST-105571,2025-04-05,0,0,False,False,46434.35,Current,DEBT_CONSOLIDATION
LN-506692,CUST-105125,2025-04-05,0,0,False,False,16661.629999999986,Current,DEBT_CONSOLIDATION
LN-506693,CUST-106233,2025-04-05,0,0,False,False,46284.97000000003,Current,DEBT_CONSOLIDATION
LN-506694,CUST-107150,2025-04-05,0,0,False,False,40038.80999999997,Current,DEBT_CONSOLIDATION
LN-506695,CUST-100898,2025-04-05,0,0,False,False,16861.194999999996,Current,DEBT_CONSOLIDATION
LN-506696,CUST-106007,2025-04-05,0,0,False,False,32397.695,Current,DEBT_CONSOLIDATION
LN-506697,CUST-106615,2025-04-05,0,0,False,False,40488.36500000001,Current,DEBT_CONSOLIDATION
LN-506698,CUST-106958,2025-04-05,0,0,False,False,24769.11,Current,DEBT_CONSOLIDATION
LN-506699,CUST-102225,2025-04-05,0,0,False,False,32681.58500000002,Current,DEBT_CONSOLIDATION
LN-506700,CUST-107538,2025-04-05,0,0,False,False,20091.89499999999,Current,DEBT_CONSOLIDATION
LN-506703,CUST-103067,2025-04-05,0,0,False,False,22881.464999999982,Current,DEBT_CONSOLIDATION
LN-506704,CUST-103226,2025-04-05,0,0,False,False,17965.07000000001,Current,DEBT_CONSOLIDATION
LN-506705,CUST-102323,2025-04-05,0,0,False,False,20033.554999999993,Current,DEBT_CONSOLIDATION
LN-506706,CUST-103743,2025-04-05,0,0,False,False,9813.029999999997,Current,DEBT_CONSOLIDATION
LN-506708,CUST-102758,2025-04-05,0,0,False,False,27869.945,Current,DEBT_CONSOLIDATION
LN-506709,CUST-106972,2025-04-05,0,0,False,False,19516.662500000013,Current,DEBT_CONSOLIDATION
LN-506710,CUST-106937,2025-04-05,0,0,False,False,15723.239999999998,Current,DEBT_CONSOLIDATION
LN-506712,CUST-105498,2025-04-05,0,0,False,False,5654.692500000001,Current,DEBT_CONSOLIDATION
LN-506713,CUST-101922,2025-04-05,0,0,False,False,8433.36,Current,DEBT_CONSOLIDATION
LN-506714,CUST-101997,2025-04-05,0,0,False,False,13691.26,Current,DEBT_CONSOLIDATION
LN-506715,CUST-104843,2025-04-05,0,0,False,False,16956.69749999999,Current,DEBT_CONSOLIDATION
LN-506716,CUST-100733,2025-04-05,0,0,False,False,46472.22000000001,Current,DEBT_CONSOLIDATION
LN-506717,CUST-104787,2025-04-05,0,0,False,False,11823.730000000001,Current,DEBT_CONSOLIDATION
LN-506718,CUST-104014,2025-04-05,0,0,False,False,38608.82249999999,Current,DEBT_CONSOLIDATION
LN-506719,CUST-102073,2025-04-05,0,0,False,False,26913.68,Current,DEBT_CONSOLIDATION
LN-506720,CUST-103840,2025-04-05,0,0,False,False,8584.137500000006,Current,DEBT_CONSOLIDATION
LN-506721,CUST-100757,2025-04-05,0,0,False,False,37628.56999999999,Current,DEBT_CONSOLIDATION
LN-506723,CUST-104943,2025-04-05,4,203,False,False,26840.76,90+,DEBT_CONSOLIDATION
LN-506724,CUST-102143,2025-04-05,1,24,False,False,21053.730000000007,1-29,DEBT_CONSOLIDATION
LN-506725,CUST-103015,2025-04-05,0,0,False,False,28992.19,Current,DEBT_CONSOLIDATION
LN-506726,CUST-104789,2025-04-05,1,16,False,False,13758.855000000001,1-29,DEBT_CONSOLIDATION
LN-506727,CUST-104718,2025-04-05,0,0,False,False,45852.789999999986,Current,DEBT_CONSOLIDATION
LN-506728,CUST-107572,2025-04-05,0,0,False,False,43950.05000000002,Current,DEBT_CONSOLIDATION
LN-506729,CUST-104775,2025-04-05,0,0,False,False,2783.5750000000003,Current,DEBT_CONSOLIDATION
LN-506730,CUST-104154,2025-04-05,0,0,False,False,1982.5299999999995,Current,DEBT_CONSOLIDATION
LN-506731,CUST-104391,2025-04-05,0,0,False,False,10868.165000000003,Current,DEBT_CONSOLIDATION
LN-506732,CUST-102177,2025-04-05,0,0,False,False,50877.08750000001,Current,DEBT_CONSOLIDATION
LN-506733,CUST-103497,2025-04-05,0,0,False,False,34058.05749999999,Current,DEBT_CONSOLIDATION
LN-506734,CUST-106705,2025-04-05,0,0,False,False,46901.92,Current,DEBT_CONSOLIDATION
LN-506735,CUST-100716,2025-04-05,0,0,False,False,23420.742500000004,Current,DEBT_CONSOLIDATION
LN-506737,CUST-106257,2025-04-05,0,0,False,False,11203.269999999991,Current,DEBT_CONSOLIDATION
LN-506738,CUST-103702,2025-04-05,0,0,False,False,11560.74,Current,DEBT_CONSOLIDATION
LN-506739,CUST-105538,2025-04-05,0,0,False,False,27225.600000000006,Current,DEBT_CONSOLIDATION
LN-506740,CUST-105656,2025-04-05,0,0,False,False,23666.984999999986,Current,DEBT_CONSOLIDATION
LN-506741,CUST-100580,2025-04-05,0,0,False,False,27574.704999999994,Current,DEBT_CONSOLIDATION
LN-506742,CUST-105043,2025-04-05,0,0,False,False,6060.490000000001,Current,DEBT_CONSOLIDATION
LN-506743,CUST-107309,2025-04-05,0,0,False,False,291662.07,Current,DEBT_CONSOLIDATION
LN-506745,CUST-100872,2025-04-05,0,0,False,False,8350.075000000008,Current,DEBT_CONSOLIDATION
LN-506746,CUST-102933,2025-04-05,0,0,False,False,40761.185,Current,DEBT_CONSOLIDATION
LN-506747,CUST-100661,2025-04-05,0,0,False,False,29757.93,Current,DEBT_CONSOLIDATION
LN-506748,CUST-106721,2025-04-05,0,0,False,False,93076.25749999996,Current,DEBT_CONSOLIDATION
LN-506749,CUST-105586,2025-04-05,0,0,False,False,32713.01,Current,DEBT_CONSOLIDATION
LN-506750,CUST-107602,2025-04-05,0,0,False,False,117083.57499999998,Current,DEBT_CONSOLIDATION
LN-506751,CUST-105371,2025-04-05,0,0,False,False,14061.572500000004,Current,DEBT_CONSOLIDATION
LN-506752,CUST-106890,2025-04-05,0,0,False,False,19640.49,Current,DEBT_CONSOLIDATION
LN-506754,CUST-104429,2025-04-05,0,0,False,False,13475.555,Current,DEBT_CONSOLIDATION
LN-506755,CUST-100563,2025-04-05,0,0,False,False,14008.330000000004,Current,DEBT_CONSOLIDATION
LN-506757,CUST-101804,2025-04-05,0,0,False,False,48148.85499999999,Current,DEBT_CONSOLIDATION
LN-506759,CUST-103205,2025-04-05,0,0,False,False,387356.24,Current,DEBT_CONSOLIDATION
LN-506760,CUST-105110,2025-04-05,0,0,False,False,10909.004999999994,Current,DEBT_CONSOLIDATION
LN-506761,CUST-101888,2025-04-05,0,0,False,False,26063.954999999998,Current,DEBT_CONSOLIDATION
LN-506762,CUST-105932,2025-04-05,0,0,False,False,1247.1325000000008,Current,DEBT_CONSOLIDATION
LN-506763,CUST-100651,2025-04-05,0,0,False,False,85253.79999999997,Current,DEBT_CONSOLIDATION
LN-506764,CUST-105118,2025-04-05,0,0,False,False,21662.429999999993,Current,DEBT_CONSOLIDATION
LN-506765,CUST-101563,2025-04-05,4,119,False,False,9568.055,90+,DEBT_CONSOLIDATION
LN-506766,CUST-105277,2025-04-05,0,0,False,False,7730.9675,Current,DEBT_CONSOLIDATION
LN-506767,CUST-105216,2025-04-05,0,0,False,False,18455.505000000012,Current,DEBT_CONSOLIDATION
LN-506768,CUST-101113,2025-04-05,0,0,False,False,32881.67999999999,Current,DEBT_CONSOLIDATION
LN-506769,CUST-107211,2025-04-05,0,0,False,False,38238.74500000003,Current,DEBT_CONSOLIDATION
LN-506771,CUST-100786,2025-04-05,0,0,False,False,11481.25,Current,DEBT_CONSOLIDATION
LN-506772,CUST-101847,2025-04-05,1,30,False,False,42716.084999999985,1-29,DEBT_CONSOLIDATION
LN-506773,CUST-107546,2025-04-05,0,0,False,False,18247.37,Current,DEBT_CONSOLIDATION
LN-506774,CUST-100904,2025-04-05,0,0,False,False,21413.35,Current,DEBT_CONSOLIDATION
LN-506775,CUST-104600,2025-04-05,1,31,False,False,20766.300000000007,1-29,DEBT_CONSOLIDATION
LN-506776,CUST-102341,2025-04-05,0,0,False,False,15508.359999999997,Current,DEBT_CONSOLIDATION
LN-506777,CUST-105291,2025-04-05,0,0,False,False,29137.2325,Current,DEBT_CONSOLIDATION
LN-506778,CUST-105976,2025-04-05,0,0,False,False,29854.599999999977,Current,DEBT_CONSOLIDATION
LN-506779,CUST-102169,2025-04-05,0,0,False,False,27451.530000000006,Current,DEBT_CONSOLIDATION
LN-506780,CUST-105347,2025-04-05,0,0,False,False,4098.24,Current,DEBT_CONSOLIDATION
LN-506782,CUST-102633,2025-04-05,0,0,False,False,27434.57,Current,DEBT_CONSOLIDATION
LN-506783,CUST-105532,2025-04-05,0,0,False,False,552118.4300000004,Current,DEBT_CONSOLIDATION
LN-506784,CUST-107740,2025-04-05,0,0,False,False,50599.465000000004,Current,DEBT_CONSOLIDATION
LN-506785,CUST-100760,2025-04-05,0,0,False,False,21728.5775,Current,DEBT_CONSOLIDATION
LN-506787,CUST-102288,2025-04-05,0,0,False,False,18411.905,Current,DEBT_CONSOLIDATION
LN-506788,CUST-107173,2025-04-05,0,0,False,False,43752.79499999997,Current,DEBT_CONSOLIDATION
LN-506789,CUST-102079,2025-04-05,2,61,False,False,2865.78,30-59,DEBT_CONSOLIDATION
LN-506790,CUST-105306,2025-04-05,0,0,False,False,62673.182499999944,Current,DEBT_CONSOLIDATION
LN-506791,CUST-105668,2025-04-05,0,0,False,False,81818.87250000007,Current,DEBT_CONSOLIDATION
LN-506793,CUST-104802,2025-04-05,0,0,False,False,27765.260000000002,Current,DEBT_CONSOLIDATION
LN-506794,CUST-101031,2025-04-05,0,0,False,False,13082.989999999994,Current,DEBT_CONSOLIDATION
LN-506795,CUST-101475,2025-04-05,0,0,False,False,54391.06,Current,DEBT_CONSOLIDATION
LN-506796,CUST-103644,2025-04-05,0,0,False,False,141282.08249999987,Current,DEBT_CONSOLIDATION
LN-506797,CUST-106755,2025-04-05,0,0,False,False,41952.80500000001,Current,DEBT_CONSOLIDATION
LN-506799,CUST-102537,2025-04-05,1,3,False,False,53948.34,1-29,DEBT_CONSOLIDATION
LN-506800,CUST-104369,2025-04-05,0,0,False,False,3909.444999999999,Current,DEBT_CONSOLIDATION
LN-506802,CUST-104099,2025-04-05,0,0,False,False,13973.52,Current,DEBT_CONSOLIDATION
LN-506804,CUST-103206,2025-04-05,0,0,False,False,30085.232500000013,Current,DEBT_CONSOLIDATION
LN-506805,CUST-101821,2025-04-05,0,0,False,False,10231.999999999998,Current,DEBT_CONSOLIDATION
LN-506806,CUST-105913,2025-04-05,2,31,False,False,19540.94000000001,30-59,DEBT_CONSOLIDATION
LN-506807,CUST-102654,2025-04-05,0,0,False,False,4800.335,Current,DEBT_CONSOLIDATION
LN-506808,CUST-107848,2025-04-05,0,0,False,False,38797.27,Current,DEBT_CONSOLIDATION
LN-506809,CUST-105084,2025-04-05,0,0,False,False,36624.6725,Current,DEBT_CONSOLIDATION
LN-506810,CUST-104231,2025-04-05,0,0,False,False,15642.67999999999,Current,DEBT_CONSOLIDATION
LN-506811,CUST-100601,2025-04-05,0,0,False,False,14228.585,Current,DEBT_CONSOLIDATION
LN-506812,CUST-100322,2025-04-05,0,0,False,False,14592.410000000002,Current,DEBT_CONSOLIDATION
LN-506814,CUST-106517,2025-04-05,0,0,False,False,6821.942499999999,Current,DEBT_CONSOLIDATION
LN-506815,CUST-103601,2025-04-05,0,0,False,False,43366.44999999998,Current,DEBT_CONSOLIDATION
LN-506817,CUST-106186,2025-04-05,2,45,False,False,11485.99,30-59,DEBT_CONSOLIDATION
LN-506818,CUST-104985,2025-04-05,0,0,False,False,24047.795000000002,Current,DEBT_CONSOLIDATION
LN-506819,CUST-103684,2025-04-05,0,0,False,False,17233.5475,Current,DEBT_CONSOLIDATION
LN-506820,CUST-100137,2025-04-05,0,0,False,False,40711.97999999999,Current,DEBT_CONSOLIDATION
LN-506821,CUST-100896,2025-04-05,0,0,False,False,16530.06,Current,DEBT_CONSOLIDATION
LN-506822,CUST-103257,2025-04-05,0,0,False,False,13297.742500000004,Current,DEBT_CONSOLIDATION
LN-506823,CUST-102458,2025-04-05,0,0,False,False,22476.91500000002,Current,DEBT_CONSOLIDATION
LN-506824,CUST-100365,2025-04-05,0,0,False,False,11957.842499999999,Current,DEBT_CONSOLIDATION
LN-506825,CUST-104892,2025-04-05,0,0,False,False,28782.115000000005,Current,DEBT_CONSOLIDATION
LN-506826,CUST-103524,2025-04-05,0,0,False,False,51444.71499999999,Current,DEBT_CONSOLIDATION
LN-506827,CUST-104826,2025-04-05,0,0,False,False,7489.649999999999,Current,DEBT_CONSOLIDATION
LN-506828,CUST-104792,2025-04-05,1,30,False,False,18587.737500000007,1-29,DEBT_CONSOLIDATION
LN-506829,CUST-100632,2025-04-05,0,0,False,False,7461.409999999996,Current,DEBT_CONSOLIDATION
LN-506830,CUST-103583,2025-04-05,1,22,False,False,3430.5900000000006,1-29,DEBT_CONSOLIDATION
LN-506831,CUST-103207,2025-04-05,0,0,False,False,28050.680000000004,Current,DEBT_CONSOLIDATION
LN-506832,CUST-105039,2025-04-05,0,0,False,False,28865.937499999985,Current,DEBT_CONSOLIDATION
LN-506833,CUST-106741,2025-04-05,0,0,False,False,14387.585000000001,Current,DEBT_CONSOLIDATION
LN-506834,CUST-101981,2025-04-05,0,0,False,False,37354.16749999998,Current,DEBT_CONSOLIDATION
LN-506835,CUST-104774,2025-04-05,0,0,False,False,14906.550000000001,Current,DEBT_CONSOLIDATION
LN-506836,CUST-101292,2025-04-05,0,0,False,False,5794.445,Current,DEBT_CONSOLIDATION
LN-506837,CUST-106770,2025-04-05,0,0,False,False,22411.53999999999,Current,DEBT_CONSOLIDATION
LN-506838,CUST-102627,2025-04-05,0,0,False,False,11017.749999999996,Current,DEBT_CONSOLIDATION
LN-506839,CUST-103315,2025-04-05,0,0,False,False,23135.97,Current,DEBT_CONSOLIDATION
LN-506840,CUST-104172,2025-04-05,0,0,False,False,9423.177500000005,Current,DEBT_CONSOLIDATION
LN-506842,CUST-101610,2025-04-05,0,0,False,False,30973.84000000001,Current,DEBT_CONSOLIDATION
LN-506843,CUST-101945,2025-04-05,0,0,False,False,43978.19000000001,Current,DEBT_CONSOLIDATION
LN-506844,CUST-104570,2025-04-05,0,0,False,False,21184.019999999993,Current,DEBT_CONSOLIDATION
LN-506845,CUST-104510,2025-04-05,2,46,False,False,266674.66000000003,30-59,DEBT_CONSOLIDATION
LN-506846,CUST-104666,2025-04-05,0,0,False,False,11839.550000000003,Current,DEBT_CONSOLIDATION
LN-506847,CUST-106190,2025-04-05,0,0,False,False,10468.847499999993,Current,DEBT_CONSOLIDATION
LN-506848,CUST-107352,2025-04-05,0,0,False,False,8321.369999999999,Current,DEBT_CONSOLIDATION
LN-506849,CUST-102779,2025-04-05,0,0,False,False,48706.24,Current,DEBT_CONSOLIDATION
LN-506851,CUST-104183,2025-04-05,0,0,False,False,12399.722500000002,Current,DEBT_CONSOLIDATION
LN-506852,CUST-107342,2025-04-05,0,0,False,False,24067.885,Current,DEBT_CONSOLIDATION
LN-506853,CUST-103785,2025-04-05,2,32,False,False,8533.23,30-59,DEBT_CONSOLIDATION
LN-506855,CUST-106672,2025-04-05,0,0,False,False,4371.749999999997,Current,DEBT_CONSOLIDATION
LN-506856,CUST-100442,2025-04-05,0,0,False,False,31477.6575,Current,DEBT_CONSOLIDATION
LN-506857,CUST-105192,2025-04-05,0,0,False,False,28711.492500000004,Current,DEBT_CONSOLIDATION
LN-506858,CUST-101119,2025-04-05,0,0,False,False,41607.274999999994,Current,DEBT_CONSOLIDATION
LN-506859,CUST-101609,2025-04-05,0,0,False,False,11449.610000000006,Current,DEBT_CONSOLIDATION
LN-506860,CUST-103751,2025-04-05,0,0,False,False,60147.07000000004,Current,DEBT_CONSOLIDATION
LN-506861,CUST-107185,2025-04-05,0,0,False,False,40814.69000000004,Current,DEBT_CONSOLIDATION
LN-506862,CUST-103295,2025-04-05,0,0,False,False,13860.430000000008,Current,DEBT_CONSOLIDATION
LN-506863,CUST-100300,2025-04-05,0,0,False,False,19594.989999999987,Current,DEBT_CONSOLIDATION
LN-506864,CUST-105299,2025-04-05,0,0,False,False,32160.822500000002,Current,DEBT_CONSOLIDATION
LN-506866,CUST-101758,2025-04-05,0,0,False,False,10335.4175,Current,DEBT_CONSOLIDATION
LN-506867,CUST-103428,2025-04-05,0,0,False,False,42429.89499999998,Current,DEBT_CONSOLIDATION
LN-506868,CUST-107302,2025-04-05,4,106,False,False,27870.047500000004,90+,DEBT_CONSOLIDATION
LN-506869,CUST-103885,2025-04-05,0,0,False,False,13720.007499999996,Current,DEBT_CONSOLIDATION
LN-506870,CUST-105460,2025-04-05,0,0,False,False,19780.0575,Current,DEBT_CONSOLIDATION
LN-506871,CUST-107214,2025-04-05,0,0,False,False,2194.239999999998,Current,DEBT_CONSOLIDATION
LN-506872,CUST-103012,2025-04-05,0,0,False,False,2225.48,Current,DEBT_CONSOLIDATION
LN-506873,CUST-104244,2025-04-05,0,0,False,False,1070.4650000000008,Current,DEBT_CONSOLIDATION
LN-506874,CUST-104326,2025-04-05,0,0,False,False,13405.439999999999,Current,DEBT_CONSOLIDATION
LN-506875,CUST-106062,2025-04-05,0,0,False,False,19358.06000000001,Current,DEBT_CONSOLIDATION
LN-506879,CUST-103695,2025-04-05,0,0,False,False,48636.76500000001,Current,DEBT_CONSOLIDATION
LN-506880,CUST-101223,2025-04-05,0,0,False,False,31515.295,Current,DEBT_CONSOLIDATION
LN-506882,CUST-104476,2025-04-05,0,0,False,False,38642.965,Current,DEBT_CONSOLIDATION
LN-506883,CUST-107119,2025-04-05,0,0,False,False,27686.985,Current,DEBT_CONSOLIDATION
LN-506884,CUST-104349,2025-04-05,0,0,False,False,12329.345000000001,Current,DEBT_CONSOLIDATION
LN-506885,CUST-106743,2025-04-05,0,0,False,False,12616.01,Current,DEBT_CONSOLIDATION
LN-506886,CUST-102295,2025-04-05,1,24,False,False,3980.772500000001,1-29,DEBT_CONSOLIDATION
LN-506887,CUST-102257,2025-04-05,0,0,False,False,20403.66499999999,Current,DEBT_CONSOLIDATION
LN-506888,CUST-103453,2025-04-05,0,0,False,False,33074.2675,Current,DEBT_CONSOLIDATION
LN-506889,CUST-102331,2025-04-05,0,0,False,False,18101.380000000012,Current,DEBT_CONSOLIDATION
LN-506890,CUST-101362,2025-04-05,0,0,False,False,2255.9599999999996,Current,DEBT_CONSOLIDATION
LN-506891,CUST-102381,2025-04-05,0,0,False,False,23689.202499999992,Current,DEBT_CONSOLIDATION
LN-506892,CUST-100150,2025-04-05,0,0,False,False,25940.179999999997,Current,DEBT_CONSOLIDATION
LN-506894,CUST-105848,2025-04-05,0,0,False,False,18184.0,Current,DEBT_CONSOLIDATION
LN-506895,CUST-101396,2025-04-05,0,0,False,False,26847.53,Current,DEBT_CONSOLIDATION
LN-506896,CUST-105508,2025-04-05,0,0,False,False,32432.38,Current,DEBT_CONSOLIDATION
LN-506897,CUST-104533,2025-04-05,0,0,False,False,17801.634999999995,Current,DEBT_CONSOLIDATION
LN-506898,CUST-100386,2025-04-05,0,0,False,False,10092.4,Current,DEBT_CONSOLIDATION
LN-506899,CUST-100278,2025-04-05,0,0,False,False,4772.585000000002,Current,DEBT_CONSOLIDATION
LN-506900,CUST-106595,2025-04-05,0,0,False,False,30544.835000000003,Current,DEBT_CONSOLIDATION
LN-506902,CUST-106561,2025-04-05,0,0,False,False,15916.852499999992,Current,DEBT_CONSOLIDATION
LN-506903,CUST-102096,2025-04-05,0,0,True,False,41599.14500000002,Current,DEBT_CONSOLIDATION
LN-506904,CUST-103359,2025-04-05,0,0,False,False,23812.089999999986,Current,DEBT_CONSOLIDATION
LN-506906,CUST-104537,2025-04-05,0,0,False,False,16394.70000000001,Current,DEBT_CONSOLIDATION
LN-506907,CUST-102753,2025-04-05,0,0,False,False,15718.86,Current,DEBT_CONSOLIDATION
LN-506908,CUST-105917,2025-04-05,0,0,False,False,25104.669999999995,Current,DEBT_CONSOLIDATION
LN-506909,CUST-105805,2025-04-05,0,0,False,False,9002.93499999999,Current,DEBT_CONSOLIDATION
LN-506911,CUST-100401,2025-04-05,0,0,False,False,10260.527500000011,Current,DEBT_CONSOLIDATION
LN-506912,CUST-103889,2025-04-05,0,0,False,False,13588.340000000007,Current,DEBT_CONSOLIDATION
LN-506913,CUST-100625,2025-04-05,0,0,False,False,32820.27499999997,Current,DEBT_CONSOLIDATION
LN-506914,CUST-107385,2025-04-05,0,0,False,False,12109.135000000004,Current,DEBT_CONSOLIDATION
LN-506915,CUST-100911,2025-04-05,0,0,False,False,14910.367500000004,Current,DEBT_CONSOLIDATION
LN-506916,CUST-102195,2025-04-05,0,0,False,False,122456.71250000001,Current,DEBT_CONSOLIDATION
LN-506917,CUST-105611,2025-04-05,0,0,False,False,24119.65,Current,DEBT_CONSOLIDATION
LN-506918,CUST-103521,2025-04-05,0,0,False,False,40335.542500000025,Current,DEBT_CONSOLIDATION
LN-506919,CUST-107374,2025-04-05,0,0,False,False,16782.05,Current,DEBT_CONSOLIDATION
LN-506920,CUST-107534,2025-04-05,0,0,False,False,31911.835000000036,Current,DEBT_CONSOLIDATION
LN-506921,CUST-105066,2025-04-05,0,0,False,False,41109.7125,Current,DEBT_CONSOLIDATION
LN-506922,CUST-100736,2025-04-05,0,0,False,False,2845.335,Current,DEBT_CONSOLIDATION
LN-506923,CUST-105406,2025-04-05,0,0,False,False,44346.660000000025,Current,DEBT_CONSOLIDATION
LN-506924,CUST-107993,2025-04-05,0,0,False,False,9816.080000000002,Current,DEBT_CONSOLIDATION
LN-506925,CUST-103772,2025-04-05,0,0,False,False,23726.25249999999,Current,DEBT_CONSOLIDATION
LN-506926,CUST-103088,2025-04-05,0,0,False,False,21077.385000000006,Current,DEBT_CONSOLIDATION
LN-506927,CUST-100479,2025-04-05,0,0,False,False,22073.45,Current,DEBT_CONSOLIDATION
LN-506928,CUST-101416,2025-04-05,0,0,False,False,19196.085,Current,DEBT_CONSOLIDATION
LN-506929,CUST-101220,2025-04-05,0,0,False,False,10318.367499999998,Current,DEBT_CONSOLIDATION
LN-506930,CUST-103051,2025-04-05,0,0,False,False,15690.129999999997,Current,DEBT_CONSOLIDATION
LN-506931,CUST-103507,2025-04-05,0,0,False,False,13525.287499999999,Current,DEBT_CONSOLIDATION
LN-506932,CUST-103534,2025-04-05,0,0,False,False,12938.6475,Current,DEBT_CONSOLIDATION
LN-506933,CUST-105320,2025-04-05,0,0,False,False,20922.589999999986,Current,DEBT_CONSOLIDATION
LN-506934,CUST-104357,2025-04-05,0,0,False,False,20163.715000000015,Current,DEBT_CONSOLIDATION
LN-506935,CUST-105568,2025-04-05,0,0,False,False,8531.080000000007,Current,DEBT_CONSOLIDATION
LN-506936,CUST-102283,2025-04-05,0,0,False,False,34089.0,Current,DEBT_CONSOLIDATION
LN-506937,CUST-102658,2025-04-05,0,0,False,False,17391.16,Current,DEBT_CONSOLIDATION
LN-506938,CUST-102789,2025-04-05,0,0,False,False,9568.690000000002,Current,DEBT_CONSOLIDATION
LN-506939,CUST-106939,2025-04-05,0,0,False,False,27773.35,Current,DEBT_CONSOLIDATION
LN-506940,CUST-104147,2025-04-05,0,0,False,False,7237.740000000002,Current,DEBT_CONSOLIDATION
LN-506941,CUST-100814,2025-04-05,0,0,False,False,141651.63999999998,Current,DEBT_CONSOLIDATION
LN-506944,CUST-102387,2025-04-05,0,0,False,False,18024.72,Current,DEBT_CONSOLIDATION
LN-506945,CUST-103711,2025-04-05,0,0,False,False,373.2850000000002,Current,DEBT_CONSOLIDATION
LN-506946,CUST-106264,2025-04-05,0,0,False,False,99594.75000000004,Current,DEBT_CONSOLIDATION
LN-506947,CUST-103569,2025-04-05,0,0,False,False,19241.125,Current,DEBT_CONSOLIDATION
LN-506948,CUST-105557,2025-04-05,0,0,False,False,14843.809999999998,Current,DEBT_CONSOLIDATION
LN-506949,CUST-105954,2025-04-05,0,0,False,False,29744.859999999982,Current,DEBT_CONSOLIDATION
LN-506950,CUST-105424,2025-04-05,0,0,False,False,15225.075000000004,Current,DEBT_CONSOLIDATION
LN-506951,CUST-102949,2025-04-05,0,0,False,False,4639.319999999997,Current,DEBT_CONSOLIDATION
LN-506952,CUST-106196,2025-04-05,0,0,False,False,124418.4325,Current,DEBT_CONSOLIDATION
LN-506953,CUST-103555,2025-04-05,0,0,False,False,12283.019999999997,Current,DEBT_CONSOLIDATION
LN-506956,CUST-106080,2025-04-05,0,0,False,False,15146.195,Current,DEBT_CONSOLIDATION
LN-506957,CUST-102655,2025-04-05,0,0,False,False,10780.010000000007,Current,DEBT_CONSOLIDATION
LN-506958,CUST-106085,2025-04-05,0,0,False,False,18079.654999999995,Current,DEBT_CONSOLIDATION
LN-506959,CUST-100577,2025-04-05,2,42,False,False,4922.122499999999,30-59,DEBT_CONSOLIDATION
LN-506960,CUST-104964,2025-04-05,0,0,False,False,30272.20000000001,Current,DEBT_CONSOLIDATION
LN-506961,CUST-105968,2025-04-05,0,0,False,False,10702.210000000001,Current,DEBT_CONSOLIDATION
LN-506963,CUST-101635,2025-04-05,0,0,False,False,24378.715000000004,Current,DEBT_CONSOLIDATION
LN-506964,CUST-107589,2025-04-05,0,0,False,False,20311.374999999985,Current,DEBT_CONSOLIDATION
LN-506965,CUST-106551,2025-04-05,0,0,False,False,27251.6625,Current,DEBT_CONSOLIDATION
LN-506966,CUST-105621,2025-04-05,0,0,False,False,21804.182500000003,Current,DEBT_CONSOLIDATION
LN-506967,CUST-102931,2025-04-05,0,0,False,False,50957.01,Current,DEBT_CONSOLIDATION
LN-506968,CUST-105433,2025-04-05,0,0,False,False,19832.13999999999,Current,DEBT_CONSOLIDATION
LN-506969,CUST-101442,2025-04-05,0,0,False,False,187871.04500000004,Current,DEBT_CONSOLIDATION
LN-506970,CUST-106042,2025-04-05,0,0,False,False,21039.804999999997,Current,DEBT_CONSOLIDATION
LN-506971,CUST-100558,2025-04-05,0,0,False,False,11172.717499999999,Current,DEBT_CONSOLIDATION
LN-506972,CUST-107926,2025-04-05,0,0,False,False,84887.15,Current,DEBT_CONSOLIDATION
LN-506973,CUST-102911,2025-04-05,0,0,False,False,9418.92,Current,DEBT_CONSOLIDATION
LN-506974,CUST-102881,2025-04-05,2,46,False,False,15185.26,30-59,DEBT_CONSOLIDATION
LN-506975,CUST-105100,2025-04-05,0,0,False,False,122606.37999999993,Current,DEBT_CONSOLIDATION
LN-506976,CUST-101422,2025-04-05,0,0,False,False,352837.10000000003,Current,DEBT_CONSOLIDATION
LN-506977,CUST-107166,2025-04-05,0,0,False,False,17722.919999999987,Current,DEBT_CONSOLIDATION
LN-506978,CUST-101152,2025-04-05,0,0,False,False,40837.60249999997,Current,DEBT_CONSOLIDATION
LN-506979,CUST-107321,2025-04-05,0,0,False,False,26824.494999999995,Current,DEBT_CONSOLIDATION
LN-506980,CUST-103975,2025-04-05,0,0,False,False,77703.2525,Current,DEBT_CONSOLIDATION
LN-506981,CUST-103602,2025-04-05,0,0,False,False,16982.019999999986,Current,DEBT_CONSOLIDATION
LN-506982,CUST-103522,2025-04-05,0,0,False,False,15890.320000000003,Current,DEBT_CONSOLIDATION
LN-506983,CUST-102069,2025-04-05,2,32,False,False,18342.17499999999,30-59,DEBT_CONSOLIDATION
LN-506984,CUST-102887,2025-04-05,0,0,False,False,24201.51,Current,DEBT_CONSOLIDATION
LN-506985,CUST-106172,2025-04-05,0,0,False,False,6860.535000000001,Current,DEBT_CONSOLIDATION
LN-506986,CUST-100997,2025-04-05,0,0,False,False,10988.117500000002,Current,DEBT_CONSOLIDATION
LN-506987,CUST-102595,2025-04-05,4,112,False,False,20549.999999999993,90+,DEBT_CONSOLIDATION
LN-506988,CUST-107728,2025-04-05,0,0,False,False,5451.85,Current,DEBT_CONSOLIDATION
LN-506989,CUST-105717,2025-04-05,0,0,False,False,22791.672500000004,Current,DEBT_CONSOLIDATION
LN-506990,CUST-103950,2025-04-05,0,0,False,False,23858.56500000001,Current,DEBT_CONSOLIDATION
LN-506991,CUST-107315,2025-04-05,0,0,False,False,429847.975,Current,DEBT_CONSOLIDATION
LN-506992,CUST-106659,2025-04-05,0,0,False,False,23851.285000000003,Current,DEBT_CONSOLIDATION
LN-506993,CUST-107988,2025-04-05,0,0,False,False,5581.98,Current,DEBT_CONSOLIDATION
LN-506994,CUST-106537,2025-04-05,0,0,False,False,13268.932499999992,Current,DEBT_CONSOLIDATION
LN-506995,CUST-100878,2025-04-05,0,0,False,False,12526.109999999993,Current,DEBT_CONSOLIDATION
LN-506996,CUST-101760,2025-04-05,0,0,False,False,18134.847499999993,Current,DEBT_CONSOLIDATION
LN-506997,CUST-102036,2025-04-05,0,0,False,False,17087.647499999995,Current,DEBT_CONSOLIDATION
LN-506998,CUST-107183,2025-04-05,0,0,False,False,21315.235000000015,Current,DEBT_CONSOLIDATION
LN-506999,CUST-105041,2025-04-05,0,0,False,False,375118.78000000014,Current,DEBT_CONSOLIDATION
LN-507000,CUST-106508,2025-04-05,0,0,False,False,508117.27,Current,DEBT_CONSOLIDATION
LN-507001,CUST-103875,2025-04-05,0,0,False,False,2941.78,Current,DEBT_CONSOLIDATION
LN-507002,CUST-106522,2025-04-05,0,0,False,False,37974.17750000003,Current,DEBT_CONSOLIDATION
LN-507003,CUST-107503,2025-04-05,2,35,False,False,7741.5425,30-59,DEBT_CONSOLIDATION
LN-507004,CUST-105739,2025-04-05,0,0,False,False,16887.235,Current,DEBT_CONSOLIDATION
LN-507005,CUST-102672,2025-04-05,0,0,False,False,9890.84499999999,Current,DEBT_CONSOLIDATION
LN-507006,CUST-101723,2025-04-05,0,0,False,False,71354.72000000004,Current,DEBT_CONSOLIDATION
LN-507007,CUST-107414,2025-04-05,0,0,False,False,27151.552500000005,Current,DEBT_CONSOLIDATION
LN-507008,CUST-106544,2025-04-05,0,0,False,False,8996.057500000003,Current,DEBT_CONSOLIDATION
LN-507009,CUST-102851,2025-04-05,0,0,False,False,9316.794999999995,Current,DEBT_CONSOLIDATION
LN-507010,CUST-101467,2025-04-05,0,0,False,False,10662.657500000003,Current,DEBT_CONSOLIDATION
LN-507012,CUST-106788,2025-04-05,0,0,False,False,79321.58000000002,Current,DEBT_CONSOLIDATION
LN-507013,CUST-105675,2025-04-05,0,0,False,False,24559.019999999982,Current,DEBT_CONSOLIDATION
LN-507014,CUST-104944,2025-04-05,0,0,False,False,20677.099999999995,Current,DEBT_CONSOLIDATION
LN-507015,CUST-107745,2025-04-05,0,0,False,False,46879.62,Current,DEBT_CONSOLIDATION
LN-507016,CUST-107255,2025-04-05,0,0,False,False,19271.695000000007,Current,DEBT_CONSOLIDATION
LN-507017,CUST-103215,2025-04-05,0,0,False,False,18744.84749999999,Current,DEBT_CONSOLIDATION
LN-507019,CUST-103560,2025-04-05,0,0,False,False,34590.88499999997,Current,DEBT_CONSOLIDATION
LN-507020,CUST-100747,2025-04-05,0,0,False,False,50784.08,Current,DEBT_CONSOLIDATION
LN-507023,CUST-105938,2025-04-05,0,0,False,False,53913.450000000004,Current,DEBT_CONSOLIDATION
LN-507024,CUST-104489,2025-04-05,0,0,False,False,88006.87,Current,DEBT_CONSOLIDATION
LN-507025,CUST-100624,2025-04-05,0,0,False,False,157565.75750000004,Current,DEBT_CONSOLIDATION
LN-507026,CUST-103345,2025-04-05,0,0,False,False,11497.665000000012,Current,DEBT_CONSOLIDATION
LN-507027,CUST-100173,2025-04-05,0,0,False,False,6679.914999999998,Current,DEBT_CONSOLIDATION
LN-507028,CUST-105670,2025-04-05,0,0,False,False,31341.339999999997,Current,DEBT_CONSOLIDATION
LN-507030,CUST-102544,2025-04-05,3,61,False,False,23411.597500000007,60-89,DEBT_CONSOLIDATION
LN-507031,CUST-107456,2025-04-05,0,0,False,False,24209.17749999999,Current,DEBT_CONSOLIDATION
LN-507032,CUST-106016,2025-04-05,0,0,False,False,23029.28500000002,Current,DEBT_CONSOLIDATION
LN-507033,CUST-102346,2025-04-05,0,0,False,False,48943.46,Current,DEBT_CONSOLIDATION
LN-507035,CUST-100655,2025-04-05,0,0,False,False,7047.814999999997,Current,DEBT_CONSOLIDATION
LN-507036,CUST-105516,2025-04-05,0,0,False,False,124023.28999999995,Current,DEBT_CONSOLIDATION
LN-507037,CUST-103538,2025-04-05,4,133,False,False,15843.5,90+,DEBT_CONSOLIDATION
LN-507038,CUST-107404,2025-04-05,0,0,False,False,10234.165,Current,DEBT_CONSOLIDATION
LN-507039,CUST-100876,2025-04-05,0,0,False,False,4173.460000000004,Current,DEBT_CONSOLIDATION
LN-507041,CUST-100019,2025-04-05,0,0,False,False,9692.539999999995,Current,DEBT_CONSOLIDATION
LN-507042,CUST-101606,2025-04-05,0,0,False,False,39809.14,Current,DEBT_CONSOLIDATION
LN-507043,CUST-102916,2025-04-05,0,0,False,False,16058.615000000005,Current,DEBT_CONSOLIDATION
LN-507044,CUST-106808,2025-04-05,0,0,False,False,9978.650000000003,Current,DEBT_CONSOLIDATION
LN-507045,CUST-105053,2025-04-05,0,0,False,False,16959.800000000007,Current,DEBT_CONSOLIDATION
LN-507046,CUST-102412,2025-04-05,0,0,False,False,22163.250000000007,Current,DEBT_CONSOLIDATION
LN-507048,CUST-101898,2025-04-05,0,0,False,False,3267.4949999999985,Current,DEBT_CONSOLIDATION
LN-507049,CUST-100039,2025-04-05,0,0,False,False,46074.6075,Current,DEBT_CONSOLIDATION
LN-507050,CUST-100481,2025-04-05,0,0,False,False,18693.1,Current,DEBT_CONSOLIDATION
LN-507051,CUST-103755,2025-04-05,0,0,False,False,86968.18000000001,Current,DEBT_CONSOLIDATION
LN-507052,CUST-107662,2025-04-05,0,0,False,False,1922.8100000000022,Current,DEBT_CONSOLIDATION
LN-507054,CUST-103812,2025-04-05,0,0,False,False,35583.82250000001,Current,DEBT_CONSOLIDATION
LN-507055,CUST-101441,2025-04-05,0,0,False,False,43332.049999999974,Current,DEBT_CONSOLIDATION
LN-507056,CUST-106797,2025-04-05,0,0,False,False,2758.9600000000014,Current,DEBT_CONSOLIDATION
LN-507057,CUST-102222,2025-04-05,0,0,False,False,26610.05,Current,DEBT_CONSOLIDATION
LN-507058,CUST-105781,2025-04-05,0,0,False,False,23027.477499999983,Current,DEBT_CONSOLIDATION
LN-507059,CUST-100930,2025-04-05,0,0,False,False,49931.97,Current,DEBT_CONSOLIDATION
LN-507060,CUST-101673,2025-04-05,0,0,False,False,6805.9125,Current,DEBT_CONSOLIDATION
LN-507062,CUST-101786,2025-04-05,0,0,False,False,20521.69,Current,DEBT_CONSOLIDATION
LN-507063,CUST-104239,2025-04-05,1,25,False,False,32904.29999999999,1-29,DEBT_CONSOLIDATION
LN-507065,CUST-106400,2025-04-05,0,0,False,False,5352.345000000001,Current,DEBT_CONSOLIDATION
LN-507066,CUST-102202,2025-04-05,0,0,False,False,28186.804999999993,Current,DEBT_CONSOLIDATION
LN-507067,CUST-103763,2025-04-05,0,0,False,False,27304.87,Current,DEBT_CONSOLIDATION
LN-507068,CUST-105749,2025-04-05,0,0,False,False,5905.9175,Current,DEBT_CONSOLIDATION
LN-507069,CUST-107832,2025-04-05,0,0,False,False,8354.250000000002,Current,DEBT_CONSOLIDATION
LN-507070,CUST-106869,2025-04-05,0,0,False,False,32212.445000000014,Current,DEBT_CONSOLIDATION
LN-507071,CUST-104811,2025-04-05,0,0,False,False,26963.495000000003,Current,DEBT_CONSOLIDATION
LN-507072,CUST-105007,2025-04-05,0,0,False,False,17722.602499999997,Current,DEBT_CONSOLIDATION
LN-507073,CUST-106933,2025-04-05,0,0,False,False,11977.865,Current,DEBT_CONSOLIDATION
LN-507077,CUST-104837,2025-04-05,0,0,False,False,51540.090000000004,Current,DEBT_CONSOLIDATION
LN-507078,CUST-106275,2025-04-05,0,0,False,False,19066.060000000005,Current,DEBT_CONSOLIDATION
LN-507079,CUST-107857,2025-04-05,1,12,False,False,76366.51499999993,1-29,DEBT_CONSOLIDATION
LN-507080,CUST-101852,2025-04-05,0,0,False,False,7656.774999999996,Current,DEBT_CONSOLIDATION
LN-507082,CUST-104875,2025-04-05,0,0,False,False,11898.710000000001,Current,DEBT_CONSOLIDATION
LN-507083,CUST-106400,2025-04-05,0,0,False,False,21675.09999999999,Current,DEBT_CONSOLIDATION
LN-507084,CUST-102354,2025-04-05,0,0,False,False,25161.71,Current,DEBT_CONSOLIDATION
LN-507086,CUST-101732,2025-04-05,0,0,False,False,15841.88999999999,Current,DEBT_CONSOLIDATION
LN-507088,CUST-104559,2025-04-05,0,0,False,False,559356.99,Current,DEBT_CONSOLIDATION
LN-507089,CUST-102294,2025-04-05,0,0,False,False,32586.11999999999,Current,DEBT_CONSOLIDATION
LN-507090,CUST-106893,2025-04-05,0,0,False,False,9040.805000000004,Current,DEBT_CONSOLIDATION
LN-507091,CUST-103005,2025-04-05,0,0,False,False,32870.775,Current,DEBT_CONSOLIDATION
LN-507093,CUST-104887,2025-04-05,0,0,False,False,5112.652500000003,Current,DEBT_CONSOLIDATION
LN-507094,CUST-103162,2025-04-05,0,0,False,False,40360.47999999996,Current,DEBT_CONSOLIDATION
LN-507096,CUST-103130,2025-04-05,0,0,False,False,29570.024999999998,Current,DEBT_CONSOLIDATION
LN-507097,CUST-101989,2025-04-05,0,0,False,False,28346.6125,Current,DEBT_CONSOLIDATION
LN-507098,CUST-101422,2025-04-05,0,0,False,False,8697.080000000002,Current,DEBT_CONSOLIDATION
LN-507099,CUST-102578,2025-04-05,0,0,False,False,25405.629999999997,Current,DEBT_CONSOLIDATION
LN-507100,CUST-106416,2025-04-05,0,0,False,False,16284.409999999983,Current,DEBT_CONSOLIDATION
LN-507101,CUST-103470,2025-04-05,0,0,False,False,14847.529999999993,Current,DEBT_CONSOLIDATION
LN-507102,CUST-104432,2025-04-05,0,0,False,False,34460.03500000002,Current,DEBT_CONSOLIDATION
LN-507103,CUST-107928,2025-04-05,0,0,False,False,8833.402499999997,Current,DEBT_CONSOLIDATION
LN-507105,CUST-106889,2025-04-05,0,0,False,False,560475.0024999994,Current,DEBT_CONSOLIDATION
LN-507106,CUST-106342,2025-04-05,0,0,False,False,11728.789999999997,Current,DEBT_CONSOLIDATION
LN-507107,CUST-106712,2025-04-05,0,0,False,False,12652.43,Current,DEBT_CONSOLIDATION
LN-507108,CUST-104455,2025-04-05,0,0,False,False,8460.230000000001,Current,DEBT_CONSOLIDATION
LN-507109,CUST-103370,2025-04-05,0,0,False,False,67443.72499999999,Current,DEBT_CONSOLIDATION
LN-507110,CUST-105383,2025-04-05,0,0,False,False,846.4449999999999,Current,DEBT_CONSOLIDATION
LN-507111,CUST-104512,2025-04-05,0,0,True,False,5612.0999999999985,Current,DEBT_CONSOLIDATION
LN-507112,CUST-103780,2025-04-05,0,0,False,False,11177.04,Current,DEBT_CONSOLIDATION
LN-507113,CUST-107991,2025-04-05,0,0,False,False,9452.662499999997,Current,DEBT_CONSOLIDATION
LN-507114,CUST-106578,2025-04-05,2,55,False,False,39886.89499999999,30-59,DEBT_CONSOLIDATION
LN-507115,CUST-105032,2025-04-05,0,0,False,False,22026.089999999997,Current,DEBT_CONSOLIDATION
LN-507118,CUST-104127,2025-04-05,0,0,False,False,20756.789999999997,Current,DEBT_CONSOLIDATION
LN-507121,CUST-104325,2025-04-05,1,2,False,False,4212.240000000001,1-29,DEBT_CONSOLIDATION
LN-507122,CUST-106854,2025-04-05,0,0,False,False,13395.695,Current,DEBT_CONSOLIDATION
LN-507123,CUST-103532,2025-04-05,0,0,False,False,16211.105000000003,Current,DEBT_CONSOLIDATION
LN-507125,CUST-100785,2025-04-05,4,91,False,False,25413.045000000002,90+,DEBT_CONSOLIDATION
LN-507126,CUST-106473,2025-04-05,0,0,False,False,13531.622500000001,Current,DEBT_CONSOLIDATION
LN-507127,CUST-106260,2025-04-05,0,0,False,False,191714.37,Current,DEBT_CONSOLIDATION
LN-507128,CUST-100735,2025-04-05,0,0,False,False,2021.6374999999982,Current,DEBT_CONSOLIDATION
LN-507130,CUST-101340,2025-04-05,0,0,False,False,15485.280000000006,Current,DEBT_CONSOLIDATION
LN-507131,CUST-102708,2025-04-05,0,0,False,False,23713.22,Current,DEBT_CONSOLIDATION
LN-507132,CUST-102418,2025-04-05,0,0,False,False,17611.340000000015,Current,DEBT_CONSOLIDATION
LN-507133,CUST-107197,2025-04-05,0,0,False,False,11805.85,Current,DEBT_CONSOLIDATION
LN-507134,CUST-102663,2025-04-05,0,0,False,False,16741.085,Current,DEBT_CONSOLIDATION
LN-507136,CUST-102572,2025-04-05,0,0,False,False,13056.342500000002,Current,DEBT_CONSOLIDATION
LN-507137,CUST-100653,2025-04-05,0,0,False,False,46111.7,Current,DEBT_CONSOLIDATION
LN-507138,CUST-100509,2025-04-05,0,0,False,False,38436.680000000015,Current,DEBT_CONSOLIDATION
LN-507139,CUST-103443,2025-04-05,0,0,False,False,21045.9125,Current,DEBT_CONSOLIDATION
LN-507140,CUST-106324,2025-04-05,0,0,False,False,42870.38,Current,DEBT_CONSOLIDATION
LN-507142,CUST-103211,2025-04-05,4,125,False,False,9138.470000000001,90+,DEBT_CONSOLIDATION
LN-507143,CUST-104531,2025-04-05,0,0,False,False,82406.07999999993,Current,DEBT_CONSOLIDATION
LN-507145,CUST-101691,2025-04-05,0,0,False,False,24272.619999999988,Current,DEBT_CONSOLIDATION
LN-507146,CUST-101380,2025-04-05,0,0,False,False,12730.612500000003,Current,DEBT_CONSOLIDATION
LN-507147,CUST-105530,2025-04-05,0,0,False,False,72528.01,Current,DEBT_CONSOLIDATION
LN-507148,CUST-107362,2025-04-05,0,0,False,False,17965.0425,Current,DEBT_CONSOLIDATION
LN-507149,CUST-102908,2025-04-05,0,0,False,False,17079.24499999999,Current,DEBT_CONSOLIDATION
LN-507150,CUST-107212,2025-04-05,0,0,False,False,9084.17,Current,DEBT_CONSOLIDATION
LN-507151,CUST-103116,2025-04-05,0,0,False,False,6790.047500000001,Current,DEBT_CONSOLIDATION
LN-507152,CUST-103174,2025-04-05,0,0,False,False,25382.294999999987,Current,DEBT_CONSOLIDATION
LN-507153,CUST-106219,2025-04-05,0,0,False,False,25843.90000000001,Current,DEBT_CONSOLIDATION
LN-507154,CUST-103704,2025-04-05,0,0,True,False,13312.582499999995,Current,DEBT_CONSOLIDATION
LN-507155,CUST-102666,2025-04-05,0,0,False,False,84239.61500000002,Current,DEBT_CONSOLIDATION
LN-507156,CUST-104578,2025-04-05,0,0,False,False,32323.590000000004,Current,DEBT_CONSOLIDATION
LN-507157,CUST-100775,2025-04-05,0,0,False,False,6620.749999999997,Current,DEBT_CONSOLIDATION
LN-507158,CUST-101781,2025-04-05,0,0,False,False,8575.944999999996,Current,DEBT_CONSOLIDATION
LN-507159,CUST-104141,2025-04-05,0,0,False,False,28713.314999999995,Current,DEBT_CONSOLIDATION
LN-507160,CUST-104735,2025-04-05,0,0,False,False,21302.17,Current,DEBT_CONSOLIDATION
LN-507161,CUST-101111,2025-04-05,0,0,False,False,14745.895,Current,DEBT_CONSOLIDATION
LN-507162,CUST-102484,2025-04-05,0,0,False,False,22138.344999999987,Current,DEBT_CONSOLIDATION
LN-507164,CUST-104887,2025-04-05,0,0,False,False,30828.280000000006,Current,DEBT_CONSOLIDATION
LN-507165,CUST-100781,2025-04-05,0,0,False,False,23411.36999999999,Current,DEBT_CONSOLIDATION
LN-507166,CUST-105967,2025-04-05,0,0,False,False,11195.89,Current,DEBT_CONSOLIDATION
LN-507167,CUST-107774,2025-04-05,2,41,False,False,332422.09249999974,30-59,DEBT_CONSOLIDATION
LN-507168,CUST-104317,2025-04-05,0,0,False,False,10514.259999999997,Current,DEBT_CONSOLIDATION
LN-507169,CUST-103202,2025-04-05,0,0,False,False,5220.525000000004,Current,DEBT_CONSOLIDATION
LN-507170,CUST-103641,2025-04-05,0,0,False,False,15475.2,Current,DEBT_CONSOLIDATION
LN-507171,CUST-101668,2025-04-05,0,0,False,False,33669.05499999997,Current,DEBT_CONSOLIDATION
LN-507172,CUST-107216,2025-04-05,0,0,False,False,1767.0799999999997,Current,DEBT_CONSOLIDATION
LN-507175,CUST-101642,2025-04-05,0,0,False,False,65266.71500000002,Current,DEBT_CONSOLIDATION
LN-507176,CUST-105965,2025-04-05,0,0,False,False,44202.25,Current,DEBT_CONSOLIDATION
LN-507178,CUST-104965,2025-04-05,0,0,False,False,16968.750000000004,Current,DEBT_CONSOLIDATION
LN-507179,CUST-101749,2025-04-05,0,0,False,False,20228.629999999997,Current,DEBT_CONSOLIDATION
LN-507180,CUST-101710,2025-04-05,0,0,False,False,10255.227499999997,Current,DEBT_CONSOLIDATION
LN-507181,CUST-104853,2025-04-05,0,0,False,False,1805.71,Current,DEBT_CONSOLIDATION
LN-507182,CUST-100419,2025-04-05,0,0,False,False,1106.974999999999,Current,DEBT_CONSOLIDATION
LN-507183,CUST-101559,2025-04-05,0,0,False,False,8310.512500000004,Current,DEBT_CONSOLIDATION
LN-507184,CUST-105249,2025-04-05,0,0,False,False,119532.6,Current,DEBT_CONSOLIDATION
LN-507185,CUST-100054,2025-04-05,0,0,False,False,33792.6,Current,DEBT_CONSOLIDATION
LN-507186,CUST-105936,2025-04-05,0,0,False,False,22158.63,Current,DEBT_CONSOLIDATION
LN-507187,CUST-100039,2025-04-05,1,3,False,False,7936.852499999999,1-29,DEBT_CONSOLIDATION
LN-507188,CUST-106664,2025-04-05,0,0,False,False,7057.360000000001,Current,DEBT_CONSOLIDATION
LN-507189,CUST-106572,2025-04-05,0,0,False,False,11671.920000000002,Current,DEBT_CONSOLIDATION
LN-507190,CUST-107416,2025-04-05,0,0,False,False,23388.5775,Current,DEBT_CONSOLIDATION
LN-507191,CUST-106027,2025-04-05,0,0,False,False,19871.350000000002,Current,DEBT_CONSOLIDATION
LN-507192,CUST-103509,2025-04-05,0,0,False,False,47764.54000000001,Current,DEBT_CONSOLIDATION
LN-507193,CUST-102795,2025-04-05,0,0,False,False,50151.85,Current,DEBT_CONSOLIDATION
LN-507194,CUST-101358,2025-04-05,0,0,False,False,10072.35,Current,DEBT_CONSOLIDATION
LN-507195,CUST-106129,2025-04-05,0,0,False,False,13773.43,Current,DEBT_CONSOLIDATION
LN-507197,CUST-107153,2025-04-05,0,0,False,False,41799.82,Current,DEBT_CONSOLIDATION
LN-507198,CUST-104268,2025-04-05,0,0,False,False,4109.19,Current,DEBT_CONSOLIDATION
LN-507199,CUST-101601,2025-04-05,0,0,False,False,7119.569999999996,Current,DEBT_CONSOLIDATION
LN-507200,CUST-101041,2025-04-05,0,0,False,False,10801.242499999991,Current,DEBT_CONSOLIDATION
LN-507201,CUST-104963,2025-04-05,0,0,False,False,35462.8275,Current,DEBT_CONSOLIDATION
LN-507202,CUST-104467,2025-04-05,0,0,False,False,11433.27,Current,DEBT_CONSOLIDATION
LN-507203,CUST-104791,2025-04-05,0,0,False,False,23981.049999999985,Current,DEBT_CONSOLIDATION
LN-507204,CUST-105609,2025-04-05,0,0,False,False,1064.822500000001,Current,DEBT_CONSOLIDATION
LN-507205,CUST-103686,2025-04-05,0,0,False,False,586.5824999999993,Current,DEBT_CONSOLIDATION
LN-507206,CUST-104599,2025-04-05,0,0,False,False,130650.45499999996,Current,DEBT_CONSOLIDATION
LN-507207,CUST-101198,2025-04-05,0,0,False,False,43494.5575,Current,DEBT_CONSOLIDATION
LN-507208,CUST-104981,2025-04-05,0,0,False,False,40401.99750000001,Current,DEBT_CONSOLIDATION
LN-507209,CUST-107531,2025-04-05,0,0,False,False,17074.627499999988,Current,DEBT_CONSOLIDATION
LN-507210,CUST-107404,2025-04-05,0,0,False,False,18200.865,Current,DEBT_CONSOLIDATION
LN-507211,CUST-102296,2025-04-05,0,0,False,False,13998.474999999999,Current,DEBT_CONSOLIDATION
LN-507212,CUST-106188,2025-04-05,0,0,False,False,13969.585,Current,DEBT_CONSOLIDATION
LN-507213,CUST-105665,2025-04-05,0,0,False,False,2361.9899999999993,Current,DEBT_CONSOLIDATION
LN-507214,CUST-103043,2025-04-05,0,0,False,False,39048.0375,Current,DEBT_CONSOLIDATION
LN-507215,CUST-104540,2025-04-05,0,0,False,False,33271.04,Current,DEBT_CONSOLIDATION
LN-507216,CUST-106901,2025-04-05,0,0,False,False,16498.89999999999,Current,DEBT_CONSOLIDATION
LN-507217,CUST-105408,2025-04-05,0,0,False,False,149230.67,Current,DEBT_CONSOLIDATION
LN-507219,CUST-103618,2025-04-05,0,0,False,False,4008.8600000000024,Current,DEBT_CONSOLIDATION
LN-507220,CUST-101946,2025-04-05,0,0,False,False,898.7699999999993,Current,DEBT_CONSOLIDATION
LN-507221,CUST-105423,2025-04-05,0,0,False,False,23733.489999999998,Current,DEBT_CONSOLIDATION
LN-507222,CUST-106874,2025-04-05,0,0,False,False,5755.78,Current,DEBT_CONSOLIDATION
LN-507224,CUST-102289,2025-04-05,0,0,False,False,45832.76000000001,Current,DEBT_CONSOLIDATION
LN-507225,CUST-102739,2025-04-05,0,0,False,False,14065.929999999998,Current,DEBT_CONSOLIDATION
LN-507227,CUST-105115,2025-04-05,0,0,False,False,26192.269999999993,Current,DEBT_CONSOLIDATION
LN-507228,CUST-107226,2025-04-05,0,0,False,False,14685.834999999994,Current,DEBT_CONSOLIDATION
LN-507229,CUST-102122,2025-04-05,0,0,False,False,18101.78,Current,DEBT_CONSOLIDATION
LN-507230,CUST-101047,2025-04-05,0,0,False,False,37921.27249999998,Current,DEBT_CONSOLIDATION
LN-507231,CUST-107419,2025-04-05,0,0,False,False,7196.530000000001,Current,DEBT_CONSOLIDATION
LN-507232,CUST-104597,2025-04-05,0,0,False,False,12945.447500000006,Current,DEBT_CONSOLIDATION
LN-507233,CUST-106723,2025-04-05,0,0,False,False,13267.43,Current,DEBT_CONSOLIDATION
LN-507234,CUST-102159,2025-04-05,0,0,False,False,46333.29500000001,Current,DEBT_CONSOLIDATION
LN-507235,CUST-102441,2025-04-05,0,0,False,False,706.6174999999995,Current,DEBT_CONSOLIDATION
LN-507236,CUST-103913,2025-04-05,0,0,False,False,21283.625,Current,DEBT_CONSOLIDATION
LN-507237,CUST-106481,2025-04-05,0,0,False,False,4566.755,Current,DEBT_CONSOLIDATION
LN-507238,CUST-101593,2025-04-05,0,0,False,False,43669.91500000001,Current,DEBT_CONSOLIDATION
LN-507239,CUST-103599,2025-04-05,0,0,False,False,21329.44,Current,DEBT_CONSOLIDATION
LN-507240,CUST-101836,2025-04-05,0,0,False,False,27012.335,Current,DEBT_CONSOLIDATION
LN-507241,CUST-106303,2025-04-05,0,0,False,False,13078.290000000005,Current,DEBT_CONSOLIDATION
LN-507242,CUST-107411,2025-04-05,0,0,False,False,22301.70499999999,Current,DEBT_CONSOLIDATION
LN-507244,CUST-100430,2025-04-05,1,25,False,False,16209.397500000008,1-29,DEBT_CONSOLIDATION
LN-507245,CUST-106813,2025-04-05,0,0,False,False,20925.510000000006,Current,DEBT_CONSOLIDATION
LN-507246,CUST-106297,2025-04-05,0,0,False,False,24938.482500000002,Current,DEBT_CONSOLIDATION
LN-507247,CUST-107655,2025-04-05,0,0,False,False,209261.4324999999,Current,DEBT_CONSOLIDATION
LN-507248,CUST-102892,2025-04-05,0,0,False,False,18980.165000000005,Current,DEBT_CONSOLIDATION
LN-507249,CUST-106960,2025-04-05,1,3,False,False,43191.25499999997,1-29,DEBT_CONSOLIDATION
LN-507250,CUST-106641,2025-04-05,0,0,False,False,12143.74,Current,DEBT_CONSOLIDATION
LN-507251,CUST-102056,2025-04-05,0,0,False,False,25878.465000000007,Current,DEBT_CONSOLIDATION
LN-507252,CUST-104603,2025-04-05,0,0,False,False,299887.60500000004,Current,DEBT_CONSOLIDATION
LN-507253,CUST-107549,2025-04-05,1,11,False,False,42679.2,1-29,DEBT_CONSOLIDATION
LN-507254,CUST-105574,2025-04-05,0,0,False,False,8246.56499999999,Current,DEBT_CONSOLIDATION
LN-507255,CUST-107521,2025-04-05,0,0,False,False,14647.335,Current,DEBT_CONSOLIDATION
LN-507256,CUST-106366,2025-04-05,0,0,False,False,115727.69499999992,Current,DEBT_CONSOLIDATION
LN-507257,CUST-101001,2025-04-05,0,0,False,False,67903.925,Current,DEBT_CONSOLIDATION
LN-507259,CUST-101121,2025-04-05,0,0,False,False,13925.037499999999,Current,DEBT_CONSOLIDATION
LN-507260,CUST-107883,2025-04-05,0,0,False,False,22915.789999999986,Current,DEBT_CONSOLIDATION
LN-507261,CUST-104862,2025-04-05,0,0,False,False,23284.605,Current,DEBT_CONSOLIDATION
LN-507262,CUST-105901,2025-04-05,0,0,False,False,38721.97499999999,Current,DEBT_CONSOLIDATION
LN-507263,CUST-103412,2025-04-05,0,0,False,False,509150.61000000004,Current,DEBT_CONSOLIDATION
LN-507264,CUST-102319,2025-04-05,0,0,False,False,19108.52999999999,Current,DEBT_CONSOLIDATION
LN-507265,CUST-103255,2025-04-05,0,0,False,False,46253.48999999999,Current,DEBT_CONSOLIDATION
LN-507266,CUST-101093,2025-04-05,0,0,False,False,2959.1050000000014,Current,DEBT_CONSOLIDATION
LN-507267,CUST-102939,2025-04-05,0,0,False,False,5674.0700000000015,Current,DEBT_CONSOLIDATION
LN-507268,CUST-103438,2025-04-05,0,0,False,False,161813.05499999993,Current,DEBT_CONSOLIDATION
LN-507269,CUST-107271,2025-04-05,0,0,False,False,16914.982500000016,Current,DEBT_CONSOLIDATION
LN-507270,CUST-102602,2025-04-05,0,0,False,False,467.3699999999999,Current,DEBT_CONSOLIDATION
LN-507271,CUST-107537,2025-04-05,0,0,False,False,19746.579999999984,Current,DEBT_CONSOLIDATION
LN-507272,CUST-102301,2025-04-05,0,0,False,False,2526.595,Current,DEBT_CONSOLIDATION
LN-507273,CUST-107738,2025-04-05,0,0,False,False,9206.455000000002,Current,DEBT_CONSOLIDATION
LN-507274,CUST-103131,2025-04-05,0,0,False,False,26237.704999999994,Current,DEBT_CONSOLIDATION
LN-507275,CUST-106093,2025-04-05,0,0,False,False,22589.577499999996,Current,DEBT_CONSOLIDATION
LN-507276,CUST-106887,2025-04-05,0,0,False,False,7161.937499999998,Current,DEBT_CONSOLIDATION
LN-507279,CUST-103616,2025-04-05,0,0,False,False,16004.3,Current,DEBT_CONSOLIDATION
LN-507280,CUST-100398,2025-04-05,0,0,False,False,17793.61999999998,Current,DEBT_CONSOLIDATION
LN-507281,CUST-104817,2025-04-05,0,0,False,False,35247.68,Current,DEBT_CONSOLIDATION
LN-507282,CUST-100204,2025-04-05,0,0,False,False,36130.4,Current,DEBT_CONSOLIDATION
LN-507283,CUST-107014,2025-04-05,0,0,False,False,14773.460000000005,Current,DEBT_CONSOLIDATION
LN-507284,CUST-101075,2025-04-05,0,0,False,False,5271.049999999999,Current,DEBT_CONSOLIDATION
LN-507285,CUST-101958,2025-04-05,2,51,False,False,81097.44000000006,30-59,DEBT_CONSOLIDATION
LN-507287,CUST-103728,2025-04-05,0,0,False,False,14356.649999999994,Current,DEBT_CONSOLIDATION
LN-507288,CUST-103394,2025-04-05,0,0,True,False,17531.16499999999,Current,DEBT_CONSOLIDATION
LN-507290,CUST-103490,2025-04-05,0,0,False,False,33303.049999999996,Current,DEBT_CONSOLIDATION
LN-507291,CUST-104222,2025-04-05,0,0,False,False,36962.08,Current,DEBT_CONSOLIDATION
LN-507292,CUST-106430,2025-04-05,2,53,False,False,14937.724999999997,30-59,DEBT_CONSOLIDATION
LN-507294,CUST-103084,2025-04-05,0,0,False,False,17146.422500000004,Current,DEBT_CONSOLIDATION
LN-507295,CUST-105456,2025-04-05,0,0,False,False,28880.670000000013,Current,DEBT_CONSOLIDATION
LN-507296,CUST-106326,2025-04-05,0,0,False,False,5154.589999999998,Current,DEBT_CONSOLIDATION
LN-507297,CUST-106976,2025-04-05,1,4,False,False,22983.7375,1-29,DEBT_CONSOLIDATION
LN-507298,CUST-104445,2025-04-05,0,0,False,False,22994.4125,Current,DEBT_CONSOLIDATION
LN-507299,CUST-106119,2025-04-05,0,0,False,False,21075.41,Current,DEBT_CONSOLIDATION
LN-507300,CUST-100797,2025-04-05,0,0,False,False,32497.39250000002,Current,DEBT_CONSOLIDATION
LN-507301,CUST-104245,2025-04-05,2,43,False,False,12148.325,30-59,DEBT_CONSOLIDATION
LN-507303,CUST-107352,2025-04-05,0,0,False,False,18526.41999999999,Current,DEBT_CONSOLIDATION
LN-507305,CUST-107002,2025-04-05,0,0,False,False,32910.299999999996,Current,DEBT_CONSOLIDATION
LN-507306,CUST-104327,2025-04-05,0,0,False,False,53779.85,Current,DEBT_CONSOLIDATION
LN-507307,CUST-103591,2025-04-05,0,0,False,False,34731.15750000002,Current,DEBT_CONSOLIDATION
LN-507308,CUST-103942,2025-04-05,0,0,False,False,1385.8000000000004,Current,DEBT_CONSOLIDATION
LN-507309,CUST-103592,2025-04-05,1,19,False,False,15083.07,1-29,DEBT_CONSOLIDATION
LN-507310,CUST-107896,2025-04-05,0,0,False,False,23562.405000000002,Current,DEBT_CONSOLIDATION
LN-507312,CUST-101205,2025-04-05,0,0,False,False,23188.059999999994,Current,DEBT_CONSOLIDATION
LN-507313,CUST-106842,2025-04-05,1,31,False,False,25645.62749999998,1-29,DEBT_CONSOLIDATION
LN-507316,CUST-103234,2025-04-05,0,0,False,False,30899.11,Current,DEBT_CONSOLIDATION
LN-507317,CUST-105534,2025-04-05,2,61,False,False,96808.85,30-59,DEBT_CONSOLIDATION
LN-507318,CUST-106243,2025-04-05,0,0,False,False,635985.315,Current,DEBT_CONSOLIDATION
LN-507319,CUST-100668,2025-04-05,0,0,False,False,43190.79000000001,Current,DEBT_CONSOLIDATION
LN-507320,CUST-104146,2025-04-05,0,0,False,False,327322.44,Current,DEBT_CONSOLIDATION
LN-507321,CUST-101984,2025-04-05,0,0,False,False,11758.719999999998,Current,DEBT_CONSOLIDATION
LN-507322,CUST-106233,2025-04-05,0,0,False,False,25991.36,Current,DEBT_CONSOLIDATION
LN-507323,CUST-101798,2025-04-05,0,0,False,True,34688.65,Current,DEBT_CONSOLIDATION
LN-507324,CUST-101280,2025-04-05,0,0,False,False,37081.1475,Current,DEBT_CONSOLIDATION
LN-507326,CUST-103366,2025-04-05,0,0,False,False,35901.024999999994,Current,DEBT_CONSOLIDATION
LN-507327,CUST-102304,2025-04-05,0,0,False,False,28573.760000000002,Current,DEBT_CONSOLIDATION
LN-507329,CUST-102541,2025-04-05,0,0,False,False,22611.15000000001,Current,DEBT_CONSOLIDATION
LN-507330,CUST-107359,2025-04-05,0,0,False,False,31531.639999999985,Current,DEBT_CONSOLIDATION
LN-507331,CUST-107892,2025-04-05,0,0,False,False,95058.7075,Current,DEBT_CONSOLIDATION
LN-507332,CUST-102110,2025-04-05,0,0,False,False,27929.595000000016,Current,DEBT_CONSOLIDATION
LN-507333,CUST-101214,2025-04-05,0,0,False,False,50406.742500000015,Current,DEBT_CONSOLIDATION
LN-507334,CUST-101167,2025-04-05,0,0,False,False,14881.150000000001,Current,DEBT_CONSOLIDATION
LN-507335,CUST-106107,2025-04-05,0,0,False,False,8562.84,Current,DEBT_CONSOLIDATION
LN-507336,CUST-103715,2025-04-05,0,0,False,False,12844.025,Current,DEBT_CONSOLIDATION
LN-507337,CUST-100769,2025-04-05,0,0,False,False,15427.487499999992,Current,DEBT_CONSOLIDATION
LN-507338,CUST-105875,2025-04-05,0,0,False,False,6672.1325000000015,Current,DEBT_CONSOLIDATION
LN-507339,CUST-106265,2025-04-05,0,0,False,False,42378.5,Current,DEBT_CONSOLIDATION
LN-507340,CUST-105910,2025-04-05,0,0,False,False,30643.725,Current,DEBT_CONSOLIDATION
LN-507341,CUST-106600,2025-04-05,0,0,False,False,26925.22000000001,Current,DEBT_CONSOLIDATION
LN-507344,CUST-104608,2025-04-05,0,0,False,False,31741.694999999996,Current,DEBT_CONSOLIDATION
LN-507345,CUST-102528,2025-04-05,0,0,False,False,34276.23999999998,Current,DEBT_CONSOLIDATION
LN-507347,CUST-100891,2025-04-05,0,0,False,False,17683.66000000001,Current,DEBT_CONSOLIDATION
LN-507349,CUST-107186,2025-04-05,0,0,False,False,28504.170000000006,Current,DEBT_CONSOLIDATION
LN-507350,CUST-102550,2025-04-05,0,0,False,False,34830.93500000001,Current,DEBT_CONSOLIDATION
LN-507351,CUST-106463,2025-04-05,0,0,False,False,4440.170000000002,Current,DEBT_CONSOLIDATION
LN-507353,CUST-105772,2025-04-05,2,61,False,False,12771.457500000006,30-59,DEBT_CONSOLIDATION
LN-507354,CUST-105978,2025-04-05,0,0,False,False,16726.29,Current,DEBT_CONSOLIDATION
LN-507355,CUST-105895,2025-04-05,0,0,False,False,109503.87999999992,Current,DEBT_CONSOLIDATION
LN-507356,CUST-101874,2025-04-05,0,0,False,False,1561.8649999999993,Current,DEBT_CONSOLIDATION
LN-507359,CUST-102360,2025-04-05,0,0,False,False,7430.380000000001,Current,DEBT_CONSOLIDATION
LN-507360,CUST-103246,2025-04-05,0,0,False,False,8648.375,Current,DEBT_CONSOLIDATION
LN-507362,CUST-106398,2025-04-05,0,0,False,False,31529.459999999995,Current,DEBT_CONSOLIDATION
LN-507363,CUST-107423,2025-04-05,0,0,False,False,27929.09500000001,Current,DEBT_CONSOLIDATION
LN-507364,CUST-107373,2025-04-05,0,0,False,False,34537.78500000001,Current,DEBT_CONSOLIDATION
LN-507365,CUST-106282,2025-04-05,0,0,False,False,512042.4175,Current,DEBT_CONSOLIDATION
LN-507366,CUST-103622,2025-04-05,0,0,False,False,20639.52,Current,DEBT_CONSOLIDATION
LN-507368,CUST-107095,2025-04-05,0,0,False,False,8025.28,Current,DEBT_CONSOLIDATION
LN-507369,CUST-104434,2025-04-05,0,0,False,False,8684.400000000003,Current,DEBT_CONSOLIDATION
LN-507370,CUST-100241,2025-04-05,0,0,False,False,28708.004999999983,Current,DEBT_CONSOLIDATION
LN-507371,CUST-104160,2025-04-05,0,0,False,False,4861.177499999998,Current,DEBT_CONSOLIDATION
LN-507372,CUST-101125,2025-04-05,0,0,False,False,33440.62,Current,DEBT_CONSOLIDATION
LN-507373,CUST-104983,2025-04-05,0,0,False,False,5103.790000000003,Current,DEBT_CONSOLIDATION
LN-507374,CUST-106396,2025-04-05,0,0,False,False,8816.249999999998,Current,DEBT_CONSOLIDATION
LN-507377,CUST-105341,2025-04-05,0,0,False,False,134929.10749999987,Current,DEBT_CONSOLIDATION
LN-507378,CUST-101639,2025-04-05,0,0,False,False,5993.210000000002,Current,DEBT_CONSOLIDATION
LN-507379,CUST-106530,2025-04-05,0,0,True,False,28218.239999999994,Current,DEBT_CONSOLIDATION
LN-507381,CUST-102854,2025-04-05,0,0,False,False,36205.80000000003,Current,DEBT_CONSOLIDATION
LN-507383,CUST-100064,2025-04-05,0,0,False,False,12100.66,Current,DEBT_CONSOLIDATION
LN-507384,CUST-100320,2025-04-05,0,0,False,False,32161.375,Current,DEBT_CONSOLIDATION
LN-507385,CUST-100977,2025-04-05,0,0,False,False,25362.790000000015,Current,DEBT_CONSOLIDATION
LN-507386,CUST-101912,2025-04-05,0,0,False,False,29564.270000000004,Current,DEBT_CONSOLIDATION
LN-507387,CUST-101252,2025-04-05,0,0,False,False,7316.954999999996,Current,DEBT_CONSOLIDATION
LN-507388,CUST-105322,2025-04-05,0,0,True,False,116315.95000000006,Current,DEBT_CONSOLIDATION
LN-507389,CUST-106213,2025-04-05,0,0,False,False,3819.05,Current,DEBT_CONSOLIDATION
LN-507390,CUST-104181,2025-04-05,0,0,False,False,26932.18,Current,DEBT_CONSOLIDATION
LN-507391,CUST-106554,2025-04-05,0,0,False,False,12705.3375,Current,DEBT_CONSOLIDATION
LN-507393,CUST-105518,2025-04-05,0,0,False,False,14661.840000000002,Current,DEBT_CONSOLIDATION
LN-507394,CUST-107217,2025-04-05,0,0,False,False,9705.780000000002,Current,DEBT_CONSOLIDATION
LN-507395,CUST-106719,2025-04-05,0,0,False,False,16289.7075,Current,DEBT_CONSOLIDATION
LN-507397,CUST-105437,2025-04-05,0,0,False,False,19551.73499999999,Current,DEBT_CONSOLIDATION
LN-507398,CUST-101073,2025-04-05,0,0,False,False,8218.565,Current,DEBT_CONSOLIDATION
LN-507399,CUST-104430,2025-04-05,0,0,False,False,10070.255000000005,Current,DEBT_CONSOLIDATION
LN-507400,CUST-106009,2025-04-05,0,0,False,False,1676.0449999999996,Current,DEBT_CONSOLIDATION
LN-507402,CUST-105591,2025-04-05,0,0,False,False,18815.99,Current,DEBT_CONSOLIDATION
LN-507403,CUST-105449,2025-04-05,0,0,False,False,125415.16500000005,Current,DEBT_CONSOLIDATION
LN-507404,CUST-101740,2025-04-05,0,0,False,False,2899.3699999999985,Current,DEBT_CONSOLIDATION
LN-507405,CUST-101329,2025-04-05,0,0,False,False,6363.77,Current,DEBT_CONSOLIDATION
LN-507407,CUST-103066,2025-04-05,0,0,False,False,30553.9125,Current,DEBT_CONSOLIDATION
LN-507408,CUST-104416,2025-04-05,0,0,False,False,16348.542499999994,Current,DEBT_CONSOLIDATION
LN-507409,CUST-104540,2025-04-05,0,0,False,False,4381.800000000002,Current,DEBT_CONSOLIDATION
LN-507410,CUST-105278,2025-04-05,0,0,False,False,27786.275,Current,DEBT_CONSOLIDATION
LN-507411,CUST-107388,2025-04-05,0,0,False,False,27167.149999999998,Current,DEBT_CONSOLIDATION
LN-507412,CUST-106876,2025-04-05,0,0,False,False,12320.185,Current,DEBT_CONSOLIDATION
LN-507413,CUST-103705,2025-04-05,0,0,False,False,12898.4225,Current,DEBT_CONSOLIDATION
LN-507414,CUST-100335,2025-04-05,0,0,False,False,6502.872500000008,Current,DEBT_CONSOLIDATION
LN-507415,CUST-106213,2025-04-05,0,0,False,False,24360.310000000005,Current,DEBT_CONSOLIDATION
LN-507419,CUST-101146,2025-04-05,0,0,False,False,22031.04000000001,Current,DEBT_CONSOLIDATION
LN-507420,CUST-103730,2025-04-05,0,0,False,False,41014.167499999996,Current,DEBT_CONSOLIDATION
LN-507421,CUST-101792,2025-04-05,0,0,False,False,21668.0,Current,DEBT_CONSOLIDATION
LN-507422,CUST-104084,2025-04-05,0,0,False,False,7766.739999999998,Current,DEBT_CONSOLIDATION
LN-507423,CUST-100661,2025-04-05,0,0,False,False,25612.170000000002,Current,DEBT_CONSOLIDATION
LN-507425,CUST-101854,2025-04-05,0,0,False,False,22492.2925,Current,DEBT_CONSOLIDATION
LN-507426,CUST-104143,2025-04-05,0,0,False,False,7456.415000000001,Current,DEBT_CONSOLIDATION
LN-507427,CUST-106387,2025-04-05,0,0,False,False,21093.92,Current,DEBT_CONSOLIDATION
LN-507428,CUST-104902,2025-04-05,0,0,False,False,20987.85,Current,DEBT_CONSOLIDATION
LN-507429,CUST-105453,2025-04-05,0,0,False,False,45729.13500000001,Current,DEBT_CONSOLIDATION
LN-507430,CUST-105582,2025-04-05,0,0,False,False,3726.43,Current,DEBT_CONSOLIDATION
LN-507431,CUST-103943,2025-04-05,0,0,False,False,58740.940000000024,Current,DEBT_CONSOLIDATION
LN-507433,CUST-101971,2025-04-05,0,0,False,False,43093.33500000001,Current,DEBT_CONSOLIDATION
LN-507434,CUST-100659,2025-04-05,1,15,False,False,37503.86499999998,1-29,DEBT_CONSOLIDATION
LN-507436,CUST-104992,2025-04-05,0,0,False,False,127056.22,Current,DEBT_CONSOLIDATION
LN-507437,CUST-103979,2025-04-05,0,0,False,False,21783.545,Current,DEBT_CONSOLIDATION
LN-507438,CUST-105813,2025-04-05,0,0,False,False,78963.83750000001,Current,DEBT_CONSOLIDATION
LN-507440,CUST-100121,2025-04-05,0,0,False,False,25372.434999999998,Current,DEBT_CONSOLIDATION
LN-507441,CUST-106578,2025-04-05,1,4,False,False,15089.612499999996,1-29,DEBT_CONSOLIDATION
LN-507442,CUST-100950,2025-04-05,0,0,False,False,18852.199999999997,Current,DEBT_CONSOLIDATION
LN-507443,CUST-100708,2025-04-05,0,0,False,False,18441.99,Current,DEBT_CONSOLIDATION
LN-507445,CUST-103076,2025-04-05,0,0,False,False,577856.0300000001,Current,DEBT_CONSOLIDATION
LN-507446,CUST-100448,2025-04-05,0,0,False,False,37756.02000000002,Current,DEBT_CONSOLIDATION
LN-507448,CUST-105107,2025-04-05,0,0,False,False,25670.372499999987,Current,DEBT_CONSOLIDATION
LN-507449,CUST-102924,2025-04-05,0,0,False,False,4999.4,Current,DEBT_CONSOLIDATION
LN-507450,CUST-106123,2025-04-05,0,0,False,False,47770.01,Current,DEBT_CONSOLIDATION
LN-507452,CUST-100567,2025-04-05,1,18,False,False,5650.105,1-29,DEBT_CONSOLIDATION
LN-507453,CUST-103365,2025-04-05,0,0,False,False,22586.38999999998,Current,DEBT_CONSOLIDATION
LN-507454,CUST-103416,2025-04-05,2,58,False,False,11931.569999999998,30-59,DEBT_CONSOLIDATION
LN-507455,CUST-100571,2025-04-05,0,0,False,False,27007.885000000002,Current,DEBT_CONSOLIDATION
LN-507456,CUST-103083,2025-04-05,0,0,False,False,2436.682500000002,Current,DEBT_CONSOLIDATION
LN-507457,CUST-105975,2025-04-05,4,145,False,False,27656.12500000001,90+,DEBT_CONSOLIDATION
LN-507460,CUST-107761,2025-04-05,0,0,False,False,503752.235,Current,DEBT_CONSOLIDATION
LN-507462,CUST-100028,2025-04-05,0,0,False,False,13061.0,Current,DEBT_CONSOLIDATION
LN-507463,CUST-105281,2025-04-05,0,0,False,False,8563.819999999994,Current,DEBT_CONSOLIDATION
LN-507465,CUST-103560,2025-04-05,2,53,False,False,9396.440000000008,30-59,DEBT_CONSOLIDATION
LN-507466,CUST-105148,2025-04-05,0,0,False,False,106249.315,Current,DEBT_CONSOLIDATION
LN-507467,CUST-104625,2025-04-05,0,0,False,False,11000.4,Current,DEBT_CONSOLIDATION
LN-507468,CUST-102951,2025-04-05,0,0,False,False,76278.07,Current,DEBT_CONSOLIDATION
LN-507469,CUST-100505,2025-04-05,0,0,False,False,173129.32000000004,Current,DEBT_CONSOLIDATION
LN-507470,CUST-107809,2025-04-05,0,0,False,False,43218.51,Current,DEBT_CONSOLIDATION
LN-507471,CUST-100237,2025-04-05,0,0,False,False,8801.577500000003,Current,DEBT_CONSOLIDATION
LN-507472,CUST-107030,2025-04-05,0,0,False,False,10448.674999999997,Current,DEBT_CONSOLIDATION
LN-507473,CUST-105836,2025-04-05,0,0,False,False,36423.85499999998,Current,DEBT_CONSOLIDATION
LN-507474,CUST-107725,2025-04-05,0,0,False,False,26707.46,Current,DEBT_CONSOLIDATION
LN-507475,CUST-103757,2025-04-05,0,0,False,False,38152.39249999999,Current,DEBT_CONSOLIDATION
LN-507478,CUST-106218,2025-04-05,0,0,False,False,21519.289999999997,Current,DEBT_CONSOLIDATION
LN-507479,CUST-102316,2025-04-05,0,0,False,False,3128.78,Current,DEBT_CONSOLIDATION
LN-507480,CUST-104968,2025-04-05,0,0,False,False,26354.610000000004,Current,DEBT_CONSOLIDATION
LN-507482,CUST-104576,2025-04-05,0,0,False,False,22201.58,Current,DEBT_CONSOLIDATION
LN-507483,CUST-101606,2025-04-05,0,0,False,False,31374.70999999997,Current,DEBT_CONSOLIDATION
LN-507484,CUST-103734,2025-04-05,0,0,False,False,27340.4,Current,DEBT_CONSOLIDATION
LN-507485,CUST-102434,2025-04-05,0,0,False,True,17995.28,Current,DEBT_CONSOLIDATION
LN-507486,CUST-101982,2025-04-05,0,0,False,False,15055.102499999992,Current,DEBT_CONSOLIDATION
LN-507487,CUST-100401,2025-04-05,0,0,False,False,25687.69,Current,DEBT_CONSOLIDATION
LN-507488,CUST-105068,2025-04-05,0,0,False,False,17410.22,Current,DEBT_CONSOLIDATION
LN-507489,CUST-105187,2025-04-05,0,0,False,False,121362.44500000007,Current,DEBT_CONSOLIDATION
LN-507491,CUST-104366,2025-04-05,0,0,False,False,15136.794999999998,Current,DEBT_CONSOLIDATION
LN-507492,CUST-100971,2025-04-05,0,0,False,False,11064.9075,Current,DEBT_CONSOLIDATION
LN-507493,CUST-106747,2025-04-05,0,0,False,False,23473.36750000001,Current,DEBT_CONSOLIDATION
LN-507494,CUST-102175,2025-04-05,1,13,False,False,18627.197499999984,1-29,DEBT_CONSOLIDATION
LN-507495,CUST-102033,2025-04-05,0,0,False,False,19776.82999999999,Current,DEBT_CONSOLIDATION
LN-507496,CUST-100633,2025-04-05,0,0,False,False,5466.305,Current,DEBT_CONSOLIDATION
LN-507497,CUST-107428,2025-04-05,0,0,False,False,26820.914999999997,Current,DEBT_CONSOLIDATION
LN-507498,CUST-101243,2025-04-05,0,0,False,False,29063.124999999996,Current,DEBT_CONSOLIDATION
LN-507499,CUST-103204,2025-04-05,0,0,False,False,23747.477499999994,Current,DEBT_CONSOLIDATION
LN-507500,CUST-104398,2025-04-05,0,0,False,False,18281.289999999983,Current,DEBT_CONSOLIDATION
LN-507501,CUST-102100,2025-04-05,0,0,False,False,14711.120000000003,Current,DEBT_CONSOLIDATION
LN-507502,CUST-105830,2025-04-05,0,0,False,False,129620.52999999997,Current,DEBT_CONSOLIDATION
LN-507503,CUST-100120,2025-04-05,0,0,False,False,20064.255,Current,DEBT_CONSOLIDATION
LN-507505,CUST-105002,2025-04-05,0,0,False,False,38011.94249999998,Current,DEBT_CONSOLIDATION
LN-507506,CUST-101954,2025-04-05,0,0,False,False,7897.58,Current,DEBT_CONSOLIDATION
LN-507508,CUST-106746,2025-04-05,0,0,False,False,50251.65999999999,Current,DEBT_CONSOLIDATION
LN-507509,CUST-104301,2025-04-05,0,0,False,False,12367.680000000004,Current,DEBT_CONSOLIDATION
LN-507510,CUST-102103,2025-04-05,0,0,False,False,17321.00250000001,Current,DEBT_CONSOLIDATION
LN-507512,CUST-101569,2025-04-05,0,0,False,False,22646.399999999998,Current,DEBT_CONSOLIDATION
LN-507513,CUST-104721,2025-04-05,0,0,False,False,9583.990000000003,Current,DEBT_CONSOLIDATION
LN-507515,CUST-100094,2025-04-05,0,0,False,False,25095.542500000014,Current,DEBT_CONSOLIDATION
LN-507516,CUST-102025,2025-04-05,0,0,False,False,14730.410000000003,Current,DEBT_CONSOLIDATION
LN-507517,CUST-102566,2025-04-05,0,0,False,False,15609.380000000001,Current,DEBT_CONSOLIDATION
LN-507518,CUST-104550,2025-04-05,0,0,False,False,9970.88750000001,Current,DEBT_CONSOLIDATION
LN-507519,CUST-106983,2025-04-05,0,0,False,False,25251.322499999995,Current,DEBT_CONSOLIDATION
LN-507520,CUST-104699,2025-04-05,0,0,False,False,42882.445000000014,Current,DEBT_CONSOLIDATION
LN-507521,CUST-103667,2025-04-05,0,0,False,False,80642.49500000001,Current,DEBT_CONSOLIDATION
LN-507522,CUST-107322,2025-04-05,0,0,False,False,26470.430000000004,Current,DEBT_CONSOLIDATION
LN-507523,CUST-103682,2025-04-05,0,0,False,False,22422.920000000002,Current,DEBT_CONSOLIDATION
LN-507524,CUST-100177,2025-04-05,0,0,False,False,34343.06,Current,DEBT_CONSOLIDATION
LN-507526,CUST-103589,2025-04-05,0,0,False,False,19148.469999999994,Current,DEBT_CONSOLIDATION
LN-507528,CUST-107463,2025-04-05,0,0,False,False,601333.0275000001,Current,DEBT_CONSOLIDATION
LN-507529,CUST-104119,2025-04-05,0,0,False,False,16551.64000000001,Current,DEBT_CONSOLIDATION
LN-507530,CUST-106682,2025-04-05,0,0,False,False,10500.995000000004,Current,DEBT_CONSOLIDATION
LN-507531,CUST-107734,2025-04-05,0,0,False,False,13758.71749999999,Current,DEBT_CONSOLIDATION
LN-507532,CUST-100696,2025-04-05,0,0,False,False,13103.600000000006,Current,DEBT_CONSOLIDATION
LN-507533,CUST-106856,2025-04-05,0,0,False,False,144536.19,Current,DEBT_CONSOLIDATION
LN-507534,CUST-103380,2025-04-05,0,0,False,False,26815.17,Current,DEBT_CONSOLIDATION
LN-507535,CUST-107509,2025-04-05,0,0,False,False,27329.660000000003,Current,DEBT_CONSOLIDATION
LN-507537,CUST-105385,2025-04-05,0,0,False,False,23079.269999999993,Current,DEBT_CONSOLIDATION
LN-507538,CUST-103752,2025-04-05,0,0,False,False,7202.952499999999,Current,DEBT_CONSOLIDATION
LN-507539,CUST-104491,2025-04-05,0,0,False,False,47946.3,Current,DEBT_CONSOLIDATION
LN-507540,CUST-101585,2025-04-05,0,0,False,False,3357.745000000001,Current,DEBT_CONSOLIDATION
LN-507541,CUST-103036,2025-04-05,2,39,False,False,17952.82249999999,30-59,DEBT_CONSOLIDATION
LN-507542,CUST-100034,2025-04-05,0,0,False,False,45424.07500000001,Current,DEBT_CONSOLIDATION
LN-507543,CUST-105819,2025-04-05,0,0,False,False,20180.872499999998,Current,DEBT_CONSOLIDATION
LN-507544,CUST-105821,2025-04-05,0,0,False,False,353832.875,Current,DEBT_CONSOLIDATION
LN-507545,CUST-104352,2025-04-05,0,0,False,False,43470.82500000001,Current,DEBT_CONSOLIDATION
LN-507546,CUST-104629,2025-04-05,0,0,False,False,28349.7675,Current,DEBT_CONSOLIDATION
LN-507547,CUST-104793,2025-04-05,3,63,False,False,34071.53999999999,60-89,DEBT_CONSOLIDATION
LN-507548,CUST-103783,2025-04-05,0,0,False,False,18755.550000000003,Current,DEBT_CONSOLIDATION
LN-507549,CUST-102741,2025-04-05,0,0,False,False,326.98750000000007,Current,DEBT_CONSOLIDATION
LN-507551,CUST-103437,2025-04-05,0,0,False,False,11598.349999999995,Current,DEBT_CONSOLIDATION
LN-507553,CUST-105697,2025-04-05,0,0,False,False,50703.3375,Current,DEBT_CONSOLIDATION
LN-507554,CUST-105610,2025-04-05,0,0,False,False,25421.155,Current,DEBT_CONSOLIDATION
LN-507555,CUST-100395,2025-04-05,0,0,False,False,26605.990000000005,Current,DEBT_CONSOLIDATION
LN-507556,CUST-106405,2025-04-05,0,0,False,False,48569.947499999995,Current,DEBT_CONSOLIDATION
LN-507557,CUST-102178,2025-04-05,0,0,False,False,29528.739999999994,Current,DEBT_CONSOLIDATION
LN-507558,CUST-104226,2025-04-05,0,0,False,False,275845.58499999985,Current,DEBT_CONSOLIDATION
LN-507559,CUST-100595,2025-04-05,3,82,False,False,7273.3150000000005,60-89,DEBT_CONSOLIDATION
LN-507560,CUST-103358,2025-04-05,0,0,False,False,30932.212500000005,Current,DEBT_CONSOLIDATION
LN-507561,CUST-103776,2025-04-05,0,0,False,False,9862.959999999997,Current,DEBT_CONSOLIDATION
LN-507563,CUST-102247,2025-04-05,0,0,False,False,43651.46,Current,DEBT_CONSOLIDATION
LN-507564,CUST-106169,2025-04-05,0,0,False,False,11735.569999999992,Current,DEBT_CONSOLIDATION
LN-507565,CUST-100207,2025-04-05,0,0,False,False,45590.38,Current,DEBT_CONSOLIDATION
LN-507566,CUST-102690,2025-04-05,0,0,False,False,18452.79,Current,DEBT_CONSOLIDATION
LN-507567,CUST-103388,2025-04-05,0,0,False,False,184641.24499999997,Current,DEBT_CONSOLIDATION
LN-507568,CUST-106057,2025-04-05,0,0,False,False,10779.9325,Current,DEBT_CONSOLIDATION
LN-507569,CUST-104189,2025-04-05,0,0,False,False,4848.175000000003,Current,DEBT_CONSOLIDATION
LN-507571,CUST-100153,2025-04-05,0,0,False,False,18732.827499999992,Current,DEBT_CONSOLIDATION
LN-507572,CUST-103389,2025-04-05,0,0,False,False,17936.31,Current,DEBT_CONSOLIDATION
LN-507573,CUST-100987,2025-04-05,0,0,False,False,12151.14,Current,DEBT_CONSOLIDATION
LN-507574,CUST-103934,2025-04-05,0,0,False,False,5138.2599999999975,Current,DEBT_CONSOLIDATION
LN-507575,CUST-104741,2025-04-05,2,46,False,False,47081.552499999976,30-59,DEBT_CONSOLIDATION
LN-507577,CUST-105647,2025-04-05,0,0,False,False,17134.037500000013,Current,DEBT_CONSOLIDATION
LN-507578,CUST-104173,2025-04-05,0,0,False,False,9344.629999999988,Current,DEBT_CONSOLIDATION
LN-507579,CUST-102336,2025-04-05,0,0,False,False,6156.129999999999,Current,DEBT_CONSOLIDATION
LN-507580,CUST-106841,2025-04-05,0,0,False,False,28163.399999999998,Current,DEBT_CONSOLIDATION
LN-507581,CUST-100936,2025-04-05,0,0,False,False,37458.06749999997,Current,DEBT_CONSOLIDATION
LN-507582,CUST-107262,2025-04-05,0,0,False,False,7505.625000000003,Current,DEBT_CONSOLIDATION
LN-507583,CUST-107406,2025-04-05,0,0,False,False,33430.4225,Current,DEBT_CONSOLIDATION
LN-507584,CUST-100935,2025-04-05,0,0,False,False,29682.34,Current,DEBT_CONSOLIDATION
LN-507585,CUST-107414,2025-04-05,0,0,False,False,30412.13,Current,DEBT_CONSOLIDATION
LN-507586,CUST-101555,2025-04-05,0,0,False,False,13421.6,Current,DEBT_CONSOLIDATION
LN-507587,CUST-104467,2025-04-05,0,0,False,False,42896.399999999994,Current,DEBT_CONSOLIDATION
LN-507588,CUST-105149,2025-04-05,0,0,False,False,9077.505000000005,Current,DEBT_CONSOLIDATION
LN-507589,CUST-107935,2025-04-05,0,0,False,False,10404.2,Current,DEBT_CONSOLIDATION
LN-507590,CUST-101046,2025-04-05,0,0,False,False,41196.912500000006,Current,DEBT_CONSOLIDATION
LN-507591,CUST-103740,2025-04-05,0,0,False,False,16743.105000000007,Current,DEBT_CONSOLIDATION
LN-507592,CUST-101737,2025-04-05,1,24,False,False,9849.82,1-29,DEBT_CONSOLIDATION
LN-507593,CUST-106703,2025-04-05,0,0,False,False,378260.46499999997,Current,DEBT_CONSOLIDATION
LN-507594,CUST-103741,2025-04-05,0,0,False,False,2467.8299999999995,Current,DEBT_CONSOLIDATION
LN-507595,CUST-101284,2025-04-05,0,0,False,False,31831.94,Current,DEBT_CONSOLIDATION
LN-507596,CUST-100027,2025-04-05,0,0,False,False,47113.11749999999,Current,DEBT_CONSOLIDATION
LN-507597,CUST-107474,2025-04-05,0,0,False,False,77990.88500000001,Current,DEBT_CONSOLIDATION
LN-507598,CUST-106607,2025-04-05,0,0,False,False,566443.7400000003,Current,DEBT_CONSOLIDATION
LN-507599,CUST-106876,2025-04-05,0,0,False,False,16791.719999999998,Current,DEBT_CONSOLIDATION
LN-507600,CUST-100133,2025-04-05,0,0,False,False,96260.815,Current,DEBT_CONSOLIDATION
LN-507601,CUST-107391,2025-04-05,0,0,False,False,88471.41999999998,Current,DEBT_CONSOLIDATION
LN-507602,CUST-101371,2025-04-05,0,0,False,False,8560.36,Current,DEBT_CONSOLIDATION
LN-507603,CUST-102054,2025-04-05,0,0,False,False,3539.925,Current,DEBT_CONSOLIDATION
LN-507605,CUST-100388,2025-04-05,2,61,False,False,36883.17000000001,30-59,DEBT_CONSOLIDATION
LN-507607,CUST-105358,2025-04-05,0,0,False,False,602403.0999999999,Current,DEBT_CONSOLIDATION
LN-507608,CUST-104444,2025-04-05,0,0,False,False,11181.130000000001,Current,DEBT_CONSOLIDATION
LN-507609,CUST-101575,2025-04-05,0,0,False,False,30961.990000000005,Current,DEBT_CONSOLIDATION
LN-507610,CUST-103196,2025-04-05,0,0,False,False,39396.77749999999,Current,DEBT_CONSOLIDATION
LN-507611,CUST-106668,2025-04-05,0,0,False,False,18942.47,Current,DEBT_CONSOLIDATION
LN-507612,CUST-106377,2025-04-05,0,0,False,False,31782.920000000013,Current,DEBT_CONSOLIDATION
LN-507613,CUST-103281,2025-04-05,0,0,False,False,9351.977500000006,Current,DEBT_CONSOLIDATION
LN-507614,CUST-100020,2025-04-05,0,0,False,False,11208.767499999994,Current,DEBT_CONSOLIDATION
LN-507615,CUST-104877,2025-04-05,0,0,False,False,32761.552499999976,Current,DEBT_CONSOLIDATION
LN-507617,CUST-106289,2025-04-05,0,0,False,False,3936.849999999997,Current,DEBT_CONSOLIDATION
LN-507618,CUST-100672,2025-04-05,0,0,False,False,33090.73999999999,Current,DEBT_CONSOLIDATION
LN-507619,CUST-104736,2025-04-05,0,0,False,False,27734.25999999998,Current,DEBT_CONSOLIDATION
LN-507620,CUST-105931,2025-04-05,0,0,False,False,8924.33,Current,DEBT_CONSOLIDATION
LN-507622,CUST-106742,2025-04-05,0,0,False,False,15883.060000000005,Current,DEBT_CONSOLIDATION
LN-507623,CUST-104058,2025-04-05,0,0,False,False,11610.990000000005,Current,DEBT_CONSOLIDATION
LN-507624,CUST-103244,2025-04-05,0,0,False,False,22235.02,Current,DEBT_CONSOLIDATION
LN-507626,CUST-102230,2025-04-05,0,0,False,False,16653.047500000004,Current,DEBT_CONSOLIDATION
LN-507629,CUST-102825,2025-04-05,0,0,False,False,28305.300000000017,Current,DEBT_CONSOLIDATION
LN-507630,CUST-106947,2025-04-05,0,0,False,False,8508.15,Current,DEBT_CONSOLIDATION
LN-507631,CUST-105892,2025-04-05,0,0,False,False,3829.9574999999995,Current,DEBT_CONSOLIDATION
LN-507632,CUST-104900,2025-04-05,0,0,True,False,13935.744999999999,Current,DEBT_CONSOLIDATION
LN-507633,CUST-100636,2025-04-05,0,0,False,False,5519.145,Current,DEBT_CONSOLIDATION
LN-507634,CUST-103397,2025-04-05,0,0,False,False,4062.24,Current,DEBT_CONSOLIDATION
LN-507635,CUST-103629,2025-04-05,0,0,False,False,18417.287500000013,Current,DEBT_CONSOLIDATION
LN-507636,CUST-101319,2025-04-05,0,0,False,False,24842.437499999996,Current,DEBT_CONSOLIDATION
LN-507637,CUST-101330,2025-04-05,0,0,False,False,7134.762499999995,Current,DEBT_CONSOLIDATION
LN-507638,CUST-105643,2025-04-05,0,0,False,False,363691.4475000001,Current,DEBT_CONSOLIDATION
LN-507639,CUST-106220,2025-04-05,1,11,True,False,35593.82999999997,1-29,DEBT_CONSOLIDATION
LN-507640,CUST-100716,2025-04-05,0,0,False,False,24418.430000000008,Current,DEBT_CONSOLIDATION
LN-507642,CUST-103480,2025-04-05,0,0,False,False,48231.77499999999,Current,DEBT_CONSOLIDATION
LN-507644,CUST-104778,2025-04-05,0,0,False,False,45504.9,Current,DEBT_CONSOLIDATION
LN-507645,CUST-107982,2025-04-05,0,0,False,False,30801.997500000012,Current,DEBT_CONSOLIDATION
LN-507648,CUST-103232,2025-04-05,0,0,False,False,8532.929999999995,Current,DEBT_CONSOLIDATION
LN-507649,CUST-102799,2025-04-05,0,0,False,False,35352.33749999998,Current,DEBT_CONSOLIDATION
LN-507650,CUST-103259,2025-04-05,0,0,False,False,32701.77,Current,DEBT_CONSOLIDATION
LN-507651,CUST-103087,2025-04-05,0,0,False,False,61353.1,Current,DEBT_CONSOLIDATION
LN-507652,CUST-104371,2025-04-05,0,0,False,False,27926.370000000017,Current,DEBT_CONSOLIDATION
LN-507653,CUST-106752,2025-04-05,0,0,False,False,30827.844999999994,Current,DEBT_CONSOLIDATION
LN-507654,CUST-103627,2025-04-05,0,0,False,False,22539.544999999984,Current,DEBT_CONSOLIDATION
LN-507655,CUST-105060,2025-04-05,1,9,False,False,24177.915,1-29,DEBT_CONSOLIDATION
LN-507657,CUST-103637,2025-04-05,0,0,False,False,6712.075000000001,Current,DEBT_CONSOLIDATION
LN-507658,CUST-106273,2025-04-05,0,0,False,False,12506.170000000004,Current,DEBT_CONSOLIDATION
LN-507660,CUST-105703,2025-04-05,0,0,False,False,21233.662499999995,Current,DEBT_CONSOLIDATION
LN-507661,CUST-101009,2025-04-05,0,0,False,False,30897.03,Current,DEBT_CONSOLIDATION
LN-507663,CUST-107501,2025-04-05,0,0,False,False,8839.560000000003,Current,DEBT_CONSOLIDATION
LN-507664,CUST-102143,2025-04-05,0,0,False,False,1109.605,Current,DEBT_CONSOLIDATION
LN-507665,CUST-106390,2025-04-05,1,5,False,False,16904.719999999998,1-29,DEBT_CONSOLIDATION
LN-507666,CUST-104761,2025-04-05,0,0,False,False,17818.514999999992,Current,DEBT_CONSOLIDATION
LN-507667,CUST-104089,2025-04-05,0,0,False,False,1847.0699999999997,Current,DEBT_CONSOLIDATION
LN-507670,CUST-102246,2025-04-05,0,0,False,False,48602.18,Current,DEBT_CONSOLIDATION
LN-507672,CUST-107259,2025-04-05,0,0,False,False,365000.3600000001,Current,DEBT_CONSOLIDATION
LN-507673,CUST-103336,2025-04-05,0,0,False,False,22540.782499999998,Current,DEBT_CONSOLIDATION
LN-507674,CUST-101657,2025-04-05,0,0,False,False,46518.41000000002,Current,DEBT_CONSOLIDATION
LN-507675,CUST-101344,2025-04-05,0,0,False,False,37121.380000000005,Current,DEBT_CONSOLIDATION
LN-507676,CUST-100830,2025-04-05,0,0,False,False,15242.84499999999,Current,DEBT_CONSOLIDATION
LN-507677,CUST-105015,2025-04-05,0,0,False,False,46474.339999999975,Current,DEBT_CONSOLIDATION
LN-507678,CUST-101821,2025-04-05,1,23,False,False,25081.437499999996,1-29,DEBT_CONSOLIDATION
LN-507679,CUST-106195,2025-04-05,0,0,False,False,126711.66500000001,Current,DEBT_CONSOLIDATION
LN-507680,CUST-105941,2025-04-05,0,0,False,False,16004.189999999999,Current,DEBT_CONSOLIDATION
LN-507682,CUST-107484,2025-04-05,0,0,False,False,16935.67,Current,DEBT_CONSOLIDATION
LN-507683,CUST-101324,2025-04-05,0,0,False,False,5094.097500000001,Current,DEBT_CONSOLIDATION
LN-507684,CUST-103321,2025-04-05,2,42,False,False,8392.715000000004,30-59,DEBT_CONSOLIDATION
LN-507685,CUST-102386,2025-04-05,0,0,False,False,15786.919999999995,Current,DEBT_CONSOLIDATION
LN-507686,CUST-100706,2025-04-05,0,0,False,False,13681.76000000001,Current,DEBT_CONSOLIDATION
LN-507688,CUST-101030,2025-04-05,0,0,False,False,7649.594999999999,Current,DEBT_CONSOLIDATION
LN-507689,CUST-102339,2025-04-05,0,0,False,False,86013.76749999994,Current,DEBT_CONSOLIDATION
LN-507690,CUST-106035,2025-04-05,0,0,False,False,26449.49000000001,Current,DEBT_CONSOLIDATION
LN-507691,CUST-102599,2025-04-05,0,0,False,False,15251.875000000004,Current,DEBT_CONSOLIDATION
LN-507692,CUST-103418,2025-04-05,0,0,False,False,21773.430000000015,Current,DEBT_CONSOLIDATION
LN-507693,CUST-103393,2025-04-05,0,0,False,False,10413.210000000003,Current,DEBT_CONSOLIDATION
LN-507694,CUST-101655,2025-04-05,0,0,False,False,133400.16,Current,DEBT_CONSOLIDATION
LN-507695,CUST-101481,2025-04-05,0,0,False,False,6978.632500000003,Current,DEBT_CONSOLIDATION
LN-507697,CUST-104860,2025-04-05,0,0,False,False,38692.27,Current,DEBT_CONSOLIDATION
LN-507698,CUST-105084,2025-04-05,0,0,False,False,39594.93999999999,Current,DEBT_CONSOLIDATION
LN-507699,CUST-103216,2025-04-05,0,0,False,False,69999.72,Current,DEBT_CONSOLIDATION
LN-507700,CUST-106933,2025-04-05,0,0,False,False,19555.4125,Current,DEBT_CONSOLIDATION
LN-507703,CUST-100113,2025-04-05,0,0,False,False,9646.869999999999,Current,DEBT_CONSOLIDATION
LN-507704,CUST-105686,2025-04-05,0,0,False,False,42419.8025,Current,DEBT_CONSOLIDATION
LN-507705,CUST-106539,2025-04-05,0,0,False,False,24959.742500000004,Current,DEBT_CONSOLIDATION
LN-507706,CUST-107317,2025-04-05,0,0,False,False,18745.684999999976,Current,DEBT_CONSOLIDATION
LN-507707,CUST-107122,2025-04-05,0,0,False,False,628029.7875000003,Current,DEBT_CONSOLIDATION
LN-507708,CUST-104583,2025-04-05,0,0,False,False,41901.93000000004,Current,DEBT_CONSOLIDATION
LN-507710,CUST-107543,2025-04-05,0,0,False,False,14988.850000000006,Current,DEBT_CONSOLIDATION
LN-507711,CUST-107648,2025-04-05,0,0,False,False,12371.559999999998,Current,DEBT_CONSOLIDATION
LN-507712,CUST-105668,2025-04-05,0,0,False,False,18780.2275,Current,DEBT_CONSOLIDATION
LN-507714,CUST-103512,2025-04-05,0,0,False,False,1404.1349999999995,Current,DEBT_CONSOLIDATION
LN-507717,CUST-104414,2025-04-05,0,0,False,False,22256.71999999999,Current,DEBT_CONSOLIDATION
LN-507718,CUST-104971,2025-04-05,0,0,False,False,8593.460000000005,Current,DEBT_CONSOLIDATION
LN-507719,CUST-102415,2025-04-05,0,0,False,False,16373.349999999999,Current,DEBT_CONSOLIDATION
LN-507720,CUST-103081,2025-04-05,0,0,False,False,30491.76,Current,DEBT_CONSOLIDATION
LN-507722,CUST-103692,2025-04-05,0,0,False,False,36514.290000000015,Current,DEBT_CONSOLIDATION
LN-507723,CUST-106583,2025-04-05,0,0,False,False,10850.560000000001,Current,DEBT_CONSOLIDATION
LN-507724,CUST-102199,2025-04-05,0,0,False,False,592000.2825000001,Current,DEBT_CONSOLIDATION
LN-507725,CUST-103033,2025-04-05,0,0,False,False,23150.572500000002,Current,DEBT_CONSOLIDATION
LN-507727,CUST-106645,2025-04-05,4,147,False,False,73976.35499999995,90+,DEBT_CONSOLIDATION
LN-507728,CUST-100376,2025-04-05,4,101,False,False,88063.28,90+,DEBT_CONSOLIDATION
LN-507729,CUST-107256,2025-04-05,0,0,False,False,31421.440000000002,Current,DEBT_CONSOLIDATION
LN-507730,CUST-105904,2025-04-05,0,0,False,False,5576.352499999998,Current,DEBT_CONSOLIDATION
LN-507731,CUST-106316,2025-04-05,0,0,False,False,24509.507499999996,Current,DEBT_CONSOLIDATION
LN-507732,CUST-105651,2025-04-05,0,0,False,False,5102.11,Current,DEBT_CONSOLIDATION
LN-507733,CUST-104967,2025-04-05,0,0,False,False,14879.299999999996,Current,DEBT_CONSOLIDATION
LN-507736,CUST-104546,2025-04-05,0,0,False,False,13046.690000000015,Current,DEBT_CONSOLIDATION
LN-507737,CUST-106439,2025-04-05,3,83,False,False,18304.4625,60-89,DEBT_CONSOLIDATION
LN-507738,CUST-107030,2025-04-05,0,0,False,False,25679.282499999998,Current,DEBT_CONSOLIDATION
LN-507739,CUST-100734,2025-04-05,0,0,False,False,146626.3875,Current,DEBT_CONSOLIDATION
LN-507740,CUST-105806,2025-04-05,0,0,False,False,7708.567499999997,Current,DEBT_CONSOLIDATION
LN-507742,CUST-104094,2025-04-05,0,0,False,False,43617.92499999998,Current,DEBT_CONSOLIDATION
LN-507743,CUST-100284,2025-04-05,0,0,False,False,19189.16,Current,DEBT_CONSOLIDATION
LN-507744,CUST-104554,2025-04-05,0,0,False,False,11448.092500000002,Current,DEBT_CONSOLIDATION
LN-507745,CUST-103349,2025-04-05,4,94,False,False,108365.92999999995,90+,DEBT_CONSOLIDATION
LN-507747,CUST-105597,2025-04-05,0,0,False,False,10276.16,Current,DEBT_CONSOLIDATION
LN-507748,CUST-104289,2025-04-05,0,0,False,False,144781.16,Current,DEBT_CONSOLIDATION
LN-507749,CUST-104474,2025-04-05,0,0,False,False,11244.029999999988,Current,DEBT_CONSOLIDATION
LN-507750,CUST-107168,2025-04-05,1,1,False,False,38998.46,1-29,DEBT_CONSOLIDATION
LN-507751,CUST-103990,2025-04-05,0,0,False,False,22020.729999999996,Current,DEBT_CONSOLIDATION
LN-507752,CUST-101906,2025-04-05,0,0,False,False,41372.062500000015,Current,DEBT_CONSOLIDATION
LN-507753,CUST-100023,2025-04-05,0,0,False,False,48906.74,Current,DEBT_CONSOLIDATION
LN-507754,CUST-104279,2025-04-05,0,0,False,False,25197.982500000013,Current,DEBT_CONSOLIDATION
LN-507755,CUST-100369,2025-04-05,0,0,False,False,66160.72000000006,Current,DEBT_CONSOLIDATION
LN-507756,CUST-103373,2025-04-05,0,0,False,False,50930.040000000015,Current,DEBT_CONSOLIDATION
LN-507759,CUST-102686,2025-04-05,0,0,False,False,23343.204999999994,Current,DEBT_CONSOLIDATION
LN-507760,CUST-107099,2025-04-05,0,0,False,False,8439.007499999994,Current,DEBT_CONSOLIDATION
LN-507761,CUST-100646,2025-04-05,0,0,False,False,600058.19,Current,DEBT_CONSOLIDATION
LN-507762,CUST-102223,2025-04-05,0,0,False,False,6985.404999999997,Current,DEBT_CONSOLIDATION
LN-507764,CUST-102151,2025-04-05,0,0,False,False,29484.180000000015,Current,DEBT_CONSOLIDATION
LN-507766,CUST-104694,2025-04-05,0,0,False,False,7413.43,Current,DEBT_CONSOLIDATION
LN-507767,CUST-106239,2025-04-05,0,0,False,False,39376.750000000015,Current,DEBT_CONSOLIDATION
LN-507769,CUST-107800,2025-04-05,0,0,False,False,88288.65500000003,Current,DEBT_CONSOLIDATION
LN-507770,CUST-104457,2025-04-05,0,0,False,False,32082.069999999992,Current,DEBT_CONSOLIDATION
LN-507771,CUST-101403,2025-04-05,0,0,False,False,15358.742499999991,Current,DEBT_CONSOLIDATION
LN-507772,CUST-101797,2025-04-05,0,0,False,False,17398.65749999999,Current,DEBT_CONSOLIDATION
LN-507773,CUST-103279,2025-04-05,0,0,False,False,19631.15,Current,DEBT_CONSOLIDATION
LN-507774,CUST-102131,2025-04-05,0,0,False,False,49034.58,Current,DEBT_CONSOLIDATION
LN-507775,CUST-107410,2025-04-05,1,18,False,False,5120.655000000001,1-29,DEBT_CONSOLIDATION
LN-507776,CUST-100077,2025-04-05,0,0,False,False,12655.555000000002,Current,DEBT_CONSOLIDATION
LN-507777,CUST-101784,2025-04-05,0,0,False,False,6386.105000000005,Current,DEBT_CONSOLIDATION
LN-507778,CUST-105259,2025-04-05,0,0,False,False,27045.389999999992,Current,DEBT_CONSOLIDATION
LN-507779,CUST-105641,2025-04-05,0,0,False,False,10321.129999999997,Current,DEBT_CONSOLIDATION
LN-507780,CUST-102408,2025-04-05,0,0,False,False,39988.590000000026,Current,DEBT_CONSOLIDATION
LN-507781,CUST-107243,2025-04-05,0,0,False,False,15616.499999999993,Current,DEBT_CONSOLIDATION
LN-507782,CUST-107109,2025-04-05,0,0,False,False,12700.142499999993,Current,DEBT_CONSOLIDATION
LN-507783,CUST-101410,2025-04-05,0,0,False,False,9756.250000000002,Current,DEBT_CONSOLIDATION
LN-507784,CUST-101393,2025-04-05,0,0,False,False,22384.51000000002,Current,DEBT_CONSOLIDATION
LN-507785,CUST-107483,2025-04-05,0,0,False,False,31888.095,Current,DEBT_CONSOLIDATION
LN-507786,CUST-104304,2025-04-05,0,0,False,False,35871.24,Current,DEBT_CONSOLIDATION
LN-507787,CUST-105099,2025-04-05,0,0,False,False,36907.18499999998,Current,DEBT_CONSOLIDATION
LN-507788,CUST-105822,2025-04-05,0,0,False,False,13562.494999999992,Current,DEBT_CONSOLIDATION
LN-507790,CUST-107510,2025-04-05,0,0,False,False,21351.4575,Current,DEBT_CONSOLIDATION
LN-507791,CUST-107282,2025-04-05,0,0,False,False,44359.04,Current,DEBT_CONSOLIDATION
LN-507792,CUST-100298,2025-04-05,0,0,False,False,16545.71999999999,Current,DEBT_CONSOLIDATION
LN-507793,CUST-105544,2025-04-05,0,0,False,False,15991.340000000007,Current,DEBT_CONSOLIDATION
LN-507794,CUST-105659,2025-04-05,0,0,False,False,9224.845000000005,Current,DEBT_CONSOLIDATION
LN-507795,CUST-104504,2025-04-05,4,119,False,False,37376.01,90+,DEBT_CONSOLIDATION
LN-507796,CUST-103638,2025-04-05,0,0,False,False,12088.33,Current,DEBT_CONSOLIDATION
LN-507797,CUST-102394,2025-04-05,0,0,False,False,25489.010000000002,Current,DEBT_CONSOLIDATION
LN-507799,CUST-104578,2025-04-05,0,0,False,False,41315.809999999976,Current,DEBT_CONSOLIDATION
LN-507800,CUST-104360,2025-04-05,0,0,False,False,7628.899999999999,Current,DEBT_CONSOLIDATION
LN-507801,CUST-100906,2025-04-05,0,0,False,False,35593.48999999999,Current,DEBT_CONSOLIDATION
LN-507802,CUST-107813,2025-04-05,0,0,False,False,11248.075000000003,Current,DEBT_CONSOLIDATION
LN-507803,CUST-101305,2025-04-05,0,0,False,False,12206.97,Current,DEBT_CONSOLIDATION
LN-507804,CUST-101976,2025-04-05,0,0,False,False,29815.434999999983,Current,DEBT_CONSOLIDATION
LN-507805,CUST-106885,2025-04-05,0,0,False,False,4875.675,Current,DEBT_CONSOLIDATION
LN-507806,CUST-106205,2025-04-05,0,0,False,False,1113.4600000000012,Current,DEBT_CONSOLIDATION
LN-507808,CUST-103661,2025-04-05,1,19,False,False,19478.150000000005,1-29,DEBT_CONSOLIDATION
LN-507809,CUST-101140,2025-04-05,0,0,False,False,280371.28,Current,DEBT_CONSOLIDATION
LN-507810,CUST-105698,2025-04-05,0,0,False,False,73619.58,Current,DEBT_CONSOLIDATION
LN-507811,CUST-103258,2025-04-05,0,0,False,False,3186.9575000000004,Current,DEBT_CONSOLIDATION
LN-507812,CUST-104624,2025-04-05,0,0,False,False,23124.955,Current,DEBT_CONSOLIDATION
LN-507813,CUST-101173,2025-04-05,0,0,False,False,11854.9875,Current,DEBT_CONSOLIDATION
LN-507815,CUST-103110,2025-04-05,0,0,False,False,44077.57,Current,DEBT_CONSOLIDATION
LN-507817,CUST-106951,2025-04-05,0,0,False,False,3420.3399999999992,Current,DEBT_CONSOLIDATION
LN-507818,CUST-106420,2025-04-05,0,0,False,False,27848.445,Current,DEBT_CONSOLIDATION
LN-507819,CUST-105713,2025-04-05,0,0,False,False,40931.79999999998,Current,DEBT_CONSOLIDATION
LN-507821,CUST-107211,2025-04-05,0,0,False,False,21430.777499999982,Current,DEBT_CONSOLIDATION
LN-507822,CUST-102468,2025-04-05,0,0,False,False,17786.260000000002,Current,DEBT_CONSOLIDATION
LN-507824,CUST-100159,2025-04-05,0,0,False,False,14279.560000000001,Current,DEBT_CONSOLIDATION
LN-507825,CUST-103926,2025-04-05,0,0,False,False,46584.09249999999,Current,DEBT_CONSOLIDATION
LN-507826,CUST-100641,2025-04-05,1,27,False,False,48145.97749999998,1-29,DEBT_CONSOLIDATION
LN-507827,CUST-101515,2025-04-05,0,0,False,False,5447.3775,Current,DEBT_CONSOLIDATION
LN-507829,CUST-107102,2025-04-05,0,0,False,False,51280.34499999999,Current,DEBT_CONSOLIDATION
LN-507830,CUST-101511,2025-04-05,0,0,False,False,27036.67,Current,DEBT_CONSOLIDATION
LN-507831,CUST-100791,2025-04-05,0,0,False,False,5374.985000000001,Current,DEBT_CONSOLIDATION
LN-507832,CUST-105625,2025-04-05,4,235,False,False,1501.06,90+,DEBT_CONSOLIDATION
LN-507833,CUST-103019,2025-04-05,0,0,False,False,746.4399999999998,Current,DEBT_CONSOLIDATION
LN-507834,CUST-107435,2025-04-05,0,0,False,False,14510.782500000016,Current,DEBT_CONSOLIDATION
LN-507835,CUST-100261,2025-04-05,0,0,False,False,52054.685,Current,DEBT_CONSOLIDATION
LN-507836,CUST-103257,2025-04-05,0,0,False,False,2055.025,Current,DEBT_CONSOLIDATION
LN-507837,CUST-107077,2025-04-05,0,0,False,False,18576.789999999997,Current,DEBT_CONSOLIDATION
LN-507838,CUST-103896,2025-04-05,0,0,False,False,3661.9849999999997,Current,DEBT_CONSOLIDATION
LN-507840,CUST-102574,2025-04-05,0,0,False,False,53612.31,Current,DEBT_CONSOLIDATION
LN-507841,CUST-107083,2025-04-05,0,0,False,False,130206.94750000001,Current,DEBT_CONSOLIDATION
LN-507842,CUST-106298,2025-04-05,0,0,False,False,15745.460000000001,Current,DEBT_CONSOLIDATION
LN-507843,CUST-102255,2025-04-05,0,0,False,False,33974.5025,Current,DEBT_CONSOLIDATION
LN-507844,CUST-104572,2025-04-05,0,0,False,False,6888.820000000001,Current,DEBT_CONSOLIDATION
LN-507845,CUST-100095,2025-04-05,0,0,True,False,6654.43,Current,DEBT_CONSOLIDATION
LN-507846,CUST-106694,2025-04-05,0,0,False,False,153594.63999999993,Current,DEBT_CONSOLIDATION
LN-507848,CUST-100429,2025-04-05,0,0,False,False,30100.38,Current,DEBT_CONSOLIDATION
LN-507849,CUST-106875,2025-04-05,1,1,False,False,31690.605,1-29,DEBT_CONSOLIDATION
LN-507850,CUST-104991,2025-04-05,0,0,False,False,21552.06,Current,DEBT_CONSOLIDATION
LN-507851,CUST-105081,2025-04-05,0,0,False,False,20859.895,Current,DEBT_CONSOLIDATION
LN-507852,CUST-103433,2025-04-05,0,0,False,False,22657.989999999987,Current,DEBT_CONSOLIDATION
LN-507853,CUST-101397,2025-04-05,0,0,False,False,106691.81250000009,Current,DEBT_CONSOLIDATION
LN-507856,CUST-103759,2025-04-05,0,0,False,False,16578.399999999987,Current,DEBT_CONSOLIDATION
LN-507857,CUST-107073,2025-04-05,0,0,False,False,18281.909999999993,Current,DEBT_CONSOLIDATION
LN-507858,CUST-104400,2025-04-05,0,0,False,False,25533.057499999988,Current,DEBT_CONSOLIDATION
LN-507859,CUST-101741,2025-04-05,0,0,False,False,15554.439999999999,Current,DEBT_CONSOLIDATION
LN-507861,CUST-100587,2025-04-05,0,0,False,False,17435.24,Current,DEBT_CONSOLIDATION
LN-507862,CUST-104338,2025-04-05,0,0,False,False,31187.239999999998,Current,DEBT_CONSOLIDATION
LN-507863,CUST-103858,2025-04-05,0,0,False,False,12086.030000000002,Current,DEBT_CONSOLIDATION
LN-507864,CUST-106520,2025-04-05,0,0,False,False,41555.58000000001,Current,DEBT_CONSOLIDATION
LN-507865,CUST-104303,2025-04-05,0,0,False,False,1762.454999999999,Current,DEBT_CONSOLIDATION
LN-507866,CUST-101549,2025-04-05,0,0,False,False,10818.81,Current,DEBT_CONSOLIDATION
LN-507867,CUST-106021,2025-04-05,0,0,False,False,23258.559999999987,Current,DEBT_CONSOLIDATION
LN-507868,CUST-101659,2025-04-05,4,138,False,False,16336.350000000002,90+,DEBT_CONSOLIDATION
LN-507869,CUST-104179,2025-04-05,0,0,False,False,87858.3925,Current,DEBT_CONSOLIDATION
LN-507870,CUST-100228,2025-04-05,0,0,False,False,15083.880000000001,Current,DEBT_CONSOLIDATION
LN-507871,CUST-106816,2025-04-05,0,0,False,False,140169.74999999997,Current,DEBT_CONSOLIDATION
LN-507872,CUST-104277,2025-04-05,0,0,False,False,7920.614999999993,Current,DEBT_CONSOLIDATION
LN-507873,CUST-106157,2025-04-05,0,0,False,False,4531.749999999997,Current,DEBT_CONSOLIDATION
LN-507874,CUST-106332,2025-04-05,1,19,False,False,10355.77,1-29,DEBT_CONSOLIDATION
LN-507875,CUST-101645,2025-04-05,0,0,False,False,6154.259999999997,Current,DEBT_CONSOLIDATION
LN-507877,CUST-101932,2025-04-05,0,0,False,False,11679.405,Current,DEBT_CONSOLIDATION
LN-507878,CUST-101647,2025-04-05,0,0,False,False,49119.27,Current,DEBT_CONSOLIDATION
LN-507880,CUST-103626,2025-04-05,0,0,False,False,3779.435,Current,DEBT_CONSOLIDATION
LN-507881,CUST-103117,2025-04-05,0,0,False,False,19300.495000000003,Current,DEBT_CONSOLIDATION
LN-507882,CUST-100685,2025-04-05,0,0,False,False,19297.2725,Current,DEBT_CONSOLIDATION
LN-507883,CUST-107706,2025-04-05,0,0,False,False,39108.28000000002,Current,DEBT_CONSOLIDATION
LN-507884,CUST-104436,2025-04-05,0,0,False,False,7408.290000000003,Current,DEBT_CONSOLIDATION
LN-507885,CUST-103325,2025-04-05,0,0,False,False,20242.784999999993,Current,DEBT_CONSOLIDATION
LN-507886,CUST-105830,2025-04-05,0,0,False,False,1140.19,Current,DEBT_CONSOLIDATION
LN-507889,CUST-107046,2025-04-05,4,140,False,False,33034.98250000001,90+,DEBT_CONSOLIDATION
LN-507890,CUST-105147,2025-04-05,0,0,False,False,44524.57999999997,Current,DEBT_CONSOLIDATION
LN-507891,CUST-100891,2025-04-05,0,0,False,False,18528.09,Current,DEBT_CONSOLIDATION
LN-507892,CUST-105725,2025-04-05,2,55,False,False,19379.66500000001,30-59,DEBT_CONSOLIDATION
LN-507893,CUST-103468,2025-04-05,0,0,False,False,21243.899999999998,Current,DEBT_CONSOLIDATION
LN-507894,CUST-100938,2025-04-05,0,0,False,False,116052.795,Current,DEBT_CONSOLIDATION
LN-507895,CUST-104669,2025-04-05,0,0,False,False,12094.5925,Current,DEBT_CONSOLIDATION
LN-507896,CUST-100115,2025-04-05,4,231,False,False,29555.442500000005,90+,DEBT_CONSOLIDATION
LN-507897,CUST-104066,2025-04-05,0,0,False,False,36406.310000000005,Current,DEBT_CONSOLIDATION
LN-507898,CUST-107126,2025-04-05,0,0,False,False,19271.264999999992,Current,DEBT_CONSOLIDATION
LN-507899,CUST-102292,2025-04-05,4,139,False,False,16807.2925,90+,DEBT_CONSOLIDATION
LN-507900,CUST-106782,2025-04-05,0,0,False,False,17225.515000000007,Current,DEBT_CONSOLIDATION
LN-507901,CUST-102324,2025-04-05,0,0,False,False,5119.614999999998,Current,DEBT_CONSOLIDATION
LN-507903,CUST-102991,2025-04-05,0,0,False,False,3626.629999999999,Current,DEBT_CONSOLIDATION
LN-507905,CUST-103871,2025-04-05,0,0,False,False,24372.7725,Current,DEBT_CONSOLIDATION
LN-507906,CUST-102389,2025-04-05,0,0,False,False,207631.25999999995,Current,DEBT_CONSOLIDATION
LN-507907,CUST-106795,2025-04-05,0,0,False,False,9012.6325,Current,DEBT_CONSOLIDATION
LN-507908,CUST-105966,2025-04-05,0,0,False,False,28939.230000000018,Current,DEBT_CONSOLIDATION
LN-507909,CUST-102934,2025-04-05,1,11,False,False,25548.435000000005,1-29,DEBT_CONSOLIDATION
LN-507910,CUST-107716,2025-04-05,0,0,False,False,560915.2699999999,Current,DEBT_CONSOLIDATION
LN-507911,CUST-103876,2025-04-05,0,0,False,False,16415.350000000006,Current,DEBT_CONSOLIDATION
LN-507912,CUST-103624,2025-04-05,0,0,False,False,31239.745000000006,Current,DEBT_CONSOLIDATION
LN-507913,CUST-103997,2025-04-05,0,0,False,False,4674.935000000002,Current,DEBT_CONSOLIDATION
LN-507915,CUST-103349,2025-04-05,0,0,False,False,24425.205,Current,DEBT_CONSOLIDATION
LN-507916,CUST-103969,2025-04-05,0,0,False,False,17480.79,Current,DEBT_CONSOLIDATION
LN-507917,CUST-107135,2025-04-05,0,0,False,False,20323.782499999994,Current,DEBT_CONSOLIDATION
LN-507918,CUST-100147,2025-04-05,4,116,False,False,5509.862499999999,90+,DEBT_CONSOLIDATION
LN-507920,CUST-105519,2025-04-05,0,0,False,False,12600.140000000001,Current,DEBT_CONSOLIDATION
LN-507921,CUST-102050,2025-04-05,0,0,False,False,18482.512499999983,Current,DEBT_CONSOLIDATION
LN-507924,CUST-102519,2025-04-05,0,0,False,False,45232.54500000001,Current,DEBT_CONSOLIDATION
LN-507925,CUST-105014,2025-04-05,1,5,False,False,45248.73,1-29,DEBT_CONSOLIDATION
LN-507926,CUST-102732,2025-04-05,0,0,False,False,17415.239999999994,Current,DEBT_CONSOLIDATION
LN-507927,CUST-103260,2025-04-05,0,0,False,False,1750.5999999999997,Current,DEBT_CONSOLIDATION
LN-507928,CUST-102107,2025-04-05,0,0,False,False,5911.060000000001,Current,DEBT_CONSOLIDATION
LN-507929,CUST-100155,2025-04-05,3,91,False,False,74363.27750000001,60-89,DEBT_CONSOLIDATION
LN-507930,CUST-102137,2025-04-05,0,0,False,False,266863.0924999999,Current,DEBT_CONSOLIDATION
LN-507931,CUST-107804,2025-04-05,0,0,False,False,46135.12500000001,Current,DEBT_CONSOLIDATION
LN-507932,CUST-100087,2025-04-05,0,0,False,False,52442.67000000004,Current,DEBT_CONSOLIDATION
LN-507933,CUST-101098,2025-04-05,0,0,False,False,1499.1149999999996,Current,DEBT_CONSOLIDATION
LN-507934,CUST-106624,2025-04-05,0,0,False,False,22276.090000000004,Current,DEBT_CONSOLIDATION
LN-507935,CUST-105616,2025-04-05,0,0,False,False,106226.24999999999,Current,DEBT_CONSOLIDATION
LN-507936,CUST-107814,2025-04-05,0,0,False,False,1893.3975000000019,Current,DEBT_CONSOLIDATION
LN-507937,CUST-107238,2025-04-05,0,0,False,False,13280.074999999993,Current,DEBT_CONSOLIDATION
LN-507938,CUST-106706,2025-04-05,0,0,False,False,41459.7425,Current,DEBT_CONSOLIDATION
LN-507940,CUST-106514,2025-04-05,0,0,False,False,760.9,Current,DEBT_CONSOLIDATION
LN-507942,CUST-105571,2025-04-05,1,2,False,False,59473.89,1-29,DEBT_CONSOLIDATION
LN-507943,CUST-100427,2025-04-05,0,0,False,False,42758.692500000005,Current,DEBT_CONSOLIDATION
LN-507944,CUST-101758,2025-04-05,0,0,False,False,22288.25,Current,DEBT_CONSOLIDATION
LN-507946,CUST-102492,2025-04-05,4,137,False,False,10317.760000000002,90+,DEBT_CONSOLIDATION
LN-507948,CUST-106241,2025-04-05,0,0,False,False,30217.28,Current,DEBT_CONSOLIDATION
LN-507949,CUST-101033,2025-04-05,0,0,False,False,21301.995,Current,DEBT_CONSOLIDATION
LN-507950,CUST-102665,2025-04-05,0,0,False,False,141145.65999999997,Current,DEBT_CONSOLIDATION
LN-507951,CUST-101677,2025-04-05,0,0,False,False,13314.64,Current,DEBT_CONSOLIDATION
LN-507952,CUST-101072,2025-04-05,0,0,False,False,19175.86,Current,DEBT_CONSOLIDATION
LN-507953,CUST-105615,2025-04-05,1,24,False,False,29442.22499999999,1-29,DEBT_CONSOLIDATION
LN-507955,CUST-105726,2025-04-05,0,0,False,False,39821.775,Current,DEBT_CONSOLIDATION
LN-507956,CUST-105874,2025-04-05,0,0,False,False,9580.312500000007,Current,DEBT_CONSOLIDATION
LN-507957,CUST-105097,2025-04-05,0,0,False,False,5985.844999999999,Current,DEBT_CONSOLIDATION
LN-507958,CUST-100745,2025-04-05,0,0,False,False,13041.999999999989,Current,DEBT_CONSOLIDATION
LN-507959,CUST-104537,2025-04-05,0,0,False,False,41061.61999999997,Current,DEBT_CONSOLIDATION
LN-507960,CUST-107733,2025-04-05,0,0,False,False,28133.58999999998,Current,DEBT_CONSOLIDATION
LN-507962,CUST-101038,2025-04-05,0,0,False,False,2998.209999999999,Current,DEBT_CONSOLIDATION
LN-507963,CUST-104709,2025-04-05,0,0,False,False,46017.32,Current,DEBT_CONSOLIDATION
LN-507965,CUST-104329,2025-04-05,0,0,False,False,189027.26500000004,Current,DEBT_CONSOLIDATION
LN-507967,CUST-104600,2025-04-05,0,0,False,False,440353.8275,Current,DEBT_CONSOLIDATION
LN-507968,CUST-106158,2025-04-05,0,0,False,False,20148.56,Current,DEBT_CONSOLIDATION
LN-507973,CUST-104823,2025-04-05,0,0,False,False,34900.88,Current,DEBT_CONSOLIDATION
LN-507974,CUST-105013,2025-04-05,0,0,False,False,8450.852500000005,Current,DEBT_CONSOLIDATION
LN-507975,CUST-101125,2025-04-05,0,0,False,False,18470.945000000003,Current,DEBT_CONSOLIDATION
LN-507976,CUST-106100,2025-04-05,0,0,False,False,29518.25,Current,DEBT_CONSOLIDATION
LN-507979,CUST-104008,2025-04-05,0,0,False,False,16199.120000000004,Current,DEBT_CONSOLIDATION
LN-507980,CUST-103202,2025-04-05,0,0,False,False,14345.057500000003,Current,DEBT_CONSOLIDATION
LN-507982,CUST-101596,2025-04-05,0,0,False,False,18190.5475,Current,DEBT_CONSOLIDATION
LN-507983,CUST-104478,2025-04-05,0,0,False,False,508410.72,Current,DEBT_CONSOLIDATION
LN-507984,CUST-101212,2025-04-05,1,4,False,False,38258.73499999999,1-29,DEBT_CONSOLIDATION
LN-507985,CUST-101095,2025-04-05,0,0,False,False,11989.33,Current,DEBT_CONSOLIDATION
LN-507986,CUST-105821,2025-04-05,0,0,False,False,11343.164999999994,Current,DEBT_CONSOLIDATION
LN-507987,CUST-100268,2025-04-05,0,0,False,False,4429.850000000003,Current,DEBT_CONSOLIDATION
LN-507988,CUST-107473,2025-04-05,0,0,False,False,22190.86,Current,DEBT_CONSOLIDATION
LN-507989,CUST-100010,2025-04-05,0,0,False,False,23815.51000000001,Current,DEBT_CONSOLIDATION
LN-507990,CUST-100003,2025-04-05,0,0,False,False,4389.959999999999,Current,DEBT_CONSOLIDATION
LN-507991,CUST-102559,2025-04-05,0,0,False,False,48957.5125,Current,DEBT_CONSOLIDATION
LN-507992,CUST-100098,2025-04-05,0,0,False,False,315455.6374999999,Current,DEBT_CONSOLIDATION
LN-507993,CUST-100394,2025-04-05,0,0,False,False,27904.42750000001,Current,DEBT_CONSOLIDATION
LN-507994,CUST-100168,2025-04-05,0,0,False,False,7967.040000000001,Current,DEBT_CONSOLIDATION
LN-507995,CUST-100466,2025-04-05,0,0,False,False,12927.1725,Current,DEBT_CONSOLIDATION
LN-507996,CUST-105303,2025-04-05,0,0,False,False,15879.8875,Current,DEBT_CONSOLIDATION
LN-507997,CUST-101568,2025-04-05,1,14,False,False,17168.289999999994,1-29,DEBT_CONSOLIDATION
LN-507998,CUST-100726,2025-04-05,0,0,False,False,12207.604999999998,Current,DEBT_CONSOLIDATION
LN-507999,CUST-106321,2025-04-05,0,0,False,False,10443.675000000003,Current,DEBT_CONSOLIDATION
LN-508000,CUST-100498,2025-04-05,0,0,False,False,22234.175,Current,DEBT_CONSOLIDATION
LN-508001,CUST-103299,2025-04-05,0,0,False,False,38658.96000000001,Current,DEBT_CONSOLIDATION
LN-508002,CUST-103814,2025-04-05,0,0,False,False,49994.38,Current,DEBT_CONSOLIDATION
LN-508003,CUST-102578,2025-04-05,4,113,False,False,20506.41249999999,90+,DEBT_CONSOLIDATION
LN-508004,CUST-103475,2025-04-05,0,0,False,False,2674.0699999999997,Current,DEBT_CONSOLIDATION
LN-508005,CUST-103151,2025-04-05,0,0,False,False,17244.394999999997,Current,DEBT_CONSOLIDATION
LN-508006,CUST-107703,2025-04-05,0,0,False,False,69691.23999999999,Current,DEBT_CONSOLIDATION
LN-508008,CUST-101877,2025-04-05,0,0,False,False,22034.364999999994,Current,DEBT_CONSOLIDATION
LN-508010,CUST-107686,2025-04-05,0,0,False,False,15757.842500000002,Current,DEBT_CONSOLIDATION
LN-508011,CUST-100605,2025-04-05,4,166,False,False,23303.737500000003,90+,DEBT_CONSOLIDATION
LN-508012,CUST-103544,2025-04-05,0,0,False,False,17471.0,Current,DEBT_CONSOLIDATION
LN-508013,CUST-101700,2025-04-05,2,53,False,False,32580.255000000005,30-59,DEBT_CONSOLIDATION
LN-508014,CUST-104485,2025-04-05,0,0,False,False,34175.820000000014,Current,DEBT_CONSOLIDATION
LN-508015,CUST-101968,2025-04-05,0,0,False,False,11369.844999999994,Current,DEBT_CONSOLIDATION
LN-508016,CUST-102640,2025-04-05,0,0,False,False,8603.930000000006,Current,DEBT_CONSOLIDATION
LN-508017,CUST-100644,2025-04-05,0,0,False,False,20546.71499999999,Current,DEBT_CONSOLIDATION
LN-508020,CUST-106226,2025-04-05,0,0,False,False,21891.050000000014,Current,DEBT_CONSOLIDATION
LN-508021,CUST-105872,2025-04-05,0,0,False,False,11382.350000000002,Current,DEBT_CONSOLIDATION
LN-508023,CUST-105533,2025-04-05,0,0,False,False,10127.969999999996,Current,DEBT_CONSOLIDATION
LN-508024,CUST-103647,2025-04-05,0,0,False,False,26741.25,Current,DEBT_CONSOLIDATION
LN-508025,CUST-100799,2025-04-05,0,0,False,False,34738.967500000006,Current,DEBT_CONSOLIDATION
LN-508026,CUST-103548,2025-04-05,0,0,False,False,11945.240000000003,Current,DEBT_CONSOLIDATION
LN-508027,CUST-100233,2025-04-05,0,0,False,False,7699.782500000003,Current,DEBT_CONSOLIDATION
LN-508029,CUST-106851,2025-04-05,0,0,False,False,29951.4,Current,DEBT_CONSOLIDATION
LN-508031,CUST-103430,2025-04-05,0,0,False,False,19585.575000000004,Current,DEBT_CONSOLIDATION
LN-508033,CUST-106994,2025-04-05,0,0,False,False,9029.9,Current,DEBT_CONSOLIDATION
LN-508034,CUST-101681,2025-04-05,0,0,False,False,31193.94,Current,DEBT_CONSOLIDATION
LN-508035,CUST-101164,2025-04-05,0,0,False,False,46447.155000000006,Current,DEBT_CONSOLIDATION
LN-508036,CUST-102465,2025-04-05,0,0,False,False,111248.94500000002,Current,DEBT_CONSOLIDATION
LN-508037,CUST-103526,2025-04-05,0,0,False,False,10560.610000000002,Current,DEBT_CONSOLIDATION
LN-508038,CUST-103474,2025-04-05,0,0,False,False,20801.7325,Current,DEBT_CONSOLIDATION
LN-508039,CUST-103821,2025-04-05,0,0,False,False,45473.540000000015,Current,DEBT_CONSOLIDATION
LN-508040,CUST-101430,2025-04-05,0,0,False,False,4422.295000000002,Current,DEBT_CONSOLIDATION
LN-508041,CUST-100381,2025-04-05,0,0,False,False,404581.5025,Current,DEBT_CONSOLIDATION
LN-508042,CUST-103791,2025-04-05,0,0,False,False,35864.79,Current,DEBT_CONSOLIDATION
LN-508044,CUST-105735,2025-04-05,0,0,False,False,49907.9,Current,DEBT_CONSOLIDATION
LN-508045,CUST-102911,2025-04-05,0,0,False,False,31765.754999999997,Current,DEBT_CONSOLIDATION
LN-508046,CUST-103931,2025-04-05,0,0,False,False,9276.219999999996,Current,DEBT_CONSOLIDATION
LN-508047,CUST-101461,2025-04-05,0,0,False,False,14671.535000000003,Current,DEBT_CONSOLIDATION
LN-508048,CUST-101230,2025-04-05,0,0,False,False,8326.852500000005,Current,DEBT_CONSOLIDATION
LN-508049,CUST-106818,2025-04-05,0,0,False,False,10843.189999999999,Current,DEBT_CONSOLIDATION
LN-508050,CUST-102186,2025-04-05,0,0,False,False,10439.529999999995,Current,DEBT_CONSOLIDATION
LN-508051,CUST-107691,2025-04-05,0,0,False,False,18660.345,Current,DEBT_CONSOLIDATION
LN-508052,CUST-100619,2025-04-05,0,0,False,False,9543.335,Current,DEBT_CONSOLIDATION
LN-508054,CUST-102618,2025-04-05,1,9,False,False,14364.820000000007,1-29,DEBT_CONSOLIDATION
LN-508056,CUST-106963,2025-04-05,0,0,False,False,38263.63499999999,Current,DEBT_CONSOLIDATION
LN-508057,CUST-104178,2025-04-05,0,0,False,False,21113.179999999997,Current,DEBT_CONSOLIDATION
LN-508058,CUST-104773,2025-04-05,0,0,False,False,10866.18,Current,DEBT_CONSOLIDATION
LN-508059,CUST-103076,2025-04-05,2,50,False,False,12971.512499999993,30-59,DEBT_CONSOLIDATION
LN-508060,CUST-104334,2025-04-05,0,0,False,False,53572.88,Current,DEBT_CONSOLIDATION
LN-508061,CUST-101752,2025-04-05,1,21,False,False,11944.372499999998,1-29,DEBT_CONSOLIDATION
LN-508062,CUST-106509,2025-04-05,0,0,False,False,352995.26000000007,Current,DEBT_CONSOLIDATION
LN-508064,CUST-107864,2025-04-05,0,0,False,False,25033.82,Current,DEBT_CONSOLIDATION
LN-508065,CUST-107343,2025-04-05,0,0,False,False,38843.14249999999,Current,DEBT_CONSOLIDATION
LN-508066,CUST-103091,2025-04-05,0,0,False,False,3828.915,Current,DEBT_CONSOLIDATION
LN-508067,CUST-103714,2025-04-05,0,0,False,False,6613.957500000001,Current,DEBT_CONSOLIDATION
LN-508068,CUST-100724,2025-04-05,0,0,False,False,17572.99499999999,Current,DEBT_CONSOLIDATION
LN-508070,CUST-107293,2025-04-05,0,0,False,False,344.3850000000002,Current,DEBT_CONSOLIDATION
LN-508071,CUST-103390,2025-04-05,4,166,False,False,128486.47,90+,DEBT_CONSOLIDATION
LN-508072,CUST-100065,2025-04-05,0,0,False,False,2797.62,Current,DEBT_CONSOLIDATION
LN-508073,CUST-106522,2025-04-05,0,0,False,False,352170.1425000001,Current,DEBT_CONSOLIDATION
LN-508075,CUST-100222,2025-04-05,0,0,False,False,27884.425,Current,DEBT_CONSOLIDATION
LN-508078,CUST-102180,2025-04-05,0,0,False,False,8287.880000000001,Current,DEBT_CONSOLIDATION
LN-508079,CUST-104048,2025-04-05,0,0,False,False,6509.004999999996,Current,DEBT_CONSOLIDATION
LN-508080,CUST-104744,2025-04-05,0,0,False,False,47014.805000000015,Current,DEBT_CONSOLIDATION
LN-508081,CUST-106945,2025-04-05,0,0,False,False,17275.7725,Current,DEBT_CONSOLIDATION
LN-508082,CUST-103807,2025-04-05,0,0,False,False,45638.7575,Current,DEBT_CONSOLIDATION
LN-508084,CUST-104863,2025-04-05,0,0,False,False,40778.24999999999,Current,DEBT_CONSOLIDATION
LN-508085,CUST-100511,2025-04-05,0,0,False,False,25930.352499999997,Current,DEBT_CONSOLIDATION
LN-508086,CUST-104811,2025-04-05,0,0,False,False,13051.460000000005,Current,DEBT_CONSOLIDATION
LN-508087,CUST-105282,2025-04-05,0,0,False,False,23540.124999999993,Current,DEBT_CONSOLIDATION
LN-508088,CUST-102162,2025-04-05,0,0,False,False,24123.48,Current,DEBT_CONSOLIDATION
LN-508089,CUST-107873,2025-04-05,0,0,False,False,14332.55,Current,DEBT_CONSOLIDATION
LN-508090,CUST-106269,2025-04-05,0,0,False,False,66956.87749999999,Current,DEBT_CONSOLIDATION
LN-508091,CUST-103905,2025-04-05,0,0,False,False,20453.63,Current,DEBT_CONSOLIDATION
LN-508092,CUST-101320,2025-04-05,0,0,False,False,25186.272500000003,Current,DEBT_CONSOLIDATION
LN-508093,CUST-104969,2025-04-05,0,0,False,False,29456.1875,Current,DEBT_CONSOLIDATION
LN-508094,CUST-105309,2025-04-05,0,0,False,False,28860.322500000002,Current,DEBT_CONSOLIDATION
LN-508095,CUST-101095,2025-04-05,0,0,False,False,16936.7075,Current,DEBT_CONSOLIDATION
LN-508096,CUST-100058,2025-04-05,0,0,False,False,10318.589999999998,Current,DEBT_CONSOLIDATION
LN-508097,CUST-105775,2025-04-05,0,0,False,False,43034.3675,Current,DEBT_CONSOLIDATION
LN-508098,CUST-100032,2025-04-05,0,0,False,False,2772.7275,Current,DEBT_CONSOLIDATION
LN-508099,CUST-106896,2025-04-05,0,0,False,False,13603.7,Current,DEBT_CONSOLIDATION
LN-508100,CUST-104101,2025-04-05,0,0,False,False,20187.03999999999,Current,DEBT_CONSOLIDATION
LN-508101,CUST-100948,2025-04-05,0,0,False,False,48959.237499999996,Current,DEBT_CONSOLIDATION
LN-508102,CUST-105183,2025-04-05,3,82,False,False,15993.347499999996,60-89,DEBT_CONSOLIDATION
LN-508103,CUST-104940,2025-04-05,3,88,False,False,30614.070000000014,60-89,DEBT_CONSOLIDATION
LN-508104,CUST-101787,2025-04-05,0,0,False,False,11268.534999999998,Current,DEBT_CONSOLIDATION
LN-508106,CUST-105844,2025-04-05,0,0,False,False,33694.60000000002,Current,DEBT_CONSOLIDATION
LN-508108,CUST-100114,2025-04-05,3,84,False,False,44463.7325,60-89,DEBT_CONSOLIDATION
LN-508109,CUST-101810,2025-04-05,0,0,False,False,3067.0,Current,DEBT_CONSOLIDATION
LN-508110,CUST-103100,2025-04-05,0,0,False,False,12459.720000000003,Current,DEBT_CONSOLIDATION
LN-508112,CUST-107009,2025-04-05,0,0,False,False,21507.910000000003,Current,DEBT_CONSOLIDATION
LN-508113,CUST-105178,2025-04-05,0,0,False,False,26930.93000000001,Current,DEBT_CONSOLIDATION
LN-508116,CUST-100445,2025-04-05,0,0,False,False,5910.819999999996,Current,DEBT_CONSOLIDATION
LN-508119,CUST-103447,2025-04-05,0,0,False,False,20151.499999999996,Current,DEBT_CONSOLIDATION
LN-508120,CUST-106685,2025-04-05,0,0,False,False,7908.13,Current,DEBT_CONSOLIDATION
LN-508121,CUST-101767,2025-04-05,0,0,False,False,22827.947500000002,Current,DEBT_CONSOLIDATION
LN-508122,CUST-107332,2025-04-05,0,0,False,False,26546.89,Current,DEBT_CONSOLIDATION
LN-508124,CUST-105654,2025-04-05,0,0,False,False,47331.125,Current,DEBT_CONSOLIDATION
LN-508125,CUST-104849,2025-04-05,0,0,False,False,6512.1325,Current,DEBT_CONSOLIDATION
LN-508126,CUST-103935,2025-04-05,0,0,False,False,10337.8775,Current,DEBT_CONSOLIDATION
LN-508127,CUST-101014,2025-04-05,0,0,False,False,4417.880000000001,Current,DEBT_CONSOLIDATION
LN-508128,CUST-104814,2025-04-05,3,83,False,False,47288.482500000006,60-89,DEBT_CONSOLIDATION
LN-508129,CUST-106938,2025-04-05,0,0,False,False,34076.93999999998,Current,DEBT_CONSOLIDATION
LN-508130,CUST-100468,2025-04-05,0,0,False,False,32236.97000000001,Current,DEBT_CONSOLIDATION
LN-508131,CUST-105837,2025-04-05,0,0,False,False,2249.4700000000025,Current,DEBT_CONSOLIDATION
LN-508132,CUST-106212,2025-04-05,0,0,False,False,12410.202500000003,Current,DEBT_CONSOLIDATION
LN-508133,CUST-101978,2025-04-05,0,0,False,False,46972.62,Current,DEBT_CONSOLIDATION
LN-508134,CUST-105326,2025-04-05,0,0,False,False,16310.740000000003,Current,DEBT_CONSOLIDATION
LN-508135,CUST-100721,2025-04-05,0,0,False,False,5370.8425000000025,Current,DEBT_CONSOLIDATION
LN-508136,CUST-102074,2025-04-05,0,0,False,False,34315.05,Current,DEBT_CONSOLIDATION
LN-508138,CUST-107202,2025-04-05,0,0,False,False,7036.065000000002,Current,DEBT_CONSOLIDATION
LN-508140,CUST-107057,2025-04-05,0,0,False,False,291237.93999999977,Current,DEBT_CONSOLIDATION
LN-508142,CUST-104743,2025-04-05,0,0,False,False,55109.335,Current,DEBT_CONSOLIDATION
LN-508143,CUST-103652,2025-04-05,1,22,False,False,11474.402500000007,1-29,DEBT_CONSOLIDATION
LN-508144,CUST-106331,2025-04-05,0,0,False,False,3784.764999999998,Current,DEBT_CONSOLIDATION
LN-508145,CUST-102522,2025-04-05,0,0,False,False,22725.519999999997,Current,DEBT_CONSOLIDATION
LN-508146,CUST-105866,2025-04-05,0,0,False,False,38639.02500000004,Current,DEBT_CONSOLIDATION
LN-508147,CUST-104851,2025-04-05,0,0,False,False,8502.550000000001,Current,DEBT_CONSOLIDATION
LN-508148,CUST-105239,2025-04-05,0,0,False,False,39081.87,Current,DEBT_CONSOLIDATION
LN-508149,CUST-101000,2025-04-05,0,0,False,False,4820.379999999999,Current,DEBT_CONSOLIDATION
LN-508151,CUST-106092,2025-04-05,0,0,False,False,41060.31000000001,Current,DEBT_CONSOLIDATION
LN-508153,CUST-105722,2025-04-05,0,0,False,False,17759.53,Current,DEBT_CONSOLIDATION
LN-508154,CUST-106902,2025-04-05,0,0,False,False,32285.345,Current,DEBT_CONSOLIDATION
LN-508156,CUST-106711,2025-04-05,0,0,False,False,113368.32999999999,Current,DEBT_CONSOLIDATION
LN-508157,CUST-107778,2025-04-05,0,0,False,False,15880.100000000006,Current,DEBT_CONSOLIDATION
LN-508158,CUST-105537,2025-04-05,0,0,False,False,5571.330000000002,Current,DEBT_CONSOLIDATION
LN-508160,CUST-102006,2025-04-05,0,0,False,False,11310.949999999993,Current,DEBT_CONSOLIDATION
LN-508161,CUST-107729,2025-04-05,0,0,False,False,2436.3649999999993,Current,DEBT_CONSOLIDATION
LN-508162,CUST-104901,2025-04-05,0,0,False,False,52031.77999999999,Current,DEBT_CONSOLIDATION
LN-508163,CUST-103564,2025-04-05,0,0,False,False,144331.815,Current,DEBT_CONSOLIDATION
LN-508165,CUST-104275,2025-04-05,0,0,False,False,15534.19500000001,Current,DEBT_CONSOLIDATION
LN-508166,CUST-106736,2025-04-05,0,0,False,False,37650.365,Current,DEBT_CONSOLIDATION
LN-508167,CUST-103823,2025-04-05,0,0,False,False,6762.972500000005,Current,DEBT_CONSOLIDATION
LN-508168,CUST-101624,2025-04-05,0,0,False,False,13516.6025,Current,DEBT_CONSOLIDATION
LN-508169,CUST-106162,2025-04-05,0,0,False,False,13740.859999999997,Current,DEBT_CONSOLIDATION
LN-508170,CUST-105594,2025-04-05,0,0,False,False,40487.094999999994,Current,DEBT_CONSOLIDATION
LN-508171,CUST-107777,2025-04-05,0,0,False,False,5563.1174999999985,Current,DEBT_CONSOLIDATION
LN-508172,CUST-103779,2025-04-05,0,0,False,False,20078.677500000013,Current,DEBT_CONSOLIDATION
LN-508174,CUST-106298,2025-04-05,4,119,False,False,49426.215000000026,90+,DEBT_CONSOLIDATION
LN-508175,CUST-103580,2025-04-05,0,0,False,False,54547.77,Current,DEBT_CONSOLIDATION
LN-508177,CUST-106082,2025-04-05,0,0,False,False,30433.324999999997,Current,DEBT_CONSOLIDATION
LN-508178,CUST-105085,2025-04-05,1,31,False,False,33973.08999999997,1-29,DEBT_CONSOLIDATION
LN-508179,CUST-105388,2025-04-05,4,137,False,False,4793.412500000001,90+,DEBT_CONSOLIDATION
LN-508180,CUST-105605,2025-04-05,0,0,False,False,5043.57,Current,DEBT_CONSOLIDATION
LN-508181,CUST-105981,2025-04-05,0,0,False,False,8805.179999999998,Current,DEBT_CONSOLIDATION
LN-508182,CUST-101550,2025-04-05,1,14,False,False,27512.480000000007,1-29,DEBT_CONSOLIDATION
LN-508183,CUST-101674,2025-04-05,4,170,False,False,18414.76,90+,DEBT_CONSOLIDATION
LN-508184,CUST-106596,2025-04-05,0,0,False,False,21517.88,Current,DEBT_CONSOLIDATION
LN-508185,CUST-101384,2025-04-05,0,0,False,False,44679.35,Current,DEBT_CONSOLIDATION
LN-508186,CUST-103641,2025-04-05,0,0,False,False,4518.399999999998,Current,DEBT_CONSOLIDATION
LN-508187,CUST-106543,2025-04-05,0,0,False,False,41158.75,Current,DEBT_CONSOLIDATION
LN-508190,CUST-107479,2025-04-05,0,0,False,False,4129.062500000002,Current,DEBT_CONSOLIDATION
LN-508191,CUST-105735,2025-04-05,0,0,False,False,17397.239999999994,Current,DEBT_CONSOLIDATION
LN-508192,CUST-103561,2025-04-05,0,0,False,False,6249.180000000001,Current,DEBT_CONSOLIDATION
LN-508193,CUST-102912,2025-04-05,0,0,False,False,636.9099999999995,Current,DEBT_CONSOLIDATION
LN-508194,CUST-106514,2025-04-05,0,0,False,False,13473.345000000003,Current,DEBT_CONSOLIDATION
LN-508195,CUST-105946,2025-04-05,0,0,False,False,14625.252500000002,Current,DEBT_CONSOLIDATION
LN-508196,CUST-102944,2025-04-05,0,0,False,False,2360.547500000002,Current,DEBT_CONSOLIDATION
LN-508197,CUST-104545,2025-04-05,0,0,False,False,14202.129999999997,Current,DEBT_CONSOLIDATION
LN-508198,CUST-102083,2025-04-05,0,0,False,False,6687.0825,Current,DEBT_CONSOLIDATION
LN-508199,CUST-107279,2025-04-05,0,0,False,False,8851.509999999997,Current,DEBT_CONSOLIDATION
LN-508201,CUST-103768,2025-04-05,0,0,False,False,11660.45000000001,Current,DEBT_CONSOLIDATION
LN-508202,CUST-106217,2025-04-05,0,0,False,False,16754.839999999986,Current,DEBT_CONSOLIDATION
LN-508203,CUST-107079,2025-04-05,0,0,False,False,8849.28499999999,Current,DEBT_CONSOLIDATION
LN-508204,CUST-101076,2025-04-05,0,0,False,False,34271.564999999995,Current,DEBT_CONSOLIDATION
LN-508205,CUST-100423,2025-04-05,0,0,False,False,4687.970000000005,Current,DEBT_CONSOLIDATION
LN-508206,CUST-102241,2025-04-05,0,0,False,False,46685.970000000045,Current,DEBT_CONSOLIDATION
LN-508207,CUST-102020,2025-04-05,0,0,False,False,180976.0375,Current,DEBT_CONSOLIDATION
LN-508208,CUST-103209,2025-04-05,0,0,False,False,9870.844999999994,Current,DEBT_CONSOLIDATION
LN-508209,CUST-100033,2025-04-05,0,0,False,False,36168.630000000005,Current,DEBT_CONSOLIDATION
LN-508210,CUST-100106,2025-04-05,0,0,False,False,43383.41999999998,Current,DEBT_CONSOLIDATION
LN-508211,CUST-104324,2025-04-05,0,0,False,False,19679.1675,Current,DEBT_CONSOLIDATION
LN-508212,CUST-103405,2025-04-05,0,0,False,False,716.2124999999999,Current,DEBT_CONSOLIDATION
LN-508213,CUST-101765,2025-04-05,0,0,False,False,25736.319999999996,Current,DEBT_CONSOLIDATION
LN-508214,CUST-102111,2025-04-05,0,0,False,False,21619.455000000016,Current,DEBT_CONSOLIDATION
LN-508215,CUST-106018,2025-04-05,0,0,False,False,469670.93,Current,DEBT_CONSOLIDATION
LN-508216,CUST-107860,2025-04-05,0,0,False,False,19357.404999999988,Current,DEBT_CONSOLIDATION
LN-508217,CUST-102464,2025-04-05,0,0,False,False,14898.875000000002,Current,DEBT_CONSOLIDATION
LN-508218,CUST-102411,2025-04-05,0,0,False,False,63297.765000000014,Current,DEBT_CONSOLIDATION
LN-508219,CUST-105270,2025-04-05,0,0,False,False,17242.9525,Current,DEBT_CONSOLIDATION
LN-508222,CUST-106308,2025-04-05,0,0,False,False,28764.319999999992,Current,DEBT_CONSOLIDATION
LN-508223,CUST-105633,2025-04-05,0,0,False,False,11495.965,Current,DEBT_CONSOLIDATION
LN-508224,CUST-103145,2025-04-05,0,0,False,False,30131.160000000014,Current,DEBT_CONSOLIDATION
LN-508226,CUST-103412,2025-04-05,0,0,False,False,15100.5,Current,DEBT_CONSOLIDATION
LN-508228,CUST-105529,2025-04-05,0,0,False,False,10697.899999999998,Current,DEBT_CONSOLIDATION
LN-508229,CUST-101869,2025-04-05,0,0,False,False,35297.44749999999,Current,DEBT_CONSOLIDATION
LN-508230,CUST-104817,2025-04-05,0,0,False,False,16325.22000000001,Current,DEBT_CONSOLIDATION
LN-508231,CUST-105904,2025-04-05,0,0,False,False,26931.150000000005,Current,DEBT_CONSOLIDATION
LN-508232,CUST-103862,2025-04-05,2,59,False,False,9200.5,30-59,DEBT_CONSOLIDATION
LN-508233,CUST-101133,2025-04-05,0,0,False,False,103012.18499999998,Current,DEBT_CONSOLIDATION
LN-508234,CUST-103620,2025-04-05,0,0,False,False,21309.67500000001,Current,DEBT_CONSOLIDATION
LN-508235,CUST-106773,2025-04-05,0,0,False,False,24575.5625,Current,DEBT_CONSOLIDATION
LN-508236,CUST-105134,2025-04-05,0,0,False,False,386286.9,Current,DEBT_CONSOLIDATION
LN-508237,CUST-107736,2025-04-05,0,0,False,False,1274.4399999999994,Current,DEBT_CONSOLIDATION
LN-508238,CUST-105465,2025-04-05,0,0,False,False,11949.029999999999,Current,DEBT_CONSOLIDATION
LN-508239,CUST-106892,2025-04-05,0,0,False,False,72085.0975,Current,DEBT_CONSOLIDATION
LN-508240,CUST-106897,2025-04-05,0,0,False,False,3591.1849999999995,Current,DEBT_CONSOLIDATION
LN-508241,CUST-107275,2025-04-05,0,0,False,False,15002.6675,Current,DEBT_CONSOLIDATION
LN-508242,CUST-102424,2025-04-05,1,2,False,False,20954.475000000024,1-29,DEBT_CONSOLIDATION
LN-508243,CUST-106086,2025-04-05,0,0,False,False,31751.722499999996,Current,DEBT_CONSOLIDATION
LN-508244,CUST-104752,2025-04-05,0,0,False,False,15651.750000000004,Current,DEBT_CONSOLIDATION
LN-508246,CUST-100561,2025-04-05,0,0,False,False,25231.337499999994,Current,DEBT_CONSOLIDATION
LN-508247,CUST-105269,2025-04-05,0,0,False,False,12135.71,Current,DEBT_CONSOLIDATION
LN-508249,CUST-102649,2025-04-05,1,12,False,False,19859.584999999995,1-29,DEBT_CONSOLIDATION
LN-508250,CUST-104803,2025-04-05,0,0,False,False,17081.829999999998,Current,DEBT_CONSOLIDATION
LN-508251,CUST-107311,2025-04-05,0,0,False,False,14708.495000000012,Current,DEBT_CONSOLIDATION
LN-508252,CUST-107583,2025-04-05,4,200,False,True,14199.080000000002,90+,DEBT_CONSOLIDATION
LN-508253,CUST-101597,2025-04-05,0,0,False,False,39897.32249999997,Current,DEBT_CONSOLIDATION
LN-508255,CUST-101068,2025-04-05,0,0,False,False,13207.192500000005,Current,DEBT_CONSOLIDATION
LN-508256,CUST-107871,2025-04-05,0,0,False,False,18243.532500000005,Current,DEBT_CONSOLIDATION
LN-508257,CUST-107434,2025-04-05,0,0,False,False,28754.115,Current,DEBT_CONSOLIDATION
LN-508258,CUST-100441,2025-04-05,0,0,False,False,29783.4675,Current,DEBT_CONSOLIDATION
LN-508259,CUST-101625,2025-04-05,0,0,False,False,23615.815,Current,DEBT_CONSOLIDATION
LN-508261,CUST-107469,2025-04-05,0,0,False,False,30247.05,Current,DEBT_CONSOLIDATION
LN-508262,CUST-103593,2025-04-05,0,0,False,False,18609.827499999992,Current,DEBT_CONSOLIDATION
LN-508263,CUST-100252,2025-04-05,1,26,False,False,15139.380000000008,1-29,DEBT_CONSOLIDATION
LN-508264,CUST-105799,2025-04-05,0,0,False,False,51441.55999999999,Current,DEBT_CONSOLIDATION
LN-508265,CUST-101542,2025-04-05,0,0,False,False,16881.71000000002,Current,DEBT_CONSOLIDATION
LN-508266,CUST-107443,2025-04-05,0,0,False,False,19181.290000000005,Current,DEBT_CONSOLIDATION
LN-508267,CUST-103129,2025-04-05,0,0,False,False,18410.040000000005,Current,DEBT_CONSOLIDATION
LN-508268,CUST-102585,2025-04-05,0,0,False,False,38010.337499999965,Current,DEBT_CONSOLIDATION
LN-508269,CUST-104407,2025-04-05,0,0,False,False,9082.224999999999,Current,DEBT_CONSOLIDATION
LN-508270,CUST-106271,2025-04-05,0,0,False,False,17601.159999999993,Current,DEBT_CONSOLIDATION
LN-508271,CUST-106376,2025-04-05,0,0,False,False,26696.63499999998,Current,DEBT_CONSOLIDATION
LN-508272,CUST-107406,2025-04-05,4,143,False,False,10917.920000000007,90+,DEBT_CONSOLIDATION
LN-508273,CUST-106747,2025-04-05,0,0,False,False,8058.909999999998,Current,DEBT_CONSOLIDATION
LN-508274,CUST-100090,2025-04-05,0,0,False,False,17608.355000000025,Current,DEBT_CONSOLIDATION
LN-508275,CUST-100187,2025-04-05,0,0,False,False,16959.955,Current,DEBT_CONSOLIDATION
LN-508276,CUST-102035,2025-04-05,0,0,False,False,22679.965000000004,Current,DEBT_CONSOLIDATION
LN-508277,CUST-106740,2025-04-05,0,0,False,False,11362.780000000004,Current,DEBT_CONSOLIDATION
LN-508278,CUST-104738,2025-04-05,0,0,False,False,7857.859999999999,Current,DEBT_CONSOLIDATION
LN-508280,CUST-102768,2025-04-05,0,0,False,False,7084.865,Current,DEBT_CONSOLIDATION
LN-508281,CUST-100901,2025-04-05,0,0,False,False,20177.059999999998,Current,DEBT_CONSOLIDATION
LN-508282,CUST-100081,2025-04-05,0,0,False,False,5980.480000000001,Current,DEBT_CONSOLIDATION
LN-508283,CUST-103181,2025-04-05,2,54,False,False,38053.925,30-59,DEBT_CONSOLIDATION
LN-508284,CUST-101304,2025-04-05,0,0,False,False,28071.09,Current,DEBT_CONSOLIDATION
LN-508285,CUST-101346,2025-04-05,0,0,False,False,18133.17999999999,Current,DEBT_CONSOLIDATION
LN-508286,CUST-104293,2025-04-05,0,0,False,False,35352.78,Current,DEBT_CONSOLIDATION
LN-508287,CUST-100827,2025-04-05,0,0,False,False,56826.47,Current,DEBT_CONSOLIDATION
LN-508288,CUST-102252,2025-04-05,3,73,False,False,26459.654999999988,60-89,DEBT_CONSOLIDATION
LN-508289,CUST-100228,2025-04-05,0,0,False,False,48032.42999999999,Current,DEBT_CONSOLIDATION
LN-508290,CUST-106995,2025-04-05,0,0,False,False,25877.2325,Current,DEBT_CONSOLIDATION
LN-508291,CUST-107258,2025-04-05,0,0,False,False,20296.192500000012,Current,DEBT_CONSOLIDATION
LN-508293,CUST-107474,2025-04-05,0,0,False,False,21216.25500000001,Current,DEBT_CONSOLIDATION
LN-508294,CUST-105935,2025-04-05,0,0,False,False,11801.14,Current,DEBT_CONSOLIDATION
LN-508295,CUST-102231,2025-04-05,0,0,False,False,5628.365000000001,Current,DEBT_CONSOLIDATION
LN-508296,CUST-106807,2025-04-05,0,0,False,False,22942.0375,Current,DEBT_CONSOLIDATION
LN-508298,CUST-100747,2025-04-05,0,0,False,False,49515.62750000001,Current,DEBT_CONSOLIDATION
LN-508299,CUST-102291,2025-04-05,0,0,False,False,752.1299999999998,Current,DEBT_CONSOLIDATION
LN-508300,CUST-107553,2025-04-05,0,0,False,False,33645.67,Current,DEBT_CONSOLIDATION
LN-508301,CUST-105818,2025-04-05,0,0,False,False,21994.920000000002,Current,DEBT_CONSOLIDATION
LN-508302,CUST-106465,2025-04-05,0,0,False,False,47418.87,Current,DEBT_CONSOLIDATION
LN-508303,CUST-104230,2025-04-05,0,0,False,False,2174.487500000001,Current,DEBT_CONSOLIDATION
LN-508304,CUST-106999,2025-04-05,0,0,False,False,46966.29999999998,Current,DEBT_CONSOLIDATION
LN-508305,CUST-102373,2025-04-05,0,0,True,False,5216.539999999995,Current,DEBT_CONSOLIDATION
LN-508306,CUST-100398,2025-04-05,0,0,False,False,10533.4875,Current,DEBT_CONSOLIDATION
LN-508307,CUST-107329,2025-04-05,0,0,False,False,25396.3875,Current,DEBT_CONSOLIDATION
LN-508308,CUST-101309,2025-04-05,0,0,False,False,9529.56750000001,Current,DEBT_CONSOLIDATION
LN-508309,CUST-106651,2025-04-05,0,0,False,False,12440.434999999992,Current,DEBT_CONSOLIDATION
LN-508310,CUST-105522,2025-04-05,0,0,False,False,18517.190000000002,Current,DEBT_CONSOLIDATION
LN-508311,CUST-106824,2025-04-05,0,0,False,False,7318.775,Current,DEBT_CONSOLIDATION
LN-508312,CUST-104308,2025-04-05,0,0,False,False,40239.85499999998,Current,DEBT_CONSOLIDATION
LN-508313,CUST-105193,2025-04-05,0,0,False,False,41819.48249999998,Current,DEBT_CONSOLIDATION
LN-508314,CUST-102581,2025-04-05,0,0,False,False,60567.12,Current,DEBT_CONSOLIDATION
LN-508315,CUST-103883,2025-04-05,0,0,False,False,9806.527500000004,Current,DEBT_CONSOLIDATION
LN-508316,CUST-101631,2025-04-05,0,0,False,False,11235.094999999992,Current,DEBT_CONSOLIDATION
LN-508317,CUST-100254,2025-04-05,0,0,False,False,5105.3550000000005,Current,DEBT_CONSOLIDATION
LN-508318,CUST-102153,2025-04-05,0,0,False,False,44935.96,Current,DEBT_CONSOLIDATION
LN-508319,CUST-104819,2025-04-05,0,0,False,False,21611.584999999995,Current,DEBT_CONSOLIDATION
LN-508320,CUST-101247,2025-04-05,0,0,False,False,12687.88,Current,DEBT_CONSOLIDATION
LN-508322,CUST-101917,2025-04-05,0,0,False,False,39673.355,Current,DEBT_CONSOLIDATION
LN-508323,CUST-103669,2025-04-05,0,0,False,False,6954.2699999999995,Current,DEBT_CONSOLIDATION
LN-508324,CUST-106008,2025-04-05,0,0,False,False,14055.545,Current,DEBT_CONSOLIDATION
LN-508325,CUST-105594,2025-04-05,0,0,False,False,96408.53500000002,Current,DEBT_CONSOLIDATION
LN-508326,CUST-105776,2025-04-05,0,0,False,False,29579.789999999994,Current,DEBT_CONSOLIDATION
LN-508329,CUST-103127,2025-04-05,0,0,False,False,27777.305000000008,Current,DEBT_CONSOLIDATION
LN-508330,CUST-102018,2025-04-05,0,0,False,False,469098.57999999984,Current,DEBT_CONSOLIDATION
LN-508331,CUST-102475,2025-04-05,0,0,False,False,8024.882499999997,Current,DEBT_CONSOLIDATION
LN-508333,CUST-107662,2025-04-05,0,0,False,False,14064.77,Current,DEBT_CONSOLIDATION
LN-508335,CUST-100002,2025-04-05,0,0,True,False,12104.3375,Current,DEBT_CONSOLIDATION
LN-508336,CUST-106477,2025-04-05,0,0,False,False,41036.310000000005,Current,DEBT_CONSOLIDATION
LN-508337,CUST-101525,2025-04-05,0,0,False,False,5420.495000000001,Current,DEBT_CONSOLIDATION
LN-508338,CUST-102876,2025-04-05,0,0,False,False,20510.587499999994,Current,DEBT_CONSOLIDATION
LN-508339,CUST-106895,2025-04-05,0,0,False,False,10586.407499999998,Current,DEBT_CONSOLIDATION
LN-508340,CUST-105411,2025-04-05,0,0,False,False,8923.534999999998,Current,DEBT_CONSOLIDATION
LN-508341,CUST-102621,2025-04-05,0,0,False,False,51111.06,Current,DEBT_CONSOLIDATION
LN-508342,CUST-101476,2025-04-05,0,0,False,False,2121.7449999999976,Current,DEBT_CONSOLIDATION
LN-508346,CUST-101531,2025-04-05,0,0,False,False,46571.009999999966,Current,DEBT_CONSOLIDATION
LN-508347,CUST-100040,2025-04-05,0,0,False,False,24244.425,Current,DEBT_CONSOLIDATION
LN-508348,CUST-102407,2025-04-05,0,0,False,False,7449.954999999991,Current,DEBT_CONSOLIDATION
LN-508349,CUST-100947,2025-04-05,0,0,False,False,9559.424999999996,Current,DEBT_CONSOLIDATION
LN-508350,CUST-101903,2025-04-05,0,0,False,False,16671.492500000004,Current,DEBT_CONSOLIDATION
LN-508351,CUST-100950,2025-04-05,0,0,False,False,33190.72,Current,DEBT_CONSOLIDATION
LN-508352,CUST-107211,2025-04-05,0,0,False,False,3338.77,Current,DEBT_CONSOLIDATION
LN-508353,CUST-101025,2025-04-05,0,0,False,False,19852.210000000003,Current,DEBT_CONSOLIDATION
LN-508354,CUST-104672,2025-04-05,0,0,False,False,14448.4,Current,DEBT_CONSOLIDATION
LN-508355,CUST-107117,2025-04-05,0,0,False,False,10777.510000000004,Current,DEBT_CONSOLIDATION
LN-508356,CUST-104507,2025-04-05,0,0,False,False,7064.270000000002,Current,DEBT_CONSOLIDATION
LN-508357,CUST-100872,2025-04-05,0,0,False,False,22606.97,Current,DEBT_CONSOLIDATION
LN-508359,CUST-103695,2025-04-05,0,0,False,False,25932.32,Current,DEBT_CONSOLIDATION
LN-508360,CUST-103058,2025-04-05,0,0,False,False,41628.30000000002,Current,DEBT_CONSOLIDATION
LN-508361,CUST-104343,2025-04-05,0,0,False,False,538814.62,Current,DEBT_CONSOLIDATION
LN-508363,CUST-105135,2025-04-05,0,0,False,False,11096.790000000008,Current,DEBT_CONSOLIDATION
LN-508364,CUST-104016,2025-04-05,2,49,False,False,17493.425000000003,30-59,DEBT_CONSOLIDATION
LN-508366,CUST-101221,2025-04-05,0,0,False,False,1385.6399999999999,Current,DEBT_CONSOLIDATION
LN-508367,CUST-105728,2025-04-05,0,0,False,False,29627.56000000001,Current,DEBT_CONSOLIDATION
LN-508368,CUST-101280,2025-04-05,0,0,False,False,17481.379999999994,Current,DEBT_CONSOLIDATION
LN-508371,CUST-100406,2025-04-05,0,0,False,False,34048.90000000001,Current,DEBT_CONSOLIDATION
LN-508372,CUST-100969,2025-04-05,0,0,False,False,43345.33250000001,Current,DEBT_CONSOLIDATION
LN-508375,CUST-100200,2025-04-05,2,34,False,False,4084.3600000000006,30-59,DEBT_CONSOLIDATION
LN-508376,CUST-101282,2025-04-05,0,0,False,False,13377.68,Current,DEBT_CONSOLIDATION
LN-508377,CUST-103714,2025-04-05,0,0,False,False,19655.839999999997,Current,DEBT_CONSOLIDATION
LN-508379,CUST-100607,2025-04-05,0,0,False,False,2324.2275000000004,Current,DEBT_CONSOLIDATION
LN-508380,CUST-101589,2025-04-05,0,0,False,False,6835.670000000004,Current,DEBT_CONSOLIDATION
LN-508384,CUST-105028,2025-04-05,0,0,False,False,26967.34,Current,DEBT_CONSOLIDATION
LN-508386,CUST-102673,2025-04-05,0,0,False,False,6199.544999999998,Current,DEBT_CONSOLIDATION
LN-508387,CUST-100994,2025-04-05,0,0,False,False,5360.290000000002,Current,DEBT_CONSOLIDATION
LN-508388,CUST-107947,2025-04-05,0,0,False,False,23729.607500000002,Current,DEBT_CONSOLIDATION
LN-508389,CUST-106259,2025-04-05,0,0,False,False,25820.210000000003,Current,DEBT_CONSOLIDATION
LN-508391,CUST-102370,2025-04-05,3,63,False,False,28463.065000000002,60-89,DEBT_CONSOLIDATION
LN-508392,CUST-103284,2025-04-05,0,0,False,False,10939.000000000005,Current,DEBT_CONSOLIDATION
LN-508394,CUST-106153,2025-04-05,3,91,False,False,34506.18999999999,60-89,DEBT_CONSOLIDATION
LN-508395,CUST-104221,2025-04-05,0,0,False,False,116048.23000000004,Current,DEBT_CONSOLIDATION
LN-508397,CUST-100279,2025-04-05,0,0,False,False,31322.14,Current,DEBT_CONSOLIDATION
LN-508398,CUST-106757,2025-04-05,1,10,False,False,51273.1475,1-29,DEBT_CONSOLIDATION
LN-508400,CUST-102353,2025-04-05,0,0,False,False,5594.997500000001,Current,DEBT_CONSOLIDATION
LN-508401,CUST-100537,2025-04-05,0,0,False,False,30096.880000000005,Current,DEBT_CONSOLIDATION
LN-508402,CUST-100590,2025-04-05,0,0,False,False,575171.6200000002,Current,DEBT_CONSOLIDATION
LN-508403,CUST-100060,2025-04-05,0,0,False,False,10517.765,Current,DEBT_CONSOLIDATION
LN-508404,CUST-105104,2025-04-05,0,0,False,False,32047.335,Current,DEBT_CONSOLIDATION
LN-508405,CUST-107410,2025-04-05,0,0,False,False,46043.645000000004,Current,DEBT_CONSOLIDATION
LN-508406,CUST-103693,2025-04-05,0,0,False,False,16748.3,Current,DEBT_CONSOLIDATION
LN-508409,CUST-106793,2025-04-05,0,0,False,False,36208.527499999975,Current,DEBT_CONSOLIDATION
LN-508410,CUST-107181,2025-04-05,0,0,False,False,23912.00750000001,Current,DEBT_CONSOLIDATION
LN-508411,CUST-105946,2025-04-05,0,0,False,False,110737.99000000002,Current,DEBT_CONSOLIDATION
LN-508413,CUST-106081,2025-04-05,0,0,False,False,113757.795,Current,DEBT_CONSOLIDATION
LN-508416,CUST-100451,2025-04-05,0,0,False,False,54413.31000000002,Current,DEBT_CONSOLIDATION
LN-508417,CUST-103493,2025-04-05,0,0,False,False,25595.49999999999,Current,DEBT_CONSOLIDATION
LN-508418,CUST-101209,2025-04-05,0,0,False,False,2376.597500000001,Current,DEBT_CONSOLIDATION
LN-508419,CUST-106422,2025-04-05,1,23,False,False,20042.90999999999,1-29,DEBT_CONSOLIDATION
LN-508420,CUST-101538,2025-04-05,0,0,False,False,6397.234999999995,Current,DEBT_CONSOLIDATION
LN-508421,CUST-101467,2025-04-05,0,0,False,False,13831.739999999998,Current,DEBT_CONSOLIDATION
LN-508422,CUST-107662,2025-04-05,0,0,False,False,6794.9299999999985,Current,DEBT_CONSOLIDATION
LN-508423,CUST-102980,2025-04-05,0,0,False,False,11243.289999999997,Current,DEBT_CONSOLIDATION
LN-508424,CUST-102518,2025-04-05,0,0,False,False,26543.2,Current,DEBT_CONSOLIDATION
LN-508425,CUST-102101,2025-04-05,0,0,False,False,11898.892499999998,Current,DEBT_CONSOLIDATION
LN-508426,CUST-106374,2025-04-05,0,0,False,False,47148.677499999976,Current,DEBT_CONSOLIDATION
LN-508427,CUST-104206,2025-04-05,0,0,False,False,49343.22000000001,Current,DEBT_CONSOLIDATION
LN-508428,CUST-103790,2025-04-05,0,0,False,False,16640.32,Current,DEBT_CONSOLIDATION
LN-508429,CUST-101322,2025-04-05,0,0,False,False,108326.69,Current,DEBT_CONSOLIDATION
LN-508430,CUST-107026,2025-04-05,0,0,False,False,23074.7,Current,DEBT_CONSOLIDATION
LN-508431,CUST-100139,2025-04-05,0,0,False,False,20432.97250000001,Current,DEBT_CONSOLIDATION
LN-508432,CUST-100714,2025-04-05,0,0,False,False,36961.69249999998,Current,DEBT_CONSOLIDATION
LN-508433,CUST-105582,2025-04-05,0,0,False,False,46407.4,Current,DEBT_CONSOLIDATION
LN-508434,CUST-107242,2025-04-05,3,87,False,False,3673.8200000000015,60-89,DEBT_CONSOLIDATION
LN-508435,CUST-107671,2025-04-05,0,0,False,False,19226.88,Current,DEBT_CONSOLIDATION
LN-508437,CUST-103830,2025-04-05,0,0,False,False,11178.7625,Current,DEBT_CONSOLIDATION
LN-508438,CUST-105480,2025-04-05,0,0,False,False,11410.990000000002,Current,DEBT_CONSOLIDATION
LN-508439,CUST-105904,2025-04-05,0,0,False,False,17674.769999999997,Current,DEBT_CONSOLIDATION
LN-508440,CUST-102080,2025-04-05,0,0,False,False,12553.435,Current,DEBT_CONSOLIDATION
LN-508441,CUST-103163,2025-04-05,0,0,False,False,24371.029999999984,Current,DEBT_CONSOLIDATION
LN-508443,CUST-102590,2025-04-05,0,0,False,False,20301.380000000016,Current,DEBT_CONSOLIDATION
LN-508444,CUST-105729,2025-04-05,0,0,False,False,86860.78999999995,Current,DEBT_CONSOLIDATION
LN-508445,CUST-103119,2025-04-05,0,0,False,False,14375.859999999993,Current,DEBT_CONSOLIDATION
LN-508446,CUST-107350,2025-04-05,0,0,False,False,2676.75,Current,DEBT_CONSOLIDATION
LN-508447,CUST-104103,2025-04-05,0,0,False,False,3250.67,Current,DEBT_CONSOLIDATION
LN-508448,CUST-101839,2025-04-05,0,0,False,False,20171.750000000007,Current,DEBT_CONSOLIDATION
LN-508449,CUST-107536,2025-04-05,0,0,False,False,30195.71,Current,DEBT_CONSOLIDATION
LN-508451,CUST-104036,2025-04-05,0,0,False,False,16448.212499999998,Current,DEBT_CONSOLIDATION
LN-508452,CUST-103550,2025-04-05,0,0,False,False,5290.8,Current,DEBT_CONSOLIDATION
LN-508453,CUST-105928,2025-04-05,0,0,False,False,12112.612499999996,Current,DEBT_CONSOLIDATION
LN-508454,CUST-104543,2025-04-05,0,0,False,False,1303.6149999999998,Current,DEBT_CONSOLIDATION
LN-508455,CUST-100327,2025-04-05,0,0,False,False,15670.830000000009,Current,DEBT_CONSOLIDATION
LN-508456,CUST-107314,2025-04-05,0,0,False,False,481260.6800000001,Current,DEBT_CONSOLIDATION
LN-508458,CUST-102726,2025-04-05,0,0,False,False,24488.620000000003,Current,DEBT_CONSOLIDATION
LN-508460,CUST-105542,2025-04-05,0,0,False,False,24758.600000000002,Current,DEBT_CONSOLIDATION
LN-508461,CUST-106894,2025-04-05,0,0,False,False,36589.837499999994,Current,DEBT_CONSOLIDATION
LN-508462,CUST-106467,2025-04-05,0,0,False,False,4757.079999999996,Current,DEBT_CONSOLIDATION
LN-508463,CUST-107761,2025-04-05,0,0,False,False,28009.892499999994,Current,DEBT_CONSOLIDATION
LN-508465,CUST-105009,2025-04-05,0,0,False,False,15286.320000000007,Current,DEBT_CONSOLIDATION
LN-508466,CUST-106432,2025-04-05,0,0,False,False,11782.224999999999,Current,DEBT_CONSOLIDATION
LN-508467,CUST-103688,2025-04-05,0,0,False,False,48571.969999999994,Current,DEBT_CONSOLIDATION
LN-508468,CUST-107885,2025-04-05,0,0,False,False,15653.949999999988,Current,DEBT_CONSOLIDATION
LN-508469,CUST-101149,2025-04-05,0,0,False,False,15784.627499999999,Current,DEBT_CONSOLIDATION
LN-508470,CUST-106003,2025-04-05,0,0,False,False,34923.89000000002,Current,DEBT_CONSOLIDATION
LN-508471,CUST-100923,2025-04-05,0,0,False,False,392.3200000000003,Current,DEBT_CONSOLIDATION
LN-508472,CUST-107184,2025-04-05,0,0,False,False,40502.48,Current,DEBT_CONSOLIDATION
LN-508474,CUST-104113,2025-04-05,0,0,False,False,20731.989999999987,Current,DEBT_CONSOLIDATION
LN-508475,CUST-101905,2025-04-05,0,0,False,False,48673.987499999996,Current,DEBT_CONSOLIDATION
LN-508476,CUST-102347,2025-04-05,0,0,False,False,14886.285,Current,DEBT_CONSOLIDATION
LN-508477,CUST-107058,2025-04-05,0,0,False,False,9940.967500000002,Current,DEBT_CONSOLIDATION
LN-508478,CUST-103277,2025-04-05,0,0,False,False,2396.270000000001,Current,DEBT_CONSOLIDATION
LN-508479,CUST-106631,2025-04-05,0,0,False,False,18565.59999999999,Current,DEBT_CONSOLIDATION
LN-508480,CUST-107309,2025-04-05,0,0,False,False,12978.130000000001,Current,DEBT_CONSOLIDATION
LN-508481,CUST-100959,2025-04-05,0,0,False,False,28709.829999999994,Current,DEBT_CONSOLIDATION
LN-508482,CUST-106949,2025-04-05,0,0,False,False,31435.684999999998,Current,DEBT_CONSOLIDATION
LN-508483,CUST-106426,2025-04-05,0,0,False,False,6769.939999999997,Current,DEBT_CONSOLIDATION
LN-508484,CUST-105062,2025-04-05,0,0,False,False,10022.72,Current,DEBT_CONSOLIDATION
LN-508485,CUST-103731,2025-04-05,0,0,False,False,36713.9525,Current,DEBT_CONSOLIDATION
LN-508486,CUST-104120,2025-04-05,0,0,False,False,5446.354999999999,Current,DEBT_CONSOLIDATION
LN-508487,CUST-100276,2025-04-05,0,0,False,False,23958.664999999997,Current,DEBT_CONSOLIDATION
LN-508488,CUST-100907,2025-04-05,0,0,False,False,16693.4075,Current,DEBT_CONSOLIDATION
LN-508489,CUST-104939,2025-04-05,0,0,False,False,8191.754999999991,Current,DEBT_CONSOLIDATION
LN-508490,CUST-102140,2025-04-05,0,0,False,False,31868.430000000004,Current,DEBT_CONSOLIDATION
LN-508491,CUST-103215,2025-04-05,0,0,False,False,21253.97,Current,DEBT_CONSOLIDATION
LN-508492,CUST-105152,2025-04-05,0,0,False,False,30672.444999999992,Current,DEBT_CONSOLIDATION
LN-508493,CUST-102121,2025-04-05,0,0,False,False,17366.29,Current,DEBT_CONSOLIDATION
LN-508494,CUST-107725,2025-04-05,0,0,False,False,14735.9225,Current,DEBT_CONSOLIDATION
LN-508495,CUST-103973,2025-04-05,0,0,False,False,15590.86,Current,DEBT_CONSOLIDATION
LN-508496,CUST-103249,2025-04-05,0,0,False,False,35165.58,Current,DEBT_CONSOLIDATION
LN-508497,CUST-105702,2025-04-05,0,0,False,False,7033.455000000002,Current,DEBT_CONSOLIDATION
LN-508498,CUST-106564,2025-04-05,0,0,False,False,30006.989999999998,Current,DEBT_CONSOLIDATION
LN-508499,CUST-106613,2025-04-05,0,0,False,False,2059.04,Current,DEBT_CONSOLIDATION
LN-508500,CUST-100010,2025-04-05,0,0,False,False,29533.22,Current,DEBT_CONSOLIDATION
LN-508501,CUST-101612,2025-04-05,0,0,True,False,34289.81500000001,Current,DEBT_CONSOLIDATION
LN-508502,CUST-102844,2025-04-05,0,0,False,False,14537.510000000006,Current,DEBT_CONSOLIDATION
LN-508503,CUST-104784,2025-04-05,0,0,False,False,19466.215000000004,Current,DEBT_CONSOLIDATION
LN-508504,CUST-105974,2025-04-05,0,0,False,False,610383.1199999999,Current,DEBT_CONSOLIDATION
LN-508505,CUST-106708,2025-04-05,0,0,False,False,343307.595,Current,DEBT_CONSOLIDATION
LN-508507,CUST-103251,2025-04-05,0,0,False,False,45663.96500000001,Current,DEBT_CONSOLIDATION
LN-508508,CUST-106961,2025-04-05,0,0,False,False,36438.779999999984,Current,DEBT_CONSOLIDATION
LN-508509,CUST-102716,2025-04-05,0,0,False,False,26646.11,Current,DEBT_CONSOLIDATION
LN-508510,CUST-102824,2025-04-05,0,0,False,False,130861.94000000005,Current,DEBT_CONSOLIDATION
LN-508511,CUST-107485,2025-04-05,0,0,False,False,9922.954999999996,Current,DEBT_CONSOLIDATION
LN-508512,CUST-105461,2025-04-05,0,0,False,False,31560.5,Current,DEBT_CONSOLIDATION
LN-508513,CUST-101016,2025-04-05,0,0,False,False,9804.150000000001,Current,DEBT_CONSOLIDATION
LN-508514,CUST-105065,2025-04-05,0,0,False,False,14154.2775,Current,DEBT_CONSOLIDATION
LN-508516,CUST-106674,2025-04-05,0,0,False,False,38300.770000000004,Current,DEBT_CONSOLIDATION
LN-508517,CUST-101923,2025-04-05,0,0,False,False,13804.242499999998,Current,DEBT_CONSOLIDATION
LN-508518,CUST-106444,2025-04-05,0,0,False,False,3955.7200000000003,Current,DEBT_CONSOLIDATION
LN-508519,CUST-100331,2025-04-05,0,0,False,False,27282.149999999998,Current,DEBT_CONSOLIDATION
LN-508520,CUST-105718,2025-04-05,0,0,False,False,7904.889999999999,Current,DEBT_CONSOLIDATION
LN-508521,CUST-100683,2025-04-05,0,0,False,False,33082.77499999998,Current,DEBT_CONSOLIDATION
LN-508525,CUST-105857,2025-04-05,0,0,False,False,18148.519999999993,Current,DEBT_CONSOLIDATION
LN-508526,CUST-106485,2025-04-05,0,0,False,False,37785.5475,Current,DEBT_CONSOLIDATION
LN-508527,CUST-101489,2025-04-05,0,0,False,False,11297.222500000003,Current,DEBT_CONSOLIDATION
LN-508529,CUST-106412,2025-04-05,0,0,False,False,38981.69,Current,DEBT_CONSOLIDATION
LN-508530,CUST-106091,2025-04-05,0,0,False,False,2212.7799999999993,Current,DEBT_CONSOLIDATION
LN-508531,CUST-102605,2025-04-05,0,0,False,False,28357.564999999995,Current,DEBT_CONSOLIDATION
LN-508532,CUST-107470,2025-04-05,0,0,False,False,23746.940000000006,Current,DEBT_CONSOLIDATION
LN-508534,CUST-105176,2025-04-05,0,0,False,False,25211.23750000001,Current,DEBT_CONSOLIDATION
LN-508535,CUST-107828,2025-04-05,0,0,False,False,18439.05,Current,DEBT_CONSOLIDATION
LN-508536,CUST-107055,2025-04-05,0,0,False,False,3095.4749999999995,Current,DEBT_CONSOLIDATION
LN-508537,CUST-106411,2025-04-05,4,114,False,False,16406.587499999998,90+,DEBT_CONSOLIDATION
LN-508538,CUST-106666,2025-04-05,0,0,False,False,25863.665000000005,Current,DEBT_CONSOLIDATION
LN-508539,CUST-103136,2025-04-05,0,0,False,False,45962.25,Current,DEBT_CONSOLIDATION
LN-508541,CUST-106408,2025-04-05,0,0,False,False,114519.44750000001,Current,DEBT_CONSOLIDATION
LN-508542,CUST-104886,2025-04-05,4,140,False,False,14821.62,90+,DEBT_CONSOLIDATION
LN-508543,CUST-101828,2025-04-05,0,0,False,False,16539.70999999998,Current,DEBT_CONSOLIDATION
LN-508544,CUST-106457,2025-04-05,0,0,False,False,28275.34500000001,Current,DEBT_CONSOLIDATION
LN-508545,CUST-105902,2025-04-05,0,0,False,False,32791.75,Current,DEBT_CONSOLIDATION
LN-508546,CUST-100183,2025-04-05,0,0,False,False,19915.070000000003,Current,DEBT_CONSOLIDATION
LN-508547,CUST-100657,2025-04-05,0,0,False,False,18771.17,Current,DEBT_CONSOLIDATION
LN-508549,CUST-105697,2025-04-05,1,1,False,False,12742.455,1-29,DEBT_CONSOLIDATION
LN-508550,CUST-105953,2025-04-05,0,0,False,False,49506.91,Current,DEBT_CONSOLIDATION
LN-508551,CUST-101975,2025-04-05,0,0,False,False,6207.7699999999995,Current,DEBT_CONSOLIDATION
LN-508552,CUST-105315,2025-04-05,0,0,False,False,8864.78,Current,DEBT_CONSOLIDATION
LN-508553,CUST-104372,2025-04-05,0,0,False,False,16874.4725,Current,DEBT_CONSOLIDATION
LN-508554,CUST-101192,2025-04-05,0,0,False,False,20757.30249999999,Current,DEBT_CONSOLIDATION
LN-508555,CUST-100838,2025-04-05,0,0,False,False,8330.224999999995,Current,DEBT_CONSOLIDATION
LN-508556,CUST-106087,2025-04-05,0,0,False,False,47256.60000000001,Current,DEBT_CONSOLIDATION
LN-508557,CUST-106514,2025-04-05,0,0,False,False,37644.635,Current,DEBT_CONSOLIDATION
LN-508558,CUST-101952,2025-04-05,0,0,False,False,41811.4075,Current,DEBT_CONSOLIDATION
LN-508559,CUST-105906,2025-04-05,0,0,False,False,19016.3,Current,DEBT_CONSOLIDATION
LN-508561,CUST-100226,2025-04-05,0,0,False,False,30071.18,Current,DEBT_CONSOLIDATION
LN-508562,CUST-107081,2025-04-05,0,0,False,False,22374.272500000003,Current,DEBT_CONSOLIDATION
LN-508563,CUST-106140,2025-04-05,0,0,False,False,39021.3375,Current,DEBT_CONSOLIDATION
LN-508564,CUST-102983,2025-04-05,0,0,False,False,10732.899999999994,Current,DEBT_CONSOLIDATION
LN-508566,CUST-104266,2025-04-05,0,0,False,False,35351.67000000001,Current,DEBT_CONSOLIDATION
LN-508568,CUST-102920,2025-04-05,0,0,False,False,5508.31,Current,DEBT_CONSOLIDATION
LN-508569,CUST-107905,2025-04-05,0,0,False,False,42824.79249999999,Current,DEBT_CONSOLIDATION
LN-508570,CUST-102620,2025-04-05,0,0,False,False,2975.7899999999972,Current,DEBT_CONSOLIDATION
LN-508571,CUST-105452,2025-04-05,0,0,False,False,101624.38,Current,DEBT_CONSOLIDATION
LN-508572,CUST-105381,2025-04-05,0,0,False,False,31743.974999999973,Current,DEBT_CONSOLIDATION
LN-508573,CUST-102087,2025-04-05,0,0,False,False,2230.03,Current,DEBT_CONSOLIDATION
LN-508574,CUST-100640,2025-04-05,1,3,False,False,8097.635000000005,1-29,DEBT_CONSOLIDATION
LN-508576,CUST-100147,2025-04-05,0,0,False,False,7000.409999999999,Current,DEBT_CONSOLIDATION
LN-508577,CUST-106291,2025-04-05,0,0,False,False,40078.55,Current,DEBT_CONSOLIDATION
LN-508578,CUST-101451,2025-04-05,0,0,False,False,32137.200000000023,Current,DEBT_CONSOLIDATION
LN-508579,CUST-101409,2025-04-05,0,0,False,False,12275.12,Current,DEBT_CONSOLIDATION
LN-508581,CUST-106113,2025-04-05,0,0,False,False,14663.864999999998,Current,DEBT_CONSOLIDATION
LN-508582,CUST-100148,2025-04-05,0,0,False,False,110719.07499999998,Current,DEBT_CONSOLIDATION
LN-508583,CUST-105317,2025-04-05,0,0,False,False,12233.967500000008,Current,DEBT_CONSOLIDATION
LN-508584,CUST-105496,2025-04-05,0,0,False,False,13212.535000000003,Current,DEBT_CONSOLIDATION
LN-508585,CUST-107694,2025-04-05,0,0,False,False,29140.61500000001,Current,DEBT_CONSOLIDATION
LN-508586,CUST-106686,2025-04-05,0,0,False,False,52866.45,Current,DEBT_CONSOLIDATION
LN-508587,CUST-103191,2025-04-05,0,0,False,False,5261.769999999999,Current,DEBT_CONSOLIDATION
LN-508588,CUST-101666,2025-04-05,0,0,False,False,21511.93500000001,Current,DEBT_CONSOLIDATION
LN-508589,CUST-101801,2025-04-05,0,0,False,False,21878.04,Current,DEBT_CONSOLIDATION
LN-508591,CUST-101608,2025-04-05,0,0,False,False,47641.80250000002,Current,DEBT_CONSOLIDATION
LN-508592,CUST-105429,2025-04-05,0,0,False,False,7979.23,Current,DEBT_CONSOLIDATION
LN-508593,CUST-100922,2025-04-05,0,0,False,False,330375.265,Current,DEBT_CONSOLIDATION
LN-508594,CUST-102256,2025-04-05,0,0,False,False,11990.395000000006,Current,DEBT_CONSOLIDATION
LN-508595,CUST-106080,2025-04-05,0,0,False,False,40580.31999999999,Current,DEBT_CONSOLIDATION
LN-508596,CUST-103512,2025-04-05,0,0,False,False,18351.07,Current,DEBT_CONSOLIDATION
LN-508597,CUST-100852,2025-04-05,0,0,False,False,43667.35999999999,Current,DEBT_CONSOLIDATION
LN-508598,CUST-106580,2025-04-05,0,0,False,False,222050.05249999996,Current,DEBT_CONSOLIDATION
LN-508599,CUST-104273,2025-04-05,0,0,False,False,23030.380000000012,Current,DEBT_CONSOLIDATION
LN-508600,CUST-103312,2025-04-05,0,0,False,False,38316.365000000005,Current,DEBT_CONSOLIDATION
LN-508601,CUST-104260,2025-04-05,0,0,False,False,31088.49750000001,Current,DEBT_CONSOLIDATION
LN-508602,CUST-102056,2025-04-05,1,27,False,False,284924.5250000002,1-29,DEBT_CONSOLIDATION
LN-508603,CUST-105206,2025-04-05,0,0,False,False,19677.875000000004,Current,DEBT_CONSOLIDATION
LN-508604,CUST-103265,2025-04-05,0,0,False,False,24706.19,Current,DEBT_CONSOLIDATION
LN-508605,CUST-101128,2025-04-05,0,0,False,False,23485.730000000007,Current,DEBT_CONSOLIDATION
LN-508606,CUST-104291,2025-04-05,0,0,False,False,8408.285000000009,Current,DEBT_CONSOLIDATION
LN-508608,CUST-100089,2025-04-05,0,0,False,False,39863.27250000003,Current,DEBT_CONSOLIDATION
LN-508609,CUST-101500,2025-04-05,0,0,False,False,19095.467500000013,Current,DEBT_CONSOLIDATION
LN-508611,CUST-106462,2025-04-05,0,0,False,False,16304.279999999999,Current,DEBT_CONSOLIDATION
LN-508612,CUST-103439,2025-04-05,0,0,False,False,16225.7625,Current,DEBT_CONSOLIDATION
LN-508614,CUST-100917,2025-04-05,0,0,True,False,39236.010000000024,Current,DEBT_CONSOLIDATION
LN-508615,CUST-100771,2025-04-05,0,0,False,False,37795.43999999997,Current,DEBT_CONSOLIDATION
LN-508617,CUST-104874,2025-04-05,0,0,False,False,20686.7,Current,DEBT_CONSOLIDATION
LN-508618,CUST-100221,2025-04-05,0,0,False,False,3663.785000000005,Current,DEBT_CONSOLIDATION
LN-508619,CUST-103963,2025-04-05,0,0,False,False,13051.575000000008,Current,DEBT_CONSOLIDATION
LN-508620,CUST-102845,2025-04-05,0,0,False,False,19895.389999999996,Current,DEBT_CONSOLIDATION
LN-508621,CUST-107649,2025-04-05,0,0,False,False,38632.91499999998,Current,DEBT_CONSOLIDATION
LN-508623,CUST-100558,2025-04-05,0,0,False,False,131153.2824999999,Current,DEBT_CONSOLIDATION
LN-508624,CUST-101426,2025-04-05,0,0,False,False,20107.58,Current,DEBT_CONSOLIDATION
LN-508626,CUST-104214,2025-04-05,0,0,False,False,6623.57,Current,DEBT_CONSOLIDATION
LN-508627,CUST-107518,2025-04-05,0,0,False,False,12058.7025,Current,DEBT_CONSOLIDATION
LN-508628,CUST-102557,2025-04-05,0,0,False,False,7927.467499999995,Current,DEBT_CONSOLIDATION
LN-508629,CUST-105627,2025-04-05,0,0,False,False,13656.52,Current,DEBT_CONSOLIDATION
LN-508630,CUST-101168,2025-04-05,0,0,False,False,32049.01000000001,Current,DEBT_CONSOLIDATION
LN-508631,CUST-106084,2025-04-05,3,86,False,False,22773.869999999995,60-89,DEBT_CONSOLIDATION
LN-508632,CUST-102799,2025-04-05,0,0,False,False,20374.19,Current,DEBT_CONSOLIDATION
LN-508633,CUST-103722,2025-04-05,0,0,False,False,32826.93000000004,Current,DEBT_CONSOLIDATION
LN-508634,CUST-100373,2025-04-05,0,0,False,False,24208.329999999998,Current,DEBT_CONSOLIDATION
LN-508635,CUST-103085,2025-04-05,0,0,False,False,36520.35500000001,Current,DEBT_CONSOLIDATION
LN-508636,CUST-103215,2025-04-05,0,0,False,False,44560.5,Current,DEBT_CONSOLIDATION
LN-508637,CUST-102067,2025-04-05,0,0,False,False,61363.6225,Current,DEBT_CONSOLIDATION
LN-508638,CUST-102073,2025-04-05,0,0,False,False,51513.240000000005,Current,DEBT_CONSOLIDATION
LN-508639,CUST-101216,2025-04-05,0,0,False,False,30742.369999999995,Current,DEBT_CONSOLIDATION
LN-508640,CUST-106926,2025-04-05,0,0,False,False,29995.200000000004,Current,DEBT_CONSOLIDATION
LN-508641,CUST-101287,2025-04-05,0,0,False,False,29930.26,Current,DEBT_CONSOLIDATION
LN-508642,CUST-104941,2025-04-05,0,0,False,False,113731.84749999997,Current,DEBT_CONSOLIDATION
LN-508643,CUST-101404,2025-04-05,0,0,False,False,29179.6775,Current,DEBT_CONSOLIDATION
LN-508644,CUST-101838,2025-04-05,0,0,False,False,12417.050000000003,Current,DEBT_CONSOLIDATION
LN-508645,CUST-104642,2025-04-05,1,12,False,False,47311.189999999995,1-29,DEBT_CONSOLIDATION
LN-508646,CUST-100612,2025-04-05,0,0,False,False,5026.285000000001,Current,DEBT_CONSOLIDATION
LN-508647,CUST-102013,2025-04-05,0,0,False,False,7611.8150000000005,Current,DEBT_CONSOLIDATION
LN-508648,CUST-105992,2025-04-05,0,0,False,False,53925.9675,Current,DEBT_CONSOLIDATION
LN-508649,CUST-101776,2025-04-05,0,0,False,False,45236.165,Current,DEBT_CONSOLIDATION
LN-508650,CUST-105512,2025-04-05,0,0,False,False,1586.0924999999993,Current,DEBT_CONSOLIDATION
LN-508651,CUST-101755,2025-04-05,0,0,False,False,12892.795000000006,Current,DEBT_CONSOLIDATION
LN-508652,CUST-104891,2025-04-05,0,0,False,False,21599.334999999985,Current,DEBT_CONSOLIDATION
LN-508653,CUST-101363,2025-04-05,0,0,False,False,46914.54,Current,DEBT_CONSOLIDATION
LN-508654,CUST-106109,2025-04-05,0,0,False,False,13237.949999999999,Current,DEBT_CONSOLIDATION
LN-508655,CUST-106675,2025-04-05,0,0,False,False,12088.297500000002,Current,DEBT_CONSOLIDATION
LN-508657,CUST-106062,2025-04-05,0,0,False,False,32050.554999999986,Current,DEBT_CONSOLIDATION
LN-508658,CUST-106021,2025-04-05,0,0,False,False,31344.510000000002,Current,DEBT_CONSOLIDATION
LN-508659,CUST-102601,2025-04-05,0,0,False,False,33722.979999999974,Current,DEBT_CONSOLIDATION
LN-508660,CUST-101463,2025-04-05,0,0,False,False,9802.92,Current,DEBT_CONSOLIDATION
LN-508662,CUST-101576,2025-04-05,0,0,False,False,8691.442499999997,Current,DEBT_CONSOLIDATION
LN-508663,CUST-101061,2025-04-05,0,0,False,False,20516.765000000003,Current,DEBT_CONSOLIDATION
LN-508664,CUST-106728,2025-04-05,0,0,False,False,15341.7725,Current,DEBT_CONSOLIDATION
LN-508665,CUST-102167,2025-04-05,0,0,False,False,37300.09999999999,Current,DEBT_CONSOLIDATION
LN-508666,CUST-105498,2025-04-05,0,0,False,False,37031.75000000001,Current,DEBT_CONSOLIDATION
LN-508668,CUST-101427,2025-04-05,0,0,False,False,5818.85,Current,DEBT_CONSOLIDATION
LN-508669,CUST-107559,2025-04-05,0,0,False,False,114351.47499999999,Current,DEBT_CONSOLIDATION
LN-508670,CUST-100152,2025-04-05,0,0,False,False,26215.04500000001,Current,DEBT_CONSOLIDATION
LN-508671,CUST-102599,2025-04-05,0,0,False,False,9291.675000000001,Current,DEBT_CONSOLIDATION
LN-508672,CUST-107022,2025-04-05,0,0,False,False,30705.505000000005,Current,DEBT_CONSOLIDATION
LN-508673,CUST-107868,2025-04-05,0,0,False,False,3134.3524999999995,Current,DEBT_CONSOLIDATION
LN-508674,CUST-102057,2025-04-05,0,0,False,False,28074.270000000004,Current,DEBT_CONSOLIDATION
LN-508675,CUST-100642,2025-04-05,0,0,False,False,1324.6675000000002,Current,DEBT_CONSOLIDATION
LN-508676,CUST-105108,2025-04-05,0,0,False,False,78968.48999999995,Current,DEBT_CONSOLIDATION
LN-508677,CUST-100375,2025-04-05,0,0,False,False,45155.900000000016,Current,DEBT_CONSOLIDATION
LN-508678,CUST-106268,2025-04-05,0,0,False,False,44626.04,Current,DEBT_CONSOLIDATION
LN-508679,CUST-101636,2025-04-05,0,0,False,False,140041.12249999997,Current,DEBT_CONSOLIDATION
LN-508680,CUST-100820,2025-04-05,0,0,False,False,43362.5675,Current,DEBT_CONSOLIDATION
LN-508681,CUST-106949,2025-04-05,0,0,False,False,24862.925000000003,Current,DEBT_CONSOLIDATION
LN-508682,CUST-101604,2025-04-05,0,0,False,False,45239.12,Current,DEBT_CONSOLIDATION
LN-508683,CUST-100372,2025-04-05,0,0,False,False,5363.024999999995,Current,DEBT_CONSOLIDATION
LN-508684,CUST-103853,2025-04-05,0,0,False,False,17775.9,Current,DEBT_CONSOLIDATION
LN-508685,CUST-100612,2025-04-05,0,0,False,False,23338.544999999995,Current,DEBT_CONSOLIDATION
LN-508686,CUST-100658,2025-04-05,0,0,False,False,17242.20999999998,Current,DEBT_CONSOLIDATION
LN-508687,CUST-100927,2025-04-05,0,0,False,False,5931.240000000001,Current,DEBT_CONSOLIDATION
LN-508688,CUST-106982,2025-04-05,0,0,False,False,19341.47500000001,Current,DEBT_CONSOLIDATION
LN-508689,CUST-104595,2025-04-05,0,0,False,False,31149.502499999995,Current,DEBT_CONSOLIDATION
LN-508690,CUST-103386,2025-04-05,0,0,False,True,44843.21250000001,Current,DEBT_CONSOLIDATION
LN-508691,CUST-106173,2025-04-05,0,0,False,False,10235.7075,Current,DEBT_CONSOLIDATION
LN-508692,CUST-102927,2025-04-05,0,0,False,False,13878.945000000007,Current,DEBT_CONSOLIDATION
LN-508693,CUST-103974,2025-04-05,3,72,False,False,23076.9575,60-89,DEBT_CONSOLIDATION
LN-508694,CUST-101864,2025-04-05,0,0,False,False,26724.64,Current,DEBT_CONSOLIDATION
LN-508695,CUST-105889,2025-04-05,1,9,False,False,21125.74999999998,1-29,DEBT_CONSOLIDATION
LN-508696,CUST-103397,2025-04-05,0,0,False,False,36651.389999999985,Current,DEBT_CONSOLIDATION
LN-508697,CUST-103384,2025-04-05,0,0,False,False,36957.345,Current,DEBT_CONSOLIDATION
LN-508698,CUST-107688,2025-04-05,0,0,False,False,20146.29000000001,Current,DEBT_CONSOLIDATION
LN-508699,CUST-106993,2025-04-05,2,56,False,False,181849.00749999995,30-59,DEBT_CONSOLIDATION
LN-508700,CUST-105178,2025-04-05,0,0,False,False,145415.42,Current,DEBT_CONSOLIDATION
LN-508701,CUST-105227,2025-04-05,0,0,False,False,17972.86250000001,Current,DEBT_CONSOLIDATION
LN-508702,CUST-104009,2025-04-05,0,0,False,False,63549.420000000006,Current,DEBT_CONSOLIDATION
LN-508703,CUST-104220,2025-04-05,0,0,False,False,6182.282499999999,Current,DEBT_CONSOLIDATION
LN-508704,CUST-107315,2025-04-05,0,0,False,False,38621.86,Current,DEBT_CONSOLIDATION
LN-508706,CUST-101877,2025-04-05,0,0,False,False,16131.9,Current,DEBT_CONSOLIDATION
LN-508707,CUST-107819,2025-04-05,0,0,False,False,22791.0125,Current,DEBT_CONSOLIDATION
LN-508709,CUST-105651,2025-04-05,0,0,False,False,11308.149999999992,Current,DEBT_CONSOLIDATION
LN-508710,CUST-103026,2025-04-05,0,0,False,False,8601.955,Current,DEBT_CONSOLIDATION
LN-508711,CUST-102878,2025-04-05,0,0,False,False,11486.359999999999,Current,DEBT_CONSOLIDATION
LN-508712,CUST-102008,2025-04-05,0,0,False,False,18041.110000000008,Current,DEBT_CONSOLIDATION
LN-508713,CUST-101008,2025-04-05,0,0,False,False,344991.4575000002,Current,DEBT_CONSOLIDATION
LN-508714,CUST-102397,2025-04-05,1,24,False,False,12417.472499999993,1-29,DEBT_CONSOLIDATION
LN-508715,CUST-100203,2025-04-05,0,0,False,False,564019.7500000001,Current,DEBT_CONSOLIDATION
LN-508716,CUST-101143,2025-04-05,0,0,False,False,8932.829999999998,Current,DEBT_CONSOLIDATION
LN-508718,CUST-105689,2025-04-05,0,0,False,False,8561.052500000005,Current,DEBT_CONSOLIDATION
LN-508720,CUST-103733,2025-04-05,0,0,False,False,24468.02999999999,Current,DEBT_CONSOLIDATION
LN-508721,CUST-107981,2025-04-05,0,0,False,False,17469.550000000007,Current,DEBT_CONSOLIDATION
LN-508722,CUST-101282,2025-04-05,0,0,False,False,12610.975000000004,Current,DEBT_CONSOLIDATION
LN-508723,CUST-105973,2025-04-05,0,0,False,False,29545.19750000001,Current,DEBT_CONSOLIDATION
LN-508724,CUST-102195,2025-04-05,0,0,False,False,40278.240000000034,Current,DEBT_CONSOLIDATION
LN-508725,CUST-105138,2025-04-05,0,0,False,False,71212.83999999995,Current,DEBT_CONSOLIDATION
LN-508726,CUST-102149,2025-04-05,4,182,False,False,13105.8325,90+,DEBT_CONSOLIDATION
LN-508729,CUST-102969,2025-04-05,0,0,False,False,28915.224999999995,Current,DEBT_CONSOLIDATION
LN-508730,CUST-100682,2025-04-05,0,0,False,False,11619.950000000004,Current,DEBT_CONSOLIDATION
LN-508731,CUST-101497,2025-04-05,0,0,False,False,21217.05,Current,DEBT_CONSOLIDATION
LN-508732,CUST-102251,2025-04-05,0,0,False,False,71187.83000000007,Current,DEBT_CONSOLIDATION
LN-508733,CUST-107038,2025-04-05,0,0,False,False,26044.62,Current,DEBT_CONSOLIDATION
LN-508734,CUST-107193,2025-04-05,2,56,True,False,604365.5700000002,30-59,DEBT_CONSOLIDATION
LN-508735,CUST-105795,2025-04-05,0,0,False,False,39086.19999999999,Current,DEBT_CONSOLIDATION
LN-508737,CUST-101721,2025-04-05,0,0,False,False,7514.45,Current,DEBT_CONSOLIDATION
LN-508738,CUST-100824,2025-04-05,0,0,False,False,27028.694999999985,Current,DEBT_CONSOLIDATION
LN-508739,CUST-104659,2025-04-05,0,0,False,False,24654.600000000002,Current,DEBT_CONSOLIDATION
LN-508740,CUST-107491,2025-04-05,0,0,False,False,25050.019999999997,Current,DEBT_CONSOLIDATION
LN-508741,CUST-100178,2025-04-05,0,0,False,False,6657.389999999999,Current,DEBT_CONSOLIDATION
LN-508742,CUST-107230,2025-04-05,0,0,False,False,25211.96999999999,Current,DEBT_CONSOLIDATION
LN-508743,CUST-107688,2025-04-05,0,0,False,False,20718.479999999996,Current,DEBT_CONSOLIDATION
LN-508744,CUST-100466,2025-04-05,2,51,False,False,9315.82,30-59,DEBT_CONSOLIDATION
LN-508745,CUST-105188,2025-04-05,0,0,False,False,338464.97999999963,Current,DEBT_CONSOLIDATION
LN-508747,CUST-103460,2025-04-05,0,0,False,False,8145.06,Current,DEBT_CONSOLIDATION
LN-508748,CUST-101264,2025-04-05,0,0,False,False,13558.6925,Current,DEBT_CONSOLIDATION
LN-508749,CUST-106594,2025-04-05,0,0,False,False,33454.162500000006,Current,DEBT_CONSOLIDATION
LN-508750,CUST-100955,2025-04-05,0,0,False,False,12916.724999999999,Current,DEBT_CONSOLIDATION
LN-508751,CUST-103366,2025-04-05,0,0,False,False,13673.929999999998,Current,DEBT_CONSOLIDATION
LN-508752,CUST-104055,2025-04-05,0,0,False,False,2035.402499999999,Current,DEBT_CONSOLIDATION
LN-508753,CUST-103244,2025-04-05,0,0,False,False,50384.6,Current,DEBT_CONSOLIDATION
LN-508754,CUST-100030,2025-04-05,0,0,False,False,45386.46,Current,DEBT_CONSOLIDATION
LN-508755,CUST-101866,2025-04-05,1,14,False,False,11356.260000000006,1-29,DEBT_CONSOLIDATION
LN-508756,CUST-101727,2025-04-05,0,0,False,False,8150.2699999999995,Current,DEBT_CONSOLIDATION
LN-508758,CUST-106242,2025-04-05,0,0,False,False,24509.230000000014,Current,DEBT_CONSOLIDATION
LN-508759,CUST-103242,2025-04-05,0,0,False,False,10626.254999999997,Current,DEBT_CONSOLIDATION
LN-508760,CUST-102173,2025-04-05,0,0,False,False,34913.68499999997,Current,DEBT_CONSOLIDATION
LN-508761,CUST-107161,2025-04-05,0,0,False,False,48514.66,Current,DEBT_CONSOLIDATION
LN-508762,CUST-104165,2025-04-05,0,0,False,False,11438.18,Current,DEBT_CONSOLIDATION
LN-508763,CUST-100713,2025-04-05,0,0,False,False,8504.049999999996,Current,DEBT_CONSOLIDATION
LN-508765,CUST-105948,2025-04-05,0,0,False,False,21464.187500000004,Current,DEBT_CONSOLIDATION
LN-508766,CUST-105968,2025-04-05,0,0,False,False,7502.062500000002,Current,DEBT_CONSOLIDATION
LN-508767,CUST-105956,2025-04-05,0,0,False,False,2645.2450000000003,Current,DEBT_CONSOLIDATION
LN-508768,CUST-102522,2025-04-05,3,62,False,False,17893.087499999998,60-89,DEBT_CONSOLIDATION
LN-508769,CUST-107995,2025-04-05,0,0,False,False,5132.360000000001,Current,DEBT_CONSOLIDATION
LN-508770,CUST-101528,2025-04-05,0,0,False,False,37984.540000000015,Current,DEBT_CONSOLIDATION
LN-508771,CUST-101957,2025-04-05,0,0,False,False,27420.42000000001,Current,DEBT_CONSOLIDATION
LN-508772,CUST-106653,2025-04-05,0,0,False,False,29871.21000000002,Current,DEBT_CONSOLIDATION
LN-508773,CUST-103043,2025-04-05,0,0,False,False,11910.58,Current,DEBT_CONSOLIDATION
LN-508774,CUST-106112,2025-04-05,0,0,False,False,21155.482500000013,Current,DEBT_CONSOLIDATION
LN-508775,CUST-100066,2025-04-05,0,0,False,False,30773.199999999993,Current,DEBT_CONSOLIDATION
LN-508776,CUST-105730,2025-04-05,0,0,False,False,37175.50499999995,Current,DEBT_CONSOLIDATION
LN-508777,CUST-106934,2025-04-05,0,0,False,False,2837.5899999999997,Current,DEBT_CONSOLIDATION
LN-508778,CUST-104759,2025-04-05,0,0,False,False,15653.230000000009,Current,DEBT_CONSOLIDATION
LN-508779,CUST-107936,2025-04-05,0,0,False,False,33534.41749999999,Current,DEBT_CONSOLIDATION
LN-508780,CUST-107972,2025-04-05,0,0,False,False,47626.094999999994,Current,DEBT_CONSOLIDATION
LN-508781,CUST-103776,2025-04-05,0,0,False,False,15552.250000000002,Current,DEBT_CONSOLIDATION
LN-508782,CUST-105177,2025-04-05,0,0,False,False,8325.317500000003,Current,DEBT_CONSOLIDATION
LN-508783,CUST-107377,2025-04-05,0,0,False,False,28680.530000000002,Current,DEBT_CONSOLIDATION
LN-508784,CUST-102474,2025-04-05,0,0,False,False,3631.5499999999984,Current,DEBT_CONSOLIDATION
LN-508785,CUST-104660,2025-04-05,0,0,False,False,2420.894999999999,Current,DEBT_CONSOLIDATION
LN-508787,CUST-104348,2025-04-05,0,0,False,False,29598.47249999999,Current,DEBT_CONSOLIDATION
LN-508788,CUST-104311,2025-04-05,0,0,False,False,40629.43,Current,DEBT_CONSOLIDATION
LN-508789,CUST-106800,2025-04-05,3,81,False,False,11322.79,60-89,DEBT_CONSOLIDATION
LN-508790,CUST-107702,2025-04-05,0,0,False,False,40849.81999999998,Current,DEBT_CONSOLIDATION
LN-508791,CUST-103137,2025-04-05,0,0,False,False,9610.03,Current,DEBT_CONSOLIDATION
LN-508792,CUST-101082,2025-04-05,0,0,False,False,49171.9925,Current,DEBT_CONSOLIDATION
LN-508794,CUST-102857,2025-04-05,0,0,False,False,29476.935000000012,Current,DEBT_CONSOLIDATION
LN-508797,CUST-104874,2025-04-05,0,0,False,False,1488.97,Current,DEBT_CONSOLIDATION
LN-508799,CUST-103679,2025-04-05,0,0,False,False,49067.13749999999,Current,DEBT_CONSOLIDATION
LN-508800,CUST-107464,2025-04-05,0,0,False,False,583136.0499999996,Current,DEBT_CONSOLIDATION
LN-508801,CUST-104919,2025-04-05,0,0,False,False,10652.414999999994,Current,DEBT_CONSOLIDATION
LN-508803,CUST-105917,2025-04-05,0,0,False,False,21021.9,Current,DEBT_CONSOLIDATION
LN-508804,CUST-103857,2025-04-05,1,30,False,False,30962.98,1-29,DEBT_CONSOLIDATION
LN-508805,CUST-103270,2025-04-05,0,0,False,False,31389.744999999995,Current,DEBT_CONSOLIDATION
LN-508806,CUST-107954,2025-04-05,0,0,False,False,46877.712499999965,Current,DEBT_CONSOLIDATION
LN-508807,CUST-104676,2025-04-05,0,0,False,False,11005.279999999995,Current,DEBT_CONSOLIDATION
LN-508808,CUST-103566,2025-04-05,1,5,False,False,38416.315000000046,1-29,DEBT_CONSOLIDATION
LN-508809,CUST-100369,2025-04-05,0,0,False,False,8693.02499999999,Current,DEBT_CONSOLIDATION
LN-508810,CUST-106299,2025-04-05,0,0,False,False,20831.505,Current,DEBT_CONSOLIDATION
LN-508811,CUST-103731,2025-04-05,0,0,False,False,50624.955,Current,DEBT_CONSOLIDATION
LN-508812,CUST-100075,2025-04-05,0,0,False,False,5114.460000000002,Current,DEBT_CONSOLIDATION
LN-508813,CUST-103504,2025-04-05,0,0,False,False,32755.07,Current,DEBT_CONSOLIDATION
LN-508814,CUST-103178,2025-04-05,0,0,False,False,22778.915,Current,DEBT_CONSOLIDATION
LN-508815,CUST-107810,2025-04-05,0,0,True,False,7296.485000000001,Current,DEBT_CONSOLIDATION
LN-508816,CUST-104739,2025-04-05,0,0,False,False,10791.684999999992,Current,DEBT_CONSOLIDATION
LN-508817,CUST-101213,2025-04-05,0,0,False,False,6931.660000000001,Current,DEBT_CONSOLIDATION
LN-508818,CUST-102589,2025-04-05,0,0,False,False,11260.960000000006,Current,DEBT_CONSOLIDATION
LN-508819,CUST-102552,2025-04-05,0,0,False,False,43866.22,Current,DEBT_CONSOLIDATION
LN-508821,CUST-101495,2025-04-05,0,0,False,False,5695.4725,Current,DEBT_CONSOLIDATION
LN-508822,CUST-104620,2025-04-05,0,0,False,False,15076.509999999997,Current,DEBT_CONSOLIDATION
LN-508823,CUST-104198,2025-04-05,0,0,False,False,14556.470000000003,Current,DEBT_CONSOLIDATION
LN-508824,CUST-106546,2025-04-05,0,0,False,False,19586.250000000004,Current,DEBT_CONSOLIDATION
LN-508825,CUST-106527,2025-04-05,0,0,False,False,12411.540000000005,Current,DEBT_CONSOLIDATION
LN-508826,CUST-107382,2025-04-05,1,28,False,False,7079.94,1-29,DEBT_CONSOLIDATION
LN-508827,CUST-101417,2025-04-05,0,0,False,False,29321.0075,Current,DEBT_CONSOLIDATION
LN-508828,CUST-107370,2025-04-05,0,0,False,False,85480.81,Current,DEBT_CONSOLIDATION
LN-508829,CUST-107333,2025-04-05,0,0,False,False,29191.3525,Current,DEBT_CONSOLIDATION
LN-508830,CUST-106412,2025-04-05,0,0,False,False,19968.677499999998,Current,DEBT_CONSOLIDATION
LN-508833,CUST-102946,2025-04-05,0,0,False,False,16418.42750000001,Current,DEBT_CONSOLIDATION
LN-508835,CUST-104856,2025-04-05,0,0,False,False,23188.780000000006,Current,DEBT_CONSOLIDATION
LN-508836,CUST-106500,2025-04-05,0,0,False,False,13477.33,Current,DEBT_CONSOLIDATION
LN-508837,CUST-101961,2025-04-05,0,0,False,False,26015.1375,Current,DEBT_CONSOLIDATION
LN-508838,CUST-103343,2025-04-05,0,0,False,False,25631.24750000001,Current,DEBT_CONSOLIDATION
LN-508839,CUST-106942,2025-04-05,0,0,False,False,279391.54000000027,Current,DEBT_CONSOLIDATION
LN-508840,CUST-102488,2025-04-05,0,0,False,False,40627.57500000001,Current,DEBT_CONSOLIDATION
LN-508841,CUST-106949,2025-04-05,0,0,False,False,8335.339999999993,Current,DEBT_CONSOLIDATION
LN-508843,CUST-101472,2025-04-05,0,0,False,False,6576.5525,Current,DEBT_CONSOLIDATION
LN-508844,CUST-106970,2025-04-05,0,0,False,False,17308.429999999993,Current,DEBT_CONSOLIDATION
LN-508845,CUST-103529,2025-04-05,0,0,False,False,11842.2825,Current,DEBT_CONSOLIDATION
LN-508848,CUST-107619,2025-04-05,0,0,False,False,131473.18999999997,Current,DEBT_CONSOLIDATION
LN-508849,CUST-102157,2025-04-05,0,0,False,False,51094.13000000001,Current,DEBT_CONSOLIDATION
LN-508850,CUST-101357,2025-04-05,0,0,False,False,16753.67000000001,Current,DEBT_CONSOLIDATION
LN-508851,CUST-103194,2025-04-05,0,0,False,False,24400.087499999998,Current,DEBT_CONSOLIDATION
LN-508852,CUST-103505,2025-04-05,0,0,False,False,43862.88000000001,Current,DEBT_CONSOLIDATION
LN-508853,CUST-100146,2025-04-05,0,0,False,False,56671.490000000005,Current,DEBT_CONSOLIDATION
LN-508854,CUST-107952,2025-04-05,0,0,False,False,36106.57000000004,Current,DEBT_CONSOLIDATION
LN-508855,CUST-103445,2025-04-05,0,0,False,False,9200.765000000003,Current,DEBT_CONSOLIDATION
LN-508856,CUST-107565,2025-04-05,0,0,False,False,39085.16500000001,Current,DEBT_CONSOLIDATION
LN-508858,CUST-104054,2025-04-05,0,0,False,False,49350.995,Current,DEBT_CONSOLIDATION
LN-508859,CUST-107615,2025-04-05,0,0,False,False,44252.850000000035,Current,DEBT_CONSOLIDATION
LN-508860,CUST-107392,2025-04-05,0,0,False,False,48079.02,Current,DEBT_CONSOLIDATION
LN-508861,CUST-104783,2025-04-05,0,0,False,False,8779.862499999994,Current,DEBT_CONSOLIDATION
LN-508862,CUST-104717,2025-04-05,0,0,False,False,46484.08000000003,Current,DEBT_CONSOLIDATION
LN-508863,CUST-102133,2025-04-05,0,0,False,False,17939.54,Current,DEBT_CONSOLIDATION
LN-508865,CUST-103473,2025-04-05,0,0,False,False,10560.140000000007,Current,DEBT_CONSOLIDATION
LN-508866,CUST-105229,2025-04-05,0,0,False,False,36281.39999999999,Current,DEBT_CONSOLIDATION
LN-508868,CUST-105579,2025-04-05,0,0,False,False,47727.892500000016,Current,DEBT_CONSOLIDATION
LN-508869,CUST-104139,2025-04-05,0,0,False,False,129359.57,Current,DEBT_CONSOLIDATION
LN-508870,CUST-105333,2025-04-05,0,0,False,False,3760.992500000002,Current,DEBT_CONSOLIDATION
LN-508871,CUST-105240,2025-04-05,0,0,False,False,11963.21,Current,DEBT_CONSOLIDATION
LN-508873,CUST-103334,2025-04-05,0,0,False,False,4758.465,Current,DEBT_CONSOLIDATION
LN-508874,CUST-103609,2025-04-05,0,0,False,False,2828.7599999999975,Current,DEBT_CONSOLIDATION
LN-508875,CUST-104343,2025-04-05,0,0,False,False,7743.889999999999,Current,DEBT_CONSOLIDATION
LN-508876,CUST-106653,2025-04-05,0,0,False,False,7078.190000000002,Current,DEBT_CONSOLIDATION
LN-508877,CUST-102846,2025-04-05,0,0,False,False,4571.657500000002,Current,DEBT_CONSOLIDATION
LN-508878,CUST-101887,2025-04-05,0,0,False,False,53664.33,Current,DEBT_CONSOLIDATION
LN-508880,CUST-100414,2025-04-05,0,0,False,False,13226.825,Current,DEBT_CONSOLIDATION
LN-508881,CUST-106210,2025-04-05,0,0,False,False,15501.497500000001,Current,DEBT_CONSOLIDATION
LN-508882,CUST-104202,2025-04-05,0,0,False,False,10500.24,Current,DEBT_CONSOLIDATION
LN-508883,CUST-102956,2025-04-05,0,0,False,False,21680.78999999999,Current,DEBT_CONSOLIDATION
LN-508884,CUST-101992,2025-04-05,0,0,False,False,52673.47,Current,DEBT_CONSOLIDATION
LN-508886,CUST-104321,2025-04-05,0,0,False,False,26768.83500000001,Current,DEBT_CONSOLIDATION
LN-508887,CUST-104544,2025-04-05,0,0,False,False,10675.610000000006,Current,DEBT_CONSOLIDATION
LN-508888,CUST-100963,2025-04-05,0,0,False,False,46326.49000000004,Current,DEBT_CONSOLIDATION
LN-508889,CUST-104423,2025-04-05,0,0,False,False,2893.752499999999,Current,DEBT_CONSOLIDATION
LN-508890,CUST-104547,2025-04-05,0,0,False,False,20039.4975,Current,DEBT_CONSOLIDATION
LN-508891,CUST-100264,2025-04-05,0,0,False,False,83146.11,Current,DEBT_CONSOLIDATION
LN-508892,CUST-106425,2025-04-05,0,0,False,False,30479.237499999996,Current,DEBT_CONSOLIDATION
LN-508893,CUST-107019,2025-04-05,0,0,False,False,19971.744999999995,Current,DEBT_CONSOLIDATION
LN-508894,CUST-104744,2025-04-05,0,0,False,False,13888.21,Current,DEBT_CONSOLIDATION
LN-508895,CUST-105150,2025-04-05,0,0,False,False,9008.89000000001,Current,DEBT_CONSOLIDATION
LN-508896,CUST-102914,2025-04-05,0,0,False,False,18798.02999999999,Current,DEBT_CONSOLIDATION
LN-508897,CUST-104679,2025-04-05,0,0,False,False,29148.18,Current,DEBT_CONSOLIDATION
LN-508898,CUST-106645,2025-04-05,0,0,False,False,10838.149999999998,Current,DEBT_CONSOLIDATION
LN-508899,CUST-107185,2025-04-05,0,0,False,False,23469.53999999998,Current,DEBT_CONSOLIDATION
LN-508900,CUST-103787,2025-04-05,0,0,False,False,14091.519999999997,Current,DEBT_CONSOLIDATION
LN-508901,CUST-100670,2025-04-05,0,0,False,False,43921.51,Current,DEBT_CONSOLIDATION
LN-508902,CUST-106150,2025-04-05,0,0,False,False,40700.92999999998,Current,DEBT_CONSOLIDATION
LN-508903,CUST-105707,2025-04-05,0,0,False,False,95637.51750000005,Current,DEBT_CONSOLIDATION
LN-508904,CUST-103095,2025-04-05,0,0,False,False,37598.54000000004,Current,DEBT_CONSOLIDATION
LN-508905,CUST-104607,2025-04-05,0,0,False,False,44223.35000000001,Current,DEBT_CONSOLIDATION
LN-508906,CUST-101660,2025-04-05,0,0,False,False,40503.73,Current,DEBT_CONSOLIDATION
LN-508907,CUST-107811,2025-04-05,0,0,False,False,16435.987499999996,Current,DEBT_CONSOLIDATION
LN-508908,CUST-101272,2025-04-05,0,0,False,False,22935.224999999995,Current,DEBT_CONSOLIDATION
LN-508909,CUST-106304,2025-04-05,0,0,False,False,8589.680000000006,Current,DEBT_CONSOLIDATION
LN-508910,CUST-107369,2025-04-05,1,22,False,False,14331.154999999999,1-29,DEBT_CONSOLIDATION
LN-508911,CUST-101137,2025-04-05,0,0,False,False,2979.94,Current,DEBT_CONSOLIDATION
LN-508913,CUST-104490,2025-04-05,0,0,False,False,14451.267499999996,Current,DEBT_CONSOLIDATION
LN-508914,CUST-104933,2025-04-05,0,0,False,False,33084.79000000001,Current,DEBT_CONSOLIDATION
LN-508915,CUST-100690,2025-04-05,0,0,False,False,16616.52000000002,Current,DEBT_CONSOLIDATION
LN-508916,CUST-102888,2025-04-05,0,0,False,False,20502.39,Current,DEBT_CONSOLIDATION
LN-508917,CUST-103081,2025-04-05,0,0,False,False,16578.242499999993,Current,DEBT_CONSOLIDATION
LN-508918,CUST-101941,2025-04-05,0,0,False,False,105821.29000000001,Current,DEBT_CONSOLIDATION
LN-508919,CUST-101076,2025-04-05,0,0,False,False,10737.535,Current,DEBT_CONSOLIDATION
LN-508920,CUST-107673,2025-04-05,0,0,False,False,40698.415,Current,DEBT_CONSOLIDATION
LN-508921,CUST-100007,2025-04-05,0,0,False,False,10003.259999999995,Current,DEBT_CONSOLIDATION
LN-508922,CUST-104913,2025-04-05,0,0,False,False,7405.600000000001,Current,DEBT_CONSOLIDATION
LN-508923,CUST-105766,2025-04-05,0,0,False,False,10842.627499999999,Current,DEBT_CONSOLIDATION
LN-508924,CUST-104555,2025-04-05,0,0,False,False,38267.2,Current,DEBT_CONSOLIDATION
LN-508925,CUST-102196,2025-04-05,0,0,False,False,15476.740000000007,Current,DEBT_CONSOLIDATION
LN-508926,CUST-105228,2025-04-05,0,0,False,False,14633.92,Current,DEBT_CONSOLIDATION
LN-508927,CUST-106172,2025-04-05,0,0,False,False,244392.2050000001,Current,DEBT_CONSOLIDATION
LN-508928,CUST-104858,2025-04-05,0,0,False,False,23572.45999999999,Current,DEBT_CONSOLIDATION
LN-508929,CUST-101311,2025-04-05,0,0,False,False,23204.049999999996,Current,DEBT_CONSOLIDATION
LN-508930,CUST-100293,2025-04-05,0,0,False,False,27637.690000000017,Current,DEBT_CONSOLIDATION
LN-508931,CUST-104534,2025-04-05,0,0,False,False,16633.98,Current,DEBT_CONSOLIDATION
LN-508932,CUST-100639,2025-04-05,0,0,False,False,45699.35999999999,Current,DEBT_CONSOLIDATION
LN-508934,CUST-105080,2025-04-05,0,0,False,False,51798.195,Current,DEBT_CONSOLIDATION
LN-508935,CUST-103525,2025-04-05,0,0,False,False,46109.19000000001,Current,DEBT_CONSOLIDATION
LN-508936,CUST-107383,2025-04-05,0,0,False,False,23121.33,Current,DEBT_CONSOLIDATION
LN-508937,CUST-101454,2025-04-05,0,0,False,False,15810.817500000008,Current,DEBT_CONSOLIDATION
LN-508938,CUST-102732,2025-04-05,0,0,False,False,10508.245000000003,Current,DEBT_CONSOLIDATION
LN-508939,CUST-101413,2025-04-05,0,0,False,False,7052.880000000001,Current,DEBT_CONSOLIDATION
LN-508940,CUST-105769,2025-04-05,0,0,False,False,40465.435,Current,DEBT_CONSOLIDATION
LN-508942,CUST-101042,2025-04-05,0,0,False,False,33256.755000000005,Current,DEBT_CONSOLIDATION
LN-508943,CUST-106640,2025-04-05,0,0,False,False,4855.597500000003,Current,DEBT_CONSOLIDATION
LN-508944,CUST-101070,2025-04-05,4,204,False,False,17742.654999999995,90+,DEBT_CONSOLIDATION
LN-508945,CUST-107376,2025-04-05,0,0,False,False,32947.41,Current,DEBT_CONSOLIDATION
LN-508946,CUST-106888,2025-04-05,0,0,False,False,9981.415000000006,Current,DEBT_CONSOLIDATION
LN-508947,CUST-103716,2025-04-05,0,0,False,False,21520.500000000004,Current,DEBT_CONSOLIDATION
LN-508949,CUST-103919,2025-04-05,0,0,False,False,15767.672500000008,Current,DEBT_CONSOLIDATION
LN-508950,CUST-101793,2025-04-05,0,0,False,False,29811.617499999993,Current,DEBT_CONSOLIDATION
LN-508952,CUST-104038,2025-04-05,0,0,False,False,3950.789999999999,Current,DEBT_CONSOLIDATION
LN-508953,CUST-100439,2025-04-05,0,0,False,False,25161.21,Current,DEBT_CONSOLIDATION
LN-508954,CUST-106065,2025-04-05,0,0,False,False,10988.099999999997,Current,DEBT_CONSOLIDATION
LN-508956,CUST-101476,2025-04-05,0,0,False,False,24145.62999999999,Current,DEBT_CONSOLIDATION
LN-508957,CUST-103766,2025-04-05,0,0,False,False,11826.87499999999,Current,DEBT_CONSOLIDATION
LN-508960,CUST-103027,2025-04-05,0,0,False,False,31064.17499999998,Current,DEBT_CONSOLIDATION
LN-508961,CUST-107885,2025-04-05,0,0,False,False,5257.455000000002,Current,DEBT_CONSOLIDATION
LN-508962,CUST-107643,2025-04-05,1,22,False,False,14858.250000000004,1-29,DEBT_CONSOLIDATION
LN-508963,CUST-103291,2025-04-05,0,0,False,False,7759.085000000001,Current,DEBT_CONSOLIDATION
LN-508964,CUST-102459,2025-04-05,0,0,False,False,121008.48,Current,DEBT_CONSOLIDATION
LN-508965,CUST-105475,2025-04-05,0,0,False,False,11824.619999999999,Current,DEBT_CONSOLIDATION
LN-508966,CUST-105167,2025-04-05,0,0,False,False,26899.22,Current,DEBT_CONSOLIDATION
LN-508967,CUST-102239,2025-04-05,0,0,False,False,12082.425000000005,Current,DEBT_CONSOLIDATION
LN-508968,CUST-105631,2025-04-05,0,0,False,False,8521.905000000008,Current,DEBT_CONSOLIDATION
LN-508969,CUST-103628,2025-04-05,0,0,False,False,11972.28,Current,DEBT_CONSOLIDATION
LN-508970,CUST-101780,2025-04-05,0,0,False,False,14560.085,Current,DEBT_CONSOLIDATION
LN-508971,CUST-104750,2025-04-05,0,0,False,False,27512.28,Current,DEBT_CONSOLIDATION
LN-508972,CUST-101871,2025-04-05,0,0,False,False,15344.564999999999,Current,DEBT_CONSOLIDATION
LN-508973,CUST-100266,2025-04-05,0,0,False,False,18535.660000000003,Current,DEBT_CONSOLIDATION
LN-508974,CUST-105927,2025-04-05,0,0,False,False,8279.424999999997,Current,DEBT_CONSOLIDATION
LN-508975,CUST-105256,2025-04-05,0,0,False,False,26470.335000000006,Current,DEBT_CONSOLIDATION
LN-508976,CUST-107651,2025-04-05,0,0,False,False,3366.6499999999996,Current,DEBT_CONSOLIDATION
LN-508977,CUST-106835,2025-04-05,0,0,False,False,11693.287500000002,Current,DEBT_CONSOLIDATION
LN-508978,CUST-101803,2025-04-05,0,0,False,False,21398.560000000005,Current,DEBT_CONSOLIDATION
LN-508980,CUST-106452,2025-04-05,0,0,False,False,21647.740000000005,Current,DEBT_CONSOLIDATION
LN-508982,CUST-104893,2025-04-05,0,0,False,False,16224.919999999998,Current,DEBT_CONSOLIDATION
LN-508983,CUST-103115,2025-04-05,0,0,False,False,11960.554999999998,Current,DEBT_CONSOLIDATION
LN-508984,CUST-103356,2025-04-05,0,0,False,False,33465.9425,Current,DEBT_CONSOLIDATION
LN-508985,CUST-105407,2025-04-05,0,0,False,False,10641.570000000003,Current,DEBT_CONSOLIDATION
LN-508986,CUST-107672,2025-04-05,0,0,False,False,187717.90499999997,Current,DEBT_CONSOLIDATION
LN-508988,CUST-102274,2025-04-05,1,17,False,False,7205.140000000003,1-29,DEBT_CONSOLIDATION
LN-508989,CUST-101423,2025-04-05,0,0,False,False,29879.250000000004,Current,DEBT_CONSOLIDATION
LN-508990,CUST-100343,2025-04-05,0,0,False,False,29446.024999999998,Current,DEBT_CONSOLIDATION
LN-508991,CUST-105512,2025-04-05,0,0,False,False,19410.832499999993,Current,DEBT_CONSOLIDATION
LN-508992,CUST-101768,2025-04-05,0,0,False,False,38300.95,Current,DEBT_CONSOLIDATION
LN-508993,CUST-104811,2025-04-05,0,0,True,False,30037.99,Current,DEBT_CONSOLIDATION
LN-508994,CUST-100263,2025-04-05,0,0,False,False,24761.42,Current,DEBT_CONSOLIDATION
LN-508995,CUST-102809,2025-04-05,0,0,False,False,8553.69000000001,Current,DEBT_CONSOLIDATION
LN-508996,CUST-100798,2025-04-05,0,0,False,False,8843.68,Current,DEBT_CONSOLIDATION
LN-508997,CUST-102754,2025-04-05,1,25,False,False,27296.744999999995,1-29,DEBT_CONSOLIDATION
LN-508998,CUST-104808,2025-04-05,0,0,False,False,44573.18,Current,DEBT_CONSOLIDATION
LN-508999,CUST-101890,2025-04-05,0,0,False,False,22014.33,Current,DEBT_CONSOLIDATION
LN-509000,CUST-102506,2025-04-05,2,56,False,False,21549.0825,30-59,DEBT_CONSOLIDATION
LN-509001,CUST-106393,2025-04-05,0,0,False,False,19778.424999999996,Current,DEBT_CONSOLIDATION
LN-509002,CUST-107779,2025-04-05,0,0,False,False,10879.83,Current,DEBT_CONSOLIDATION
LN-509003,CUST-100592,2025-04-05,0,0,False,False,7073.0725,Current,DEBT_CONSOLIDATION
LN-509004,CUST-104019,2025-04-05,0,0,False,False,10692.689999999995,Current,DEBT_CONSOLIDATION
LN-509005,CUST-100549,2025-04-05,0,0,False,False,10565.367499999998,Current,DEBT_CONSOLIDATION
LN-509006,CUST-105285,2025-04-05,0,0,False,False,42289.90999999999,Current,DEBT_CONSOLIDATION
LN-509007,CUST-105792,2025-04-05,0,0,False,False,28262.12250000001,Current,DEBT_CONSOLIDATION
LN-509008,CUST-107320,2025-04-05,0,0,False,False,99999.81999999998,Current,DEBT_CONSOLIDATION
LN-509009,CUST-103685,2025-04-05,0,0,False,False,26619.14,Current,DEBT_CONSOLIDATION
LN-509010,CUST-106427,2025-04-05,0,0,False,False,43311.42,Current,DEBT_CONSOLIDATION
LN-509011,CUST-107237,2025-04-05,0,0,False,False,15668.73000000001,Current,DEBT_CONSOLIDATION
LN-509012,CUST-101957,2025-04-05,0,0,False,False,899.19,Current,DEBT_CONSOLIDATION
LN-509013,CUST-101042,2025-04-05,0,0,False,False,3451.2699999999995,Current,DEBT_CONSOLIDATION
LN-509014,CUST-107263,2025-04-05,0,0,False,False,32287.194999999974,Current,DEBT_CONSOLIDATION
LN-509015,CUST-103423,2025-04-05,0,0,False,False,10444.369999999999,Current,DEBT_CONSOLIDATION
LN-509016,CUST-106950,2025-04-05,0,0,False,False,41011.70999999999,Current,DEBT_CONSOLIDATION
LN-509017,CUST-104313,2025-04-05,0,0,False,False,22080.029999999995,Current,DEBT_CONSOLIDATION
LN-509018,CUST-107267,2025-04-05,0,0,False,False,29641.699999999997,Current,DEBT_CONSOLIDATION
LN-509019,CUST-100802,2025-04-05,0,0,False,False,20063.175,Current,DEBT_CONSOLIDATION
LN-509020,CUST-106727,2025-04-05,0,0,False,False,46213.80999999999,Current,DEBT_CONSOLIDATION
LN-509021,CUST-102769,2025-04-05,0,0,False,False,52694.69749999997,Current,DEBT_CONSOLIDATION
LN-509022,CUST-107257,2025-04-05,0,0,False,False,14886.555000000013,Current,DEBT_CONSOLIDATION
LN-509023,CUST-101743,2025-04-05,0,0,False,False,36519.25000000003,Current,DEBT_CONSOLIDATION
LN-509024,CUST-103120,2025-04-05,0,0,False,False,7469.779999999999,Current,DEBT_CONSOLIDATION
LN-509025,CUST-102821,2025-04-05,0,0,False,False,1636.0199999999986,Current,DEBT_CONSOLIDATION
LN-509026,CUST-102482,2025-04-05,0,0,False,False,46153.1375,Current,DEBT_CONSOLIDATION
LN-509027,CUST-104276,2025-04-05,0,0,False,False,2487.955,Current,DEBT_CONSOLIDATION
LN-509028,CUST-107738,2025-04-05,0,0,False,False,37429.05,Current,DEBT_CONSOLIDATION
LN-509029,CUST-104978,2025-04-05,0,0,False,False,10433.640000000003,Current,DEBT_CONSOLIDATION
LN-509030,CUST-101123,2025-04-05,0,0,False,False,1698.3875000000005,Current,DEBT_CONSOLIDATION
LN-509031,CUST-107644,2025-04-05,0,0,False,False,2361.9575000000004,Current,DEBT_CONSOLIDATION
LN-509032,CUST-106214,2025-04-05,0,0,False,False,38054.18,Current,DEBT_CONSOLIDATION
LN-509033,CUST-103581,2025-04-05,0,0,False,False,17010.480000000007,Current,DEBT_CONSOLIDATION
LN-509036,CUST-104363,2025-04-05,0,0,False,False,118498.0,Current,DEBT_CONSOLIDATION
LN-509037,CUST-102728,2025-04-05,0,0,False,False,24491.199999999993,Current,DEBT_CONSOLIDATION
LN-509038,CUST-101854,2025-04-05,0,0,False,False,21032.709999999992,Current,DEBT_CONSOLIDATION
LN-509040,CUST-104830,2025-04-05,0,0,False,False,25060.6325,Current,DEBT_CONSOLIDATION
LN-509041,CUST-104508,2025-04-05,0,0,False,False,18501.692500000012,Current,DEBT_CONSOLIDATION
LN-509042,CUST-100172,2025-04-05,0,0,False,False,13141.614999999998,Current,DEBT_CONSOLIDATION
LN-509043,CUST-100801,2025-04-05,0,0,False,False,15979.47,Current,DEBT_CONSOLIDATION
LN-509044,CUST-106693,2025-04-05,0,0,False,False,25425.38000000001,Current,DEBT_CONSOLIDATION
LN-509045,CUST-100569,2025-04-05,0,0,False,False,21685.1125,Current,DEBT_CONSOLIDATION
LN-509047,CUST-102663,2025-04-05,0,0,False,False,43344.73000000003,Current,DEBT_CONSOLIDATION
LN-509048,CUST-103855,2025-04-05,2,40,False,False,207451.51000000004,30-59,DEBT_CONSOLIDATION
LN-509049,CUST-101560,2025-04-05,0,0,False,False,32119.77999999999,Current,DEBT_CONSOLIDATION
LN-509050,CUST-103102,2025-04-05,4,198,False,False,18549.225,90+,DEBT_CONSOLIDATION
LN-509051,CUST-103316,2025-04-05,0,0,False,False,19443.699999999993,Current,DEBT_CONSOLIDATION
LN-509052,CUST-106258,2025-04-05,0,0,False,False,359944.13250000024,Current,DEBT_CONSOLIDATION
LN-509053,CUST-107432,2025-04-05,0,0,False,False,28167.270000000004,Current,DEBT_CONSOLIDATION
LN-509054,CUST-103886,2025-04-05,0,0,False,False,18821.989999999998,Current,DEBT_CONSOLIDATION
LN-509055,CUST-105090,2025-04-05,0,0,False,False,10633.57,Current,DEBT_CONSOLIDATION
LN-509056,CUST-102771,2025-04-05,0,0,False,False,30380.705,Current,DEBT_CONSOLIDATION
LN-509058,CUST-106354,2025-04-05,2,33,False,False,28610.460000000003,30-59,DEBT_CONSOLIDATION
LN-509060,CUST-106899,2025-04-05,0,0,False,False,15397.130000000008,Current,DEBT_CONSOLIDATION
LN-509061,CUST-101991,2025-04-05,0,0,False,False,1036.7900000000002,Current,DEBT_CONSOLIDATION
LN-509062,CUST-104674,2025-04-05,0,0,False,False,29840.83500000002,Current,DEBT_CONSOLIDATION
LN-509063,CUST-101870,2025-04-05,4,139,False,False,19947.10249999999,90+,DEBT_CONSOLIDATION
LN-509064,CUST-107696,2025-04-05,0,0,False,False,23593.20999999999,Current,DEBT_CONSOLIDATION
LN-509065,CUST-104281,2025-04-05,0,0,False,False,10151.519999999999,Current,DEBT_CONSOLIDATION
LN-509066,CUST-104566,2025-04-05,0,0,False,False,12289.984999999993,Current,DEBT_CONSOLIDATION
LN-509067,CUST-106844,2025-04-05,0,0,False,False,26864.582499999982,Current,DEBT_CONSOLIDATION
LN-509068,CUST-100831,2025-04-05,0,0,False,False,123451.75000000001,Current,DEBT_CONSOLIDATION
LN-509069,CUST-105355,2025-04-05,0,0,False,False,3404.319999999999,Current,DEBT_CONSOLIDATION
LN-509070,CUST-100780,2025-04-05,0,0,False,False,8192.75,Current,DEBT_CONSOLIDATION
LN-509071,CUST-101182,2025-04-05,0,0,False,False,41214.5,Current,DEBT_CONSOLIDATION
LN-509072,CUST-101023,2025-04-05,0,0,False,False,5622.737500000003,Current,DEBT_CONSOLIDATION
LN-509074,CUST-107124,2025-04-05,0,0,False,False,17311.159999999996,Current,DEBT_CONSOLIDATION
LN-509075,CUST-102647,2025-04-05,0,0,False,False,38433.175,Current,DEBT_CONSOLIDATION
LN-509076,CUST-107568,2025-04-05,0,0,False,False,16558.639999999996,Current,DEBT_CONSOLIDATION
LN-509077,CUST-101671,2025-04-05,0,0,False,False,15915.605000000001,Current,DEBT_CONSOLIDATION
LN-509078,CUST-103516,2025-04-05,0,0,False,False,131182.76999999984,Current,DEBT_CONSOLIDATION
LN-509079,CUST-106109,2025-04-05,0,0,False,False,28834.999999999993,Current,DEBT_CONSOLIDATION
LN-509080,CUST-100728,2025-04-05,0,0,False,False,35420.58000000003,Current,DEBT_CONSOLIDATION
LN-509081,CUST-104914,2025-04-05,0,0,False,False,27412.19,Current,DEBT_CONSOLIDATION
LN-509082,CUST-100175,2025-04-05,0,0,False,False,5352.760000000001,Current,DEBT_CONSOLIDATION
LN-509083,CUST-106570,2025-04-05,0,0,False,False,17416.942499999997,Current,DEBT_CONSOLIDATION
LN-509084,CUST-102308,2025-04-05,0,0,False,False,40489.36499999999,Current,DEBT_CONSOLIDATION
LN-509085,CUST-106567,2025-04-05,0,0,False,False,19580.789999999997,Current,DEBT_CONSOLIDATION
LN-509087,CUST-104662,2025-04-05,1,2,False,False,4516.184999999998,1-29,DEBT_CONSOLIDATION
LN-509088,CUST-103414,2025-04-05,0,0,False,False,4677.530000000001,Current,DEBT_CONSOLIDATION
LN-509089,CUST-105970,2025-04-05,0,0,False,False,10829.36,Current,DEBT_CONSOLIDATION
LN-509090,CUST-101698,2025-04-05,0,0,False,False,11876.680000000002,Current,DEBT_CONSOLIDATION
LN-509091,CUST-107070,2025-04-05,0,0,False,False,8153.759999999998,Current,DEBT_CONSOLIDATION
LN-509092,CUST-101800,2025-04-05,0,0,False,False,4916.335000000002,Current,DEBT_CONSOLIDATION
LN-509093,CUST-103828,2025-04-05,0,0,False,False,44149.69,Current,DEBT_CONSOLIDATION
LN-509094,CUST-103017,2025-04-05,0,0,False,False,5088.077500000003,Current,DEBT_CONSOLIDATION
LN-509096,CUST-101616,2025-04-05,0,0,False,False,21838.37999999998,Current,DEBT_CONSOLIDATION
LN-509097,CUST-102334,2025-04-05,0,0,False,False,3526.8949999999986,Current,DEBT_CONSOLIDATION
LN-509098,CUST-107714,2025-04-05,0,0,False,False,37398.369999999995,Current,DEBT_CONSOLIDATION
LN-509099,CUST-102512,2025-04-05,1,27,False,False,20163.38,1-29,DEBT_CONSOLIDATION
LN-509100,CUST-100626,2025-04-05,0,0,False,False,33676.25,Current,DEBT_CONSOLIDATION
LN-509101,CUST-106503,2025-04-05,0,0,False,True,18026.27999999999,Current,DEBT_CONSOLIDATION
LN-509102,CUST-105280,2025-04-05,0,0,False,False,15760.7975,Current,DEBT_CONSOLIDATION
LN-509103,CUST-107405,2025-04-05,0,0,False,False,11823.719999999996,Current,DEBT_CONSOLIDATION
LN-509105,CUST-104484,2025-04-05,0,0,False,False,4932.1,Current,DEBT_CONSOLIDATION
LN-509106,CUST-105921,2025-04-05,0,0,False,False,35275.45,Current,DEBT_CONSOLIDATION
LN-509107,CUST-104107,2025-04-05,2,46,False,False,14075.405000000004,30-59,DEBT_CONSOLIDATION
LN-509108,CUST-104249,2025-04-05,0,0,False,False,8225.637499999999,Current,DEBT_CONSOLIDATION
LN-509109,CUST-102028,2025-04-05,0,0,False,False,2634.35,Current,DEBT_CONSOLIDATION
LN-509110,CUST-104232,2025-04-05,0,0,False,False,12800.854999999998,Current,DEBT_CONSOLIDATION
LN-509111,CUST-100189,2025-04-05,0,0,False,False,41827.479999999996,Current,DEBT_CONSOLIDATION
LN-509112,CUST-107024,2025-04-05,0,0,False,False,17509.755,Current,DEBT_CONSOLIDATION
LN-509113,CUST-103360,2025-04-05,0,0,False,False,358363.4200000001,Current,DEBT_CONSOLIDATION
LN-509115,CUST-107454,2025-04-05,0,0,False,False,45851.455000000016,Current,DEBT_CONSOLIDATION
LN-509116,CUST-106993,2025-04-05,0,0,False,False,21256.705000000005,Current,DEBT_CONSOLIDATION
LN-509117,CUST-102787,2025-04-05,0,0,False,False,38869.55000000002,Current,DEBT_CONSOLIDATION
LN-509118,CUST-103672,2025-04-05,3,76,False,False,22932.110000000015,60-89,DEBT_CONSOLIDATION
LN-509119,CUST-100996,2025-04-05,0,0,False,False,22978.144999999997,Current,DEBT_CONSOLIDATION
LN-509120,CUST-102122,2025-04-05,0,0,False,False,35180.43749999997,Current,DEBT_CONSOLIDATION
LN-509121,CUST-107546,2025-04-05,2,46,False,False,16980.279999999984,30-59,DEBT_CONSOLIDATION
LN-509122,CUST-102392,2025-04-05,0,0,False,False,5231.719999999999,Current,DEBT_CONSOLIDATION
LN-509123,CUST-105912,2025-04-05,0,0,False,False,19945.370000000003,Current,DEBT_CONSOLIDATION
LN-509124,CUST-106698,2025-04-05,0,0,False,False,28939.034999999996,Current,DEBT_CONSOLIDATION
LN-509125,CUST-100665,2025-04-05,0,0,False,False,35047.94500000003,Current,DEBT_CONSOLIDATION
LN-509128,CUST-105722,2025-04-05,0,0,False,False,7864.587499999992,Current,DEBT_CONSOLIDATION
LN-509129,CUST-102944,2025-04-05,0,0,False,False,2849.1675,Current,DEBT_CONSOLIDATION
LN-509130,CUST-101640,2025-04-05,0,0,False,False,3536.7174999999997,Current,DEBT_CONSOLIDATION
LN-509132,CUST-104210,2025-04-05,0,0,False,False,35118.70500000001,Current,DEBT_CONSOLIDATION
LN-509133,CUST-100691,2025-04-05,0,0,False,False,10553.377499999997,Current,DEBT_CONSOLIDATION
LN-509134,CUST-101964,2025-04-05,0,0,False,False,21495.075,Current,DEBT_CONSOLIDATION
LN-509135,CUST-105267,2025-04-05,0,0,False,False,46151.10749999999,Current,DEBT_CONSOLIDATION
LN-509136,CUST-100121,2025-04-05,1,21,False,False,12530.670000000002,1-29,DEBT_CONSOLIDATION
LN-509137,CUST-101151,2025-04-05,0,0,False,False,9414.542500000005,Current,DEBT_CONSOLIDATION
LN-509138,CUST-104551,2025-04-05,0,0,False,False,24656.620000000014,Current,DEBT_CONSOLIDATION
LN-509139,CUST-105693,2025-04-05,0,0,False,False,915.03,Current,DEBT_CONSOLIDATION
LN-509140,CUST-100256,2025-04-05,0,0,False,False,29071.710000000006,Current,DEBT_CONSOLIDATION
LN-509141,CUST-107358,2025-04-05,0,0,True,False,33824.56500000002,Current,DEBT_CONSOLIDATION
LN-509142,CUST-102265,2025-04-05,0,0,False,False,7867.754999999999,Current,DEBT_CONSOLIDATION
LN-509143,CUST-105029,2025-04-05,1,4,False,False,23808.340000000004,1-29,DEBT_CONSOLIDATION
LN-509145,CUST-101361,2025-04-05,0,0,False,False,19877.849999999995,Current,DEBT_CONSOLIDATION
LN-509146,CUST-102818,2025-04-05,1,22,False,False,15908.2,1-29,DEBT_CONSOLIDATION
LN-509147,CUST-103549,2025-04-05,0,0,False,False,16424.455,Current,DEBT_CONSOLIDATION
LN-509148,CUST-101313,2025-04-05,0,0,False,False,34435.5825,Current,DEBT_CONSOLIDATION
LN-509149,CUST-102466,2025-04-05,0,0,False,False,6415.62,Current,DEBT_CONSOLIDATION
LN-509150,CUST-105245,2025-04-05,0,0,False,False,22744.02999999999,Current,DEBT_CONSOLIDATION
LN-509151,CUST-105302,2025-04-05,0,0,False,False,7871.380000000009,Current,DEBT_CONSOLIDATION
LN-509152,CUST-101089,2025-04-05,0,0,False,False,23765.82500000002,Current,DEBT_CONSOLIDATION
LN-509154,CUST-107704,2025-04-05,0,0,False,False,19259.3,Current,DEBT_CONSOLIDATION
LN-509155,CUST-103864,2025-04-05,0,0,False,False,29855.94,Current,DEBT_CONSOLIDATION
LN-509157,CUST-100866,2025-04-05,4,199,False,False,21902.05,90+,DEBT_CONSOLIDATION
LN-509158,CUST-104124,2025-04-05,0,0,False,False,53095.48,Current,DEBT_CONSOLIDATION
LN-509160,CUST-103472,2025-04-05,0,0,False,False,19131.03,Current,DEBT_CONSOLIDATION
LN-509161,CUST-105049,2025-04-05,0,0,False,False,23460.760000000013,Current,DEBT_CONSOLIDATION
LN-509163,CUST-104735,2025-04-05,0,0,False,False,16432.61,Current,DEBT_CONSOLIDATION
LN-509164,CUST-106458,2025-04-05,0,0,False,False,18085.82999999998,Current,DEBT_CONSOLIDATION
LN-509165,CUST-106216,2025-04-05,0,0,False,False,2263.4275000000007,Current,DEBT_CONSOLIDATION
LN-509167,CUST-102562,2025-04-05,0,0,False,False,15864.16,Current,DEBT_CONSOLIDATION
LN-509168,CUST-104596,2025-04-05,0,0,False,False,22873.550000000003,Current,DEBT_CONSOLIDATION
LN-509170,CUST-106762,2025-04-05,0,0,False,False,37352.73499999999,Current,DEBT_CONSOLIDATION
LN-509173,CUST-102752,2025-04-05,0,0,False,False,3960.542500000002,Current,DEBT_CONSOLIDATION
LN-509174,CUST-102755,2025-04-05,0,0,False,False,19238.899999999998,Current,DEBT_CONSOLIDATION
LN-509175,CUST-103519,2025-04-05,0,0,False,False,13003.169999999996,Current,DEBT_CONSOLIDATION
LN-509176,CUST-107517,2025-04-05,0,0,False,False,35677.064999999995,Current,DEBT_CONSOLIDATION
LN-509177,CUST-103099,2025-04-05,0,0,False,False,4912.952500000001,Current,DEBT_CONSOLIDATION
LN-509178,CUST-105528,2025-04-05,0,0,False,False,1717.53,Current,DEBT_CONSOLIDATION
LN-509179,CUST-106146,2025-04-05,0,0,False,False,27530.65999999999,Current,DEBT_CONSOLIDATION
LN-509180,CUST-102585,2025-04-05,0,0,False,False,10956.17,Current,DEBT_CONSOLIDATION
LN-509181,CUST-105440,2025-04-05,0,0,False,False,30635.19250000002,Current,DEBT_CONSOLIDATION
LN-509183,CUST-103346,2025-04-05,0,0,False,False,115035.70500000002,Current,DEBT_CONSOLIDATION
LN-509184,CUST-101248,2025-04-05,0,0,False,False,30877.80999999999,Current,DEBT_CONSOLIDATION
LN-509185,CUST-106290,2025-04-05,0,0,False,False,39318.79999999997,Current,DEBT_CONSOLIDATION
LN-509186,CUST-104626,2025-04-05,0,0,False,False,17886.019999999993,Current,DEBT_CONSOLIDATION
LN-509187,CUST-100495,2025-04-05,0,0,False,False,18033.34500000001,Current,DEBT_CONSOLIDATION
LN-509188,CUST-106185,2025-04-05,0,0,False,False,33102.032499999994,Current,DEBT_CONSOLIDATION
LN-509190,CUST-106831,2025-04-05,0,0,False,False,25359.5275,Current,DEBT_CONSOLIDATION
LN-509191,CUST-105264,2025-04-05,0,0,False,False,25066.874999999993,Current,DEBT_CONSOLIDATION
LN-509192,CUST-103657,2025-04-05,0,0,False,False,26596.772500000003,Current,DEBT_CONSOLIDATION
LN-509193,CUST-107231,2025-04-05,0,0,False,False,2538.894999999998,Current,DEBT_CONSOLIDATION
LN-509194,CUST-102564,2025-04-05,0,0,False,False,10975.454999999989,Current,DEBT_CONSOLIDATION
LN-509195,CUST-107685,2025-04-05,0,0,False,False,40429.77,Current,DEBT_CONSOLIDATION
LN-509196,CUST-106435,2025-04-05,0,0,False,False,9041.835000000001,Current,DEBT_CONSOLIDATION
LN-509197,CUST-101805,2025-04-05,0,0,False,False,50215.26750000002,Current,DEBT_CONSOLIDATION
LN-509198,CUST-102479,2025-04-05,0,0,False,False,35592.79500000002,Current,DEBT_CONSOLIDATION
LN-509199,CUST-100526,2025-04-05,4,125,False,False,26416.45250000001,90+,DEBT_CONSOLIDATION
LN-509200,CUST-102770,2025-04-05,0,0,False,False,46640.844999999994,Current,DEBT_CONSOLIDATION
LN-509201,CUST-104308,2025-04-05,2,32,False,False,42007.02000000001,30-59,DEBT_CONSOLIDATION
LN-509203,CUST-102279,2025-04-05,0,0,False,False,23144.302499999998,Current,DEBT_CONSOLIDATION
LN-509204,CUST-104829,2025-04-05,0,0,False,False,22736.85,Current,DEBT_CONSOLIDATION
LN-509205,CUST-101816,2025-04-05,0,0,False,False,42381.44000000002,Current,DEBT_CONSOLIDATION
LN-509206,CUST-105611,2025-04-05,0,0,False,False,15635.57,Current,DEBT_CONSOLIDATION
LN-509208,CUST-102782,2025-04-05,0,0,False,False,14988.310000000001,Current,DEBT_CONSOLIDATION
LN-509210,CUST-107549,2025-04-05,0,0,False,False,18584.75,Current,DEBT_CONSOLIDATION
LN-509211,CUST-104650,2025-04-05,2,46,False,False,10317.362499999996,30-59,DEBT_CONSOLIDATION
LN-509212,CUST-105860,2025-04-05,0,0,False,False,12522.225000000004,Current,DEBT_CONSOLIDATION
LN-509213,CUST-101817,2025-04-05,0,0,False,False,30832.55,Current,DEBT_CONSOLIDATION
LN-509214,CUST-102414,2025-04-05,0,0,False,False,8236.332499999999,Current,DEBT_CONSOLIDATION
LN-509215,CUST-107478,2025-04-05,0,0,False,False,631182.52,Current,DEBT_CONSOLIDATION
LN-509216,CUST-101385,2025-04-05,0,0,False,False,154367.83000000013,Current,DEBT_CONSOLIDATION
LN-509217,CUST-102535,2025-04-05,0,0,False,False,4948.72,Current,DEBT_CONSOLIDATION
LN-509218,CUST-107520,2025-04-05,0,0,False,False,10637.182500000006,Current,DEBT_CONSOLIDATION
LN-509219,CUST-100705,2025-04-05,0,0,False,False,17329.29000000002,Current,DEBT_CONSOLIDATION
LN-509220,CUST-107191,2025-04-05,0,0,False,False,12860.829999999998,Current,DEBT_CONSOLIDATION
LN-509221,CUST-103670,2025-04-05,0,0,False,False,18747.969999999994,Current,DEBT_CONSOLIDATION
LN-509222,CUST-103512,2025-04-05,0,0,False,False,27086.51500000001,Current,DEBT_CONSOLIDATION
LN-509223,CUST-100635,2025-04-05,0,0,False,False,11845.76999999999,Current,DEBT_CONSOLIDATION
LN-509224,CUST-101345,2025-04-05,0,0,False,False,2091.652499999999,Current,DEBT_CONSOLIDATION
LN-509225,CUST-104931,2025-04-05,0,0,False,False,96760.96999999997,Current,DEBT_CONSOLIDATION
LN-509226,CUST-103595,2025-04-05,0,0,False,False,37783.96999999999,Current,DEBT_CONSOLIDATION
LN-509227,CUST-105723,2025-04-05,0,0,False,False,6184.0250000000015,Current,DEBT_CONSOLIDATION
LN-509228,CUST-106381,2025-04-05,2,35,False,False,45752.08,30-59,DEBT_CONSOLIDATION
LN-509230,CUST-107245,2025-04-05,0,0,False,False,36243.1475,Current,DEBT_CONSOLIDATION
LN-509231,CUST-106226,2025-04-05,0,0,False,False,8133.054999999992,Current,DEBT_CONSOLIDATION
LN-509232,CUST-106279,2025-04-05,0,0,False,False,9025.509999999998,Current,DEBT_CONSOLIDATION
LN-509233,CUST-101474,2025-04-05,0,0,False,False,24689.789999999994,Current,DEBT_CONSOLIDATION
LN-509234,CUST-105991,2025-04-05,0,0,False,False,45333.61499999999,Current,DEBT_CONSOLIDATION
LN-509235,CUST-101670,2025-04-05,1,29,False,False,26434.47,1-29,DEBT_CONSOLIDATION
LN-509236,CUST-105230,2025-04-05,0,0,False,False,45043.659999999996,Current,DEBT_CONSOLIDATION
LN-509237,CUST-107794,2025-04-05,0,0,False,False,2605.1174999999985,Current,DEBT_CONSOLIDATION
LN-509238,CUST-104671,2025-04-05,0,0,False,False,21284.547500000008,Current,DEBT_CONSOLIDATION
LN-509241,CUST-107793,2025-04-05,0,0,False,False,32290.2125,Current,DEBT_CONSOLIDATION
LN-509242,CUST-107725,2025-04-05,0,0,False,False,8203.155000000004,Current,DEBT_CONSOLIDATION
LN-509243,CUST-101849,2025-04-05,0,0,False,False,123397.58,Current,DEBT_CONSOLIDATION
LN-509246,CUST-105181,2025-04-05,0,0,False,False,16697.007499999996,Current,DEBT_CONSOLIDATION
LN-509247,CUST-100052,2025-04-05,0,0,False,False,33291.565,Current,DEBT_CONSOLIDATION
LN-509248,CUST-101252,2025-04-05,0,0,False,False,43734.25,Current,DEBT_CONSOLIDATION
LN-509250,CUST-102742,2025-04-05,0,0,False,False,25814.755,Current,DEBT_CONSOLIDATION
LN-509251,CUST-102264,2025-04-05,0,0,False,False,6598.584999999997,Current,DEBT_CONSOLIDATION
LN-509252,CUST-102624,2025-04-05,0,0,False,False,217441.805,Current,DEBT_CONSOLIDATION
LN-509253,CUST-104271,2025-04-05,0,0,False,False,17352.899999999994,Current,DEBT_CONSOLIDATION
LN-509254,CUST-101098,2025-04-05,3,61,False,False,35245.162500000006,60-89,DEBT_CONSOLIDATION
LN-509255,CUST-100796,2025-04-05,0,0,False,False,15143.502499999997,Current,DEBT_CONSOLIDATION
LN-509258,CUST-105167,2025-04-05,0,0,False,False,7432.840000000005,Current,DEBT_CONSOLIDATION
LN-509259,CUST-104521,2025-04-05,0,0,False,False,4061.785000000004,Current,DEBT_CONSOLIDATION
LN-509260,CUST-104949,2025-04-05,1,28,False,False,20726.92,1-29,DEBT_CONSOLIDATION
LN-509262,CUST-102844,2025-04-05,0,0,False,False,8240.54499999999,Current,DEBT_CONSOLIDATION
LN-509263,CUST-100008,2025-04-05,0,0,False,False,15228.799999999992,Current,DEBT_CONSOLIDATION
LN-509266,CUST-103482,2025-04-05,0,0,False,False,1567.145,Current,DEBT_CONSOLIDATION
LN-509267,CUST-100531,2025-04-05,0,0,False,False,29995.2725,Current,DEBT_CONSOLIDATION
LN-509268,CUST-100545,2025-04-05,0,0,False,False,482282.4799999998,Current,DEBT_CONSOLIDATION
LN-509269,CUST-106880,2025-04-05,0,0,False,False,25542.200000000008,Current,DEBT_CONSOLIDATION
LN-509270,CUST-101858,2025-04-05,0,0,False,False,14470.134999999998,Current,DEBT_CONSOLIDATION
LN-509271,CUST-106602,2025-04-05,0,0,False,False,32738.627500000002,Current,DEBT_CONSOLIDATION
LN-509272,CUST-104796,2025-04-05,0,0,False,False,25371.355,Current,DEBT_CONSOLIDATION
LN-509273,CUST-107250,2025-04-05,0,0,False,False,14668.2075,Current,DEBT_CONSOLIDATION
LN-509274,CUST-101199,2025-04-05,0,0,False,False,30371.002499999988,Current,DEBT_CONSOLIDATION
LN-509275,CUST-104518,2025-04-05,0,0,False,False,21403.907499999998,Current,DEBT_CONSOLIDATION
LN-509276,CUST-107054,2025-04-05,0,0,False,False,20690.354999999996,Current,DEBT_CONSOLIDATION
LN-509278,CUST-106301,2025-04-05,0,0,False,False,17624.639999999992,Current,DEBT_CONSOLIDATION
LN-509279,CUST-100435,2025-04-05,0,0,False,False,28294.524999999998,Current,DEBT_CONSOLIDATION
LN-509281,CUST-103518,2025-04-05,0,0,False,False,15162.867499999997,Current,DEBT_CONSOLIDATION
LN-509282,CUST-106789,2025-04-05,0,0,False,False,7252.0700000000015,Current,DEBT_CONSOLIDATION
LN-509283,CUST-105964,2025-04-05,0,0,False,False,45135.22000000004,Current,DEBT_CONSOLIDATION
LN-509284,CUST-104986,2025-04-05,0,0,False,False,46755.362500000025,Current,DEBT_CONSOLIDATION
LN-509285,CUST-107790,2025-04-05,0,0,False,False,8177.674999999997,Current,DEBT_CONSOLIDATION
LN-509287,CUST-105077,2025-04-05,0,0,False,False,10781.275,Current,DEBT_CONSOLIDATION
LN-509288,CUST-103025,2025-04-05,0,0,False,False,582280.7449999999,Current,DEBT_CONSOLIDATION
LN-509289,CUST-106535,2025-04-05,0,0,False,False,25404.840000000007,Current,DEBT_CONSOLIDATION
LN-509290,CUST-102320,2025-04-05,0,0,False,False,45882.372499999954,Current,DEBT_CONSOLIDATION
LN-509291,CUST-106395,2025-04-05,0,0,False,False,12928.0525,Current,DEBT_CONSOLIDATION
LN-509292,CUST-105413,2025-04-05,0,0,False,False,37455.29,Current,DEBT_CONSOLIDATION
LN-509293,CUST-104613,2025-04-05,0,0,False,False,8550.822499999993,Current,DEBT_CONSOLIDATION
LN-509294,CUST-103873,2025-04-05,0,0,False,False,26385.870000000017,Current,DEBT_CONSOLIDATION
LN-509295,CUST-103075,2025-04-05,0,0,False,False,12202.780000000002,Current,DEBT_CONSOLIDATION
LN-509296,CUST-103134,2025-04-05,0,0,False,False,22850.0075,Current,DEBT_CONSOLIDATION
LN-509297,CUST-107360,2025-04-05,0,0,False,False,46024.88000000001,Current,DEBT_CONSOLIDATION
LN-509298,CUST-101827,2025-04-05,0,0,False,False,8171.900000000001,Current,DEBT_CONSOLIDATION
LN-509299,CUST-101042,2025-04-05,0,0,False,False,5529.99,Current,DEBT_CONSOLIDATION
LN-509300,CUST-104636,2025-04-05,0,0,False,False,58085.43000000002,Current,DEBT_CONSOLIDATION
LN-509301,CUST-102027,2025-04-05,0,0,False,False,18936.22999999998,Current,DEBT_CONSOLIDATION
LN-509302,CUST-100575,2025-04-05,0,0,False,False,45323.18,Current,DEBT_CONSOLIDATION
LN-509304,CUST-102619,2025-04-05,0,0,False,False,16477.202499999992,Current,DEBT_CONSOLIDATION
LN-509305,CUST-107708,2025-04-05,0,0,False,False,28756.910000000003,Current,DEBT_CONSOLIDATION
LN-509306,CUST-101246,2025-04-05,0,0,False,False,6501.950000000001,Current,DEBT_CONSOLIDATION
LN-509307,CUST-107632,2025-04-05,0,0,False,False,25398.472500000018,Current,DEBT_CONSOLIDATION
LN-509308,CUST-101251,2025-04-05,0,0,False,False,30594.99,Current,DEBT_CONSOLIDATION
LN-509309,CUST-101940,2025-04-05,0,0,False,False,8059.024999999993,Current,DEBT_CONSOLIDATION
LN-509310,CUST-101263,2025-04-05,0,0,False,False,11726.76500000001,Current,DEBT_CONSOLIDATION
LN-509312,CUST-100615,2025-04-05,0,0,False,False,11942.1725,Current,DEBT_CONSOLIDATION
LN-509314,CUST-101233,2025-04-05,2,57,False,False,29750.199999999997,30-59,DEBT_CONSOLIDATION
LN-509315,CUST-105081,2025-04-05,4,140,False,False,43867.25499999998,90+,DEBT_CONSOLIDATION
LN-509316,CUST-103094,2025-04-05,0,0,False,False,44385.640000000014,Current,DEBT_CONSOLIDATION
LN-509317,CUST-107384,2025-04-05,0,0,False,False,548481.6174999999,Current,DEBT_CONSOLIDATION
LN-509318,CUST-104386,2025-04-05,0,0,False,False,72593.04000000001,Current,DEBT_CONSOLIDATION
LN-509319,CUST-107904,2025-04-05,0,0,False,False,19562.172500000004,Current,DEBT_CONSOLIDATION
LN-509320,CUST-106943,2025-04-05,0,0,False,False,12230.154999999997,Current,DEBT_CONSOLIDATION
LN-509321,CUST-103444,2025-04-05,0,0,False,False,12237.98999999999,Current,DEBT_CONSOLIDATION
LN-509322,CUST-105430,2025-04-05,0,0,False,False,43133.34250000001,Current,DEBT_CONSOLIDATION
LN-509323,CUST-102734,2025-04-05,0,0,False,False,11022.212500000001,Current,DEBT_CONSOLIDATION
LN-509324,CUST-107937,2025-04-05,0,0,False,False,24171.292499999985,Current,DEBT_CONSOLIDATION
LN-509325,CUST-105196,2025-04-05,1,17,False,False,11853.690000000006,1-29,DEBT_CONSOLIDATION
LN-509326,CUST-102665,2025-04-05,0,0,False,False,8564.420000000011,Current,DEBT_CONSOLIDATION
LN-509327,CUST-103718,2025-04-05,0,0,False,False,16308.599999999995,Current,DEBT_CONSOLIDATION
LN-509328,CUST-101115,2025-04-05,0,0,False,False,81471.6,Current,DEBT_CONSOLIDATION
LN-509329,CUST-102248,2025-04-05,0,0,False,False,11686.659999999996,Current,DEBT_CONSOLIDATION
LN-509330,CUST-100361,2025-04-05,0,0,False,False,18212.189999999988,Current,DEBT_CONSOLIDATION
LN-509331,CUST-105588,2025-04-05,0,0,False,False,16504.354999999985,Current,DEBT_CONSOLIDATION
LN-509333,CUST-102374,2025-04-05,0,0,False,False,3901.260000000001,Current,DEBT_CONSOLIDATION
LN-509335,CUST-101446,2025-04-05,0,0,False,False,16983.44,Current,DEBT_CONSOLIDATION
LN-509337,CUST-101969,2025-04-05,0,0,False,False,19838.620000000006,Current,DEBT_CONSOLIDATION
LN-509340,CUST-103081,2025-04-05,0,0,False,False,29076.54,Current,DEBT_CONSOLIDATION
LN-509341,CUST-100283,2025-04-05,0,0,False,False,26055.290000000005,Current,DEBT_CONSOLIDATION
LN-509343,CUST-100457,2025-04-05,1,2,False,False,26069.892500000005,1-29,DEBT_CONSOLIDATION
LN-509344,CUST-101846,2025-04-05,0,0,False,False,81768.69500000002,Current,DEBT_CONSOLIDATION
LN-509346,CUST-107336,2025-04-05,0,0,False,False,10914.619999999995,Current,DEBT_CONSOLIDATION
LN-509348,CUST-106649,2025-04-05,0,0,False,False,49127.599999999984,Current,DEBT_CONSOLIDATION
LN-509349,CUST-105929,2025-04-05,0,0,False,False,129842.20749999999,Current,DEBT_CONSOLIDATION
LN-509351,CUST-107875,2025-04-05,0,0,False,False,12067.775,Current,DEBT_CONSOLIDATION
LN-509352,CUST-103485,2025-04-05,0,0,False,False,10807.055,Current,DEBT_CONSOLIDATION
LN-509353,CUST-101098,2025-04-05,1,21,False,False,19597.082500000008,1-29,DEBT_CONSOLIDATION
LN-509355,CUST-104513,2025-04-05,0,0,False,False,15452.264999999996,Current,DEBT_CONSOLIDATION
LN-509356,CUST-106500,2025-04-05,0,0,False,False,136915.465,Current,DEBT_CONSOLIDATION
LN-509357,CUST-107505,2025-04-05,0,0,False,False,45416.37999999999,Current,DEBT_CONSOLIDATION
LN-509358,CUST-106764,2025-04-05,0,0,False,False,20455.749999999996,Current,DEBT_CONSOLIDATION
LN-509359,CUST-101401,2025-04-05,0,0,False,False,25191.785,Current,DEBT_CONSOLIDATION
LN-509360,CUST-104376,2025-04-05,0,0,False,False,20690.399999999994,Current,DEBT_CONSOLIDATION
LN-509361,CUST-107842,2025-04-05,0,0,False,False,2241.63,Current,DEBT_CONSOLIDATION
LN-509362,CUST-103370,2025-04-05,0,0,False,False,11884.510000000004,Current,DEBT_CONSOLIDATION
LN-509363,CUST-103314,2025-04-05,0,0,False,False,2674.29,Current,DEBT_CONSOLIDATION
LN-509364,CUST-107742,2025-04-05,0,0,False,False,123314.32500000004,Current,DEBT_CONSOLIDATION
LN-509365,CUST-104523,2025-04-05,0,0,False,False,35962.13,Current,DEBT_CONSOLIDATION
LN-509366,CUST-104962,2025-04-05,0,0,False,False,25044.07,Current,DEBT_CONSOLIDATION
LN-509368,CUST-103597,2025-04-05,0,0,False,False,14665.120000000003,Current,DEBT_CONSOLIDATION
LN-509369,CUST-101901,2025-04-05,0,0,False,False,15088.060000000001,Current,DEBT_CONSOLIDATION
LN-509370,CUST-100752,2025-04-05,0,0,False,False,20284.930000000004,Current,DEBT_CONSOLIDATION
LN-509371,CUST-102863,2025-04-05,0,0,False,False,31901.922500000008,Current,DEBT_CONSOLIDATION
LN-509372,CUST-105221,2025-04-05,0,0,False,False,23516.259999999987,Current,DEBT_CONSOLIDATION
LN-509373,CUST-104460,2025-04-05,0,0,False,False,27611.299999999996,Current,DEBT_CONSOLIDATION
LN-509374,CUST-100572,2025-04-05,0,0,False,False,6597.5199999999995,Current,DEBT_CONSOLIDATION
LN-509375,CUST-104060,2025-04-05,0,0,False,False,39971.64500000002,Current,DEBT_CONSOLIDATION
LN-509376,CUST-105248,2025-04-05,0,0,False,False,33484.342500000006,Current,DEBT_CONSOLIDATION
LN-509377,CUST-101257,2025-04-05,0,0,False,False,34868.15999999997,Current,DEBT_CONSOLIDATION
LN-509378,CUST-104175,2025-04-05,2,46,False,False,141332.83000000002,30-59,DEBT_CONSOLIDATION
LN-509379,CUST-103691,2025-04-05,0,0,False,False,9590.855,Current,DEBT_CONSOLIDATION
LN-509380,CUST-105148,2025-04-05,0,0,False,False,31790.390000000007,Current,DEBT_CONSOLIDATION
LN-509381,CUST-101055,2025-04-05,0,0,False,False,430016.9199999998,Current,DEBT_CONSOLIDATION
LN-509383,CUST-106366,2025-04-05,0,0,False,False,6497.349999999999,Current,DEBT_CONSOLIDATION
LN-509384,CUST-105346,2025-04-05,0,0,False,False,318227.71,Current,DEBT_CONSOLIDATION
LN-509385,CUST-105961,2025-04-05,0,0,False,False,14989.242500000006,Current,DEBT_CONSOLIDATION
LN-509386,CUST-107758,2025-04-05,0,0,False,False,19290.747500000016,Current,DEBT_CONSOLIDATION
LN-509387,CUST-105278,2025-04-05,0,0,False,False,8503.837499999992,Current,DEBT_CONSOLIDATION
LN-509388,CUST-102273,2025-04-05,0,0,False,False,6583.35,Current,DEBT_CONSOLIDATION
LN-509389,CUST-100421,2025-04-05,4,131,False,False,13337.425000000001,90+,DEBT_CONSOLIDATION
LN-509391,CUST-102059,2025-04-05,0,0,False,False,39201.110000000015,Current,DEBT_CONSOLIDATION
LN-509392,CUST-105742,2025-04-05,0,0,False,False,3948.329999999997,Current,DEBT_CONSOLIDATION
LN-509393,CUST-107093,2025-04-05,0,0,False,False,15374.719999999998,Current,DEBT_CONSOLIDATION
LN-509395,CUST-104479,2025-04-05,0,0,False,False,259830.20249999998,Current,DEBT_CONSOLIDATION
LN-509396,CUST-100074,2025-04-05,3,76,False,False,117383.71999999999,60-89,DEBT_CONSOLIDATION
LN-509397,CUST-100236,2025-04-05,0,0,False,False,14202.810000000014,Current,DEBT_CONSOLIDATION
LN-509398,CUST-104241,2025-04-05,0,0,False,False,23256.45000000001,Current,DEBT_CONSOLIDATION
LN-509399,CUST-107964,2025-04-05,0,0,False,False,39359.05250000003,Current,DEBT_CONSOLIDATION
LN-509400,CUST-105180,2025-04-05,0,0,False,False,22762.390000000003,Current,DEBT_CONSOLIDATION
LN-509401,CUST-107139,2025-04-05,0,0,False,False,38436.34750000004,Current,DEBT_CONSOLIDATION
LN-509402,CUST-101868,2025-04-05,0,0,False,False,24048.87999999998,Current,DEBT_CONSOLIDATION
LN-509403,CUST-106021,2025-04-05,0,0,False,False,16571.13,Current,DEBT_CONSOLIDATION
LN-509404,CUST-106076,2025-04-05,0,0,False,False,543233.5725000004,Current,DEBT_CONSOLIDATION
LN-509405,CUST-101676,2025-04-05,0,0,False,False,31498.485,Current,DEBT_CONSOLIDATION
LN-509407,CUST-107349,2025-04-05,0,0,False,False,53235.685,Current,DEBT_CONSOLIDATION
LN-509408,CUST-106128,2025-04-05,0,0,False,False,21805.612500000003,Current,DEBT_CONSOLIDATION
LN-509409,CUST-104541,2025-04-05,0,0,False,False,145210.60499999995,Current,DEBT_CONSOLIDATION
LN-509410,CUST-106954,2025-04-05,0,0,False,False,46805.7825,Current,DEBT_CONSOLIDATION
LN-509411,CUST-102665,2025-04-05,1,31,False,False,11001.775000000001,1-29,DEBT_CONSOLIDATION
LN-509412,CUST-100487,2025-04-05,3,72,False,False,33153.019999999975,60-89,DEBT_CONSOLIDATION
LN-509413,CUST-102429,2025-04-05,0,0,False,False,38754.205000000016,Current,DEBT_CONSOLIDATION
LN-509414,CUST-105465,2025-04-05,1,21,False,False,51224.837499999994,1-29,DEBT_CONSOLIDATION
LN-509415,CUST-101579,2025-04-05,0,0,False,False,1962.1799999999994,Current,DEBT_CONSOLIDATION
LN-509416,CUST-106433,2025-04-05,0,0,False,False,49639.86,Current,DEBT_CONSOLIDATION
LN-509418,CUST-100999,2025-04-05,0,0,False,False,7181.262500000004,Current,DEBT_CONSOLIDATION
LN-509419,CUST-104666,2025-04-05,0,0,False,False,15509.140000000018,Current,DEBT_CONSOLIDATION
LN-509420,CUST-105156,2025-04-05,0,0,False,False,660.1975000000001,Current,DEBT_CONSOLIDATION
LN-509422,CUST-104872,2025-04-05,0,0,False,False,42992.16499999997,Current,DEBT_CONSOLIDATION
LN-509423,CUST-105957,2025-04-05,0,0,False,False,32389.72,Current,DEBT_CONSOLIDATION
LN-509424,CUST-106108,2025-04-05,0,0,False,False,22827.91999999999,Current,DEBT_CONSOLIDATION
LN-509425,CUST-107418,2025-04-05,0,0,False,False,8390.654999999995,Current,DEBT_CONSOLIDATION
LN-509426,CUST-102103,2025-04-05,0,0,False,False,12877.532500000008,Current,DEBT_CONSOLIDATION
LN-509427,CUST-102155,2025-04-05,0,0,False,False,21103.909999999993,Current,DEBT_CONSOLIDATION
LN-509428,CUST-102204,2025-04-05,0,0,False,False,21158.562500000004,Current,DEBT_CONSOLIDATION
LN-509429,CUST-100239,2025-04-05,0,0,False,False,15766.82,Current,DEBT_CONSOLIDATION
LN-509430,CUST-101895,2025-04-05,0,0,False,False,32181.84499999998,Current,DEBT_CONSOLIDATION
LN-509431,CUST-101925,2025-04-05,0,0,False,False,15899.655,Current,DEBT_CONSOLIDATION
LN-509432,CUST-104972,2025-04-05,0,0,False,False,13364.96,Current,DEBT_CONSOLIDATION
LN-509433,CUST-103276,2025-04-05,0,0,False,False,12301.58250000001,Current,DEBT_CONSOLIDATION
LN-509434,CUST-107388,2025-04-05,0,0,False,False,20907.567499999994,Current,DEBT_CONSOLIDATION
LN-509435,CUST-105384,2025-04-05,0,0,False,False,11006.2925,Current,DEBT_CONSOLIDATION
LN-509436,CUST-101600,2025-04-05,0,0,False,False,28954.864999999976,Current,DEBT_CONSOLIDATION
LN-509437,CUST-100031,2025-04-05,0,0,False,False,3383.32,Current,DEBT_CONSOLIDATION
LN-509438,CUST-105278,2025-04-05,0,0,False,False,2154.4125000000004,Current,DEBT_CONSOLIDATION
LN-509439,CUST-102583,2025-04-05,0,0,False,False,12610.82,Current,DEBT_CONSOLIDATION
LN-509440,CUST-104101,2025-04-05,0,0,False,False,103209.51750000005,Current,DEBT_CONSOLIDATION
LN-509441,CUST-104354,2025-04-05,0,0,False,False,11717.305000000002,Current,DEBT_CONSOLIDATION
LN-509442,CUST-107808,2025-04-05,0,0,False,False,31567.760000000002,Current,DEBT_CONSOLIDATION
LN-509443,CUST-106487,2025-04-05,0,0,False,False,12473.09,Current,DEBT_CONSOLIDATION
LN-509445,CUST-100379,2025-04-05,0,0,False,False,28199.350000000002,Current,DEBT_CONSOLIDATION
LN-509446,CUST-102571,2025-04-05,0,0,False,False,15061.26,Current,DEBT_CONSOLIDATION
LN-509447,CUST-106631,2025-04-05,0,0,False,False,30169.945,Current,DEBT_CONSOLIDATION
LN-509450,CUST-102532,2025-04-05,0,0,False,False,477207.85,Current,DEBT_CONSOLIDATION
LN-509451,CUST-106975,2025-04-05,0,0,False,False,28506.924999999996,Current,DEBT_CONSOLIDATION
LN-509453,CUST-100957,2025-04-05,0,0,False,False,30538.912500000002,Current,DEBT_CONSOLIDATION
LN-509454,CUST-107205,2025-04-05,0,0,False,False,20323.7575,Current,DEBT_CONSOLIDATION
LN-509455,CUST-101356,2025-04-05,0,0,False,False,8147.550000000005,Current,DEBT_CONSOLIDATION
LN-509456,CUST-104427,2025-04-05,0,0,False,False,11720.88,Current,DEBT_CONSOLIDATION
LN-509457,CUST-103085,2025-04-05,1,19,False,False,46309.2425,1-29,DEBT_CONSOLIDATION
LN-509459,CUST-105351,2025-04-05,0,0,False,False,19825.792499999996,Current,DEBT_CONSOLIDATION
LN-509460,CUST-102364,2025-04-05,0,0,False,False,28437.68,Current,DEBT_CONSOLIDATION
LN-509461,CUST-103098,2025-04-05,0,0,False,False,28264.094999999998,Current,DEBT_CONSOLIDATION
LN-509462,CUST-100982,2025-04-05,1,11,False,False,24097.685000000012,1-29,DEBT_CONSOLIDATION
LN-509463,CUST-104159,2025-04-05,0,0,False,False,9395.499999999995,Current,DEBT_CONSOLIDATION
LN-509464,CUST-107414,2025-04-05,0,0,False,False,2463.4300000000003,Current,DEBT_CONSOLIDATION
LN-509465,CUST-103802,2025-04-05,0,0,False,False,18271.265,Current,DEBT_CONSOLIDATION
LN-509466,CUST-100160,2025-04-05,0,0,False,False,7920.4125,Current,DEBT_CONSOLIDATION
LN-509467,CUST-102832,2025-04-05,0,0,False,False,13800.335000000006,Current,DEBT_CONSOLIDATION
LN-509468,CUST-106803,2025-04-05,0,0,False,False,17962.405,Current,DEBT_CONSOLIDATION
LN-509469,CUST-106137,2025-04-05,0,0,False,False,1735.749999999999,Current,DEBT_CONSOLIDATION
LN-509470,CUST-103642,2025-04-05,0,0,False,False,30618.757499999992,Current,DEBT_CONSOLIDATION
LN-509472,CUST-102625,2025-04-05,0,0,False,False,4255.085,Current,DEBT_CONSOLIDATION
LN-509475,CUST-105969,2025-04-05,1,20,False,False,10025.482500000004,1-29,DEBT_CONSOLIDATION
LN-509476,CUST-100093,2025-04-05,0,0,False,False,14705.990000000003,Current,DEBT_CONSOLIDATION
LN-509477,CUST-101206,2025-04-05,0,0,False,False,28003.40999999999,Current,DEBT_CONSOLIDATION
LN-509478,CUST-103233,2025-04-05,0,0,False,False,22188.8,Current,DEBT_CONSOLIDATION
LN-509481,CUST-100646,2025-04-05,0,0,False,False,17755.42000000002,Current,DEBT_CONSOLIDATION
LN-509482,CUST-107190,2025-04-05,0,0,False,False,453467.22,Current,DEBT_CONSOLIDATION
LN-509484,CUST-102430,2025-04-05,0,0,False,False,33762.954999999994,Current,DEBT_CONSOLIDATION
LN-509485,CUST-104900,2025-04-05,0,0,False,False,2439.1000000000013,Current,DEBT_CONSOLIDATION
LN-509486,CUST-100490,2025-04-05,0,0,False,False,24178.5525,Current,DEBT_CONSOLIDATION
LN-509488,CUST-103786,2025-04-05,0,0,False,False,11222.265000000001,Current,DEBT_CONSOLIDATION
LN-509489,CUST-102228,2025-04-05,0,0,False,False,10837.46,Current,DEBT_CONSOLIDATION
LN-509490,CUST-105352,2025-04-05,0,0,False,False,17772.69,Current,DEBT_CONSOLIDATION
LN-509491,CUST-107400,2025-04-05,0,0,False,False,40078.6075,Current,DEBT_CONSOLIDATION
LN-509492,CUST-103149,2025-04-05,0,0,False,False,49366.48,Current,DEBT_CONSOLIDATION
LN-509494,CUST-107961,2025-04-05,0,0,False,False,32280.05,Current,DEBT_CONSOLIDATION
LN-509495,CUST-102735,2025-04-05,0,0,False,False,7248.862499999997,Current,DEBT_CONSOLIDATION
LN-509497,CUST-105883,2025-04-05,0,0,False,False,62246.1625,Current,DEBT_CONSOLIDATION
LN-509499,CUST-104880,2025-04-05,0,0,False,False,2021.4900000000023,Current,DEBT_CONSOLIDATION
LN-509501,CUST-103663,2025-04-05,0,0,False,False,13973.309999999998,Current,DEBT_CONSOLIDATION
LN-509502,CUST-105157,2025-04-05,0,0,False,False,27722.190000000002,Current,DEBT_CONSOLIDATION
LN-509503,CUST-103167,2025-04-05,0,0,False,False,28869.360000000004,Current,DEBT_CONSOLIDATION
LN-509504,CUST-105462,2025-04-05,0,0,False,False,39513.26,Current,DEBT_CONSOLIDATION
LN-509505,CUST-102955,2025-04-05,0,0,False,False,19492.892499999998,Current,DEBT_CONSOLIDATION
LN-509508,CUST-102671,2025-04-05,0,0,False,False,15795.56000000001,Current,DEBT_CONSOLIDATION
LN-509509,CUST-107351,2025-04-05,0,0,False,False,30538.16,Current,DEBT_CONSOLIDATION
LN-509510,CUST-102508,2025-04-05,0,0,False,False,18261.204999999994,Current,DEBT_CONSOLIDATION
LN-509511,CUST-103512,2025-04-05,0,0,False,False,24083.13,Current,DEBT_CONSOLIDATION
LN-509512,CUST-103906,2025-04-05,0,0,False,False,28288.75,Current,DEBT_CONSOLIDATION
LN-509514,CUST-101402,2025-04-05,0,0,False,False,20489.41,Current,DEBT_CONSOLIDATION
LN-509516,CUST-101348,2025-04-05,0,0,False,False,58307.92999999999,Current,DEBT_CONSOLIDATION
LN-509517,CUST-105317,2025-04-05,0,0,False,False,44911.629999999976,Current,DEBT_CONSOLIDATION
LN-509519,CUST-106670,2025-04-05,0,0,False,False,47918.5425,Current,DEBT_CONSOLIDATION
LN-509520,CUST-103615,2025-04-05,0,0,False,False,30244.2275,Current,DEBT_CONSOLIDATION
LN-509521,CUST-102506,2025-04-05,0,0,False,False,35629.80000000002,Current,DEBT_CONSOLIDATION
LN-509523,CUST-105237,2025-04-05,0,0,False,False,17110.624999999993,Current,DEBT_CONSOLIDATION
LN-509524,CUST-105955,2025-04-05,0,0,False,False,399617.955,Current,DEBT_CONSOLIDATION
LN-509525,CUST-104605,2025-04-05,0,0,False,False,20249.52,Current,DEBT_CONSOLIDATION
LN-509528,CUST-104005,2025-04-05,0,0,False,False,129028.06250000003,Current,DEBT_CONSOLIDATION
LN-509529,CUST-103884,2025-04-05,0,0,False,False,21654.0725,Current,DEBT_CONSOLIDATION
LN-509530,CUST-105700,2025-04-05,0,0,False,False,30003.9,Current,DEBT_CONSOLIDATION
LN-509531,CUST-104300,2025-04-05,0,0,False,False,124311.27000000003,Current,DEBT_CONSOLIDATION
LN-509532,CUST-101061,2025-04-05,0,0,False,False,10881.96,Current,DEBT_CONSOLIDATION
LN-509533,CUST-104671,2025-04-05,0,0,False,False,26109.56500000001,Current,DEBT_CONSOLIDATION
LN-509534,CUST-104863,2025-04-05,0,0,False,False,4011.3899999999962,Current,DEBT_CONSOLIDATION
LN-509535,CUST-103170,2025-04-05,0,0,False,False,14102.954999999998,Current,DEBT_CONSOLIDATION
LN-509537,CUST-104825,2025-04-05,0,0,False,False,6679.145,Current,DEBT_CONSOLIDATION
LN-509539,CUST-101520,2025-04-05,0,0,False,False,9602.69,Current,DEBT_CONSOLIDATION
LN-509540,CUST-100988,2025-04-05,0,0,False,False,123093.16999999998,Current,DEBT_CONSOLIDATION
LN-509541,CUST-101977,2025-04-05,0,0,False,False,25227.754999999997,Current,DEBT_CONSOLIDATION
LN-509542,CUST-105620,2025-04-05,0,0,False,False,5785.684999999994,Current,DEBT_CONSOLIDATION
LN-509543,CUST-104640,2025-04-05,0,0,False,False,9679.560000000005,Current,DEBT_CONSOLIDATION
LN-509544,CUST-100344,2025-04-05,0,0,False,False,5292.445,Current,DEBT_CONSOLIDATION
LN-509545,CUST-105724,2025-04-05,0,0,False,False,19570.019999999982,Current,DEBT_CONSOLIDATION
LN-509546,CUST-101458,2025-04-05,0,0,False,False,569768.8374999998,Current,DEBT_CONSOLIDATION
LN-509547,CUST-102871,2025-04-05,0,0,False,False,2278.23,Current,DEBT_CONSOLIDATION
LN-509548,CUST-106725,2025-04-05,0,0,False,False,3597.9299999999994,Current,DEBT_CONSOLIDATION
LN-509549,CUST-100842,2025-04-05,0,0,False,False,40623.66749999998,Current,DEBT_CONSOLIDATION
LN-509550,CUST-106908,2025-04-05,0,0,False,False,28364.887499999997,Current,DEBT_CONSOLIDATION
LN-509551,CUST-102112,2025-04-05,0,0,False,False,20425.599999999995,Current,DEBT_CONSOLIDATION
LN-509552,CUST-100882,2025-04-05,0,0,False,False,33954.50999999997,Current,DEBT_CONSOLIDATION
LN-509553,CUST-104882,2025-04-05,0,0,False,False,8597.922499999997,Current,DEBT_CONSOLIDATION
LN-509554,CUST-103787,2025-04-05,0,0,False,False,37783.50000000001,Current,DEBT_CONSOLIDATION
LN-509556,CUST-106536,2025-04-05,1,13,False,False,29272.894999999993,1-29,DEBT_CONSOLIDATION
LN-509557,CUST-102588,2025-04-05,0,0,False,False,57810.984999999986,Current,DEBT_CONSOLIDATION
LN-509559,CUST-102722,2025-04-05,0,0,True,False,26547.989999999998,Current,DEBT_CONSOLIDATION
LN-509560,CUST-102261,2025-04-05,0,0,False,False,5499.690000000001,Current,DEBT_CONSOLIDATION
LN-509561,CUST-104595,2025-04-05,0,0,False,False,13010.390000000001,Current,DEBT_CONSOLIDATION
LN-509562,CUST-101778,2025-04-05,0,0,False,False,537.8574999999997,Current,DEBT_CONSOLIDATION
LN-509563,CUST-104903,2025-04-05,1,28,False,False,17725.315,1-29,DEBT_CONSOLIDATION
LN-509564,CUST-102596,2025-04-05,2,35,False,False,34220.159999999996,30-59,DEBT_CONSOLIDATION
LN-509565,CUST-104057,2025-04-05,0,0,False,False,4986.659999999998,Current,DEBT_CONSOLIDATION
LN-509566,CUST-102964,2025-04-05,0,0,False,False,18421.585000000006,Current,DEBT_CONSOLIDATION
LN-509567,CUST-107561,2025-04-05,0,0,False,False,51171.85,Current,DEBT_CONSOLIDATION
LN-509568,CUST-103243,2025-04-05,1,24,False,False,31400.909999999996,1-29,DEBT_CONSOLIDATION
LN-509569,CUST-106284,2025-04-05,0,0,False,False,28160.46,Current,DEBT_CONSOLIDATION
LN-509570,CUST-103567,2025-04-05,0,0,False,False,91857.60250000004,Current,DEBT_CONSOLIDATION
LN-509571,CUST-106496,2025-04-05,0,0,False,False,47000.44750000004,Current,DEBT_CONSOLIDATION
LN-509572,CUST-102048,2025-04-05,0,0,False,False,34023.48750000003,Current,DEBT_CONSOLIDATION
LN-509573,CUST-105688,2025-04-05,0,0,False,False,3881.2700000000004,Current,DEBT_CONSOLIDATION
LN-509574,CUST-103907,2025-04-05,2,51,False,False,4498.170000000001,30-59,DEBT_CONSOLIDATION
LN-509575,CUST-101420,2025-04-05,0,0,False,False,6111.11,Current,DEBT_CONSOLIDATION
LN-509576,CUST-104940,2025-04-05,2,35,False,False,50778.384999999995,30-59,DEBT_CONSOLIDATION
LN-509577,CUST-102896,2025-04-05,0,0,False,False,42688.36749999998,Current,DEBT_CONSOLIDATION
LN-509579,CUST-104067,2025-04-05,0,0,False,False,2979.682500000001,Current,DEBT_CONSOLIDATION
LN-509580,CUST-107104,2025-04-05,0,0,False,False,32916.9775,Current,DEBT_CONSOLIDATION
LN-509581,CUST-103062,2025-04-05,0,0,False,False,373568.0799999998,Current,DEBT_CONSOLIDATION
LN-509582,CUST-103587,2025-04-05,0,0,False,False,212859.76999999993,Current,DEBT_CONSOLIDATION
LN-509583,CUST-106598,2025-04-05,0,0,False,False,36551.945,Current,DEBT_CONSOLIDATION
LN-509584,CUST-107027,2025-04-05,0,0,False,False,4141.05,Current,DEBT_CONSOLIDATION
LN-509585,CUST-107638,2025-04-05,0,0,False,False,28844.7,Current,DEBT_CONSOLIDATION
LN-509586,CUST-105744,2025-04-05,0,0,False,False,25687.260000000002,Current,DEBT_CONSOLIDATION
LN-509587,CUST-105323,2025-04-05,0,0,False,False,44780.25,Current,DEBT_CONSOLIDATION
LN-509588,CUST-101535,2025-04-05,0,0,False,False,64057.77500000001,Current,DEBT_CONSOLIDATION
LN-509589,CUST-101790,2025-04-05,0,0,False,False,13491.910000000002,Current,DEBT_CONSOLIDATION
LN-509590,CUST-100126,2025-04-05,0,0,False,False,22250.725000000013,Current,DEBT_CONSOLIDATION
LN-509591,CUST-104945,2025-04-05,0,0,False,False,20393.814999999995,Current,DEBT_CONSOLIDATION
LN-509592,CUST-104263,2025-04-05,0,0,False,False,11451.174999999992,Current,DEBT_CONSOLIDATION
LN-509593,CUST-102158,2025-04-05,0,0,False,False,32762.28,Current,DEBT_CONSOLIDATION
LN-509594,CUST-100049,2025-04-05,0,0,False,False,17308.962499999998,Current,DEBT_CONSOLIDATION
LN-509595,CUST-106001,2025-04-05,0,0,False,False,17652.75,Current,DEBT_CONSOLIDATION
LN-509596,CUST-107573,2025-04-05,0,0,False,False,43364.905,Current,DEBT_CONSOLIDATION
LN-509598,CUST-107501,2025-04-05,0,0,False,False,4068.132500000002,Current,DEBT_CONSOLIDATION
LN-509600,CUST-103943,2025-04-05,0,0,False,False,42033.48,Current,DEBT_CONSOLIDATION
LN-509601,CUST-101108,2025-04-05,0,0,False,False,15131.52,Current,DEBT_CONSOLIDATION
LN-509602,CUST-106654,2025-04-05,0,0,False,False,21597.667500000014,Current,DEBT_CONSOLIDATION
LN-509603,CUST-106220,2025-04-05,0,0,False,False,58635.72500000001,Current,DEBT_CONSOLIDATION
LN-509606,CUST-105640,2025-04-05,0,0,False,False,28761.045000000006,Current,DEBT_CONSOLIDATION
LN-509607,CUST-104114,2025-04-05,0,0,False,False,44534.755,Current,DEBT_CONSOLIDATION
LN-509608,CUST-106013,2025-04-05,0,0,False,False,25604.39,Current,DEBT_CONSOLIDATION
LN-509609,CUST-101808,2025-04-05,0,0,True,False,42118.74999999997,Current,DEBT_CONSOLIDATION
LN-509610,CUST-106669,2025-04-05,4,134,False,False,27760.170000000002,90+,DEBT_CONSOLIDATION
LN-509611,CUST-105153,2025-04-05,0,0,False,False,9323.9525,Current,DEBT_CONSOLIDATION
LN-509612,CUST-101132,2025-04-05,0,0,False,False,118461.36249999999,Current,DEBT_CONSOLIDATION
LN-509613,CUST-105628,2025-04-05,0,0,False,False,14072.369999999999,Current,DEBT_CONSOLIDATION
LN-509615,CUST-101448,2025-04-05,0,0,False,False,24264.075000000004,Current,DEBT_CONSOLIDATION
LN-509617,CUST-104011,2025-04-05,0,0,False,False,17729.552500000005,Current,DEBT_CONSOLIDATION
LN-509618,CUST-104347,2025-04-05,0,0,False,False,8069.970000000005,Current,DEBT_CONSOLIDATION
LN-509619,CUST-100583,2025-04-05,0,0,False,False,9412.844999999996,Current,DEBT_CONSOLIDATION
LN-509620,CUST-101806,2025-04-05,0,0,False,False,32348.767500000013,Current,DEBT_CONSOLIDATION
LN-509621,CUST-105162,2025-04-05,3,78,False,False,18552.460000000014,60-89,DEBT_CONSOLIDATION
LN-509622,CUST-102648,2025-04-05,1,1,False,False,46750.58500000002,1-29,DEBT_CONSOLIDATION
LN-509623,CUST-103750,2025-04-05,0,0,False,False,47857.1125,Current,DEBT_CONSOLIDATION
LN-509625,CUST-103631,2025-04-05,0,0,False,False,43336.12,Current,DEBT_CONSOLIDATION
LN-509626,CUST-100619,2025-04-05,0,0,False,False,36013.13,Current,DEBT_CONSOLIDATION
LN-509627,CUST-102286,2025-04-05,0,0,False,False,10738.714999999995,Current,DEBT_CONSOLIDATION
LN-509629,CUST-104191,2025-04-05,1,4,False,False,40578.15499999998,1-29,DEBT_CONSOLIDATION
LN-509630,CUST-107627,2025-04-05,0,0,False,False,39479.81000000003,Current,DEBT_CONSOLIDATION
LN-509631,CUST-103988,2025-04-05,0,0,False,False,11821.169999999995,Current,DEBT_CONSOLIDATION
LN-509632,CUST-101244,2025-04-05,0,0,False,False,2621.66,Current,DEBT_CONSOLIDATION
LN-509633,CUST-106079,2025-04-05,0,0,False,False,61413.11000000001,Current,DEBT_CONSOLIDATION
LN-509634,CUST-102267,2025-04-05,0,0,False,False,18030.255000000005,Current,DEBT_CONSOLIDATION
LN-509636,CUST-106180,2025-04-05,0,0,False,False,22821.259999999995,Current,DEBT_CONSOLIDATION
LN-509637,CUST-104695,2025-04-05,0,0,False,False,10088.224999999995,Current,DEBT_CONSOLIDATION
LN-509638,CUST-107888,2025-04-05,0,0,False,False,27212.740000000005,Current,DEBT_CONSOLIDATION
LN-509640,CUST-107995,2025-04-05,0,0,False,False,11497.442500000005,Current,DEBT_CONSOLIDATION
LN-509641,CUST-100902,2025-04-05,0,0,False,False,13798.785000000003,Current,DEBT_CONSOLIDATION
LN-509642,CUST-107899,2025-04-05,0,0,False,False,40688.41,Current,DEBT_CONSOLIDATION
LN-509643,CUST-101713,2025-04-05,0,0,False,False,42212.49999999999,Current,DEBT_CONSOLIDATION
LN-509644,CUST-101574,2025-04-05,0,0,False,False,23611.25999999999,Current,DEBT_CONSOLIDATION
LN-509645,CUST-103916,2025-04-05,0,0,False,False,86762.94999999995,Current,DEBT_CONSOLIDATION
LN-509646,CUST-104309,2025-04-05,0,0,False,False,40123.400000000016,Current,DEBT_CONSOLIDATION
LN-509647,CUST-106484,2025-04-05,0,0,False,False,43455.70999999999,Current,DEBT_CONSOLIDATION
LN-509649,CUST-101900,2025-04-05,0,0,False,False,7063.869999999998,Current,DEBT_CONSOLIDATION
LN-509650,CUST-102019,2025-04-05,0,0,False,False,7093.232500000002,Current,DEBT_CONSOLIDATION
LN-509652,CUST-105513,2025-04-05,0,0,False,False,22498.13,Current,DEBT_CONSOLIDATION
LN-509653,CUST-101184,2025-04-05,0,0,False,False,28025.505000000005,Current,DEBT_CONSOLIDATION
LN-509654,CUST-101307,2025-04-05,0,0,False,False,13592.76,Current,DEBT_CONSOLIDATION
LN-509655,CUST-102721,2025-04-05,0,0,False,False,35954.767499999994,Current,DEBT_CONSOLIDATION
LN-509656,CUST-103519,2025-04-05,0,0,False,False,37135.615000000005,Current,DEBT_CONSOLIDATION
LN-509657,CUST-106593,2025-04-05,0,0,False,False,15434.419999999991,Current,DEBT_CONSOLIDATION
LN-509658,CUST-103257,2025-04-05,0,0,False,False,2471.955000000001,Current,DEBT_CONSOLIDATION
LN-509659,CUST-104482,2025-04-05,0,0,False,False,13189.665000000006,Current,DEBT_CONSOLIDATION
LN-509660,CUST-100000,2025-04-05,0,0,False,False,20548.29000000001,Current,DEBT_CONSOLIDATION
LN-509661,CUST-102106,2025-04-05,0,0,False,False,24297.4225,Current,DEBT_CONSOLIDATION
LN-509662,CUST-100503,2025-04-05,0,0,False,False,3682.174999999999,Current,DEBT_CONSOLIDATION
LN-509664,CUST-106160,2025-04-05,0,0,False,False,450094.1874999999,Current,DEBT_CONSOLIDATION
LN-509665,CUST-107563,2025-04-05,0,0,False,False,29408.3875,Current,DEBT_CONSOLIDATION
LN-509666,CUST-102838,2025-04-05,0,0,False,False,548775.9800000002,Current,DEBT_CONSOLIDATION
LN-509667,CUST-102534,2025-04-05,0,0,False,False,14323.625000000004,Current,DEBT_CONSOLIDATION
LN-509668,CUST-107847,2025-04-05,0,0,False,False,6418.2400000000025,Current,DEBT_CONSOLIDATION
LN-509669,CUST-105117,2025-04-05,0,0,False,False,12023.590000000002,Current,DEBT_CONSOLIDATION
LN-509670,CUST-107785,2025-04-05,0,0,False,False,9122.150000000003,Current,DEBT_CONSOLIDATION
LN-509671,CUST-105195,2025-04-05,1,12,False,False,24344.622499999998,1-29,DEBT_CONSOLIDATION
LN-509672,CUST-102940,2025-04-05,0,0,False,False,17044.450000000008,Current,DEBT_CONSOLIDATION
LN-509673,CUST-107170,2025-04-05,0,0,False,False,7593.9100000000035,Current,DEBT_CONSOLIDATION
LN-509674,CUST-105995,2025-04-05,0,0,False,False,18375.600000000013,Current,DEBT_CONSOLIDATION
LN-509676,CUST-101967,2025-04-05,0,0,False,False,30730.50999999998,Current,DEBT_CONSOLIDATION
LN-509677,CUST-106613,2025-04-05,0,0,False,False,10319.572499999998,Current,DEBT_CONSOLIDATION
LN-509678,CUST-100488,2025-04-05,0,0,False,False,14124.639999999998,Current,DEBT_CONSOLIDATION
LN-509679,CUST-103293,2025-04-05,0,0,False,False,2616.55,Current,DEBT_CONSOLIDATION
LN-509680,CUST-102480,2025-04-05,0,0,False,False,47737.14,Current,DEBT_CONSOLIDATION
LN-509681,CUST-106764,2025-04-05,0,0,False,False,45391.70999999999,Current,DEBT_CONSOLIDATION
LN-509683,CUST-102576,2025-04-05,4,105,False,False,40147.265,90+,DEBT_CONSOLIDATION
LN-509684,CUST-105598,2025-04-05,0,0,False,False,5918.98,Current,DEBT_CONSOLIDATION
LN-509685,CUST-105332,2025-04-05,0,0,False,False,43820.162500000006,Current,DEBT_CONSOLIDATION
LN-509686,CUST-107007,2025-04-05,0,0,False,False,24310.207500000004,Current,DEBT_CONSOLIDATION
LN-509687,CUST-106143,2025-04-05,0,0,False,False,15410.61,Current,DEBT_CONSOLIDATION
LN-509688,CUST-106395,2025-04-05,0,0,False,False,10624.584999999997,Current,DEBT_CONSOLIDATION
LN-509689,CUST-100943,2025-04-05,0,0,False,False,7506.05,Current,DEBT_CONSOLIDATION
LN-509690,CUST-106474,2025-04-05,4,92,False,False,33321.529999999984,90+,DEBT_CONSOLIDATION
LN-509691,CUST-105765,2025-04-05,1,19,False,False,43093.795,1-29,DEBT_CONSOLIDATION
LN-509692,CUST-106220,2025-04-05,0,0,False,False,458641.505,Current,DEBT_CONSOLIDATION
LN-509693,CUST-107852,2025-04-05,0,0,False,False,131349.10999999996,Current,DEBT_CONSOLIDATION
LN-509695,CUST-105909,2025-04-05,0,0,False,False,3866.3099999999968,Current,DEBT_CONSOLIDATION
LN-509697,CUST-101679,2025-04-05,0,0,False,False,47684.642499999994,Current,DEBT_CONSOLIDATION
LN-509698,CUST-102830,2025-04-05,0,0,True,False,8441.097500000002,Current,DEBT_CONSOLIDATION
LN-509699,CUST-106992,2025-04-05,0,0,False,False,10636.909999999998,Current,DEBT_CONSOLIDATION
LN-509700,CUST-101602,2025-04-05,1,12,False,False,1525.4599999999998,1-29,DEBT_CONSOLIDATION
LN-509701,CUST-107500,2025-04-05,0,0,False,False,25914.917500000003,Current,DEBT_CONSOLIDATION
LN-509702,CUST-102577,2025-04-05,0,0,False,False,34740.78750000001,Current,DEBT_CONSOLIDATION
LN-509703,CUST-106679,2025-04-05,0,0,False,False,50299.145,Current,DEBT_CONSOLIDATION
LN-509705,CUST-103333,2025-04-05,0,0,False,False,32822.79,Current,DEBT_CONSOLIDATION
LN-509706,CUST-101860,2025-04-05,0,0,False,False,8769.21,Current,DEBT_CONSOLIDATION
LN-509707,CUST-103748,2025-04-05,4,136,False,False,34047.64,90+,DEBT_CONSOLIDATION
LN-509708,CUST-107722,2025-04-05,0,0,False,False,38032.262500000026,Current,DEBT_CONSOLIDATION
LN-509710,CUST-103918,2025-04-05,0,0,False,False,10678.03,Current,DEBT_CONSOLIDATION
LN-509711,CUST-106028,2025-04-05,0,0,False,False,23217.25000000002,Current,DEBT_CONSOLIDATION
LN-509713,CUST-102055,2025-04-05,0,0,False,False,46596.80999999999,Current,DEBT_CONSOLIDATION
LN-509714,CUST-105096,2025-04-05,0,0,False,False,12221.43,Current,DEBT_CONSOLIDATION
LN-509716,CUST-102140,2025-04-05,0,0,False,False,21617.285,Current,DEBT_CONSOLIDATION
LN-509717,CUST-103006,2025-04-05,0,0,False,False,29090.120000000003,Current,DEBT_CONSOLIDATION
LN-509719,CUST-104442,2025-04-05,0,0,False,False,24978.359999999997,Current,DEBT_CONSOLIDATION
LN-509720,CUST-102277,2025-04-05,0,0,False,False,1790.4599999999994,Current,DEBT_CONSOLIDATION
LN-509721,CUST-104288,2025-04-05,0,0,False,False,20913.985000000004,Current,DEBT_CONSOLIDATION
LN-509722,CUST-102152,2025-04-05,0,0,False,False,17484.412500000006,Current,DEBT_CONSOLIDATION
LN-509723,CUST-106689,2025-04-05,1,11,False,False,10781.929999999995,1-29,DEBT_CONSOLIDATION
LN-509724,CUST-107291,2025-04-05,1,4,False,False,15562.45,1-29,DEBT_CONSOLIDATION
LN-509725,CUST-100502,2025-04-05,0,0,False,False,41783.240000000005,Current,DEBT_CONSOLIDATION
LN-509726,CUST-105431,2025-04-05,0,0,False,False,212673.35750000004,Current,DEBT_CONSOLIDATION
LN-509727,CUST-100171,2025-04-05,0,0,False,False,14135.83999999999,Current,DEBT_CONSOLIDATION
LN-509728,CUST-103051,2025-04-05,0,0,False,False,35239.59,Current,DEBT_CONSOLIDATION
LN-509731,CUST-104578,2025-04-05,0,0,False,False,27454.535000000018,Current,DEBT_CONSOLIDATION
LN-509734,CUST-101894,2025-04-05,2,54,False,False,18622.539999999994,30-59,DEBT_CONSOLIDATION
LN-509735,CUST-107029,2025-04-05,0,0,False,False,19476.76,Current,DEBT_CONSOLIDATION
LN-509737,CUST-102793,2025-04-05,0,0,False,False,39917.8125,Current,DEBT_CONSOLIDATION
LN-509738,CUST-105948,2025-04-05,0,0,False,False,28439.4275,Current,DEBT_CONSOLIDATION
LN-509739,CUST-100417,2025-04-05,0,0,False,False,10965.257499999996,Current,DEBT_CONSOLIDATION
LN-509741,CUST-104242,2025-04-05,0,0,False,False,30027.1225,Current,DEBT_CONSOLIDATION
LN-509742,CUST-103292,2025-04-05,0,0,False,False,32328.660000000003,Current,DEBT_CONSOLIDATION
LN-509743,CUST-101608,2025-04-05,0,0,False,False,25662.715000000004,Current,DEBT_CONSOLIDATION
LN-509745,CUST-107736,2025-04-05,2,50,False,False,37157.36499999999,30-59,DEBT_CONSOLIDATION
LN-509747,CUST-106028,2025-04-05,0,0,False,False,9618.32,Current,DEBT_CONSOLIDATION
LN-509748,CUST-101037,2025-04-05,0,0,False,False,34654.72250000004,Current,DEBT_CONSOLIDATION
LN-509749,CUST-101107,2025-04-05,0,0,False,False,13810.767500000002,Current,DEBT_CONSOLIDATION
LN-509750,CUST-101519,2025-04-05,0,0,False,False,11432.380000000001,Current,DEBT_CONSOLIDATION
LN-509751,CUST-102038,2025-04-05,0,0,False,False,12816.134999999998,Current,DEBT_CONSOLIDATION
LN-509752,CUST-102614,2025-04-05,0,0,False,False,138726.145,Current,DEBT_CONSOLIDATION
LN-509755,CUST-103156,2025-04-05,0,0,False,False,37524.56,Current,DEBT_CONSOLIDATION
LN-509756,CUST-106320,2025-04-05,0,0,False,False,11892.8675,Current,DEBT_CONSOLIDATION
LN-509757,CUST-103813,2025-04-05,0,0,False,False,43456.89,Current,DEBT_CONSOLIDATION
LN-509758,CUST-107560,2025-04-05,0,0,False,False,10938.920000000007,Current,DEBT_CONSOLIDATION
LN-509759,CUST-102993,2025-04-05,0,0,False,False,38675.91499999999,Current,DEBT_CONSOLIDATION
LN-509760,CUST-104373,2025-04-05,0,0,False,False,9532.427500000005,Current,DEBT_CONSOLIDATION
LN-509761,CUST-100390,2025-04-05,0,0,False,False,19521.729999999992,Current,DEBT_CONSOLIDATION
LN-509762,CUST-103634,2025-04-05,0,0,False,False,13977.944999999992,Current,DEBT_CONSOLIDATION
LN-509763,CUST-103105,2025-04-05,0,0,False,False,10066.40999999999,Current,DEBT_CONSOLIDATION
LN-509764,CUST-104886,2025-04-05,0,0,False,False,15399.515000000001,Current,DEBT_CONSOLIDATION
LN-509765,CUST-102075,2025-04-05,0,0,False,False,18301.589999999993,Current,DEBT_CONSOLIDATION
LN-509766,CUST-105638,2025-04-05,0,0,False,False,20752.250000000007,Current,DEBT_CONSOLIDATION
LN-509767,CUST-104839,2025-04-05,0,0,False,False,562267.4600000002,Current,DEBT_CONSOLIDATION
LN-509768,CUST-107366,2025-04-05,0,0,False,False,41714.844999999994,Current,DEBT_CONSOLIDATION
LN-509769,CUST-103677,2025-04-05,0,0,False,False,48195.057500000024,Current,DEBT_CONSOLIDATION
LN-509770,CUST-103153,2025-04-05,0,0,False,False,19405.50999999999,Current,DEBT_CONSOLIDATION
LN-509771,CUST-105207,2025-04-05,0,0,False,False,565074.55,Current,DEBT_CONSOLIDATION
LN-509773,CUST-105817,2025-04-05,0,0,False,False,14753.71,Current,DEBT_CONSOLIDATION
LN-509774,CUST-101778,2025-04-05,0,0,False,False,22197.655000000002,Current,DEBT_CONSOLIDATION
LN-509775,CUST-104675,2025-04-05,0,0,False,False,15688.469999999994,Current,DEBT_CONSOLIDATION
LN-509776,CUST-103894,2025-04-05,0,0,False,False,35914.87499999999,Current,DEBT_CONSOLIDATION
LN-509777,CUST-102498,2025-04-05,0,0,False,False,46470.150000000016,Current,DEBT_CONSOLIDATION
LN-509778,CUST-104528,2025-04-05,1,17,False,False,21446.270000000008,1-29,DEBT_CONSOLIDATION
LN-509779,CUST-100373,2025-04-05,1,20,False,False,5199.545,1-29,DEBT_CONSOLIDATION
LN-509780,CUST-106578,2025-04-05,0,0,False,False,23589.84000000001,Current,DEBT_CONSOLIDATION
LN-509782,CUST-106137,2025-04-05,0,0,False,False,26879.274999999998,Current,DEBT_CONSOLIDATION
LN-509783,CUST-107557,2025-04-05,0,0,False,False,20131.58249999999,Current,DEBT_CONSOLIDATION
LN-509784,CUST-101131,2025-04-05,0,0,False,False,9089.149999999992,Current,DEBT_CONSOLIDATION
LN-509785,CUST-101842,2025-04-05,0,0,False,False,19767.557499999988,Current,DEBT_CONSOLIDATION
LN-509786,CUST-101573,2025-04-05,0,0,False,False,46527.835000000014,Current,DEBT_CONSOLIDATION
LN-509788,CUST-105043,2025-04-05,0,0,False,False,21617.99000000001,Current,DEBT_CONSOLIDATION
LN-509789,CUST-104444,2025-04-05,0,0,False,False,17016.054999999986,Current,DEBT_CONSOLIDATION
LN-509790,CUST-100787,2025-04-05,0,0,False,False,32432.63999999999,Current,DEBT_CONSOLIDATION
LN-509791,CUST-104121,2025-04-05,0,0,False,False,58683.75000000001,Current,DEBT_CONSOLIDATION
LN-509792,CUST-105167,2025-04-05,0,0,False,False,18430.89000000001,Current,DEBT_CONSOLIDATION
LN-509793,CUST-104954,2025-04-05,0,0,False,False,27793.509999999995,Current,DEBT_CONSOLIDATION
LN-509794,CUST-100369,2025-04-05,2,41,False,False,11436.369999999999,30-59,DEBT_CONSOLIDATION
LN-509795,CUST-107181,2025-04-05,0,0,False,False,1693.9199999999998,Current,DEBT_CONSOLIDATION
LN-509796,CUST-105731,2025-04-05,0,0,False,False,5873.715000000004,Current,DEBT_CONSOLIDATION
LN-509797,CUST-105306,2025-04-05,0,0,False,False,24030.9375,Current,DEBT_CONSOLIDATION
LN-509798,CUST-104979,2025-04-05,0,0,False,False,13020.81,Current,DEBT_CONSOLIDATION
LN-509799,CUST-106010,2025-04-05,0,0,False,False,34006.49,Current,DEBT_CONSOLIDATION
LN-509800,CUST-104374,2025-04-05,0,0,False,False,32444.57,Current,DEBT_CONSOLIDATION
LN-509801,CUST-106484,2025-04-05,0,0,False,False,9177.105,Current,DEBT_CONSOLIDATION
LN-509802,CUST-105447,2025-04-05,0,0,False,False,410722.4975,Current,DEBT_CONSOLIDATION
LN-509804,CUST-101928,2025-04-05,0,0,False,False,21206.7,Current,DEBT_CONSOLIDATION
LN-509805,CUST-104055,2025-04-05,0,0,False,False,637546.53,Current,DEBT_CONSOLIDATION
LN-509806,CUST-100606,2025-04-05,0,0,False,False,13488.207499999995,Current,DEBT_CONSOLIDATION
LN-509807,CUST-105144,2025-04-05,1,21,False,False,47860.10999999998,1-29,DEBT_CONSOLIDATION
LN-509808,CUST-102576,2025-04-05,0,0,False,False,13363.140000000003,Current,DEBT_CONSOLIDATION
LN-509809,CUST-106569,2025-04-05,0,0,False,False,3204.4100000000008,Current,DEBT_CONSOLIDATION
LN-509810,CUST-104124,2025-04-05,0,0,False,False,121956.58999999998,Current,DEBT_CONSOLIDATION
LN-509811,CUST-105051,2025-04-05,0,0,False,False,18718.449999999997,Current,DEBT_CONSOLIDATION
LN-509812,CUST-101876,2025-04-05,0,0,False,False,28673.2925,Current,DEBT_CONSOLIDATION
LN-509813,CUST-106456,2025-04-05,0,0,False,False,38806.5775,Current,DEBT_CONSOLIDATION
LN-509814,CUST-100583,2025-04-05,0,0,False,True,7062.270000000002,Current,DEBT_CONSOLIDATION
LN-509815,CUST-105389,2025-04-05,0,0,False,False,26327.642499999994,Current,DEBT_CONSOLIDATION
LN-509817,CUST-106438,2025-04-05,0,0,False,False,12212.550000000007,Current,DEBT_CONSOLIDATION
LN-509818,CUST-100655,2025-04-05,0,0,False,False,11057.760000000006,Current,DEBT_CONSOLIDATION
LN-509819,CUST-104881,2025-04-05,0,0,False,False,14480.765000000007,Current,DEBT_CONSOLIDATION
LN-509821,CUST-102122,2025-04-05,0,0,False,False,42257.930000000015,Current,DEBT_CONSOLIDATION
LN-509822,CUST-106245,2025-04-05,0,0,False,False,10229.335000000001,Current,DEBT_CONSOLIDATION
LN-509823,CUST-107699,2025-04-05,0,0,False,False,13093.777499999993,Current,DEBT_CONSOLIDATION
LN-509824,CUST-107796,2025-04-05,0,0,False,False,34713.21,Current,DEBT_CONSOLIDATION
LN-509825,CUST-107853,2025-04-05,0,0,False,False,49529.9275,Current,DEBT_CONSOLIDATION
LN-509826,CUST-102220,2025-04-05,0,0,False,False,29245.27,Current,DEBT_CONSOLIDATION
LN-509827,CUST-105123,2025-04-05,0,0,False,False,38500.9125,Current,DEBT_CONSOLIDATION
LN-509828,CUST-105779,2025-04-05,0,0,False,False,15406.254999999994,Current,DEBT_CONSOLIDATION
LN-509830,CUST-105745,2025-04-05,0,0,False,False,10698.75250000001,Current,DEBT_CONSOLIDATION
LN-509831,CUST-104928,2025-04-05,0,0,False,False,15226.5425,Current,DEBT_CONSOLIDATION
LN-509832,CUST-105099,2025-04-05,0,0,False,False,24340.53000000001,Current,DEBT_CONSOLIDATION
LN-509833,CUST-103985,2025-04-05,0,0,False,False,15087.570000000002,Current,DEBT_CONSOLIDATION
LN-509834,CUST-100166,2025-04-05,2,51,False,False,48509.81500000002,30-59,DEBT_CONSOLIDATION
LN-509835,CUST-106443,2025-04-05,0,0,False,False,32694.6325,Current,DEBT_CONSOLIDATION
LN-509836,CUST-102016,2025-04-05,0,0,False,False,21919.96,Current,DEBT_CONSOLIDATION
LN-509837,CUST-100117,2025-04-05,0,0,False,False,993.81,Current,DEBT_CONSOLIDATION
LN-509838,CUST-106755,2025-04-05,0,0,False,False,14244.654999999999,Current,DEBT_CONSOLIDATION
LN-509839,CUST-101809,2025-04-05,0,0,False,False,5591.34,Current,DEBT_CONSOLIDATION
LN-509840,CUST-107342,2025-04-05,0,0,False,False,17627.99999999999,Current,DEBT_CONSOLIDATION
LN-509841,CUST-102206,2025-04-05,0,0,False,False,19348.699999999983,Current,DEBT_CONSOLIDATION
LN-509842,CUST-105503,2025-04-05,0,0,False,False,12838.054999999995,Current,DEBT_CONSOLIDATION
LN-509843,CUST-101250,2025-04-05,0,0,False,False,45803.64999999998,Current,DEBT_CONSOLIDATION
LN-509844,CUST-104006,2025-04-05,1,27,False,False,9709.63,1-29,DEBT_CONSOLIDATION
LN-509845,CUST-103109,2025-04-05,0,0,False,False,7131.534999999998,Current,DEBT_CONSOLIDATION
LN-509846,CUST-104558,2025-04-05,0,0,False,False,13521.077499999998,Current,DEBT_CONSOLIDATION
LN-509847,CUST-107598,2025-04-05,0,0,False,False,1709.38,Current,DEBT_CONSOLIDATION
LN-509848,CUST-105829,2025-04-05,0,0,False,False,13331.77,Current,DEBT_CONSOLIDATION
LN-509850,CUST-102151,2025-04-05,0,0,False,False,9684.817499999996,Current,DEBT_CONSOLIDATION
LN-509851,CUST-105077,2025-04-05,0,0,False,False,17197.79500000002,Current,DEBT_CONSOLIDATION
LN-509852,CUST-107360,2025-04-05,0,0,False,False,100593.54500000001,Current,DEBT_CONSOLIDATION
LN-509853,CUST-102297,2025-04-05,0,0,False,False,33172.53,Current,DEBT_CONSOLIDATION
LN-509855,CUST-102614,2025-04-05,3,79,False,False,8231.822500000006,60-89,DEBT_CONSOLIDATION
LN-509856,CUST-101879,2025-04-05,0,0,False,False,17950.6,Current,DEBT_CONSOLIDATION
LN-509857,CUST-100596,2025-04-05,0,0,False,False,11797.685000000009,Current,DEBT_CONSOLIDATION
LN-509859,CUST-106698,2025-04-05,0,0,False,False,26939.954999999998,Current,DEBT_CONSOLIDATION
LN-509860,CUST-105507,2025-04-05,0,0,False,False,19950.185000000005,Current,DEBT_CONSOLIDATION
LN-509861,CUST-100070,2025-04-05,0,0,False,False,37225.045000000006,Current,DEBT_CONSOLIDATION
LN-509862,CUST-105051,2025-04-05,0,0,False,False,332019.65000000014,Current,DEBT_CONSOLIDATION
LN-509863,CUST-101803,2025-04-05,0,0,False,False,10434.042500000005,Current,DEBT_CONSOLIDATION
LN-509864,CUST-107116,2025-04-05,0,0,False,False,40310.94,Current,DEBT_CONSOLIDATION
LN-509865,CUST-104533,2025-04-05,0,0,False,False,3202.042500000001,Current,DEBT_CONSOLIDATION
LN-509866,CUST-101067,2025-04-05,0,0,False,False,275588.6500000001,Current,DEBT_CONSOLIDATION
LN-509867,CUST-107439,2025-04-05,4,144,False,False,18880.08000000001,90+,DEBT_CONSOLIDATION
LN-509868,CUST-101925,2025-04-05,0,0,False,False,8425.81250000001,Current,DEBT_CONSOLIDATION
LN-509869,CUST-101037,2025-04-05,0,0,False,False,16657.280000000013,Current,DEBT_CONSOLIDATION
LN-509870,CUST-103442,2025-04-05,0,0,False,False,7963.460000000001,Current,DEBT_CONSOLIDATION
LN-509871,CUST-101402,2025-04-05,0,0,False,False,15151.43,Current,DEBT_CONSOLIDATION
LN-509872,CUST-102361,2025-04-05,0,0,False,False,390477.09,Current,DEBT_CONSOLIDATION
LN-509873,CUST-101438,2025-04-05,1,4,False,False,20408.937500000004,1-29,DEBT_CONSOLIDATION
LN-509874,CUST-103811,2025-04-05,0,0,False,False,31717.95,Current,DEBT_CONSOLIDATION
LN-509875,CUST-100484,2025-04-05,0,0,False,False,37747.81000000001,Current,DEBT_CONSOLIDATION
LN-509876,CUST-104264,2025-04-05,0,0,False,False,7754.4400000000005,Current,DEBT_CONSOLIDATION
LN-509877,CUST-107031,2025-04-05,0,0,False,False,13155.480000000012,Current,DEBT_CONSOLIDATION
LN-509878,CUST-104898,2025-04-05,0,0,False,False,18392.605000000007,Current,DEBT_CONSOLIDATION
LN-509879,CUST-106409,2025-04-05,0,0,False,False,23914.23500000001,Current,DEBT_CONSOLIDATION
LN-509880,CUST-104944,2025-04-05,0,0,False,False,17375.760000000002,Current,DEBT_CONSOLIDATION
LN-509883,CUST-105789,2025-04-05,0,0,False,False,5034.22,Current,DEBT_CONSOLIDATION
LN-509884,CUST-103371,2025-04-05,0,0,False,False,9275.207499999995,Current,DEBT_CONSOLIDATION
LN-509885,CUST-101350,2025-04-05,0,0,False,False,14852.069999999998,Current,DEBT_CONSOLIDATION
LN-509886,CUST-100529,2025-04-05,0,0,False,False,137317.98999999982,Current,DEBT_CONSOLIDATION
LN-509887,CUST-105714,2025-04-05,0,0,False,False,22117.225,Current,DEBT_CONSOLIDATION
LN-509889,CUST-103814,2025-04-05,0,0,False,False,3038.740000000001,Current,DEBT_CONSOLIDATION
LN-509890,CUST-107147,2025-04-05,0,0,False,False,124362.66,Current,DEBT_CONSOLIDATION
LN-509892,CUST-101788,2025-04-05,0,0,False,False,37334.49999999998,Current,DEBT_CONSOLIDATION
LN-509893,CUST-101702,2025-04-05,0,0,False,False,103307.4525,Current,DEBT_CONSOLIDATION
LN-509894,CUST-103625,2025-04-05,0,0,False,False,5170.660000000002,Current,DEBT_CONSOLIDATION
LN-509895,CUST-103320,2025-04-05,0,0,False,False,24796.19999999999,Current,DEBT_CONSOLIDATION
LN-509896,CUST-100759,2025-04-05,0,0,False,False,212825.06000000006,Current,DEBT_CONSOLIDATION
LN-509897,CUST-101403,2025-04-05,0,0,False,False,39903.62250000002,Current,DEBT_CONSOLIDATION
LN-509898,CUST-100797,2025-04-05,0,0,False,False,17167.429999999997,Current,DEBT_CONSOLIDATION
LN-509899,CUST-100531,2025-04-05,0,0,False,False,34584.5875,Current,DEBT_CONSOLIDATION
LN-509900,CUST-101917,2025-04-05,0,0,False,False,18016.004999999997,Current,DEBT_CONSOLIDATION
LN-509901,CUST-104959,2025-04-05,0,0,False,False,13869.5925,Current,DEBT_CONSOLIDATION
LN-509903,CUST-104137,2025-04-05,0,0,False,False,32301.715000000004,Current,DEBT_CONSOLIDATION
LN-509904,CUST-103416,2025-04-05,2,59,False,False,93056.52749999994,30-59,DEBT_CONSOLIDATION
LN-509905,CUST-100598,2025-04-05,0,0,False,False,122577.5124999999,Current,DEBT_CONSOLIDATION
LN-509906,CUST-107428,2025-04-05,0,0,False,False,53184.582500000004,Current,DEBT_CONSOLIDATION
LN-509907,CUST-100305,2025-04-05,0,0,False,False,72925.86500000009,Current,DEBT_CONSOLIDATION
LN-509908,CUST-104904,2025-04-05,1,12,False,False,13031.349999999995,1-29,DEBT_CONSOLIDATION
LN-509909,CUST-105359,2025-04-05,0,0,False,False,13661.772500000003,Current,DEBT_CONSOLIDATION
LN-509910,CUST-100678,2025-04-05,0,0,False,False,42786.53000000001,Current,DEBT_CONSOLIDATION
LN-509911,CUST-103384,2025-04-05,1,15,False,False,24597.850000000002,1-29,DEBT_CONSOLIDATION
LN-509912,CUST-100730,2025-04-05,0,0,False,False,29405.2225,Current,DEBT_CONSOLIDATION
LN-509914,CUST-102025,2025-04-05,0,0,False,False,81943.69999999998,Current,DEBT_CONSOLIDATION
LN-509915,CUST-105028,2025-04-05,0,0,False,False,20719.050000000007,Current,DEBT_CONSOLIDATION
LN-509916,CUST-104998,2025-04-05,0,0,False,False,18925.060000000016,Current,DEBT_CONSOLIDATION
LN-509917,CUST-104228,2025-04-05,0,0,False,False,47888.82999999998,Current,DEBT_CONSOLIDATION
LN-509918,CUST-102766,2025-04-05,2,43,False,False,2070.0550000000003,30-59,DEBT_CONSOLIDATION
LN-509919,CUST-102098,2025-04-05,0,0,False,False,39883.100000000006,Current,DEBT_CONSOLIDATION
LN-509920,CUST-106761,2025-04-05,0,0,False,False,7726.490000000002,Current,DEBT_CONSOLIDATION
LN-509921,CUST-100391,2025-04-05,0,0,False,False,13970.64,Current,DEBT_CONSOLIDATION
LN-509922,CUST-102743,2025-04-05,1,17,False,False,64733.37250000001,1-29,DEBT_CONSOLIDATION
LN-509923,CUST-103784,2025-04-05,0,0,False,False,9036.379999999997,Current,DEBT_CONSOLIDATION
LN-509924,CUST-106666,2025-04-05,0,0,False,False,121677.69499999999,Current,DEBT_CONSOLIDATION
LN-509925,CUST-103837,2025-04-05,3,70,False,False,29271.380000000005,60-89,DEBT_CONSOLIDATION
LN-509926,CUST-104603,2025-04-05,0,0,False,False,6313.145000000002,Current,DEBT_CONSOLIDATION
LN-509928,CUST-106497,2025-04-05,0,0,False,False,30886.595000000016,Current,DEBT_CONSOLIDATION
LN-509929,CUST-102914,2025-04-05,4,200,False,False,223870.2,90+,DEBT_CONSOLIDATION
LN-509930,CUST-107116,2025-04-05,0,0,False,False,26450.260000000002,Current,DEBT_CONSOLIDATION
LN-509932,CUST-105051,2025-04-05,0,0,False,False,20218.774999999994,Current,DEBT_CONSOLIDATION
LN-509933,CUST-104191,2025-04-05,1,13,False,False,25933.61,1-29,DEBT_CONSOLIDATION
LN-509934,CUST-104201,2025-04-05,0,0,False,False,18013.16249999999,Current,DEBT_CONSOLIDATION
LN-509935,CUST-104090,2025-04-05,0,0,False,False,43634.82749999996,Current,DEBT_CONSOLIDATION
LN-509936,CUST-103726,2025-04-05,0,0,False,False,12736.085,Current,DEBT_CONSOLIDATION
LN-509937,CUST-104773,2025-04-05,0,0,False,False,15107.30999999999,Current,DEBT_CONSOLIDATION
LN-509938,CUST-106656,2025-04-05,0,0,False,False,42151.64750000001,Current,DEBT_CONSOLIDATION
LN-509939,CUST-103629,2025-04-05,0,0,False,False,21376.569999999992,Current,DEBT_CONSOLIDATION
LN-509940,CUST-106058,2025-04-05,0,0,False,False,11353.53,Current,DEBT_CONSOLIDATION
LN-509941,CUST-107655,2025-04-05,0,0,False,False,22042.9525,Current,DEBT_CONSOLIDATION
LN-509942,CUST-104885,2025-04-05,0,0,False,False,24554.642500000005,Current,DEBT_CONSOLIDATION
LN-509943,CUST-104610,2025-04-05,0,0,False,False,24835.1425,Current,DEBT_CONSOLIDATION
LN-509944,CUST-107821,2025-04-05,0,0,False,False,44334.02999999998,Current,DEBT_CONSOLIDATION
LN-509945,CUST-107041,2025-04-05,0,0,False,False,13233.375000000007,Current,DEBT_CONSOLIDATION
LN-509946,CUST-101084,2025-04-05,0,0,False,False,34262.39999999996,Current,DEBT_CONSOLIDATION
LN-509947,CUST-107583,2025-04-05,0,0,False,False,52109.380000000005,Current,DEBT_CONSOLIDATION
LN-509948,CUST-101007,2025-04-05,0,0,False,False,4321.229999999996,Current,DEBT_CONSOLIDATION
LN-509949,CUST-101317,2025-04-05,0,0,False,False,10953.655000000002,Current,DEBT_CONSOLIDATION
LN-509950,CUST-106880,2025-04-05,0,0,False,False,33463.76250000001,Current,DEBT_CONSOLIDATION
LN-509951,CUST-102349,2025-04-05,0,0,False,False,11170.75,Current,DEBT_CONSOLIDATION
LN-509952,CUST-107337,2025-04-05,0,0,False,False,3791.812499999999,Current,DEBT_CONSOLIDATION
LN-509953,CUST-102693,2025-04-05,0,0,False,False,35531.84,Current,DEBT_CONSOLIDATION
LN-509955,CUST-105528,2025-04-05,0,0,False,False,15235.51000000001,Current,DEBT_CONSOLIDATION
LN-509956,CUST-103722,2025-04-05,0,0,False,False,6927.16,Current,DEBT_CONSOLIDATION
LN-509958,CUST-107140,2025-04-05,0,0,False,False,18995.7625,Current,DEBT_CONSOLIDATION
LN-509959,CUST-104392,2025-04-05,0,0,False,False,9442.564999999997,Current,DEBT_CONSOLIDATION
LN-509960,CUST-104550,2025-04-05,0,0,False,False,17358.31499999999,Current,DEBT_CONSOLIDATION
LN-509961,CUST-107224,2025-04-05,0,0,False,False,18261.834999999992,Current,DEBT_CONSOLIDATION
LN-509963,CUST-107802,2025-04-05,2,32,False,False,48423.61,30-59,DEBT_CONSOLIDATION
LN-509964,CUST-105717,2025-04-05,0,0,False,False,3768.3900000000012,Current,DEBT_CONSOLIDATION
LN-509965,CUST-103247,2025-04-05,0,0,False,False,2395.8799999999983,Current,DEBT_CONSOLIDATION
LN-509966,CUST-102598,2025-04-05,0,0,False,False,25576.95000000002,Current,DEBT_CONSOLIDATION
LN-509967,CUST-102185,2025-04-05,0,0,False,False,36384.41,Current,DEBT_CONSOLIDATION
LN-509968,CUST-104052,2025-04-05,4,104,False,False,596663.1975,90+,DEBT_CONSOLIDATION
LN-509969,CUST-104549,2025-04-05,0,0,False,False,12957.05000000001,Current,DEBT_CONSOLIDATION
LN-509970,CUST-103824,2025-04-05,0,0,False,False,18010.405000000006,Current,DEBT_CONSOLIDATION
LN-509971,CUST-101249,2025-04-05,0,0,False,False,34975.6475,Current,DEBT_CONSOLIDATION
LN-509972,CUST-106586,2025-04-05,0,0,False,False,22581.6725,Current,DEBT_CONSOLIDATION
LN-509973,CUST-107373,2025-04-05,3,82,False,False,29418.495,60-89,DEBT_CONSOLIDATION
LN-509974,CUST-107843,2025-04-05,0,0,False,False,7075.569999999996,Current,DEBT_CONSOLIDATION
LN-509975,CUST-102074,2025-04-05,0,0,False,False,13845.11,Current,DEBT_CONSOLIDATION
LN-509976,CUST-102504,2025-04-05,0,0,False,False,2817.502500000001,Current,DEBT_CONSOLIDATION
LN-509977,CUST-104790,2025-04-05,0,0,False,False,26721.090000000004,Current,DEBT_CONSOLIDATION
LN-509978,CUST-104805,2025-04-05,0,0,False,False,12991.76000000001,Current,DEBT_CONSOLIDATION
LN-509979,CUST-102014,2025-04-05,0,0,False,False,6013.369999999997,Current,DEBT_CONSOLIDATION
LN-509980,CUST-104944,2025-04-05,3,80,False,False,524729.2200000002,60-89,DEBT_CONSOLIDATION
LN-509981,CUST-100948,2025-04-05,0,0,False,False,10672.957500000002,Current,DEBT_CONSOLIDATION
LN-509982,CUST-100106,2025-04-05,0,0,False,False,22724.87,Current,DEBT_CONSOLIDATION
LN-509983,CUST-102491,2025-04-05,0,0,False,False,21189.39499999999,Current,DEBT_CONSOLIDATION
LN-509984,CUST-105820,2025-04-05,0,0,False,False,48250.350000000006,Current,DEBT_CONSOLIDATION
LN-509985,CUST-106179,2025-04-05,0,0,False,False,25829.88,Current,DEBT_CONSOLIDATION
LN-509986,CUST-104692,2025-04-05,1,21,False,False,42611.79000000001,1-29,DEBT_CONSOLIDATION
LN-509987,CUST-100154,2025-04-05,0,0,False,False,10999.597500000002,Current,DEBT_CONSOLIDATION
LN-509988,CUST-103240,2025-04-05,0,0,False,False,21577.764999999996,Current,DEBT_CONSOLIDATION
LN-509989,CUST-101570,2025-04-05,0,0,False,False,29308.869999999995,Current,DEBT_CONSOLIDATION
LN-509990,CUST-105539,2025-04-05,0,0,False,False,25126.45,Current,DEBT_CONSOLIDATION
LN-509992,CUST-101634,2025-04-05,0,0,False,False,3877.739999999997,Current,DEBT_CONSOLIDATION
LN-509993,CUST-105356,2025-04-05,0,0,False,False,24806.68250000001,Current,DEBT_CONSOLIDATION
LN-509994,CUST-101938,2025-04-05,0,0,False,False,6652.6325000000015,Current,DEBT_CONSOLIDATION
LN-509995,CUST-101532,2025-04-05,0,0,False,False,49406.59749999999,Current,DEBT_CONSOLIDATION
LN-509996,CUST-107608,2025-04-05,0,0,False,False,103491.79999999997,Current,DEBT_CONSOLIDATION
LN-509997,CUST-103028,2025-04-05,0,0,False,False,5436.849999999999,Current,DEBT_CONSOLIDATION
LN-509999,CUST-107702,2025-04-05,0,0,False,False,12867.404999999997,Current,DEBT_CONSOLIDATION
LN-510000,CUST-101398,2025-04-05,1,5,False,False,283186.185,1-29,DEBT_CONSOLIDATION
LN-510001,CUST-103397,2025-04-05,0,0,False,False,4034.3575000000014,Current,DEBT_CONSOLIDATION
LN-510002,CUST-105599,2025-04-05,0,0,False,False,16993.31,Current,DEBT_CONSOLIDATION
LN-510003,CUST-104245,2025-04-05,0,0,False,False,20154.079999999998,Current,DEBT_CONSOLIDATION
LN-510004,CUST-104802,2025-04-05,0,0,False,False,33944.130000000034,Current,DEBT_CONSOLIDATION
LN-510005,CUST-103042,2025-04-05,0,0,False,False,51497.1475,Current,DEBT_CONSOLIDATION
LN-510006,CUST-101615,2025-04-05,0,0,False,False,40280.21000000001,Current,DEBT_CONSOLIDATION
LN-510007,CUST-101513,2025-04-05,0,0,False,False,38627.96000000003,Current,DEBT_CONSOLIDATION
LN-510008,CUST-107994,2025-04-05,0,0,False,False,44124.28000000003,Current,DEBT_CONSOLIDATION
LN-510009,CUST-106296,2025-04-05,0,0,False,False,11591.144999999999,Current,DEBT_CONSOLIDATION
LN-510010,CUST-102598,2025-04-05,0,0,False,False,10848.660000000002,Current,DEBT_CONSOLIDATION
LN-510011,CUST-100844,2025-04-05,0,0,False,False,49210.22000000002,Current,DEBT_CONSOLIDATION
LN-510012,CUST-103419,2025-04-05,0,0,False,False,84653.05999999998,Current,DEBT_CONSOLIDATION
LN-510013,CUST-103530,2025-04-05,0,0,False,False,23417.395000000004,Current,DEBT_CONSOLIDATION
LN-510014,CUST-107369,2025-04-05,0,0,False,False,188362.8,Current,DEBT_CONSOLIDATION
LN-510015,CUST-107590,2025-04-05,0,0,False,False,20867.474999999995,Current,DEBT_CONSOLIDATION
