loan_id,customer_id,snapshot_date,bucket_index,dpd,restructured_flag,fraud_flag,outstanding_balance,delinquency_bucket,loan_purpose_code
LN-500000,CUST-107530,2025-05-17,0,0,False,False,33593.860000000015,Current,DEBT_CONSOLIDATION
LN-500001,CUST-104707,2025-05-17,0,0,False,False,12117.852500000005,Current,DEBT_CONSOLIDATION
LN-500002,CUST-106152,2025-05-17,0,0,False,False,15202.285,Current,DEBT_CONSOLIDATION
LN-500003,CUST-104109,2025-05-17,0,0,False,False,35802.1725,Current,DEBT_CONSOLIDATION
LN-500004,CUST-105507,2025-05-17,0,0,False,False,17444.687500000004,Current,DEBT_CONSOLIDATION
LN-500005,CUST-104278,2025-05-17,0,0,False,False,37053.16,Current,DEBT_CONSOLIDATION
LN-500006,CUST-104241,2025-05-17,1,30,False,False,16292.795000000006,1-29,DEBT_CONSOLIDATION
LN-500007,CUST-107789,2025-05-17,0,0,False,False,16841.54,Current,DEBT_CONSOLIDATION
LN-500009,CUST-104996,2025-05-17,0,0,False,False,40421.15999999999,Current,DEBT_CONSOLIDATION
LN-500010,CUST-103092,2025-05-17,0,0,False,False,10548.394999999999,Current,DEBT_CONSOLIDATION
LN-500011,CUST-107344,2025-05-17,0,0,False,False,23999.530000000013,Current,DEBT_CONSOLIDATION
LN-500012,CUST-102210,2025-05-17,0,0,False,False,3334.9849999999997,Current,DEBT_CONSOLIDATION
LN-500013,CUST-104867,2025-05-17,0,0,False,False,5056.2699999999995,Current,DEBT_CONSOLIDATION
LN-500014,CUST-107938,2025-05-17,0,0,False,False,5054.450000000005,Current,DEBT_CONSOLIDATION
LN-500015,CUST-105329,2025-05-17,0,0,False,False,10457.359999999993,Current,DEBT_CONSOLIDATION
LN-500016,CUST-103631,2025-05-17,0,0,False,False,7648.615000000003,Current,DEBT_CONSOLIDATION
LN-500019,CUST-105349,2025-05-17,4,96,False,False,5310.782500000001,90+,DEBT_CONSOLIDATION
LN-500020,CUST-103961,2025-05-17,0,0,False,False,28985.9525,Current,DEBT_CONSOLIDATION
LN-500021,CUST-100216,2025-05-17,0,0,False,False,8767.427499999994,Current,DEBT_CONSOLIDATION
LN-500022,CUST-102541,2025-05-17,0,0,False,False,10681.429999999993,Current,DEBT_CONSOLIDATION
LN-500023,CUST-101789,2025-05-17,0,0,False,False,46636.7,Current,DEBT_CONSOLIDATION
LN-500024,CUST-106375,2025-05-17,0,0,False,False,9116.205000000002,Current,DEBT_CONSOLIDATION
LN-500025,CUST-102800,2025-05-17,0,0,False,False,3398.1425,Current,DEBT_CONSOLIDATION
LN-500026,CUST-106068,2025-05-17,2,42,False,False,24486.22,30-59,DEBT_CONSOLIDATION
LN-500027,CUST-103608,2025-05-17,0,0,False,False,18219.999999999996,Current,DEBT_CONSOLIDATION
LN-500028,CUST-105200,2025-05-17,0,0,False,False,4541.13,Current,DEBT_CONSOLIDATION
LN-500029,CUST-102872,2025-05-17,0,0,False,False,2212.202500000001,Current,DEBT_CONSOLIDATION
LN-500030,CUST-104122,2025-05-17,0,0,False,False,14869.787500000004,Current,DEBT_CONSOLIDATION
LN-500031,CUST-105559,2025-05-17,0,0,False,False,15746.739999999994,Current,DEBT_CONSOLIDATION
LN-500032,CUST-100299,2025-05-17,0,0,False,False,12576.154999999999,Current,DEBT_CONSOLIDATION
LN-500033,CUST-101498,2025-05-17,0,0,False,False,8038.714999999998,Current,DEBT_CONSOLIDATION
LN-500035,CUST-101844,2025-05-17,0,0,False,False,16023.82499999998,Current,DEBT_CONSOLIDATION
LN-500036,CUST-107229,2025-05-17,0,0,False,False,50900.26250000001,Current,DEBT_CONSOLIDATION
LN-500037,CUST-106505,2025-05-17,0,0,False,False,2531.8525,Current,DEBT_CONSOLIDATION
LN-500038,CUST-100918,2025-05-17,0,0,False,False,2644.1199999999985,Current,DEBT_CONSOLIDATION
LN-500039,CUST-100339,2025-05-17,0,0,False,False,21053.542499999996,Current,DEBT_CONSOLIDATION
LN-500040,CUST-102235,2025-05-17,3,74,False,False,12626.960000000003,60-89,DEBT_CONSOLIDATION
LN-500041,CUST-107799,2025-05-17,0,0,False,False,30427.78,Current,DEBT_CONSOLIDATION
LN-500042,CUST-107445,2025-05-17,0,0,False,False,32849.617499999964,Current,DEBT_CONSOLIDATION
LN-500043,CUST-102572,2025-05-17,0,0,False,False,13809.707500000002,Current,DEBT_CONSOLIDATION
LN-500044,CUST-100853,2025-05-17,0,0,False,False,8737.255000000008,Current,DEBT_CONSOLIDATION
LN-500045,CUST-107311,2025-05-17,1,2,False,False,594685.3825000001,1-29,DEBT_CONSOLIDATION
LN-500046,CUST-101096,2025-05-17,0,0,False,False,21035.102500000005,Current,DEBT_CONSOLIDATION
LN-500047,CUST-100107,2025-05-17,0,0,False,False,10266.320000000003,Current,DEBT_CONSOLIDATION
LN-500048,CUST-100513,2025-05-17,0,0,False,False,1670.7350000000001,Current,DEBT_CONSOLIDATION
LN-500049,CUST-101729,2025-05-17,0,0,False,False,7927.67,Current,DEBT_CONSOLIDATION
LN-500050,CUST-101980,2025-05-17,0,0,False,False,10630.214999999995,Current,DEBT_CONSOLIDATION
LN-500051,CUST-100919,2025-05-17,0,0,False,False,92810.71000000004,Current,DEBT_CONSOLIDATION
LN-500052,CUST-107189,2025-05-17,0,0,False,False,46206.09000000001,Current,DEBT_CONSOLIDATION
LN-500053,CUST-100357,2025-05-17,0,0,False,False,3753.889999999998,Current,DEBT_CONSOLIDATION
LN-500054,CUST-106827,2025-05-17,0,0,False,False,1901.7449999999994,Current,DEBT_CONSOLIDATION
LN-500055,CUST-100227,2025-05-17,0,0,False,False,7961.24,Current,DEBT_CONSOLIDATION
LN-500056,CUST-102636,2025-05-17,0,0,False,False,20872.9,Current,DEBT_CONSOLIDATION
LN-500057,CUST-104604,2025-05-17,0,0,False,False,16946.304999999993,Current,DEBT_CONSOLIDATION
LN-500058,CUST-104228,2025-05-17,0,0,False,False,19148.58000000002,Current,DEBT_CONSOLIDATION
LN-500059,CUST-102292,2025-05-17,0,0,False,False,15121.03,Current,DEBT_CONSOLIDATION
LN-500060,CUST-101162,2025-05-17,0,0,False,False,31143.35,Current,DEBT_CONSOLIDATION
LN-500061,CUST-103487,2025-05-17,0,0,False,False,48356.82249999997,Current,DEBT_CONSOLIDATION
LN-500062,CUST-101479,2025-05-17,0,0,False,False,19018.72,Current,DEBT_CONSOLIDATION
LN-500063,CUST-104045,2025-05-17,0,0,False,False,11408.465000000004,Current,DEBT_CONSOLIDATION
LN-500064,CUST-107021,2025-05-17,0,0,False,False,3296.1499999999996,Current,DEBT_CONSOLIDATION
LN-500065,CUST-102639,2025-05-17,0,0,False,False,4978.554999999999,Current,DEBT_CONSOLIDATION
LN-500066,CUST-101369,2025-05-17,0,0,False,False,17752.300000000014,Current,DEBT_CONSOLIDATION
LN-500067,CUST-105071,2025-05-17,0,0,False,False,19272.95,Current,DEBT_CONSOLIDATION
LN-500068,CUST-105336,2025-05-17,0,0,False,False,40297.16,Current,DEBT_CONSOLIDATION
LN-500069,CUST-101492,2025-05-17,0,0,False,False,23854.810000000012,Current,DEBT_CONSOLIDATION
LN-500070,CUST-107422,2025-05-17,0,0,False,False,5259.0300000000025,Current,DEBT_CONSOLIDATION
LN-500071,CUST-103632,2025-05-17,1,25,False,False,17303.182500000003,1-29,DEBT_CONSOLIDATION
LN-500072,CUST-105355,2025-05-17,0,0,False,False,10477.752500000008,Current,DEBT_CONSOLIDATION
LN-500074,CUST-100430,2025-05-17,0,0,False,False,34585.954999999994,Current,DEBT_CONSOLIDATION
LN-500075,CUST-102249,2025-05-17,0,0,False,False,1407.8599999999992,Current,DEBT_CONSOLIDATION
LN-500076,CUST-100715,2025-05-17,0,0,False,False,11908.309999999987,Current,DEBT_CONSOLIDATION
LN-500077,CUST-105629,2025-05-17,0,0,False,False,26966.04250000002,Current,DEBT_CONSOLIDATION
LN-500078,CUST-106085,2025-05-17,0,0,False,False,12964.14,Current,DEBT_CONSOLIDATION
LN-500079,CUST-103910,2025-05-17,0,0,False,False,57059.402500000026,Current,DEBT_CONSOLIDATION
LN-500082,CUST-102882,2025-05-17,0,0,False,False,19052.94,Current,DEBT_CONSOLIDATION
LN-500083,CUST-101689,2025-05-17,1,17,False,False,41084.22000000002,1-29,DEBT_CONSOLIDATION
LN-500084,CUST-100431,2025-05-17,0,0,False,False,30307.405000000002,Current,DEBT_CONSOLIDATION
LN-500086,CUST-102086,2025-05-17,0,0,False,False,22688.830000000005,Current,DEBT_CONSOLIDATION
LN-500087,CUST-101210,2025-05-17,0,0,False,False,4469.760000000004,Current,DEBT_CONSOLIDATION
LN-500088,CUST-105727,2025-05-17,0,0,False,False,24143.420000000002,Current,DEBT_CONSOLIDATION
LN-500089,CUST-106512,2025-05-17,0,0,False,False,5801.424999999999,Current,DEBT_CONSOLIDATION
LN-500090,CUST-101465,2025-05-17,0,0,False,False,41824.110000000015,Current,DEBT_CONSOLIDATION
LN-500091,CUST-101474,2025-05-17,0,0,False,False,41864.15999999998,Current,DEBT_CONSOLIDATION
LN-500092,CUST-102555,2025-05-17,0,0,False,False,53983.690000000024,Current,DEBT_CONSOLIDATION
LN-500093,CUST-107444,2025-05-17,4,177,False,False,14148.655000000002,90+,DEBT_CONSOLIDATION
LN-500094,CUST-105337,2025-05-17,0,0,False,False,21863.23,Current,DEBT_CONSOLIDATION
LN-500095,CUST-103414,2025-05-17,0,0,False,False,32801.420000000006,Current,DEBT_CONSOLIDATION
LN-500097,CUST-106482,2025-05-17,0,0,False,False,19532.715000000004,Current,DEBT_CONSOLIDATION
LN-500098,CUST-103528,2025-05-17,0,0,False,False,38963.11000000001,Current,DEBT_CONSOLIDATION
LN-500099,CUST-102530,2025-05-17,0,0,False,False,52459.575000000004,Current,DEBT_CONSOLIDATION
LN-500100,CUST-102182,2025-05-17,0,0,False,False,42287.2425,Current,DEBT_CONSOLIDATION
LN-500101,CUST-107675,2025-05-17,0,0,False,False,21029.22,Current,DEBT_CONSOLIDATION
LN-500102,CUST-107178,2025-05-17,0,0,False,False,6867.49,Current,DEBT_CONSOLIDATION
LN-500103,CUST-103489,2025-05-17,0,0,False,False,17528.33999999999,Current,DEBT_CONSOLIDATION
LN-500104,CUST-101226,2025-05-17,0,0,False,False,7643.887499999997,Current,DEBT_CONSOLIDATION
LN-500105,CUST-100146,2025-05-17,0,0,False,False,39447.375000000044,Current,DEBT_CONSOLIDATION
LN-500106,CUST-107420,2025-05-17,0,0,False,False,35231.409999999996,Current,DEBT_CONSOLIDATION
LN-500107,CUST-104318,2025-05-17,0,0,False,False,48154.362499999996,Current,DEBT_CONSOLIDATION
LN-500108,CUST-105606,2025-05-17,0,0,False,False,23609.99,Current,DEBT_CONSOLIDATION
LN-500109,CUST-107381,2025-05-17,0,0,False,False,28366.77000000001,Current,DEBT_CONSOLIDATION
LN-500110,CUST-107321,2025-05-17,0,0,False,False,51071.16,Current,DEBT_CONSOLIDATION
LN-500111,CUST-103769,2025-05-17,0,0,False,False,11960.005000000006,Current,DEBT_CONSOLIDATION
LN-500112,CUST-102449,2025-05-17,0,0,False,False,14104.96,Current,DEBT_CONSOLIDATION
LN-500113,CUST-101074,2025-05-17,0,0,False,False,318287.9149999998,Current,DEBT_CONSOLIDATION
LN-500114,CUST-104832,2025-05-17,0,0,False,False,6577.797499999999,Current,DEBT_CONSOLIDATION
LN-500115,CUST-103800,2025-05-17,0,0,False,False,41361.70499999999,Current,DEBT_CONSOLIDATION
LN-500116,CUST-105367,2025-05-17,0,0,False,False,38915.96,Current,DEBT_CONSOLIDATION
LN-500117,CUST-106238,2025-05-17,0,0,False,False,9704.459999999997,Current,DEBT_CONSOLIDATION
LN-500119,CUST-103247,2025-05-17,0,0,False,False,27010.874999999993,Current,DEBT_CONSOLIDATION
LN-500120,CUST-107859,2025-05-17,0,0,False,False,17356.56,Current,DEBT_CONSOLIDATION
LN-500121,CUST-105306,2025-05-17,0,0,False,False,19337.6125,Current,DEBT_CONSOLIDATION
LN-500122,CUST-100099,2025-05-17,0,0,False,False,4703.405000000002,Current,DEBT_CONSOLIDATION
LN-500123,CUST-105563,2025-05-17,0,0,False,False,14278.409999999989,Current,DEBT_CONSOLIDATION
LN-500124,CUST-106486,2025-05-17,0,0,False,False,2855.1899999999996,Current,DEBT_CONSOLIDATION
LN-500125,CUST-103212,2025-05-17,0,0,False,False,12341.192500000006,Current,DEBT_CONSOLIDATION
LN-500126,CUST-105524,2025-05-17,0,0,False,False,11127.39,Current,DEBT_CONSOLIDATION
LN-500128,CUST-104704,2025-05-17,0,0,False,False,43359.907500000016,Current,DEBT_CONSOLIDATION
LN-500130,CUST-105311,2025-05-17,0,0,False,False,21631.947499999995,Current,DEBT_CONSOLIDATION
LN-500131,CUST-104688,2025-05-17,0,0,False,False,28045.219999999994,Current,DEBT_CONSOLIDATION
LN-500133,CUST-104975,2025-05-17,0,0,False,False,205667.09999999995,Current,DEBT_CONSOLIDATION
LN-500134,CUST-107347,2025-05-17,0,0,False,False,2858.37,Current,DEBT_CONSOLIDATION
LN-500135,CUST-101244,2025-05-17,0,0,False,False,75585.1949999999,Current,DEBT_CONSOLIDATION
LN-500136,CUST-101257,2025-05-17,0,0,False,False,46491.28,Current,DEBT_CONSOLIDATION
LN-500137,CUST-100206,2025-05-17,0,0,False,False,3322.5050000000006,Current,DEBT_CONSOLIDATION
LN-500138,CUST-106409,2025-05-17,0,0,False,False,13512.529999999995,Current,DEBT_CONSOLIDATION
LN-500139,CUST-107541,2025-05-17,0,0,False,False,16582.349999999977,Current,DEBT_CONSOLIDATION
LN-500140,CUST-107546,2025-05-17,0,0,False,False,65890.37999999995,Current,DEBT_CONSOLIDATION
LN-500141,CUST-102791,2025-05-17,1,13,False,False,6566.420000000004,1-29,DEBT_CONSOLIDATION
LN-500142,CUST-106534,2025-05-17,0,0,False,False,10199.012500000003,Current,DEBT_CONSOLIDATION
LN-500144,CUST-101406,2025-05-17,0,0,False,False,14571.540000000012,Current,DEBT_CONSOLIDATION
LN-500145,CUST-105191,2025-05-17,0,0,False,False,23104.685,Current,DEBT_CONSOLIDATION
LN-500146,CUST-107574,2025-05-17,0,0,False,False,10814.119999999999,Current,DEBT_CONSOLIDATION
LN-500147,CUST-104528,2025-05-17,0,0,False,False,44849.7,Current,DEBT_CONSOLIDATION
LN-500148,CUST-100699,2025-05-17,0,0,False,False,7869.364999999998,Current,DEBT_CONSOLIDATION
LN-500149,CUST-100560,2025-05-17,0,0,False,False,22436.08,Current,DEBT_CONSOLIDATION
LN-500150,CUST-104542,2025-05-17,0,0,False,False,2832.2025000000003,Current,DEBT_CONSOLIDATION
LN-500151,CUST-106701,2025-05-17,0,0,False,False,40452.60999999996,Current,DEBT_CONSOLIDATION
LN-500152,CUST-105503,2025-05-17,0,0,False,False,26561.632499999992,Current,DEBT_CONSOLIDATION
LN-500153,CUST-102850,2025-05-17,0,0,False,False,23190.105,Current,DEBT_CONSOLIDATION
LN-500154,CUST-105313,2025-05-17,0,0,False,False,9866.999999999996,Current,DEBT_CONSOLIDATION
LN-500155,CUST-105467,2025-05-17,0,0,False,False,48160.8975,Current,DEBT_CONSOLIDATION
LN-500156,CUST-106597,2025-05-17,3,88,False,False,45772.00249999998,60-89,DEBT_CONSOLIDATION
LN-500157,CUST-103741,2025-05-17,0,0,False,False,19852.364999999983,Current,DEBT_CONSOLIDATION
LN-500158,CUST-102628,2025-05-17,0,0,False,False,12480.225,Current,DEBT_CONSOLIDATION
LN-500159,CUST-100960,2025-05-17,0,0,False,False,33320.7,Current,DEBT_CONSOLIDATION
LN-500160,CUST-107095,2025-05-17,0,0,False,False,59357.31000000001,Current,DEBT_CONSOLIDATION
LN-500161,CUST-105816,2025-05-17,0,0,False,False,268879.0049999999,Current,DEBT_CONSOLIDATION
LN-500162,CUST-103245,2025-05-17,0,0,False,False,10222.169999999987,Current,DEBT_CONSOLIDATION
LN-500163,CUST-104815,2025-05-17,0,0,False,False,5916.58,Current,DEBT_CONSOLIDATION
LN-500164,CUST-100191,2025-05-17,0,0,False,False,1329.1499999999996,Current,DEBT_CONSOLIDATION
LN-500165,CUST-106950,2025-05-17,0,0,False,False,12252.710000000014,Current,DEBT_CONSOLIDATION
LN-500167,CUST-106671,2025-05-17,0,0,False,False,12212.660000000002,Current,DEBT_CONSOLIDATION
LN-500168,CUST-107937,2025-05-17,0,0,False,False,43614.9,Current,DEBT_CONSOLIDATION
LN-500169,CUST-104618,2025-05-17,0,0,False,False,14506.185000000001,Current,DEBT_CONSOLIDATION
LN-500170,CUST-103411,2025-05-17,0,0,False,False,39420.12,Current,DEBT_CONSOLIDATION
LN-500171,CUST-105832,2025-05-17,0,0,True,False,5731.222500000003,Current,DEBT_CONSOLIDATION
LN-500172,CUST-107462,2025-05-17,0,0,False,False,7909.952500000007,Current,DEBT_CONSOLIDATION
LN-500173,CUST-101117,2025-05-17,0,0,False,False,18127.465,Current,DEBT_CONSOLIDATION
LN-500174,CUST-100151,2025-05-17,0,0,False,False,40701.88249999998,Current,DEBT_CONSOLIDATION
LN-500175,CUST-101728,2025-05-17,1,10,False,False,11679.415,1-29,DEBT_CONSOLIDATION
LN-500176,CUST-100750,2025-05-17,0,0,False,False,20741.915000000015,Current,DEBT_CONSOLIDATION
LN-500177,CUST-102030,2025-05-17,0,0,False,False,21970.0,Current,DEBT_CONSOLIDATION
LN-500178,CUST-101366,2025-05-17,0,0,False,False,141661.36499999996,Current,DEBT_CONSOLIDATION
LN-500179,CUST-106006,2025-05-17,0,0,False,False,22279.260000000002,Current,DEBT_CONSOLIDATION
LN-500180,CUST-107695,2025-05-17,0,0,False,False,8639.344999999994,Current,DEBT_CONSOLIDATION
LN-500181,CUST-107618,2025-05-17,1,10,False,False,11856.2125,1-29,DEBT_CONSOLIDATION
LN-500182,CUST-101885,2025-05-17,0,0,False,False,231592.27250000002,Current,DEBT_CONSOLIDATION
LN-500183,CUST-101021,2025-05-17,0,0,False,False,27650.55,Current,DEBT_CONSOLIDATION
LN-500184,CUST-105514,2025-05-17,0,0,False,False,178670.21000000005,Current,DEBT_CONSOLIDATION
LN-500185,CUST-106609,2025-05-17,0,0,False,False,8358.129999999996,Current,DEBT_CONSOLIDATION
LN-500186,CUST-104409,2025-05-17,0,0,False,False,31346.120000000003,Current,DEBT_CONSOLIDATION
LN-500187,CUST-101483,2025-05-17,0,0,False,False,1765.6599999999999,Current,DEBT_CONSOLIDATION
LN-500189,CUST-101815,2025-05-17,0,0,False,False,34580.414999999986,Current,DEBT_CONSOLIDATION
LN-500190,CUST-101438,2025-05-17,0,0,False,False,41665.5525,Current,DEBT_CONSOLIDATION
LN-500191,CUST-107837,2025-05-17,0,0,False,False,3807.7650000000003,Current,DEBT_CONSOLIDATION
LN-500192,CUST-103371,2025-05-17,0,0,False,False,20225.60000000001,Current,DEBT_CONSOLIDATION
LN-500193,CUST-102684,2025-05-17,0,0,False,False,1667.7599999999998,Current,DEBT_CONSOLIDATION
LN-500194,CUST-103339,2025-05-17,0,0,False,False,10635.035,Current,DEBT_CONSOLIDATION
LN-500195,CUST-105033,2025-05-17,0,0,False,False,13248.945000000007,Current,DEBT_CONSOLIDATION
LN-500196,CUST-103844,2025-05-17,0,0,False,False,42849.01500000001,Current,DEBT_CONSOLIDATION
LN-500197,CUST-104510,2025-05-17,0,0,False,False,17857.53,Current,DEBT_CONSOLIDATION
LN-500198,CUST-106796,2025-05-17,0,0,False,False,15867.980000000005,Current,DEBT_CONSOLIDATION
LN-500199,CUST-107657,2025-05-17,0,0,False,False,7379.102500000002,Current,DEBT_CONSOLIDATION
LN-500200,CUST-102563,2025-05-17,0,0,False,False,7300.869999999996,Current,DEBT_CONSOLIDATION
LN-500201,CUST-100687,2025-05-17,0,0,False,False,15642.585000000003,Current,DEBT_CONSOLIDATION
LN-500202,CUST-101775,2025-05-17,0,0,False,False,22721.37,Current,DEBT_CONSOLIDATION
LN-500203,CUST-102447,2025-05-17,0,0,False,False,39028.85,Current,DEBT_CONSOLIDATION
LN-500205,CUST-104919,2025-05-17,0,0,True,False,28533.420000000006,Current,DEBT_CONSOLIDATION
LN-500206,CUST-100591,2025-05-17,0,0,False,False,10329.145000000002,Current,DEBT_CONSOLIDATION
LN-500207,CUST-100001,2025-05-17,0,0,False,False,408.32500000000005,Current,DEBT_CONSOLIDATION
LN-500208,CUST-103849,2025-05-17,1,14,False,False,8904.644999999995,1-29,DEBT_CONSOLIDATION
LN-500209,CUST-107182,2025-05-17,0,0,False,False,134368.38999999996,Current,DEBT_CONSOLIDATION
LN-500210,CUST-104226,2025-05-17,0,0,False,False,8066.1425,Current,DEBT_CONSOLIDATION
LN-500211,CUST-107222,2025-05-17,0,0,False,False,9815.930000000004,Current,DEBT_CONSOLIDATION
LN-500212,CUST-100656,2025-05-17,0,0,False,False,10711.120000000003,Current,DEBT_CONSOLIDATION
LN-500214,CUST-104378,2025-05-17,0,0,False,False,4151.5624999999945,Current,DEBT_CONSOLIDATION
LN-500215,CUST-102880,2025-05-17,0,0,False,False,23857.629999999997,Current,DEBT_CONSOLIDATION
LN-500216,CUST-102500,2025-05-17,0,0,False,False,9565.629999999996,Current,DEBT_CONSOLIDATION
LN-500217,CUST-105487,2025-05-17,0,0,False,False,16774.5425,Current,DEBT_CONSOLIDATION
LN-500218,CUST-106769,2025-05-17,0,0,False,False,45346.78999999996,Current,DEBT_CONSOLIDATION
LN-500219,CUST-105222,2025-05-17,0,0,False,False,36786.68750000001,Current,DEBT_CONSOLIDATION
LN-500220,CUST-105258,2025-05-17,0,0,False,False,26904.730000000018,Current,DEBT_CONSOLIDATION
LN-500221,CUST-101291,2025-05-17,0,0,False,False,7582.6,Current,DEBT_CONSOLIDATION
LN-500222,CUST-102469,2025-05-17,0,0,False,False,11259.369999999995,Current,DEBT_CONSOLIDATION
LN-500223,CUST-100203,2025-05-17,0,0,False,False,11193.08,Current,DEBT_CONSOLIDATION
LN-500224,CUST-105099,2025-05-17,0,0,False,False,10160.865000000002,Current,DEBT_CONSOLIDATION
LN-500225,CUST-103980,2025-05-17,0,0,False,False,14473.637499999997,Current,DEBT_CONSOLIDATION
LN-500226,CUST-103029,2025-05-17,0,0,False,False,11804.852500000005,Current,DEBT_CONSOLIDATION
LN-500227,CUST-102869,2025-05-17,0,0,False,False,14853.262499999999,Current,DEBT_CONSOLIDATION
LN-500228,CUST-102870,2025-05-17,0,0,False,False,5065.550000000002,Current,DEBT_CONSOLIDATION
LN-500229,CUST-104082,2025-05-17,0,0,False,False,40553.74,Current,DEBT_CONSOLIDATION
LN-500231,CUST-104740,2025-05-17,0,0,False,False,24111.094999999987,Current,DEBT_CONSOLIDATION
LN-500232,CUST-106855,2025-05-17,0,0,False,False,449329.49500000005,Current,DEBT_CONSOLIDATION
LN-500233,CUST-105377,2025-05-17,0,0,False,False,22678.100000000002,Current,DEBT_CONSOLIDATION
LN-500234,CUST-103762,2025-05-17,0,0,False,False,10419.3575,Current,DEBT_CONSOLIDATION
LN-500235,CUST-102463,2025-05-17,0,0,False,False,30632.4,Current,DEBT_CONSOLIDATION
LN-500236,CUST-105684,2025-05-17,0,0,False,False,5401.965,Current,DEBT_CONSOLIDATION
LN-500237,CUST-103827,2025-05-17,0,0,False,False,12513.029999999997,Current,DEBT_CONSOLIDATION
LN-500238,CUST-102630,2025-05-17,0,0,False,False,43950.535,Current,DEBT_CONSOLIDATION
LN-500239,CUST-106761,2025-05-17,2,38,False,False,22997.787499999995,30-59,DEBT_CONSOLIDATION
LN-500240,CUST-106766,2025-05-17,0,0,False,False,8089.559999999996,Current,DEBT_CONSOLIDATION
LN-500241,CUST-104678,2025-05-17,0,0,False,False,8166.260000000003,Current,DEBT_CONSOLIDATION
LN-500242,CUST-103837,2025-05-17,1,9,False,False,27340.895,1-29,DEBT_CONSOLIDATION
LN-500243,CUST-104204,2025-05-17,0,0,False,False,27294.159999999996,Current,DEBT_CONSOLIDATION
LN-500244,CUST-105395,2025-05-17,0,0,False,False,19672.349999999995,Current,DEBT_CONSOLIDATION
LN-500245,CUST-107237,2025-05-17,0,0,False,False,443775.5625,Current,DEBT_CONSOLIDATION
LN-500246,CUST-103962,2025-05-17,0,0,False,False,28232.815,Current,DEBT_CONSOLIDATION
LN-500247,CUST-106503,2025-05-17,0,0,False,False,23550.5525,Current,DEBT_CONSOLIDATION
LN-500248,CUST-100186,2025-05-17,1,14,False,False,577304.3574999998,1-29,DEBT_CONSOLIDATION
LN-500249,CUST-102992,2025-05-17,0,0,False,False,9668.38,Current,DEBT_CONSOLIDATION
LN-500250,CUST-103894,2025-05-17,0,0,False,False,104918.30750000002,Current,DEBT_CONSOLIDATION
LN-500251,CUST-105073,2025-05-17,0,0,False,False,23147.675,Current,DEBT_CONSOLIDATION
LN-500252,CUST-103103,2025-05-17,0,0,False,False,91223.61000000004,Current,DEBT_CONSOLIDATION
LN-500253,CUST-102585,2025-05-17,0,0,False,False,38610.885,Current,DEBT_CONSOLIDATION
LN-500254,CUST-102097,2025-05-17,0,0,False,False,49029.99499999999,Current,DEBT_CONSOLIDATION
LN-500255,CUST-101809,2025-05-17,0,0,False,False,8729.9625,Current,DEBT_CONSOLIDATION
LN-500256,CUST-104548,2025-05-17,0,0,False,False,17597.07499999999,Current,DEBT_CONSOLIDATION
LN-500257,CUST-101792,2025-05-17,0,0,False,False,470575.79250000004,Current,DEBT_CONSOLIDATION
LN-500258,CUST-104634,2025-05-17,0,0,False,False,17359.58999999999,Current,DEBT_CONSOLIDATION
LN-500259,CUST-105082,2025-05-17,0,0,False,False,24509.367499999993,Current,DEBT_CONSOLIDATION
LN-500260,CUST-106555,2025-05-17,1,5,False,False,12210.692500000006,1-29,DEBT_CONSOLIDATION
LN-500261,CUST-102454,2025-05-17,0,0,False,False,25891.41,Current,DEBT_CONSOLIDATION
LN-500262,CUST-106242,2025-05-17,0,0,False,False,26987.464999999997,Current,DEBT_CONSOLIDATION
LN-500264,CUST-106962,2025-05-17,0,0,False,False,259392.00499999998,Current,DEBT_CONSOLIDATION
LN-500265,CUST-100983,2025-05-17,0,0,False,False,18847.839999999993,Current,DEBT_CONSOLIDATION
LN-500266,CUST-103606,2025-05-17,0,0,False,False,11901.565,Current,DEBT_CONSOLIDATION
LN-500267,CUST-102510,2025-05-17,0,0,False,False,4625.2225,Current,DEBT_CONSOLIDATION
LN-500268,CUST-105404,2025-05-17,0,0,False,False,13547.654999999993,Current,DEBT_CONSOLIDATION
LN-500269,CUST-102799,2025-05-17,0,0,False,False,42420.63749999999,Current,DEBT_CONSOLIDATION
LN-500270,CUST-103325,2025-05-17,0,0,True,False,24522.75999999999,Current,DEBT_CONSOLIDATION
LN-500271,CUST-100758,2025-05-17,0,0,False,False,2298.585,Current,DEBT_CONSOLIDATION
LN-500272,CUST-105541,2025-05-17,0,0,False,False,22129.489999999994,Current,DEBT_CONSOLIDATION
LN-500273,CUST-100608,2025-05-17,0,0,False,False,20727.85499999999,Current,DEBT_CONSOLIDATION
LN-500274,CUST-102810,2025-05-17,0,0,False,False,46337.504999999976,Current,DEBT_CONSOLIDATION
LN-500276,CUST-100044,2025-05-17,0,0,False,False,11368.035000000005,Current,DEBT_CONSOLIDATION
LN-500277,CUST-105267,2025-05-17,0,0,False,False,4998.110000000004,Current,DEBT_CONSOLIDATION
LN-500278,CUST-101308,2025-05-17,0,0,False,False,33993.619999999995,Current,DEBT_CONSOLIDATION
LN-500279,CUST-105582,2025-05-17,0,0,False,False,2282.2574999999993,Current,DEBT_CONSOLIDATION
LN-500280,CUST-107817,2025-05-17,0,0,False,False,35722.77750000001,Current,DEBT_CONSOLIDATION
LN-500281,CUST-101221,2025-05-17,0,0,False,False,1557.6,Current,DEBT_CONSOLIDATION
LN-500282,CUST-105662,2025-05-17,0,0,False,False,12669.830000000005,Current,DEBT_CONSOLIDATION
LN-500283,CUST-102743,2025-05-17,0,0,False,False,1461.5949999999998,Current,DEBT_CONSOLIDATION
LN-500284,CUST-102704,2025-05-17,0,0,False,False,1151.5100000000014,Current,DEBT_CONSOLIDATION
LN-500285,CUST-105329,2025-05-17,4,158,False,False,103923.36,90+,DEBT_CONSOLIDATION
LN-500286,CUST-101328,2025-05-17,0,0,False,False,12806.487499999994,Current,DEBT_CONSOLIDATION
LN-500287,CUST-100152,2025-05-17,0,0,False,False,48304.49249999998,Current,DEBT_CONSOLIDATION
LN-500288,CUST-101279,2025-05-17,0,0,False,False,19498.985000000008,Current,DEBT_CONSOLIDATION
LN-500289,CUST-106907,2025-05-17,0,0,False,False,8966.079999999996,Current,DEBT_CONSOLIDATION
LN-500291,CUST-105904,2025-05-17,0,0,False,False,15812.330000000005,Current,DEBT_CONSOLIDATION
LN-500292,CUST-101553,2025-05-17,0,0,False,False,11862.4,Current,DEBT_CONSOLIDATION
LN-500293,CUST-102529,2025-05-17,0,0,False,False,10703.769999999999,Current,DEBT_CONSOLIDATION
LN-500294,CUST-107666,2025-05-17,0,0,False,False,11346.99,Current,DEBT_CONSOLIDATION
LN-500295,CUST-104111,2025-05-17,0,0,False,False,24553.984999999986,Current,DEBT_CONSOLIDATION
LN-500296,CUST-104743,2025-05-17,0,0,False,False,15601.387499999986,Current,DEBT_CONSOLIDATION
LN-500297,CUST-107582,2025-05-17,0,0,False,False,15211.892499999998,Current,DEBT_CONSOLIDATION
LN-500298,CUST-101825,2025-05-17,0,0,True,False,2203.91,Current,DEBT_CONSOLIDATION
LN-500299,CUST-105354,2025-05-17,0,0,False,False,10403.034999999996,Current,DEBT_CONSOLIDATION
LN-500300,CUST-103009,2025-05-17,0,0,False,False,36977.79499999998,Current,DEBT_CONSOLIDATION
LN-500302,CUST-100532,2025-05-17,1,11,True,False,78548.29499999995,1-29,DEBT_CONSOLIDATION
LN-500303,CUST-103668,2025-05-17,0,0,False,False,23158.13,Current,DEBT_CONSOLIDATION
LN-500304,CUST-106100,2025-05-17,0,0,False,False,24961.77750000002,Current,DEBT_CONSOLIDATION
LN-500305,CUST-105399,2025-05-17,0,0,False,False,59820.86999999998,Current,DEBT_CONSOLIDATION
LN-500306,CUST-107248,2025-05-17,0,0,False,False,16298.139999999996,Current,DEBT_CONSOLIDATION
LN-500307,CUST-104440,2025-05-17,0,0,False,False,115367.32999999997,Current,DEBT_CONSOLIDATION
LN-500308,CUST-103737,2025-05-17,0,0,False,False,28398.174999999996,Current,DEBT_CONSOLIDATION
LN-500309,CUST-100412,2025-05-17,0,0,False,False,9129.810000000003,Current,DEBT_CONSOLIDATION
LN-500310,CUST-106088,2025-05-17,0,0,False,False,10626.557500000004,Current,DEBT_CONSOLIDATION
LN-500311,CUST-100956,2025-05-17,0,0,False,False,22140.7,Current,DEBT_CONSOLIDATION
LN-500312,CUST-100269,2025-05-17,0,0,False,False,18625.857500000002,Current,DEBT_CONSOLIDATION
LN-500313,CUST-107185,2025-05-17,0,0,False,False,29273.924999999996,Current,DEBT_CONSOLIDATION
LN-500314,CUST-102690,2025-05-17,0,0,False,False,39470.674999999974,Current,DEBT_CONSOLIDATION
LN-500315,CUST-100729,2025-05-17,0,0,False,False,4604.579999999999,Current,DEBT_CONSOLIDATION
LN-500316,CUST-104046,2025-05-17,0,0,False,False,32580.250000000033,Current,DEBT_CONSOLIDATION
LN-500317,CUST-102210,2025-05-17,4,147,False,False,20473.32,90+,DEBT_CONSOLIDATION
LN-500319,CUST-104728,2025-05-17,0,0,False,False,15979.800000000014,Current,DEBT_CONSOLIDATION
LN-500320,CUST-102839,2025-05-17,0,0,False,False,12710.147500000003,Current,DEBT_CONSOLIDATION
LN-500321,CUST-100368,2025-05-17,0,0,False,False,204927.99999999983,Current,DEBT_CONSOLIDATION
LN-500322,CUST-104946,2025-05-17,0,0,False,False,30690.04,Current,DEBT_CONSOLIDATION
LN-500323,CUST-107608,2025-05-17,2,57,False,False,25627.77,30-59,DEBT_CONSOLIDATION
LN-500324,CUST-105274,2025-05-17,0,0,False,False,10568.319999999996,Current,DEBT_CONSOLIDATION
LN-500325,CUST-100070,2025-05-17,0,0,False,False,21988.910000000003,Current,DEBT_CONSOLIDATION
LN-500326,CUST-107171,2025-05-17,0,0,False,False,3836.3799999999983,Current,DEBT_CONSOLIDATION
LN-500327,CUST-103794,2025-05-17,0,0,False,False,26507.98,Current,DEBT_CONSOLIDATION
LN-500329,CUST-103032,2025-05-17,3,70,False,False,7072.070000000001,60-89,DEBT_CONSOLIDATION
LN-500330,CUST-107172,2025-05-17,0,0,False,False,15207.967499999995,Current,DEBT_CONSOLIDATION
LN-500331,CUST-102249,2025-05-17,0,0,False,True,14941.08999999999,Current,DEBT_CONSOLIDATION
LN-500332,CUST-102224,2025-05-17,0,0,False,False,20253.57500000001,Current,DEBT_CONSOLIDATION
LN-500333,CUST-101118,2025-05-17,2,50,False,False,1574.9100000000003,30-59,DEBT_CONSOLIDATION
LN-500334,CUST-107363,2025-05-17,1,6,False,False,18616.9,1-29,DEBT_CONSOLIDATION
LN-500335,CUST-101643,2025-05-17,0,0,False,False,49908.37000000001,Current,DEBT_CONSOLIDATION
LN-500336,CUST-100097,2025-05-17,0,0,False,False,110346.69249999996,Current,DEBT_CONSOLIDATION
LN-500337,CUST-105683,2025-05-17,0,0,False,False,11818.099999999999,Current,DEBT_CONSOLIDATION
LN-500338,CUST-105481,2025-05-17,0,0,False,False,8270.280000000004,Current,DEBT_CONSOLIDATION
LN-500339,CUST-103578,2025-05-17,2,58,False,False,33731.340000000004,30-59,DEBT_CONSOLIDATION
LN-500340,CUST-101013,2025-05-17,0,0,False,False,27944.130000000005,Current,DEBT_CONSOLIDATION
LN-500341,CUST-100871,2025-05-17,0,0,False,False,123649.235,Current,DEBT_CONSOLIDATION
LN-500342,CUST-106338,2025-05-17,0,0,False,False,4239.209999999999,Current,DEBT_CONSOLIDATION
LN-500343,CUST-101858,2025-05-17,0,0,False,False,5995.500000000004,Current,DEBT_CONSOLIDATION
LN-500344,CUST-102160,2025-05-17,0,0,False,False,11968.435,Current,DEBT_CONSOLIDATION
LN-500345,CUST-101427,2025-05-17,2,35,False,False,7950.265000000005,30-59,DEBT_CONSOLIDATION
LN-500348,CUST-103742,2025-05-17,0,0,False,False,19099.114999999998,Current,DEBT_CONSOLIDATION
LN-500349,CUST-107781,2025-05-17,0,0,False,False,36913.62499999999,Current,DEBT_CONSOLIDATION
LN-500350,CUST-107326,2025-05-17,0,0,False,False,12632.0425,Current,DEBT_CONSOLIDATION
LN-500351,CUST-100138,2025-05-17,0,0,False,False,22047.449999999997,Current,DEBT_CONSOLIDATION
LN-500352,CUST-103228,2025-05-17,0,0,False,False,266338.2900000001,Current,DEBT_CONSOLIDATION
LN-500354,CUST-102598,2025-05-17,1,26,False,False,37875.899999999965,1-29,DEBT_CONSOLIDATION
LN-500355,CUST-104021,2025-05-17,0,0,False,False,13601.66750000001,Current,DEBT_CONSOLIDATION
LN-500356,CUST-104358,2025-05-17,0,0,False,False,19290.94,Current,DEBT_CONSOLIDATION
LN-500357,CUST-106386,2025-05-17,0,0,False,False,23725.16500000001,Current,DEBT_CONSOLIDATION
LN-500359,CUST-102628,2025-05-17,0,0,False,False,13576.460000000003,Current,DEBT_CONSOLIDATION
LN-500360,CUST-106354,2025-05-17,0,0,False,False,39945.97,Current,DEBT_CONSOLIDATION
LN-500361,CUST-101109,2025-05-17,0,0,False,False,16159.014999999994,Current,DEBT_CONSOLIDATION
LN-500362,CUST-105095,2025-05-17,0,0,False,False,10899.069999999992,Current,DEBT_CONSOLIDATION
LN-500363,CUST-103092,2025-05-17,0,0,False,False,34782.75,Current,DEBT_CONSOLIDATION
LN-500364,CUST-106234,2025-05-17,0,0,False,False,16340.882499999996,Current,DEBT_CONSOLIDATION
LN-500365,CUST-106295,2025-05-17,0,0,False,False,14129.939999999999,Current,DEBT_CONSOLIDATION
LN-500366,CUST-101583,2025-05-17,0,0,False,False,29240.447499999987,Current,DEBT_CONSOLIDATION
LN-500368,CUST-101964,2025-05-17,0,0,False,False,125987.05000000005,Current,DEBT_CONSOLIDATION
LN-500369,CUST-107932,2025-05-17,0,0,False,True,17319.585000000003,Current,DEBT_CONSOLIDATION
LN-500370,CUST-100394,2025-05-17,0,0,False,False,60152.20250000003,Current,DEBT_CONSOLIDATION
LN-500371,CUST-103694,2025-05-17,0,0,False,False,8415.602500000003,Current,DEBT_CONSOLIDATION
LN-500372,CUST-107292,2025-05-17,0,0,False,False,10859.570000000012,Current,DEBT_CONSOLIDATION
LN-500373,CUST-101807,2025-05-17,0,0,False,False,23276.905000000002,Current,DEBT_CONSOLIDATION
LN-500374,CUST-102539,2025-05-17,0,0,False,False,476578.3675,Current,DEBT_CONSOLIDATION
LN-500376,CUST-105808,2025-05-17,0,0,False,False,29296.29,Current,DEBT_CONSOLIDATION
LN-500377,CUST-105758,2025-05-17,0,0,False,False,35829.10499999998,Current,DEBT_CONSOLIDATION
LN-500378,CUST-100940,2025-05-17,0,0,False,False,22692.449999999986,Current,DEBT_CONSOLIDATION
LN-500380,CUST-107642,2025-05-17,0,0,False,False,37213.29000000001,Current,DEBT_CONSOLIDATION
LN-500381,CUST-107578,2025-05-17,0,0,False,False,16882.60499999998,Current,DEBT_CONSOLIDATION
LN-500382,CUST-102505,2025-05-17,0,0,False,False,26877.265,Current,DEBT_CONSOLIDATION
LN-500383,CUST-101274,2025-05-17,1,12,False,False,8573.2,1-29,DEBT_CONSOLIDATION
LN-500384,CUST-102196,2025-05-17,0,0,False,False,34760.1325,Current,DEBT_CONSOLIDATION
LN-500385,CUST-107606,2025-05-17,0,0,False,False,53833.42,Current,DEBT_CONSOLIDATION
LN-500387,CUST-106025,2025-05-17,0,0,False,False,77497.03000000001,Current,DEBT_CONSOLIDATION
LN-500388,CUST-102278,2025-05-17,0,0,False,False,6959.490000000001,Current,DEBT_CONSOLIDATION
LN-500389,CUST-101944,2025-05-17,0,0,False,False,10102.4125,Current,DEBT_CONSOLIDATION
LN-500390,CUST-105142,2025-05-17,0,0,False,False,15347.239999999998,Current,DEBT_CONSOLIDATION
LN-500391,CUST-107605,2025-05-17,0,0,False,False,7517.1174999999985,Current,DEBT_CONSOLIDATION
LN-500392,CUST-105201,2025-05-17,0,0,False,False,36119.57499999998,Current,DEBT_CONSOLIDATION
LN-500393,CUST-103364,2025-05-17,0,0,False,False,10820.962499999998,Current,DEBT_CONSOLIDATION
LN-500394,CUST-105134,2025-05-17,0,0,False,False,24133.317499999997,Current,DEBT_CONSOLIDATION
LN-500395,CUST-102078,2025-05-17,0,0,False,False,40133.29000000001,Current,DEBT_CONSOLIDATION
LN-500396,CUST-106964,2025-05-17,0,0,False,False,5998.275,Current,DEBT_CONSOLIDATION
LN-500397,CUST-103604,2025-05-17,0,0,False,False,32659.75,Current,DEBT_CONSOLIDATION
LN-500398,CUST-104131,2025-05-17,0,0,False,False,15603.305,Current,DEBT_CONSOLIDATION
LN-500399,CUST-100554,2025-05-17,3,70,False,False,20017.795,60-89,DEBT_CONSOLIDATION
LN-500400,CUST-103823,2025-05-17,0,0,False,False,12463.945,Current,DEBT_CONSOLIDATION
LN-500401,CUST-100371,2025-05-17,0,0,False,False,13452.120000000003,Current,DEBT_CONSOLIDATION
LN-500402,CUST-101722,2025-05-17,0,0,False,False,19945.45999999998,Current,DEBT_CONSOLIDATION
LN-500403,CUST-104906,2025-05-17,0,0,False,False,6679.212500000003,Current,DEBT_CONSOLIDATION
LN-500404,CUST-102382,2025-05-17,0,0,False,False,26038.710000000003,Current,DEBT_CONSOLIDATION
LN-500405,CUST-101418,2025-05-17,0,0,False,False,14011.28,Current,DEBT_CONSOLIDATION
LN-500406,CUST-105255,2025-05-17,0,0,False,False,6955.650000000001,Current,DEBT_CONSOLIDATION
LN-500407,CUST-107433,2025-05-17,0,0,False,False,22926.990000000013,Current,DEBT_CONSOLIDATION
LN-500408,CUST-100126,2025-05-17,0,0,False,False,19415.665,Current,DEBT_CONSOLIDATION
LN-500409,CUST-104948,2025-05-17,0,0,False,False,9735.715000000007,Current,DEBT_CONSOLIDATION
LN-500410,CUST-106296,2025-05-17,0,0,False,False,99749.45000000003,Current,DEBT_CONSOLIDATION
LN-500411,CUST-102443,2025-05-17,0,0,False,False,19080.842500000002,Current,DEBT_CONSOLIDATION
LN-500412,CUST-106820,2025-05-17,0,0,False,False,25002.640000000014,Current,DEBT_CONSOLIDATION
LN-500413,CUST-105734,2025-05-17,0,0,False,False,13997.977500000003,Current,DEBT_CONSOLIDATION
LN-500414,CUST-107333,2025-05-17,0,0,False,False,37747.447499999995,Current,DEBT_CONSOLIDATION
LN-500415,CUST-101437,2025-05-17,0,0,False,False,26317.659999999996,Current,DEBT_CONSOLIDATION
LN-500416,CUST-102302,2025-05-17,0,0,False,False,21949.93750000001,Current,DEBT_CONSOLIDATION
LN-500417,CUST-103310,2025-05-17,0,0,False,False,18958.0825,Current,DEBT_CONSOLIDATION
LN-500418,CUST-100945,2025-05-17,0,0,False,False,189549.95000000013,Current,DEBT_CONSOLIDATION
LN-500419,CUST-102745,2025-05-17,0,0,False,False,21782.399999999987,Current,DEBT_CONSOLIDATION
LN-500420,CUST-106369,2025-05-17,0,0,False,False,94880.62499999993,Current,DEBT_CONSOLIDATION
LN-500421,CUST-104332,2025-05-17,0,0,False,False,4612.340000000003,Current,DEBT_CONSOLIDATION
LN-500422,CUST-101943,2025-05-17,0,0,False,False,33847.61499999998,Current,DEBT_CONSOLIDATION
LN-500423,CUST-102843,2025-05-17,0,0,False,False,37617.4675,Current,DEBT_CONSOLIDATION
LN-500424,CUST-106787,2025-05-17,0,0,False,False,7803.029999999997,Current,DEBT_CONSOLIDATION
LN-500425,CUST-107638,2025-05-17,0,0,False,False,206802.12,Current,DEBT_CONSOLIDATION
LN-500426,CUST-104783,2025-05-17,0,0,False,False,22340.05,Current,DEBT_CONSOLIDATION
LN-500427,CUST-101099,2025-05-17,0,0,False,False,23036.535,Current,DEBT_CONSOLIDATION
LN-500428,CUST-104328,2025-05-17,3,75,False,False,49116.945,60-89,DEBT_CONSOLIDATION
LN-500429,CUST-106715,2025-05-17,0,0,False,False,158215.02999999997,Current,DEBT_CONSOLIDATION
LN-500430,CUST-107763,2025-05-17,0,0,False,False,15741.465000000004,Current,DEBT_CONSOLIDATION
LN-500431,CUST-102798,2025-05-17,0,0,False,False,28499.3225,Current,DEBT_CONSOLIDATION
LN-500432,CUST-100676,2025-05-17,0,0,False,False,4816.135000000003,Current,DEBT_CONSOLIDATION
LN-500433,CUST-103381,2025-05-17,0,0,False,False,32238.919999999984,Current,DEBT_CONSOLIDATION
LN-500434,CUST-105474,2025-05-17,0,0,False,False,14499.412500000002,Current,DEBT_CONSOLIDATION
LN-500435,CUST-101921,2025-05-17,0,0,False,False,102629.1675,Current,DEBT_CONSOLIDATION
LN-500436,CUST-102589,2025-05-17,0,0,False,False,27188.889999999996,Current,DEBT_CONSOLIDATION
LN-500437,CUST-100272,2025-05-17,0,0,False,False,23561.53499999998,Current,DEBT_CONSOLIDATION
LN-500438,CUST-101106,2025-05-17,0,0,False,False,366725.6,Current,DEBT_CONSOLIDATION
LN-500439,CUST-106696,2025-05-17,2,40,False,False,7962.529999999999,30-59,DEBT_CONSOLIDATION
LN-500440,CUST-105618,2025-05-17,0,0,False,False,43037.64,Current,DEBT_CONSOLIDATION
LN-500441,CUST-100647,2025-05-17,0,0,False,False,10738.49,Current,DEBT_CONSOLIDATION
LN-500442,CUST-106316,2025-05-17,0,0,False,False,28633.230000000018,Current,DEBT_CONSOLIDATION
LN-500443,CUST-101587,2025-05-17,0,0,False,False,55208.725000000035,Current,DEBT_CONSOLIDATION
LN-500444,CUST-104977,2025-05-17,0,0,False,False,8569.42,Current,DEBT_CONSOLIDATION
LN-500445,CUST-104701,2025-05-17,0,0,False,False,19165.440000000002,Current,DEBT_CONSOLIDATION
LN-500446,CUST-102089,2025-05-17,0,0,False,False,32209.27499999998,Current,DEBT_CONSOLIDATION
LN-500448,CUST-101750,2025-05-17,0,0,False,False,29958.84,Current,DEBT_CONSOLIDATION
LN-500449,CUST-105601,2025-05-17,0,0,False,False,30424.940000000013,Current,DEBT_CONSOLIDATION
LN-500450,CUST-107067,2025-05-17,0,0,False,False,19043.095,Current,DEBT_CONSOLIDATION
LN-500452,CUST-103402,2025-05-17,1,1,False,False,11926.977499999997,1-29,DEBT_CONSOLIDATION
LN-500453,CUST-103973,2025-05-17,0,0,False,False,276452.3350000001,Current,DEBT_CONSOLIDATION
LN-500454,CUST-107066,2025-05-17,0,0,False,False,9716.36,Current,DEBT_CONSOLIDATION
LN-500456,CUST-102443,2025-05-17,0,0,False,False,11797.429999999997,Current,DEBT_CONSOLIDATION
LN-500457,CUST-105151,2025-05-17,1,7,False,False,41091.417499999996,1-29,DEBT_CONSOLIDATION
LN-500458,CUST-100654,2025-05-17,0,0,False,False,55641.00250000001,Current,DEBT_CONSOLIDATION
LN-500459,CUST-104562,2025-05-17,0,0,False,False,42698.550000000025,Current,DEBT_CONSOLIDATION
LN-500460,CUST-103289,2025-05-17,0,0,False,False,68074.08,Current,DEBT_CONSOLIDATION
LN-500461,CUST-103951,2025-05-17,0,0,False,False,18521.30999999999,Current,DEBT_CONSOLIDATION
LN-500462,CUST-104785,2025-05-17,0,0,False,False,30632.680000000008,Current,DEBT_CONSOLIDATION
LN-500463,CUST-100864,2025-05-17,0,0,False,False,110162.01499999996,Current,DEBT_CONSOLIDATION
LN-500464,CUST-100289,2025-05-17,0,0,False,False,11931.28000000001,Current,DEBT_CONSOLIDATION
LN-500465,CUST-103868,2025-05-17,0,0,False,False,50921.86,Current,DEBT_CONSOLIDATION
LN-500466,CUST-104215,2025-05-17,2,35,False,False,27506.437499999996,30-59,DEBT_CONSOLIDATION
LN-500467,CUST-105623,2025-05-17,4,137,False,False,4203.1449999999995,90+,DEBT_CONSOLIDATION
LN-500468,CUST-101395,2025-05-17,0,0,False,False,9232.16,Current,DEBT_CONSOLIDATION
LN-500469,CUST-106379,2025-05-17,0,0,False,False,22649.71000000001,Current,DEBT_CONSOLIDATION
LN-500470,CUST-101174,2025-05-17,0,0,False,False,42812.33499999999,Current,DEBT_CONSOLIDATION
LN-500471,CUST-102483,2025-05-17,0,0,False,False,19056.469999999998,Current,DEBT_CONSOLIDATION
LN-500472,CUST-102406,2025-05-17,0,0,False,False,5288.185,Current,DEBT_CONSOLIDATION
LN-500473,CUST-103029,2025-05-17,0,0,False,False,36320.3125,Current,DEBT_CONSOLIDATION
LN-500475,CUST-101602,2025-05-17,0,0,False,False,11306.845000000001,Current,DEBT_CONSOLIDATION
LN-500476,CUST-102662,2025-05-17,0,0,False,False,54329.03500000001,Current,DEBT_CONSOLIDATION
LN-500477,CUST-106174,2025-05-17,0,0,False,False,10228.900000000003,Current,DEBT_CONSOLIDATION
LN-500478,CUST-104987,2025-05-17,0,0,False,False,17645.184999999998,Current,DEBT_CONSOLIDATION
LN-500479,CUST-106542,2025-05-17,0,0,False,False,3383.2800000000007,Current,DEBT_CONSOLIDATION
LN-500480,CUST-105582,2025-05-17,0,0,False,False,31109.7,Current,DEBT_CONSOLIDATION
LN-500481,CUST-105351,2025-05-17,0,0,False,False,18735.86499999999,Current,DEBT_CONSOLIDATION
LN-500482,CUST-105289,2025-05-17,0,0,False,False,9349.620000000003,Current,DEBT_CONSOLIDATION
LN-500483,CUST-103892,2025-05-17,0,0,False,False,25263.55,Current,DEBT_CONSOLIDATION
LN-500484,CUST-104592,2025-05-17,0,0,False,False,5698.074999999999,Current,DEBT_CONSOLIDATION
LN-500485,CUST-104828,2025-05-17,0,0,False,False,11996.53,Current,DEBT_CONSOLIDATION
LN-500486,CUST-102016,2025-05-17,0,0,False,False,43570.555,Current,DEBT_CONSOLIDATION
LN-500487,CUST-102404,2025-05-17,0,0,False,False,27343.625000000004,Current,DEBT_CONSOLIDATION
LN-500488,CUST-102954,2025-05-17,0,0,False,False,17918.315,Current,DEBT_CONSOLIDATION
LN-500489,CUST-104924,2025-05-17,0,0,False,False,48237.740000000005,Current,DEBT_CONSOLIDATION
LN-500490,CUST-103615,2025-05-17,0,0,False,False,32927.0,Current,DEBT_CONSOLIDATION
LN-500491,CUST-102931,2025-05-17,0,0,False,False,37016.0825,Current,DEBT_CONSOLIDATION
LN-500492,CUST-107284,2025-05-17,0,0,False,False,3302.830000000001,Current,DEBT_CONSOLIDATION
LN-500493,CUST-106419,2025-05-17,0,0,False,False,15638.01,Current,DEBT_CONSOLIDATION
LN-500494,CUST-104340,2025-05-17,0,0,False,False,16145.809999999994,Current,DEBT_CONSOLIDATION
LN-500495,CUST-103514,2025-05-17,0,0,False,False,42761.67,Current,DEBT_CONSOLIDATION
LN-500496,CUST-100516,2025-05-17,0,0,False,False,29901.14,Current,DEBT_CONSOLIDATION
LN-500497,CUST-104835,2025-05-17,0,0,False,False,96979.8700000001,Current,DEBT_CONSOLIDATION
LN-500498,CUST-107245,2025-05-17,0,0,False,False,22316.3,Current,DEBT_CONSOLIDATION
LN-500499,CUST-102034,2025-05-17,0,0,False,False,22454.874999999985,Current,DEBT_CONSOLIDATION
LN-500500,CUST-102779,2025-05-17,0,0,False,False,138418.1950000001,Current,DEBT_CONSOLIDATION
LN-500501,CUST-104067,2025-05-17,0,0,False,False,17737.269999999993,Current,DEBT_CONSOLIDATION
LN-500502,CUST-107890,2025-05-17,0,0,False,False,18698.0,Current,DEBT_CONSOLIDATION
LN-500503,CUST-106125,2025-05-17,0,0,False,False,21165.345,Current,DEBT_CONSOLIDATION
LN-500504,CUST-106874,2025-05-17,0,0,False,False,6979.539999999997,Current,DEBT_CONSOLIDATION
LN-500506,CUST-105751,2025-05-17,0,0,False,False,9304.7875,Current,DEBT_CONSOLIDATION
LN-500507,CUST-105515,2025-05-17,0,0,False,False,22963.0725,Current,DEBT_CONSOLIDATION
LN-500508,CUST-104059,2025-05-17,0,0,False,False,17836.8775,Current,DEBT_CONSOLIDATION
LN-500509,CUST-105409,2025-05-17,0,0,False,False,13823.777500000002,Current,DEBT_CONSOLIDATION
LN-500510,CUST-104067,2025-05-17,0,0,False,False,34687.13249999997,Current,DEBT_CONSOLIDATION
LN-500511,CUST-103359,2025-05-17,0,0,False,False,16350.009999999998,Current,DEBT_CONSOLIDATION
LN-500512,CUST-107982,2025-05-17,1,13,False,False,603371.1750000004,1-29,DEBT_CONSOLIDATION
LN-500513,CUST-103158,2025-05-17,0,0,False,False,10952.060000000001,Current,DEBT_CONSOLIDATION
LN-500514,CUST-100315,2025-05-17,0,0,False,False,115890.445,Current,DEBT_CONSOLIDATION
LN-500516,CUST-104492,2025-05-17,0,0,False,False,8007.76,Current,DEBT_CONSOLIDATION
LN-500517,CUST-101929,2025-05-17,0,0,False,False,18829.17,Current,DEBT_CONSOLIDATION
LN-500518,CUST-100041,2025-05-17,0,0,False,False,35826.514999999985,Current,DEBT_CONSOLIDATION
LN-500519,CUST-105926,2025-05-17,0,0,False,False,33932.12,Current,DEBT_CONSOLIDATION
LN-500520,CUST-107180,2025-05-17,0,0,False,False,49655.580000000016,Current,DEBT_CONSOLIDATION
LN-500521,CUST-105437,2025-05-17,0,0,False,False,16671.134999999977,Current,DEBT_CONSOLIDATION
LN-500522,CUST-106827,2025-05-17,0,0,False,False,17734.779999999995,Current,DEBT_CONSOLIDATION
LN-500523,CUST-104306,2025-05-17,0,0,False,False,12306.605,Current,DEBT_CONSOLIDATION
LN-500524,CUST-105959,2025-05-17,0,0,False,False,24332.287499999995,Current,DEBT_CONSOLIDATION
LN-500526,CUST-102546,2025-05-17,0,0,False,False,2736.505,Current,DEBT_CONSOLIDATION
LN-500527,CUST-102383,2025-05-17,0,0,False,False,9713.7525,Current,DEBT_CONSOLIDATION
LN-500528,CUST-101107,2025-05-17,0,0,False,False,34718.45000000003,Current,DEBT_CONSOLIDATION
LN-500529,CUST-102756,2025-05-17,0,0,False,False,28688.390000000014,Current,DEBT_CONSOLIDATION
LN-500530,CUST-104635,2025-05-17,0,0,False,False,65742.56749999999,Current,DEBT_CONSOLIDATION
LN-500531,CUST-107288,2025-05-17,0,0,False,False,21548.504999999997,Current,DEBT_CONSOLIDATION
LN-500532,CUST-107059,2025-05-17,0,0,False,False,15449.400000000009,Current,DEBT_CONSOLIDATION
LN-500533,CUST-101376,2025-05-17,0,0,False,False,13738.040000000005,Current,DEBT_CONSOLIDATION
LN-500534,CUST-101859,2025-05-17,0,0,False,False,32848.23,Current,DEBT_CONSOLIDATION
LN-500535,CUST-105062,2025-05-17,0,0,False,False,36955.154999999984,Current,DEBT_CONSOLIDATION
LN-500536,CUST-100396,2025-05-17,0,0,False,False,11198.785000000002,Current,DEBT_CONSOLIDATION
LN-500537,CUST-101332,2025-05-17,0,0,False,False,17103.124999999996,Current,DEBT_CONSOLIDATION
LN-500538,CUST-102514,2025-05-17,0,0,False,False,13955.082500000002,Current,DEBT_CONSOLIDATION
LN-500539,CUST-105443,2025-05-17,0,0,False,False,13777.035,Current,DEBT_CONSOLIDATION
LN-500540,CUST-105297,2025-05-17,0,0,False,False,32196.22,Current,DEBT_CONSOLIDATION
LN-500541,CUST-100770,2025-05-17,0,0,False,False,43243.2025,Current,DEBT_CONSOLIDATION
LN-500542,CUST-105122,2025-05-17,0,0,False,False,28705.36,Current,DEBT_CONSOLIDATION
LN-500543,CUST-103086,2025-05-17,0,0,False,False,7174.98,Current,DEBT_CONSOLIDATION
LN-500544,CUST-104382,2025-05-17,1,22,False,False,3630.4849999999988,1-29,DEBT_CONSOLIDATION
LN-500545,CUST-105174,2025-05-17,0,0,False,False,22136.665000000008,Current,DEBT_CONSOLIDATION
LN-500546,CUST-100274,2025-05-17,0,0,False,False,21364.165,Current,DEBT_CONSOLIDATION
LN-500547,CUST-101617,2025-05-17,0,0,False,False,128629.29750000004,Current,DEBT_CONSOLIDATION
LN-500548,CUST-102486,2025-05-17,0,0,False,False,19857.61,Current,DEBT_CONSOLIDATION
LN-500549,CUST-104163,2025-05-17,0,0,False,False,2683.37,Current,DEBT_CONSOLIDATION
LN-500550,CUST-103803,2025-05-17,0,0,False,False,16121.45,Current,DEBT_CONSOLIDATION
LN-500551,CUST-107840,2025-05-17,0,0,False,False,16022.290000000008,Current,DEBT_CONSOLIDATION
LN-500552,CUST-100032,2025-05-17,0,0,False,False,8430.052500000002,Current,DEBT_CONSOLIDATION
LN-500553,CUST-105949,2025-05-17,0,0,False,False,18675.067499999986,Current,DEBT_CONSOLIDATION
LN-500554,CUST-104960,2025-05-17,0,0,False,False,16246.677499999998,Current,DEBT_CONSOLIDATION
LN-500555,CUST-107001,2025-05-17,0,0,False,False,116384.16000000005,Current,DEBT_CONSOLIDATION
LN-500556,CUST-102635,2025-05-17,0,0,False,False,7797.412499999999,Current,DEBT_CONSOLIDATION
LN-500557,CUST-106231,2025-05-17,0,0,False,False,8663.022500000006,Current,DEBT_CONSOLIDATION
LN-500558,CUST-107980,2025-05-17,1,21,False,False,26704.044999999987,1-29,DEBT_CONSOLIDATION
LN-500559,CUST-105585,2025-05-17,0,0,False,False,11250.225,Current,DEBT_CONSOLIDATION
LN-500560,CUST-107726,2025-05-17,0,0,False,False,9971.137500000008,Current,DEBT_CONSOLIDATION
LN-500561,CUST-103643,2025-05-17,0,0,False,False,43628.014999999985,Current,DEBT_CONSOLIDATION
LN-500562,CUST-104478,2025-05-17,0,0,False,False,25759.199999999997,Current,DEBT_CONSOLIDATION
LN-500563,CUST-102534,2025-05-17,0,0,False,False,6163.244999999998,Current,DEBT_CONSOLIDATION
LN-500564,CUST-107322,2025-05-17,0,0,False,False,20377.745000000003,Current,DEBT_CONSOLIDATION
LN-500565,CUST-101273,2025-05-17,0,0,False,False,67796.43500000004,Current,DEBT_CONSOLIDATION
LN-500566,CUST-101163,2025-05-17,0,0,False,False,12714.892499999998,Current,DEBT_CONSOLIDATION
LN-500567,CUST-106494,2025-05-17,0,0,False,False,31762.860000000044,Current,DEBT_CONSOLIDATION
LN-500568,CUST-102072,2025-05-17,0,0,False,False,35690.87999999999,Current,DEBT_CONSOLIDATION
LN-500569,CUST-103902,2025-05-17,4,154,False,False,42223.58500000001,90+,DEBT_CONSOLIDATION
LN-500570,CUST-107954,2025-05-17,0,0,False,False,15420.38,Current,DEBT_CONSOLIDATION
LN-500572,CUST-100352,2025-05-17,0,0,False,False,33297.94,Current,DEBT_CONSOLIDATION
LN-500573,CUST-101289,2025-05-17,0,0,False,False,9663.694999999998,Current,DEBT_CONSOLIDATION
LN-500574,CUST-107873,2025-05-17,0,0,False,False,44007.34499999999,Current,DEBT_CONSOLIDATION
LN-500575,CUST-103709,2025-05-17,0,0,False,False,27530.085000000003,Current,DEBT_CONSOLIDATION
LN-500577,CUST-102455,2025-05-17,0,0,False,False,1068.02,Current,DEBT_CONSOLIDATION
LN-500578,CUST-103676,2025-05-17,0,0,False,False,21737.82000000001,Current,DEBT_CONSOLIDATION
LN-500579,CUST-107015,2025-05-17,0,0,False,False,8786.7825,Current,DEBT_CONSOLIDATION
LN-500580,CUST-101432,2025-05-17,0,0,False,False,13726.842500000002,Current,DEBT_CONSOLIDATION
LN-500581,CUST-105287,2025-05-17,0,0,False,False,13198.390000000005,Current,DEBT_CONSOLIDATION
LN-500582,CUST-105572,2025-05-17,0,0,False,False,94162.0175,Current,DEBT_CONSOLIDATION
LN-500583,CUST-106655,2025-05-17,0,0,False,False,559115.0749999998,Current,DEBT_CONSOLIDATION
LN-500584,CUST-101605,2025-05-17,0,0,False,False,15037.54250000001,Current,DEBT_CONSOLIDATION
LN-500585,CUST-106146,2025-05-17,0,0,False,False,17996.36,Current,DEBT_CONSOLIDATION
LN-500586,CUST-102417,2025-05-17,0,0,True,False,9899.547499999993,Current,DEBT_CONSOLIDATION
LN-500587,CUST-101933,2025-05-17,0,0,False,False,21132.43250000002,Current,DEBT_CONSOLIDATION
LN-500588,CUST-107950,2025-05-17,0,0,False,False,13025.504999999997,Current,DEBT_CONSOLIDATION
LN-500589,CUST-101759,2025-05-17,0,0,False,False,5501.0,Current,DEBT_CONSOLIDATION
LN-500590,CUST-100858,2025-05-17,0,0,False,False,16975.892499999987,Current,DEBT_CONSOLIDATION
LN-500592,CUST-100397,2025-05-17,0,0,False,False,26223.280000000013,Current,DEBT_CONSOLIDATION
LN-500593,CUST-107609,2025-05-17,0,0,False,False,11137.104999999996,Current,DEBT_CONSOLIDATION
LN-500594,CUST-105705,2025-05-17,0,0,False,False,16277.845000000005,Current,DEBT_CONSOLIDATION
LN-500595,CUST-107270,2025-05-17,0,0,False,False,28470.750000000007,Current,DEBT_CONSOLIDATION
LN-500597,CUST-105770,2025-05-17,0,0,False,False,3035.595000000001,Current,DEBT_CONSOLIDATION
LN-500598,CUST-107813,2025-05-17,0,0,False,False,34542.189999999966,Current,DEBT_CONSOLIDATION
LN-500599,CUST-103497,2025-05-17,0,0,False,False,21640.030000000002,Current,DEBT_CONSOLIDATION
LN-500600,CUST-104878,2025-05-17,0,0,False,False,9238.25,Current,DEBT_CONSOLIDATION
LN-500601,CUST-101537,2025-05-17,0,0,False,False,16694.289999999997,Current,DEBT_CONSOLIDATION
LN-500602,CUST-105112,2025-05-17,0,0,False,False,28180.09999999999,Current,DEBT_CONSOLIDATION
LN-500603,CUST-105380,2025-05-17,0,0,False,False,18565.922499999997,Current,DEBT_CONSOLIDATION
LN-500604,CUST-103013,2025-05-17,0,0,False,False,46077.340000000004,Current,DEBT_CONSOLIDATION
LN-500605,CUST-106496,2025-05-17,0,0,False,False,7652.577500000001,Current,DEBT_CONSOLIDATION
LN-500606,CUST-100096,2025-05-17,0,0,False,False,15324.384999999998,Current,DEBT_CONSOLIDATION
LN-500607,CUST-102617,2025-05-17,0,0,False,False,15017.9525,Current,DEBT_CONSOLIDATION
LN-500608,CUST-102328,2025-05-17,0,0,False,False,16193.669999999986,Current,DEBT_CONSOLIDATION
LN-500609,CUST-103093,2025-05-17,0,0,True,False,36393.590000000026,Current,DEBT_CONSOLIDATION
LN-500610,CUST-102453,2025-05-17,0,0,False,False,39748.63999999999,Current,DEBT_CONSOLIDATION
LN-500611,CUST-103236,2025-05-17,0,0,True,False,43768.67,Current,DEBT_CONSOLIDATION
LN-500612,CUST-105174,2025-05-17,0,0,False,False,48927.9,Current,DEBT_CONSOLIDATION
LN-500613,CUST-105035,2025-05-17,0,0,False,False,28274.629999999997,Current,DEBT_CONSOLIDATION
LN-500614,CUST-100523,2025-05-17,0,0,False,False,23252.39,Current,DEBT_CONSOLIDATION
LN-500615,CUST-100123,2025-05-17,0,0,False,False,19254.257500000003,Current,DEBT_CONSOLIDATION
LN-500617,CUST-101429,2025-05-17,0,0,False,False,28282.9,Current,DEBT_CONSOLIDATION
LN-500618,CUST-101267,2025-05-17,0,0,False,False,9143.79250000001,Current,DEBT_CONSOLIDATION
LN-500619,CUST-104484,2025-05-17,0,0,False,False,10370.875,Current,DEBT_CONSOLIDATION
LN-500620,CUST-104691,2025-05-17,0,0,False,False,39697.32000000001,Current,DEBT_CONSOLIDATION
LN-500621,CUST-100857,2025-05-17,0,0,False,False,29182.625,Current,DEBT_CONSOLIDATION
LN-500622,CUST-107597,2025-05-17,0,0,False,False,21213.639999999996,Current,DEBT_CONSOLIDATION
LN-500623,CUST-106665,2025-05-17,0,0,False,False,11935.490000000005,Current,DEBT_CONSOLIDATION
LN-500624,CUST-107791,2025-05-17,0,0,False,False,19141.034999999996,Current,DEBT_CONSOLIDATION
LN-500625,CUST-100607,2025-05-17,0,0,False,False,21229.680000000004,Current,DEBT_CONSOLIDATION
LN-500626,CUST-103630,2025-05-17,0,0,False,False,32966.130000000005,Current,DEBT_CONSOLIDATION
LN-500627,CUST-101586,2025-05-17,0,0,False,False,14886.005000000008,Current,DEBT_CONSOLIDATION
LN-500628,CUST-103504,2025-05-17,0,0,False,False,19880.7325,Current,DEBT_CONSOLIDATION
LN-500629,CUST-103976,2025-05-17,4,140,False,False,43058.86499999999,90+,DEBT_CONSOLIDATION
LN-500630,CUST-100155,2025-05-17,0,0,False,False,23646.299999999992,Current,DEBT_CONSOLIDATION
LN-500631,CUST-104183,2025-05-17,0,0,False,False,9906.96,Current,DEBT_CONSOLIDATION
LN-500632,CUST-107098,2025-05-17,0,0,False,False,19639.54,Current,DEBT_CONSOLIDATION
LN-500633,CUST-105425,2025-05-17,0,0,False,False,458109.82000000007,Current,DEBT_CONSOLIDATION
LN-500634,CUST-107119,2025-05-17,0,0,False,False,38802.162500000006,Current,DEBT_CONSOLIDATION
LN-500635,CUST-103131,2025-05-17,0,0,False,False,17538.697499999987,Current,DEBT_CONSOLIDATION
LN-500636,CUST-100426,2025-05-17,0,0,False,False,24710.65499999999,Current,DEBT_CONSOLIDATION
LN-500637,CUST-106763,2025-05-17,0,0,False,False,461931.85749999987,Current,DEBT_CONSOLIDATION
LN-500638,CUST-107183,2025-05-17,0,0,False,False,40046.725,Current,DEBT_CONSOLIDATION
LN-500639,CUST-106374,2025-05-17,0,0,False,False,26499.600000000002,Current,DEBT_CONSOLIDATION
LN-500640,CUST-101354,2025-05-17,0,0,False,False,32878.2775,Current,DEBT_CONSOLIDATION
LN-500641,CUST-103429,2025-05-17,0,0,False,False,29430.035000000018,Current,DEBT_CONSOLIDATION
LN-500642,CUST-102673,2025-05-17,0,0,False,False,6719.012500000001,Current,DEBT_CONSOLIDATION
LN-500643,CUST-104420,2025-05-17,0,0,False,False,14452.910000000003,Current,DEBT_CONSOLIDATION
LN-500644,CUST-102717,2025-05-17,0,0,False,False,17255.300000000007,Current,DEBT_CONSOLIDATION
LN-500645,CUST-104383,2025-05-17,0,0,False,False,8919.67249999999,Current,DEBT_CONSOLIDATION
LN-500646,CUST-107250,2025-05-17,0,0,False,False,28297.710000000003,Current,DEBT_CONSOLIDATION
LN-500647,CUST-105745,2025-05-17,0,0,False,False,30688.070000000018,Current,DEBT_CONSOLIDATION
LN-500648,CUST-106918,2025-05-17,0,0,False,False,22359.865,Current,DEBT_CONSOLIDATION
LN-500649,CUST-102141,2025-05-17,0,0,False,False,242915.76000000013,Current,DEBT_CONSOLIDATION
LN-500651,CUST-104300,2025-05-17,0,0,False,False,38014.1875,Current,DEBT_CONSOLIDATION
LN-500652,CUST-103787,2025-05-17,0,0,False,False,17194.000000000004,Current,DEBT_CONSOLIDATION
LN-500653,CUST-102322,2025-05-17,0,0,False,False,44477.24,Current,DEBT_CONSOLIDATION
LN-500654,CUST-100024,2025-05-17,0,0,False,False,1003.2300000000002,Current,DEBT_CONSOLIDATION
LN-500655,CUST-102720,2025-05-17,0,0,False,False,19219.700000000004,Current,DEBT_CONSOLIDATION
LN-500656,CUST-106931,2025-05-17,0,0,False,False,6477.209999999998,Current,DEBT_CONSOLIDATION
LN-500657,CUST-105503,2025-05-17,0,0,False,False,10310.425000000001,Current,DEBT_CONSOLIDATION
LN-500658,CUST-102936,2025-05-17,0,0,False,False,36609.58500000002,Current,DEBT_CONSOLIDATION
LN-500659,CUST-102703,2025-05-17,0,0,False,False,30277.960000000006,Current,DEBT_CONSOLIDATION
LN-500660,CUST-103992,2025-05-17,0,0,False,False,22686.6425,Current,DEBT_CONSOLIDATION
LN-500662,CUST-103290,2025-05-17,0,0,False,False,21098.33,Current,DEBT_CONSOLIDATION
LN-500663,CUST-105273,2025-05-17,0,0,False,False,44182.69250000001,Current,DEBT_CONSOLIDATION
LN-500664,CUST-102352,2025-05-17,0,0,False,False,29045.25,Current,DEBT_CONSOLIDATION
LN-500665,CUST-100377,2025-05-17,0,0,False,False,43777.83000000001,Current,DEBT_CONSOLIDATION
LN-500666,CUST-100883,2025-05-17,0,0,False,False,9100.925000000001,Current,DEBT_CONSOLIDATION
LN-500667,CUST-104186,2025-05-17,0,0,False,False,27540.492500000015,Current,DEBT_CONSOLIDATION
LN-500668,CUST-107449,2025-05-17,0,0,False,False,26441.500000000004,Current,DEBT_CONSOLIDATION
LN-500670,CUST-106538,2025-05-17,0,0,False,False,11677.349999999999,Current,DEBT_CONSOLIDATION
LN-500671,CUST-104071,2025-05-17,0,0,False,False,15082.619999999995,Current,DEBT_CONSOLIDATION
LN-500672,CUST-107792,2025-05-17,0,0,False,False,6204.6050000000005,Current,DEBT_CONSOLIDATION
LN-500673,CUST-106368,2025-05-17,0,0,False,False,11564.445,Current,DEBT_CONSOLIDATION
LN-500675,CUST-105760,2025-05-17,1,22,False,False,38027.03999999997,1-29,DEBT_CONSOLIDATION
LN-500676,CUST-103152,2025-05-17,0,0,False,False,12214.312499999996,Current,DEBT_CONSOLIDATION
LN-500677,CUST-104161,2025-05-17,0,0,False,False,24330.415,Current,DEBT_CONSOLIDATION
LN-500678,CUST-105783,2025-05-17,0,0,False,False,539695.4725000001,Current,DEBT_CONSOLIDATION
LN-500679,CUST-102903,2025-05-17,0,0,False,False,27369.00000000001,Current,DEBT_CONSOLIDATION
LN-500680,CUST-102085,2025-05-17,0,0,False,False,20640.809999999998,Current,DEBT_CONSOLIDATION
LN-500681,CUST-104514,2025-05-17,0,0,False,False,204725.6025000001,Current,DEBT_CONSOLIDATION
LN-500682,CUST-105984,2025-05-17,0,0,False,False,14972.7875,Current,DEBT_CONSOLIDATION
LN-500683,CUST-104202,2025-05-17,0,0,False,False,15137.672499999995,Current,DEBT_CONSOLIDATION
LN-500684,CUST-103766,2025-05-17,4,101,False,False,40082.7925,90+,DEBT_CONSOLIDATION
LN-500685,CUST-106963,2025-05-17,0,0,False,False,5383.109999999999,Current,DEBT_CONSOLIDATION
LN-500686,CUST-106996,2025-05-17,0,0,False,False,26084.127499999995,Current,DEBT_CONSOLIDATION
LN-500687,CUST-100585,2025-05-17,0,0,False,False,17255.97000000001,Current,DEBT_CONSOLIDATION
LN-500688,CUST-107721,2025-05-17,1,22,False,False,11026.449999999995,1-29,DEBT_CONSOLIDATION
LN-500689,CUST-103214,2025-05-17,0,0,False,False,37272.59000000002,Current,DEBT_CONSOLIDATION
LN-500690,CUST-107636,2025-05-17,0,0,False,False,27262.285000000003,Current,DEBT_CONSOLIDATION
LN-500693,CUST-101423,2025-05-17,0,0,False,False,1882.8025000000016,Current,DEBT_CONSOLIDATION
LN-500694,CUST-103561,2025-05-17,0,0,False,False,24939.359999999997,Current,DEBT_CONSOLIDATION
LN-500695,CUST-107022,2025-05-17,0,0,False,False,8923.557499999994,Current,DEBT_CONSOLIDATION
LN-500696,CUST-103469,2025-05-17,0,0,False,False,28583.675000000007,Current,DEBT_CONSOLIDATION
LN-500697,CUST-105834,2025-05-17,0,0,False,False,2577.9999999999995,Current,DEBT_CONSOLIDATION
LN-500698,CUST-100170,2025-05-17,0,0,False,False,24648.324999999986,Current,DEBT_CONSOLIDATION
LN-500700,CUST-103706,2025-05-17,0,0,False,False,7090.065000000001,Current,DEBT_CONSOLIDATION
LN-500701,CUST-101626,2025-05-17,0,0,False,False,32996.49000000003,Current,DEBT_CONSOLIDATION
LN-500702,CUST-104525,2025-05-17,0,0,False,False,8088.9649999999965,Current,DEBT_CONSOLIDATION
LN-500703,CUST-105886,2025-05-17,0,0,False,False,119649.505,Current,DEBT_CONSOLIDATION
LN-500704,CUST-104615,2025-05-17,0,0,False,False,31586.560000000005,Current,DEBT_CONSOLIDATION
LN-500705,CUST-100323,2025-05-17,0,0,False,False,23497.114999999998,Current,DEBT_CONSOLIDATION
LN-500706,CUST-102767,2025-05-17,0,0,False,False,20201.4725,Current,DEBT_CONSOLIDATION
LN-500707,CUST-107554,2025-05-17,0,0,False,False,307.88250000000005,Current,DEBT_CONSOLIDATION
LN-500708,CUST-106339,2025-05-17,0,0,False,False,51571.607500000006,Current,DEBT_CONSOLIDATION
LN-500709,CUST-103506,2025-05-17,1,13,False,False,20706.96249999999,1-29,DEBT_CONSOLIDATION
LN-500710,CUST-102699,2025-05-17,0,0,True,False,7954.280000000002,Current,DEBT_CONSOLIDATION
LN-500711,CUST-107076,2025-05-17,0,0,False,False,34513.31500000004,Current,DEBT_CONSOLIDATION
LN-500712,CUST-101647,2025-05-17,0,0,False,False,4076.77,Current,DEBT_CONSOLIDATION
LN-500713,CUST-104956,2025-05-17,2,35,False,False,29082.0225,30-59,DEBT_CONSOLIDATION
LN-500714,CUST-104148,2025-05-17,0,0,False,False,32305.255000000012,Current,DEBT_CONSOLIDATION
LN-500715,CUST-107753,2025-05-17,4,98,False,False,10594.175000000005,90+,DEBT_CONSOLIDATION
LN-500716,CUST-106360,2025-05-17,0,0,False,False,25209.427499999998,Current,DEBT_CONSOLIDATION
LN-500717,CUST-105901,2025-05-17,0,0,False,False,21581.72500000001,Current,DEBT_CONSOLIDATION
LN-500718,CUST-105189,2025-05-17,0,0,False,False,9486.269999999993,Current,DEBT_CONSOLIDATION
LN-500719,CUST-103759,2025-05-17,0,0,False,False,26224.960000000006,Current,DEBT_CONSOLIDATION
LN-500720,CUST-107699,2025-05-17,0,0,False,False,15227.757499999996,Current,DEBT_CONSOLIDATION
LN-500721,CUST-104246,2025-05-17,0,0,False,False,26883.110000000008,Current,DEBT_CONSOLIDATION
LN-500722,CUST-100485,2025-05-17,0,0,False,False,58763.6825,Current,DEBT_CONSOLIDATION
LN-500723,CUST-100638,2025-05-17,0,0,False,False,18330.289999999997,Current,DEBT_CONSOLIDATION
LN-500724,CUST-105199,2025-05-17,0,0,False,False,25123.515,Current,DEBT_CONSOLIDATION
LN-500725,CUST-106924,2025-05-17,0,0,False,False,138198.46749999994,Current,DEBT_CONSOLIDATION
LN-500726,CUST-102694,2025-05-17,0,0,False,False,12699.51,Current,DEBT_CONSOLIDATION
LN-500727,CUST-106817,2025-05-17,0,0,False,False,23645.519999999997,Current,DEBT_CONSOLIDATION
LN-500728,CUST-105654,2025-05-17,0,0,False,False,20214.975000000002,Current,DEBT_CONSOLIDATION
LN-500729,CUST-100673,2025-05-17,0,0,False,False,40005.77,Current,DEBT_CONSOLIDATION
LN-500730,CUST-102833,2025-05-17,0,0,False,False,21877.660000000003,Current,DEBT_CONSOLIDATION
LN-500731,CUST-107016,2025-05-17,0,0,False,False,23372.937499999978,Current,DEBT_CONSOLIDATION
LN-500732,CUST-101398,2025-05-17,0,0,False,False,45506.504999999976,Current,DEBT_CONSOLIDATION
LN-500733,CUST-100907,2025-05-17,0,0,False,False,18654.242500000008,Current,DEBT_CONSOLIDATION
LN-500734,CUST-100005,2025-05-17,0,0,False,False,50975.774999999994,Current,DEBT_CONSOLIDATION
LN-500735,CUST-106990,2025-05-17,0,0,False,False,60024.79999999999,Current,DEBT_CONSOLIDATION
LN-500736,CUST-105120,2025-05-17,0,0,False,False,12650.277499999998,Current,DEBT_CONSOLIDATION
LN-500737,CUST-100695,2025-05-17,0,0,False,False,14396.620000000006,Current,DEBT_CONSOLIDATION
LN-500738,CUST-105336,2025-05-17,0,0,False,False,23112.84,Current,DEBT_CONSOLIDATION
LN-500740,CUST-101546,2025-05-17,0,0,False,False,13787.654999999995,Current,DEBT_CONSOLIDATION
LN-500741,CUST-102440,2025-05-17,0,0,False,False,7690.900000000005,Current,DEBT_CONSOLIDATION
LN-500742,CUST-107621,2025-05-17,0,0,False,False,14245.650000000007,Current,DEBT_CONSOLIDATION
LN-500744,CUST-100910,2025-05-17,0,0,False,False,3995.192499999997,Current,DEBT_CONSOLIDATION
LN-500745,CUST-101058,2025-05-17,0,0,False,False,7443.369999999999,Current,DEBT_CONSOLIDATION
LN-500746,CUST-105510,2025-05-17,0,0,True,False,33373.12500000002,Current,DEBT_CONSOLIDATION
LN-500747,CUST-106264,2025-05-17,0,0,False,False,25219.317499999986,Current,DEBT_CONSOLIDATION
LN-500748,CUST-104385,2025-05-17,0,0,False,False,42956.689999999995,Current,DEBT_CONSOLIDATION
LN-500749,CUST-106278,2025-05-17,0,0,False,False,5638.830000000003,Current,DEBT_CONSOLIDATION
LN-500750,CUST-100857,2025-05-17,2,33,False,False,14035.7475,30-59,DEBT_CONSOLIDATION
LN-500751,CUST-102450,2025-05-17,0,0,False,False,15554.875,Current,DEBT_CONSOLIDATION
LN-500752,CUST-106580,2025-05-17,0,0,False,False,6062.255,Current,DEBT_CONSOLIDATION
LN-500753,CUST-107199,2025-05-17,0,0,False,False,587187.3399999999,Current,DEBT_CONSOLIDATION
LN-500754,CUST-103144,2025-05-17,0,0,False,False,2857.689999999999,Current,DEBT_CONSOLIDATION
LN-500755,CUST-105309,2025-05-17,0,0,False,False,17919.16,Current,DEBT_CONSOLIDATION
LN-500756,CUST-102198,2025-05-17,0,0,False,False,22387.76999999999,Current,DEBT_CONSOLIDATION
LN-500757,CUST-103188,2025-05-17,0,0,False,False,19474.139999999985,Current,DEBT_CONSOLIDATION
LN-500759,CUST-100730,2025-05-17,0,0,False,False,97970.01,Current,DEBT_CONSOLIDATION
LN-500760,CUST-105283,2025-05-17,0,0,False,False,9298.330000000004,Current,DEBT_CONSOLIDATION
LN-500761,CUST-106834,2025-05-17,0,0,False,False,22958.145,Current,DEBT_CONSOLIDATION
LN-500762,CUST-107877,2025-05-17,0,0,False,False,23845.12499999999,Current,DEBT_CONSOLIDATION
LN-500763,CUST-107960,2025-05-17,2,50,False,False,46110.47,30-59,DEBT_CONSOLIDATION
LN-500765,CUST-103987,2025-05-17,1,15,False,False,32330.78999999998,1-29,DEBT_CONSOLIDATION
LN-500766,CUST-106787,2025-05-17,0,0,False,False,14400.922500000008,Current,DEBT_CONSOLIDATION
LN-500767,CUST-102002,2025-05-17,1,11,False,False,5731.310000000002,1-29,DEBT_CONSOLIDATION
LN-500768,CUST-100356,2025-05-17,1,21,False,False,16664.66,1-29,DEBT_CONSOLIDATION
LN-500769,CUST-107151,2025-05-17,0,0,False,False,33847.10749999999,Current,DEBT_CONSOLIDATION
LN-500770,CUST-101928,2025-05-17,0,0,False,False,3117.5999999999985,Current,DEBT_CONSOLIDATION
LN-500771,CUST-105663,2025-05-17,0,0,False,False,3408.965000000001,Current,DEBT_CONSOLIDATION
LN-500772,CUST-106847,2025-05-17,0,0,False,False,10574.74000000001,Current,DEBT_CONSOLIDATION
LN-500773,CUST-105614,2025-05-17,0,0,False,False,32964.575,Current,DEBT_CONSOLIDATION
LN-500774,CUST-107615,2025-05-17,0,0,False,False,25855.779999999988,Current,DEBT_CONSOLIDATION
LN-500775,CUST-107023,2025-05-17,0,0,False,False,30146.13,Current,DEBT_CONSOLIDATION
LN-500776,CUST-107894,2025-05-17,0,0,False,False,18266.42500000001,Current,DEBT_CONSOLIDATION
LN-500777,CUST-107683,2025-05-17,0,0,False,False,118631.08499999996,Current,DEBT_CONSOLIDATION
LN-500778,CUST-104910,2025-05-17,0,0,False,False,26055.247500000016,Current,DEBT_CONSOLIDATION
LN-500779,CUST-106487,2025-05-17,0,0,True,False,23263.535000000007,Current,DEBT_CONSOLIDATION
LN-500780,CUST-107114,2025-05-17,0,0,False,False,27135.19999999999,Current,DEBT_CONSOLIDATION
LN-500781,CUST-104782,2025-05-17,0,0,False,False,8975.160000000002,Current,DEBT_CONSOLIDATION
LN-500782,CUST-105234,2025-05-17,0,0,False,False,43128.655,Current,DEBT_CONSOLIDATION
LN-500783,CUST-107867,2025-05-17,0,0,False,False,4707.287499999999,Current,DEBT_CONSOLIDATION
LN-500784,CUST-103107,2025-05-17,0,0,False,False,25823.880000000005,Current,DEBT_CONSOLIDATION
LN-500785,CUST-104870,2025-05-17,0,0,False,False,24833.52,Current,DEBT_CONSOLIDATION
LN-500786,CUST-104780,2025-05-17,1,22,False,False,14045.78,1-29,DEBT_CONSOLIDATION
LN-500787,CUST-100742,2025-05-17,0,0,False,False,45036.62250000001,Current,DEBT_CONSOLIDATION
LN-500788,CUST-106860,2025-05-17,0,0,False,False,6414.880000000001,Current,DEBT_CONSOLIDATION
LN-500789,CUST-105623,2025-05-17,0,0,False,False,48329.415,Current,DEBT_CONSOLIDATION
LN-500790,CUST-101536,2025-05-17,3,68,False,False,9896.427500000005,60-89,DEBT_CONSOLIDATION
LN-500791,CUST-106656,2025-05-17,0,0,False,False,10737.300000000001,Current,DEBT_CONSOLIDATION
LN-500792,CUST-100547,2025-05-17,0,0,False,False,29163.215,Current,DEBT_CONSOLIDATION
LN-500793,CUST-106204,2025-05-17,0,0,False,False,27643.03250000001,Current,DEBT_CONSOLIDATION
LN-500794,CUST-100136,2025-05-17,0,0,False,False,13018.572500000002,Current,DEBT_CONSOLIDATION
LN-500795,CUST-106839,2025-05-17,0,0,False,False,6319.945000000001,Current,DEBT_CONSOLIDATION
LN-500796,CUST-101683,2025-05-17,0,0,False,False,41566.48999999998,Current,DEBT_CONSOLIDATION
LN-500797,CUST-102001,2025-05-17,0,0,False,False,13132.540000000005,Current,DEBT_CONSOLIDATION
LN-500798,CUST-100788,2025-05-17,0,0,False,False,456067.72,Current,DEBT_CONSOLIDATION
LN-500799,CUST-103561,2025-05-17,0,0,True,False,47666.965,Current,DEBT_CONSOLIDATION
LN-500800,CUST-103675,2025-05-17,0,0,False,False,3144.4574999999977,Current,DEBT_CONSOLIDATION
LN-500801,CUST-106489,2025-05-17,0,0,False,False,21098.480000000007,Current,DEBT_CONSOLIDATION
LN-500802,CUST-101761,2025-05-17,0,0,False,False,9228.774999999994,Current,DEBT_CONSOLIDATION
LN-500803,CUST-101794,2025-05-17,0,0,False,False,101663.88499999998,Current,DEBT_CONSOLIDATION
LN-500804,CUST-107848,2025-05-17,0,0,False,False,13008.369999999992,Current,DEBT_CONSOLIDATION
LN-500805,CUST-105657,2025-05-17,0,0,False,False,7782.369999999994,Current,DEBT_CONSOLIDATION
LN-500806,CUST-107546,2025-05-17,0,0,False,False,21899.762499999997,Current,DEBT_CONSOLIDATION
LN-500807,CUST-106436,2025-05-17,0,0,False,False,6602.004999999997,Current,DEBT_CONSOLIDATION
LN-500808,CUST-101142,2025-05-17,0,0,False,False,23212.665,Current,DEBT_CONSOLIDATION
LN-500809,CUST-104725,2025-05-17,0,0,False,False,26086.500000000007,Current,DEBT_CONSOLIDATION
LN-500810,CUST-105872,2025-05-17,0,0,False,False,22362.79,Current,DEBT_CONSOLIDATION
LN-500811,CUST-102615,2025-05-17,0,0,False,False,60929.76,Current,DEBT_CONSOLIDATION
LN-500812,CUST-101582,2025-05-17,0,0,False,False,23896.56,Current,DEBT_CONSOLIDATION
LN-500813,CUST-106414,2025-05-17,0,0,False,False,17846.699999999993,Current,DEBT_CONSOLIDATION
LN-500814,CUST-100897,2025-05-17,0,0,False,False,37520.115,Current,DEBT_CONSOLIDATION
LN-500815,CUST-104067,2025-05-17,0,0,False,False,2719.35,Current,DEBT_CONSOLIDATION
LN-500816,CUST-103110,2025-05-17,0,0,False,False,21668.415000000023,Current,DEBT_CONSOLIDATION
LN-500817,CUST-105547,2025-05-17,0,0,False,False,15119.68,Current,DEBT_CONSOLIDATION
LN-500818,CUST-104587,2025-05-17,0,0,False,False,9514.715000000002,Current,DEBT_CONSOLIDATION
LN-500819,CUST-104595,2025-05-17,0,0,False,False,31215.040000000015,Current,DEBT_CONSOLIDATION
LN-500820,CUST-103599,2025-05-17,0,0,False,False,9371.31,Current,DEBT_CONSOLIDATION
LN-500821,CUST-102848,2025-05-17,0,0,False,False,137975.63749999998,Current,DEBT_CONSOLIDATION
LN-500822,CUST-101834,2025-05-17,0,0,False,False,2521.680000000001,Current,DEBT_CONSOLIDATION
LN-500823,CUST-105933,2025-05-17,0,0,False,False,47756.0,Current,DEBT_CONSOLIDATION
LN-500824,CUST-100039,2025-05-17,0,0,False,False,24142.46749999999,Current,DEBT_CONSOLIDATION
LN-500825,CUST-102290,2025-05-17,0,0,False,False,93764.58000000002,Current,DEBT_CONSOLIDATION
LN-500826,CUST-102205,2025-05-17,0,0,False,False,12675.230000000001,Current,DEBT_CONSOLIDATION
LN-500827,CUST-107557,2025-05-17,0,0,False,False,11248.334999999988,Current,DEBT_CONSOLIDATION
LN-500828,CUST-101705,2025-05-17,0,0,False,False,5092.88,Current,DEBT_CONSOLIDATION
LN-500829,CUST-101697,2025-05-17,0,0,False,False,7300.187499999998,Current,DEBT_CONSOLIDATION
LN-500831,CUST-102489,2025-05-17,0,0,False,False,15859.489999999987,Current,DEBT_CONSOLIDATION
LN-500832,CUST-101968,2025-05-17,1,8,False,False,19818.73000000001,1-29,DEBT_CONSOLIDATION
LN-500833,CUST-106878,2025-05-17,0,0,False,False,15866.715000000007,Current,DEBT_CONSOLIDATION
LN-500834,CUST-106879,2025-05-17,0,0,False,False,27293.399999999998,Current,DEBT_CONSOLIDATION
LN-500835,CUST-106751,2025-05-17,0,0,False,False,33409.33749999999,Current,DEBT_CONSOLIDATION
LN-500836,CUST-102391,2025-05-17,0,0,False,False,12947.090000000004,Current,DEBT_CONSOLIDATION
LN-500837,CUST-104228,2025-05-17,0,0,False,False,11110.95,Current,DEBT_CONSOLIDATION
LN-500838,CUST-101919,2025-05-17,0,0,False,False,40452.66000000002,Current,DEBT_CONSOLIDATION
LN-500839,CUST-101213,2025-05-17,0,0,False,False,26167.100000000002,Current,DEBT_CONSOLIDATION
LN-500840,CUST-106411,2025-05-17,0,0,False,False,24478.055,Current,DEBT_CONSOLIDATION
LN-500841,CUST-105667,2025-05-17,0,0,False,False,8685.270000000004,Current,DEBT_CONSOLIDATION
LN-500842,CUST-100954,2025-05-17,0,0,False,False,98462.62500000007,Current,DEBT_CONSOLIDATION
LN-500843,CUST-106906,2025-05-17,0,0,False,False,4635.6,Current,DEBT_CONSOLIDATION
LN-500844,CUST-107661,2025-05-17,0,0,False,False,38537.5675,Current,DEBT_CONSOLIDATION
LN-500845,CUST-100117,2025-05-17,0,0,False,False,17152.0175,Current,DEBT_CONSOLIDATION
LN-500846,CUST-103043,2025-05-17,0,0,False,False,138530.39250000002,Current,DEBT_CONSOLIDATION
LN-500847,CUST-106919,2025-05-17,1,25,False,False,46367.89,1-29,DEBT_CONSOLIDATION
LN-500849,CUST-102245,2025-05-17,0,0,False,True,840.4000000000003,Current,DEBT_CONSOLIDATION
LN-500850,CUST-107639,2025-05-17,0,0,False,False,27551.117500000004,Current,DEBT_CONSOLIDATION
LN-500851,CUST-103249,2025-05-17,0,0,False,False,88963.44,Current,DEBT_CONSOLIDATION
LN-500852,CUST-104873,2025-05-17,0,0,False,False,3764.580000000002,Current,DEBT_CONSOLIDATION
LN-500853,CUST-104201,2025-05-17,0,0,False,False,11674.4,Current,DEBT_CONSOLIDATION
LN-500854,CUST-101648,2025-05-17,0,0,False,False,14582.840000000004,Current,DEBT_CONSOLIDATION
LN-500855,CUST-101097,2025-05-17,0,0,False,False,10976.875000000002,Current,DEBT_CONSOLIDATION
LN-500856,CUST-105988,2025-05-17,0,0,False,False,8165.25,Current,DEBT_CONSOLIDATION
LN-500857,CUST-104770,2025-05-17,0,0,False,False,9766.535000000005,Current,DEBT_CONSOLIDATION
LN-500858,CUST-107963,2025-05-17,0,0,False,False,32733.282499999987,Current,DEBT_CONSOLIDATION
LN-500859,CUST-100650,2025-05-17,0,0,False,False,8088.972500000002,Current,DEBT_CONSOLIDATION
LN-500860,CUST-102934,2025-05-17,0,0,False,False,10233.4375,Current,DEBT_CONSOLIDATION
LN-500861,CUST-101280,2025-05-17,0,0,False,False,37638.909999999996,Current,DEBT_CONSOLIDATION
LN-500862,CUST-105111,2025-05-17,0,0,False,False,8723.30999999999,Current,DEBT_CONSOLIDATION
LN-500863,CUST-106900,2025-05-17,0,0,False,False,5064.030000000002,Current,DEBT_CONSOLIDATION
LN-500864,CUST-104473,2025-05-17,0,0,False,False,45809.51999999999,Current,DEBT_CONSOLIDATION
LN-500865,CUST-102676,2025-05-17,0,0,False,False,388540.2600000001,Current,DEBT_CONSOLIDATION
LN-500866,CUST-107157,2025-05-17,0,0,False,False,28397.36,Current,DEBT_CONSOLIDATION
LN-500867,CUST-107241,2025-05-17,0,0,False,False,8711.855,Current,DEBT_CONSOLIDATION
LN-500868,CUST-103469,2025-05-17,0,0,False,False,28744.512499999983,Current,DEBT_CONSOLIDATION
LN-500869,CUST-106031,2025-05-17,0,0,False,False,18353.075000000004,Current,DEBT_CONSOLIDATION
LN-500870,CUST-101629,2025-05-17,0,0,False,False,50404.03499999998,Current,DEBT_CONSOLIDATION
LN-500871,CUST-103185,2025-05-17,0,0,False,False,40119.87,Current,DEBT_CONSOLIDATION
LN-500872,CUST-102797,2025-05-17,0,0,False,False,8369.840000000006,Current,DEBT_CONSOLIDATION
LN-500873,CUST-105850,2025-05-17,0,0,False,False,17549.7875,Current,DEBT_CONSOLIDATION
LN-500874,CUST-105796,2025-05-17,0,0,False,False,20495.910000000003,Current,DEBT_CONSOLIDATION
LN-500875,CUST-106354,2025-05-17,0,0,False,False,16853.86750000001,Current,DEBT_CONSOLIDATION
LN-500876,CUST-106735,2025-05-17,0,0,False,False,12955.580000000004,Current,DEBT_CONSOLIDATION
LN-500877,CUST-106843,2025-05-17,0,0,False,False,12069.030000000002,Current,DEBT_CONSOLIDATION
LN-500878,CUST-106716,2025-05-17,1,25,False,False,26489.12,1-29,DEBT_CONSOLIDATION
LN-500879,CUST-101011,2025-05-17,0,0,False,False,23067.594999999998,Current,DEBT_CONSOLIDATION
LN-500880,CUST-100399,2025-05-17,0,0,False,True,22202.75999999999,Current,DEBT_CONSOLIDATION
LN-500881,CUST-105022,2025-05-17,0,0,False,False,15157.344999999998,Current,DEBT_CONSOLIDATION
LN-500882,CUST-100903,2025-05-17,0,0,False,False,23842.815000000017,Current,DEBT_CONSOLIDATION
LN-500884,CUST-105791,2025-05-17,2,39,False,False,31178.044999999976,30-59,DEBT_CONSOLIDATION
LN-500885,CUST-102697,2025-05-17,0,0,False,False,3189.365,Current,DEBT_CONSOLIDATION
LN-500886,CUST-100090,2025-05-17,0,0,False,False,12775.442499999997,Current,DEBT_CONSOLIDATION
LN-500887,CUST-101199,2025-05-17,0,0,False,False,22302.6875,Current,DEBT_CONSOLIDATION
LN-500888,CUST-104917,2025-05-17,0,0,False,False,8895.23500000001,Current,DEBT_CONSOLIDATION
LN-500889,CUST-104612,2025-05-17,0,0,False,False,19363.717500000013,Current,DEBT_CONSOLIDATION
LN-500890,CUST-104028,2025-05-17,0,0,False,False,4470.112499999999,Current,DEBT_CONSOLIDATION
LN-500891,CUST-101040,2025-05-17,0,0,False,False,8016.975,Current,DEBT_CONSOLIDATION
LN-500892,CUST-107409,2025-05-17,0,0,False,False,41056.49750000001,Current,DEBT_CONSOLIDATION
LN-500893,CUST-102938,2025-05-17,0,0,False,False,39150.03999999999,Current,DEBT_CONSOLIDATION
LN-500894,CUST-105990,2025-05-17,0,0,False,False,14811.314999999999,Current,DEBT_CONSOLIDATION
LN-500895,CUST-105363,2025-05-17,0,0,False,False,18126.334999999992,Current,DEBT_CONSOLIDATION
LN-500896,CUST-107734,2025-05-17,0,0,False,False,6324.030000000002,Current,DEBT_CONSOLIDATION
LN-500897,CUST-102683,2025-05-17,0,0,False,False,9419.174999999988,Current,DEBT_CONSOLIDATION
LN-500898,CUST-107344,2025-05-17,0,0,False,False,16985.097499999993,Current,DEBT_CONSOLIDATION
LN-500899,CUST-101942,2025-05-17,0,0,False,False,31465.76,Current,DEBT_CONSOLIDATION
LN-500900,CUST-102891,2025-05-17,0,0,False,False,51649.07000000001,Current,DEBT_CONSOLIDATION
LN-500901,CUST-105664,2025-05-17,0,0,False,False,120799.28999999998,Current,DEBT_CONSOLIDATION
LN-500903,CUST-101621,2025-05-17,0,0,False,False,40986.050000000025,Current,DEBT_CONSOLIDATION
LN-500904,CUST-100370,2025-05-17,0,0,False,False,15183.49,Current,DEBT_CONSOLIDATION
LN-500905,CUST-106830,2025-05-17,0,0,False,False,23382.02499999999,Current,DEBT_CONSOLIDATION
LN-500906,CUST-105741,2025-05-17,0,0,False,False,635278.9699999999,Current,DEBT_CONSOLIDATION
LN-500907,CUST-106172,2025-05-17,0,0,False,False,3508.6799999999985,Current,DEBT_CONSOLIDATION
LN-500908,CUST-101056,2025-05-17,0,0,False,False,2119.3224999999975,Current,DEBT_CONSOLIDATION
LN-500909,CUST-106127,2025-05-17,0,0,False,False,38431.08,Current,DEBT_CONSOLIDATION
LN-500910,CUST-105567,2025-05-17,0,0,True,False,22474.659999999996,Current,DEBT_CONSOLIDATION
LN-500911,CUST-103075,2025-05-17,0,0,False,False,25188.675,Current,DEBT_CONSOLIDATION
LN-500912,CUST-107148,2025-05-17,0,0,False,False,8560.372499999998,Current,DEBT_CONSOLIDATION
LN-500913,CUST-100294,2025-05-17,0,0,False,False,31206.01999999999,Current,DEBT_CONSOLIDATION
LN-500914,CUST-104251,2025-05-17,1,25,False,False,9670.777500000002,1-29,DEBT_CONSOLIDATION
LN-500915,CUST-102558,2025-05-17,0,0,False,False,11018.717500000008,Current,DEBT_CONSOLIDATION
LN-500916,CUST-106020,2025-05-17,0,0,False,False,29196.074999999993,Current,DEBT_CONSOLIDATION
LN-500917,CUST-106385,2025-05-17,1,27,False,False,3242.710000000001,1-29,DEBT_CONSOLIDATION
LN-500918,CUST-106512,2025-05-17,0,0,False,False,22117.86,Current,DEBT_CONSOLIDATION
LN-500919,CUST-100982,2025-05-17,1,12,False,False,13318.494999999999,1-29,DEBT_CONSOLIDATION
LN-500920,CUST-105828,2025-05-17,0,0,False,False,49175.5775,Current,DEBT_CONSOLIDATION
LN-500921,CUST-106828,2025-05-17,0,0,False,False,52307.14,Current,DEBT_CONSOLIDATION
LN-500922,CUST-101151,2025-05-17,0,0,False,False,476473.0675000002,Current,DEBT_CONSOLIDATION
LN-500923,CUST-102968,2025-05-17,0,0,False,False,32511.274999999987,Current,DEBT_CONSOLIDATION
LN-500924,CUST-103878,2025-05-17,0,0,False,False,20001.18000000001,Current,DEBT_CONSOLIDATION
LN-500925,CUST-105517,2025-05-17,0,0,False,False,23602.890000000003,Current,DEBT_CONSOLIDATION
LN-500926,CUST-106135,2025-05-17,0,0,False,False,5891.884999999999,Current,DEBT_CONSOLIDATION
LN-500927,CUST-106893,2025-05-17,0,0,False,False,10973.96,Current,DEBT_CONSOLIDATION
LN-500928,CUST-104181,2025-05-17,0,0,False,False,5677.225000000003,Current,DEBT_CONSOLIDATION
LN-500929,CUST-102934,2025-05-17,0,0,False,False,22197.205,Current,DEBT_CONSOLIDATION
LN-500930,CUST-107787,2025-05-17,0,0,False,False,22971.64,Current,DEBT_CONSOLIDATION
LN-500931,CUST-101675,2025-05-17,0,0,False,False,118893.18500000001,Current,DEBT_CONSOLIDATION
LN-500932,CUST-100243,2025-05-17,1,1,False,False,10703.032500000007,1-29,DEBT_CONSOLIDATION
LN-500933,CUST-101464,2025-05-17,0,0,False,False,2122.0175,Current,DEBT_CONSOLIDATION
LN-500934,CUST-100282,2025-05-17,0,0,False,False,19230.510000000002,Current,DEBT_CONSOLIDATION
LN-500935,CUST-103707,2025-05-17,0,0,False,False,10347.634999999991,Current,DEBT_CONSOLIDATION
LN-500936,CUST-100373,2025-05-17,0,0,False,False,11161.859999999993,Current,DEBT_CONSOLIDATION
LN-500937,CUST-103056,2025-05-17,0,0,False,False,2407.4425,Current,DEBT_CONSOLIDATION
LN-500938,CUST-101083,2025-05-17,0,0,False,False,27153.120000000003,Current,DEBT_CONSOLIDATION
LN-500939,CUST-104227,2025-05-17,0,0,False,False,28723.6525,Current,DEBT_CONSOLIDATION
LN-500940,CUST-105858,2025-05-17,0,0,False,False,64548.8875,Current,DEBT_CONSOLIDATION
LN-500942,CUST-103734,2025-05-17,0,0,False,False,19661.690000000002,Current,DEBT_CONSOLIDATION
LN-500944,CUST-103196,2025-05-17,0,0,False,False,15442.019999999997,Current,DEBT_CONSOLIDATION
LN-500945,CUST-102913,2025-05-17,0,0,False,False,8127.480000000002,Current,DEBT_CONSOLIDATION
LN-500946,CUST-107571,2025-05-17,0,0,False,False,17504.034999999993,Current,DEBT_CONSOLIDATION
LN-500947,CUST-107482,2025-05-17,0,0,False,False,100201.72999999998,Current,DEBT_CONSOLIDATION
LN-500948,CUST-106142,2025-05-17,0,0,False,False,3504.4500000000007,Current,DEBT_CONSOLIDATION
LN-500949,CUST-101312,2025-05-17,0,0,False,False,8027.304999999999,Current,DEBT_CONSOLIDATION
LN-500950,CUST-106981,2025-05-17,0,0,False,False,19725.715,Current,DEBT_CONSOLIDATION
LN-500951,CUST-107066,2025-05-17,0,0,False,False,35010.55999999998,Current,DEBT_CONSOLIDATION
LN-500952,CUST-104012,2025-05-17,0,0,False,False,9883.5175,Current,DEBT_CONSOLIDATION
LN-500953,CUST-105505,2025-05-17,0,0,False,False,18239.82,Current,DEBT_CONSOLIDATION
LN-500954,CUST-100385,2025-05-17,0,0,False,False,11664.077500000005,Current,DEBT_CONSOLIDATION
LN-500955,CUST-101494,2025-05-17,0,0,False,False,18332.240000000013,Current,DEBT_CONSOLIDATION
LN-500957,CUST-107969,2025-05-17,4,115,False,False,45748.375,90+,DEBT_CONSOLIDATION
LN-500958,CUST-101822,2025-05-17,0,0,False,False,45859.71999999998,Current,DEBT_CONSOLIDATION
LN-500959,CUST-106111,2025-05-17,0,0,False,False,32753.98749999997,Current,DEBT_CONSOLIDATION
LN-500960,CUST-105277,2025-05-17,0,0,False,False,11392.024999999994,Current,DEBT_CONSOLIDATION
LN-500961,CUST-102066,2025-05-17,0,0,False,False,24535.102500000015,Current,DEBT_CONSOLIDATION
LN-500962,CUST-106691,2025-05-17,0,0,False,False,18416.652500000015,Current,DEBT_CONSOLIDATION
LN-500963,CUST-107062,2025-05-17,0,0,False,False,8333.5775,Current,DEBT_CONSOLIDATION
LN-500964,CUST-101179,2025-05-17,0,0,False,False,24839.902499999997,Current,DEBT_CONSOLIDATION
LN-500965,CUST-103834,2025-05-17,0,0,False,False,10705.08,Current,DEBT_CONSOLIDATION
LN-500966,CUST-100536,2025-05-17,0,0,False,False,38231.1575,Current,DEBT_CONSOLIDATION
LN-500967,CUST-100862,2025-05-17,0,0,False,False,17162.440000000006,Current,DEBT_CONSOLIDATION
LN-500968,CUST-101013,2025-05-17,0,0,False,False,26302.169999999995,Current,DEBT_CONSOLIDATION
LN-500969,CUST-101984,2025-05-17,0,0,False,False,20553.885000000006,Current,DEBT_CONSOLIDATION
LN-500970,CUST-105190,2025-05-17,0,0,False,False,7035.63,Current,DEBT_CONSOLIDATION
LN-500971,CUST-107654,2025-05-17,0,0,False,False,331565.87000000034,Current,DEBT_CONSOLIDATION
LN-500972,CUST-101555,2025-05-17,0,0,False,False,29646.055,Current,DEBT_CONSOLIDATION
LN-500973,CUST-103053,2025-05-17,0,0,False,False,25897.715,Current,DEBT_CONSOLIDATION
LN-500974,CUST-102298,2025-05-17,0,0,False,False,21913.09999999999,Current,DEBT_CONSOLIDATION
LN-500975,CUST-107123,2025-05-17,0,0,False,False,12168.8725,Current,DEBT_CONSOLIDATION
LN-500976,CUST-104266,2025-05-17,0,0,False,False,16755.429999999997,Current,DEBT_CONSOLIDATION
LN-500977,CUST-104781,2025-05-17,0,0,False,False,38626.55749999999,Current,DEBT_CONSOLIDATION
LN-500978,CUST-101615,2025-05-17,0,0,False,False,12889.12,Current,DEBT_CONSOLIDATION
LN-500979,CUST-105814,2025-05-17,0,0,False,False,14141.65,Current,DEBT_CONSOLIDATION
LN-500980,CUST-105091,2025-05-17,0,0,False,False,135551.91499999998,Current,DEBT_CONSOLIDATION
LN-500981,CUST-100621,2025-05-17,0,0,False,False,10702.54,Current,DEBT_CONSOLIDATION
LN-500982,CUST-101037,2025-05-17,0,0,False,False,10807.445000000003,Current,DEBT_CONSOLIDATION
LN-500983,CUST-100227,2025-05-17,0,0,False,False,8414.82,Current,DEBT_CONSOLIDATION
LN-500984,CUST-100061,2025-05-17,0,0,False,False,11719.500000000002,Current,DEBT_CONSOLIDATION
LN-500985,CUST-101112,2025-05-17,0,0,False,False,51420.96000000002,Current,DEBT_CONSOLIDATION
LN-500986,CUST-100471,2025-05-17,0,0,False,False,32307.48,Current,DEBT_CONSOLIDATION
LN-500987,CUST-103941,2025-05-17,0,0,False,False,13354.359999999993,Current,DEBT_CONSOLIDATION
LN-500988,CUST-101973,2025-05-17,0,0,False,False,16827.274999999987,Current,DEBT_CONSOLIDATION
LN-500989,CUST-100980,2025-05-17,0,0,False,False,16389.499999999993,Current,DEBT_CONSOLIDATION
LN-500991,CUST-104855,2025-05-17,0,0,False,False,13870.059999999983,Current,DEBT_CONSOLIDATION
LN-500992,CUST-103401,2025-05-17,0,0,False,False,17270.155000000006,Current,DEBT_CONSOLIDATION
LN-500993,CUST-100047,2025-05-17,2,31,False,False,20876.214999999986,30-59,DEBT_CONSOLIDATION
LN-500994,CUST-100662,2025-05-17,0,0,False,False,21467.74,Current,DEBT_CONSOLIDATION
LN-500995,CUST-106608,2025-05-17,2,31,False,False,2500.2499999999995,30-59,DEBT_CONSOLIDATION
LN-500997,CUST-100100,2025-05-17,0,0,False,False,2786.3500000000013,Current,DEBT_CONSOLIDATION
LN-500998,CUST-107671,2025-05-17,0,0,False,False,15916.3225,Current,DEBT_CONSOLIDATION
LN-500999,CUST-102871,2025-05-17,0,0,False,False,49849.79000000001,Current,DEBT_CONSOLIDATION
LN-501000,CUST-102858,2025-05-17,0,0,False,False,5221.08,Current,DEBT_CONSOLIDATION
LN-501001,CUST-105942,2025-05-17,0,0,False,False,28360.48,Current,DEBT_CONSOLIDATION
LN-501002,CUST-104113,2025-05-17,0,0,False,False,29870.03,Current,DEBT_CONSOLIDATION
LN-501003,CUST-107420,2025-05-17,0,0,False,False,12283.8475,Current,DEBT_CONSOLIDATION
LN-501004,CUST-102338,2025-05-17,0,0,False,False,29112.430000000008,Current,DEBT_CONSOLIDATION
LN-501006,CUST-107679,2025-05-17,0,0,False,False,7626.939999999999,Current,DEBT_CONSOLIDATION
LN-501007,CUST-101526,2025-05-17,3,81,False,False,30446.8425,60-89,DEBT_CONSOLIDATION
LN-501008,CUST-103490,2025-05-17,1,5,False,False,103465.26999999996,1-29,DEBT_CONSOLIDATION
LN-501009,CUST-103982,2025-05-17,0,0,False,False,16723.615,Current,DEBT_CONSOLIDATION
LN-501010,CUST-100821,2025-05-17,0,0,False,False,47749.80500000001,Current,DEBT_CONSOLIDATION
LN-501011,CUST-106165,2025-05-17,0,0,False,False,27029.249999999996,Current,DEBT_CONSOLIDATION
LN-501012,CUST-102736,2025-05-17,0,0,False,False,14447.220000000008,Current,DEBT_CONSOLIDATION
LN-501013,CUST-106209,2025-05-17,0,0,False,False,35166.89000000003,Current,DEBT_CONSOLIDATION
LN-501014,CUST-100440,2025-05-17,0,0,False,False,30826.544999999987,Current,DEBT_CONSOLIDATION
LN-501016,CUST-103843,2025-05-17,0,0,False,False,25169.469999999983,Current,DEBT_CONSOLIDATION
LN-501017,CUST-105638,2025-05-17,0,0,False,False,13439.862500000003,Current,DEBT_CONSOLIDATION
LN-501019,CUST-107772,2025-05-17,1,24,False,False,24722.657499999998,1-29,DEBT_CONSOLIDATION
LN-501020,CUST-107306,2025-05-17,0,0,False,False,3751.55,Current,DEBT_CONSOLIDATION
LN-501021,CUST-107358,2025-05-17,0,0,False,False,24775.410000000003,Current,DEBT_CONSOLIDATION
LN-501022,CUST-102174,2025-05-17,3,64,False,False,16292.210000000006,60-89,DEBT_CONSOLIDATION
LN-501023,CUST-106021,2025-05-17,0,0,False,False,17154.25,Current,DEBT_CONSOLIDATION
LN-501024,CUST-104982,2025-05-17,0,0,False,False,207105.225,Current,DEBT_CONSOLIDATION
LN-501025,CUST-104237,2025-05-17,0,0,False,False,169949.65500000006,Current,DEBT_CONSOLIDATION
LN-501026,CUST-107856,2025-05-17,0,0,False,False,27280.927500000005,Current,DEBT_CONSOLIDATION
LN-501027,CUST-101220,2025-05-17,0,0,False,False,34660.475,Current,DEBT_CONSOLIDATION
LN-501028,CUST-101237,2025-05-17,0,0,False,False,13293.649999999998,Current,DEBT_CONSOLIDATION
LN-501029,CUST-101939,2025-05-17,1,13,False,False,40942.68249999998,1-29,DEBT_CONSOLIDATION
LN-501030,CUST-101985,2025-05-17,0,0,False,False,18082.3,Current,DEBT_CONSOLIDATION
LN-501032,CUST-103328,2025-05-17,0,0,False,False,36268.47000000002,Current,DEBT_CONSOLIDATION
LN-501033,CUST-101853,2025-05-17,0,0,False,False,26091.827500000007,Current,DEBT_CONSOLIDATION
LN-501034,CUST-104695,2025-05-17,0,0,False,False,109800.15000000007,Current,DEBT_CONSOLIDATION
LN-501035,CUST-104337,2025-05-17,0,0,False,False,6880.740000000002,Current,DEBT_CONSOLIDATION
LN-501036,CUST-103272,2025-05-17,0,0,False,False,2512.2649999999994,Current,DEBT_CONSOLIDATION
LN-501037,CUST-107481,2025-05-17,1,10,False,False,41819.19000000001,1-29,DEBT_CONSOLIDATION
LN-501038,CUST-104149,2025-05-17,0,0,False,False,20548.64999999999,Current,DEBT_CONSOLIDATION
LN-501039,CUST-102491,2025-05-17,0,0,False,False,9293.14249999999,Current,DEBT_CONSOLIDATION
LN-501040,CUST-100712,2025-05-17,0,0,False,False,222530.32999999993,Current,DEBT_CONSOLIDATION
LN-501041,CUST-106442,2025-05-17,0,0,False,False,16169.029999999999,Current,DEBT_CONSOLIDATION
LN-501042,CUST-101705,2025-05-17,0,0,False,False,47381.77,Current,DEBT_CONSOLIDATION
LN-501043,CUST-105576,2025-05-17,0,0,False,False,16580.53999999999,Current,DEBT_CONSOLIDATION
LN-501044,CUST-103341,2025-05-17,1,21,False,False,36539.664999999986,1-29,DEBT_CONSOLIDATION
LN-501045,CUST-107634,2025-05-17,0,0,False,False,36380.36500000004,Current,DEBT_CONSOLIDATION
LN-501046,CUST-107054,2025-05-17,0,0,False,False,36650.100000000006,Current,DEBT_CONSOLIDATION
LN-501048,CUST-105090,2025-05-17,0,0,False,False,9314.6,Current,DEBT_CONSOLIDATION
LN-501049,CUST-106410,2025-05-17,0,0,False,False,25105.13,Current,DEBT_CONSOLIDATION
LN-501050,CUST-107324,2025-05-17,0,0,False,False,28783.5975,Current,DEBT_CONSOLIDATION
LN-501051,CUST-102890,2025-05-17,0,0,False,False,27935.0625,Current,DEBT_CONSOLIDATION
LN-501052,CUST-101603,2025-05-17,0,0,False,False,2071.040000000001,Current,DEBT_CONSOLIDATION
LN-501053,CUST-101273,2025-05-17,0,0,False,False,11066.675,Current,DEBT_CONSOLIDATION
LN-501054,CUST-101075,2025-05-17,0,0,False,False,13394.465000000002,Current,DEBT_CONSOLIDATION
LN-501055,CUST-101716,2025-05-17,0,0,False,False,32606.605000000003,Current,DEBT_CONSOLIDATION
LN-501056,CUST-105116,2025-05-17,0,0,False,False,47700.42749999999,Current,DEBT_CONSOLIDATION
LN-501057,CUST-102557,2025-05-17,0,0,False,False,9901.99999999999,Current,DEBT_CONSOLIDATION
LN-501058,CUST-103911,2025-05-17,0,0,False,False,9517.154999999997,Current,DEBT_CONSOLIDATION
LN-501059,CUST-101297,2025-05-17,0,0,False,False,40727.06749999999,Current,DEBT_CONSOLIDATION
LN-501060,CUST-101813,2025-05-17,0,0,False,False,2301.030000000001,Current,DEBT_CONSOLIDATION
LN-501061,CUST-106220,2025-05-17,0,0,False,False,18127.35750000001,Current,DEBT_CONSOLIDATION
LN-501062,CUST-103981,2025-05-17,0,0,False,False,27935.059999999998,Current,DEBT_CONSOLIDATION
LN-501063,CUST-102668,2025-05-17,0,0,False,False,26567.495000000003,Current,DEBT_CONSOLIDATION
LN-501064,CUST-102185,2025-05-17,0,0,True,False,15128.8975,Current,DEBT_CONSOLIDATION
LN-501065,CUST-101009,2025-05-17,0,0,False,False,16227.960000000015,Current,DEBT_CONSOLIDATION
LN-501066,CUST-107777,2025-05-17,0,0,False,False,10577.320000000003,Current,DEBT_CONSOLIDATION
LN-501067,CUST-102958,2025-05-17,0,0,False,False,52223.675,Current,DEBT_CONSOLIDATION
LN-501068,CUST-105069,2025-05-17,0,0,False,False,27374.025,Current,DEBT_CONSOLIDATION
LN-501069,CUST-105977,2025-05-17,0,0,False,False,16703.640000000014,Current,DEBT_CONSOLIDATION
LN-501070,CUST-100873,2025-05-17,0,0,False,False,15557.14,Current,DEBT_CONSOLIDATION
LN-501071,CUST-106428,2025-05-17,0,0,False,False,23109.66499999998,Current,DEBT_CONSOLIDATION
LN-501072,CUST-104812,2025-05-17,0,0,False,False,28169.395000000004,Current,DEBT_CONSOLIDATION
LN-501073,CUST-104248,2025-05-17,2,45,False,False,3932.5199999999973,30-59,DEBT_CONSOLIDATION
LN-501074,CUST-104392,2025-05-17,0,0,False,False,11443.840000000011,Current,DEBT_CONSOLIDATION
LN-501075,CUST-105819,2025-05-17,0,0,False,False,6585.980000000003,Current,DEBT_CONSOLIDATION
LN-501076,CUST-104639,2025-05-17,0,0,False,False,17078.429999999986,Current,DEBT_CONSOLIDATION
LN-501078,CUST-106922,2025-05-17,0,0,False,False,274138.0475000001,Current,DEBT_CONSOLIDATION
LN-501079,CUST-107051,2025-05-17,2,58,False,False,38915.219999999994,30-59,DEBT_CONSOLIDATION
LN-501080,CUST-104857,2025-05-17,0,0,False,False,16368.125000000004,Current,DEBT_CONSOLIDATION
LN-501081,CUST-103121,2025-05-17,0,0,False,False,12060.369999999997,Current,DEBT_CONSOLIDATION
LN-501082,CUST-100115,2025-05-17,0,0,False,False,3560.7800000000016,Current,DEBT_CONSOLIDATION
LN-501083,CUST-106493,2025-05-17,0,0,False,False,11948.019999999997,Current,DEBT_CONSOLIDATION
LN-501084,CUST-106719,2025-05-17,0,0,False,False,30608.41749999998,Current,DEBT_CONSOLIDATION
LN-501085,CUST-101543,2025-05-17,0,0,False,False,27273.735000000015,Current,DEBT_CONSOLIDATION
LN-501086,CUST-107290,2025-05-17,0,0,False,False,32363.272500000014,Current,DEBT_CONSOLIDATION
LN-501087,CUST-107652,2025-05-17,0,0,False,False,32209.300000000003,Current,DEBT_CONSOLIDATION
LN-501088,CUST-102208,2025-05-17,0,0,False,False,5861.67,Current,DEBT_CONSOLIDATION
LN-501089,CUST-104105,2025-05-17,0,0,False,False,17844.377499999995,Current,DEBT_CONSOLIDATION
LN-501090,CUST-104866,2025-05-17,0,0,False,False,8460.03,Current,DEBT_CONSOLIDATION
LN-501091,CUST-103164,2025-05-17,0,0,False,False,32425.629999999983,Current,DEBT_CONSOLIDATION
LN-501092,CUST-104403,2025-05-17,0,0,False,False,8256.519999999997,Current,DEBT_CONSOLIDATION
LN-501094,CUST-103768,2025-05-17,0,0,False,False,40353.2,Current,DEBT_CONSOLIDATION
LN-501096,CUST-104753,2025-05-17,0,0,False,False,11067.469999999996,Current,DEBT_CONSOLIDATION
LN-501097,CUST-102608,2025-05-17,0,0,False,False,80340.16999999993,Current,DEBT_CONSOLIDATION
LN-501098,CUST-103855,2025-05-17,0,0,False,False,24216.019999999997,Current,DEBT_CONSOLIDATION
LN-501099,CUST-100411,2025-05-17,0,0,False,False,15036.45,Current,DEBT_CONSOLIDATION
LN-501100,CUST-102408,2025-05-17,0,0,False,False,2864.9124999999985,Current,DEBT_CONSOLIDATION
LN-501101,CUST-105305,2025-05-17,0,0,False,False,10358.017500000007,Current,DEBT_CONSOLIDATION
LN-501102,CUST-103296,2025-05-17,0,0,False,False,38248.75500000002,Current,DEBT_CONSOLIDATION
LN-501103,CUST-102645,2025-05-17,0,0,False,False,20414.115000000013,Current,DEBT_CONSOLIDATION
LN-501104,CUST-107179,2025-05-17,0,0,False,False,22588.020000000004,Current,DEBT_CONSOLIDATION
LN-501105,CUST-104005,2025-05-17,0,0,False,False,5344.12,Current,DEBT_CONSOLIDATION
LN-501106,CUST-102021,2025-05-17,0,0,False,False,28206.640000000007,Current,DEBT_CONSOLIDATION
LN-501107,CUST-101316,2025-05-17,0,0,False,False,698.8974999999998,Current,DEBT_CONSOLIDATION
LN-501108,CUST-100800,2025-05-17,0,0,False,False,11773.235,Current,DEBT_CONSOLIDATION
LN-501109,CUST-101499,2025-05-17,0,0,False,False,11054.3375,Current,DEBT_CONSOLIDATION
LN-501110,CUST-103332,2025-05-17,0,0,False,False,11401.800000000003,Current,DEBT_CONSOLIDATION
LN-501111,CUST-107572,2025-05-17,0,0,False,False,9041.5,Current,DEBT_CONSOLIDATION
LN-501112,CUST-104465,2025-05-17,0,0,False,False,14194.73,Current,DEBT_CONSOLIDATION
LN-501113,CUST-106978,2025-05-17,0,0,False,False,27020.299999999985,Current,DEBT_CONSOLIDATION
LN-501114,CUST-104598,2025-05-17,0,0,False,False,86594.25000000006,Current,DEBT_CONSOLIDATION
LN-501115,CUST-103353,2025-05-17,0,0,False,False,2405.0725000000016,Current,DEBT_CONSOLIDATION
LN-501116,CUST-103562,2025-05-17,0,0,False,False,47510.42999999999,Current,DEBT_CONSOLIDATION
LN-501117,CUST-101388,2025-05-17,0,0,False,False,41531.410000000025,Current,DEBT_CONSOLIDATION
LN-501118,CUST-101012,2025-05-17,0,0,False,False,51165.42249999999,Current,DEBT_CONSOLIDATION
LN-501119,CUST-100951,2025-05-17,0,0,False,False,38583.57999999997,Current,DEBT_CONSOLIDATION
LN-501120,CUST-103273,2025-05-17,0,0,False,False,98303.88999999994,Current,DEBT_CONSOLIDATION
LN-501121,CUST-106642,2025-05-17,0,0,False,False,18574.915,Current,DEBT_CONSOLIDATION
LN-501122,CUST-105908,2025-05-17,4,97,False,False,7699.592499999999,90+,DEBT_CONSOLIDATION
LN-501123,CUST-102769,2025-05-17,0,0,False,False,8830.479999999994,Current,DEBT_CONSOLIDATION
LN-501124,CUST-102452,2025-05-17,0,0,False,False,24415.420000000006,Current,DEBT_CONSOLIDATION
LN-501125,CUST-106684,2025-05-17,0,0,False,False,37610.13500000001,Current,DEBT_CONSOLIDATION
LN-501126,CUST-100438,2025-05-17,0,0,False,False,668.9699999999999,Current,DEBT_CONSOLIDATION
LN-501127,CUST-102923,2025-05-17,0,0,False,False,29559.72,Current,DEBT_CONSOLIDATION
LN-501129,CUST-103010,2025-05-17,0,0,False,False,88159.2525,Current,DEBT_CONSOLIDATION
LN-501130,CUST-100470,2025-05-17,0,0,False,False,17117.29,Current,DEBT_CONSOLIDATION
LN-501131,CUST-102957,2025-05-17,0,0,False,False,11212.5275,Current,DEBT_CONSOLIDATION
LN-501132,CUST-104569,2025-05-17,0,0,False,False,38118.185000000005,Current,DEBT_CONSOLIDATION
LN-501133,CUST-103326,2025-05-17,0,0,False,False,27529.462499999998,Current,DEBT_CONSOLIDATION
LN-501134,CUST-101440,2025-05-17,0,0,False,False,17996.38500000002,Current,DEBT_CONSOLIDATION
LN-501135,CUST-103706,2025-05-17,0,0,False,False,8090.405000000005,Current,DEBT_CONSOLIDATION
LN-501136,CUST-107401,2025-05-17,0,0,False,False,49205.76,Current,DEBT_CONSOLIDATION
LN-501137,CUST-103045,2025-05-17,0,0,False,False,23326.69,Current,DEBT_CONSOLIDATION
LN-501138,CUST-106667,2025-05-17,0,0,False,False,41558.54,Current,DEBT_CONSOLIDATION
LN-501139,CUST-101408,2025-05-17,0,0,False,False,39836.75499999998,Current,DEBT_CONSOLIDATION
LN-501140,CUST-102843,2025-05-17,0,0,False,False,17712.5175,Current,DEBT_CONSOLIDATION
LN-501141,CUST-101686,2025-05-17,2,35,False,False,44499.95,30-59,DEBT_CONSOLIDATION
LN-501142,CUST-101408,2025-05-17,0,0,False,False,42929.54,Current,DEBT_CONSOLIDATION
LN-501143,CUST-104594,2025-05-17,0,0,False,False,45732.29000000001,Current,DEBT_CONSOLIDATION
LN-501144,CUST-101062,2025-05-17,0,0,False,False,14625.995000000003,Current,DEBT_CONSOLIDATION
LN-501145,CUST-106653,2025-05-17,0,0,False,False,1538.9099999999999,Current,DEBT_CONSOLIDATION
LN-501147,CUST-105720,2025-05-17,0,0,False,False,15868.382500000003,Current,DEBT_CONSOLIDATION
LN-501148,CUST-100578,2025-05-17,0,0,False,False,39130.06499999999,Current,DEBT_CONSOLIDATION
LN-501149,CUST-104909,2025-05-17,0,0,False,False,4519.207499999998,Current,DEBT_CONSOLIDATION
LN-501150,CUST-102752,2025-05-17,0,0,False,False,44814.6675,Current,DEBT_CONSOLIDATION
LN-501151,CUST-105721,2025-05-17,0,0,False,False,18178.840000000015,Current,DEBT_CONSOLIDATION
LN-501152,CUST-102507,2025-05-17,0,0,False,False,6320.164999999997,Current,DEBT_CONSOLIDATION
LN-501153,CUST-101766,2025-05-17,0,0,False,False,10237.009999999991,Current,DEBT_CONSOLIDATION
LN-501154,CUST-102931,2025-05-17,0,0,False,False,7010.8974999999955,Current,DEBT_CONSOLIDATION
LN-501156,CUST-103409,2025-05-17,0,0,False,False,38764.53000000001,Current,DEBT_CONSOLIDATION
LN-501159,CUST-106292,2025-05-17,0,0,False,False,505223.7100000002,Current,DEBT_CONSOLIDATION
LN-501160,CUST-104316,2025-05-17,0,0,False,False,10897.895,Current,DEBT_CONSOLIDATION
LN-501161,CUST-104300,2025-05-17,0,0,False,False,21754.119999999988,Current,DEBT_CONSOLIDATION
LN-501162,CUST-107557,2025-05-17,0,0,False,False,447.35000000000053,Current,DEBT_CONSOLIDATION
LN-501163,CUST-100677,2025-05-17,0,0,False,False,9050.300000000001,Current,DEBT_CONSOLIDATION
LN-501164,CUST-100576,2025-05-17,0,0,False,False,20587.255000000005,Current,DEBT_CONSOLIDATION
LN-501165,CUST-104556,2025-05-17,0,0,False,False,44752.990000000005,Current,DEBT_CONSOLIDATION
LN-501166,CUST-100962,2025-05-17,0,0,False,False,9401.650000000003,Current,DEBT_CONSOLIDATION
LN-501167,CUST-100552,2025-05-17,0,0,False,False,3322.17,Current,DEBT_CONSOLIDATION
LN-501168,CUST-105581,2025-05-17,0,0,False,False,13893.449999999993,Current,DEBT_CONSOLIDATION
LN-501169,CUST-100212,2025-05-17,0,0,False,False,21321.617499999993,Current,DEBT_CONSOLIDATION
LN-501170,CUST-100273,2025-05-17,0,0,False,False,7470.192500000003,Current,DEBT_CONSOLIDATION
LN-501172,CUST-103952,2025-05-17,2,57,False,False,32308.017499999994,30-59,DEBT_CONSOLIDATION
LN-501173,CUST-101580,2025-05-17,4,94,False,False,13393.05749999999,90+,DEBT_CONSOLIDATION
LN-501174,CUST-100554,2025-05-17,0,0,False,False,19266.710000000006,Current,DEBT_CONSOLIDATION
LN-501175,CUST-107156,2025-05-17,0,0,False,False,2205.39,Current,DEBT_CONSOLIDATION
LN-501176,CUST-106413,2025-05-17,1,7,False,False,19554.71,1-29,DEBT_CONSOLIDATION
LN-501177,CUST-105671,2025-05-17,0,0,False,False,8068.522500000007,Current,DEBT_CONSOLIDATION
LN-501178,CUST-107771,2025-05-17,0,0,False,False,32671.18499999999,Current,DEBT_CONSOLIDATION
LN-501179,CUST-103894,2025-05-17,0,0,False,False,23067.690000000002,Current,DEBT_CONSOLIDATION
LN-501180,CUST-100852,2025-05-17,0,0,False,False,7916.8049999999985,Current,DEBT_CONSOLIDATION
LN-501181,CUST-101419,2025-05-17,0,0,False,False,117427.69750000002,Current,DEBT_CONSOLIDATION
LN-501182,CUST-100434,2025-05-17,1,9,False,False,98551.07,1-29,DEBT_CONSOLIDATION
LN-501183,CUST-104564,2025-05-17,0,0,False,False,2221.3499999999995,Current,DEBT_CONSOLIDATION
LN-501184,CUST-104702,2025-05-17,0,0,False,False,33595.20499999998,Current,DEBT_CONSOLIDATION
LN-501185,CUST-103789,2025-05-17,0,0,False,False,17140.002499999977,Current,DEBT_CONSOLIDATION
LN-501186,CUST-106397,2025-05-17,0,0,False,False,45405.020000000004,Current,DEBT_CONSOLIDATION
LN-501187,CUST-105823,2025-05-17,0,0,False,False,75503.94000000008,Current,DEBT_CONSOLIDATION
LN-501188,CUST-106858,2025-05-17,0,0,False,False,10443.12,Current,DEBT_CONSOLIDATION
LN-501189,CUST-102424,2025-05-17,0,0,False,False,7565.77,Current,DEBT_CONSOLIDATION
LN-501190,CUST-105753,2025-05-17,0,0,False,False,8279.464999999998,Current,DEBT_CONSOLIDATION
LN-501191,CUST-102986,2025-05-17,0,0,False,False,11316.8725,Current,DEBT_CONSOLIDATION
LN-501193,CUST-102037,2025-05-17,0,0,False,False,24712.769999999993,Current,DEBT_CONSOLIDATION
LN-501194,CUST-104610,2025-05-17,0,0,False,False,1465.9375000000005,Current,DEBT_CONSOLIDATION
LN-501195,CUST-104846,2025-05-17,0,0,False,False,14342.36,Current,DEBT_CONSOLIDATION
LN-501196,CUST-106984,2025-05-17,0,0,False,False,3908.850000000002,Current,DEBT_CONSOLIDATION
LN-501197,CUST-105451,2025-05-17,0,0,False,False,36311.65,Current,DEBT_CONSOLIDATION
LN-501198,CUST-107003,2025-05-17,0,0,True,False,19090.464999999997,Current,DEBT_CONSOLIDATION
LN-501199,CUST-102802,2025-05-17,0,0,False,False,47117.85999999999,Current,DEBT_CONSOLIDATION
LN-501200,CUST-100521,2025-05-17,0,0,False,False,1095.1899999999991,Current,DEBT_CONSOLIDATION
LN-501201,CUST-101915,2025-05-17,0,0,False,False,12292.289999999997,Current,DEBT_CONSOLIDATION
LN-501202,CUST-100586,2025-05-17,0,0,False,False,15924.62999999999,Current,DEBT_CONSOLIDATION
LN-501203,CUST-101876,2025-05-17,0,0,False,False,42926.179999999986,Current,DEBT_CONSOLIDATION
LN-501204,CUST-103977,2025-05-17,0,0,False,False,37469.58999999999,Current,DEBT_CONSOLIDATION
LN-501205,CUST-100921,2025-05-17,0,0,True,False,4873.38,Current,DEBT_CONSOLIDATION
LN-501206,CUST-107242,2025-05-17,0,0,False,False,82920.9725,Current,DEBT_CONSOLIDATION
LN-501208,CUST-107061,2025-05-17,0,0,False,False,27915.8525,Current,DEBT_CONSOLIDATION
LN-501209,CUST-100992,2025-05-17,0,0,False,False,23534.197500000002,Current,DEBT_CONSOLIDATION
LN-501210,CUST-101771,2025-05-17,0,0,False,False,10529.765000000003,Current,DEBT_CONSOLIDATION
LN-501211,CUST-106349,2025-05-17,0,0,False,False,31769.949999999997,Current,DEBT_CONSOLIDATION
LN-501212,CUST-107853,2025-05-17,0,0,False,False,101729.27499999998,Current,DEBT_CONSOLIDATION
LN-501213,CUST-103551,2025-05-17,0,0,False,False,23604.025000000016,Current,DEBT_CONSOLIDATION
LN-501214,CUST-101039,2025-05-17,0,0,False,False,42553.649999999965,Current,DEBT_CONSOLIDATION
LN-501215,CUST-103176,2025-05-17,0,0,False,False,1115.7175,Current,DEBT_CONSOLIDATION
LN-501216,CUST-101066,2025-05-17,0,0,False,False,14312.93,Current,DEBT_CONSOLIDATION
LN-501217,CUST-103008,2025-05-17,0,0,False,False,18536.245000000003,Current,DEBT_CONSOLIDATION
LN-501218,CUST-106274,2025-05-17,0,0,False,False,3489.905,Current,DEBT_CONSOLIDATION
LN-501219,CUST-103102,2025-05-17,0,0,False,False,6904.150000000001,Current,DEBT_CONSOLIDATION
LN-501220,CUST-102774,2025-05-17,0,0,False,False,11076.194999999996,Current,DEBT_CONSOLIDATION
LN-501221,CUST-104810,2025-05-17,0,0,False,False,11312.847500000003,Current,DEBT_CONSOLIDATION
LN-501222,CUST-100310,2025-05-17,0,0,False,False,10257.03,Current,DEBT_CONSOLIDATION
LN-501223,CUST-105761,2025-05-17,1,9,False,False,23979.494999999984,1-29,DEBT_CONSOLIDATION
LN-501224,CUST-107912,2025-05-17,0,0,False,False,14874.059999999994,Current,DEBT_CONSOLIDATION
LN-501225,CUST-104782,2025-05-17,0,0,False,False,13843.294999999996,Current,DEBT_CONSOLIDATION
LN-501226,CUST-105711,2025-05-17,0,0,False,False,6949.740000000007,Current,DEBT_CONSOLIDATION
LN-501227,CUST-102452,2025-05-17,0,0,False,False,24262.329999999994,Current,DEBT_CONSOLIDATION
LN-501228,CUST-105988,2025-05-17,0,0,False,False,46582.00249999999,Current,DEBT_CONSOLIDATION
LN-501229,CUST-101073,2025-05-17,0,0,False,False,24833.84749999999,Current,DEBT_CONSOLIDATION
LN-501230,CUST-107368,2025-05-17,0,0,False,False,2446.41,Current,DEBT_CONSOLIDATION
LN-501231,CUST-101373,2025-05-17,0,0,False,False,8287.900000000003,Current,DEBT_CONSOLIDATION
LN-501232,CUST-100958,2025-05-17,1,13,False,False,21202.239999999987,1-29,DEBT_CONSOLIDATION
LN-501233,CUST-101335,2025-05-17,0,0,False,False,29021.319999999992,Current,DEBT_CONSOLIDATION
LN-501234,CUST-103635,2025-05-17,0,0,False,False,23412.270000000015,Current,DEBT_CONSOLIDATION
LN-501235,CUST-107164,2025-05-17,0,0,False,False,6433.125,Current,DEBT_CONSOLIDATION
LN-501236,CUST-100953,2025-05-17,0,0,False,False,18036.620000000017,Current,DEBT_CONSOLIDATION
LN-501237,CUST-106115,2025-05-17,0,0,False,False,20560.40499999999,Current,DEBT_CONSOLIDATION
LN-501238,CUST-103464,2025-05-17,0,0,False,False,25797.462500000023,Current,DEBT_CONSOLIDATION
LN-501239,CUST-106520,2025-05-17,0,0,False,False,42023.09,Current,DEBT_CONSOLIDATION
LN-501240,CUST-101399,2025-05-17,0,0,False,False,22709.26,Current,DEBT_CONSOLIDATION
LN-501241,CUST-102761,2025-05-17,0,0,False,False,38446.90000000001,Current,DEBT_CONSOLIDATION
LN-501242,CUST-107653,2025-05-17,0,0,False,False,8545.485000000002,Current,DEBT_CONSOLIDATION
LN-501243,CUST-107516,2025-05-17,0,0,False,False,47902.80499999997,Current,DEBT_CONSOLIDATION
LN-501244,CUST-107736,2025-05-17,0,0,False,False,2749.535,Current,DEBT_CONSOLIDATION
LN-501245,CUST-103563,2025-05-17,0,0,False,False,668.5699999999998,Current,DEBT_CONSOLIDATION
LN-501246,CUST-105081,2025-05-17,0,0,False,False,22078.87,Current,DEBT_CONSOLIDATION
LN-501247,CUST-103513,2025-05-17,0,0,False,False,23234.552499999998,Current,DEBT_CONSOLIDATION
LN-501248,CUST-100679,2025-05-17,0,0,False,False,14638.82,Current,DEBT_CONSOLIDATION
LN-501249,CUST-105488,2025-05-17,0,0,False,False,13390.09,Current,DEBT_CONSOLIDATION
LN-501250,CUST-102233,2025-05-17,0,0,False,False,29008.76750000003,Current,DEBT_CONSOLIDATION
LN-501251,CUST-105444,2025-05-17,0,0,False,False,16881.014999999996,Current,DEBT_CONSOLIDATION
LN-501252,CUST-102678,2025-05-17,0,0,False,False,34069.47500000002,Current,DEBT_CONSOLIDATION
LN-501253,CUST-102729,2025-05-17,0,0,False,False,15478.167499999994,Current,DEBT_CONSOLIDATION
LN-501254,CUST-102388,2025-05-17,0,0,False,False,18764.26,Current,DEBT_CONSOLIDATION
LN-501255,CUST-105521,2025-05-17,0,0,False,False,6602.357499999993,Current,DEBT_CONSOLIDATION
LN-501256,CUST-104638,2025-05-17,0,0,False,False,13818.639999999998,Current,DEBT_CONSOLIDATION
LN-501257,CUST-100993,2025-05-17,0,0,False,False,685.0600000000006,Current,DEBT_CONSOLIDATION
LN-501258,CUST-101239,2025-05-17,0,0,False,False,35283.63999999997,Current,DEBT_CONSOLIDATION
LN-501259,CUST-103154,2025-05-17,0,0,False,False,5586.8949999999995,Current,DEBT_CONSOLIDATION
LN-501260,CUST-107506,2025-05-17,0,0,False,False,31402.2675,Current,DEBT_CONSOLIDATION
LN-501261,CUST-104175,2025-05-17,0,0,False,False,51972.71,Current,DEBT_CONSOLIDATION
LN-501262,CUST-105119,2025-05-17,1,1,False,False,121305.46,1-29,DEBT_CONSOLIDATION
LN-501263,CUST-105785,2025-05-17,0,0,False,False,62161.11,Current,DEBT_CONSOLIDATION
LN-501264,CUST-103079,2025-05-17,0,0,False,False,1153.3200000000004,Current,DEBT_CONSOLIDATION
LN-501265,CUST-105841,2025-05-17,0,0,False,False,13407.77,Current,DEBT_CONSOLIDATION
LN-501266,CUST-102688,2025-05-17,0,0,False,False,46666.730000000025,Current,DEBT_CONSOLIDATION
LN-501267,CUST-104187,2025-05-17,4,119,False,False,11524.614999999994,90+,DEBT_CONSOLIDATION
LN-501268,CUST-103983,2025-05-17,0,0,False,False,10843.905,Current,DEBT_CONSOLIDATION
LN-501270,CUST-102864,2025-05-17,0,0,False,False,32467.31,Current,DEBT_CONSOLIDATION
LN-501271,CUST-103787,2025-05-17,0,0,False,False,11566.832499999999,Current,DEBT_CONSOLIDATION
LN-501272,CUST-107165,2025-05-17,0,0,False,False,2975.822500000001,Current,DEBT_CONSOLIDATION
LN-501273,CUST-105307,2025-05-17,0,0,False,False,22339.444999999996,Current,DEBT_CONSOLIDATION
LN-501274,CUST-101557,2025-05-17,0,0,False,False,43955.35750000001,Current,DEBT_CONSOLIDATION
LN-501275,CUST-106380,2025-05-17,0,0,False,False,14308.6675,Current,DEBT_CONSOLIDATION
LN-501277,CUST-101186,2025-05-17,0,0,False,False,8923.949999999999,Current,DEBT_CONSOLIDATION
LN-501278,CUST-102580,2025-05-17,0,0,False,False,17104.96999999999,Current,DEBT_CONSOLIDATION
LN-501280,CUST-105299,2025-05-17,0,0,False,False,29901.850000000013,Current,DEBT_CONSOLIDATION
LN-501281,CUST-102914,2025-05-17,0,0,False,False,112475.585,Current,DEBT_CONSOLIDATION
LN-501282,CUST-100940,2025-05-17,0,0,False,False,15059.105,Current,DEBT_CONSOLIDATION
LN-501283,CUST-106977,2025-05-17,0,0,False,False,7887.2149999999965,Current,DEBT_CONSOLIDATION
LN-501284,CUST-106893,2025-05-17,0,0,False,False,14999.590000000011,Current,DEBT_CONSOLIDATION
LN-501285,CUST-104265,2025-05-17,0,0,False,False,10018.062500000004,Current,DEBT_CONSOLIDATION
LN-501287,CUST-105357,2025-05-17,0,0,False,False,41140.69,Current,DEBT_CONSOLIDATION
LN-501289,CUST-104030,2025-05-17,0,0,False,False,49724.115000000005,Current,DEBT_CONSOLIDATION
LN-501290,CUST-106176,2025-05-17,0,0,False,False,6281.29,Current,DEBT_CONSOLIDATION
LN-501291,CUST-107933,2025-05-17,0,0,False,False,7251.752500000006,Current,DEBT_CONSOLIDATION
LN-501292,CUST-106639,2025-05-17,0,0,False,False,2545.415,Current,DEBT_CONSOLIDATION
LN-501293,CUST-101056,2025-05-17,0,0,False,False,16482.317500000005,Current,DEBT_CONSOLIDATION
LN-501294,CUST-103425,2025-05-17,0,0,False,False,42572.22250000001,Current,DEBT_CONSOLIDATION
LN-501295,CUST-102553,2025-05-17,0,0,False,False,12567.73,Current,DEBT_CONSOLIDATION
LN-501296,CUST-102985,2025-05-17,0,0,False,False,134389.93000000008,Current,DEBT_CONSOLIDATION
LN-501297,CUST-101052,2025-05-17,0,0,False,False,43785.71249999998,Current,DEBT_CONSOLIDATION
LN-501298,CUST-104196,2025-05-17,0,0,False,False,42961.54999999999,Current,DEBT_CONSOLIDATION
LN-501299,CUST-104355,2025-05-17,0,0,False,False,33083.82000000002,Current,DEBT_CONSOLIDATION
LN-501300,CUST-103353,2025-05-17,0,0,False,False,16333.59,Current,DEBT_CONSOLIDATION
LN-501301,CUST-100565,2025-05-17,0,0,False,False,11472.732499999996,Current,DEBT_CONSOLIDATION
LN-501302,CUST-103609,2025-05-17,0,0,False,False,6285.209999999997,Current,DEBT_CONSOLIDATION
LN-501303,CUST-102766,2025-05-17,0,0,False,False,52841.55,Current,DEBT_CONSOLIDATION
LN-501304,CUST-103636,2025-05-17,0,0,False,False,2022.155000000001,Current,DEBT_CONSOLIDATION
LN-501305,CUST-104336,2025-05-17,0,0,False,False,142006.52500000005,Current,DEBT_CONSOLIDATION
LN-501306,CUST-102250,2025-05-17,0,0,False,False,9930.97,Current,DEBT_CONSOLIDATION
LN-501307,CUST-107247,2025-05-17,0,0,False,False,9453.7025,Current,DEBT_CONSOLIDATION
LN-501308,CUST-106632,2025-05-17,0,0,True,False,31728.035,Current,DEBT_CONSOLIDATION
LN-501309,CUST-103713,2025-05-17,0,0,False,False,45796.46750000002,Current,DEBT_CONSOLIDATION
LN-501310,CUST-104074,2025-05-17,0,0,False,False,31780.7725,Current,DEBT_CONSOLIDATION
LN-501311,CUST-101778,2025-05-17,1,13,False,False,11664.895000000006,1-29,DEBT_CONSOLIDATION
LN-501312,CUST-100720,2025-05-17,0,0,False,False,12116.879999999997,Current,DEBT_CONSOLIDATION
LN-501313,CUST-106122,2025-05-17,0,0,False,False,39880.68499999999,Current,DEBT_CONSOLIDATION
LN-501314,CUST-102613,2025-05-17,0,0,False,False,26691.574999999993,Current,DEBT_CONSOLIDATION
LN-501315,CUST-105709,2025-05-17,0,0,False,False,136426.38000000012,Current,DEBT_CONSOLIDATION
LN-501316,CUST-100794,2025-05-17,0,0,False,False,13666.1875,Current,DEBT_CONSOLIDATION
LN-501317,CUST-102203,2025-05-17,0,0,False,False,8285.479999999998,Current,DEBT_CONSOLIDATION
LN-501318,CUST-101438,2025-05-17,2,37,False,False,36457.63,30-59,DEBT_CONSOLIDATION
LN-501319,CUST-100019,2025-05-17,0,0,False,False,16072.314999999988,Current,DEBT_CONSOLIDATION
LN-501320,CUST-106620,2025-05-17,0,0,False,False,326294.61000000016,Current,DEBT_CONSOLIDATION
LN-501321,CUST-100443,2025-05-17,1,25,False,False,2290.5400000000022,1-29,DEBT_CONSOLIDATION
LN-501322,CUST-104503,2025-05-17,0,0,False,False,1239.6624999999997,Current,DEBT_CONSOLIDATION
LN-501323,CUST-106039,2025-05-17,0,0,False,False,5799.220000000001,Current,DEBT_CONSOLIDATION
LN-501324,CUST-104043,2025-05-17,0,0,False,False,47990.10999999998,Current,DEBT_CONSOLIDATION
LN-501325,CUST-103146,2025-05-17,0,0,False,False,18028.010000000002,Current,DEBT_CONSOLIDATION
LN-501326,CUST-104115,2025-05-17,0,0,False,False,13660.390000000001,Current,DEBT_CONSOLIDATION
LN-501327,CUST-101708,2025-05-17,0,0,False,False,18794.722499999993,Current,DEBT_CONSOLIDATION
LN-501328,CUST-104341,2025-05-17,0,0,False,False,3773.8724999999995,Current,DEBT_CONSOLIDATION
LN-501329,CUST-101963,2025-05-17,0,0,False,False,31978.485,Current,DEBT_CONSOLIDATION
LN-501330,CUST-104266,2025-05-17,0,0,False,False,44551.87999999997,Current,DEBT_CONSOLIDATION
LN-501331,CUST-105388,2025-05-17,0,0,False,True,38753.9775,Current,DEBT_CONSOLIDATION
LN-501332,CUST-100043,2025-05-17,0,0,False,False,107177.44000000005,Current,DEBT_CONSOLIDATION
LN-501333,CUST-104009,2025-05-17,0,0,False,False,7885.124999999995,Current,DEBT_CONSOLIDATION
LN-501334,CUST-100524,2025-05-17,0,0,False,False,19968.6325,Current,DEBT_CONSOLIDATION
LN-501335,CUST-105121,2025-05-17,0,0,False,False,424969.35250000004,Current,DEBT_CONSOLIDATION
LN-501336,CUST-107866,2025-05-17,0,0,False,False,10075.820000000005,Current,DEBT_CONSOLIDATION
LN-501337,CUST-104970,2025-05-17,0,0,False,False,11362.650000000009,Current,DEBT_CONSOLIDATION
LN-501338,CUST-102700,2025-05-17,0,0,False,False,9877.7575,Current,DEBT_CONSOLIDATION
LN-501339,CUST-104859,2025-05-17,0,0,False,False,97264.05750000002,Current,DEBT_CONSOLIDATION
LN-501340,CUST-107878,2025-05-17,0,0,False,False,8709.829999999998,Current,DEBT_CONSOLIDATION
LN-501341,CUST-104130,2025-05-17,0,0,False,False,14245.037499999997,Current,DEBT_CONSOLIDATION
LN-501342,CUST-104093,2025-05-17,0,0,False,False,17599.785000000007,Current,DEBT_CONSOLIDATION
LN-501343,CUST-105815,2025-05-17,0,0,False,False,30537.089999999997,Current,DEBT_CONSOLIDATION
LN-501344,CUST-101527,2025-05-17,0,0,False,False,18255.780000000006,Current,DEBT_CONSOLIDATION
LN-501345,CUST-107182,2025-05-17,0,0,False,False,13774.262500000008,Current,DEBT_CONSOLIDATION
LN-501347,CUST-101067,2025-05-17,0,0,False,False,37066.939999999966,Current,DEBT_CONSOLIDATION
LN-501348,CUST-105095,2025-05-17,0,0,False,False,23728.675,Current,DEBT_CONSOLIDATION
LN-501350,CUST-107762,2025-05-17,0,0,False,False,29121.510000000006,Current,DEBT_CONSOLIDATION
LN-501351,CUST-103227,2025-05-17,0,0,False,False,6085.402500000001,Current,DEBT_CONSOLIDATION
LN-501352,CUST-104734,2025-05-17,0,0,False,False,53038.38,Current,DEBT_CONSOLIDATION
LN-501353,CUST-105685,2025-05-17,0,0,False,False,11670.08,Current,DEBT_CONSOLIDATION
LN-501354,CUST-102918,2025-05-17,0,0,False,False,6430.115000000003,Current,DEBT_CONSOLIDATION
LN-501355,CUST-106692,2025-05-17,0,0,False,False,9158.219999999998,Current,DEBT_CONSOLIDATION
LN-501356,CUST-101265,2025-05-17,0,0,False,False,11457.287499999997,Current,DEBT_CONSOLIDATION
LN-501357,CUST-103545,2025-05-17,0,0,False,False,11540.860000000004,Current,DEBT_CONSOLIDATION
LN-501358,CUST-101045,2025-05-17,0,0,False,False,47477.82250000001,Current,DEBT_CONSOLIDATION
LN-501359,CUST-107718,2025-05-17,0,0,False,False,10817.33,Current,DEBT_CONSOLIDATION
LN-501360,CUST-104822,2025-05-17,0,0,False,False,42651.13,Current,DEBT_CONSOLIDATION
LN-501361,CUST-105903,2025-05-17,0,0,False,False,15876.899999999998,Current,DEBT_CONSOLIDATION
LN-501362,CUST-107765,2025-05-17,0,0,False,False,6790.534999999996,Current,DEBT_CONSOLIDATION
LN-501363,CUST-100833,2025-05-17,1,3,False,False,10223.782500000001,1-29,DEBT_CONSOLIDATION
LN-501364,CUST-104058,2025-05-17,0,0,False,False,6070.66,Current,DEBT_CONSOLIDATION
LN-501365,CUST-105124,2025-05-17,2,52,False,False,619511.05,30-59,DEBT_CONSOLIDATION
LN-501366,CUST-102804,2025-05-17,0,0,False,False,32948.025000000016,Current,DEBT_CONSOLIDATION
LN-501367,CUST-104551,2025-05-17,0,0,False,False,15462.3475,Current,DEBT_CONSOLIDATION
LN-501368,CUST-104313,2025-05-17,0,0,False,False,86546.29250000004,Current,DEBT_CONSOLIDATION
LN-501369,CUST-106415,2025-05-17,0,0,False,False,13732.20000000001,Current,DEBT_CONSOLIDATION
LN-501370,CUST-105661,2025-05-17,0,0,False,False,10996.085,Current,DEBT_CONSOLIDATION
LN-501371,CUST-101485,2025-05-17,0,0,False,False,16615.34499999999,Current,DEBT_CONSOLIDATION
LN-501372,CUST-103369,2025-05-17,0,0,False,False,20296.037499999995,Current,DEBT_CONSOLIDATION
LN-501373,CUST-105870,2025-05-17,0,0,False,False,48674.15500000001,Current,DEBT_CONSOLIDATION
LN-501374,CUST-100701,2025-05-17,0,0,False,False,16654.46499999999,Current,DEBT_CONSOLIDATION
LN-501375,CUST-102811,2025-05-17,0,0,False,False,38368.24000000002,Current,DEBT_CONSOLIDATION
LN-501376,CUST-103059,2025-05-17,0,0,False,False,15004.580000000016,Current,DEBT_CONSOLIDATION
LN-501377,CUST-106329,2025-05-17,0,0,False,False,35897.91750000003,Current,DEBT_CONSOLIDATION
LN-501378,CUST-106823,2025-05-17,0,0,False,False,366579.31250000023,Current,DEBT_CONSOLIDATION
LN-501379,CUST-102679,2025-05-17,0,0,False,False,27115.460000000003,Current,DEBT_CONSOLIDATION
LN-501380,CUST-106650,2025-05-17,0,0,False,False,61913.615000000005,Current,DEBT_CONSOLIDATION
LN-501381,CUST-103436,2025-05-17,0,0,False,False,14131.36,Current,DEBT_CONSOLIDATION
LN-501382,CUST-103424,2025-05-17,0,0,False,False,16189.405000000002,Current,DEBT_CONSOLIDATION
LN-501384,CUST-106937,2025-05-17,2,57,False,False,12159.330000000005,30-59,DEBT_CONSOLIDATION
LN-501385,CUST-103674,2025-05-17,0,0,False,False,22400.982499999995,Current,DEBT_CONSOLIDATION
LN-501386,CUST-103690,2025-05-17,3,87,False,False,9482.657500000001,60-89,DEBT_CONSOLIDATION
LN-501387,CUST-103865,2025-05-17,1,8,False,False,1869.1049999999998,1-29,DEBT_CONSOLIDATION
LN-501388,CUST-105648,2025-05-17,0,0,False,False,17658.102500000008,Current,DEBT_CONSOLIDATION
LN-501389,CUST-104262,2025-05-17,0,0,False,False,23415.899999999998,Current,DEBT_CONSOLIDATION
LN-501390,CUST-107529,2025-05-17,0,0,False,False,5941.370000000001,Current,DEBT_CONSOLIDATION
LN-501391,CUST-101647,2025-05-17,0,0,False,False,24300.495000000003,Current,DEBT_CONSOLIDATION
LN-501392,CUST-103655,2025-05-17,1,11,False,False,43773.907499999994,1-29,DEBT_CONSOLIDATION
LN-501393,CUST-105393,2025-05-17,0,0,False,False,95887.88500000007,Current,DEBT_CONSOLIDATION
LN-501394,CUST-100156,2025-05-17,0,0,False,False,26045.59,Current,DEBT_CONSOLIDATION
LN-501395,CUST-105329,2025-05-17,0,0,False,False,10314.160000000005,Current,DEBT_CONSOLIDATION
LN-501396,CUST-107084,2025-05-17,0,0,False,False,32185.81,Current,DEBT_CONSOLIDATION
LN-501397,CUST-100176,2025-05-17,3,75,False,False,32994.462499999994,60-89,DEBT_CONSOLIDATION
LN-501398,CUST-101662,2025-05-17,0,0,False,False,123384.1075,Current,DEBT_CONSOLIDATION
LN-501399,CUST-105361,2025-05-17,0,0,False,False,24633.53500000001,Current,DEBT_CONSOLIDATION
LN-501400,CUST-102831,2025-05-17,0,0,False,False,15352.567500000001,Current,DEBT_CONSOLIDATION
LN-501401,CUST-104798,2025-05-17,0,0,False,False,20876.87499999998,Current,DEBT_CONSOLIDATION
LN-501402,CUST-107028,2025-05-17,0,0,False,False,29374.90249999999,Current,DEBT_CONSOLIDATION
LN-501403,CUST-102719,2025-05-17,0,0,False,False,15967.725000000013,Current,DEBT_CONSOLIDATION
LN-501404,CUST-107241,2025-05-17,0,0,False,False,37041.99499999999,Current,DEBT_CONSOLIDATION
LN-501405,CUST-107843,2025-05-17,0,0,False,False,28226.21999999999,Current,DEBT_CONSOLIDATION
LN-501406,CUST-103383,2025-05-17,0,0,False,False,38029.142499999994,Current,DEBT_CONSOLIDATION
LN-501407,CUST-106197,2025-05-17,0,0,False,False,46864.424999999996,Current,DEBT_CONSOLIDATION
LN-501408,CUST-100783,2025-05-17,0,0,False,False,16248.597500000007,Current,DEBT_CONSOLIDATION
LN-501409,CUST-105737,2025-05-17,0,0,False,False,38852.03,Current,DEBT_CONSOLIDATION
LN-501410,CUST-105716,2025-05-17,0,0,False,False,29547.50500000002,Current,DEBT_CONSOLIDATION
LN-501411,CUST-105027,2025-05-17,0,0,False,False,4042.487500000001,Current,DEBT_CONSOLIDATION
LN-501412,CUST-104428,2025-05-17,0,0,False,False,7511.920000000002,Current,DEBT_CONSOLIDATION
LN-501413,CUST-106528,2025-05-17,0,0,False,False,79757.7175,Current,DEBT_CONSOLIDATION
LN-501414,CUST-104777,2025-05-17,0,0,False,False,23359.65000000001,Current,DEBT_CONSOLIDATION
LN-501415,CUST-102351,2025-05-17,0,0,False,False,14828.9825,Current,DEBT_CONSOLIDATION
LN-501417,CUST-103484,2025-05-17,0,0,False,False,50787.5875,Current,DEBT_CONSOLIDATION
LN-501418,CUST-101907,2025-05-17,0,0,False,False,13442.607499999991,Current,DEBT_CONSOLIDATION
LN-501419,CUST-100931,2025-05-17,0,0,True,False,23498.344999999994,Current,DEBT_CONSOLIDATION
LN-501420,CUST-105350,2025-05-17,0,0,False,False,117550.63500000004,Current,DEBT_CONSOLIDATION
LN-501421,CUST-101756,2025-05-17,0,0,False,False,18575.98,Current,DEBT_CONSOLIDATION
LN-501422,CUST-105040,2025-05-17,0,0,False,False,12095.549999999994,Current,DEBT_CONSOLIDATION
LN-501423,CUST-101281,2025-05-17,2,58,False,False,48079.389999999985,30-59,DEBT_CONSOLIDATION
LN-501424,CUST-106587,2025-05-17,0,0,False,False,14311.2275,Current,DEBT_CONSOLIDATION
LN-501427,CUST-106823,2025-05-17,0,0,False,False,10397.1075,Current,DEBT_CONSOLIDATION
LN-501428,CUST-101091,2025-05-17,0,0,False,False,1503.3999999999996,Current,DEBT_CONSOLIDATION
LN-501429,CUST-104593,2025-05-17,0,0,False,False,42154.62,Current,DEBT_CONSOLIDATION
LN-501430,CUST-100206,2025-05-17,0,0,False,False,17606.437500000004,Current,DEBT_CONSOLIDATION
LN-501431,CUST-106499,2025-05-17,0,0,False,False,43006.584999999985,Current,DEBT_CONSOLIDATION
LN-501432,CUST-105492,2025-05-17,0,0,False,False,250298.99999999997,Current,DEBT_CONSOLIDATION
LN-501434,CUST-105775,2025-05-17,1,5,False,False,214801.78,1-29,DEBT_CONSOLIDATION
LN-501435,CUST-102785,2025-05-17,0,0,False,False,42999.68,Current,DEBT_CONSOLIDATION
LN-501436,CUST-106688,2025-05-17,0,0,False,False,57982.21,Current,DEBT_CONSOLIDATION
LN-501437,CUST-107295,2025-05-17,0,0,False,False,18257.249999999993,Current,DEBT_CONSOLIDATION
LN-501438,CUST-104715,2025-05-17,0,0,False,False,8834.007500000005,Current,DEBT_CONSOLIDATION
LN-501439,CUST-103108,2025-05-17,0,0,False,False,15785.777500000011,Current,DEBT_CONSOLIDATION
LN-501440,CUST-100849,2025-05-17,0,0,False,False,47973.44500000001,Current,DEBT_CONSOLIDATION
LN-501441,CUST-105390,2025-05-17,0,0,False,False,32570.090000000015,Current,DEBT_CONSOLIDATION
LN-501442,CUST-105412,2025-05-17,0,0,False,False,602719.6950000004,Current,DEBT_CONSOLIDATION
LN-501443,CUST-100685,2025-05-17,0,0,False,False,19824.000000000015,Current,DEBT_CONSOLIDATION
LN-501444,CUST-104444,2025-05-17,0,0,False,False,26298.925,Current,DEBT_CONSOLIDATION
LN-501445,CUST-103546,2025-05-17,0,0,False,False,4803.094999999999,Current,DEBT_CONSOLIDATION
LN-501446,CUST-105798,2025-05-17,1,24,False,False,92480.29999999996,1-29,DEBT_CONSOLIDATION
LN-501447,CUST-102497,2025-05-17,0,0,False,False,132259.02999999997,Current,DEBT_CONSOLIDATION
LN-501448,CUST-103089,2025-05-17,0,0,False,False,9358.864999999994,Current,DEBT_CONSOLIDATION
LN-501449,CUST-107844,2025-05-17,0,0,True,False,5786.360000000004,Current,DEBT_CONSOLIDATION
LN-501450,CUST-103753,2025-05-17,0,0,False,False,26599.71,Current,DEBT_CONSOLIDATION
LN-501452,CUST-107033,2025-05-17,0,0,False,False,255020.25,Current,DEBT_CONSOLIDATION
LN-501453,CUST-100790,2025-05-17,0,0,False,False,8206.007500000005,Current,DEBT_CONSOLIDATION
LN-501454,CUST-106225,2025-05-17,0,0,False,False,8482.672499999995,Current,DEBT_CONSOLIDATION
LN-501455,CUST-102213,2025-05-17,0,0,False,False,40881.929999999986,Current,DEBT_CONSOLIDATION
LN-501456,CUST-100336,2025-05-17,0,0,False,False,36236.87500000002,Current,DEBT_CONSOLIDATION
LN-501457,CUST-102873,2025-05-17,0,0,False,False,17766.03,Current,DEBT_CONSOLIDATION
LN-501458,CUST-107608,2025-05-17,0,0,False,False,58788.25,Current,DEBT_CONSOLIDATION
LN-501459,CUST-101249,2025-05-17,0,0,False,False,126469.13749999998,Current,DEBT_CONSOLIDATION
LN-501462,CUST-106515,2025-05-17,0,0,False,False,50249.58499999999,Current,DEBT_CONSOLIDATION
LN-501463,CUST-101581,2025-05-17,0,0,False,False,39125.46499999999,Current,DEBT_CONSOLIDATION
LN-501464,CUST-106838,2025-05-17,0,0,False,False,18058.585000000006,Current,DEBT_CONSOLIDATION
LN-501465,CUST-101196,2025-05-17,0,0,False,False,27707.69,Current,DEBT_CONSOLIDATION
LN-501466,CUST-103508,2025-05-17,0,0,False,False,23454.32500000002,Current,DEBT_CONSOLIDATION
LN-501468,CUST-106700,2025-05-17,0,0,False,False,32157.94,Current,DEBT_CONSOLIDATION
LN-501469,CUST-107784,2025-05-17,0,0,False,False,150786.25250000003,Current,DEBT_CONSOLIDATION
LN-501470,CUST-103138,2025-05-17,0,0,False,False,17646.999999999996,Current,DEBT_CONSOLIDATION
LN-501471,CUST-104486,2025-05-17,0,0,False,False,37542.055,Current,DEBT_CONSOLIDATION
LN-501472,CUST-102337,2025-05-17,0,0,False,False,11523.194999999998,Current,DEBT_CONSOLIDATION
LN-501473,CUST-103347,2025-05-17,0,0,False,False,22803.19,Current,DEBT_CONSOLIDATION
LN-501474,CUST-105083,2025-05-17,0,0,False,False,13906.625,Current,DEBT_CONSOLIDATION
LN-501475,CUST-100968,2025-05-17,0,0,False,False,17192.902500000004,Current,DEBT_CONSOLIDATION
LN-501476,CUST-104467,2025-05-17,0,0,False,False,38548.12500000001,Current,DEBT_CONSOLIDATION
LN-501477,CUST-106403,2025-05-17,0,0,False,False,41769.039999999986,Current,DEBT_CONSOLIDATION
LN-501478,CUST-105407,2025-05-17,0,0,False,False,126406.58,Current,DEBT_CONSOLIDATION
LN-501480,CUST-104572,2025-05-17,0,0,False,False,26337.309999999998,Current,DEBT_CONSOLIDATION
LN-501481,CUST-101628,2025-05-17,0,0,True,False,14676.419999999995,Current,DEBT_CONSOLIDATION
LN-501482,CUST-102538,2025-05-17,0,0,False,False,6522.359999999997,Current,DEBT_CONSOLIDATION
LN-501483,CUST-100623,2025-05-17,0,0,False,False,230278.20750000002,Current,DEBT_CONSOLIDATION
LN-501484,CUST-107244,2025-05-17,2,57,False,False,78375.25249999997,30-59,DEBT_CONSOLIDATION
LN-501485,CUST-102638,2025-05-17,0,0,False,False,8679.899999999996,Current,DEBT_CONSOLIDATION
LN-501486,CUST-107447,2025-05-17,0,0,False,False,38609.375000000015,Current,DEBT_CONSOLIDATION
LN-501488,CUST-103068,2025-05-17,0,0,False,False,2097.91,Current,DEBT_CONSOLIDATION
LN-501489,CUST-107681,2025-05-17,0,0,False,False,21507.50000000002,Current,DEBT_CONSOLIDATION
LN-501490,CUST-101809,2025-05-17,3,75,False,False,34572.82499999999,60-89,DEBT_CONSOLIDATION
LN-501492,CUST-105061,2025-05-17,0,0,False,False,56978.97,Current,DEBT_CONSOLIDATION
LN-501493,CUST-105158,2025-05-17,0,0,False,False,17731.360000000008,Current,DEBT_CONSOLIDATION
LN-501494,CUST-101649,2025-05-17,0,0,False,False,26407.437500000004,Current,DEBT_CONSOLIDATION
LN-501495,CUST-103617,2025-05-17,0,0,False,False,10818.069999999994,Current,DEBT_CONSOLIDATION
LN-501496,CUST-106491,2025-05-17,0,0,False,False,3813.5999999999985,Current,DEBT_CONSOLIDATION
LN-501498,CUST-104068,2025-05-17,0,0,False,False,14027.710000000014,Current,DEBT_CONSOLIDATION
LN-501499,CUST-105211,2025-05-17,0,0,False,False,30943.595000000016,Current,DEBT_CONSOLIDATION
LN-501500,CUST-106534,2025-05-17,0,0,False,False,19974.934999999994,Current,DEBT_CONSOLIDATION
LN-501501,CUST-102079,2025-05-17,0,0,False,False,21346.579999999984,Current,DEBT_CONSOLIDATION
LN-501502,CUST-105137,2025-05-17,0,0,False,False,39243.38000000002,Current,DEBT_CONSOLIDATION
LN-501503,CUST-103955,2025-05-17,4,187,False,False,24170.252500000013,90+,DEBT_CONSOLIDATION
LN-501504,CUST-102543,2025-05-17,0,0,False,False,8862.13500000001,Current,DEBT_CONSOLIDATION
LN-501505,CUST-100401,2025-05-17,0,0,False,False,40095.995000000024,Current,DEBT_CONSOLIDATION
LN-501506,CUST-106829,2025-05-17,0,0,False,False,15703.13,Current,DEBT_CONSOLIDATION
LN-501507,CUST-106911,2025-05-17,0,0,False,False,5239.139999999997,Current,DEBT_CONSOLIDATION
LN-501508,CUST-104541,2025-05-17,0,0,False,False,44514.569999999985,Current,DEBT_CONSOLIDATION
LN-501509,CUST-105086,2025-05-17,0,0,False,False,23609.905,Current,DEBT_CONSOLIDATION
LN-501510,CUST-102702,2025-05-17,0,0,False,False,8682.887499999999,Current,DEBT_CONSOLIDATION
LN-501511,CUST-104331,2025-05-17,0,0,False,False,23111.120000000003,Current,DEBT_CONSOLIDATION
LN-501512,CUST-107011,2025-05-17,0,0,False,False,46172.557499999995,Current,DEBT_CONSOLIDATION
LN-501513,CUST-102950,2025-05-17,0,0,False,False,17271.53749999999,Current,DEBT_CONSOLIDATION
LN-501514,CUST-105140,2025-05-17,0,0,False,False,12605.179999999997,Current,DEBT_CONSOLIDATION
LN-501515,CUST-105179,2025-05-17,0,0,False,False,61342.479999999996,Current,DEBT_CONSOLIDATION
LN-501516,CUST-104322,2025-05-17,0,0,False,False,10092.084999999997,Current,DEBT_CONSOLIDATION
LN-501518,CUST-102433,2025-05-17,1,9,False,False,3532.8175000000006,1-29,DEBT_CONSOLIDATION
LN-501519,CUST-102902,2025-05-17,0,0,False,False,18172.015,Current,DEBT_CONSOLIDATION
LN-501520,CUST-102218,2025-05-17,0,0,False,False,12466.647500000003,Current,DEBT_CONSOLIDATION
LN-501521,CUST-106797,2025-05-17,0,0,False,False,15210.840000000002,Current,DEBT_CONSOLIDATION
LN-501522,CUST-106281,2025-05-17,0,0,False,False,661.0199999999995,Current,DEBT_CONSOLIDATION
LN-501524,CUST-105517,2025-05-17,0,0,False,False,7510.85999999999,Current,DEBT_CONSOLIDATION
LN-501525,CUST-102878,2025-05-17,0,0,False,False,77714.36500000009,Current,DEBT_CONSOLIDATION
LN-501526,CUST-105214,2025-05-17,0,0,False,False,19639.379999999997,Current,DEBT_CONSOLIDATION
LN-501527,CUST-103984,2025-05-17,1,30,False,False,10662.01,1-29,DEBT_CONSOLIDATION
LN-501528,CUST-103294,2025-05-17,0,0,False,False,34087.63249999999,Current,DEBT_CONSOLIDATION
LN-501529,CUST-100766,2025-05-17,0,0,False,False,9312.445,Current,DEBT_CONSOLIDATION
LN-501530,CUST-101876,2025-05-17,2,36,False,False,22496.380000000012,30-59,DEBT_CONSOLIDATION
LN-501531,CUST-101292,2025-05-17,0,0,False,False,19821.989999999998,Current,DEBT_CONSOLIDATION
LN-501532,CUST-107022,2025-05-17,0,0,False,False,18869.355,Current,DEBT_CONSOLIDATION
LN-501533,CUST-103483,2025-05-17,0,0,False,False,21037.389999999992,Current,DEBT_CONSOLIDATION
LN-501534,CUST-103064,2025-05-17,0,0,False,False,21258.160000000003,Current,DEBT_CONSOLIDATION
LN-501535,CUST-104096,2025-05-17,0,0,False,False,29140.4,Current,DEBT_CONSOLIDATION
LN-501536,CUST-107915,2025-05-17,0,0,True,False,4599.069999999998,Current,DEBT_CONSOLIDATION
LN-501537,CUST-100694,2025-05-17,3,65,False,False,25340.004999999997,60-89,DEBT_CONSOLIDATION
LN-501538,CUST-103541,2025-05-17,0,0,False,False,7401.460000000002,Current,DEBT_CONSOLIDATION
LN-501540,CUST-101719,2025-05-17,2,56,False,False,116858.46,30-59,DEBT_CONSOLIDATION
LN-501541,CUST-100112,2025-05-17,0,0,False,False,8901.082499999997,Current,DEBT_CONSOLIDATION
LN-501542,CUST-100355,2025-05-17,0,0,False,False,38948.06999999997,Current,DEBT_CONSOLIDATION
LN-501543,CUST-105392,2025-05-17,0,0,False,False,26822.165000000008,Current,DEBT_CONSOLIDATION
LN-501544,CUST-104821,2025-05-17,0,0,False,False,19499.182500000003,Current,DEBT_CONSOLIDATION
LN-501546,CUST-105316,2025-05-17,0,0,False,False,34352.507499999956,Current,DEBT_CONSOLIDATION
LN-501547,CUST-105806,2025-05-17,0,0,False,False,31216.455,Current,DEBT_CONSOLIDATION
LN-501548,CUST-104164,2025-05-17,0,0,False,False,29993.759999999995,Current,DEBT_CONSOLIDATION
LN-501549,CUST-100526,2025-05-17,0,0,False,False,4681.419999999993,Current,DEBT_CONSOLIDATION
LN-501550,CUST-107195,2025-05-17,0,0,False,False,15633.330000000016,Current,DEBT_CONSOLIDATION
LN-501551,CUST-106792,2025-05-17,0,0,False,False,18122.9025,Current,DEBT_CONSOLIDATION
LN-501552,CUST-105417,2025-05-17,0,0,False,False,19503.47,Current,DEBT_CONSOLIDATION
LN-501553,CUST-105501,2025-05-17,0,0,False,False,14011.1825,Current,DEBT_CONSOLIDATION
LN-501554,CUST-101835,2025-05-17,2,40,False,False,29369.89,30-59,DEBT_CONSOLIDATION
LN-501555,CUST-101803,2025-05-17,0,0,False,False,4927.0149999999985,Current,DEBT_CONSOLIDATION
LN-501556,CUST-106860,2025-05-17,0,0,False,False,108379.05000000002,Current,DEBT_CONSOLIDATION
LN-501557,CUST-105132,2025-05-17,0,0,False,False,14864.869999999999,Current,DEBT_CONSOLIDATION
LN-501558,CUST-106221,2025-05-17,0,0,False,False,16895.284999999993,Current,DEBT_CONSOLIDATION
LN-501559,CUST-107486,2025-05-17,0,0,False,False,15867.97249999999,Current,DEBT_CONSOLIDATION
LN-501560,CUST-102326,2025-05-17,0,0,False,False,3062.840000000001,Current,DEBT_CONSOLIDATION
LN-501561,CUST-101850,2025-05-17,0,0,False,False,3050.3275000000003,Current,DEBT_CONSOLIDATION
LN-501562,CUST-103954,2025-05-17,0,0,False,False,30559.77999999999,Current,DEBT_CONSOLIDATION
LN-501564,CUST-100407,2025-05-17,0,0,False,False,30647.117499999964,Current,DEBT_CONSOLIDATION
LN-501565,CUST-100181,2025-05-17,0,0,False,False,24155.645000000008,Current,DEBT_CONSOLIDATION
LN-501566,CUST-105943,2025-05-17,0,0,False,False,35740.65500000001,Current,DEBT_CONSOLIDATION
LN-501567,CUST-105143,2025-05-17,0,0,False,False,49717.72250000002,Current,DEBT_CONSOLIDATION
LN-501568,CUST-101364,2025-05-17,0,0,False,False,113096.35999999991,Current,DEBT_CONSOLIDATION
LN-501569,CUST-105008,2025-05-17,0,0,False,False,13206.47000000001,Current,DEBT_CONSOLIDATION
LN-501570,CUST-107195,2025-05-17,0,0,False,False,31809.14,Current,DEBT_CONSOLIDATION
LN-501572,CUST-102386,2025-05-17,0,0,False,False,1704.2675,Current,DEBT_CONSOLIDATION
LN-501573,CUST-103000,2025-05-17,0,0,False,False,23051.629999999986,Current,DEBT_CONSOLIDATION
LN-501574,CUST-107903,2025-05-17,0,0,False,False,4353.319999999999,Current,DEBT_CONSOLIDATION
LN-501575,CUST-104800,2025-05-17,0,0,False,False,18979.360000000004,Current,DEBT_CONSOLIDATION
LN-501576,CUST-100249,2025-05-17,0,0,False,True,39037.564999999995,Current,DEBT_CONSOLIDATION
LN-501577,CUST-105382,2025-05-17,0,0,False,False,14672.899999999985,Current,DEBT_CONSOLIDATION
LN-501578,CUST-101375,2025-05-17,0,0,False,False,15217.325000000003,Current,DEBT_CONSOLIDATION
LN-501579,CUST-102171,2025-05-17,0,0,False,False,20794.979999999985,Current,DEBT_CONSOLIDATION
LN-501580,CUST-105018,2025-05-17,0,0,False,False,1908.4199999999987,Current,DEBT_CONSOLIDATION
LN-501581,CUST-107162,2025-05-17,0,0,False,False,6742.409999999997,Current,DEBT_CONSOLIDATION
LN-501582,CUST-102813,2025-05-17,1,25,False,False,41919.80499999999,1-29,DEBT_CONSOLIDATION
LN-501583,CUST-102593,2025-05-17,0,0,False,False,30387.149999999998,Current,DEBT_CONSOLIDATION
LN-501584,CUST-106333,2025-05-17,0,0,False,False,26524.549999999992,Current,DEBT_CONSOLIDATION
LN-501585,CUST-106897,2025-05-17,0,0,False,False,525438.5000000002,Current,DEBT_CONSOLIDATION
LN-501586,CUST-106073,2025-05-17,0,0,False,False,6981.3575,Current,DEBT_CONSOLIDATION
LN-501587,CUST-105418,2025-05-17,0,0,False,False,21110.0,Current,DEBT_CONSOLIDATION
LN-501588,CUST-107730,2025-05-17,0,0,False,False,31438.679999999993,Current,DEBT_CONSOLIDATION
LN-501589,CUST-102650,2025-05-17,0,0,False,False,5812.57,Current,DEBT_CONSOLIDATION
LN-501590,CUST-101716,2025-05-17,4,117,False,False,2368.2249999999995,90+,DEBT_CONSOLIDATION
LN-501591,CUST-104267,2025-05-17,0,0,True,False,2834.5075000000006,Current,DEBT_CONSOLIDATION
LN-501592,CUST-101548,2025-05-17,0,0,False,False,90223.28750000003,Current,DEBT_CONSOLIDATION
LN-501593,CUST-105457,2025-05-17,0,0,False,False,11513.830000000004,Current,DEBT_CONSOLIDATION
LN-501594,CUST-106162,2025-05-17,0,0,False,False,43971.25499999996,Current,DEBT_CONSOLIDATION
LN-501595,CUST-106103,2025-05-17,0,0,False,False,14409.399999999992,Current,DEBT_CONSOLIDATION
LN-501596,CUST-102237,2025-05-17,4,118,False,False,18957.295000000016,90+,DEBT_CONSOLIDATION
LN-501597,CUST-102470,2025-05-17,0,0,False,False,287784.795,Current,DEBT_CONSOLIDATION
LN-501598,CUST-105825,2025-05-17,0,0,False,False,13410.1975,Current,DEBT_CONSOLIDATION
LN-501599,CUST-105586,2025-05-17,0,0,False,False,98066.75249999999,Current,DEBT_CONSOLIDATION
LN-501600,CUST-107767,2025-05-17,0,0,False,False,34081.88749999998,Current,DEBT_CONSOLIDATION
LN-501601,CUST-100964,2025-05-17,0,0,False,False,25930.43,Current,DEBT_CONSOLIDATION
LN-501602,CUST-100169,2025-05-17,0,0,False,False,7990.012499999999,Current,DEBT_CONSOLIDATION
LN-501603,CUST-103676,2025-05-17,0,0,False,False,129517.7225,Current,DEBT_CONSOLIDATION
LN-501604,CUST-101307,2025-05-17,0,0,False,False,18242.7225,Current,DEBT_CONSOLIDATION
LN-501605,CUST-105733,2025-05-17,0,0,False,False,16000.974999999999,Current,DEBT_CONSOLIDATION
LN-501606,CUST-101632,2025-05-17,0,0,False,False,41156.34499999998,Current,DEBT_CONSOLIDATION
LN-501607,CUST-102815,2025-05-17,0,0,False,False,57640.44750000003,Current,DEBT_CONSOLIDATION
LN-501608,CUST-104447,2025-05-17,0,0,False,False,162085.8899999998,Current,DEBT_CONSOLIDATION
LN-501611,CUST-102777,2025-05-17,0,0,False,False,23344.23999999998,Current,DEBT_CONSOLIDATION
LN-501612,CUST-101658,2025-05-17,0,0,False,False,13275.644999999995,Current,DEBT_CONSOLIDATION
LN-501613,CUST-104003,2025-05-17,0,0,False,False,10327.42,Current,DEBT_CONSOLIDATION
LN-501614,CUST-102562,2025-05-17,0,0,False,False,12583.420000000004,Current,DEBT_CONSOLIDATION
LN-501615,CUST-106205,2025-05-17,0,0,False,False,14905.182499999999,Current,DEBT_CONSOLIDATION
LN-501616,CUST-102999,2025-05-17,0,0,False,False,2983.245,Current,DEBT_CONSOLIDATION
LN-501617,CUST-103150,2025-05-17,0,0,False,False,313628.3949999999,Current,DEBT_CONSOLIDATION
LN-501618,CUST-107341,2025-05-17,0,0,False,False,7134.545000000002,Current,DEBT_CONSOLIDATION
LN-501619,CUST-107693,2025-05-17,0,0,False,False,48687.55250000003,Current,DEBT_CONSOLIDATION
LN-501620,CUST-100042,2025-05-17,0,0,False,False,26718.235,Current,DEBT_CONSOLIDATION
LN-501621,CUST-103901,2025-05-17,0,0,False,False,12764.36999999999,Current,DEBT_CONSOLIDATION
LN-501622,CUST-105369,2025-05-17,1,26,False,False,11596.664999999999,1-29,DEBT_CONSOLIDATION
LN-501623,CUST-107631,2025-05-17,0,0,False,False,137884.52000000002,Current,DEBT_CONSOLIDATION
LN-501624,CUST-103111,2025-05-17,0,0,False,False,36815.325000000004,Current,DEBT_CONSOLIDATION
LN-501625,CUST-105989,2025-05-17,0,0,False,False,3510.304999999999,Current,DEBT_CONSOLIDATION
LN-501626,CUST-100555,2025-05-17,0,0,False,False,39660.38499999996,Current,DEBT_CONSOLIDATION
LN-501627,CUST-100277,2025-05-17,0,0,False,False,10936.985,Current,DEBT_CONSOLIDATION
LN-501628,CUST-104035,2025-05-17,0,0,False,False,3990.3175,Current,DEBT_CONSOLIDATION
LN-501629,CUST-100302,2025-05-17,0,0,False,False,26918.170000000013,Current,DEBT_CONSOLIDATION
LN-501630,CUST-100118,2025-05-17,0,0,False,False,13808.169999999984,Current,DEBT_CONSOLIDATION
LN-501631,CUST-106390,2025-05-17,0,0,False,False,102369.76500000001,Current,DEBT_CONSOLIDATION
LN-501632,CUST-101968,2025-05-17,0,0,False,False,12814.6425,Current,DEBT_CONSOLIDATION
LN-501633,CUST-101927,2025-05-17,3,87,False,False,120864.01,60-89,DEBT_CONSOLIDATION
LN-501634,CUST-107670,2025-05-17,3,81,False,False,3527.0149999999994,60-89,DEBT_CONSOLIDATION
LN-501635,CUST-106768,2025-05-17,0,0,False,False,38822.88,Current,DEBT_CONSOLIDATION
LN-501636,CUST-106490,2025-05-17,0,0,False,False,39303.67750000002,Current,DEBT_CONSOLIDATION
LN-501637,CUST-104582,2025-05-17,0,0,False,False,34674.472499999996,Current,DEBT_CONSOLIDATION
LN-501638,CUST-100453,2025-05-17,0,0,False,False,2096.150000000002,Current,DEBT_CONSOLIDATION
LN-501639,CUST-104365,2025-05-17,0,0,False,False,4634.782499999997,Current,DEBT_CONSOLIDATION
LN-501640,CUST-100091,2025-05-17,0,0,False,False,28581.97000000002,Current,DEBT_CONSOLIDATION
LN-501641,CUST-106967,2025-05-17,0,0,False,False,1615.775000000001,Current,DEBT_CONSOLIDATION
LN-501642,CUST-105596,2025-05-17,0,0,False,False,51096.590000000004,Current,DEBT_CONSOLIDATION
LN-501643,CUST-103783,2025-05-17,0,0,False,False,2867.7899999999995,Current,DEBT_CONSOLIDATION
LN-501644,CUST-101895,2025-05-17,0,0,False,False,12389.949999999997,Current,DEBT_CONSOLIDATION
LN-501645,CUST-104387,2025-05-17,0,0,False,False,25484.879999999986,Current,DEBT_CONSOLIDATION
LN-501646,CUST-105376,2025-05-17,0,0,False,False,22851.91999999998,Current,DEBT_CONSOLIDATION
LN-501647,CUST-103466,2025-05-17,0,0,False,False,26443.55500000001,Current,DEBT_CONSOLIDATION
LN-501648,CUST-106350,2025-05-17,0,0,False,False,41962.55000000001,Current,DEBT_CONSOLIDATION
LN-501649,CUST-106318,2025-05-17,0,0,False,False,20761.765000000003,Current,DEBT_CONSOLIDATION
LN-501650,CUST-102156,2025-05-17,0,0,False,False,21822.329999999994,Current,DEBT_CONSOLIDATION
LN-501651,CUST-103898,2025-05-17,0,0,False,False,28790.13,Current,DEBT_CONSOLIDATION
LN-501652,CUST-100056,2025-05-17,0,0,False,False,16172.24,Current,DEBT_CONSOLIDATION
LN-501653,CUST-102691,2025-05-17,0,0,False,False,20401.077499999992,Current,DEBT_CONSOLIDATION
LN-501654,CUST-100821,2025-05-17,0,0,False,False,20679.61,Current,DEBT_CONSOLIDATION
LN-501655,CUST-106037,2025-05-17,0,0,False,False,7437.824999999999,Current,DEBT_CONSOLIDATION
LN-501656,CUST-102336,2025-05-17,0,0,False,False,24008.922499999997,Current,DEBT_CONSOLIDATION
LN-501657,CUST-102068,2025-05-17,0,0,False,False,22750.905000000002,Current,DEBT_CONSOLIDATION
LN-501658,CUST-101206,2025-05-17,0,0,False,False,19695.699999999986,Current,DEBT_CONSOLIDATION
LN-501659,CUST-107921,2025-05-17,0,0,False,False,78928.48499999994,Current,DEBT_CONSOLIDATION
LN-501660,CUST-102403,2025-05-17,0,0,False,False,21220.939999999995,Current,DEBT_CONSOLIDATION
LN-501661,CUST-107273,2025-05-17,0,0,False,False,12843.385,Current,DEBT_CONSOLIDATION
LN-501662,CUST-107844,2025-05-17,0,0,False,False,11427.894999999997,Current,DEBT_CONSOLIDATION
LN-501663,CUST-106455,2025-05-17,0,0,False,False,591435.6600000008,Current,DEBT_CONSOLIDATION
LN-501665,CUST-104978,2025-05-17,1,29,False,False,21145.065000000006,1-29,DEBT_CONSOLIDATION
LN-501666,CUST-104316,2025-05-17,0,0,False,False,127650.28,Current,DEBT_CONSOLIDATION
LN-501667,CUST-100420,2025-05-17,0,0,False,False,7309.51,Current,DEBT_CONSOLIDATION
LN-501668,CUST-106915,2025-05-17,0,0,False,False,51002.560000000005,Current,DEBT_CONSOLIDATION
LN-501669,CUST-104526,2025-05-17,0,0,False,False,552158.9850000001,Current,DEBT_CONSOLIDATION
LN-501670,CUST-104537,2025-05-17,0,0,True,False,582060.9625000001,Current,DEBT_CONSOLIDATION
LN-501671,CUST-103893,2025-05-17,1,11,True,False,132775.38000000003,1-29,DEBT_CONSOLIDATION
LN-501672,CUST-105963,2025-05-17,0,0,False,False,18216.31749999998,Current,DEBT_CONSOLIDATION
LN-501673,CUST-106790,2025-05-17,0,0,False,False,41692.39000000001,Current,DEBT_CONSOLIDATION
LN-501675,CUST-104736,2025-05-17,0,0,False,False,10678.58,Current,DEBT_CONSOLIDATION
LN-501676,CUST-106749,2025-05-17,0,0,False,False,16871.944999999996,Current,DEBT_CONSOLIDATION
LN-501677,CUST-101148,2025-05-17,0,0,False,False,6127.495000000002,Current,DEBT_CONSOLIDATION
LN-501678,CUST-102773,2025-05-17,0,0,False,False,18532.3925,Current,DEBT_CONSOLIDATION
LN-501679,CUST-107879,2025-05-17,0,0,False,False,36991.305,Current,DEBT_CONSOLIDATION
LN-501680,CUST-103458,2025-05-17,0,0,False,False,41018.61,Current,DEBT_CONSOLIDATION
LN-501681,CUST-105348,2025-05-17,0,0,False,False,107466.35999999999,Current,DEBT_CONSOLIDATION
LN-501682,CUST-106466,2025-05-17,0,0,False,False,10081.44,Current,DEBT_CONSOLIDATION
LN-501683,CUST-106191,2025-05-17,0,0,False,False,8607.849999999999,Current,DEBT_CONSOLIDATION
LN-501684,CUST-105560,2025-05-17,0,0,False,False,14973.340000000015,Current,DEBT_CONSOLIDATION
LN-501685,CUST-102421,2025-05-17,0,0,False,False,50310.130000000005,Current,DEBT_CONSOLIDATION
LN-501686,CUST-107598,2025-05-17,0,0,False,False,24955.1975,Current,DEBT_CONSOLIDATION
LN-501688,CUST-101375,2025-05-17,0,0,False,False,13552.560000000001,Current,DEBT_CONSOLIDATION
LN-501689,CUST-100837,2025-05-17,0,0,False,False,46342.285,Current,DEBT_CONSOLIDATION
LN-501690,CUST-100404,2025-05-17,0,0,False,False,37595.2075,Current,DEBT_CONSOLIDATION
LN-501691,CUST-100835,2025-05-17,0,0,False,False,13042.779999999999,Current,DEBT_CONSOLIDATION
LN-501692,CUST-101855,2025-05-17,0,0,False,False,85302.87999999998,Current,DEBT_CONSOLIDATION
LN-501693,CUST-107641,2025-05-17,0,0,False,False,6696.060000000005,Current,DEBT_CONSOLIDATION
LN-501694,CUST-106852,2025-05-17,0,0,True,False,1455.2799999999995,Current,DEBT_CONSOLIDATION
LN-501695,CUST-100156,2025-05-17,0,0,False,False,34339.37,Current,DEBT_CONSOLIDATION
LN-501696,CUST-100563,2025-05-17,0,0,False,False,222539.355,Current,DEBT_CONSOLIDATION
LN-501697,CUST-104754,2025-05-17,0,0,False,False,82181.13749999998,Current,DEBT_CONSOLIDATION
LN-501698,CUST-107334,2025-05-17,0,0,False,False,8775.552499999987,Current,DEBT_CONSOLIDATION
LN-501699,CUST-100753,2025-05-17,0,0,False,False,29415.5175,Current,DEBT_CONSOLIDATION
LN-501700,CUST-104209,2025-05-17,0,0,False,False,15479.032500000012,Current,DEBT_CONSOLIDATION
LN-501701,CUST-104772,2025-05-17,4,101,False,False,8809.669999999996,90+,DEBT_CONSOLIDATION
LN-501702,CUST-104124,2025-05-17,0,0,False,False,137619.2874999998,Current,DEBT_CONSOLIDATION
LN-501703,CUST-107640,2025-05-17,0,0,False,False,16731.685,Current,DEBT_CONSOLIDATION
LN-501704,CUST-100220,2025-05-17,0,0,False,False,12933.314999999999,Current,DEBT_CONSOLIDATION
LN-501705,CUST-101350,2025-05-17,0,0,False,False,109544.91999999997,Current,DEBT_CONSOLIDATION
LN-501706,CUST-101692,2025-05-17,0,0,False,False,10580.585000000005,Current,DEBT_CONSOLIDATION
LN-501707,CUST-100630,2025-05-17,0,0,False,False,5187.304999999999,Current,DEBT_CONSOLIDATION
LN-501708,CUST-100588,2025-05-17,0,0,False,False,15254.534999999996,Current,DEBT_CONSOLIDATION
LN-501709,CUST-105509,2025-05-17,0,0,False,False,23898.657500000005,Current,DEBT_CONSOLIDATION
LN-501710,CUST-101295,2025-05-17,0,0,False,False,44828.167499999996,Current,DEBT_CONSOLIDATION
LN-501711,CUST-104940,2025-05-17,0,0,False,False,3492.31,Current,DEBT_CONSOLIDATION
LN-501712,CUST-101735,2025-05-17,0,0,False,False,28649.76500000002,Current,DEBT_CONSOLIDATION
LN-501713,CUST-102126,2025-05-17,0,0,False,False,10503.919999999995,Current,DEBT_CONSOLIDATION
LN-501714,CUST-104015,2025-05-17,4,116,False,False,35433.807499999995,90+,DEBT_CONSOLIDATION
LN-501715,CUST-103517,2025-05-17,0,0,False,False,2722.7150000000015,Current,DEBT_CONSOLIDATION
LN-501716,CUST-102560,2025-05-17,0,0,False,False,144867.645,Current,DEBT_CONSOLIDATION
LN-501717,CUST-103819,2025-05-17,0,0,False,False,13230.480000000007,Current,DEBT_CONSOLIDATION
LN-501718,CUST-105164,2025-05-17,0,0,False,False,507413.2250000001,Current,DEBT_CONSOLIDATION
LN-501719,CUST-105415,2025-05-17,2,39,False,False,11595.81,30-59,DEBT_CONSOLIDATION
LN-501720,CUST-106959,2025-05-17,0,0,False,False,19449.600000000002,Current,DEBT_CONSOLIDATION
LN-501721,CUST-106448,2025-05-17,0,0,False,False,3872.472499999998,Current,DEBT_CONSOLIDATION
LN-501722,CUST-106453,2025-05-17,0,0,False,False,22942.769999999997,Current,DEBT_CONSOLIDATION
LN-501723,CUST-103565,2025-05-17,0,0,False,False,17182.91500000001,Current,DEBT_CONSOLIDATION
LN-501724,CUST-105504,2025-05-17,1,1,False,False,19749.93999999999,1-29,DEBT_CONSOLIDATION
LN-501725,CUST-105101,2025-05-17,0,0,False,False,16596.02,Current,DEBT_CONSOLIDATION
LN-501726,CUST-100868,2025-05-17,0,0,False,False,39313.65,Current,DEBT_CONSOLIDATION
LN-501727,CUST-102226,2025-05-17,4,118,False,False,8238.155,90+,DEBT_CONSOLIDATION
LN-501728,CUST-104286,2025-05-17,2,51,False,False,12223.879999999997,30-59,DEBT_CONSOLIDATION
LN-501729,CUST-103313,2025-05-17,0,0,False,False,6358.709999999999,Current,DEBT_CONSOLIDATION
LN-501730,CUST-104652,2025-05-17,0,0,False,False,14681.337500000001,Current,DEBT_CONSOLIDATION
LN-501731,CUST-100877,2025-05-17,0,0,False,False,16755.95999999999,Current,DEBT_CONSOLIDATION
LN-501732,CUST-104390,2025-05-17,0,0,False,False,24065.110000000004,Current,DEBT_CONSOLIDATION
LN-501733,CUST-105756,2025-05-17,0,0,False,False,350582.1450000001,Current,DEBT_CONSOLIDATION
LN-501734,CUST-104786,2025-05-17,0,0,False,False,20187.39500000001,Current,DEBT_CONSOLIDATION
LN-501735,CUST-107090,2025-05-17,0,0,False,False,10647.365000000002,Current,DEBT_CONSOLIDATION
LN-501736,CUST-107111,2025-05-17,0,0,False,False,16615.204999999984,Current,DEBT_CONSOLIDATION
LN-501737,CUST-104312,2025-05-17,0,0,False,False,10154.004999999996,Current,DEBT_CONSOLIDATION
LN-501738,CUST-106240,2025-05-17,0,0,False,False,20950.77,Current,DEBT_CONSOLIDATION
LN-501739,CUST-104955,2025-05-17,0,0,False,False,28045.932500000006,Current,DEBT_CONSOLIDATION
LN-501740,CUST-104643,2025-05-17,0,0,False,False,24964.2375,Current,DEBT_CONSOLIDATION
LN-501741,CUST-106074,2025-05-17,0,0,False,False,23971.507500000003,Current,DEBT_CONSOLIDATION
LN-501743,CUST-100346,2025-05-17,0,0,False,False,2797.6199999999994,Current,DEBT_CONSOLIDATION
LN-501744,CUST-105595,2025-05-17,0,0,False,False,9625.16000000001,Current,DEBT_CONSOLIDATION
LN-501745,CUST-101178,2025-05-17,1,30,False,False,46052.47,1-29,DEBT_CONSOLIDATION
LN-501746,CUST-101812,2025-05-17,0,0,False,False,143563.53749999998,Current,DEBT_CONSOLIDATION
LN-501747,CUST-104020,2025-05-17,1,24,False,False,35802.814999999995,1-29,DEBT_CONSOLIDATION
LN-501748,CUST-100600,2025-05-17,0,0,False,False,31719.865,Current,DEBT_CONSOLIDATION
LN-501749,CUST-105085,2025-05-17,0,0,True,False,10005.832500000002,Current,DEBT_CONSOLIDATION
LN-501751,CUST-100476,2025-05-17,0,0,False,False,12007.737499999997,Current,DEBT_CONSOLIDATION
LN-501752,CUST-106470,2025-05-17,0,0,False,False,41395.71,Current,DEBT_CONSOLIDATION
LN-501754,CUST-100467,2025-05-17,0,0,False,False,10028.624999999996,Current,DEBT_CONSOLIDATION
LN-501755,CUST-107127,2025-05-17,2,50,False,False,17177.857499999995,30-59,DEBT_CONSOLIDATION
LN-501756,CUST-103664,2025-05-17,0,0,False,False,47280.24,Current,DEBT_CONSOLIDATION
LN-501757,CUST-106446,2025-05-17,0,0,False,False,20617.159999999985,Current,DEBT_CONSOLIDATION
LN-501759,CUST-105026,2025-05-17,0,0,False,False,50877.229999999996,Current,DEBT_CONSOLIDATION
LN-501760,CUST-107092,2025-05-17,0,0,False,False,26463.159999999978,Current,DEBT_CONSOLIDATION
LN-501761,CUST-104180,2025-05-17,0,0,False,False,47891.1,Current,DEBT_CONSOLIDATION
LN-501762,CUST-104203,2025-05-17,0,0,False,False,35157.83000000002,Current,DEBT_CONSOLIDATION
LN-501763,CUST-103521,2025-05-17,0,0,False,False,22450.39250000001,Current,DEBT_CONSOLIDATION
LN-501764,CUST-100184,2025-05-17,0,0,False,False,8759.424999999996,Current,DEBT_CONSOLIDATION
LN-501765,CUST-106192,2025-05-17,0,0,False,False,6930.8700000000035,Current,DEBT_CONSOLIDATION
LN-501766,CUST-102665,2025-05-17,0,0,False,False,45946.225000000006,Current,DEBT_CONSOLIDATION
LN-501767,CUST-104091,2025-05-17,0,0,False,False,5950.395000000002,Current,DEBT_CONSOLIDATION
LN-501768,CUST-101338,2025-05-17,0,0,False,False,22395.049999999977,Current,DEBT_CONSOLIDATION
LN-501769,CUST-102962,2025-05-17,0,0,False,False,18735.682500000014,Current,DEBT_CONSOLIDATION
LN-501770,CUST-107707,2025-05-17,0,0,False,False,20064.71,Current,DEBT_CONSOLIDATION
LN-501771,CUST-101826,2025-05-17,0,0,False,False,27348.330000000016,Current,DEBT_CONSOLIDATION
LN-501772,CUST-101171,2025-05-17,4,224,False,False,28115.385,90+,DEBT_CONSOLIDATION
LN-501773,CUST-101355,2025-05-17,0,0,False,False,38863.57500000004,Current,DEBT_CONSOLIDATION
LN-501774,CUST-100787,2025-05-17,0,0,False,False,85244.37000000007,Current,DEBT_CONSOLIDATION
LN-501775,CUST-103957,2025-05-17,0,0,False,False,18391.5975,Current,DEBT_CONSOLIDATION
LN-501776,CUST-104377,2025-05-17,0,0,False,False,32259.63,Current,DEBT_CONSOLIDATION
LN-501777,CUST-103831,2025-05-17,0,0,False,False,35284.14000000001,Current,DEBT_CONSOLIDATION
LN-501778,CUST-107889,2025-05-17,0,0,False,False,1619.6225000000004,Current,DEBT_CONSOLIDATION
LN-501779,CUST-102126,2025-05-17,0,0,False,False,12362.684999999998,Current,DEBT_CONSOLIDATION
LN-501780,CUST-105927,2025-05-17,0,0,False,False,4882.619999999994,Current,DEBT_CONSOLIDATION
LN-501781,CUST-106277,2025-05-17,0,0,False,False,3483.8649999999993,Current,DEBT_CONSOLIDATION
LN-501783,CUST-107299,2025-05-17,0,0,False,False,41921.990000000005,Current,DEBT_CONSOLIDATION
LN-501784,CUST-101924,2025-05-17,2,44,False,False,20022.0825,30-59,DEBT_CONSOLIDATION
LN-501785,CUST-104509,2025-05-17,0,0,False,False,139316.35000000006,Current,DEBT_CONSOLIDATION
LN-501786,CUST-107694,2025-05-17,0,0,False,False,12205.030000000004,Current,DEBT_CONSOLIDATION
LN-501787,CUST-104897,2025-05-17,0,0,False,False,2191.2400000000002,Current,DEBT_CONSOLIDATION
LN-501789,CUST-107801,2025-05-17,0,0,False,False,584980.49,Current,DEBT_CONSOLIDATION
LN-501790,CUST-100529,2025-05-17,0,0,False,False,420142.18999999994,Current,DEBT_CONSOLIDATION
LN-501791,CUST-102335,2025-05-17,0,0,False,False,490467.5849999997,Current,DEBT_CONSOLIDATION
LN-501792,CUST-106356,2025-05-17,0,0,False,False,2723.9974999999977,Current,DEBT_CONSOLIDATION
LN-501793,CUST-105068,2025-05-17,0,0,False,False,10457.102500000005,Current,DEBT_CONSOLIDATION
LN-501794,CUST-101874,2025-05-17,0,0,False,False,18455.465,Current,DEBT_CONSOLIDATION
LN-501795,CUST-105738,2025-05-17,0,0,False,False,16177.100000000019,Current,DEBT_CONSOLIDATION
LN-501796,CUST-104839,2025-05-17,0,0,False,False,43578.04,Current,DEBT_CONSOLIDATION
LN-501797,CUST-102945,2025-05-17,0,0,False,False,20871.780000000002,Current,DEBT_CONSOLIDATION
LN-501798,CUST-103579,2025-05-17,0,0,False,False,35413.53000000001,Current,DEBT_CONSOLIDATION
LN-501799,CUST-103754,2025-05-17,0,0,False,False,65709.88499999997,Current,DEBT_CONSOLIDATION
LN-501800,CUST-104417,2025-05-17,0,0,False,False,70051.36750000004,Current,DEBT_CONSOLIDATION
LN-501801,CUST-105224,2025-05-17,0,0,False,False,20941.589999999997,Current,DEBT_CONSOLIDATION
LN-501802,CUST-103218,2025-05-17,0,0,False,False,5273.462499999999,Current,DEBT_CONSOLIDATION
LN-501804,CUST-103749,2025-05-17,0,0,False,False,41375.61999999999,Current,DEBT_CONSOLIDATION
LN-501805,CUST-103427,2025-05-17,0,0,False,False,27799.027500000015,Current,DEBT_CONSOLIDATION
LN-501806,CUST-100870,2025-05-17,0,0,False,False,53626.527500000004,Current,DEBT_CONSOLIDATION
LN-501807,CUST-100815,2025-05-17,0,0,False,False,35878.96000000002,Current,DEBT_CONSOLIDATION
LN-501808,CUST-106734,2025-05-17,0,0,False,False,26307.872500000016,Current,DEBT_CONSOLIDATION
LN-501809,CUST-101746,2025-05-17,0,0,False,False,19283.860000000004,Current,DEBT_CONSOLIDATION
LN-501810,CUST-100943,2025-05-17,0,0,False,False,88874.30249999995,Current,DEBT_CONSOLIDATION
LN-501811,CUST-100455,2025-05-17,0,0,False,False,362754.9525,Current,DEBT_CONSOLIDATION
LN-501812,CUST-103079,2025-05-17,0,0,False,False,16341.129999999994,Current,DEBT_CONSOLIDATION
LN-501813,CUST-101365,2025-05-17,0,0,False,False,576.3300000000004,Current,DEBT_CONSOLIDATION
LN-501814,CUST-100484,2025-05-17,0,0,False,False,19988.349999999984,Current,DEBT_CONSOLIDATION
LN-501815,CUST-105819,2025-05-17,0,0,False,False,19373.7025,Current,DEBT_CONSOLIDATION
LN-501816,CUST-104138,2025-05-17,0,0,False,False,35025.902500000004,Current,DEBT_CONSOLIDATION
LN-501817,CUST-107399,2025-05-17,0,0,False,False,129158.28,Current,DEBT_CONSOLIDATION
LN-501818,CUST-100803,2025-05-17,0,0,False,False,72292.72,Current,DEBT_CONSOLIDATION
LN-501819,CUST-104716,2025-05-17,0,0,False,False,18684.022500000003,Current,DEBT_CONSOLIDATION
LN-501820,CUST-101534,2025-05-17,0,0,False,False,11250.150000000005,Current,DEBT_CONSOLIDATION
LN-501821,CUST-101803,2025-05-17,0,0,False,False,29690.56500000001,Current,DEBT_CONSOLIDATION
LN-501822,CUST-105486,2025-05-17,0,0,False,False,8817.985000000002,Current,DEBT_CONSOLIDATION
LN-501823,CUST-107364,2025-05-17,0,0,False,False,15923.242500000004,Current,DEBT_CONSOLIDATION
LN-501824,CUST-107739,2025-05-17,0,0,False,False,9624.580000000013,Current,DEBT_CONSOLIDATION
LN-501825,CUST-100588,2025-05-17,0,0,False,False,2803.455,Current,DEBT_CONSOLIDATION
LN-501826,CUST-107847,2025-05-17,0,0,False,False,21600.60749999999,Current,DEBT_CONSOLIDATION
LN-501827,CUST-101822,2025-05-17,0,0,False,False,14803.540000000006,Current,DEBT_CONSOLIDATION
LN-501828,CUST-107049,2025-05-17,0,0,True,False,8380.630000000005,Current,DEBT_CONSOLIDATION
LN-501829,CUST-100966,2025-05-17,0,0,False,False,38568.94000000001,Current,DEBT_CONSOLIDATION
LN-501830,CUST-105171,2025-05-17,1,7,False,False,23921.57500000002,1-29,DEBT_CONSOLIDATION
LN-501831,CUST-103309,2025-05-17,0,0,False,False,2206.2750000000024,Current,DEBT_CONSOLIDATION
LN-501832,CUST-106966,2025-05-17,0,0,False,False,5881.390000000003,Current,DEBT_CONSOLIDATION
LN-501833,CUST-100697,2025-05-17,0,0,False,False,42093.66999999998,Current,DEBT_CONSOLIDATION
LN-501834,CUST-101415,2025-05-17,0,0,False,False,25408.974999999995,Current,DEBT_CONSOLIDATION
LN-501835,CUST-107759,2025-05-17,0,0,False,False,3006.09,Current,DEBT_CONSOLIDATION
LN-501836,CUST-107497,2025-05-17,0,0,False,False,49654.892499999994,Current,DEBT_CONSOLIDATION
LN-501837,CUST-101180,2025-05-17,0,0,False,False,17308.31000000001,Current,DEBT_CONSOLIDATION
LN-501838,CUST-104354,2025-05-17,1,26,False,False,155151.8225,1-29,DEBT_CONSOLIDATION
LN-501839,CUST-107895,2025-05-17,0,0,False,False,23861.62,Current,DEBT_CONSOLIDATION
LN-501840,CUST-104689,2025-05-17,0,0,False,False,32383.2,Current,DEBT_CONSOLIDATION
LN-501841,CUST-104738,2025-05-17,0,0,False,False,77261.06499999996,Current,DEBT_CONSOLIDATION
LN-501842,CUST-104788,2025-05-17,0,0,False,False,36598.71999999999,Current,DEBT_CONSOLIDATION
LN-501843,CUST-106317,2025-05-17,0,0,False,False,22763.39750000001,Current,DEBT_CONSOLIDATION
LN-501844,CUST-107387,2025-05-17,0,0,False,False,16950.890000000003,Current,DEBT_CONSOLIDATION
LN-501845,CUST-100823,2025-05-17,0,0,False,False,17924.06,Current,DEBT_CONSOLIDATION
LN-501846,CUST-105002,2025-05-17,0,0,False,False,280502.16500000004,Current,DEBT_CONSOLIDATION
LN-501847,CUST-105058,2025-05-17,1,6,False,False,8538.96,1-29,DEBT_CONSOLIDATION
LN-501848,CUST-102088,2025-05-17,0,0,False,False,14711.114999999996,Current,DEBT_CONSOLIDATION
LN-501849,CUST-106929,2025-05-17,0,0,False,False,21081.44,Current,DEBT_CONSOLIDATION
LN-501851,CUST-106547,2025-05-17,0,0,False,False,11101.4025,Current,DEBT_CONSOLIDATION
LN-501852,CUST-102378,2025-05-17,1,13,False,False,21978.080000000013,1-29,DEBT_CONSOLIDATION
LN-501853,CUST-107239,2025-05-17,0,0,False,False,85983.94749999994,Current,DEBT_CONSOLIDATION
LN-501854,CUST-101183,2025-05-17,0,0,False,False,10039.085000000001,Current,DEBT_CONSOLIDATION
LN-501855,CUST-105505,2025-05-17,0,0,False,False,27738.59,Current,DEBT_CONSOLIDATION
LN-501856,CUST-101468,2025-05-17,0,0,False,False,27838.024999999998,Current,DEBT_CONSOLIDATION
LN-501857,CUST-106526,2025-05-17,0,0,False,False,14314.70500000001,Current,DEBT_CONSOLIDATION
LN-501858,CUST-104165,2025-05-17,0,0,False,False,18055.600000000002,Current,DEBT_CONSOLIDATION
LN-501859,CUST-100062,2025-05-17,0,0,False,False,38103.50999999998,Current,DEBT_CONSOLIDATION
LN-501860,CUST-101896,2025-05-17,0,0,False,False,20749.1275,Current,DEBT_CONSOLIDATION
LN-501861,CUST-101570,2025-05-17,0,0,False,False,39223.707500000004,Current,DEBT_CONSOLIDATION
LN-501862,CUST-106877,2025-05-17,0,0,False,False,16610.2,Current,DEBT_CONSOLIDATION
LN-501863,CUST-101899,2025-05-17,0,0,False,False,19178.555000000004,Current,DEBT_CONSOLIDATION
LN-501864,CUST-103481,2025-05-17,0,0,False,False,5960.095000000001,Current,DEBT_CONSOLIDATION
LN-501865,CUST-106563,2025-05-17,0,0,False,False,24921.64,Current,DEBT_CONSOLIDATION
LN-501866,CUST-100350,2025-05-17,0,0,False,False,109390.12999999999,Current,DEBT_CONSOLIDATION
LN-501867,CUST-107260,2025-05-17,0,0,False,False,23561.67,Current,DEBT_CONSOLIDATION
LN-501868,CUST-104393,2025-05-17,0,0,False,False,28015.537499999995,Current,DEBT_CONSOLIDATION
LN-501869,CUST-100950,2025-05-17,3,83,False,False,14151.515000000007,60-89,DEBT_CONSOLIDATION
LN-501870,CUST-100899,2025-05-17,0,0,False,False,15934.677499999998,Current,DEBT_CONSOLIDATION
LN-501871,CUST-101486,2025-05-17,0,0,False,False,28362.297499999997,Current,DEBT_CONSOLIDATION
LN-501872,CUST-105335,2025-05-17,0,0,False,False,31581.124999999993,Current,DEBT_CONSOLIDATION
LN-501873,CUST-104297,2025-05-17,4,104,False,False,138157.96999999997,90+,DEBT_CONSOLIDATION
LN-501874,CUST-103231,2025-05-17,0,0,False,False,7359.67,Current,DEBT_CONSOLIDATION
LN-501875,CUST-105225,2025-05-17,0,0,False,False,20322.495000000003,Current,DEBT_CONSOLIDATION
LN-501876,CUST-101201,2025-05-17,0,0,False,False,12723.630000000001,Current,DEBT_CONSOLIDATION
LN-501877,CUST-102416,2025-05-17,0,0,False,False,13351.760000000002,Current,DEBT_CONSOLIDATION
LN-501878,CUST-102188,2025-05-17,0,0,False,False,22628.039999999983,Current,DEBT_CONSOLIDATION
LN-501880,CUST-102145,2025-05-17,0,0,False,False,18169.550000000003,Current,DEBT_CONSOLIDATION
LN-501881,CUST-104091,2025-05-17,0,0,False,False,12924.46,Current,DEBT_CONSOLIDATION
LN-501882,CUST-101913,2025-05-17,0,0,False,False,33779.24000000003,Current,DEBT_CONSOLIDATION
LN-501884,CUST-102877,2025-05-17,0,0,False,False,2770.109999999999,Current,DEBT_CONSOLIDATION
LN-501885,CUST-103294,2025-05-17,0,0,False,False,38944.87249999997,Current,DEBT_CONSOLIDATION
LN-501887,CUST-104668,2025-05-17,0,0,False,False,346971.81999999995,Current,DEBT_CONSOLIDATION
LN-501888,CUST-103041,2025-05-17,0,0,False,False,5273.370000000002,Current,DEBT_CONSOLIDATION
LN-501889,CUST-100920,2025-05-17,0,0,False,False,467155.83,Current,DEBT_CONSOLIDATION
LN-501890,CUST-100355,2025-05-17,0,0,False,False,24197.295000000002,Current,DEBT_CONSOLIDATION
LN-501891,CUST-106695,2025-05-17,0,0,False,False,14174.937499999998,Current,DEBT_CONSOLIDATION
LN-501894,CUST-106784,2025-05-17,0,0,False,False,45634.219999999994,Current,DEBT_CONSOLIDATION
LN-501895,CUST-101494,2025-05-17,0,0,False,False,508.8325,Current,DEBT_CONSOLIDATION
LN-501896,CUST-103220,2025-05-17,0,0,False,False,43048.88499999998,Current,DEBT_CONSOLIDATION
LN-501897,CUST-101367,2025-05-17,0,0,False,False,2796.3750000000005,Current,DEBT_CONSOLIDATION
LN-501898,CUST-100622,2025-05-17,0,0,True,False,16045.98,Current,DEBT_CONSOLIDATION
LN-501899,CUST-100684,2025-05-17,0,0,False,False,33253.63,Current,DEBT_CONSOLIDATION
LN-501900,CUST-107146,2025-05-17,0,0,False,False,8263.990000000003,Current,DEBT_CONSOLIDATION
LN-501901,CUST-104927,2025-05-17,0,0,False,False,1785.8200000000006,Current,DEBT_CONSOLIDATION
LN-501902,CUST-103188,2025-05-17,0,0,False,False,17494.667499999996,Current,DEBT_CONSOLIDATION
LN-501903,CUST-101066,2025-05-17,0,0,False,False,15488.625000000002,Current,DEBT_CONSOLIDATION
LN-501904,CUST-104801,2025-05-17,0,0,False,False,25944.39499999999,Current,DEBT_CONSOLIDATION
LN-501905,CUST-103933,2025-05-17,0,0,False,False,38007.33499999999,Current,DEBT_CONSOLIDATION
LN-501906,CUST-104412,2025-05-17,0,0,False,False,32682.962499999976,Current,DEBT_CONSOLIDATION
LN-501907,CUST-101669,2025-05-17,0,0,False,False,43095.70749999998,Current,DEBT_CONSOLIDATION
LN-501908,CUST-101107,2025-05-17,1,2,False,False,17034.450000000004,1-29,DEBT_CONSOLIDATION
LN-501909,CUST-105362,2025-05-17,0,0,False,False,400.88999999999976,Current,DEBT_CONSOLIDATION
LN-501911,CUST-103421,2025-05-17,0,0,False,False,19479.237500000007,Current,DEBT_CONSOLIDATION
LN-501912,CUST-100141,2025-05-17,0,0,False,False,9481.050000000001,Current,DEBT_CONSOLIDATION
LN-501914,CUST-107527,2025-05-17,0,0,False,False,23391.7,Current,DEBT_CONSOLIDATION
LN-501915,CUST-101871,2025-05-17,0,0,False,False,5806.254999999999,Current,DEBT_CONSOLIDATION
LN-501916,CUST-106132,2025-05-17,0,0,False,False,38400.37749999998,Current,DEBT_CONSOLIDATION
LN-501917,CUST-104836,2025-05-17,0,0,False,False,16611.120000000006,Current,DEBT_CONSOLIDATION
LN-501918,CUST-107299,2025-05-17,0,0,False,False,21207.46,Current,DEBT_CONSOLIDATION
LN-501919,CUST-104463,2025-05-17,0,0,False,False,66023.54499999997,Current,DEBT_CONSOLIDATION
LN-501920,CUST-107408,2025-05-17,0,0,False,False,13641.22,Current,DEBT_CONSOLIDATION
LN-501921,CUST-100245,2025-05-17,0,0,False,False,18486.72,Current,DEBT_CONSOLIDATION
LN-501922,CUST-103449,2025-05-17,0,0,False,False,8110.270000000001,Current,DEBT_CONSOLIDATION
LN-501923,CUST-106816,2025-05-17,0,0,False,False,3907.23,Current,DEBT_CONSOLIDATION
LN-501924,CUST-105113,2025-05-17,0,0,False,False,35006.98500000001,Current,DEBT_CONSOLIDATION
LN-501925,CUST-107893,2025-05-17,0,0,False,False,9508.340000000006,Current,DEBT_CONSOLIDATION
LN-501926,CUST-103083,2025-05-17,0,0,False,False,48091.78,Current,DEBT_CONSOLIDATION
LN-501927,CUST-100540,2025-05-17,0,0,False,False,38300.28500000005,Current,DEBT_CONSOLIDATION
LN-501928,CUST-107929,2025-05-17,0,0,False,False,18809.990000000013,Current,DEBT_CONSOLIDATION
LN-501929,CUST-103324,2025-05-17,0,0,False,False,17938.615,Current,DEBT_CONSOLIDATION
LN-501930,CUST-107562,2025-05-17,0,0,False,False,23491.190000000002,Current,DEBT_CONSOLIDATION
LN-501931,CUST-104184,2025-05-17,0,0,False,False,20113.659999999993,Current,DEBT_CONSOLIDATION
LN-501932,CUST-107974,2025-05-17,0,0,False,False,5832.799999999999,Current,DEBT_CONSOLIDATION
LN-501933,CUST-106010,2025-05-17,0,0,False,False,10632.269999999999,Current,DEBT_CONSOLIDATION
LN-501934,CUST-101387,2025-05-17,0,0,False,False,11108.189999999995,Current,DEBT_CONSOLIDATION
LN-501935,CUST-103506,2025-05-17,0,0,False,False,44589.03,Current,DEBT_CONSOLIDATION
LN-501936,CUST-106516,2025-05-17,1,16,False,False,21026.46999999999,1-29,DEBT_CONSOLIDATION
LN-501937,CUST-106451,2025-05-17,0,0,False,False,12435.52749999999,Current,DEBT_CONSOLIDATION
LN-501938,CUST-106138,2025-05-17,0,0,False,False,6860.852500000003,Current,DEBT_CONSOLIDATION
LN-501939,CUST-100190,2025-05-17,0,0,False,False,33045.58,Current,DEBT_CONSOLIDATION
LN-501940,CUST-107677,2025-05-17,0,0,False,False,20353.215000000004,Current,DEBT_CONSOLIDATION
LN-501941,CUST-101368,2025-05-17,0,0,True,False,48951.09,Current,DEBT_CONSOLIDATION
LN-501942,CUST-105075,2025-05-17,0,0,False,False,23525.420000000002,Current,DEBT_CONSOLIDATION
LN-501943,CUST-106799,2025-05-17,0,0,False,False,9186.089999999998,Current,DEBT_CONSOLIDATION
LN-501944,CUST-104233,2025-05-17,0,0,False,False,16226.330000000022,Current,DEBT_CONSOLIDATION
LN-501945,CUST-105972,2025-05-17,0,0,False,False,28750.810000000005,Current,DEBT_CONSOLIDATION
LN-501946,CUST-101806,2025-05-17,0,0,False,False,13315.635000000004,Current,DEBT_CONSOLIDATION
LN-501948,CUST-107048,2025-05-17,0,0,False,False,79286.32,Current,DEBT_CONSOLIDATION
LN-501950,CUST-106388,2025-05-17,0,0,False,False,14902.904999999999,Current,DEBT_CONSOLIDATION
LN-501951,CUST-102194,2025-05-17,0,0,False,False,7379.549999999997,Current,DEBT_CONSOLIDATION
LN-501952,CUST-103808,2025-05-17,0,0,False,False,20437.38000000001,Current,DEBT_CONSOLIDATION
LN-501953,CUST-101432,2025-05-17,0,0,False,False,3646.66,Current,DEBT_CONSOLIDATION
LN-501954,CUST-101990,2025-05-17,0,0,False,False,2366.6974999999998,Current,DEBT_CONSOLIDATION
LN-501955,CUST-105888,2025-05-17,0,0,False,False,374802.8300000001,Current,DEBT_CONSOLIDATION
LN-501956,CUST-107994,2025-05-17,0,0,False,False,27038.712499999998,Current,DEBT_CONSOLIDATION
LN-501957,CUST-106085,2025-05-17,0,0,False,False,14221.08249999999,Current,DEBT_CONSOLIDATION
LN-501958,CUST-106611,2025-05-17,0,0,False,False,24767.02,Current,DEBT_CONSOLIDATION
LN-501959,CUST-107287,2025-05-17,0,0,False,False,8207.01,Current,DEBT_CONSOLIDATION
LN-501960,CUST-107700,2025-05-17,0,0,False,False,3049.52,Current,DEBT_CONSOLIDATION
LN-501961,CUST-100307,2025-05-17,0,0,False,False,45267.81250000001,Current,DEBT_CONSOLIDATION
LN-501962,CUST-107407,2025-05-17,0,0,False,False,828.9899999999999,Current,DEBT_CONSOLIDATION
LN-501963,CUST-103184,2025-05-17,0,0,False,False,42888.745,Current,DEBT_CONSOLIDATION
LN-501964,CUST-107158,2025-05-17,0,0,False,False,5238.995000000001,Current,DEBT_CONSOLIDATION
LN-501965,CUST-106255,2025-05-17,0,0,False,False,5267.750000000003,Current,DEBT_CONSOLIDATION
LN-501966,CUST-100973,2025-05-17,0,0,False,False,3878.1275000000014,Current,DEBT_CONSOLIDATION
LN-501967,CUST-104883,2025-05-17,0,0,False,False,5546.160000000001,Current,DEBT_CONSOLIDATION
LN-501968,CUST-102542,2025-05-17,0,0,False,False,191688.73499999984,Current,DEBT_CONSOLIDATION
LN-501969,CUST-105365,2025-05-17,0,0,False,False,474608.97,Current,DEBT_CONSOLIDATION
LN-501970,CUST-107000,2025-05-17,0,0,False,False,14258.634999999995,Current,DEBT_CONSOLIDATION
LN-501971,CUST-106227,2025-05-17,0,0,False,False,21478.14,Current,DEBT_CONSOLIDATION
LN-501972,CUST-103580,2025-05-17,2,46,True,False,17046.4675,30-59,DEBT_CONSOLIDATION
LN-501973,CUST-100366,2025-05-17,0,0,False,False,10274.8875,Current,DEBT_CONSOLIDATION
LN-501974,CUST-105161,2025-05-17,0,0,False,False,30141.554999999993,Current,DEBT_CONSOLIDATION
LN-501975,CUST-106723,2025-05-17,0,0,False,False,3459.039999999999,Current,DEBT_CONSOLIDATION
LN-501976,CUST-103764,2025-05-17,0,0,False,False,24369.262500000004,Current,DEBT_CONSOLIDATION
LN-501977,CUST-101929,2025-05-17,0,0,False,False,7196.679999999995,Current,DEBT_CONSOLIDATION
LN-501978,CUST-104473,2025-05-17,0,0,False,False,18369.030000000006,Current,DEBT_CONSOLIDATION
LN-501979,CUST-106647,2025-05-17,0,0,False,False,4382.989999999996,Current,DEBT_CONSOLIDATION
LN-501980,CUST-106556,2025-05-17,0,0,False,False,16443.522500000003,Current,DEBT_CONSOLIDATION
LN-501981,CUST-104565,2025-05-17,0,0,False,False,8850.089999999995,Current,DEBT_CONSOLIDATION
LN-501982,CUST-100007,2025-05-17,0,0,False,False,19428.285,Current,DEBT_CONSOLIDATION
LN-501983,CUST-102867,2025-05-17,0,0,False,False,15338.924999999988,Current,DEBT_CONSOLIDATION
LN-501984,CUST-106644,2025-05-17,0,0,False,False,8598.160000000002,Current,DEBT_CONSOLIDATION
LN-501985,CUST-101594,2025-05-17,0,0,False,False,10762.469999999996,Current,DEBT_CONSOLIDATION
LN-501986,CUST-101756,2025-05-17,0,0,False,False,19855.26,Current,DEBT_CONSOLIDATION
LN-501987,CUST-104279,2025-05-17,0,0,False,False,41184.33249999998,Current,DEBT_CONSOLIDATION
LN-501989,CUST-101331,2025-05-17,0,0,False,False,13208.925000000007,Current,DEBT_CONSOLIDATION
LN-501990,CUST-102315,2025-05-17,0,0,False,False,51220.100000000006,Current,DEBT_CONSOLIDATION
LN-501991,CUST-102133,2025-05-17,0,0,False,False,37319.45749999999,Current,DEBT_CONSOLIDATION
LN-501993,CUST-100881,2025-05-17,0,0,False,False,5328.430000000003,Current,DEBT_CONSOLIDATION
LN-501994,CUST-101029,2025-05-17,0,0,False,False,7643.010000000002,Current,DEBT_CONSOLIDATION
LN-501995,CUST-106975,2025-05-17,0,0,False,False,126176.30000000002,Current,DEBT_CONSOLIDATION
LN-501996,CUST-105773,2025-05-17,0,0,False,False,25234.10499999999,Current,DEBT_CONSOLIDATION
LN-501997,CUST-107470,2025-05-17,0,0,False,False,538.6699999999996,Current,DEBT_CONSOLIDATION
LN-501998,CUST-101249,2025-05-17,0,0,False,False,15268.064999999995,Current,DEBT_CONSOLIDATION
LN-501999,CUST-101490,2025-05-17,0,0,False,False,12026.95,Current,DEBT_CONSOLIDATION
LN-502000,CUST-102009,2025-05-17,0,0,False,False,17391.422500000004,Current,DEBT_CONSOLIDATION
LN-502001,CUST-106713,2025-05-17,1,16,False,False,2048.235,1-29,DEBT_CONSOLIDATION
LN-502002,CUST-106437,2025-05-17,0,0,False,False,43000.0975,Current,DEBT_CONSOLIDATION
LN-502003,CUST-100202,2025-05-17,0,0,False,False,24001.874999999996,Current,DEBT_CONSOLIDATION
LN-502004,CUST-106179,2025-05-17,0,0,False,False,50473.52,Current,DEBT_CONSOLIDATION
LN-502005,CUST-106271,2025-05-17,0,0,False,False,6078.652500000004,Current,DEBT_CONSOLIDATION
LN-502006,CUST-104459,2025-05-17,0,0,False,False,3289.2024999999994,Current,DEBT_CONSOLIDATION
LN-502008,CUST-100486,2025-05-17,0,0,False,False,33607.76000000003,Current,DEBT_CONSOLIDATION
LN-502009,CUST-104110,2025-05-17,0,0,False,False,17355.49,Current,DEBT_CONSOLIDATION
LN-502010,CUST-101389,2025-05-17,0,0,False,False,39461.337499999994,Current,DEBT_CONSOLIDATION
LN-502011,CUST-106610,2025-05-17,0,0,False,False,19585.67000000001,Current,DEBT_CONSOLIDATION
LN-502012,CUST-104411,2025-05-17,0,0,False,False,23186.925000000003,Current,DEBT_CONSOLIDATION
LN-502013,CUST-101386,2025-05-17,4,97,False,False,3119.2299999999987,90+,DEBT_CONSOLIDATION
LN-502014,CUST-107930,2025-05-17,0,0,False,False,19930.847499999993,Current,DEBT_CONSOLIDATION
LN-502015,CUST-104044,2025-05-17,0,0,False,False,15437.964999999995,Current,DEBT_CONSOLIDATION
LN-502016,CUST-101424,2025-05-17,0,0,False,False,407660.2575,Current,DEBT_CONSOLIDATION
LN-502017,CUST-104051,2025-05-17,0,0,False,False,19956.399999999998,Current,DEBT_CONSOLIDATION
LN-502018,CUST-100113,2025-05-17,0,0,False,False,27365.495000000003,Current,DEBT_CONSOLIDATION
LN-502019,CUST-101042,2025-05-17,0,0,False,False,39605.22999999997,Current,DEBT_CONSOLIDATION
LN-502020,CUST-107401,2025-05-17,0,0,False,False,40702.680000000015,Current,DEBT_CONSOLIDATION
LN-502021,CUST-104584,2025-05-17,0,0,False,False,34948.72,Current,DEBT_CONSOLIDATION
LN-502022,CUST-106529,2025-05-17,0,0,False,False,22413.75,Current,DEBT_CONSOLIDATION
LN-502023,CUST-101598,2025-05-17,0,0,False,False,2185.0800000000017,Current,DEBT_CONSOLIDATION
LN-502024,CUST-106640,2025-05-17,0,0,False,False,27882.189999999995,Current,DEBT_CONSOLIDATION
LN-502026,CUST-103653,2025-05-17,0,0,False,False,39943.0,Current,DEBT_CONSOLIDATION
LN-502027,CUST-101383,2025-05-17,0,0,False,False,20610.5575,Current,DEBT_CONSOLIDATION
LN-502028,CUST-101937,2025-05-17,0,0,False,False,11647.904999999999,Current,DEBT_CONSOLIDATION
LN-502029,CUST-106809,2025-05-17,0,0,False,False,17232.065000000002,Current,DEBT_CONSOLIDATION
LN-502030,CUST-106217,2025-05-17,1,28,False,False,53454.32,1-29,DEBT_CONSOLIDATION
LN-502031,CUST-101449,2025-05-17,0,0,False,False,4205.059999999995,Current,DEBT_CONSOLIDATION
LN-502032,CUST-101508,2025-05-17,0,0,False,False,23155.335000000003,Current,DEBT_CONSOLIDATION
LN-502033,CUST-102329,2025-05-17,1,22,False,False,20959.840000000004,1-29,DEBT_CONSOLIDATION
LN-502034,CUST-103040,2025-05-17,0,0,True,False,2506.624999999998,Current,DEBT_CONSOLIDATION
LN-502035,CUST-101965,2025-05-17,0,0,False,False,23681.380000000005,Current,DEBT_CONSOLIDATION
LN-502036,CUST-104205,2025-05-17,0,0,False,False,15550.114999999998,Current,DEBT_CONSOLIDATION
LN-502037,CUST-105102,2025-05-17,0,0,False,False,36098.680000000015,Current,DEBT_CONSOLIDATION
LN-502038,CUST-100919,2025-05-17,0,0,False,False,7959.069999999997,Current,DEBT_CONSOLIDATION
LN-502039,CUST-100096,2025-05-17,0,0,False,False,26879.030000000006,Current,DEBT_CONSOLIDATION
LN-502040,CUST-104405,2025-05-17,0,0,False,False,65509.905000000006,Current,DEBT_CONSOLIDATION
LN-502041,CUST-104937,2025-05-17,0,0,False,False,24037.375000000007,Current,DEBT_CONSOLIDATION
LN-502043,CUST-106301,2025-05-17,0,0,False,False,66472.86750000002,Current,DEBT_CONSOLIDATION
LN-502044,CUST-101103,2025-05-17,0,0,False,False,20867.365,Current,DEBT_CONSOLIDATION
LN-502045,CUST-103792,2025-05-17,0,0,False,False,35292.18749999998,Current,DEBT_CONSOLIDATION
LN-502046,CUST-106412,2025-05-17,1,14,False,False,211087.26750000007,1-29,DEBT_CONSOLIDATION
LN-502047,CUST-104949,2025-05-17,0,0,False,False,20603.024999999998,Current,DEBT_CONSOLIDATION
LN-502048,CUST-100581,2025-05-17,0,0,False,False,2552.020000000002,Current,DEBT_CONSOLIDATION
LN-502049,CUST-103090,2025-05-17,0,0,False,False,21295.867499999993,Current,DEBT_CONSOLIDATION
LN-502050,CUST-101914,2025-05-17,0,0,False,False,13363.150000000005,Current,DEBT_CONSOLIDATION
LN-502051,CUST-102445,2025-05-17,0,0,False,False,6667.830000000001,Current,DEBT_CONSOLIDATION
LN-502052,CUST-104097,2025-05-17,0,0,False,False,28675.24000000001,Current,DEBT_CONSOLIDATION
LN-502053,CUST-101020,2025-05-17,0,0,False,False,11992.489999999993,Current,DEBT_CONSOLIDATION
LN-502054,CUST-106987,2025-05-17,0,0,False,False,11911.184999999987,Current,DEBT_CONSOLIDATION
LN-502055,CUST-100593,2025-05-17,0,0,False,False,8214.88,Current,DEBT_CONSOLIDATION
LN-502056,CUST-105811,2025-05-17,0,0,False,False,29966.217499999984,Current,DEBT_CONSOLIDATION
LN-502057,CUST-100627,2025-05-17,0,0,False,False,21422.69,Current,DEBT_CONSOLIDATION
LN-502058,CUST-103554,2025-05-17,0,0,False,False,18623.690000000002,Current,DEBT_CONSOLIDATION
LN-502059,CUST-107180,2025-05-17,0,0,False,False,8670.839999999998,Current,DEBT_CONSOLIDATION
LN-502060,CUST-106586,2025-05-17,0,0,False,False,18855.28,Current,DEBT_CONSOLIDATION
LN-502061,CUST-102138,2025-05-17,0,0,False,False,45318.759999999995,Current,DEBT_CONSOLIDATION
LN-502062,CUST-100933,2025-05-17,0,0,False,False,17265.835000000025,Current,DEBT_CONSOLIDATION
LN-502064,CUST-106096,2025-05-17,0,0,False,False,17392.309999999998,Current,DEBT_CONSOLIDATION
LN-502065,CUST-104099,2025-05-17,0,0,False,False,12387.394999999997,Current,DEBT_CONSOLIDATION
LN-502066,CUST-105714,2025-05-17,0,0,False,False,6304.155,Current,DEBT_CONSOLIDATION
LN-502067,CUST-105946,2025-05-17,0,0,False,False,21403.059999999998,Current,DEBT_CONSOLIDATION
LN-502068,CUST-103689,2025-05-17,0,0,False,False,16065.164999999994,Current,DEBT_CONSOLIDATION
LN-502069,CUST-102340,2025-05-17,0,0,False,False,45677.495000000024,Current,DEBT_CONSOLIDATION
LN-502070,CUST-105003,2025-05-17,0,0,False,False,28548.902499999997,Current,DEBT_CONSOLIDATION
LN-502071,CUST-105301,2025-05-17,0,0,False,False,2237.210000000001,Current,DEBT_CONSOLIDATION
LN-502072,CUST-100068,2025-05-17,0,0,False,False,52009.725,Current,DEBT_CONSOLIDATION
LN-502073,CUST-106619,2025-05-17,0,0,False,False,14112.007500000005,Current,DEBT_CONSOLIDATION
LN-502074,CUST-104454,2025-05-17,0,0,False,False,119355.19750000001,Current,DEBT_CONSOLIDATION
LN-502075,CUST-100756,2025-05-17,0,0,False,False,34750.0875,Current,DEBT_CONSOLIDATION
LN-502076,CUST-106985,2025-05-17,0,0,False,False,33452.32,Current,DEBT_CONSOLIDATION
LN-502077,CUST-101108,2025-05-17,0,0,False,False,1563.9899999999984,Current,DEBT_CONSOLIDATION
LN-502078,CUST-106401,2025-05-17,0,0,False,False,30937.94,Current,DEBT_CONSOLIDATION
LN-502079,CUST-102739,2025-05-17,0,0,False,False,28559.75,Current,DEBT_CONSOLIDATION
LN-502080,CUST-100296,2025-05-17,0,0,False,False,16998.150000000005,Current,DEBT_CONSOLIDATION
LN-502081,CUST-100916,2025-05-17,0,0,False,False,17541.12,Current,DEBT_CONSOLIDATION
LN-502082,CUST-104745,2025-05-17,2,55,False,False,16782.06,30-59,DEBT_CONSOLIDATION
LN-502083,CUST-107934,2025-05-17,0,0,False,False,16953.500000000004,Current,DEBT_CONSOLIDATION
LN-502084,CUST-105394,2025-05-17,0,0,False,False,3148.2100000000028,Current,DEBT_CONSOLIDATION
LN-502085,CUST-105273,2025-05-17,0,0,False,False,104941.35250000004,Current,DEBT_CONSOLIDATION
LN-502086,CUST-105490,2025-05-17,0,0,False,False,22291.0125,Current,DEBT_CONSOLIDATION
LN-502087,CUST-100174,2025-05-17,0,0,False,False,11158.580000000002,Current,DEBT_CONSOLIDATION
LN-502088,CUST-103809,2025-05-17,0,0,False,False,26288.939999999988,Current,DEBT_CONSOLIDATION
LN-502089,CUST-100986,2025-05-17,0,0,False,False,18481.280000000013,Current,DEBT_CONSOLIDATION
LN-502090,CUST-105127,2025-05-17,0,0,False,False,7536.590000000004,Current,DEBT_CONSOLIDATION
LN-502091,CUST-102025,2025-05-17,0,0,False,False,13198.999999999998,Current,DEBT_CONSOLIDATION
LN-502092,CUST-105473,2025-05-17,0,0,False,False,14043.474999999999,Current,DEBT_CONSOLIDATION
LN-502093,CUST-107830,2025-05-17,0,0,False,False,3092.0899999999974,Current,DEBT_CONSOLIDATION
LN-502094,CUST-105027,2025-05-17,0,0,False,False,12793.05999999999,Current,DEBT_CONSOLIDATION
LN-502095,CUST-107272,2025-05-17,0,0,False,False,30093.05,Current,DEBT_CONSOLIDATION
LN-502096,CUST-100929,2025-05-17,0,0,False,False,6326.699999999999,Current,DEBT_CONSOLIDATION
LN-502097,CUST-107941,2025-05-17,0,0,False,False,33864.22,Current,DEBT_CONSOLIDATION
LN-502098,CUST-100921,2025-05-17,0,0,False,False,13941.019999999999,Current,DEBT_CONSOLIDATION
LN-502099,CUST-104763,2025-05-17,0,0,False,False,30809.685,Current,DEBT_CONSOLIDATION
LN-502100,CUST-101047,2025-05-17,0,0,False,False,536381.2424999999,Current,DEBT_CONSOLIDATION
LN-502101,CUST-102065,2025-05-17,0,0,False,False,30544.230000000003,Current,DEBT_CONSOLIDATION
LN-502102,CUST-106807,2025-05-17,0,0,False,False,15991.070000000005,Current,DEBT_CONSOLIDATION
LN-502103,CUST-100767,2025-05-17,0,0,False,False,81779.55,Current,DEBT_CONSOLIDATION
LN-502104,CUST-104399,2025-05-17,0,0,False,False,2124.615,Current,DEBT_CONSOLIDATION
LN-502105,CUST-101927,2025-05-17,0,0,False,False,611403.475,Current,DEBT_CONSOLIDATION
LN-502106,CUST-102126,2025-05-17,0,0,False,False,8367.56000000001,Current,DEBT_CONSOLIDATION
LN-502107,CUST-103064,2025-05-17,0,0,False,False,9854.23,Current,DEBT_CONSOLIDATION
LN-502108,CUST-102497,2025-05-17,0,0,False,False,23578.537500000002,Current,DEBT_CONSOLIDATION
LN-502109,CUST-100941,2025-05-17,1,12,False,False,11585.49,1-29,DEBT_CONSOLIDATION
LN-502110,CUST-104476,2025-05-17,0,0,False,False,8932.8425,Current,DEBT_CONSOLIDATION
LN-502111,CUST-103951,2025-05-17,1,1,False,False,12670.849999999991,1-29,DEBT_CONSOLIDATION
LN-502112,CUST-106562,2025-05-17,0,0,False,False,11364.244999999997,Current,DEBT_CONSOLIDATION
LN-502113,CUST-104349,2025-05-17,0,0,False,False,3345.8599999999988,Current,DEBT_CONSOLIDATION
LN-502114,CUST-103446,2025-05-17,3,86,True,False,26384.817499999997,60-89,DEBT_CONSOLIDATION
LN-502115,CUST-103069,2025-05-17,0,0,False,False,34847.53,Current,DEBT_CONSOLIDATION
LN-502116,CUST-101974,2025-05-17,0,0,False,False,10177.724999999993,Current,DEBT_CONSOLIDATION
LN-502117,CUST-107755,2025-05-17,0,0,False,False,320466.02999999997,Current,DEBT_CONSOLIDATION
LN-502118,CUST-101027,2025-05-17,0,0,False,False,18990.000000000004,Current,DEBT_CONSOLIDATION
LN-502119,CUST-106322,2025-05-17,0,0,False,False,9361.710000000003,Current,DEBT_CONSOLIDATION
LN-502120,CUST-101377,2025-05-17,0,0,False,False,30798.192499999997,Current,DEBT_CONSOLIDATION
LN-502121,CUST-106069,2025-05-17,0,0,False,False,21784.72000000001,Current,DEBT_CONSOLIDATION
LN-502122,CUST-105915,2025-05-17,0,0,False,False,11506.060000000005,Current,DEBT_CONSOLIDATION
LN-502123,CUST-107863,2025-05-17,0,0,False,False,23534.619999999995,Current,DEBT_CONSOLIDATION
LN-502124,CUST-106025,2025-05-17,0,0,False,False,2504.0600000000004,Current,DEBT_CONSOLIDATION
LN-502125,CUST-107975,2025-05-17,0,0,False,False,31386.05000000001,Current,DEBT_CONSOLIDATION
LN-502126,CUST-100885,2025-05-17,0,0,False,False,17867.420000000002,Current,DEBT_CONSOLIDATION
LN-502127,CUST-103577,2025-05-17,0,0,False,False,8670.97,Current,DEBT_CONSOLIDATION
LN-502128,CUST-103099,2025-05-17,0,0,False,False,6890.14,Current,DEBT_CONSOLIDATION
LN-502129,CUST-106936,2025-05-17,0,0,False,False,16406.3025,Current,DEBT_CONSOLIDATION
LN-502130,CUST-100247,2025-05-17,0,0,False,False,44497.1975,Current,DEBT_CONSOLIDATION
LN-502131,CUST-100723,2025-05-17,0,0,False,False,12184.085000000001,Current,DEBT_CONSOLIDATION
LN-502132,CUST-105854,2025-05-17,0,0,False,False,30966.035000000003,Current,DEBT_CONSOLIDATION
LN-502133,CUST-104287,2025-05-17,0,0,False,False,17642.682500000006,Current,DEBT_CONSOLIDATION
LN-502134,CUST-102695,2025-05-17,0,0,False,False,45203.38500000004,Current,DEBT_CONSOLIDATION
LN-502136,CUST-107577,2025-05-17,1,17,False,False,26357.37,1-29,DEBT_CONSOLIDATION
LN-502137,CUST-105849,2025-05-17,0,0,False,False,10764.964999999997,Current,DEBT_CONSOLIDATION
LN-502138,CUST-103399,2025-05-17,0,0,False,False,30446.92,Current,DEBT_CONSOLIDATION
LN-502139,CUST-106045,2025-05-17,0,0,True,False,29315.635,Current,DEBT_CONSOLIDATION
LN-502140,CUST-103284,2025-05-17,1,22,False,False,12145.459999999994,1-29,DEBT_CONSOLIDATION
LN-502141,CUST-102073,2025-05-17,1,3,False,False,27282.115000000005,1-29,DEBT_CONSOLIDATION
LN-502142,CUST-105451,2025-05-17,0,0,False,False,13694.43499999999,Current,DEBT_CONSOLIDATION
LN-502143,CUST-102249,2025-05-17,0,0,False,False,18744.17000000001,Current,DEBT_CONSOLIDATION
LN-502144,CUST-100497,2025-05-17,0,0,False,False,17005.1,Current,DEBT_CONSOLIDATION
LN-502145,CUST-101985,2025-05-17,0,0,False,False,12524.99249999999,Current,DEBT_CONSOLIDATION
LN-502146,CUST-103109,2025-05-17,0,0,False,False,14902.830000000013,Current,DEBT_CONSOLIDATION
LN-502147,CUST-102727,2025-05-17,0,0,False,False,20518.50999999999,Current,DEBT_CONSOLIDATION
LN-502149,CUST-107676,2025-05-17,0,0,False,False,8385.225,Current,DEBT_CONSOLIDATION
LN-502150,CUST-106422,2025-05-17,0,0,False,False,33846.0225,Current,DEBT_CONSOLIDATION
LN-502152,CUST-101702,2025-05-17,4,122,False,False,49306.545,90+,DEBT_CONSOLIDATION
LN-502153,CUST-100703,2025-05-17,0,0,False,False,9259.349999999999,Current,DEBT_CONSOLIDATION
LN-502154,CUST-105388,2025-05-17,0,0,False,False,2342.0399999999995,Current,DEBT_CONSOLIDATION
LN-502155,CUST-104696,2025-05-17,0,0,False,False,29891.194999999992,Current,DEBT_CONSOLIDATION
LN-502156,CUST-103922,2025-05-17,0,0,False,False,14198.3,Current,DEBT_CONSOLIDATION
LN-502157,CUST-100738,2025-05-17,0,0,False,False,32347.07,Current,DEBT_CONSOLIDATION
LN-502158,CUST-102433,2025-05-17,0,0,False,False,9078.635000000004,Current,DEBT_CONSOLIDATION
LN-502159,CUST-104602,2025-05-17,0,0,False,False,30489.71999999998,Current,DEBT_CONSOLIDATION
LN-502160,CUST-103971,2025-05-17,0,0,False,False,6534.455,Current,DEBT_CONSOLIDATION
LN-502161,CUST-107388,2025-05-17,0,0,False,False,18697.38,Current,DEBT_CONSOLIDATION
LN-502163,CUST-107145,2025-05-17,0,0,False,False,37028.969999999965,Current,DEBT_CONSOLIDATION
LN-502164,CUST-100989,2025-05-17,0,0,False,False,33190.145000000026,Current,DEBT_CONSOLIDATION
LN-502165,CUST-100541,2025-05-17,0,0,False,False,36560.119999999995,Current,DEBT_CONSOLIDATION
LN-502166,CUST-101541,2025-05-17,0,0,False,False,143784.02000000002,Current,DEBT_CONSOLIDATION
LN-502168,CUST-104710,2025-05-17,0,0,False,False,12953.875000000002,Current,DEBT_CONSOLIDATION
LN-502169,CUST-106815,2025-05-17,2,59,False,False,10017.562499999995,30-59,DEBT_CONSOLIDATION
LN-502170,CUST-103605,2025-05-17,0,0,False,False,12308.90500000001,Current,DEBT_CONSOLIDATION
LN-502171,CUST-107527,2025-05-17,0,0,False,False,4490.41,Current,DEBT_CONSOLIDATION
LN-502172,CUST-103287,2025-05-17,0,0,False,False,8727.880000000003,Current,DEBT_CONSOLIDATION
LN-502173,CUST-101707,2025-05-17,0,0,False,False,18978.329999999998,Current,DEBT_CONSOLIDATION
LN-502174,CUST-107345,2025-05-17,0,0,False,False,32431.864999999998,Current,DEBT_CONSOLIDATION
LN-502175,CUST-107679,2025-05-17,1,7,False,False,18340.599999999995,1-29,DEBT_CONSOLIDATION
LN-502176,CUST-106518,2025-05-17,3,75,False,False,41106.74,60-89,DEBT_CONSOLIDATION
LN-502177,CUST-107004,2025-05-17,0,0,False,False,23973.365000000016,Current,DEBT_CONSOLIDATION
LN-502178,CUST-105235,2025-05-17,0,0,False,False,27521.6375,Current,DEBT_CONSOLIDATION
LN-502179,CUST-106286,2025-05-17,0,0,False,False,13785.925,Current,DEBT_CONSOLIDATION
LN-502180,CUST-107600,2025-05-17,0,0,False,False,10474.69000000001,Current,DEBT_CONSOLIDATION
LN-502181,CUST-104262,2025-05-17,0,0,False,False,3762.405,Current,DEBT_CONSOLIDATION
LN-502182,CUST-100841,2025-05-17,0,0,False,False,29589.9175,Current,DEBT_CONSOLIDATION
LN-502183,CUST-103244,2025-05-17,0,0,False,False,20853.442500000005,Current,DEBT_CONSOLIDATION
LN-502185,CUST-100259,2025-05-17,0,0,False,False,28864.41500000001,Current,DEBT_CONSOLIDATION
LN-502186,CUST-100731,2025-05-17,0,0,False,False,7965.417499999991,Current,DEBT_CONSOLIDATION
LN-502187,CUST-103274,2025-05-17,0,0,False,False,21315.149999999998,Current,DEBT_CONSOLIDATION
LN-502188,CUST-102647,2025-05-17,0,0,False,False,24920.92,Current,DEBT_CONSOLIDATION
LN-502189,CUST-104089,2025-05-17,0,0,False,False,366487.22000000003,Current,DEBT_CONSOLIDATION
LN-502190,CUST-100013,2025-05-17,0,0,False,False,27159.41249999999,Current,DEBT_CONSOLIDATION
LN-502191,CUST-105854,2025-05-17,0,0,False,False,10194.497499999996,Current,DEBT_CONSOLIDATION
LN-502192,CUST-101890,2025-05-17,0,0,False,False,10923.247499999996,Current,DEBT_CONSOLIDATION
LN-502193,CUST-106431,2025-05-17,0,0,False,False,39571.28500000004,Current,DEBT_CONSOLIDATION
LN-502194,CUST-100900,2025-05-17,0,0,False,False,36983.81999999999,Current,DEBT_CONSOLIDATION
LN-502195,CUST-105988,2025-05-17,3,84,False,False,61287.322499999995,60-89,DEBT_CONSOLIDATION
LN-502197,CUST-102397,2025-05-17,0,0,False,False,2010.365,Current,DEBT_CONSOLIDATION
LN-502198,CUST-107614,2025-05-17,0,0,False,False,21568.83999999999,Current,DEBT_CONSOLIDATION
LN-502199,CUST-106579,2025-05-17,0,0,False,False,7385.9400000000005,Current,DEBT_CONSOLIDATION
LN-502200,CUST-104700,2025-05-17,0,0,False,False,13485.940000000008,Current,DEBT_CONSOLIDATION
LN-502201,CUST-105139,2025-05-17,0,0,False,False,21301.67,Current,DEBT_CONSOLIDATION
LN-502202,CUST-102495,2025-05-17,0,0,False,False,6061.200000000003,Current,DEBT_CONSOLIDATION
LN-502203,CUST-105771,2025-05-17,0,0,False,False,13523.000000000011,Current,DEBT_CONSOLIDATION
LN-502204,CUST-102217,2025-05-17,4,154,False,False,7958.299999999999,90+,DEBT_CONSOLIDATION
LN-502206,CUST-102431,2025-05-17,0,0,False,False,2305.2900000000004,Current,DEBT_CONSOLIDATION
LN-502207,CUST-107842,2025-05-17,0,0,False,False,57540.86499999999,Current,DEBT_CONSOLIDATION
LN-502208,CUST-105173,2025-05-17,0,0,False,False,11883.130000000008,Current,DEBT_CONSOLIDATION
LN-502209,CUST-102990,2025-05-17,0,0,False,False,23374.649999999994,Current,DEBT_CONSOLIDATION
LN-502210,CUST-101469,2025-05-17,0,0,False,False,9643.174999999997,Current,DEBT_CONSOLIDATION
LN-502211,CUST-100365,2025-05-17,0,0,False,False,21916.715000000015,Current,DEBT_CONSOLIDATION
LN-502212,CUST-100036,2025-05-17,3,63,False,False,179771.2199999999,60-89,DEBT_CONSOLIDATION
LN-502213,CUST-105998,2025-05-17,0,0,False,False,99485.43500000006,Current,DEBT_CONSOLIDATION
LN-502214,CUST-100833,2025-05-17,0,0,False,False,18427.109999999997,Current,DEBT_CONSOLIDATION
LN-502215,CUST-101269,2025-05-17,0,0,False,False,13973.515,Current,DEBT_CONSOLIDATION
LN-502216,CUST-102259,2025-05-17,0,0,False,False,14115.95,Current,DEBT_CONSOLIDATION
LN-502218,CUST-103042,2025-05-17,0,0,False,False,866.7374999999998,Current,DEBT_CONSOLIDATION
LN-502219,CUST-106351,2025-05-17,0,0,False,False,14164.435,Current,DEBT_CONSOLIDATION
LN-502220,CUST-104013,2025-05-17,0,0,False,False,1076.2875,Current,DEBT_CONSOLIDATION
LN-502221,CUST-105223,2025-05-17,0,0,False,False,16282.249999999998,Current,DEBT_CONSOLIDATION
LN-502222,CUST-107928,2025-05-17,0,0,False,False,7477.669999999999,Current,DEBT_CONSOLIDATION
LN-502223,CUST-104665,2025-05-17,0,0,False,False,2862.569999999999,Current,DEBT_CONSOLIDATION
LN-502224,CUST-101728,2025-05-17,0,0,False,False,26183.237499999992,Current,DEBT_CONSOLIDATION
LN-502225,CUST-103955,2025-05-17,0,0,False,False,22924.815000000002,Current,DEBT_CONSOLIDATION
LN-502226,CUST-106907,2025-05-17,0,0,False,False,15773.822500000017,Current,DEBT_CONSOLIDATION
LN-502227,CUST-102119,2025-05-17,0,0,False,False,54839.03000000002,Current,DEBT_CONSOLIDATION
LN-502228,CUST-103043,2025-05-17,0,0,False,False,9913.399999999996,Current,DEBT_CONSOLIDATION
LN-502229,CUST-103509,2025-05-17,0,0,False,False,53807.26,Current,DEBT_CONSOLIDATION
LN-502230,CUST-106311,2025-05-17,0,0,False,False,8891.169999999998,Current,DEBT_CONSOLIDATION
LN-502231,CUST-100586,2025-05-17,0,0,False,False,17184.850000000017,Current,DEBT_CONSOLIDATION
LN-502232,CUST-101699,2025-05-17,0,0,False,False,45526.7025,Current,DEBT_CONSOLIDATION
LN-502233,CUST-101769,2025-05-17,0,0,False,False,6869.912500000002,Current,DEBT_CONSOLIDATION
LN-502234,CUST-104492,2025-05-17,0,0,False,False,14035.752499999997,Current,DEBT_CONSOLIDATION
LN-502236,CUST-107096,2025-05-17,3,82,False,False,46722.92749999999,60-89,DEBT_CONSOLIDATION
LN-502237,CUST-100557,2025-05-17,0,0,False,False,29979.459999999995,Current,DEBT_CONSOLIDATION
LN-502238,CUST-107925,2025-05-17,1,12,False,False,200161.88249999995,1-29,DEBT_CONSOLIDATION
LN-502239,CUST-106699,2025-05-17,0,0,False,False,34916.44999999995,Current,DEBT_CONSOLIDATION
LN-502240,CUST-101284,2025-05-17,0,0,False,False,4800.125,Current,DEBT_CONSOLIDATION
LN-502241,CUST-105893,2025-05-17,0,0,False,False,9825.749999999998,Current,DEBT_CONSOLIDATION
LN-502242,CUST-107134,2025-05-17,0,0,False,False,1620.8600000000006,Current,DEBT_CONSOLIDATION
LN-502243,CUST-106294,2025-05-17,0,0,False,False,5582.120000000002,Current,DEBT_CONSOLIDATION
LN-502244,CUST-102719,2025-05-17,0,0,False,False,10049.237500000003,Current,DEBT_CONSOLIDATION
LN-502245,CUST-103357,2025-05-17,0,0,False,False,350703.41500000004,Current,DEBT_CONSOLIDATION
LN-502246,CUST-107200,2025-05-17,0,0,False,False,26055.929999999986,Current,DEBT_CONSOLIDATION
LN-502247,CUST-102837,2025-05-17,0,0,False,False,43057.4525,Current,DEBT_CONSOLIDATION
LN-502248,CUST-107147,2025-05-17,0,0,False,False,9664.9,Current,DEBT_CONSOLIDATION
LN-502249,CUST-101802,2025-05-17,0,0,False,False,15395.355000000003,Current,DEBT_CONSOLIDATION
LN-502250,CUST-105261,2025-05-17,0,0,False,False,22971.000000000007,Current,DEBT_CONSOLIDATION
LN-502251,CUST-107034,2025-05-17,0,0,False,False,43492.77000000002,Current,DEBT_CONSOLIDATION
LN-502252,CUST-102268,2025-05-17,0,0,False,False,16343.03999999998,Current,DEBT_CONSOLIDATION
LN-502253,CUST-105256,2025-05-17,0,0,False,False,46499.26,Current,DEBT_CONSOLIDATION
LN-502254,CUST-104576,2025-05-17,0,0,False,False,30608.090000000015,Current,DEBT_CONSOLIDATION
LN-502255,CUST-107559,2025-05-17,0,0,False,False,32137.40499999999,Current,DEBT_CONSOLIDATION
LN-502256,CUST-104290,2025-05-17,0,0,False,False,22704.629999999994,Current,DEBT_CONSOLIDATION
LN-502257,CUST-100275,2025-05-17,0,0,False,False,11938.740000000002,Current,DEBT_CONSOLIDATION
LN-502258,CUST-105896,2025-05-17,0,0,False,False,10342.7175,Current,DEBT_CONSOLIDATION
LN-502259,CUST-104076,2025-05-17,0,0,False,False,10653.290000000003,Current,DEBT_CONSOLIDATION
LN-502260,CUST-103736,2025-05-17,0,0,False,False,21930.42000000001,Current,DEBT_CONSOLIDATION
LN-502261,CUST-102446,2025-05-17,0,0,False,False,24716.34250000001,Current,DEBT_CONSOLIDATION
LN-502262,CUST-102854,2025-05-17,0,0,False,True,5831.720000000003,Current,DEBT_CONSOLIDATION
LN-502263,CUST-102243,2025-05-17,0,0,False,False,32924.11999999997,Current,DEBT_CONSOLIDATION
LN-502264,CUST-100291,2025-05-17,0,0,True,False,12055.494999999997,Current,DEBT_CONSOLIDATION
LN-502265,CUST-102778,2025-05-17,0,0,False,False,9315.187499999998,Current,DEBT_CONSOLIDATION
LN-502266,CUST-102417,2025-05-17,0,0,False,False,47231.475000000006,Current,DEBT_CONSOLIDATION
LN-502267,CUST-105310,2025-05-17,0,0,False,False,44291.759999999995,Current,DEBT_CONSOLIDATION
LN-502268,CUST-100333,2025-05-17,0,0,False,False,131493.82000000004,Current,DEBT_CONSOLIDATION
LN-502269,CUST-105743,2025-05-17,0,0,False,False,49062.47749999998,Current,DEBT_CONSOLIDATION
LN-502270,CUST-104441,2025-05-17,0,0,False,False,111461.04000000002,Current,DEBT_CONSOLIDATION
LN-502271,CUST-100666,2025-05-17,0,0,False,False,110154.2575,Current,DEBT_CONSOLIDATION
LN-502272,CUST-103342,2025-05-17,0,0,False,False,24218.09500000001,Current,DEBT_CONSOLIDATION
LN-502273,CUST-105016,2025-05-17,0,0,False,False,88680.45,Current,DEBT_CONSOLIDATION
LN-502274,CUST-105922,2025-05-17,0,0,False,False,34088.024999999994,Current,DEBT_CONSOLIDATION
LN-502275,CUST-105420,2025-05-17,0,0,False,False,42964.84000000001,Current,DEBT_CONSOLIDATION
LN-502276,CUST-100330,2025-05-17,0,0,True,False,14540.600000000004,Current,DEBT_CONSOLIDATION
LN-502277,CUST-103410,2025-05-17,0,0,False,False,12806.925000000007,Current,DEBT_CONSOLIDATION
LN-502278,CUST-104604,2025-05-17,0,0,False,False,1821.7025000000003,Current,DEBT_CONSOLIDATION
LN-502279,CUST-103712,2025-05-17,0,0,False,False,36785.97249999995,Current,DEBT_CONSOLIDATION
LN-502280,CUST-107348,2025-05-17,0,0,False,False,3378.239999999998,Current,DEBT_CONSOLIDATION
LN-502282,CUST-103961,2025-05-17,0,0,False,False,11610.707499999991,Current,DEBT_CONSOLIDATION
LN-502284,CUST-100018,2025-05-17,0,0,False,False,14026.4,Current,DEBT_CONSOLIDATION
LN-502285,CUST-100718,2025-05-17,0,0,False,False,10060.170000000004,Current,DEBT_CONSOLIDATION
LN-502286,CUST-106429,2025-05-17,0,0,False,False,12369.014999999996,Current,DEBT_CONSOLIDATION
LN-502287,CUST-107838,2025-05-17,0,0,False,False,20423.50000000001,Current,DEBT_CONSOLIDATION
LN-502288,CUST-104431,2025-05-17,0,0,False,False,3046.4,Current,DEBT_CONSOLIDATION
LN-502289,CUST-107802,2025-05-17,0,0,False,False,7269.499999999998,Current,DEBT_CONSOLIDATION
LN-502290,CUST-103391,2025-05-17,1,26,False,False,18409.354999999992,1-29,DEBT_CONSOLIDATION
LN-502291,CUST-102081,2025-05-17,0,0,False,False,335370.945,Current,DEBT_CONSOLIDATION
LN-502292,CUST-105251,2025-05-17,0,0,False,False,6635.299999999999,Current,DEBT_CONSOLIDATION
LN-502293,CUST-105396,2025-05-17,0,0,False,False,28093.5825,Current,DEBT_CONSOLIDATION
LN-502294,CUST-104723,2025-05-17,0,0,False,False,24920.4125,Current,DEBT_CONSOLIDATION
LN-502295,CUST-102565,2025-05-17,0,0,False,False,11348.965000000004,Current,DEBT_CONSOLIDATION
LN-502296,CUST-103165,2025-05-17,0,0,False,False,17384.2825,Current,DEBT_CONSOLIDATION
LN-502297,CUST-107478,2025-05-17,0,0,False,False,5849.299999999999,Current,DEBT_CONSOLIDATION
LN-502298,CUST-100446,2025-05-17,0,0,False,False,62085.1825,Current,DEBT_CONSOLIDATION
LN-502299,CUST-105569,2025-05-17,0,0,False,False,21534.897500000003,Current,DEBT_CONSOLIDATION
LN-502300,CUST-100298,2025-05-17,0,0,False,False,51683.63250000003,Current,DEBT_CONSOLIDATION
LN-502301,CUST-103710,2025-05-17,0,0,False,False,8400.502499999995,Current,DEBT_CONSOLIDATION
LN-502302,CUST-106199,2025-05-17,0,0,False,False,27440.84000000001,Current,DEBT_CONSOLIDATION
LN-502303,CUST-102043,2025-05-17,0,0,False,False,15937.92,Current,DEBT_CONSOLIDATION
LN-502304,CUST-105818,2025-05-17,0,0,False,False,22738.41999999998,Current,DEBT_CONSOLIDATION
LN-502305,CUST-103640,2025-05-17,0,0,False,False,6277.159999999996,Current,DEBT_CONSOLIDATION
LN-502306,CUST-102428,2025-05-17,0,0,False,False,9439.24249999999,Current,DEBT_CONSOLIDATION
LN-502308,CUST-102942,2025-05-17,0,0,False,False,40398.4,Current,DEBT_CONSOLIDATION
LN-502309,CUST-103784,2025-05-17,0,0,False,False,28102.919999999984,Current,DEBT_CONSOLIDATION
LN-502310,CUST-104656,2025-05-17,0,0,False,False,2488.2049999999995,Current,DEBT_CONSOLIDATION
LN-502311,CUST-100037,2025-05-17,0,0,False,False,1095.0449999999998,Current,DEBT_CONSOLIDATION
LN-502312,CUST-105985,2025-05-17,0,0,False,False,41687.86,Current,DEBT_CONSOLIDATION
LN-502313,CUST-102162,2025-05-17,0,0,False,False,46878.652500000026,Current,DEBT_CONSOLIDATION
LN-502314,CUST-106403,2025-05-17,0,0,True,False,28475.655,Current,DEBT_CONSOLIDATION
LN-502316,CUST-101300,2025-05-17,0,0,False,False,7273.245000000001,Current,DEBT_CONSOLIDATION
LN-502317,CUST-105305,2025-05-17,0,0,False,False,11912.657500000005,Current,DEBT_CONSOLIDATION
LN-502318,CUST-102318,2025-05-17,0,0,False,False,1919.69,Current,DEBT_CONSOLIDATION
LN-502319,CUST-103809,2025-05-17,0,0,False,False,81851.35,Current,DEBT_CONSOLIDATION
LN-502320,CUST-107728,2025-05-17,0,0,False,False,25300.950000000004,Current,DEBT_CONSOLIDATION
LN-502321,CUST-106618,2025-05-17,0,0,False,False,1812.375000000001,Current,DEBT_CONSOLIDATION
LN-502322,CUST-102774,2025-05-17,0,0,False,False,23920.000000000015,Current,DEBT_CONSOLIDATION
LN-502323,CUST-102698,2025-05-17,0,0,False,False,13290.212499999996,Current,DEBT_CONSOLIDATION
LN-502324,CUST-101858,2025-05-17,0,0,False,False,594793.91,Current,DEBT_CONSOLIDATION
LN-502325,CUST-101966,2025-05-17,0,0,False,False,7351.550000000001,Current,DEBT_CONSOLIDATION
LN-502326,CUST-107270,2025-05-17,0,0,False,False,11198.517500000002,Current,DEBT_CONSOLIDATION
LN-502327,CUST-107220,2025-05-17,0,0,False,False,10468.879999999994,Current,DEBT_CONSOLIDATION
LN-502328,CUST-104868,2025-05-17,0,0,False,False,20731.614999999987,Current,DEBT_CONSOLIDATION
LN-502329,CUST-104645,2025-05-17,0,0,False,False,90389.00999999998,Current,DEBT_CONSOLIDATION
LN-502330,CUST-104007,2025-05-17,0,0,False,False,8949.739999999998,Current,DEBT_CONSOLIDATION
LN-502331,CUST-101720,2025-05-17,0,0,False,False,33011.18000000003,Current,DEBT_CONSOLIDATION
LN-502332,CUST-105468,2025-05-17,0,0,False,False,17402.567499999997,Current,DEBT_CONSOLIDATION
LN-502333,CUST-100735,2025-05-17,0,0,False,False,25768.840000000015,Current,DEBT_CONSOLIDATION
LN-502334,CUST-106627,2025-05-17,0,0,False,False,212854.42999999993,Current,DEBT_CONSOLIDATION
LN-502335,CUST-106511,2025-05-17,0,0,False,False,33020.4675,Current,DEBT_CONSOLIDATION
LN-502336,CUST-105891,2025-05-17,1,6,False,False,271934.3024999999,1-29,DEBT_CONSOLIDATION
LN-502337,CUST-100879,2025-05-17,4,149,False,False,41884.53999999998,90+,DEBT_CONSOLIDATION
LN-502338,CUST-101379,2025-05-17,0,0,False,False,37991.575,Current,DEBT_CONSOLIDATION
LN-502339,CUST-107748,2025-05-17,0,0,False,False,34610.87499999999,Current,DEBT_CONSOLIDATION
LN-502340,CUST-100747,2025-05-17,0,0,False,False,15917.3975,Current,DEBT_CONSOLIDATION
LN-502341,CUST-103966,2025-05-17,0,0,False,False,18601.302499999998,Current,DEBT_CONSOLIDATION
LN-502342,CUST-106503,2025-05-17,0,0,False,False,24129.619999999984,Current,DEBT_CONSOLIDATION
LN-502343,CUST-102575,2025-05-17,0,0,False,False,9025.414999999997,Current,DEBT_CONSOLIDATION
LN-502344,CUST-102807,2025-05-17,0,0,False,False,24176.53999999999,Current,DEBT_CONSOLIDATION
LN-502345,CUST-100250,2025-05-17,0,0,False,False,6122.250000000001,Current,DEBT_CONSOLIDATION
LN-502346,CUST-103044,2025-05-17,0,0,False,False,3686.205,Current,DEBT_CONSOLIDATION
LN-502347,CUST-100608,2025-05-17,4,105,False,False,34209.655000000006,90+,DEBT_CONSOLIDATION
LN-502348,CUST-107610,2025-05-17,0,0,False,False,22280.647499999992,Current,DEBT_CONSOLIDATION
LN-502349,CUST-102894,2025-05-17,0,0,False,False,43575.12749999998,Current,DEBT_CONSOLIDATION
LN-502350,CUST-107796,2025-05-17,0,0,False,False,53697.22750000001,Current,DEBT_CONSOLIDATION
LN-502351,CUST-105160,2025-05-17,0,0,False,False,18187.444999999992,Current,DEBT_CONSOLIDATION
LN-502352,CUST-100934,2025-05-17,0,0,False,False,6837.710000000001,Current,DEBT_CONSOLIDATION
LN-502354,CUST-102146,2025-05-17,4,103,False,False,91139.83,90+,DEBT_CONSOLIDATION
LN-502355,CUST-102901,2025-05-17,0,0,False,False,33912.01000000001,Current,DEBT_CONSOLIDATION
LN-502356,CUST-100422,2025-05-17,0,0,False,False,19080.642499999998,Current,DEBT_CONSOLIDATION
LN-502357,CUST-106274,2025-05-17,0,0,False,False,20333.624999999996,Current,DEBT_CONSOLIDATION
LN-502358,CUST-105268,2025-05-17,0,0,False,False,18297.620000000017,Current,DEBT_CONSOLIDATION
LN-502359,CUST-107746,2025-05-17,0,0,False,False,20575.23000000001,Current,DEBT_CONSOLIDATION
LN-502360,CUST-106905,2025-05-17,0,0,False,False,6748.600000000002,Current,DEBT_CONSOLIDATION
LN-502361,CUST-107307,2025-05-17,0,0,False,False,21051.680000000004,Current,DEBT_CONSOLIDATION
LN-502362,CUST-103030,2025-05-17,0,0,False,False,774.6500000000003,Current,DEBT_CONSOLIDATION
LN-502363,CUST-103161,2025-05-17,0,0,False,False,13756.015000000001,Current,DEBT_CONSOLIDATION
LN-502364,CUST-104747,2025-05-17,0,0,False,False,18759.9,Current,DEBT_CONSOLIDATION
LN-502365,CUST-104616,2025-05-17,0,0,False,False,13760.729999999996,Current,DEBT_CONSOLIDATION
LN-502366,CUST-104920,2025-05-17,0,0,False,False,6537.325,Current,DEBT_CONSOLIDATION
LN-502367,CUST-101512,2025-05-17,1,6,False,False,26429.959999999995,1-29,DEBT_CONSOLIDATION
LN-502368,CUST-106378,2025-05-17,0,0,False,False,26823.329999999994,Current,DEBT_CONSOLIDATION
LN-502369,CUST-100970,2025-05-17,0,0,False,False,24146.480000000014,Current,DEBT_CONSOLIDATION
LN-502370,CUST-106748,2025-05-17,0,0,False,False,30808.605,Current,DEBT_CONSOLIDATION
LN-502372,CUST-100305,2025-05-17,0,0,False,False,23483.767499999994,Current,DEBT_CONSOLIDATION
LN-502373,CUST-100889,2025-05-17,0,0,False,False,71733.23,Current,DEBT_CONSOLIDATION
LN-502374,CUST-103671,2025-05-17,0,0,False,False,11076.190000000002,Current,DEBT_CONSOLIDATION
LN-502375,CUST-100348,2025-05-17,0,0,False,False,29522.2125,Current,DEBT_CONSOLIDATION
LN-502377,CUST-105712,2025-05-17,0,0,False,False,116237.85999999991,Current,DEBT_CONSOLIDATION
LN-502378,CUST-104499,2025-05-17,0,0,False,False,22030.06,Current,DEBT_CONSOLIDATION
LN-502379,CUST-102768,2025-05-17,0,0,False,False,14210.585000000003,Current,DEBT_CONSOLIDATION
LN-502380,CUST-100302,2025-05-17,0,0,False,False,28900.869999999995,Current,DEBT_CONSOLIDATION
LN-502381,CUST-101092,2025-05-17,0,0,False,False,44908.249999999985,Current,DEBT_CONSOLIDATION
LN-502382,CUST-100423,2025-05-17,3,66,False,False,11645.88,60-89,DEBT_CONSOLIDATION
LN-502383,CUST-100204,2025-05-17,0,0,False,False,23973.259999999987,Current,DEBT_CONSOLIDATION
LN-502384,CUST-106925,2025-05-17,0,0,False,False,19431.484999999982,Current,DEBT_CONSOLIDATION
LN-502385,CUST-102607,2025-05-17,0,0,False,False,25687.68,Current,DEBT_CONSOLIDATION
LN-502386,CUST-104137,2025-05-17,0,0,False,False,15281.174999999996,Current,DEBT_CONSOLIDATION
LN-502387,CUST-105163,2025-05-17,0,0,False,False,79858.83249999999,Current,DEBT_CONSOLIDATION
LN-502388,CUST-105819,2025-05-17,0,0,False,False,38609.13500000003,Current,DEBT_CONSOLIDATION
LN-502389,CUST-104117,2025-05-17,0,0,False,False,9012.48,Current,DEBT_CONSOLIDATION
LN-502390,CUST-104934,2025-05-17,0,0,False,False,7640.9825,Current,DEBT_CONSOLIDATION
LN-502391,CUST-104404,2025-05-17,0,0,False,False,41188.57500000003,Current,DEBT_CONSOLIDATION
LN-502393,CUST-102949,2025-05-17,0,0,False,False,107162.06500000002,Current,DEBT_CONSOLIDATION
LN-502394,CUST-106431,2025-05-17,0,0,False,False,40875.837499999994,Current,DEBT_CONSOLIDATION
LN-502395,CUST-106279,2025-05-17,1,17,False,False,15092.324999999999,1-29,DEBT_CONSOLIDATION
LN-502396,CUST-105786,2025-05-17,3,76,False,False,28343.5475,60-89,DEBT_CONSOLIDATION
LN-502397,CUST-103775,2025-05-17,0,0,False,False,31549.967499999962,Current,DEBT_CONSOLIDATION
LN-502398,CUST-104069,2025-05-17,0,0,False,False,23647.725000000002,Current,DEBT_CONSOLIDATION
LN-502399,CUST-104342,2025-05-17,1,12,False,False,49869.35000000001,1-29,DEBT_CONSOLIDATION
LN-502400,CUST-106573,2025-05-17,0,0,False,False,28995.16,Current,DEBT_CONSOLIDATION
LN-502401,CUST-102661,2025-05-17,0,0,False,False,88245.01,Current,DEBT_CONSOLIDATION
LN-502402,CUST-102864,2025-05-17,0,0,False,False,1908.0149999999999,Current,DEBT_CONSOLIDATION
LN-502403,CUST-101614,2025-05-17,0,0,False,False,11294.305000000002,Current,DEBT_CONSOLIDATION
LN-502404,CUST-104929,2025-05-17,0,0,False,False,17175.23,Current,DEBT_CONSOLIDATION
LN-502405,CUST-100166,2025-05-17,0,0,False,False,8422.929999999993,Current,DEBT_CONSOLIDATION
LN-502406,CUST-107274,2025-05-17,0,0,False,False,8470.13500000001,Current,DEBT_CONSOLIDATION
LN-502407,CUST-106259,2025-05-17,0,0,False,False,480592.7,Current,DEBT_CONSOLIDATION
LN-502408,CUST-100856,2025-05-17,0,0,False,False,53809.41,Current,DEBT_CONSOLIDATION
LN-502409,CUST-103002,2025-05-17,0,0,False,False,25651.964999999997,Current,DEBT_CONSOLIDATION
LN-502410,CUST-100804,2025-05-17,0,0,False,False,11277.589999999993,Current,DEBT_CONSOLIDATION
LN-502411,CUST-101983,2025-05-17,0,0,False,False,31518.7775,Current,DEBT_CONSOLIDATION
LN-502412,CUST-101950,2025-05-17,0,0,False,False,8758.820000000003,Current,DEBT_CONSOLIDATION
LN-502413,CUST-104299,2025-05-17,0,0,False,False,27129.087499999994,Current,DEBT_CONSOLIDATION
LN-502414,CUST-107795,2025-05-17,0,0,False,False,12447.465000000006,Current,DEBT_CONSOLIDATION
LN-502415,CUST-106793,2025-05-17,0,0,False,False,15541.684999999996,Current,DEBT_CONSOLIDATION
LN-502416,CUST-103143,2025-05-17,0,0,False,False,12315.699999999993,Current,DEBT_CONSOLIDATION
LN-502417,CUST-100125,2025-05-17,0,0,False,False,5077.134999999999,Current,DEBT_CONSOLIDATION
LN-502418,CUST-105198,2025-05-17,0,0,False,False,38992.932499999995,Current,DEBT_CONSOLIDATION
LN-502419,CUST-104844,2025-05-17,0,0,False,False,14466.230000000009,Current,DEBT_CONSOLIDATION
LN-502420,CUST-100145,2025-05-17,0,0,False,False,20223.8925,Current,DEBT_CONSOLIDATION
LN-502422,CUST-103351,2025-05-17,0,0,False,False,25664.235,Current,DEBT_CONSOLIDATION
LN-502423,CUST-102825,2025-05-17,0,0,False,False,27977.81,Current,DEBT_CONSOLIDATION
LN-502424,CUST-101703,2025-05-17,0,0,False,False,8375.88,Current,DEBT_CONSOLIDATION
LN-502425,CUST-105879,2025-05-17,0,0,False,False,262968.8750000001,Current,DEBT_CONSOLIDATION
LN-502426,CUST-103503,2025-05-17,1,22,False,False,10053.879999999997,1-29,DEBT_CONSOLIDATION
LN-502427,CUST-105482,2025-05-17,3,87,False,False,12444.890000000003,60-89,DEBT_CONSOLIDATION
LN-502428,CUST-103720,2025-05-17,0,0,False,False,11515.069999999996,Current,DEBT_CONSOLIDATION
LN-502429,CUST-104871,2025-05-17,1,7,False,False,55679.09,1-29,DEBT_CONSOLIDATION
LN-502430,CUST-100584,2025-05-17,0,0,False,False,31452.799999999985,Current,DEBT_CONSOLIDATION
LN-502431,CUST-103879,2025-05-17,0,0,False,False,21102.2,Current,DEBT_CONSOLIDATION
LN-502432,CUST-107394,2025-05-17,0,0,False,False,27345.21,Current,DEBT_CONSOLIDATION
LN-502433,CUST-100975,2025-05-17,0,0,False,False,21680.63500000001,Current,DEBT_CONSOLIDATION
LN-502434,CUST-107042,2025-05-17,0,0,False,False,31281.455000000005,Current,DEBT_CONSOLIDATION
LN-502435,CUST-100766,2025-05-17,0,0,False,False,34354.51249999999,Current,DEBT_CONSOLIDATION
LN-502436,CUST-102307,2025-05-17,0,0,False,False,31953.209999999995,Current,DEBT_CONSOLIDATION
LN-502437,CUST-107747,2025-05-17,0,0,False,False,30022.539999999994,Current,DEBT_CONSOLIDATION
LN-502438,CUST-101245,2025-05-17,0,0,False,False,43042.97499999999,Current,DEBT_CONSOLIDATION
LN-502439,CUST-107576,2025-05-17,0,0,False,False,26934.142499999987,Current,DEBT_CONSOLIDATION
LN-502440,CUST-100428,2025-05-17,0,0,False,False,12716.130000000003,Current,DEBT_CONSOLIDATION
LN-502441,CUST-104501,2025-05-17,0,0,False,False,12464.289999999999,Current,DEBT_CONSOLIDATION
LN-502443,CUST-100839,2025-05-17,0,0,False,False,7617.084999999999,Current,DEBT_CONSOLIDATION
LN-502444,CUST-105076,2025-05-17,0,0,False,False,32120.45000000002,Current,DEBT_CONSOLIDATION
LN-502445,CUST-106249,2025-05-17,0,0,False,False,21035.817500000005,Current,DEBT_CONSOLIDATION
LN-502446,CUST-106659,2025-05-17,0,0,False,False,7311.02,Current,DEBT_CONSOLIDATION
LN-502447,CUST-100392,2025-05-17,0,0,False,False,8401.234999999999,Current,DEBT_CONSOLIDATION
LN-502448,CUST-101153,2025-05-17,0,0,False,False,9923.48,Current,DEBT_CONSOLIDATION
LN-502449,CUST-105195,2025-05-17,0,0,False,False,19474.0575,Current,DEBT_CONSOLIDATION
LN-502450,CUST-103236,2025-05-17,0,0,False,False,15311.494999999999,Current,DEBT_CONSOLIDATION
LN-502451,CUST-100927,2025-05-17,0,0,False,False,11423.345,Current,DEBT_CONSOLIDATION
LN-502452,CUST-103937,2025-05-17,0,0,False,False,248925.78999999992,Current,DEBT_CONSOLIDATION
LN-502453,CUST-107713,2025-05-17,0,0,False,False,6935.615,Current,DEBT_CONSOLIDATION
LN-502454,CUST-101308,2025-05-17,0,0,False,False,29255.872500000012,Current,DEBT_CONSOLIDATION
LN-502455,CUST-103553,2025-05-17,0,0,False,False,6717.247500000005,Current,DEBT_CONSOLIDATION
LN-502456,CUST-102606,2025-05-17,0,0,False,False,44907.23000000002,Current,DEBT_CONSOLIDATION
LN-502457,CUST-106900,2025-05-17,0,0,False,False,4447.219999999996,Current,DEBT_CONSOLIDATION
LN-502459,CUST-105442,2025-05-17,0,0,False,False,20876.137499999993,Current,DEBT_CONSOLIDATION
LN-502460,CUST-105047,2025-05-17,3,72,False,False,16942.15000000001,60-89,DEBT_CONSOLIDATION
LN-502461,CUST-102444,2025-05-17,0,0,False,False,38020.45499999997,Current,DEBT_CONSOLIDATION
LN-502462,CUST-105923,2025-05-17,0,0,False,False,1656.5000000000002,Current,DEBT_CONSOLIDATION
LN-502463,CUST-104765,2025-05-17,0,0,False,False,9056.160000000005,Current,DEBT_CONSOLIDATION
LN-502464,CUST-104001,2025-05-17,0,0,False,False,9924.229999999996,Current,DEBT_CONSOLIDATION
LN-502465,CUST-107163,2025-05-17,0,0,False,False,48980.98,Current,DEBT_CONSOLIDATION
LN-502466,CUST-103552,2025-05-17,0,0,False,False,3369.2599999999975,Current,DEBT_CONSOLIDATION
LN-502467,CUST-104347,2025-05-17,0,0,False,False,91868.5,Current,DEBT_CONSOLIDATION
LN-502468,CUST-103345,2025-05-17,0,0,False,False,17499.96999999999,Current,DEBT_CONSOLIDATION
LN-502469,CUST-100629,2025-05-17,0,0,False,False,14879.55499999999,Current,DEBT_CONSOLIDATION
LN-502470,CUST-107586,2025-05-17,0,0,False,False,40425.39000000001,Current,DEBT_CONSOLIDATION
LN-502471,CUST-103258,2025-05-17,0,0,False,False,6897.772500000003,Current,DEBT_CONSOLIDATION
LN-502472,CUST-103911,2025-05-17,0,0,False,False,9040.31,Current,DEBT_CONSOLIDATION
LN-502473,CUST-103147,2025-05-17,0,0,False,False,30338.680000000004,Current,DEBT_CONSOLIDATION
LN-502474,CUST-106187,2025-05-17,0,0,False,False,12212.859999999997,Current,DEBT_CONSOLIDATION
LN-502475,CUST-106053,2025-05-17,0,0,False,False,12794.795000000002,Current,DEBT_CONSOLIDATION
LN-502476,CUST-102379,2025-05-17,0,0,False,False,16385.559999999994,Current,DEBT_CONSOLIDATION
LN-502477,CUST-100598,2025-05-17,0,0,False,False,26057.659999999985,Current,DEBT_CONSOLIDATION
LN-502479,CUST-106102,2025-05-17,0,0,False,False,29220.31499999998,Current,DEBT_CONSOLIDATION
LN-502480,CUST-100362,2025-05-17,0,0,False,False,44345.16,Current,DEBT_CONSOLIDATION
LN-502481,CUST-102218,2025-05-17,0,0,False,False,12196.747499999994,Current,DEBT_CONSOLIDATION
LN-502482,CUST-100643,2025-05-17,0,0,False,False,96625.18499999997,Current,DEBT_CONSOLIDATION
LN-502483,CUST-104590,2025-05-17,0,0,False,False,19818.38,Current,DEBT_CONSOLIDATION
LN-502484,CUST-102622,2025-05-17,0,0,False,False,14317.980000000001,Current,DEBT_CONSOLIDATION
LN-502485,CUST-105531,2025-05-17,0,0,False,False,23650.645000000008,Current,DEBT_CONSOLIDATION
LN-502486,CUST-101782,2025-05-17,0,0,False,False,18867.697500000002,Current,DEBT_CONSOLIDATION
LN-502487,CUST-100995,2025-05-17,2,36,False,False,38229.56999999998,30-59,DEBT_CONSOLIDATION
LN-502488,CUST-103964,2025-05-17,0,0,False,False,20612.51,Current,DEBT_CONSOLIDATION
LN-502489,CUST-104714,2025-05-17,0,0,False,False,42531.79999999999,Current,DEBT_CONSOLIDATION
LN-502490,CUST-100534,2025-05-17,0,0,False,False,24153.995,Current,DEBT_CONSOLIDATION
LN-502491,CUST-107413,2025-05-17,0,0,False,False,15766.3975,Current,DEBT_CONSOLIDATION
LN-502492,CUST-100564,2025-05-17,0,0,False,False,30981.399999999998,Current,DEBT_CONSOLIDATION
LN-502494,CUST-107891,2025-05-17,0,0,False,False,22082.49,Current,DEBT_CONSOLIDATION
LN-502495,CUST-105506,2025-05-17,2,52,False,False,43833.189999999995,30-59,DEBT_CONSOLIDATION
LN-502496,CUST-100901,2025-05-17,0,0,False,False,4293.319999999995,Current,DEBT_CONSOLIDATION
LN-502497,CUST-104185,2025-05-17,0,0,False,False,11432.947500000004,Current,DEBT_CONSOLIDATION
LN-502498,CUST-100261,2025-05-17,0,0,False,False,42373.86,Current,DEBT_CONSOLIDATION
LN-502499,CUST-100599,2025-05-17,0,0,False,False,6395.7,Current,DEBT_CONSOLIDATION
LN-502500,CUST-100434,2025-05-17,0,0,False,False,9166.082500000004,Current,DEBT_CONSOLIDATION
LN-502501,CUST-104170,2025-05-17,0,0,False,False,34356.71000000002,Current,DEBT_CONSOLIDATION
LN-502502,CUST-105416,2025-05-17,0,0,True,False,12584.99,Current,DEBT_CONSOLIDATION
LN-502503,CUST-103467,2025-05-17,0,0,False,False,107309.15000000008,Current,DEBT_CONSOLIDATION
LN-502504,CUST-101017,2025-05-17,0,0,False,False,4030.220000000002,Current,DEBT_CONSOLIDATION
LN-502505,CUST-101206,2025-05-17,0,0,False,False,17866.9825,Current,DEBT_CONSOLIDATION
LN-502507,CUST-101823,2025-05-17,1,2,False,False,36892.50500000001,1-29,DEBT_CONSOLIDATION
LN-502508,CUST-104079,2025-05-17,0,0,False,False,33463.84000000002,Current,DEBT_CONSOLIDATION
LN-502509,CUST-101434,2025-05-17,4,146,False,False,17379.77,90+,DEBT_CONSOLIDATION
LN-502511,CUST-105300,2025-05-17,0,0,False,False,11117.439999999991,Current,DEBT_CONSOLIDATION
LN-502512,CUST-105497,2025-05-17,0,0,False,False,16104.212499999987,Current,DEBT_CONSOLIDATION
LN-502513,CUST-103269,2025-05-17,0,0,False,False,22215.88,Current,DEBT_CONSOLIDATION
LN-502514,CUST-102700,2025-05-17,0,0,False,False,11764.7275,Current,DEBT_CONSOLIDATION
LN-502515,CUST-101090,2025-05-17,0,0,False,False,19704.889999999996,Current,DEBT_CONSOLIDATION
LN-502516,CUST-103609,2025-05-17,0,0,False,False,3089.3375,Current,DEBT_CONSOLIDATION
LN-502517,CUST-105250,2025-05-17,1,17,False,False,12523.232499999995,1-29,DEBT_CONSOLIDATION
LN-502518,CUST-100088,2025-05-17,1,21,False,False,41724.52,1-29,DEBT_CONSOLIDATION
LN-502519,CUST-102696,2025-05-17,4,104,False,False,10028.799999999997,90+,DEBT_CONSOLIDATION
LN-502520,CUST-102819,2025-05-17,0,0,False,False,80379.39000000004,Current,DEBT_CONSOLIDATION
LN-502521,CUST-102976,2025-05-17,0,0,False,False,8072.344999999996,Current,DEBT_CONSOLIDATION
LN-502522,CUST-105991,2025-05-17,0,0,False,False,21597.245,Current,DEBT_CONSOLIDATION
LN-502523,CUST-104921,2025-05-17,0,0,False,False,11216.530000000002,Current,DEBT_CONSOLIDATION
LN-502524,CUST-103771,2025-05-17,0,0,False,False,13026.505,Current,DEBT_CONSOLIDATION
LN-502525,CUST-105864,2025-05-17,0,0,False,False,31611.242500000008,Current,DEBT_CONSOLIDATION
LN-502526,CUST-104451,2025-05-17,0,0,False,False,10444.779999999999,Current,DEBT_CONSOLIDATION
LN-502527,CUST-102594,2025-05-17,0,0,False,False,37912.89000000002,Current,DEBT_CONSOLIDATION
LN-502528,CUST-102657,2025-05-17,0,0,False,False,47205.13000000001,Current,DEBT_CONSOLIDATION
LN-502529,CUST-100378,2025-05-17,0,0,False,False,33274.600000000006,Current,DEBT_CONSOLIDATION
LN-502530,CUST-101845,2025-05-17,1,17,False,False,15724.535000000003,1-29,DEBT_CONSOLIDATION
LN-502531,CUST-104229,2025-05-17,0,0,False,False,11864.519999999997,Current,DEBT_CONSOLIDATION
LN-502532,CUST-100251,2025-05-17,0,0,False,False,10860.250000000004,Current,DEBT_CONSOLIDATION
LN-502533,CUST-105406,2025-05-17,0,0,False,False,27967.17,Current,DEBT_CONSOLIDATION
LN-502534,CUST-101111,2025-05-17,0,0,False,False,28285.6775,Current,DEBT_CONSOLIDATION
LN-502535,CUST-104826,2025-05-17,0,0,False,False,43975.94,Current,DEBT_CONSOLIDATION
LN-502536,CUST-105398,2025-05-17,0,0,False,False,12284.745,Current,DEBT_CONSOLIDATION
LN-502537,CUST-102080,2025-05-17,0,0,False,False,42350.78,Current,DEBT_CONSOLIDATION
LN-502538,CUST-100594,2025-05-17,0,0,False,False,21187.480000000003,Current,DEBT_CONSOLIDATION
LN-502539,CUST-106602,2025-05-17,0,0,False,False,9629.204999999987,Current,DEBT_CONSOLIDATION
LN-502540,CUST-106183,2025-05-17,0,0,False,False,15193.167499999998,Current,DEBT_CONSOLIDATION
LN-502541,CUST-104722,2025-05-17,0,0,False,False,14161.475000000013,Current,DEBT_CONSOLIDATION
LN-502542,CUST-103863,2025-05-17,0,0,False,False,26215.72000000001,Current,DEBT_CONSOLIDATION
LN-502543,CUST-105673,2025-05-17,0,0,False,False,6765.760000000003,Current,DEBT_CONSOLIDATION
LN-502544,CUST-106451,2025-05-17,0,0,False,False,4279.209999999999,Current,DEBT_CONSOLIDATION
LN-502545,CUST-104981,2025-05-17,0,0,False,False,43487.81000000001,Current,DEBT_CONSOLIDATION
LN-502546,CUST-101951,2025-05-17,0,0,False,False,41061.44250000001,Current,DEBT_CONSOLIDATION
LN-502547,CUST-104472,2025-05-17,0,0,False,False,46887.28000000004,Current,DEBT_CONSOLIDATION
LN-502548,CUST-107587,2025-05-17,0,0,False,False,4635.929999999998,Current,DEBT_CONSOLIDATION
LN-502549,CUST-105865,2025-05-17,0,0,False,False,14257.235000000002,Current,DEBT_CONSOLIDATION
LN-502550,CUST-102333,2025-05-17,0,0,False,False,102056.96499999995,Current,DEBT_CONSOLIDATION
LN-502551,CUST-106553,2025-05-17,0,0,False,False,27213.725,Current,DEBT_CONSOLIDATION
LN-502552,CUST-107920,2025-05-17,0,0,False,False,36831.225000000035,Current,DEBT_CONSOLIDATION
LN-502553,CUST-107667,2025-05-17,0,0,False,False,1742.3850000000004,Current,DEBT_CONSOLIDATION
LN-502554,CUST-101688,2025-05-17,0,0,False,False,23464.432499999995,Current,DEBT_CONSOLIDATION
LN-502555,CUST-101900,2025-05-17,0,0,False,False,25276.740000000005,Current,DEBT_CONSOLIDATION
LN-502556,CUST-104888,2025-05-17,3,84,False,False,18708.17,60-89,DEBT_CONSOLIDATION
LN-502557,CUST-104494,2025-05-17,0,0,False,False,14123.054999999993,Current,DEBT_CONSOLIDATION
LN-502558,CUST-100395,2025-05-17,0,0,False,False,21580.094999999987,Current,DEBT_CONSOLIDATION
LN-502559,CUST-103693,2025-05-17,0,0,False,False,7000.009999999998,Current,DEBT_CONSOLIDATION
LN-502560,CUST-106116,2025-05-17,0,0,False,False,28813.880000000005,Current,DEBT_CONSOLIDATION
LN-502561,CUST-107773,2025-05-17,0,0,False,False,13188.752499999999,Current,DEBT_CONSOLIDATION
LN-502562,CUST-105368,2025-05-17,0,0,False,False,45366.23,Current,DEBT_CONSOLIDATION
LN-502563,CUST-102772,2025-05-17,0,0,False,False,9150.47499999999,Current,DEBT_CONSOLIDATION
LN-502564,CUST-107473,2025-05-17,0,0,False,False,2675.795000000001,Current,DEBT_CONSOLIDATION
LN-502565,CUST-100046,2025-05-17,0,0,False,False,20804.030000000006,Current,DEBT_CONSOLIDATION
LN-502566,CUST-101431,2025-05-17,0,0,False,False,38471.39250000002,Current,DEBT_CONSOLIDATION
LN-502567,CUST-104776,2025-05-17,0,0,False,False,38178.34999999999,Current,DEBT_CONSOLIDATION
LN-502568,CUST-103798,2025-05-17,0,0,False,False,12772.730000000005,Current,DEBT_CONSOLIDATION
LN-502569,CUST-103668,2025-05-17,3,70,False,False,18118.115,60-89,DEBT_CONSOLIDATION
LN-502570,CUST-102234,2025-05-17,0,0,False,False,18034.564999999984,Current,DEBT_CONSOLIDATION
LN-502571,CUST-104520,2025-05-17,0,0,False,False,16029.510000000002,Current,DEBT_CONSOLIDATION
LN-502572,CUST-106928,2025-05-17,0,0,False,False,31070.1275,Current,DEBT_CONSOLIDATION
LN-502573,CUST-100889,2025-05-17,0,0,False,False,13732.895,Current,DEBT_CONSOLIDATION
LN-502574,CUST-103223,2025-05-17,0,0,False,False,88736.77500000001,Current,DEBT_CONSOLIDATION
LN-502575,CUST-106764,2025-05-17,0,0,False,False,39245.82499999999,Current,DEBT_CONSOLIDATION
LN-502576,CUST-103441,2025-05-17,0,0,False,False,51363.17,Current,DEBT_CONSOLIDATION
LN-502577,CUST-102695,2025-05-17,0,0,False,False,32956.43,Current,DEBT_CONSOLIDATION
LN-502578,CUST-106348,2025-05-17,0,0,False,False,11767.825,Current,DEBT_CONSOLIDATION
LN-502579,CUST-106935,2025-05-17,0,0,False,False,15199.015000000001,Current,DEBT_CONSOLIDATION
LN-502580,CUST-101539,2025-05-17,0,0,False,False,7817.000000000002,Current,DEBT_CONSOLIDATION
LN-502581,CUST-100543,2025-05-17,0,0,False,False,4193.474999999998,Current,DEBT_CONSOLIDATION
LN-502582,CUST-104732,2025-05-17,0,0,False,False,6801.799999999996,Current,DEBT_CONSOLIDATION
LN-502584,CUST-105681,2025-05-17,0,0,False,False,10197.45,Current,DEBT_CONSOLIDATION
LN-502585,CUST-106035,2025-05-17,0,0,True,False,12842.019999999997,Current,DEBT_CONSOLIDATION
LN-502586,CUST-102098,2025-05-17,0,0,False,False,101313.7525,Current,DEBT_CONSOLIDATION
LN-502587,CUST-106487,2025-05-17,0,0,False,False,1986.6949999999997,Current,DEBT_CONSOLIDATION
LN-502588,CUST-105399,2025-05-17,0,0,False,False,71640.33,Current,DEBT_CONSOLIDATION
LN-502589,CUST-106512,2025-05-17,0,0,False,False,13745.539999999997,Current,DEBT_CONSOLIDATION
LN-502591,CUST-107107,2025-05-17,0,0,False,False,32197.88,Current,DEBT_CONSOLIDATION
LN-502592,CUST-106548,2025-05-17,0,0,False,False,13742.535000000003,Current,DEBT_CONSOLIDATION
LN-502593,CUST-103465,2025-05-17,2,38,False,False,4453.014999999997,30-59,DEBT_CONSOLIDATION
LN-502594,CUST-107539,2025-05-17,3,86,False,False,75328.855,60-89,DEBT_CONSOLIDATION
LN-502595,CUST-106384,2025-05-17,0,0,False,False,7422.945000000001,Current,DEBT_CONSOLIDATION
LN-502596,CUST-106417,2025-05-17,0,0,False,False,19993.780000000017,Current,DEBT_CONSOLIDATION
LN-502597,CUST-102405,2025-05-17,2,54,False,False,18906.440000000006,30-59,DEBT_CONSOLIDATION
LN-502598,CUST-106519,2025-05-17,0,0,False,False,2134.6625,Current,DEBT_CONSOLIDATION
LN-502599,CUST-100260,2025-05-17,1,22,False,False,44113.49999999999,1-29,DEBT_CONSOLIDATION
LN-502600,CUST-105937,2025-05-17,0,0,False,False,37578.705,Current,DEBT_CONSOLIDATION
LN-502601,CUST-106098,2025-05-17,0,0,False,False,287545.8200000001,Current,DEBT_CONSOLIDATION
LN-502602,CUST-104145,2025-05-17,0,0,False,False,12721.694999999998,Current,DEBT_CONSOLIDATION
LN-502603,CUST-107345,2025-05-17,0,0,False,False,13989.7075,Current,DEBT_CONSOLIDATION
LN-502604,CUST-107378,2025-05-17,0,0,False,False,614.61,Current,DEBT_CONSOLIDATION
LN-502605,CUST-107732,2025-05-17,0,0,False,False,32787.01000000001,Current,DEBT_CONSOLIDATION
LN-502606,CUST-106867,2025-05-17,0,0,False,False,42587.89999999997,Current,DEBT_CONSOLIDATION
LN-502607,CUST-105887,2025-05-17,0,0,False,False,12146.155000000002,Current,DEBT_CONSOLIDATION
LN-502608,CUST-107318,2025-05-17,0,0,False,False,21216.475,Current,DEBT_CONSOLIDATION
LN-502609,CUST-106759,2025-05-17,0,0,False,False,25591.80999999999,Current,DEBT_CONSOLIDATION
LN-502611,CUST-104221,2025-05-17,0,0,False,False,6713.71,Current,DEBT_CONSOLIDATION
LN-502612,CUST-106081,2025-05-17,0,0,False,False,27347.74500000001,Current,DEBT_CONSOLIDATION
LN-502613,CUST-100932,2025-05-17,0,0,False,False,14666.039999999999,Current,DEBT_CONSOLIDATION
LN-502614,CUST-105230,2025-05-17,0,0,False,False,580086.4124999999,Current,DEBT_CONSOLIDATION
LN-502615,CUST-107720,2025-05-17,0,0,False,False,5145.827500000004,Current,DEBT_CONSOLIDATION
LN-502616,CUST-106440,2025-05-17,0,0,False,False,51534.61,Current,DEBT_CONSOLIDATION
LN-502617,CUST-101211,2025-05-17,0,0,False,False,16877.81,Current,DEBT_CONSOLIDATION
LN-502618,CUST-106189,2025-05-17,0,0,False,False,19637.895000000022,Current,DEBT_CONSOLIDATION
LN-502619,CUST-103081,2025-05-17,1,5,False,False,21772.820000000003,1-29,DEBT_CONSOLIDATION
LN-502620,CUST-103832,2025-05-17,0,0,False,False,45796.2725,Current,DEBT_CONSOLIDATION
LN-502621,CUST-104200,2025-05-17,0,0,False,False,17275.30999999998,Current,DEBT_CONSOLIDATION
LN-502622,CUST-104070,2025-05-17,0,0,False,False,15092.8625,Current,DEBT_CONSOLIDATION
LN-502623,CUST-105941,2025-05-17,0,0,False,False,15891.265,Current,DEBT_CONSOLIDATION
LN-502624,CUST-105508,2025-05-17,0,0,False,False,17234.557499999995,Current,DEBT_CONSOLIDATION
LN-502625,CUST-103804,2025-05-17,0,0,False,False,45493.05249999998,Current,DEBT_CONSOLIDATION
LN-502626,CUST-103118,2025-05-17,0,0,False,False,3468.579999999998,Current,DEBT_CONSOLIDATION
LN-502627,CUST-105686,2025-05-17,0,0,False,False,38658.85999999997,Current,DEBT_CONSOLIDATION
LN-502628,CUST-101080,2025-05-17,0,0,False,False,14870.975000000004,Current,DEBT_CONSOLIDATION
LN-502629,CUST-101276,2025-05-17,0,0,False,False,22669.407499999987,Current,DEBT_CONSOLIDATION
LN-502630,CUST-103846,2025-05-17,0,0,False,False,26077.240000000013,Current,DEBT_CONSOLIDATION
LN-502631,CUST-102982,2025-05-17,0,0,False,False,4291.59,Current,DEBT_CONSOLIDATION
LN-502632,CUST-104654,2025-05-17,2,41,False,False,15259.397500000001,30-59,DEBT_CONSOLIDATION
LN-502633,CUST-101010,2025-05-17,0,0,False,False,33428.49000000003,Current,DEBT_CONSOLIDATION
LN-502634,CUST-107769,2025-05-17,0,0,False,False,24047.12,Current,DEBT_CONSOLIDATION
LN-502635,CUST-103337,2025-05-17,0,0,False,False,18793.69,Current,DEBT_CONSOLIDATION
LN-502636,CUST-106314,2025-05-17,0,0,False,False,123456.15999999997,Current,DEBT_CONSOLIDATION
LN-502637,CUST-106018,2025-05-17,0,0,False,False,12560.119999999999,Current,DEBT_CONSOLIDATION
LN-502638,CUST-107453,2025-05-17,0,0,False,False,31656.535,Current,DEBT_CONSOLIDATION
LN-502639,CUST-102509,2025-05-17,0,0,False,False,16651.627500000006,Current,DEBT_CONSOLIDATION
LN-502640,CUST-101554,2025-05-17,0,0,False,False,16777.62750000001,Current,DEBT_CONSOLIDATION
LN-502641,CUST-101048,2025-05-17,0,0,False,False,6797.819999999995,Current,DEBT_CONSOLIDATION
LN-502642,CUST-104573,2025-05-17,0,0,False,False,21038.89,Current,DEBT_CONSOLIDATION
LN-502643,CUST-106049,2025-05-17,0,0,False,False,33706.60500000001,Current,DEBT_CONSOLIDATION
LN-502644,CUST-103050,2025-05-17,0,0,False,False,6297.605000000001,Current,DEBT_CONSOLIDATION
LN-502645,CUST-101475,2025-05-17,0,0,False,False,19296.175,Current,DEBT_CONSOLIDATION
LN-502646,CUST-106424,2025-05-17,0,0,False,False,16428.660000000003,Current,DEBT_CONSOLIDATION
LN-502647,CUST-104102,2025-05-17,0,0,False,False,9654.010000000002,Current,DEBT_CONSOLIDATION
LN-502648,CUST-104918,2025-05-17,0,0,False,False,315535.60000000003,Current,DEBT_CONSOLIDATION
LN-502649,CUST-102865,2025-05-17,0,0,False,False,40594.11500000001,Current,DEBT_CONSOLIDATION
LN-502650,CUST-106628,2025-05-17,0,0,False,False,27927.109999999993,Current,DEBT_CONSOLIDATION
LN-502651,CUST-104904,2025-05-17,0,0,False,False,24389.850000000006,Current,DEBT_CONSOLIDATION
LN-502652,CUST-102426,2025-05-17,0,0,False,False,34593.39,Current,DEBT_CONSOLIDATION
LN-502653,CUST-107140,2025-05-17,0,0,False,False,44939.5575,Current,DEBT_CONSOLIDATION
LN-502654,CUST-102753,2025-05-17,0,0,False,False,13024.637500000008,Current,DEBT_CONSOLIDATION
LN-502655,CUST-105024,2025-05-17,0,0,False,False,25167.93,Current,DEBT_CONSOLIDATION
LN-502656,CUST-103938,2025-05-17,4,219,False,False,38449.74,90+,DEBT_CONSOLIDATION
LN-502657,CUST-104560,2025-05-17,0,0,False,False,34692.582500000004,Current,DEBT_CONSOLIDATION
LN-502658,CUST-107599,2025-05-17,0,0,False,False,2774.024999999999,Current,DEBT_CONSOLIDATION
LN-502659,CUST-104873,2025-05-17,0,0,False,False,8217.075000000012,Current,DEBT_CONSOLIDATION
LN-502660,CUST-105501,2025-05-17,0,0,False,False,4771.605000000002,Current,DEBT_CONSOLIDATION
LN-502661,CUST-103031,2025-05-17,0,0,False,False,8671.012499999997,Current,DEBT_CONSOLIDATION
LN-502662,CUST-103666,2025-05-17,0,0,False,False,10830.455000000009,Current,DEBT_CONSOLIDATION
LN-502663,CUST-106510,2025-05-17,1,15,True,False,8296.499999999996,1-29,DEBT_CONSOLIDATION
LN-502664,CUST-104771,2025-05-17,0,0,False,False,16240.139999999996,Current,DEBT_CONSOLIDATION
LN-502665,CUST-100432,2025-05-17,0,0,False,False,50961.034999999996,Current,DEBT_CONSOLIDATION
LN-502666,CUST-102202,2025-05-17,0,0,False,False,5758.575000000003,Current,DEBT_CONSOLIDATION
LN-502667,CUST-107894,2025-05-17,0,0,False,False,18123.1175,Current,DEBT_CONSOLIDATION
LN-502668,CUST-106443,2025-05-17,0,0,False,False,41619.81000000001,Current,DEBT_CONSOLIDATION
LN-502669,CUST-100850,2025-05-17,0,0,False,False,12136.3925,Current,DEBT_CONSOLIDATION
LN-502670,CUST-103367,2025-05-17,1,12,False,False,12834.190000000002,1-29,DEBT_CONSOLIDATION
LN-502671,CUST-101748,2025-05-17,0,0,False,False,8800.73,Current,DEBT_CONSOLIDATION
LN-502672,CUST-105272,2025-05-17,0,0,False,False,38093.81,Current,DEBT_CONSOLIDATION
LN-502673,CUST-103836,2025-05-17,0,0,False,False,7059.440000000006,Current,DEBT_CONSOLIDATION
LN-502674,CUST-102762,2025-05-17,0,0,False,False,3571.33,Current,DEBT_CONSOLIDATION
LN-502675,CUST-105899,2025-05-17,0,0,False,False,2475.5499999999997,Current,DEBT_CONSOLIDATION
LN-502676,CUST-100793,2025-05-17,0,0,False,False,27957.95,Current,DEBT_CONSOLIDATION
LN-502677,CUST-107425,2025-05-17,0,0,False,False,15705.93,Current,DEBT_CONSOLIDATION
LN-502678,CUST-100215,2025-05-17,0,0,False,False,31087.550000000017,Current,DEBT_CONSOLIDATION
LN-502679,CUST-100472,2025-05-17,0,0,False,False,15694.800000000003,Current,DEBT_CONSOLIDATION
LN-502680,CUST-100135,2025-05-17,0,0,False,False,115903.94500000005,Current,DEBT_CONSOLIDATION
LN-502681,CUST-102669,2025-05-17,0,0,False,False,3379.11,Current,DEBT_CONSOLIDATION
LN-502682,CUST-106717,2025-05-17,1,11,False,False,589571.96,1-29,DEBT_CONSOLIDATION
LN-502683,CUST-102856,2025-05-17,0,0,False,False,16144.280000000012,Current,DEBT_CONSOLIDATION
LN-502684,CUST-106011,2025-05-17,0,0,False,False,22917.295,Current,DEBT_CONSOLIDATION
LN-502685,CUST-102366,2025-05-17,0,0,False,False,627738.2175000001,Current,DEBT_CONSOLIDATION
LN-502686,CUST-100456,2025-05-17,0,0,False,False,580103.4575000001,Current,DEBT_CONSOLIDATION
LN-502687,CUST-105817,2025-05-17,0,0,False,False,13194.125000000011,Current,DEBT_CONSOLIDATION
LN-502688,CUST-104522,2025-05-17,0,0,False,False,29373.649999999987,Current,DEBT_CONSOLIDATION
LN-502689,CUST-102321,2025-05-17,0,0,False,False,24605.819999999996,Current,DEBT_CONSOLIDATION
LN-502690,CUST-101215,2025-05-17,0,0,False,False,9558.284999999994,Current,DEBT_CONSOLIDATION
LN-502691,CUST-102161,2025-05-17,0,0,False,False,35649.34,Current,DEBT_CONSOLIDATION
LN-502692,CUST-102989,2025-05-17,0,0,False,False,25038.069999999996,Current,DEBT_CONSOLIDATION
LN-502693,CUST-107680,2025-05-17,0,0,False,False,4336.599999999999,Current,DEBT_CONSOLIDATION
LN-502694,CUST-101468,2025-05-17,0,0,False,False,14009.094999999994,Current,DEBT_CONSOLIDATION
LN-502695,CUST-100025,2025-05-17,0,0,False,False,140760.93250000002,Current,DEBT_CONSOLIDATION
LN-502696,CUST-101500,2025-05-17,0,0,False,False,8524.199999999999,Current,DEBT_CONSOLIDATION
LN-502697,CUST-101684,2025-05-17,0,0,False,False,4192.227500000001,Current,DEBT_CONSOLIDATION
LN-502698,CUST-101254,2025-05-17,0,0,False,False,8678.99,Current,DEBT_CONSOLIDATION
LN-502699,CUST-102202,2025-05-17,0,0,False,False,501607.91,Current,DEBT_CONSOLIDATION
LN-502700,CUST-104595,2025-05-17,0,0,False,False,17644.609999999993,Current,DEBT_CONSOLIDATION
LN-502701,CUST-103278,2025-05-17,0,0,False,False,119336.02999999998,Current,DEBT_CONSOLIDATION
LN-502702,CUST-102029,2025-05-17,0,0,False,False,170160.57000000007,Current,DEBT_CONSOLIDATION
LN-502703,CUST-102472,2025-05-17,0,0,False,False,9045.000000000007,Current,DEBT_CONSOLIDATION
LN-502704,CUST-101456,2025-05-17,0,0,False,False,30637.769999999997,Current,DEBT_CONSOLIDATION
LN-502705,CUST-103180,2025-05-17,0,0,False,False,112108.885,Current,DEBT_CONSOLIDATION
LN-502706,CUST-107914,2025-05-17,0,0,False,False,44123.25000000001,Current,DEBT_CONSOLIDATION
LN-502707,CUST-106454,2025-05-17,0,0,False,False,2209.74,Current,DEBT_CONSOLIDATION
LN-502708,CUST-104583,2025-05-17,0,0,False,False,18207.989999999998,Current,DEBT_CONSOLIDATION
LN-502709,CUST-101240,2025-05-17,0,0,False,False,11825.850000000008,Current,DEBT_CONSOLIDATION
LN-502710,CUST-103882,2025-05-17,0,0,False,False,38281.79000000001,Current,DEBT_CONSOLIDATION
LN-502711,CUST-104538,2025-05-17,0,0,False,False,58191.829999999994,Current,DEBT_CONSOLIDATION
LN-502712,CUST-101314,2025-05-17,0,0,False,False,10281.804999999997,Current,DEBT_CONSOLIDATION
LN-502713,CUST-106075,2025-05-17,0,0,False,False,209717.59500000003,Current,DEBT_CONSOLIDATION
LN-502714,CUST-100640,2025-05-17,0,0,False,False,2260.8800000000006,Current,DEBT_CONSOLIDATION
LN-502715,CUST-104253,2025-05-17,0,0,False,False,8388.935000000001,Current,DEBT_CONSOLIDATION
LN-502717,CUST-106394,2025-05-17,0,0,False,False,32111.970000000023,Current,DEBT_CONSOLIDATION
LN-502718,CUST-103011,2025-05-17,0,0,False,False,6223.737499999999,Current,DEBT_CONSOLIDATION
LN-502719,CUST-103623,2025-05-17,0,0,False,False,14757.330000000009,Current,DEBT_CONSOLIDATION
LN-502721,CUST-106411,2025-05-17,0,0,False,False,5950.342500000002,Current,DEBT_CONSOLIDATION
LN-502722,CUST-100828,2025-05-17,0,0,False,False,476759.36750000005,Current,DEBT_CONSOLIDATION
LN-502723,CUST-101033,2025-05-17,0,0,False,False,11727.754999999997,Current,DEBT_CONSOLIDATION
LN-502724,CUST-105869,2025-05-17,0,0,False,False,29851.86,Current,DEBT_CONSOLIDATION
LN-502725,CUST-103462,2025-05-17,0,0,False,False,14360.575000000004,Current,DEBT_CONSOLIDATION
LN-502726,CUST-102971,2025-05-17,0,0,False,False,26435.07,Current,DEBT_CONSOLIDATION
LN-502727,CUST-107753,2025-05-17,0,0,False,False,1666.5,Current,DEBT_CONSOLIDATION
LN-502728,CUST-106920,2025-05-17,0,0,False,False,95060.30500000001,Current,DEBT_CONSOLIDATION
LN-502729,CUST-102863,2025-05-17,0,0,False,False,30388.13,Current,DEBT_CONSOLIDATION
LN-502730,CUST-101343,2025-05-17,0,0,False,False,11313.887500000006,Current,DEBT_CONSOLIDATION
LN-502731,CUST-100748,2025-05-17,0,0,False,False,14440.945000000002,Current,DEBT_CONSOLIDATION
LN-502732,CUST-104866,2025-05-17,0,0,False,False,100015.69,Current,DEBT_CONSOLIDATION
LN-502733,CUST-100253,2025-05-17,0,0,False,False,76421.825,Current,DEBT_CONSOLIDATION
LN-502734,CUST-101268,2025-05-17,0,0,False,False,5623.999999999999,Current,DEBT_CONSOLIDATION
LN-502735,CUST-105052,2025-05-17,0,0,False,False,442230.1700000002,Current,DEBT_CONSOLIDATION
LN-502736,CUST-102311,2025-05-17,0,0,False,False,53598.1975,Current,DEBT_CONSOLIDATION
LN-502737,CUST-103701,2025-05-17,0,0,False,False,2368.124999999998,Current,DEBT_CONSOLIDATION
LN-502738,CUST-107901,2025-05-17,0,0,False,False,5107.615000000002,Current,DEBT_CONSOLIDATION
LN-502740,CUST-103034,2025-05-17,0,0,False,False,7220.539999999997,Current,DEBT_CONSOLIDATION
LN-502741,CUST-103501,2025-05-17,0,0,False,False,6392.349999999998,Current,DEBT_CONSOLIDATION
LN-502742,CUST-104687,2025-05-17,0,0,False,False,45859.295000000035,Current,DEBT_CONSOLIDATION
LN-502743,CUST-105511,2025-05-17,0,0,False,False,8016.990000000008,Current,DEBT_CONSOLIDATION
LN-502744,CUST-101851,2025-05-17,0,0,False,False,29149.52,Current,DEBT_CONSOLIDATION
LN-502745,CUST-101009,2025-05-17,0,0,False,False,49073.082500000004,Current,DEBT_CONSOLIDATION
LN-502746,CUST-105801,2025-05-17,0,0,False,False,590977.5425,Current,DEBT_CONSOLIDATION
LN-502747,CUST-100693,2025-05-17,0,0,False,False,11055.11,Current,DEBT_CONSOLIDATION
LN-502748,CUST-105169,2025-05-17,0,0,False,False,9940.0175,Current,DEBT_CONSOLIDATION
LN-502749,CUST-100108,2025-05-17,0,0,False,False,15490.65000000001,Current,DEBT_CONSOLIDATION
LN-502750,CUST-107460,2025-05-17,0,0,False,False,6603.070000000002,Current,DEBT_CONSOLIDATION
LN-502751,CUST-100132,2025-05-17,0,0,False,False,18143.684999999994,Current,DEBT_CONSOLIDATION
LN-502752,CUST-101155,2025-05-17,0,0,False,False,29388.509999999995,Current,DEBT_CONSOLIDATION
LN-502753,CUST-106340,2025-05-17,0,0,False,False,37477.01000000002,Current,DEBT_CONSOLIDATION
LN-502755,CUST-101353,2025-05-17,0,0,False,False,15940.572499999993,Current,DEBT_CONSOLIDATION
LN-502756,CUST-100886,2025-05-17,1,30,False,False,14464.4825,1-29,DEBT_CONSOLIDATION
LN-502757,CUST-101944,2025-05-17,0,0,False,False,38710.052500000005,Current,DEBT_CONSOLIDATION
LN-502758,CUST-104508,2025-05-17,0,0,False,False,8037.790000000009,Current,DEBT_CONSOLIDATION
LN-502759,CUST-105340,2025-05-17,0,0,False,False,29496.18,Current,DEBT_CONSOLIDATION
LN-502760,CUST-102081,2025-05-17,0,0,False,False,35441.53749999998,Current,DEBT_CONSOLIDATION
LN-502762,CUST-103114,2025-05-17,0,0,False,False,15005.195000000005,Current,DEBT_CONSOLIDATION
LN-502763,CUST-107611,2025-05-17,0,0,False,False,9643.659999999985,Current,DEBT_CONSOLIDATION
LN-502764,CUST-103519,2025-05-17,0,0,False,False,112495.02000000002,Current,DEBT_CONSOLIDATION
LN-502765,CUST-104227,2025-05-17,0,0,False,False,12582.419999999998,Current,DEBT_CONSOLIDATION
LN-502767,CUST-100210,2025-05-17,0,0,False,False,23195.885,Current,DEBT_CONSOLIDATION
LN-502768,CUST-100742,2025-05-17,0,0,False,False,14249.060000000005,Current,DEBT_CONSOLIDATION
LN-502769,CUST-103914,2025-05-17,0,0,False,False,115946.5525,Current,DEBT_CONSOLIDATION
LN-502770,CUST-102592,2025-05-17,0,0,False,False,22414.810000000005,Current,DEBT_CONSOLIDATION
LN-502771,CUST-100053,2025-05-17,0,0,False,False,15120.94,Current,DEBT_CONSOLIDATION
LN-502772,CUST-107052,2025-05-17,0,0,False,False,20194.747499999998,Current,DEBT_CONSOLIDATION
LN-502773,CUST-102478,2025-05-17,0,0,False,False,16065.884999999991,Current,DEBT_CONSOLIDATION
LN-502774,CUST-107308,2025-05-17,0,0,False,False,16651.41,Current,DEBT_CONSOLIDATION
LN-502775,CUST-102105,2025-05-17,0,0,False,False,13365.065000000004,Current,DEBT_CONSOLIDATION
LN-502776,CUST-105565,2025-05-17,0,0,False,False,123735.2375,Current,DEBT_CONSOLIDATION
LN-502777,CUST-104971,2025-05-17,0,0,False,False,111782.6975000001,Current,DEBT_CONSOLIDATION
LN-502778,CUST-104225,2025-05-17,0,0,False,False,5916.704999999999,Current,DEBT_CONSOLIDATION
LN-502779,CUST-100593,2025-05-17,0,0,False,False,2675.1750000000015,Current,DEBT_CONSOLIDATION
LN-502780,CUST-104172,2025-05-17,0,0,False,False,13897.075000000008,Current,DEBT_CONSOLIDATION
LN-502781,CUST-104537,2025-05-17,0,0,False,False,20014.98250000001,Current,DEBT_CONSOLIDATION
LN-502782,CUST-103585,2025-05-17,0,0,False,False,21611.71000000001,Current,DEBT_CONSOLIDATION
LN-502784,CUST-104298,2025-05-17,0,0,False,False,3377.1524999999992,Current,DEBT_CONSOLIDATION
LN-502785,CUST-100144,2025-05-17,1,7,False,False,35347.58500000001,1-29,DEBT_CONSOLIDATION
LN-502786,CUST-103754,2025-05-17,0,0,False,False,25505.00500000001,Current,DEBT_CONSOLIDATION
LN-502787,CUST-100358,2025-05-17,0,0,False,False,50714.59,Current,DEBT_CONSOLIDATION
LN-502788,CUST-106036,2025-05-17,0,0,False,False,9267.504999999996,Current,DEBT_CONSOLIDATION
LN-502789,CUST-104026,2025-05-17,0,0,False,False,12554.0325,Current,DEBT_CONSOLIDATION
LN-502791,CUST-102135,2025-05-17,0,0,False,False,44740.199999999975,Current,DEBT_CONSOLIDATION
LN-502792,CUST-100239,2025-05-17,0,0,False,False,28966.730000000003,Current,DEBT_CONSOLIDATION
LN-502793,CUST-107372,2025-05-17,0,0,False,False,114090.84499999988,Current,DEBT_CONSOLIDATION
LN-502794,CUST-104730,2025-05-17,0,0,False,False,53246.74,Current,DEBT_CONSOLIDATION
LN-502795,CUST-100256,2025-05-17,0,0,False,False,27251.54999999999,Current,DEBT_CONSOLIDATION
LN-502796,CUST-101540,2025-05-17,0,0,False,False,18056.539999999997,Current,DEBT_CONSOLIDATION
LN-502797,CUST-100224,2025-05-17,0,0,False,False,136918.155,Current,DEBT_CONSOLIDATION
LN-502798,CUST-104283,2025-05-17,0,0,False,False,51988.04000000001,Current,DEBT_CONSOLIDATION
LN-502799,CUST-104784,2025-05-17,1,2,False,False,15039.22,1-29,DEBT_CONSOLIDATION
LN-502800,CUST-100308,2025-05-17,0,0,False,False,7368.2175,Current,DEBT_CONSOLIDATION
LN-502801,CUST-107798,2025-05-17,0,0,False,False,21256.32,Current,DEBT_CONSOLIDATION
LN-502802,CUST-104126,2025-05-17,0,0,False,False,13626.170000000006,Current,DEBT_CONSOLIDATION
LN-502803,CUST-106861,2025-05-17,0,0,False,False,11802.462499999998,Current,DEBT_CONSOLIDATION
LN-502805,CUST-100024,2025-05-17,0,0,False,False,36642.71000000004,Current,DEBT_CONSOLIDATION
LN-502806,CUST-103870,2025-05-17,0,0,False,False,10136.279999999986,Current,DEBT_CONSOLIDATION
LN-502807,CUST-102393,2025-05-17,0,0,False,False,33104.3575,Current,DEBT_CONSOLIDATION
LN-502808,CUST-102898,2025-05-17,0,0,False,False,22714.924999999996,Current,DEBT_CONSOLIDATION
LN-502809,CUST-103860,2025-05-17,0,0,False,False,28245.15,Current,DEBT_CONSOLIDATION
LN-502810,CUST-105276,2025-05-17,0,0,False,False,14964.354999999989,Current,DEBT_CONSOLIDATION
LN-502811,CUST-104448,2025-05-17,0,0,False,False,127457.08,Current,DEBT_CONSOLIDATION
LN-502812,CUST-102216,2025-05-17,0,0,False,False,12292.110000000008,Current,DEBT_CONSOLIDATION
LN-502813,CUST-107514,2025-05-17,0,0,False,False,307495.00499999966,Current,DEBT_CONSOLIDATION
LN-502814,CUST-102914,2025-05-17,0,0,False,False,22372.075000000004,Current,DEBT_CONSOLIDATION
LN-502815,CUST-100919,2025-05-17,0,0,False,False,7055.414999999999,Current,DEBT_CONSOLIDATION
LN-502816,CUST-102535,2025-05-17,0,0,False,False,53456.635,Current,DEBT_CONSOLIDATION
LN-502817,CUST-100325,2025-05-17,0,0,False,False,35836.72000000005,Current,DEBT_CONSOLIDATION
LN-502818,CUST-103036,2025-05-17,0,0,False,False,83415.16000000009,Current,DEBT_CONSOLIDATION
LN-502819,CUST-103979,2025-05-17,0,0,False,False,27398.82,Current,DEBT_CONSOLIDATION
LN-502820,CUST-104779,2025-05-17,0,0,False,False,10342.185,Current,DEBT_CONSOLIDATION
LN-502821,CUST-104247,2025-05-17,0,0,False,False,40784.28000000006,Current,DEBT_CONSOLIDATION
LN-502822,CUST-106151,2025-05-17,0,0,False,False,16334.227500000005,Current,DEBT_CONSOLIDATION
LN-502823,CUST-106637,2025-05-17,0,0,False,False,10674.099999999995,Current,DEBT_CONSOLIDATION
LN-502825,CUST-106690,2025-05-17,0,0,False,False,28499.60999999999,Current,DEBT_CONSOLIDATION
LN-502826,CUST-101352,2025-05-17,2,38,False,False,3338.485,30-59,DEBT_CONSOLIDATION
LN-502827,CUST-102826,2025-05-17,0,0,False,False,7689.5650000000005,Current,DEBT_CONSOLIDATION
LN-502828,CUST-103224,2025-05-17,0,0,False,False,19736.195,Current,DEBT_CONSOLIDATION
LN-502829,CUST-106167,2025-05-17,0,0,False,False,18859.86750000002,Current,DEBT_CONSOLIDATION
LN-502830,CUST-104712,2025-05-17,1,1,False,False,53009.645000000004,1-29,DEBT_CONSOLIDATION
LN-502831,CUST-102604,2025-05-17,0,0,False,False,5293.957500000002,Current,DEBT_CONSOLIDATION
LN-502832,CUST-101072,2025-05-17,0,0,False,False,8747.162500000002,Current,DEBT_CONSOLIDATION
LN-502833,CUST-101883,2025-05-17,0,0,False,False,42439.49999999998,Current,DEBT_CONSOLIDATION
LN-502834,CUST-101271,2025-05-17,0,0,False,False,23334.119999999984,Current,DEBT_CONSOLIDATION
LN-502835,CUST-101962,2025-05-17,0,0,False,False,36415.60000000001,Current,DEBT_CONSOLIDATION
LN-502836,CUST-107216,2025-05-17,0,0,False,False,9360.980000000009,Current,DEBT_CONSOLIDATION
LN-502837,CUST-100360,2025-05-17,1,16,False,False,41403.005000000005,1-29,DEBT_CONSOLIDATION
LN-502838,CUST-101250,2025-05-17,0,0,False,False,9138.370000000014,Current,DEBT_CONSOLIDATION
LN-502839,CUST-100059,2025-05-17,0,0,False,False,11669.377500000004,Current,DEBT_CONSOLIDATION
LN-502840,CUST-105217,2025-05-17,0,0,False,False,11561.555000000015,Current,DEBT_CONSOLIDATION
LN-502841,CUST-105748,2025-05-17,0,0,False,False,13913.839999999993,Current,DEBT_CONSOLIDATION
LN-502842,CUST-101141,2025-05-17,0,0,False,False,47613.0225,Current,DEBT_CONSOLIDATION
LN-502843,CUST-102780,2025-05-17,0,0,False,False,40541.98999999996,Current,DEBT_CONSOLIDATION
LN-502844,CUST-100140,2025-05-17,0,0,False,False,15129.8125,Current,DEBT_CONSOLIDATION
LN-502845,CUST-100507,2025-05-17,0,0,False,False,54705.45999999998,Current,DEBT_CONSOLIDATION
LN-502846,CUST-102205,2025-05-17,0,0,False,False,21790.695,Current,DEBT_CONSOLIDATION
LN-502847,CUST-107225,2025-05-17,0,0,False,False,18834.6325,Current,DEBT_CONSOLIDATION
LN-502848,CUST-101706,2025-05-17,0,0,False,False,30086.85,Current,DEBT_CONSOLIDATION
LN-502849,CUST-100267,2025-05-17,0,0,False,False,5441.514999999999,Current,DEBT_CONSOLIDATION
LN-502850,CUST-103297,2025-05-17,0,0,False,False,41541.78000000002,Current,DEBT_CONSOLIDATION
LN-502851,CUST-100582,2025-05-17,0,0,False,False,31750.78,Current,DEBT_CONSOLIDATION
LN-502852,CUST-103875,2025-05-17,0,0,False,False,86320.38249999998,Current,DEBT_CONSOLIDATION
LN-502854,CUST-107154,2025-05-17,0,0,False,False,5320.3699999999935,Current,DEBT_CONSOLIDATION
LN-502855,CUST-105919,2025-05-17,0,0,False,False,42237.07,Current,DEBT_CONSOLIDATION
LN-502856,CUST-102873,2025-05-17,0,0,False,False,13973.719999999996,Current,DEBT_CONSOLIDATION
LN-502857,CUST-105569,2025-05-17,0,0,False,False,239990.78000000003,Current,DEBT_CONSOLIDATION
LN-502858,CUST-105488,2025-05-17,0,0,False,False,22060.240000000005,Current,DEBT_CONSOLIDATION
LN-502859,CUST-105288,2025-05-17,0,0,False,False,22044.450000000004,Current,DEBT_CONSOLIDATION
LN-502860,CUST-105203,2025-05-17,0,0,False,False,4660.76,Current,DEBT_CONSOLIDATION
LN-502861,CUST-102532,2025-05-17,0,0,False,False,17746.784999999993,Current,DEBT_CONSOLIDATION
LN-502862,CUST-102643,2025-05-17,0,0,False,False,27277.930000000008,Current,DEBT_CONSOLIDATION
LN-502863,CUST-101840,2025-05-17,0,0,False,False,433959.85000000015,Current,DEBT_CONSOLIDATION
LN-502864,CUST-105761,2025-05-17,0,0,False,False,13336.982500000004,Current,DEBT_CONSOLIDATION
LN-502865,CUST-106563,2025-05-17,0,0,False,False,29939.190000000017,Current,DEBT_CONSOLIDATION
LN-502866,CUST-104224,2025-05-17,0,0,False,False,19241.93500000002,Current,DEBT_CONSOLIDATION
LN-502867,CUST-101647,2025-05-17,0,0,False,False,23856.439999999984,Current,DEBT_CONSOLIDATION
LN-502868,CUST-100872,2025-05-17,0,0,False,False,25287.734999999982,Current,DEBT_CONSOLIDATION
LN-502869,CUST-105804,2025-05-17,0,0,False,False,7191.629999999999,Current,DEBT_CONSOLIDATION
LN-502870,CUST-107138,2025-05-17,0,0,False,False,40677.585000000014,Current,DEBT_CONSOLIDATION
LN-502871,CUST-102258,2025-05-17,0,0,False,False,18828.809999999998,Current,DEBT_CONSOLIDATION
LN-502872,CUST-105331,2025-05-17,0,0,False,False,139101.47750000004,Current,DEBT_CONSOLIDATION
LN-502873,CUST-106503,2025-05-17,1,14,False,False,38150.48999999999,1-29,DEBT_CONSOLIDATION
LN-502874,CUST-106200,2025-05-17,0,0,False,False,9251.3575,Current,DEBT_CONSOLIDATION
LN-502875,CUST-103510,2025-05-17,0,0,False,False,601865.62,Current,DEBT_CONSOLIDATION
LN-502876,CUST-104973,2025-05-17,0,0,False,False,12516.11,Current,DEBT_CONSOLIDATION
LN-502877,CUST-100469,2025-05-17,0,0,False,False,1793.7999999999988,Current,DEBT_CONSOLIDATION
LN-502878,CUST-106782,2025-05-17,0,0,False,False,39873.5025,Current,DEBT_CONSOLIDATION
LN-502879,CUST-103375,2025-05-17,0,0,False,False,21544.42499999999,Current,DEBT_CONSOLIDATION
LN-502880,CUST-100512,2025-05-17,0,0,False,False,11116.359999999999,Current,DEBT_CONSOLIDATION
LN-502881,CUST-107588,2025-05-17,0,0,False,False,39191.82,Current,DEBT_CONSOLIDATION
LN-502882,CUST-106117,2025-05-17,0,0,False,False,13083.039999999997,Current,DEBT_CONSOLIDATION
LN-502884,CUST-104757,2025-05-17,0,0,False,False,8245.330000000002,Current,DEBT_CONSOLIDATION
LN-502885,CUST-103198,2025-05-17,0,0,False,False,50777.405000000006,Current,DEBT_CONSOLIDATION
LN-502886,CUST-107466,2025-05-17,0,0,False,False,30581.2575,Current,DEBT_CONSOLIDATION
LN-502887,CUST-106825,2025-05-17,0,0,False,False,8687.25000000001,Current,DEBT_CONSOLIDATION
LN-502888,CUST-107586,2025-05-17,0,0,False,False,12991.752499999997,Current,DEBT_CONSOLIDATION
LN-502889,CUST-100893,2025-05-17,0,0,False,False,213570.02999999997,Current,DEBT_CONSOLIDATION
LN-502890,CUST-106862,2025-05-17,0,0,False,False,2653.4649999999997,Current,DEBT_CONSOLIDATION
LN-502891,CUST-105986,2025-05-17,0,0,False,False,68816.11999999998,Current,DEBT_CONSOLIDATION
LN-502892,CUST-105781,2025-05-17,0,0,False,False,32398.6,Current,DEBT_CONSOLIDATION
LN-502893,CUST-100860,2025-05-17,0,0,False,False,28291.52,Current,DEBT_CONSOLIDATION
LN-502894,CUST-107701,2025-05-17,0,0,False,False,35698.03749999997,Current,DEBT_CONSOLIDATION
LN-502895,CUST-103423,2025-05-17,0,0,False,False,14474.6,Current,DEBT_CONSOLIDATION
LN-502896,CUST-106891,2025-05-17,0,0,False,False,16413.61999999999,Current,DEBT_CONSOLIDATION
LN-502897,CUST-102214,2025-05-17,0,0,False,False,33965.60000000002,Current,DEBT_CONSOLIDATION
LN-502898,CUST-106241,2025-05-17,2,56,False,False,24882.079999999994,30-59,DEBT_CONSOLIDATION
LN-502899,CUST-105783,2025-05-17,0,0,False,False,33485.375,Current,DEBT_CONSOLIDATION
LN-502900,CUST-100198,2025-05-17,0,0,False,False,22108.67999999999,Current,DEBT_CONSOLIDATION
LN-502901,CUST-105971,2025-05-17,1,16,False,False,10539.334999999995,1-29,DEBT_CONSOLIDATION
LN-502902,CUST-100330,2025-05-17,4,100,False,False,10309.015000000001,90+,DEBT_CONSOLIDATION
LN-502903,CUST-106745,2025-05-17,0,0,False,False,9313.974999999999,Current,DEBT_CONSOLIDATION
LN-502904,CUST-107250,2025-05-17,0,0,False,False,41062.56500000003,Current,DEBT_CONSOLIDATION
LN-502905,CUST-107856,2025-05-17,0,0,False,False,27364.505000000016,Current,DEBT_CONSOLIDATION
LN-502909,CUST-103591,2025-05-17,0,0,False,False,23864.260000000006,Current,DEBT_CONSOLIDATION
LN-502910,CUST-101270,2025-05-17,0,0,False,False,6269.149999999998,Current,DEBT_CONSOLIDATION
LN-502911,CUST-106757,2025-05-17,0,0,True,False,27519.277500000004,Current,DEBT_CONSOLIDATION
LN-502912,CUST-105679,2025-05-17,0,0,False,False,15555.932499999999,Current,DEBT_CONSOLIDATION
LN-502913,CUST-101238,2025-05-17,0,0,False,False,72458.11999999998,Current,DEBT_CONSOLIDATION
LN-502914,CUST-107353,2025-05-17,0,0,False,False,8619.5325,Current,DEBT_CONSOLIDATION
LN-502915,CUST-102302,2025-05-17,1,13,False,False,35725.82000000001,1-29,DEBT_CONSOLIDATION
LN-502916,CUST-103173,2025-05-17,0,0,False,False,7640.809999999998,Current,DEBT_CONSOLIDATION
LN-502917,CUST-107882,2025-05-17,0,0,False,False,44871.22750000002,Current,DEBT_CONSOLIDATION
LN-502918,CUST-106867,2025-05-17,0,0,False,False,23577.842500000002,Current,DEBT_CONSOLIDATION
LN-502919,CUST-103986,2025-05-17,0,0,False,False,39071.104999999996,Current,DEBT_CONSOLIDATION
LN-502920,CUST-102979,2025-05-17,2,54,False,False,27483.355000000003,30-59,DEBT_CONSOLIDATION
LN-502921,CUST-107203,2025-05-17,0,0,False,False,44815.87249999998,Current,DEBT_CONSOLIDATION
LN-502923,CUST-104315,2025-05-17,0,0,False,False,8211.519999999999,Current,DEBT_CONSOLIDATION
LN-502924,CUST-106821,2025-05-17,0,0,False,False,46936.965,Current,DEBT_CONSOLIDATION
LN-502925,CUST-107136,2025-05-17,0,0,False,False,19894.26749999999,Current,DEBT_CONSOLIDATION
LN-502926,CUST-103625,2025-05-17,0,0,False,False,12806.74,Current,DEBT_CONSOLIDATION
LN-502927,CUST-101680,2025-05-17,0,0,False,False,26173.979999999996,Current,DEBT_CONSOLIDATION
LN-502928,CUST-107426,2025-05-17,0,0,False,False,25396.502500000002,Current,DEBT_CONSOLIDATION
LN-502929,CUST-104219,2025-05-17,0,0,False,False,14436.189999999999,Current,DEBT_CONSOLIDATION
LN-502930,CUST-103993,2025-05-17,0,0,False,False,19093.17,Current,DEBT_CONSOLIDATION
LN-502931,CUST-103793,2025-05-17,0,0,False,False,21381.95,Current,DEBT_CONSOLIDATION
LN-502932,CUST-102752,2025-05-17,0,0,False,False,23797.322500000002,Current,DEBT_CONSOLIDATION
LN-502933,CUST-104464,2025-05-17,0,0,False,False,85975.29000000005,Current,DEBT_CONSOLIDATION
LN-502934,CUST-105236,2025-05-17,0,0,True,False,122877.95999999999,Current,DEBT_CONSOLIDATION
LN-502935,CUST-101711,2025-05-17,0,0,False,False,35240.64499999995,Current,DEBT_CONSOLIDATION
LN-502936,CUST-104252,2025-05-17,0,0,False,False,23596.54000000001,Current,DEBT_CONSOLIDATION
LN-502937,CUST-103852,2025-05-17,0,0,False,False,4644.655000000001,Current,DEBT_CONSOLIDATION
LN-502938,CUST-105697,2025-05-17,0,0,False,False,17065.312499999996,Current,DEBT_CONSOLIDATION
LN-502939,CUST-101101,2025-05-17,0,0,False,False,15350.280000000006,Current,DEBT_CONSOLIDATION
LN-502940,CUST-102998,2025-05-17,0,0,False,False,21887.25,Current,DEBT_CONSOLIDATION
LN-502941,CUST-102834,2025-05-17,4,92,False,False,78170.47999999998,90+,DEBT_CONSOLIDATION
LN-502942,CUST-106110,2025-05-17,1,2,False,False,35480.04999999999,1-29,DEBT_CONSOLIDATION
LN-502943,CUST-103187,2025-05-17,0,0,False,False,32097.19,Current,DEBT_CONSOLIDATION
LN-502944,CUST-103013,2025-05-17,0,0,False,False,12152.739999999994,Current,DEBT_CONSOLIDATION
LN-502945,CUST-104017,2025-05-17,0,0,False,False,28764.32,Current,DEBT_CONSOLIDATION
LN-502946,CUST-105746,2025-05-17,0,0,False,False,39544.44,Current,DEBT_CONSOLIDATION
LN-502947,CUST-107774,2025-05-17,0,0,False,False,36132.617500000015,Current,DEBT_CONSOLIDATION
LN-502948,CUST-101351,2025-05-17,0,0,False,False,20485.197500000002,Current,DEBT_CONSOLIDATION
LN-502949,CUST-106543,2025-05-17,4,130,False,False,37898.05249999997,90+,DEBT_CONSOLIDATION
LN-502950,CUST-104686,2025-05-17,0,0,False,False,12603.19999999999,Current,DEBT_CONSOLIDATION
LN-502951,CUST-101736,2025-05-17,0,0,False,False,39127.815,Current,DEBT_CONSOLIDATION
LN-502952,CUST-106991,2025-05-17,1,10,False,False,32508.059999999998,1-29,DEBT_CONSOLIDATION
LN-502953,CUST-100604,2025-05-17,0,0,False,False,15493.169999999995,Current,DEBT_CONSOLIDATION
LN-502954,CUST-101829,2025-05-17,0,0,False,False,16252.549999999994,Current,DEBT_CONSOLIDATION
LN-502955,CUST-106565,2025-05-17,0,0,False,False,434607.4775000002,Current,DEBT_CONSOLIDATION
LN-502956,CUST-100482,2025-05-17,0,0,False,False,22590.56,Current,DEBT_CONSOLIDATION
LN-502957,CUST-107908,2025-05-17,0,0,True,False,575464.1899999998,Current,DEBT_CONSOLIDATION
LN-502958,CUST-103457,2025-05-17,0,0,False,False,11384.685,Current,DEBT_CONSOLIDATION
LN-502959,CUST-100104,2025-05-17,0,0,False,False,11426.13,Current,DEBT_CONSOLIDATION
LN-502960,CUST-103920,2025-05-17,0,0,False,False,79376.19500000007,Current,DEBT_CONSOLIDATION
LN-502961,CUST-105063,2025-05-17,0,0,False,False,16284.27,Current,DEBT_CONSOLIDATION
LN-502962,CUST-106796,2025-05-17,0,0,False,False,20971.512499999997,Current,DEBT_CONSOLIDATION
LN-502963,CUST-105914,2025-05-17,0,0,False,False,1356.16,Current,DEBT_CONSOLIDATION
LN-502964,CUST-103104,2025-05-17,0,0,False,False,11147.289999999999,Current,DEBT_CONSOLIDATION
LN-502965,CUST-107849,2025-05-17,0,0,False,False,12999.685000000001,Current,DEBT_CONSOLIDATION
LN-502967,CUST-106309,2025-05-17,0,0,False,False,18439.20500000001,Current,DEBT_CONSOLIDATION
LN-502968,CUST-105801,2025-05-17,0,0,False,False,13541.677500000009,Current,DEBT_CONSOLIDATION
LN-502969,CUST-103947,2025-05-17,0,0,False,False,30517.66000000002,Current,DEBT_CONSOLIDATION
LN-502970,CUST-107294,2025-05-17,0,0,False,False,15828.624999999982,Current,DEBT_CONSOLIDATION
LN-502971,CUST-103544,2025-05-17,0,0,False,False,29378.1125,Current,DEBT_CONSOLIDATION
LN-502973,CUST-107413,2025-05-17,0,0,False,False,2118.74,Current,DEBT_CONSOLIDATION
LN-502974,CUST-104211,2025-05-17,1,12,False,False,42827.81000000001,1-29,DEBT_CONSOLIDATION
LN-502975,CUST-105006,2025-05-17,0,0,False,False,19837.5775,Current,DEBT_CONSOLIDATION
LN-502976,CUST-101975,2025-05-17,0,0,False,False,11656.387500000006,Current,DEBT_CONSOLIDATION
LN-502977,CUST-106263,2025-05-17,0,0,False,False,14654.975,Current,DEBT_CONSOLIDATION
LN-502978,CUST-100413,2025-05-17,0,0,False,False,26154.32000000001,Current,DEBT_CONSOLIDATION
LN-502979,CUST-105151,2025-05-17,0,0,False,False,9259.769999999995,Current,DEBT_CONSOLIDATION
LN-502980,CUST-101288,2025-05-17,0,0,False,False,1547.9849999999997,Current,DEBT_CONSOLIDATION
LN-502981,CUST-104925,2025-05-17,0,0,False,False,9098.959999999997,Current,DEBT_CONSOLIDATION
LN-502982,CUST-103186,2025-05-17,0,0,False,False,35562.69500000001,Current,DEBT_CONSOLIDATION
LN-502983,CUST-102902,2025-05-17,0,0,False,False,14228.170000000002,Current,DEBT_CONSOLIDATION
LN-502984,CUST-102142,2025-05-17,0,0,False,False,5879.532500000001,Current,DEBT_CONSOLIDATION
LN-502985,CUST-105042,2025-05-17,0,0,False,False,7252.940000000007,Current,DEBT_CONSOLIDATION
LN-502986,CUST-102905,2025-05-17,0,0,False,False,41897.55250000002,Current,DEBT_CONSOLIDATION
LN-502987,CUST-106714,2025-05-17,0,0,False,True,38434.32,Current,DEBT_CONSOLIDATION
LN-502988,CUST-104379,2025-05-17,0,0,False,False,25057.5725,Current,DEBT_CONSOLIDATION
LN-502989,CUST-100782,2025-05-17,0,0,False,False,347568.2924999996,Current,DEBT_CONSOLIDATION
LN-502990,CUST-102392,2025-05-17,0,0,False,False,14788.474999999988,Current,DEBT_CONSOLIDATION
LN-502991,CUST-104571,2025-05-17,0,0,False,False,20893.342500000006,Current,DEBT_CONSOLIDATION
LN-502992,CUST-106245,2025-05-17,0,0,False,False,501386.94,Current,DEBT_CONSOLIDATION
LN-502993,CUST-100628,2025-05-17,0,0,False,False,115607.54000000001,Current,DEBT_CONSOLIDATION
LN-502994,CUST-100556,2025-05-17,1,1,False,False,25356.062500000004,1-29,DEBT_CONSOLIDATION
LN-502995,CUST-101147,2025-05-17,0,0,False,False,46218.839999999975,Current,DEBT_CONSOLIDATION
LN-502996,CUST-106138,2025-05-17,0,0,False,False,36970.2825,Current,DEBT_CONSOLIDATION
LN-502997,CUST-103063,2025-05-17,0,0,False,False,15437.012500000008,Current,DEBT_CONSOLIDATION
LN-502998,CUST-103920,2025-05-17,0,0,False,False,124547.54249999998,Current,DEBT_CONSOLIDATION
LN-502999,CUST-104327,2025-05-17,2,35,False,False,3868.63,30-59,DEBT_CONSOLIDATION
LN-503000,CUST-104928,2025-05-17,0,0,False,False,12117.439999999993,Current,DEBT_CONSOLIDATION
LN-503001,CUST-104259,2025-05-17,0,0,False,False,26421.15000000001,Current,DEBT_CONSOLIDATION
LN-503002,CUST-105207,2025-05-17,0,0,False,False,9149.015000000009,Current,DEBT_CONSOLIDATION
LN-503003,CUST-106364,2025-05-17,0,0,False,False,452047.2599999998,Current,DEBT_CONSOLIDATION
LN-503004,CUST-105152,2025-05-17,0,0,False,False,4702.59,Current,DEBT_CONSOLIDATION
LN-503005,CUST-103461,2025-05-17,0,0,False,False,2401.6200000000003,Current,DEBT_CONSOLIDATION
LN-503007,CUST-102535,2025-05-17,0,0,False,False,58364.11,Current,DEBT_CONSOLIDATION
LN-503010,CUST-104274,2025-05-17,0,0,True,False,31220.88000000002,Current,DEBT_CONSOLIDATION
LN-503011,CUST-106646,2025-05-17,0,0,False,False,9800.93,Current,DEBT_CONSOLIDATION
LN-503012,CUST-103590,2025-05-17,0,0,False,False,21429.38999999998,Current,DEBT_CONSOLIDATION
LN-503013,CUST-102284,2025-05-17,0,0,False,False,18455.95,Current,DEBT_CONSOLIDATION
LN-503014,CUST-107508,2025-05-17,1,7,False,False,17416.750000000004,1-29,DEBT_CONSOLIDATION
LN-503015,CUST-100845,2025-05-17,3,81,False,False,48911.8875,60-89,DEBT_CONSOLIDATION
LN-503016,CUST-104562,2025-05-17,0,0,False,False,3850.5800000000027,Current,DEBT_CONSOLIDATION
LN-503017,CUST-102915,2025-05-17,0,0,False,False,4422.2975000000015,Current,DEBT_CONSOLIDATION
LN-503018,CUST-105046,2025-05-17,0,0,False,False,15174.809999999998,Current,DEBT_CONSOLIDATION
LN-503019,CUST-103767,2025-05-17,0,0,False,False,361751.2200000001,Current,DEBT_CONSOLIDATION
LN-503020,CUST-107006,2025-05-17,0,0,False,False,9644.464999999993,Current,DEBT_CONSOLIDATION
LN-503021,CUST-102889,2025-05-17,0,0,False,False,25671.6,Current,DEBT_CONSOLIDATION
LN-503022,CUST-103894,2025-05-17,0,0,False,False,31137.6425,Current,DEBT_CONSOLIDATION
LN-503023,CUST-102377,2025-05-17,0,0,False,False,9959.625,Current,DEBT_CONSOLIDATION
LN-503024,CUST-105434,2025-05-17,0,0,False,False,40332.98499999999,Current,DEBT_CONSOLIDATION
LN-503025,CUST-105983,2025-05-17,0,0,False,False,8581.964999999987,Current,DEBT_CONSOLIDATION
LN-503026,CUST-102589,2025-05-17,0,0,False,False,17575.21499999998,Current,DEBT_CONSOLIDATION
LN-503027,CUST-101875,2025-05-17,0,0,False,False,2565.435,Current,DEBT_CONSOLIDATION
LN-503028,CUST-104955,2025-05-17,0,0,False,False,22570.535000000007,Current,DEBT_CONSOLIDATION
LN-503029,CUST-104708,2025-05-17,1,23,False,False,13708.470000000005,1-29,DEBT_CONSOLIDATION
LN-503030,CUST-106291,2025-05-17,0,0,False,False,36586.96249999998,Current,DEBT_CONSOLIDATION
LN-503031,CUST-107613,2025-05-17,0,0,False,False,28985.87,Current,DEBT_CONSOLIDATION
LN-503032,CUST-103648,2025-05-17,0,0,False,False,30190.28999999998,Current,DEBT_CONSOLIDATION
LN-503033,CUST-101552,2025-05-17,0,0,False,False,29772.47,Current,DEBT_CONSOLIDATION
LN-503034,CUST-102132,2025-05-17,0,0,False,False,8218.60999999999,Current,DEBT_CONSOLIDATION
LN-503035,CUST-100892,2025-05-17,0,0,False,False,30528.28500000002,Current,DEBT_CONSOLIDATION
LN-503036,CUST-100481,2025-05-17,0,0,False,False,139356.79000000004,Current,DEBT_CONSOLIDATION
LN-503037,CUST-104535,2025-05-17,0,0,False,False,18378.1225,Current,DEBT_CONSOLIDATION
LN-503038,CUST-105608,2025-05-17,0,0,False,False,2123.1449999999995,Current,DEBT_CONSOLIDATION
LN-503040,CUST-100480,2025-05-17,0,0,False,False,6615.96,Current,DEBT_CONSOLIDATION
LN-503041,CUST-100890,2025-05-17,0,0,False,False,43713.63000000001,Current,DEBT_CONSOLIDATION
LN-503042,CUST-105247,2025-05-17,0,0,False,False,29407.754999999994,Current,DEBT_CONSOLIDATION
LN-503043,CUST-104087,2025-05-17,0,0,False,False,36123.31249999998,Current,DEBT_CONSOLIDATION
LN-503045,CUST-106512,2025-05-17,0,0,False,False,16202.005000000017,Current,DEBT_CONSOLIDATION
LN-503046,CUST-103445,2025-05-17,0,0,False,False,23572.894999999997,Current,DEBT_CONSOLIDATION
LN-503047,CUST-107797,2025-05-17,0,0,False,False,10397.605000000005,Current,DEBT_CONSOLIDATION
LN-503048,CUST-101773,2025-05-17,0,0,False,False,30576.630000000005,Current,DEBT_CONSOLIDATION
LN-503049,CUST-100710,2025-05-17,0,0,False,False,29889.670000000002,Current,DEBT_CONSOLIDATION
LN-503050,CUST-104258,2025-05-17,0,0,False,False,53607.44,Current,DEBT_CONSOLIDATION
LN-503051,CUST-103874,2025-05-17,0,0,False,False,26805.62,Current,DEBT_CONSOLIDATION
LN-503052,CUST-102948,2025-05-17,0,0,False,False,11445.667500000003,Current,DEBT_CONSOLIDATION
LN-503053,CUST-107681,2025-05-17,0,0,False,False,6832.330000000001,Current,DEBT_CONSOLIDATION
LN-503054,CUST-103890,2025-05-17,0,0,False,False,28412.944999999996,Current,DEBT_CONSOLIDATION
LN-503055,CUST-107535,2025-05-17,1,9,False,False,11863.1475,1-29,DEBT_CONSOLIDATION
LN-503056,CUST-100158,2025-05-17,0,0,False,False,407531.76499999996,Current,DEBT_CONSOLIDATION
LN-503057,CUST-105144,2025-05-17,0,0,False,False,33966.94750000004,Current,DEBT_CONSOLIDATION
LN-503058,CUST-107691,2025-05-17,0,0,False,False,5196.714999999998,Current,DEBT_CONSOLIDATION
LN-503059,CUST-101522,2025-05-17,0,0,False,False,416640.75000000006,Current,DEBT_CONSOLIDATION
LN-503060,CUST-106733,2025-05-17,0,0,False,False,17783.157500000005,Current,DEBT_CONSOLIDATION
LN-503061,CUST-104236,2025-05-17,0,0,False,False,33764.159999999996,Current,DEBT_CONSOLIDATION
LN-503062,CUST-104234,2025-05-17,0,0,False,False,32924.74,Current,DEBT_CONSOLIDATION
LN-503063,CUST-101908,2025-05-17,0,0,False,False,6859.83,Current,DEBT_CONSOLIDATION
LN-503064,CUST-107206,2025-05-17,0,0,False,False,79848.73,Current,DEBT_CONSOLIDATION
LN-503065,CUST-102641,2025-05-17,0,0,False,False,20957.0525,Current,DEBT_CONSOLIDATION
LN-503066,CUST-104129,2025-05-17,0,0,False,False,10135.007499999996,Current,DEBT_CONSOLIDATION
LN-503067,CUST-104098,2025-05-17,0,0,False,False,9094.670000000002,Current,DEBT_CONSOLIDATION
LN-503068,CUST-105005,2025-05-17,0,0,False,False,103239.54000000004,Current,DEBT_CONSOLIDATION
LN-503069,CUST-101100,2025-05-17,0,0,False,False,18214.229999999992,Current,DEBT_CONSOLIDATION
LN-503070,CUST-106678,2025-05-17,0,0,False,False,7197.66,Current,DEBT_CONSOLIDATION
LN-503072,CUST-101077,2025-05-17,0,0,False,False,11631.0525,Current,DEBT_CONSOLIDATION
LN-503073,CUST-104240,2025-05-17,0,0,False,False,31528.69,Current,DEBT_CONSOLIDATION
LN-503074,CUST-106946,2025-05-17,0,0,False,False,11831.217499999999,Current,DEBT_CONSOLIDATION
LN-503075,CUST-103924,2025-05-17,0,0,False,False,19847.78499999999,Current,DEBT_CONSOLIDATION
LN-503076,CUST-106657,2025-05-17,0,0,False,False,25591.07,Current,DEBT_CONSOLIDATION
LN-503077,CUST-103931,2025-05-17,1,9,False,False,28176.29999999998,1-29,DEBT_CONSOLIDATION
LN-503078,CUST-107973,2025-05-17,0,0,False,False,3812.41,Current,DEBT_CONSOLIDATION
LN-503079,CUST-101506,2025-05-17,0,0,False,False,126118.5750000001,Current,DEBT_CONSOLIDATION
LN-503080,CUST-105599,2025-05-17,0,0,False,False,7072.942500000003,Current,DEBT_CONSOLIDATION
LN-503081,CUST-107071,2025-05-17,0,0,False,False,21455.434999999998,Current,DEBT_CONSOLIDATION
LN-503082,CUST-103946,2025-05-17,0,0,False,False,22435.114999999998,Current,DEBT_CONSOLIDATION
LN-503083,CUST-105722,2025-05-17,0,0,False,False,13845.170000000002,Current,DEBT_CONSOLIDATION
LN-503085,CUST-104895,2025-05-17,0,0,False,False,10614.879999999996,Current,DEBT_CONSOLIDATION
LN-503086,CUST-100749,2025-05-17,0,0,False,False,2286.8,Current,DEBT_CONSOLIDATION
LN-503087,CUST-107303,2025-05-17,0,0,False,False,31093.240000000013,Current,DEBT_CONSOLIDATION
LN-503088,CUST-106447,2025-05-17,0,0,False,False,23001.910000000003,Current,DEBT_CONSOLIDATION
LN-503089,CUST-101529,2025-05-17,0,0,False,False,245745.51,Current,DEBT_CONSOLIDATION
LN-503090,CUST-105792,2025-05-17,0,0,False,False,17118.982500000002,Current,DEBT_CONSOLIDATION
LN-503091,CUST-106533,2025-05-17,1,21,False,False,73464.38500000002,1-29,DEBT_CONSOLIDATION
LN-503092,CUST-105161,2025-05-17,0,0,False,False,14309.272500000001,Current,DEBT_CONSOLIDATION
LN-503093,CUST-106389,2025-05-17,0,0,False,False,13916.49999999999,Current,DEBT_CONSOLIDATION
LN-503094,CUST-103781,2025-05-17,0,0,False,False,2100.4799999999996,Current,DEBT_CONSOLIDATION
LN-503095,CUST-106989,2025-05-17,0,0,False,False,10253.220000000012,Current,DEBT_CONSOLIDATION
LN-503096,CUST-103350,2025-05-17,0,0,False,False,39404.885000000024,Current,DEBT_CONSOLIDATION
LN-503097,CUST-105846,2025-05-17,0,0,False,False,25817.539999999994,Current,DEBT_CONSOLIDATION
LN-503098,CUST-102826,2025-05-17,0,0,False,False,6968.829999999999,Current,DEBT_CONSOLIDATION
LN-503099,CUST-100812,2025-05-17,0,0,False,False,10363.890000000007,Current,DEBT_CONSOLIDATION
LN-503100,CUST-105410,2025-05-17,0,0,False,False,368999.8225,Current,DEBT_CONSOLIDATION
LN-503101,CUST-103289,2025-05-17,0,0,False,False,8525.3825,Current,DEBT_CONSOLIDATION
LN-503103,CUST-100510,2025-05-17,0,0,False,False,5932.4400000000005,Current,DEBT_CONSOLIDATION
LN-503104,CUST-104346,2025-05-17,0,0,False,False,13868.155000000002,Current,DEBT_CONSOLIDATION
LN-503105,CUST-102451,2025-05-17,0,0,False,False,8052.687499999998,Current,DEBT_CONSOLIDATION
LN-503106,CUST-101779,2025-05-17,0,0,False,False,2382.8400000000006,Current,DEBT_CONSOLIDATION
LN-503107,CUST-103317,2025-05-17,0,0,False,False,23127.39,Current,DEBT_CONSOLIDATION
LN-503108,CUST-105388,2025-05-17,0,0,False,False,36599.655,Current,DEBT_CONSOLIDATION
LN-503109,CUST-103262,2025-05-17,0,0,False,False,47208.899999999994,Current,DEBT_CONSOLIDATION
LN-503110,CUST-102071,2025-05-17,0,0,False,False,16452.0225,Current,DEBT_CONSOLIDATION
LN-503111,CUST-101505,2025-05-17,0,0,False,False,7433.69,Current,DEBT_CONSOLIDATION
LN-503112,CUST-100232,2025-05-17,0,0,False,False,34378.03749999996,Current,DEBT_CONSOLIDATION
LN-503113,CUST-105494,2025-05-17,0,0,False,False,10480.93,Current,DEBT_CONSOLIDATION
LN-503114,CUST-107352,2025-05-17,1,17,False,False,44116.045000000006,1-29,DEBT_CONSOLIDATION
LN-503115,CUST-103578,2025-05-17,0,0,False,False,8497.954999999998,Current,DEBT_CONSOLIDATION
LN-503116,CUST-105552,2025-05-17,0,0,False,False,11901.05,Current,DEBT_CONSOLIDATION
LN-503117,CUST-102869,2025-05-17,4,148,False,False,16751.870000000006,90+,DEBT_CONSOLIDATION
LN-503118,CUST-100566,2025-05-17,0,0,False,False,14998.425000000003,Current,DEBT_CONSOLIDATION
LN-503119,CUST-101915,2025-05-17,0,0,False,False,44282.79000000001,Current,DEBT_CONSOLIDATION
LN-503120,CUST-101378,2025-05-17,0,0,False,False,23448.0,Current,DEBT_CONSOLIDATION
LN-503121,CUST-107638,2025-05-17,0,0,False,False,12673.255,Current,DEBT_CONSOLIDATION
LN-503122,CUST-104974,2025-05-17,0,0,False,False,44593.8525,Current,DEBT_CONSOLIDATION
LN-503123,CUST-106399,2025-05-17,0,0,False,False,25572.050000000003,Current,DEBT_CONSOLIDATION
LN-503124,CUST-107836,2025-05-17,0,0,False,False,11084.4875,Current,DEBT_CONSOLIDATION
LN-503125,CUST-101858,2025-05-17,0,0,False,False,28767.72,Current,DEBT_CONSOLIDATION
LN-503126,CUST-105922,2025-05-17,0,0,False,False,27279.487500000007,Current,DEBT_CONSOLIDATION
LN-503127,CUST-106459,2025-05-17,0,0,False,False,24218.31750000002,Current,DEBT_CONSOLIDATION
LN-503128,CUST-103189,2025-05-17,0,0,False,False,34218.83999999998,Current,DEBT_CONSOLIDATION
LN-503129,CUST-100949,2025-05-17,0,0,False,False,5310.909999999997,Current,DEBT_CONSOLIDATION
LN-503130,CUST-106564,2025-05-17,1,2,False,False,49657.2925,1-29,DEBT_CONSOLIDATION
LN-503131,CUST-107499,2025-05-17,0,0,False,False,35043.12500000003,Current,DEBT_CONSOLIDATION
LN-503132,CUST-102207,2025-05-17,0,0,False,False,50073.22,Current,DEBT_CONSOLIDATION
LN-503133,CUST-102093,2025-05-17,0,0,False,False,20623.07,Current,DEBT_CONSOLIDATION
LN-503134,CUST-106944,2025-05-17,0,0,False,False,20403.317500000012,Current,DEBT_CONSOLIDATION
LN-503135,CUST-106948,2025-05-17,0,0,False,False,11509.204999999998,Current,DEBT_CONSOLIDATION
LN-503136,CUST-107227,2025-05-17,0,0,False,False,14214.035000000002,Current,DEBT_CONSOLIDATION
LN-503137,CUST-101806,2025-05-17,0,0,False,False,22110.914999999975,Current,DEBT_CONSOLIDATION
LN-503138,CUST-103598,2025-05-17,0,0,False,False,29698.98,Current,DEBT_CONSOLIDATION
LN-503139,CUST-105812,2025-05-17,0,0,False,False,138195.71500000003,Current,DEBT_CONSOLIDATION
LN-503140,CUST-104018,2025-05-17,0,0,False,False,136232.055,Current,DEBT_CONSOLIDATION
LN-503141,CUST-101445,2025-05-17,0,0,False,False,28848.77,Current,DEBT_CONSOLIDATION
LN-503142,CUST-105565,2025-05-17,0,0,False,False,40101.1325,Current,DEBT_CONSOLIDATION
LN-503143,CUST-102440,2025-05-17,0,0,False,False,23588.327499999996,Current,DEBT_CONSOLIDATION
LN-503144,CUST-107249,2025-05-17,0,0,False,False,47904.5975,Current,DEBT_CONSOLIDATION
LN-503145,CUST-105813,2025-05-17,0,0,False,False,16370.139999999994,Current,DEBT_CONSOLIDATION
LN-503146,CUST-100271,2025-05-17,0,0,False,False,80723.77000000002,Current,DEBT_CONSOLIDATION
LN-503147,CUST-105966,2025-05-17,0,0,False,False,16749.71,Current,DEBT_CONSOLIDATION
LN-503148,CUST-102102,2025-05-17,0,0,False,False,7399.297500000006,Current,DEBT_CONSOLIDATION
LN-503149,CUST-100810,2025-05-17,0,0,False,False,9530.029999999999,Current,DEBT_CONSOLIDATION
LN-503150,CUST-106729,2025-05-17,0,0,False,False,16174.92999999999,Current,DEBT_CONSOLIDATION
LN-503151,CUST-103094,2025-05-17,0,0,False,False,73964.32000000008,Current,DEBT_CONSOLIDATION
LN-503153,CUST-102887,2025-05-17,0,0,False,False,21153.67,Current,DEBT_CONSOLIDATION
LN-503154,CUST-104307,2025-05-17,2,57,False,False,24480.957499999986,30-59,DEBT_CONSOLIDATION
LN-503155,CUST-101425,2025-05-17,0,0,False,False,34993.66499999999,Current,DEBT_CONSOLIDATION
LN-503156,CUST-101135,2025-05-17,0,0,False,False,8744.585000000001,Current,DEBT_CONSOLIDATION
LN-503157,CUST-104106,2025-05-17,0,0,False,False,48828.435,Current,DEBT_CONSOLIDATION
LN-503158,CUST-102119,2025-05-17,0,0,False,False,49818.565,Current,DEBT_CONSOLIDATION
LN-503159,CUST-102996,2025-05-17,0,0,False,False,28801.925000000007,Current,DEBT_CONSOLIDATION
LN-503160,CUST-100038,2025-05-17,0,0,False,False,28913.73000000001,Current,DEBT_CONSOLIDATION
LN-503161,CUST-105158,2025-05-17,0,0,False,False,18663.52999999999,Current,DEBT_CONSOLIDATION
LN-503162,CUST-100006,2025-05-17,0,0,False,False,10720.935000000005,Current,DEBT_CONSOLIDATION
LN-503163,CUST-100384,2025-05-17,0,0,False,False,34175.05499999999,Current,DEBT_CONSOLIDATION
LN-503164,CUST-100257,2025-05-17,0,0,False,False,14612.369999999999,Current,DEBT_CONSOLIDATION
LN-503165,CUST-101491,2025-05-17,0,0,False,False,15906.192499999988,Current,DEBT_CONSOLIDATION
LN-503166,CUST-107687,2025-05-17,0,0,False,False,23138.63499999999,Current,DEBT_CONSOLIDATION
LN-503167,CUST-100448,2025-05-17,0,0,False,False,36632.060000000005,Current,DEBT_CONSOLIDATION
LN-503168,CUST-105822,2025-05-17,0,0,False,False,43117.005,Current,DEBT_CONSOLIDATION
LN-503169,CUST-104990,2025-05-17,0,0,False,False,231603.3425000001,Current,DEBT_CONSOLIDATION
LN-503171,CUST-102359,2025-05-17,0,0,False,False,35755.22999999996,Current,DEBT_CONSOLIDATION
LN-503172,CUST-102840,2025-05-17,0,0,False,False,25973.520000000008,Current,DEBT_CONSOLIDATION
LN-503174,CUST-101204,2025-05-17,0,0,False,False,611129.6000000001,Current,DEBT_CONSOLIDATION
LN-503175,CUST-103436,2025-05-17,0,0,False,False,12925.0275,Current,DEBT_CONSOLIDATION
LN-503176,CUST-106574,2025-05-17,0,0,False,False,15541.427500000005,Current,DEBT_CONSOLIDATION
LN-503177,CUST-101881,2025-05-17,0,0,False,False,8634.605000000001,Current,DEBT_CONSOLIDATION
LN-503178,CUST-107842,2025-05-17,0,0,False,False,18405.64499999999,Current,DEBT_CONSOLIDATION
LN-503179,CUST-106170,2025-05-17,0,0,False,False,1801.9675000000016,Current,DEBT_CONSOLIDATION
LN-503180,CUST-101915,2025-05-17,0,0,False,False,26200.255,Current,DEBT_CONSOLIDATION
LN-503181,CUST-103627,2025-05-17,0,0,False,False,81355.43000000001,Current,DEBT_CONSOLIDATION
LN-503182,CUST-100076,2025-05-17,0,0,False,False,9058.662500000008,Current,DEBT_CONSOLIDATION
LN-503183,CUST-103451,2025-05-17,0,0,False,False,9070.070000000002,Current,DEBT_CONSOLIDATION
LN-503184,CUST-100711,2025-05-17,0,0,False,False,51616.935000000005,Current,DEBT_CONSOLIDATION
LN-503185,CUST-105173,2025-05-17,0,0,False,False,11537.01,Current,DEBT_CONSOLIDATION
LN-503187,CUST-102921,2025-05-17,0,0,False,False,19150.359999999993,Current,DEBT_CONSOLIDATION
LN-503188,CUST-101996,2025-05-17,2,40,False,False,38439.47,30-59,DEBT_CONSOLIDATION
LN-503190,CUST-100511,2025-05-17,0,0,False,False,10595.949999999995,Current,DEBT_CONSOLIDATION
LN-503191,CUST-106884,2025-05-17,1,11,False,False,21800.625,1-29,DEBT_CONSOLIDATION
LN-503192,CUST-106604,2025-05-17,0,0,False,False,10383.74,Current,DEBT_CONSOLIDATION
LN-503193,CUST-104689,2025-05-17,0,0,False,False,3961.96,Current,DEBT_CONSOLIDATION
LN-503194,CUST-101450,2025-05-17,0,0,False,False,9103.980000000005,Current,DEBT_CONSOLIDATION
LN-503195,CUST-104977,2025-05-17,0,0,False,False,10155.3375,Current,DEBT_CONSOLIDATION
LN-503196,CUST-102438,2025-05-17,0,0,False,False,51929.57,Current,DEBT_CONSOLIDATION
LN-503197,CUST-107129,2025-05-17,0,0,False,False,15058.125000000004,Current,DEBT_CONSOLIDATION
LN-503198,CUST-107647,2025-05-17,0,0,False,False,42640.56,Current,DEBT_CONSOLIDATION
LN-503199,CUST-101802,2025-05-17,0,0,False,False,15200.06,Current,DEBT_CONSOLIDATION
LN-503200,CUST-106206,2025-05-17,0,0,False,False,119272.04000000001,Current,DEBT_CONSOLIDATION
LN-503201,CUST-102218,2025-05-17,0,0,False,False,27445.99999999999,Current,DEBT_CONSOLIDATION
LN-503202,CUST-101285,2025-05-17,0,0,False,False,1732.0600000000009,Current,DEBT_CONSOLIDATION
LN-503203,CUST-102003,2025-05-17,0,0,False,False,28198.925,Current,DEBT_CONSOLIDATION
LN-503204,CUST-103766,2025-05-17,0,0,False,False,32012.59,Current,DEBT_CONSOLIDATION
LN-503205,CUST-102499,2025-05-17,0,0,False,False,7286.590000000002,Current,DEBT_CONSOLIDATION
LN-503206,CUST-104454,2025-05-17,0,0,False,False,7556.075000000003,Current,DEBT_CONSOLIDATION
LN-503208,CUST-102124,2025-05-17,0,0,False,False,29153.452499999992,Current,DEBT_CONSOLIDATION
LN-503209,CUST-102895,2025-05-17,0,0,False,False,33876.62250000003,Current,DEBT_CONSOLIDATION
LN-503210,CUST-106724,2025-05-17,4,241,False,False,19327.745,90+,DEBT_CONSOLIDATION
LN-503211,CUST-102937,2025-05-17,1,11,False,False,9315.43,1-29,DEBT_CONSOLIDATION
LN-503212,CUST-105561,2025-05-17,0,0,False,False,12885.649999999998,Current,DEBT_CONSOLIDATION
LN-503213,CUST-107976,2025-05-17,0,0,False,False,423124.0,Current,DEBT_CONSOLIDATION
LN-503214,CUST-101154,2025-05-17,0,0,False,False,30584.56000000001,Current,DEBT_CONSOLIDATION
LN-503215,CUST-101315,2025-05-17,0,0,False,False,6182.260000000005,Current,DEBT_CONSOLIDATION
LN-503216,CUST-100119,2025-05-17,0,0,False,False,9125.88,Current,DEBT_CONSOLIDATION
LN-503217,CUST-104070,2025-05-17,0,0,False,False,16075.544999999998,Current,DEBT_CONSOLIDATION
LN-503218,CUST-102864,2025-05-17,0,0,False,False,34145.969999999994,Current,DEBT_CONSOLIDATION
LN-503219,CUST-101378,2025-05-17,0,0,False,False,23227.189999999988,Current,DEBT_CONSOLIDATION
LN-503220,CUST-105483,2025-05-17,0,0,False,False,29067.789999999997,Current,DEBT_CONSOLIDATION
LN-503221,CUST-102485,2025-05-17,0,0,False,False,28699.845,Current,DEBT_CONSOLIDATION
LN-503222,CUST-106179,2025-05-17,0,0,False,False,17140.139999999985,Current,DEBT_CONSOLIDATION
LN-503223,CUST-103998,2025-05-17,0,0,False,False,2350.5175,Current,DEBT_CONSOLIDATION
LN-503224,CUST-107643,2025-05-17,0,0,False,False,11020.51,Current,DEBT_CONSOLIDATION
LN-503225,CUST-100617,2025-05-17,0,0,False,False,38973.37,Current,DEBT_CONSOLIDATION
LN-503226,CUST-102218,2025-05-17,0,0,False,False,45543.785,Current,DEBT_CONSOLIDATION
LN-503227,CUST-103420,2025-05-17,3,77,False,False,49045.495,60-89,DEBT_CONSOLIDATION
LN-503228,CUST-106175,2025-05-17,0,0,False,False,3937.0125000000007,Current,DEBT_CONSOLIDATION
LN-503229,CUST-100854,2025-05-17,0,0,False,False,92282.16499999998,Current,DEBT_CONSOLIDATION
LN-503230,CUST-107264,2025-05-17,3,77,False,False,9039.669999999998,60-89,DEBT_CONSOLIDATION
LN-503231,CUST-106370,2025-05-17,0,0,False,False,35314.92999999999,Current,DEBT_CONSOLIDATION
LN-503232,CUST-101105,2025-05-17,0,0,False,False,8391.46,Current,DEBT_CONSOLIDATION
LN-503233,CUST-102838,2025-05-17,0,0,False,False,1135.28,Current,DEBT_CONSOLIDATION
LN-503234,CUST-106898,2025-05-17,0,0,False,False,565254.7099999997,Current,DEBT_CONSOLIDATION
LN-503235,CUST-106105,2025-05-17,0,0,False,False,17399.48,Current,DEBT_CONSOLIDATION
LN-503236,CUST-102123,2025-05-17,0,0,False,False,632333.3200000002,Current,DEBT_CONSOLIDATION
LN-503237,CUST-103613,2025-05-17,0,0,False,False,27261.48,Current,DEBT_CONSOLIDATION
LN-503238,CUST-104532,2025-05-17,1,17,False,False,14221.419999999998,1-29,DEBT_CONSOLIDATION
LN-503239,CUST-105466,2025-05-17,0,0,False,False,11931.949999999997,Current,DEBT_CONSOLIDATION
LN-503240,CUST-103124,2025-05-17,0,0,False,False,11178.557500000008,Current,DEBT_CONSOLIDATION
LN-503241,CUST-107175,2025-05-17,0,0,False,False,19004.0775,Current,DEBT_CONSOLIDATION
LN-503242,CUST-102095,2025-05-17,0,0,False,False,23096.765000000007,Current,DEBT_CONSOLIDATION
LN-503243,CUST-103500,2025-05-17,0,0,False,False,117622.85999999999,Current,DEBT_CONSOLIDATION
LN-503244,CUST-107782,2025-05-17,0,0,False,False,29568.15,Current,DEBT_CONSOLIDATION
LN-503245,CUST-102792,2025-05-17,0,0,False,False,30316.639999999985,Current,DEBT_CONSOLIDATION
LN-503246,CUST-104919,2025-05-17,0,0,False,False,46856.065,Current,DEBT_CONSOLIDATION
LN-503247,CUST-107990,2025-05-17,0,0,False,False,3920.6099999999988,Current,DEBT_CONSOLIDATION
LN-503248,CUST-101833,2025-05-17,0,0,False,False,12452.225000000004,Current,DEBT_CONSOLIDATION
LN-503249,CUST-104153,2025-05-17,0,0,False,False,4919.712500000003,Current,DEBT_CONSOLIDATION
LN-503250,CUST-102179,2025-05-17,0,0,False,False,19047.255000000005,Current,DEBT_CONSOLIDATION
LN-503251,CUST-100507,2025-05-17,0,0,False,False,79750.41,Current,DEBT_CONSOLIDATION
LN-503252,CUST-100202,2025-05-17,0,0,False,False,9944.594999999994,Current,DEBT_CONSOLIDATION
LN-503253,CUST-100288,2025-05-17,0,0,False,False,45718.12,Current,DEBT_CONSOLIDATION
LN-503254,CUST-103413,2025-05-17,0,0,False,False,6719.709999999999,Current,DEBT_CONSOLIDATION
LN-503255,CUST-104415,2025-05-17,0,0,False,False,18515.16,Current,DEBT_CONSOLIDATION
LN-503257,CUST-101891,2025-05-17,0,0,False,False,28882.160000000007,Current,DEBT_CONSOLIDATION
LN-503258,CUST-107717,2025-05-17,0,0,False,False,47665.394999999975,Current,DEBT_CONSOLIDATION
LN-503259,CUST-100637,2025-05-17,0,0,False,False,9759.36,Current,DEBT_CONSOLIDATION
LN-503260,CUST-101118,2025-05-17,0,0,False,False,39110.93499999998,Current,DEBT_CONSOLIDATION
LN-503262,CUST-107511,2025-05-17,0,0,False,False,515382.65,Current,DEBT_CONSOLIDATION
LN-503263,CUST-103841,2025-05-17,0,0,False,False,10444.529999999995,Current,DEBT_CONSOLIDATION
LN-503264,CUST-105435,2025-05-17,0,0,False,False,27402.76499999998,Current,DEBT_CONSOLIDATION
LN-503265,CUST-102511,2025-05-17,0,0,False,False,15658.515,Current,DEBT_CONSOLIDATION
LN-503266,CUST-107056,2025-05-17,0,0,False,False,29501.639999999996,Current,DEBT_CONSOLIDATION
LN-503267,CUST-101529,2025-05-17,0,0,False,False,21555.8,Current,DEBT_CONSOLIDATION
LN-503268,CUST-107578,2025-05-17,0,0,False,False,15211.249999999989,Current,DEBT_CONSOLIDATION
LN-503269,CUST-102675,2025-05-17,0,0,False,False,7727.5624999999945,Current,DEBT_CONSOLIDATION
LN-503270,CUST-103872,2025-05-17,0,0,False,False,38179.99249999997,Current,DEBT_CONSOLIDATION
LN-503271,CUST-103329,2025-05-17,0,0,False,False,17627.94750000001,Current,DEBT_CONSOLIDATION
LN-503272,CUST-100935,2025-05-17,0,0,False,False,2251.4924999999976,Current,DEBT_CONSOLIDATION
LN-503273,CUST-102705,2025-05-17,0,0,False,False,570951.5700000002,Current,DEBT_CONSOLIDATION
LN-503274,CUST-104061,2025-05-17,0,0,False,False,12583.352499999995,Current,DEBT_CONSOLIDATION
LN-503275,CUST-107818,2025-05-17,0,0,False,False,36598.29999999998,Current,DEBT_CONSOLIDATION
LN-503276,CUST-101935,2025-05-17,0,0,False,False,3871.5175,Current,DEBT_CONSOLIDATION
LN-503277,CUST-106101,2025-05-17,0,0,False,False,27619.16999999999,Current,DEBT_CONSOLIDATION
LN-503278,CUST-101166,2025-05-17,0,0,False,False,6932.135,Current,DEBT_CONSOLIDATION
LN-503279,CUST-105295,2025-05-17,0,0,False,False,6910.845000000005,Current,DEBT_CONSOLIDATION
LN-503280,CUST-102753,2025-05-17,4,98,False,False,1782.5825000000004,90+,DEBT_CONSOLIDATION
LN-503281,CUST-100522,2025-05-17,0,0,False,False,17818.065000000002,Current,DEBT_CONSOLIDATION
LN-503282,CUST-105996,2025-05-17,0,0,False,False,18474.989999999998,Current,DEBT_CONSOLIDATION
LN-503283,CUST-106446,2025-05-17,0,0,False,False,11672.995,Current,DEBT_CONSOLIDATION
LN-503286,CUST-105284,2025-05-17,0,0,False,False,8357.685000000001,Current,DEBT_CONSOLIDATION
LN-503287,CUST-105824,2025-05-17,0,0,False,False,6032.930000000001,Current,DEBT_CONSOLIDATION
LN-503288,CUST-102344,2025-05-17,0,0,False,False,13101.114999999994,Current,DEBT_CONSOLIDATION
LN-503289,CUST-104209,2025-05-17,0,0,False,False,17673.91,Current,DEBT_CONSOLIDATION
LN-503290,CUST-107697,2025-05-17,0,0,False,False,26067.765,Current,DEBT_CONSOLIDATION
LN-503291,CUST-105089,2025-05-17,0,0,False,False,2712.45,Current,DEBT_CONSOLIDATION
LN-503292,CUST-103594,2025-05-17,0,0,False,False,25712.355000000025,Current,DEBT_CONSOLIDATION
LN-503293,CUST-102272,2025-05-17,1,21,False,False,45463.36249999998,1-29,DEBT_CONSOLIDATION
LN-503294,CUST-105454,2025-05-17,0,0,False,False,105980.68500000001,Current,DEBT_CONSOLIDATION
LN-503295,CUST-101081,2025-05-17,0,0,False,False,29723.14999999998,Current,DEBT_CONSOLIDATION
LN-503296,CUST-100061,2025-05-17,0,0,False,False,5465.872500000003,Current,DEBT_CONSOLIDATION
LN-503297,CUST-102860,2025-05-17,0,0,False,False,43254.77000000001,Current,DEBT_CONSOLIDATION
LN-503298,CUST-104215,2025-05-17,0,0,False,False,15530.7075,Current,DEBT_CONSOLIDATION
LN-503299,CUST-100444,2025-05-17,0,0,False,False,337606.8299999997,Current,DEBT_CONSOLIDATION
LN-503300,CUST-102287,2025-05-17,4,114,False,False,6694.8949999999995,90+,DEBT_CONSOLIDATION
LN-503301,CUST-103355,2025-05-17,0,0,False,False,27962.885000000024,Current,DEBT_CONSOLIDATION
LN-503302,CUST-107261,2025-05-17,0,0,False,False,16544.575000000004,Current,DEBT_CONSOLIDATION
LN-503303,CUST-102329,2025-05-17,0,0,False,False,33462.325,Current,DEBT_CONSOLIDATION
LN-503304,CUST-107478,2025-05-17,0,0,False,False,25741.899999999976,Current,DEBT_CONSOLIDATION
LN-503305,CUST-103148,2025-05-17,0,0,False,False,8091.990000000002,Current,DEBT_CONSOLIDATION
LN-503306,CUST-104780,2025-05-17,0,0,False,False,2224.337499999999,Current,DEBT_CONSOLIDATION
LN-503307,CUST-104128,2025-05-17,0,0,False,False,16878.945,Current,DEBT_CONSOLIDATION
LN-503308,CUST-106718,2025-05-17,0,0,False,False,15694.094999999994,Current,DEBT_CONSOLIDATION
LN-503309,CUST-105472,2025-05-17,0,0,False,False,16894.957500000008,Current,DEBT_CONSOLIDATION
LN-503310,CUST-106248,2025-05-17,0,0,False,False,18173.182499999995,Current,DEBT_CONSOLIDATION
LN-503311,CUST-102363,2025-05-17,0,0,False,False,19628.93,Current,DEBT_CONSOLIDATION
LN-503312,CUST-106040,2025-05-17,0,0,False,False,22404.21,Current,DEBT_CONSOLIDATION
LN-503313,CUST-107019,2025-05-17,3,62,False,False,31166.89,60-89,DEBT_CONSOLIDATION
LN-503314,CUST-103257,2025-05-17,0,0,False,False,49312.520000000004,Current,DEBT_CONSOLIDATION
LN-503315,CUST-103548,2025-05-17,0,0,False,False,13858.720000000001,Current,DEBT_CONSOLIDATION
LN-503316,CUST-100408,2025-05-17,0,0,False,False,33823.3,Current,DEBT_CONSOLIDATION
LN-503317,CUST-104663,2025-05-17,0,0,False,False,14124.24,Current,DEBT_CONSOLIDATION
LN-503318,CUST-103348,2025-05-17,0,0,False,False,34852.76,Current,DEBT_CONSOLIDATION
LN-503320,CUST-105987,2025-05-17,0,0,False,False,16920.63000000001,Current,DEBT_CONSOLIDATION
LN-503321,CUST-106894,2025-05-17,0,0,False,False,9089.200000000003,Current,DEBT_CONSOLIDATION
LN-503322,CUST-103431,2025-05-17,0,0,False,False,48215.48,Current,DEBT_CONSOLIDATION
LN-503323,CUST-103539,2025-05-17,0,0,False,False,44935.46,Current,DEBT_CONSOLIDATION
LN-503324,CUST-100512,2025-05-17,0,0,False,False,32662.710000000014,Current,DEBT_CONSOLIDATION
LN-503325,CUST-106469,2025-05-17,0,0,False,False,109771.50000000003,Current,DEBT_CONSOLIDATION
LN-503326,CUST-102422,2025-05-17,0,0,False,False,53430.985,Current,DEBT_CONSOLIDATION
LN-503327,CUST-102953,2025-05-17,0,0,False,False,7855.470000000001,Current,DEBT_CONSOLIDATION
LN-503328,CUST-100817,2025-05-17,0,0,False,False,38629.0375,Current,DEBT_CONSOLIDATION
LN-503329,CUST-105852,2025-05-17,0,0,False,False,5263.470000000005,Current,DEBT_CONSOLIDATION
LN-503330,CUST-102842,2025-05-17,0,0,False,False,4273.195,Current,DEBT_CONSOLIDATION
LN-503331,CUST-105550,2025-05-17,0,0,False,False,17877.615,Current,DEBT_CONSOLIDATION
LN-503332,CUST-103077,2025-05-17,0,0,False,False,32027.222500000018,Current,DEBT_CONSOLIDATION
LN-503333,CUST-104241,2025-05-17,0,0,False,False,20806.2525,Current,DEBT_CONSOLIDATION
LN-503334,CUST-106344,2025-05-17,0,0,False,False,38242.70000000002,Current,DEBT_CONSOLIDATION
LN-503335,CUST-104081,2025-05-17,0,0,False,False,17529.230000000007,Current,DEBT_CONSOLIDATION
LN-503336,CUST-107301,2025-05-17,0,0,False,True,43377.06749999999,Current,DEBT_CONSOLIDATION
LN-503337,CUST-105072,2025-05-17,0,0,False,False,7585.040000000003,Current,DEBT_CONSOLIDATION
LN-503338,CUST-104647,2025-05-17,0,0,False,False,21126.420000000013,Current,DEBT_CONSOLIDATION
LN-503339,CUST-104999,2025-05-17,0,0,False,False,6784.8825000000015,Current,DEBT_CONSOLIDATION
LN-503340,CUST-107036,2025-05-17,0,0,False,False,19579.627500000002,Current,DEBT_CONSOLIDATION
LN-503341,CUST-106384,2025-05-17,0,0,False,False,37599.37,Current,DEBT_CONSOLIDATION
LN-503342,CUST-107133,2025-05-17,2,38,False,False,27434.055,30-59,DEBT_CONSOLIDATION
LN-503343,CUST-106837,2025-05-17,0,0,False,False,40753.92249999998,Current,DEBT_CONSOLIDATION
LN-503344,CUST-100287,2025-05-17,0,0,False,False,46669.840000000004,Current,DEBT_CONSOLIDATION
LN-503345,CUST-102861,2025-05-17,0,0,False,False,26707.885,Current,DEBT_CONSOLIDATION
LN-503346,CUST-106914,2025-05-17,0,0,False,False,12109.1625,Current,DEBT_CONSOLIDATION
LN-503347,CUST-102906,2025-05-17,0,0,False,False,23714.565000000002,Current,DEBT_CONSOLIDATION
LN-503348,CUST-107586,2025-05-17,0,0,False,False,10674.17,Current,DEBT_CONSOLIDATION
LN-503350,CUST-101753,2025-05-17,0,0,False,False,98732.73,Current,DEBT_CONSOLIDATION
LN-503351,CUST-103921,2025-05-17,0,0,False,False,4596.882500000001,Current,DEBT_CONSOLIDATION
LN-503352,CUST-101873,2025-05-17,0,0,False,False,35013.25500000001,Current,DEBT_CONSOLIDATION
LN-503353,CUST-104333,2025-05-17,0,0,False,False,72723.3025,Current,DEBT_CONSOLIDATION
LN-503354,CUST-102383,2025-05-17,0,0,False,False,30021.009999999995,Current,DEBT_CONSOLIDATION
LN-503356,CUST-102350,2025-05-17,0,0,False,False,24325.09,Current,DEBT_CONSOLIDATION
LN-503357,CUST-101231,2025-05-17,0,0,False,False,22865.550000000003,Current,DEBT_CONSOLIDATION
LN-503359,CUST-104096,2025-05-17,0,0,False,False,19230.1125,Current,DEBT_CONSOLIDATION
LN-503360,CUST-102342,2025-05-17,0,0,False,False,51589.245,Current,DEBT_CONSOLIDATION
LN-503361,CUST-107430,2025-05-17,0,0,False,False,24876.385000000013,Current,DEBT_CONSOLIDATION
LN-503362,CUST-103965,2025-05-17,0,0,False,False,7889.3375000000015,Current,DEBT_CONSOLIDATION
LN-503363,CUST-101649,2025-05-17,0,0,False,False,525619.4325000002,Current,DEBT_CONSOLIDATION
LN-503364,CUST-100345,2025-05-17,1,8,False,False,268791.84,1-29,DEBT_CONSOLIDATION
LN-503365,CUST-100406,2025-05-17,0,0,False,False,14956.635000000004,Current,DEBT_CONSOLIDATION
LN-503367,CUST-107118,2025-05-17,0,0,False,False,29305.19,Current,DEBT_CONSOLIDATION
LN-503368,CUST-104270,2025-05-17,0,0,False,False,31162.904999999973,Current,DEBT_CONSOLIDATION
LN-503369,CUST-102888,2025-05-17,0,0,False,False,110723.6075,Current,DEBT_CONSOLIDATION
LN-503370,CUST-104789,2025-05-17,0,0,False,False,4478.5575,Current,DEBT_CONSOLIDATION
LN-503371,CUST-105174,2025-05-17,0,0,False,False,45398.59,Current,DEBT_CONSOLIDATION
LN-503372,CUST-104731,2025-05-17,0,0,False,False,14091.44750000001,Current,DEBT_CONSOLIDATION
LN-503373,CUST-104182,2025-05-17,0,0,False,False,21248.549999999996,Current,DEBT_CONSOLIDATION
LN-503374,CUST-106066,2025-05-17,0,0,False,False,39150.94000000001,Current,DEBT_CONSOLIDATION
LN-503375,CUST-102266,2025-05-17,1,5,False,False,12725.470000000003,1-29,DEBT_CONSOLIDATION
LN-503377,CUST-100688,2025-05-17,0,0,False,False,10133.200000000004,Current,DEBT_CONSOLIDATION
LN-503378,CUST-101317,2025-05-17,0,0,False,False,95230.88749999995,Current,DEBT_CONSOLIDATION
LN-503379,CUST-102343,2025-05-17,1,23,False,False,4548.059999999997,1-29,DEBT_CONSOLIDATION
LN-503380,CUST-100958,2025-05-17,0,0,True,False,351538.66499999975,Current,DEBT_CONSOLIDATION
LN-503381,CUST-105593,2025-05-17,0,0,False,False,16305.914999999999,Current,DEBT_CONSOLIDATION
LN-503382,CUST-107285,2025-05-17,0,0,False,False,84642.05000000003,Current,DEBT_CONSOLIDATION
LN-503384,CUST-103122,2025-05-17,0,0,False,False,13149.849999999997,Current,DEBT_CONSOLIDATION
LN-503385,CUST-105536,2025-05-17,1,3,False,False,21048.960000000006,1-29,DEBT_CONSOLIDATION
LN-503386,CUST-103954,2025-05-17,0,0,False,False,21220.1325,Current,DEBT_CONSOLIDATION
LN-503387,CUST-105036,2025-05-17,0,0,False,False,2008.1899999999987,Current,DEBT_CONSOLIDATION
LN-503388,CUST-106388,2025-05-17,0,0,False,False,6531.369999999997,Current,DEBT_CONSOLIDATION
LN-503389,CUST-104053,2025-05-17,0,0,False,False,13534.157499999996,Current,DEBT_CONSOLIDATION
LN-503390,CUST-101830,2025-05-17,0,0,False,False,9518.827500000001,Current,DEBT_CONSOLIDATION
LN-503391,CUST-103417,2025-05-17,0,0,False,False,41743.3825,Current,DEBT_CONSOLIDATION
LN-503392,CUST-100774,2025-05-17,0,0,False,False,45007.4725,Current,DEBT_CONSOLIDATION
LN-503393,CUST-102796,2025-05-17,0,0,False,False,26921.96000000002,Current,DEBT_CONSOLIDATION
LN-503394,CUST-105497,2025-05-17,0,0,False,False,18776.035,Current,DEBT_CONSOLIDATION
LN-503395,CUST-106149,2025-05-17,0,0,False,False,10609.2475,Current,DEBT_CONSOLIDATION
LN-503396,CUST-101897,2025-05-17,2,47,False,False,7927.599999999998,30-59,DEBT_CONSOLIDATION
LN-503397,CUST-107922,2025-05-17,0,0,False,False,14499.260000000002,Current,DEBT_CONSOLIDATION
LN-503398,CUST-106095,2025-05-17,0,0,False,False,38285.00750000001,Current,DEBT_CONSOLIDATION
LN-503399,CUST-106178,2025-05-17,0,0,False,False,107730.72499999998,Current,DEBT_CONSOLIDATION
LN-503400,CUST-106094,2025-05-17,0,0,False,False,17174.6725,Current,DEBT_CONSOLIDATION
LN-503401,CUST-106998,2025-05-17,0,0,False,False,33002.649999999994,Current,DEBT_CONSOLIDATION
LN-503402,CUST-100971,2025-05-17,0,0,False,False,5430.600000000001,Current,DEBT_CONSOLIDATION
LN-503403,CUST-103018,2025-05-17,0,0,False,False,33762.80999999999,Current,DEBT_CONSOLIDATION
LN-503404,CUST-105767,2025-05-17,0,0,False,False,34891.41499999999,Current,DEBT_CONSOLIDATION
LN-503405,CUST-102810,2025-05-17,0,0,False,False,1497.935,Current,DEBT_CONSOLIDATION
LN-503406,CUST-106908,2025-05-17,0,0,False,False,253019.92999999993,Current,DEBT_CONSOLIDATION
LN-503409,CUST-102064,2025-05-17,0,0,False,False,7357.229999999992,Current,DEBT_CONSOLIDATION
LN-503410,CUST-107012,2025-05-17,0,0,False,False,28234.454999999998,Current,DEBT_CONSOLIDATION
LN-503411,CUST-101516,2025-05-17,0,0,False,False,2571.8500000000013,Current,DEBT_CONSOLIDATION
LN-503412,CUST-106545,2025-05-17,0,0,False,False,20004.430000000008,Current,DEBT_CONSOLIDATION
LN-503414,CUST-100255,2025-05-17,0,0,False,False,8216.214999999997,Current,DEBT_CONSOLIDATION
LN-503415,CUST-107327,2025-05-17,0,0,False,False,1794.5625,Current,DEBT_CONSOLIDATION
LN-503416,CUST-101909,2025-05-17,0,0,False,False,6817.739999999998,Current,DEBT_CONSOLIDATION
LN-503417,CUST-105206,2025-05-17,0,0,False,False,8707.422499999999,Current,DEBT_CONSOLIDATION
LN-503418,CUST-104056,2025-05-17,0,0,False,False,17936.08999999999,Current,DEBT_CONSOLIDATION
LN-503419,CUST-100284,2025-05-17,0,0,False,False,16438.895,Current,DEBT_CONSOLIDATION
LN-503420,CUST-107296,2025-05-17,0,0,False,False,28533.779999999995,Current,DEBT_CONSOLIDATION
LN-503421,CUST-103661,2025-05-17,0,0,False,False,28744.25,Current,DEBT_CONSOLIDATION
LN-503422,CUST-106483,2025-05-17,0,0,False,False,8449.352499999999,Current,DEBT_CONSOLIDATION
LN-503423,CUST-107309,2025-05-17,0,0,False,False,24137.329999999994,Current,DEBT_CONSOLIDATION
LN-503424,CUST-100777,2025-05-17,0,0,False,False,290899.5925,Current,DEBT_CONSOLIDATION
LN-503425,CUST-101789,2025-05-17,0,0,False,False,19109.995000000017,Current,DEBT_CONSOLIDATION
LN-503426,CUST-106504,2025-05-17,0,0,False,False,13899.119999999997,Current,DEBT_CONSOLIDATION
LN-503427,CUST-104804,2025-05-17,0,0,False,False,8839.284999999996,Current,DEBT_CONSOLIDATION
LN-503428,CUST-106341,2025-05-17,0,0,False,False,42940.98,Current,DEBT_CONSOLIDATION
LN-503429,CUST-104673,2025-05-17,0,0,False,False,21221.077499999992,Current,DEBT_CONSOLIDATION
LN-503430,CUST-106497,2025-05-17,0,0,False,False,7630.937500000001,Current,DEBT_CONSOLIDATION
LN-503431,CUST-106955,2025-05-17,0,0,False,False,20244.852500000005,Current,DEBT_CONSOLIDATION
LN-503432,CUST-102335,2025-05-17,0,0,False,False,46489.83,Current,DEBT_CONSOLIDATION
LN-503433,CUST-106860,2025-05-17,0,0,False,False,105524.96,Current,DEBT_CONSOLIDATION
LN-503434,CUST-107724,2025-05-17,1,5,False,False,15681.085000000001,1-29,DEBT_CONSOLIDATION
LN-503435,CUST-104168,2025-05-17,0,0,False,False,26315.18,Current,DEBT_CONSOLIDATION
LN-503436,CUST-101234,2025-05-17,0,0,False,False,10608.807499999995,Current,DEBT_CONSOLIDATION
LN-503437,CUST-104194,2025-05-17,0,0,False,False,6945.074999999995,Current,DEBT_CONSOLIDATION
LN-503438,CUST-102099,2025-05-17,0,0,False,False,23241.605000000018,Current,DEBT_CONSOLIDATION
LN-503439,CUST-104897,2025-05-17,0,0,False,False,19343.2525,Current,DEBT_CONSOLIDATION
LN-503440,CUST-105723,2025-05-17,0,0,False,False,22937.57249999998,Current,DEBT_CONSOLIDATION
LN-503441,CUST-105402,2025-05-17,0,0,False,False,16233.319999999996,Current,DEBT_CONSOLIDATION
LN-503442,CUST-100824,2025-05-17,4,92,False,False,27181.31,90+,DEBT_CONSOLIDATION
LN-503443,CUST-106058,2025-05-17,3,66,False,False,64320.775,60-89,DEBT_CONSOLIDATION
LN-503444,CUST-103160,2025-05-17,0,0,False,False,28611.43500000001,Current,DEBT_CONSOLIDATION
LN-503446,CUST-107065,2025-05-17,0,0,False,False,27468.489999999998,Current,DEBT_CONSOLIDATION
LN-503447,CUST-103320,2025-05-17,0,0,False,False,26624.16250000002,Current,DEBT_CONSOLIDATION
LN-503448,CUST-101999,2025-05-17,0,0,False,False,30817.705,Current,DEBT_CONSOLIDATION
LN-503449,CUST-103479,2025-05-17,1,8,False,False,4774.160000000003,1-29,DEBT_CONSOLIDATION
LN-503450,CUST-105853,2025-05-17,0,0,False,False,378142.7199999999,Current,DEBT_CONSOLIDATION
LN-503451,CUST-105878,2025-05-17,1,4,False,False,11449.654999999999,1-29,DEBT_CONSOLIDATION
LN-503452,CUST-100301,2025-05-17,0,0,False,False,8821.829999999998,Current,DEBT_CONSOLIDATION
LN-503454,CUST-106917,2025-05-17,0,0,False,False,26125.090000000007,Current,DEBT_CONSOLIDATION
LN-503455,CUST-104995,2025-05-17,0,0,False,False,42695.68749999999,Current,DEBT_CONSOLIDATION
LN-503456,CUST-104781,2025-05-17,0,0,False,False,29055.484999999993,Current,DEBT_CONSOLIDATION
LN-503457,CUST-104705,2025-05-17,0,0,False,False,26431.899999999998,Current,DEBT_CONSOLIDATION
LN-503458,CUST-104158,2025-05-17,0,0,False,False,17816.0225,Current,DEBT_CONSOLIDATION
LN-503460,CUST-101808,2025-05-17,0,0,False,False,22710.237499999996,Current,DEBT_CONSOLIDATION
LN-503461,CUST-103409,2025-05-17,0,0,False,False,6694.177500000002,Current,DEBT_CONSOLIDATION
LN-503463,CUST-107115,2025-05-17,0,0,False,False,31534.960000000017,Current,DEBT_CONSOLIDATION
LN-503464,CUST-100512,2025-05-17,0,0,False,False,16707.270000000004,Current,DEBT_CONSOLIDATION
LN-503465,CUST-102671,2025-05-17,0,0,False,False,15159.66,Current,DEBT_CONSOLIDATION
LN-503466,CUST-100517,2025-05-17,0,0,False,False,18017.182500000006,Current,DEBT_CONSOLIDATION
LN-503467,CUST-103357,2025-05-17,0,0,False,False,15372.884999999995,Current,DEBT_CONSOLIDATION
LN-503468,CUST-102487,2025-05-17,0,0,False,True,6800.792500000007,Current,DEBT_CONSOLIDATION
LN-503469,CUST-101159,2025-05-17,0,0,False,False,31072.949999999997,Current,DEBT_CONSOLIDATION
LN-503470,CUST-106460,2025-05-17,0,0,False,False,18541.385000000006,Current,DEBT_CONSOLIDATION
LN-503471,CUST-107475,2025-05-17,0,0,False,False,21276.88,Current,DEBT_CONSOLIDATION
LN-503472,CUST-104455,2025-05-17,0,0,False,False,43258.55750000001,Current,DEBT_CONSOLIDATION
LN-503473,CUST-106236,2025-05-17,0,0,False,False,25754.240000000013,Current,DEBT_CONSOLIDATION
LN-503474,CUST-101301,2025-05-17,0,0,False,False,6380.950000000001,Current,DEBT_CONSOLIDATION
LN-503475,CUST-103586,2025-05-17,0,0,False,False,21748.804999999993,Current,DEBT_CONSOLIDATION
LN-503476,CUST-107121,2025-05-17,0,0,False,False,13737.7,Current,DEBT_CONSOLIDATION
LN-503477,CUST-104655,2025-05-17,1,28,False,False,6896.55,1-29,DEBT_CONSOLIDATION
LN-503478,CUST-102549,2025-05-17,2,53,False,False,27752.9925,30-59,DEBT_CONSOLIDATION
LN-503479,CUST-103374,2025-05-17,0,0,False,False,381511.9324999999,Current,DEBT_CONSOLIDATION
LN-503480,CUST-104596,2025-05-17,0,0,False,False,42459.5425,Current,DEBT_CONSOLIDATION
LN-503481,CUST-103368,2025-05-17,0,0,False,False,18420.655000000002,Current,DEBT_CONSOLIDATION
LN-503482,CUST-107043,2025-05-17,0,0,False,False,1468.4099999999992,Current,DEBT_CONSOLIDATION
LN-503483,CUST-100413,2025-05-17,0,0,False,False,15616.337499999994,Current,DEBT_CONSOLIDATION
LN-503484,CUST-101334,2025-05-17,0,0,False,False,37663.80500000003,Current,DEBT_CONSOLIDATION
LN-503485,CUST-100326,2025-05-17,0,0,False,False,28440.5,Current,DEBT_CONSOLIDATION
LN-503486,CUST-106818,2025-05-17,0,0,False,False,11583.442499999997,Current,DEBT_CONSOLIDATION
LN-503487,CUST-100061,2025-05-17,0,0,False,False,42133.73999999998,Current,DEBT_CONSOLIDATION
LN-503488,CUST-105632,2025-05-17,0,0,False,False,595.3199999999999,Current,DEBT_CONSOLIDATION
LN-503489,CUST-102070,2025-05-17,0,0,False,False,16307.31,Current,DEBT_CONSOLIDATION
LN-503490,CUST-105980,2025-05-17,0,0,False,False,31873.8075,Current,DEBT_CONSOLIDATION
LN-503491,CUST-104421,2025-05-17,0,0,False,False,15215.98,Current,DEBT_CONSOLIDATION
LN-503492,CUST-100395,2025-05-17,0,0,False,False,7277.330000000005,Current,DEBT_CONSOLIDATION
LN-503493,CUST-102966,2025-05-17,0,0,False,False,44504.095000000045,Current,DEBT_CONSOLIDATION
LN-503494,CUST-103769,2025-05-17,0,0,False,False,20973.87,Current,DEBT_CONSOLIDATION
LN-503495,CUST-103726,2025-05-17,0,0,False,False,6257.34,Current,DEBT_CONSOLIDATION
LN-503496,CUST-102254,2025-05-17,0,0,False,False,106541.00999999997,Current,DEBT_CONSOLIDATION
LN-503497,CUST-103252,2025-05-17,0,0,False,False,850.4974999999998,Current,DEBT_CONSOLIDATION
LN-503498,CUST-107580,2025-05-17,0,0,False,False,43928.340000000004,Current,DEBT_CONSOLIDATION
LN-503500,CUST-106609,2025-05-17,0,0,False,False,16902.42000000001,Current,DEBT_CONSOLIDATION
LN-503501,CUST-100894,2025-05-17,0,0,False,False,2285.99,Current,DEBT_CONSOLIDATION
LN-503503,CUST-100081,2025-05-17,0,0,False,False,39129.6325,Current,DEBT_CONSOLIDATION
LN-503504,CUST-107365,2025-05-17,1,24,False,False,7638.857500000004,1-29,DEBT_CONSOLIDATION
LN-503505,CUST-101216,2025-05-17,0,0,False,False,12187.489999999996,Current,DEBT_CONSOLIDATION
LN-503506,CUST-105227,2025-05-17,0,0,False,False,10392.3,Current,DEBT_CONSOLIDATION
LN-503507,CUST-106968,2025-05-17,0,0,False,False,9062.450000000003,Current,DEBT_CONSOLIDATION
LN-503508,CUST-104639,2025-05-17,0,0,False,False,49973.062499999985,Current,DEBT_CONSOLIDATION
LN-503509,CUST-103818,2025-05-17,0,0,False,False,30517.804999999993,Current,DEBT_CONSOLIDATION
LN-503510,CUST-102405,2025-05-17,0,0,False,False,64626.38,Current,DEBT_CONSOLIDATION
LN-503511,CUST-107451,2025-05-17,0,0,False,False,19803.399999999972,Current,DEBT_CONSOLIDATION
LN-503512,CUST-103266,2025-05-17,0,0,False,False,42056.21000000002,Current,DEBT_CONSOLIDATION
LN-503513,CUST-104780,2025-05-17,0,0,False,False,533391.2275000006,Current,DEBT_CONSOLIDATION
LN-503514,CUST-102339,2025-05-17,0,0,False,False,25873.819999999996,Current,DEBT_CONSOLIDATION
LN-503515,CUST-100468,2025-05-17,0,0,False,False,5748.314999999997,Current,DEBT_CONSOLIDATION
LN-503516,CUST-104043,2025-05-17,0,0,False,False,4361.239999999999,Current,DEBT_CONSOLIDATION
LN-503517,CUST-104411,2025-05-17,3,84,False,False,5401.639999999994,60-89,DEBT_CONSOLIDATION
LN-503518,CUST-105636,2025-05-17,0,0,False,False,45006.57,Current,DEBT_CONSOLIDATION
LN-503519,CUST-107306,2025-05-17,0,0,False,False,7911.845,Current,DEBT_CONSOLIDATION
LN-503520,CUST-103565,2025-05-17,0,0,False,False,14842.114999999994,Current,DEBT_CONSOLIDATION
LN-503521,CUST-104871,2025-05-17,0,0,False,False,4573.250000000004,Current,DEBT_CONSOLIDATION
LN-503522,CUST-100182,2025-05-17,0,0,False,False,3183.837500000002,Current,DEBT_CONSOLIDATION
LN-503523,CUST-105589,2025-05-17,1,23,False,False,35670.82,1-29,DEBT_CONSOLIDATION
LN-503524,CUST-100985,2025-05-17,0,0,False,False,35912.39,Current,DEBT_CONSOLIDATION
LN-503525,CUST-107949,2025-05-17,0,0,False,False,71941.8225,Current,DEBT_CONSOLIDATION
LN-503526,CUST-107570,2025-05-17,0,0,False,False,8326.04,Current,DEBT_CONSOLIDATION
LN-503527,CUST-102557,2025-05-17,0,0,False,False,34459.44,Current,DEBT_CONSOLIDATION
LN-503528,CUST-103175,2025-05-17,0,0,False,False,173674.61,Current,DEBT_CONSOLIDATION
LN-503529,CUST-105205,2025-05-17,0,0,False,False,16326.615000000002,Current,DEBT_CONSOLIDATION
LN-503530,CUST-107645,2025-05-17,0,0,False,False,20879.75,Current,DEBT_CONSOLIDATION
LN-503532,CUST-105772,2025-05-17,0,0,False,False,21988.989999999983,Current,DEBT_CONSOLIDATION
LN-503535,CUST-101349,2025-05-17,0,0,False,False,31326.395,Current,DEBT_CONSOLIDATION
LN-503536,CUST-105188,2025-05-17,0,0,False,False,17981.372499999994,Current,DEBT_CONSOLIDATION
LN-503537,CUST-102586,2025-05-17,1,25,False,False,52201.345,1-29,DEBT_CONSOLIDATION
LN-503538,CUST-105048,2025-05-17,0,0,False,False,103959.83000000002,Current,DEBT_CONSOLIDATION
LN-503539,CUST-106495,2025-05-17,0,0,False,False,1516.7849999999999,Current,DEBT_CONSOLIDATION
LN-503540,CUST-106464,2025-05-17,0,0,False,False,10523.195,Current,DEBT_CONSOLIDATION
LN-503541,CUST-105783,2025-05-17,0,0,False,False,14671.489999999998,Current,DEBT_CONSOLIDATION
LN-503542,CUST-101118,2025-05-17,0,0,False,False,15287.91,Current,DEBT_CONSOLIDATION
LN-503543,CUST-101739,2025-05-17,0,0,False,False,9504.759999999991,Current,DEBT_CONSOLIDATION
LN-503544,CUST-106581,2025-05-17,0,0,False,False,32663.369999999988,Current,DEBT_CONSOLIDATION
LN-503545,CUST-102358,2025-05-17,0,0,False,False,440763.47,Current,DEBT_CONSOLIDATION
LN-503546,CUST-101282,2025-05-17,0,0,False,False,5774.17,Current,DEBT_CONSOLIDATION
LN-503548,CUST-106405,2025-05-17,0,0,False,False,15024.484999999997,Current,DEBT_CONSOLIDATION
LN-503549,CUST-107612,2025-05-17,0,0,False,False,7542.074999999993,Current,DEBT_CONSOLIDATION
LN-503550,CUST-101646,2025-05-17,0,0,False,False,44510.22000000001,Current,DEBT_CONSOLIDATION
LN-503551,CUST-100447,2025-05-17,0,0,False,False,2466.5650000000023,Current,DEBT_CONSOLIDATION
LN-503552,CUST-103456,2025-05-17,0,0,False,False,14653.865000000002,Current,DEBT_CONSOLIDATION
LN-503553,CUST-105273,2025-05-17,0,0,False,False,18989.57000000001,Current,DEBT_CONSOLIDATION
LN-503554,CUST-106396,2025-05-17,0,0,False,False,82907.82999999999,Current,DEBT_CONSOLIDATION
LN-503555,CUST-104450,2025-05-17,0,0,False,False,25292.865,Current,DEBT_CONSOLIDATION
LN-503556,CUST-102003,2025-05-17,0,0,False,False,26947.007500000014,Current,DEBT_CONSOLIDATION
LN-503557,CUST-104680,2025-05-17,0,0,False,False,11658.949999999999,Current,DEBT_CONSOLIDATION
LN-503558,CUST-102184,2025-05-17,0,0,False,False,25184.49,Current,DEBT_CONSOLIDATION
LN-503559,CUST-107957,2025-05-17,0,0,False,False,121943.07500000008,Current,DEBT_CONSOLIDATION
LN-503560,CUST-103996,2025-05-17,0,0,False,False,21247.13,Current,DEBT_CONSOLIDATION
LN-503561,CUST-104529,2025-05-17,0,0,False,False,2233.3450000000016,Current,DEBT_CONSOLIDATION
LN-503562,CUST-104545,2025-05-17,0,0,False,False,5268.710000000003,Current,DEBT_CONSOLIDATION
LN-503563,CUST-102490,2025-05-17,0,0,False,False,10628.470000000001,Current,DEBT_CONSOLIDATION
LN-503564,CUST-102739,2025-05-17,0,0,False,False,21749.4175,Current,DEBT_CONSOLIDATION
LN-503565,CUST-106072,2025-05-17,0,0,False,False,31276.70500000001,Current,DEBT_CONSOLIDATION
LN-503567,CUST-103710,2025-05-17,1,7,False,False,51878.475,1-29,DEBT_CONSOLIDATION
LN-503568,CUST-106192,2025-05-17,0,0,False,False,120675.0375,Current,DEBT_CONSOLIDATION
LN-503569,CUST-106272,2025-05-17,0,0,False,False,33126.19000000004,Current,DEBT_CONSOLIDATION
LN-503570,CUST-106832,2025-05-17,0,0,False,False,19572.39,Current,DEBT_CONSOLIDATION
LN-503571,CUST-104250,2025-05-17,0,0,False,False,21175.89,Current,DEBT_CONSOLIDATION
LN-503572,CUST-106809,2025-05-17,0,0,False,False,7039.989999999999,Current,DEBT_CONSOLIDATION
LN-503573,CUST-102960,2025-05-17,3,68,False,False,28964.33,60-89,DEBT_CONSOLIDATION
LN-503574,CUST-102197,2025-05-17,0,0,False,False,24159.75,Current,DEBT_CONSOLIDATION
LN-503575,CUST-106107,2025-05-17,0,0,False,False,16905.21,Current,DEBT_CONSOLIDATION
LN-503576,CUST-107710,2025-05-17,0,0,False,False,61900.919999999984,Current,DEBT_CONSOLIDATION
LN-503577,CUST-106548,2025-05-17,1,27,False,False,24864.309999999987,1-29,DEBT_CONSOLIDATION
LN-503578,CUST-105754,2025-05-17,0,0,False,False,130325.58000000002,Current,DEBT_CONSOLIDATION
LN-503579,CUST-105055,2025-05-17,0,0,False,False,819.2249999999997,Current,DEBT_CONSOLIDATION
LN-503580,CUST-107037,2025-05-17,0,0,False,False,31767.675000000003,Current,DEBT_CONSOLIDATION
LN-503581,CUST-102664,2025-05-17,0,0,False,False,31859.39,Current,DEBT_CONSOLIDATION
LN-503582,CUST-100418,2025-05-17,0,0,False,False,43281.950000000026,Current,DEBT_CONSOLIDATION
LN-503583,CUST-105777,2025-05-17,0,0,False,False,6681.5425,Current,DEBT_CONSOLIDATION
LN-503584,CUST-105232,2025-05-17,0,0,False,False,23037.645,Current,DEBT_CONSOLIDATION
LN-503585,CUST-101619,2025-05-17,0,0,False,False,136089.89000000013,Current,DEBT_CONSOLIDATION
LN-503586,CUST-103490,2025-05-17,0,0,False,False,12153.150000000001,Current,DEBT_CONSOLIDATION
LN-503587,CUST-104333,2025-05-17,0,0,False,False,35916.90000000002,Current,DEBT_CONSOLIDATION
LN-503588,CUST-107665,2025-05-17,0,0,False,False,7964.020000000006,Current,DEBT_CONSOLIDATION
LN-503589,CUST-100942,2025-05-17,0,0,False,False,2083.015,Current,DEBT_CONSOLIDATION
LN-503590,CUST-104034,2025-05-17,0,0,False,False,6496.030000000004,Current,DEBT_CONSOLIDATION
LN-503591,CUST-102715,2025-05-17,0,0,False,False,7864.1925,Current,DEBT_CONSOLIDATION
LN-503592,CUST-102404,2025-05-17,0,0,False,False,22029.902499999997,Current,DEBT_CONSOLIDATION
LN-503593,CUST-104950,2025-05-17,0,0,False,False,12812.0675,Current,DEBT_CONSOLIDATION
LN-503594,CUST-100997,2025-05-17,0,0,False,False,12580.22,Current,DEBT_CONSOLIDATION
LN-503595,CUST-103851,2025-05-17,0,0,False,False,26837.849999999995,Current,DEBT_CONSOLIDATION
LN-503596,CUST-101597,2025-05-17,0,0,False,False,15690.022500000006,Current,DEBT_CONSOLIDATION
LN-503597,CUST-101400,2025-05-17,0,0,False,False,20323.19,Current,DEBT_CONSOLIDATION
LN-503598,CUST-105345,2025-05-17,0,0,False,False,46421.79,Current,DEBT_CONSOLIDATION
LN-503599,CUST-106168,2025-05-17,0,0,False,False,19698.77,Current,DEBT_CONSOLIDATION
LN-503600,CUST-107509,2025-05-17,0,0,False,False,14717.87,Current,DEBT_CONSOLIDATION
LN-503601,CUST-107571,2025-05-17,0,0,False,False,7638.12,Current,DEBT_CONSOLIDATION
LN-503602,CUST-105013,2025-05-17,0,0,False,False,23901.695000000014,Current,DEBT_CONSOLIDATION
LN-503603,CUST-103948,2025-05-17,0,0,False,False,28740.12,Current,DEBT_CONSOLIDATION
LN-503605,CUST-105926,2025-05-17,0,0,False,False,3019.3050000000003,Current,DEBT_CONSOLIDATION
LN-503606,CUST-107780,2025-05-17,0,0,False,False,147813.36,Current,DEBT_CONSOLIDATION
LN-503607,CUST-105218,2025-05-17,0,0,False,False,133118.26999999993,Current,DEBT_CONSOLIDATION
LN-503608,CUST-106404,2025-05-17,0,0,False,False,27082.172499999993,Current,DEBT_CONSOLIDATION
LN-503609,CUST-102090,2025-05-17,0,0,False,False,26763.1475,Current,DEBT_CONSOLIDATION
LN-503610,CUST-107664,2025-05-17,0,0,False,False,51654.81,Current,DEBT_CONSOLIDATION
LN-503611,CUST-105660,2025-05-17,0,0,False,False,28641.795000000006,Current,DEBT_CONSOLIDATION
LN-503612,CUST-105094,2025-05-17,0,0,False,False,10306.460000000003,Current,DEBT_CONSOLIDATION
LN-503613,CUST-105006,2025-05-17,0,0,False,False,418893.1499999999,Current,DEBT_CONSOLIDATION
LN-503614,CUST-101116,2025-05-17,0,0,False,False,18227.057500000003,Current,DEBT_CONSOLIDATION
LN-503615,CUST-107352,2025-05-17,0,0,False,False,14864.76,Current,DEBT_CONSOLIDATION
LN-503616,CUST-102751,2025-05-17,3,82,False,False,4575.760000000001,60-89,DEBT_CONSOLIDATION
LN-503617,CUST-104162,2025-05-17,0,0,False,False,7531.27,Current,DEBT_CONSOLIDATION
LN-503618,CUST-104470,2025-05-17,0,0,False,False,38880.50000000003,Current,DEBT_CONSOLIDATION
LN-503619,CUST-105182,2025-05-17,0,0,False,False,19839.687500000015,Current,DEBT_CONSOLIDATION
LN-503620,CUST-101412,2025-05-17,0,0,False,False,34355.32999999999,Current,DEBT_CONSOLIDATION
LN-503621,CUST-102396,2025-05-17,1,9,False,False,6359.78,1-29,DEBT_CONSOLIDATION
LN-503622,CUST-104558,2025-05-17,0,0,False,False,10721.78,Current,DEBT_CONSOLIDATION
LN-503623,CUST-105539,2025-05-17,0,0,False,False,21309.834999999995,Current,DEBT_CONSOLIDATION
LN-503624,CUST-103860,2025-05-17,0,0,False,False,14127.550000000001,Current,DEBT_CONSOLIDATION
LN-503625,CUST-105382,2025-05-17,0,0,False,False,14946.342499999999,Current,DEBT_CONSOLIDATION
LN-503626,CUST-102129,2025-05-17,0,0,False,False,397080.9649999999,Current,DEBT_CONSOLIDATION
LN-503627,CUST-105750,2025-05-17,0,0,False,False,19268.750000000004,Current,DEBT_CONSOLIDATION
LN-503628,CUST-102979,2025-05-17,0,0,False,False,9040.05,Current,DEBT_CONSOLIDATION
LN-503629,CUST-107010,2025-05-17,0,0,False,False,589524.94,Current,DEBT_CONSOLIDATION
LN-503630,CUST-103866,2025-05-17,0,0,False,False,48091.28249999999,Current,DEBT_CONSOLIDATION
LN-503631,CUST-100219,2025-05-17,0,0,False,False,19257.994999999995,Current,DEBT_CONSOLIDATION
LN-503632,CUST-107438,2025-05-17,0,0,False,False,46138.63250000002,Current,DEBT_CONSOLIDATION
LN-503633,CUST-104441,2025-05-17,0,0,False,False,49316.235,Current,DEBT_CONSOLIDATION
LN-503634,CUST-102851,2025-05-17,0,0,False,False,21430.469999999998,Current,DEBT_CONSOLIDATION
LN-503635,CUST-101308,2025-05-17,0,0,False,False,14952.642500000002,Current,DEBT_CONSOLIDATION
LN-503636,CUST-106849,2025-05-17,0,0,False,False,35451.520000000004,Current,DEBT_CONSOLIDATION
LN-503637,CUST-107412,2025-05-17,0,0,False,False,141873.455,Current,DEBT_CONSOLIDATION
LN-503638,CUST-100508,2025-05-17,0,0,False,False,18023.144999999986,Current,DEBT_CONSOLIDATION
LN-503639,CUST-101432,2025-05-17,0,0,False,False,14005.69750000001,Current,DEBT_CONSOLIDATION
LN-503640,CUST-103259,2025-05-17,0,0,False,False,16595.00999999999,Current,DEBT_CONSOLIDATION
LN-503641,CUST-102375,2025-05-17,0,0,False,False,26548.829999999998,Current,DEBT_CONSOLIDATION
LN-503642,CUST-102681,2025-05-17,0,0,False,False,39021.507500000014,Current,DEBT_CONSOLIDATION
LN-503643,CUST-103494,2025-05-17,0,0,False,False,16967.300000000003,Current,DEBT_CONSOLIDATION
LN-503644,CUST-103607,2025-05-17,0,0,False,False,17006.01,Current,DEBT_CONSOLIDATION
LN-503645,CUST-102384,2025-05-17,0,0,False,False,515490.1049999999,Current,DEBT_CONSOLIDATION
LN-503646,CUST-101841,2025-05-17,0,0,False,False,2577.734999999998,Current,DEBT_CONSOLIDATION
LN-503647,CUST-106568,2025-05-17,0,0,False,False,35021.63000000002,Current,DEBT_CONSOLIDATION
LN-503648,CUST-107592,2025-05-17,1,23,False,False,19428.339999999993,1-29,DEBT_CONSOLIDATION
LN-503649,CUST-105669,2025-05-17,0,0,False,False,23888.45,Current,DEBT_CONSOLIDATION
LN-503650,CUST-105800,2025-05-17,0,0,False,False,8870.325000000003,Current,DEBT_CONSOLIDATION
LN-503651,CUST-100319,2025-05-17,0,0,False,False,47854.49000000002,Current,DEBT_CONSOLIDATION
LN-503652,CUST-101248,2025-05-17,0,0,False,False,34633.02999999999,Current,DEBT_CONSOLIDATION
LN-503653,CUST-105024,2025-05-17,0,0,False,False,11580.9375,Current,DEBT_CONSOLIDATION
LN-503654,CUST-103537,2025-05-17,0,0,False,False,26151.21000000001,Current,DEBT_CONSOLIDATION
LN-503655,CUST-100280,2025-05-17,0,0,False,False,11581.51249999999,Current,DEBT_CONSOLIDATION
LN-503656,CUST-102336,2025-05-17,0,0,False,False,25784.510000000006,Current,DEBT_CONSOLIDATION
LN-503657,CUST-103499,2025-05-17,0,0,False,False,7239.852499999996,Current,DEBT_CONSOLIDATION
LN-503658,CUST-107698,2025-05-17,0,0,False,False,2595.4775,Current,DEBT_CONSOLIDATION
LN-503660,CUST-104296,2025-05-17,0,0,False,False,119527.94250000005,Current,DEBT_CONSOLIDATION
LN-503662,CUST-104380,2025-05-17,0,0,False,False,14003.959999999992,Current,DEBT_CONSOLIDATION
LN-503665,CUST-102515,2025-05-17,0,0,False,False,49283.92000000002,Current,DEBT_CONSOLIDATION
LN-503666,CUST-107490,2025-05-17,0,0,False,False,24497.21,Current,DEBT_CONSOLIDATION
LN-503667,CUST-101428,2025-05-17,0,0,False,False,21218.570000000007,Current,DEBT_CONSOLIDATION
LN-503668,CUST-100276,2025-05-17,0,0,False,False,7474.104999999998,Current,DEBT_CONSOLIDATION
LN-503669,CUST-103282,2025-05-17,0,0,False,False,27880.030000000002,Current,DEBT_CONSOLIDATION
LN-503670,CUST-101724,2025-05-17,0,0,False,False,39047.780000000006,Current,DEBT_CONSOLIDATION
LN-503671,CUST-101241,2025-05-17,0,0,False,False,35235.00000000001,Current,DEBT_CONSOLIDATION
LN-503672,CUST-107834,2025-05-17,3,89,False,False,28883.5225,60-89,DEBT_CONSOLIDATION
LN-503673,CUST-105461,2025-05-17,0,0,False,False,8214.950000000003,Current,DEBT_CONSOLIDATION
LN-503674,CUST-104280,2025-05-17,0,0,False,False,12106.699999999997,Current,DEBT_CONSOLIDATION
LN-503675,CUST-105370,2025-05-17,0,0,False,False,6982.24,Current,DEBT_CONSOLIDATION
LN-503676,CUST-104216,2025-05-17,0,0,False,False,31085.815,Current,DEBT_CONSOLIDATION
LN-503677,CUST-107232,2025-05-17,0,0,False,False,9465.544999999993,Current,DEBT_CONSOLIDATION
LN-503678,CUST-101821,2025-05-17,0,0,False,False,23988.449999999997,Current,DEBT_CONSOLIDATION
LN-503679,CUST-101478,2025-05-17,0,0,False,False,7966.019999999997,Current,DEBT_CONSOLIDATION
LN-503680,CUST-101139,2025-05-17,0,0,False,False,18204.75,Current,DEBT_CONSOLIDATION
LN-503681,CUST-106078,2025-05-17,0,0,False,False,72098.1,Current,DEBT_CONSOLIDATION
LN-503682,CUST-101249,2025-05-17,0,0,False,False,15345.85000000001,Current,DEBT_CONSOLIDATION
LN-503683,CUST-101993,2025-05-17,2,50,False,False,37061.15,30-59,DEBT_CONSOLIDATION
LN-503684,CUST-103677,2025-05-17,0,0,False,False,45848.63499999996,Current,DEBT_CONSOLIDATION
LN-503685,CUST-105952,2025-05-17,0,0,False,False,116801.34,Current,DEBT_CONSOLIDATION
LN-503686,CUST-107645,2025-05-17,0,0,False,False,21919.125,Current,DEBT_CONSOLIDATION
LN-503687,CUST-107727,2025-05-17,0,0,False,False,42640.81000000001,Current,DEBT_CONSOLIDATION
LN-503688,CUST-103204,2025-05-17,0,0,False,False,6151.322500000001,Current,DEBT_CONSOLIDATION
LN-503689,CUST-107251,2025-05-17,0,0,False,False,21591.4,Current,DEBT_CONSOLIDATION
LN-503690,CUST-101507,2025-05-17,0,0,False,False,32527.802500000013,Current,DEBT_CONSOLIDATION
LN-503691,CUST-105445,2025-05-17,0,0,False,False,48202.49999999999,Current,DEBT_CONSOLIDATION
LN-503692,CUST-103570,2025-05-17,3,67,False,False,203044.11500000017,60-89,DEBT_CONSOLIDATION
LN-503693,CUST-101063,2025-05-17,0,0,False,False,50517.46500000001,Current,DEBT_CONSOLIDATION
LN-503694,CUST-102711,2025-05-17,0,0,False,False,17639.74,Current,DEBT_CONSOLIDATION
LN-503695,CUST-100456,2025-05-17,0,0,False,False,74143.60500000007,Current,DEBT_CONSOLIDATION
LN-503696,CUST-105155,2025-05-17,0,0,False,False,13906.0025,Current,DEBT_CONSOLIDATION
LN-503697,CUST-103159,2025-05-17,0,0,False,False,31788.074999999997,Current,DEBT_CONSOLIDATION
LN-503698,CUST-101843,2025-05-17,0,0,False,False,5286.049999999999,Current,DEBT_CONSOLIDATION
LN-503699,CUST-103556,2025-05-17,0,0,False,False,6194.145,Current,DEBT_CONSOLIDATION
LN-503700,CUST-103302,2025-05-17,0,0,False,False,102686.95500000006,Current,DEBT_CONSOLIDATION
LN-503701,CUST-102300,2025-05-17,0,0,False,False,28693.260000000006,Current,DEBT_CONSOLIDATION
LN-503702,CUST-100459,2025-05-17,0,0,False,False,15861.2,Current,DEBT_CONSOLIDATION
LN-503703,CUST-105663,2025-05-17,0,0,False,False,15950.572499999995,Current,DEBT_CONSOLIDATION
LN-503704,CUST-103960,2025-05-17,0,0,False,False,23755.78499999999,Current,DEBT_CONSOLIDATION
LN-503705,CUST-105911,2025-05-17,0,0,False,False,28588.345000000005,Current,DEBT_CONSOLIDATION
LN-503707,CUST-106631,2025-05-17,0,0,False,False,11295.51249999999,Current,DEBT_CONSOLIDATION
LN-503710,CUST-106661,2025-05-17,3,76,False,False,46734.79,60-89,DEBT_CONSOLIDATION
LN-503711,CUST-107008,2025-05-17,0,0,False,False,18107.28,Current,DEBT_CONSOLIDATION
LN-503712,CUST-107555,2025-05-17,0,0,False,False,4352.36,Current,DEBT_CONSOLIDATION
LN-503713,CUST-105740,2025-05-17,0,0,False,False,17463.660000000003,Current,DEBT_CONSOLIDATION
LN-503714,CUST-106363,2025-05-17,0,0,False,False,11578.19,Current,DEBT_CONSOLIDATION
LN-503715,CUST-107020,2025-05-17,0,0,False,False,49868.3,Current,DEBT_CONSOLIDATION
LN-503716,CUST-100784,2025-05-17,0,0,False,False,8645.380000000001,Current,DEBT_CONSOLIDATION
LN-503717,CUST-106164,2025-05-17,0,0,False,False,16534.71,Current,DEBT_CONSOLIDATION
LN-503718,CUST-106059,2025-05-17,0,0,False,False,25421.54,Current,DEBT_CONSOLIDATION
LN-503719,CUST-103547,2025-05-17,0,0,False,False,52595.58500000001,Current,DEBT_CONSOLIDATION
LN-503720,CUST-104460,2025-05-17,0,0,False,False,48847.08,Current,DEBT_CONSOLIDATION
LN-503721,CUST-104806,2025-05-17,0,0,False,False,27478.109999999993,Current,DEBT_CONSOLIDATION
LN-503722,CUST-107780,2025-05-17,0,0,False,False,1172.3599999999992,Current,DEBT_CONSOLIDATION
LN-503723,CUST-104083,2025-05-17,0,0,False,False,19874.189999999995,Current,DEBT_CONSOLIDATION
LN-503724,CUST-105067,2025-05-17,0,0,False,False,8030.459999999997,Current,DEBT_CONSOLIDATION
LN-503725,CUST-101156,2025-05-17,0,0,False,False,10597.322500000002,Current,DEBT_CONSOLIDATION
LN-503726,CUST-107523,2025-05-17,0,0,False,False,8241.430000000002,Current,DEBT_CONSOLIDATION
LN-503728,CUST-104458,2025-05-17,0,0,False,False,29402.229999999996,Current,DEBT_CONSOLIDATION
LN-503730,CUST-102366,2025-05-17,0,0,False,False,27496.885000000013,Current,DEBT_CONSOLIDATION
LN-503731,CUST-104418,2025-05-17,0,0,False,False,20898.1925,Current,DEBT_CONSOLIDATION
LN-503732,CUST-102044,2025-05-17,0,0,False,False,34600.76000000002,Current,DEBT_CONSOLIDATION
LN-503733,CUST-103354,2025-05-17,0,0,False,False,4469.004999999999,Current,DEBT_CONSOLIDATION
LN-503734,CUST-103035,2025-05-17,0,0,False,False,18872.559999999994,Current,DEBT_CONSOLIDATION
LN-503735,CUST-105064,2025-05-17,0,0,False,False,19298.965,Current,DEBT_CONSOLIDATION
LN-503737,CUST-101157,2025-05-17,2,40,False,False,8396.889999999996,30-59,DEBT_CONSOLIDATION
LN-503738,CUST-100239,2025-05-17,0,0,False,False,7872.529999999999,Current,DEBT_CONSOLIDATION
LN-503739,CUST-105919,2025-05-17,0,0,False,False,10578.522499999995,Current,DEBT_CONSOLIDATION
LN-503740,CUST-106628,2025-05-17,0,0,False,False,13825.155000000004,Current,DEBT_CONSOLIDATION
LN-503741,CUST-105612,2025-05-17,0,0,False,False,35491.5775,Current,DEBT_CONSOLIDATION
LN-503742,CUST-102311,2025-05-17,0,0,False,False,24235.53000000001,Current,DEBT_CONSOLIDATION
LN-503743,CUST-107114,2025-05-17,0,0,False,False,11981.650000000003,Current,DEBT_CONSOLIDATION
LN-503744,CUST-107271,2025-05-17,0,0,False,False,19457.340000000004,Current,DEBT_CONSOLIDATION
LN-503745,CUST-101256,2025-05-17,0,0,False,False,10594.990000000003,Current,DEBT_CONSOLIDATION
LN-503746,CUST-101536,2025-05-17,0,0,False,False,38263.510000000024,Current,DEBT_CONSOLIDATION
LN-503747,CUST-101124,2025-05-17,1,15,False,False,37436.814999999995,1-29,DEBT_CONSOLIDATION
LN-503748,CUST-103264,2025-05-17,0,0,False,False,42519.64999999998,Current,DEBT_CONSOLIDATION
LN-503749,CUST-104368,2025-05-17,0,0,False,False,21025.840000000015,Current,DEBT_CONSOLIDATION
LN-503751,CUST-102671,2025-05-17,0,0,False,False,16777.270000000004,Current,DEBT_CONSOLIDATION
LN-503752,CUST-101502,2025-05-17,0,0,False,False,44425.41,Current,DEBT_CONSOLIDATION
LN-503753,CUST-102215,2025-05-17,0,0,False,False,11995.865000000003,Current,DEBT_CONSOLIDATION
LN-503754,CUST-103823,2025-05-17,0,0,False,False,7180.257499999998,Current,DEBT_CONSOLIDATION
LN-503755,CUST-102018,2025-05-17,0,0,False,False,42186.617499999986,Current,DEBT_CONSOLIDATION
LN-503756,CUST-106230,2025-05-17,0,0,False,False,39231.002499999995,Current,DEBT_CONSOLIDATION
LN-503758,CUST-104658,2025-05-17,0,0,False,False,37809.889999999985,Current,DEBT_CONSOLIDATION
LN-503759,CUST-102186,2025-05-17,0,0,False,False,43974.700000000004,Current,DEBT_CONSOLIDATION
LN-503760,CUST-100083,2025-05-17,0,0,False,False,9978.2425,Current,DEBT_CONSOLIDATION
LN-503761,CUST-102057,2025-05-17,0,0,False,False,32384.460000000003,Current,DEBT_CONSOLIDATION
LN-503762,CUST-105978,2025-05-17,1,23,False,False,14059.139999999996,1-29,DEBT_CONSOLIDATION
LN-503763,CUST-102970,2025-05-17,0,0,False,False,43287.34999999998,Current,DEBT_CONSOLIDATION
LN-503764,CUST-103001,2025-05-17,4,205,False,False,13460.869999999997,90+,DEBT_CONSOLIDATION
LN-503766,CUST-101644,2025-05-17,0,0,False,False,12179.775,Current,DEBT_CONSOLIDATION
LN-503768,CUST-100035,2025-05-17,0,0,False,False,22077.739999999994,Current,DEBT_CONSOLIDATION
LN-503770,CUST-103193,2025-05-17,0,0,False,False,17316.050000000014,Current,DEBT_CONSOLIDATION
LN-503771,CUST-107969,2025-05-17,0,0,False,False,100123.0775,Current,DEBT_CONSOLIDATION
LN-503772,CUST-104581,2025-05-17,0,0,False,False,23423.775000000023,Current,DEBT_CONSOLIDATION
LN-503773,CUST-105339,2025-05-17,4,136,False,False,16123.734999999997,90+,DEBT_CONSOLIDATION
LN-503774,CUST-103789,2025-05-17,0,0,False,False,14256.939999999999,Current,DEBT_CONSOLIDATION
LN-503775,CUST-102175,2025-05-17,0,0,False,False,45918.62000000002,Current,DEBT_CONSOLIDATION
LN-503776,CUST-106798,2025-05-17,0,0,False,False,23181.25999999999,Current,DEBT_CONSOLIDATION
LN-503777,CUST-102978,2025-05-17,0,0,False,False,37302.93750000004,Current,DEBT_CONSOLIDATION
LN-503778,CUST-101482,2025-05-17,0,0,False,False,11304.157500000003,Current,DEBT_CONSOLIDATION
LN-503779,CUST-101083,2025-05-17,0,0,False,False,18050.930000000008,Current,DEBT_CONSOLIDATION
LN-503780,CUST-104269,2025-05-17,0,0,False,False,9647.549999999988,Current,DEBT_CONSOLIDATION
LN-503781,CUST-103438,2025-05-17,0,0,False,False,9271.09250000001,Current,DEBT_CONSOLIDATION
LN-503782,CUST-103065,2025-05-17,0,0,False,False,37923.91499999999,Current,DEBT_CONSOLIDATION
LN-503783,CUST-101079,2025-05-17,0,0,False,False,14647.57,Current,DEBT_CONSOLIDATION
LN-503784,CUST-101994,2025-05-17,0,0,False,False,19283.83,Current,DEBT_CONSOLIDATION
LN-503785,CUST-103796,2025-05-17,0,0,False,False,105109.38500000002,Current,DEBT_CONSOLIDATION
LN-503786,CUST-100824,2025-05-17,0,0,False,False,17057.614999999998,Current,DEBT_CONSOLIDATION
LN-503787,CUST-107524,2025-05-17,4,111,False,False,34356.07000000003,90+,DEBT_CONSOLIDATION
LN-503788,CUST-104648,2025-05-17,0,0,False,False,16428.51000000001,Current,DEBT_CONSOLIDATION
LN-503789,CUST-101732,2025-05-17,0,0,False,False,444421.94999999995,Current,DEBT_CONSOLIDATION
LN-503790,CUST-107219,2025-05-17,0,0,False,False,93362.01750000002,Current,DEBT_CONSOLIDATION
LN-503791,CUST-102884,2025-05-17,0,0,False,False,1316.3249999999996,Current,DEBT_CONSOLIDATION
LN-503792,CUST-104480,2025-05-17,0,0,False,False,42214.274999999994,Current,DEBT_CONSOLIDATION
LN-503793,CUST-101094,2025-05-17,0,0,False,False,25630.332499999993,Current,DEBT_CONSOLIDATION
LN-503794,CUST-102285,2025-05-17,0,0,False,False,34775.110000000015,Current,DEBT_CONSOLIDATION
LN-503795,CUST-105414,2025-05-17,0,0,False,False,33867.207500000004,Current,DEBT_CONSOLIDATION
LN-503796,CUST-100354,2025-05-17,0,0,False,False,29917.230000000025,Current,DEBT_CONSOLIDATION
LN-503797,CUST-100743,2025-05-17,3,81,False,False,12080.189999999999,60-89,DEBT_CONSOLIDATION
LN-503798,CUST-104033,2025-05-17,1,14,False,False,13911.55000000001,1-29,DEBT_CONSOLIDATION
LN-503799,CUST-100504,2025-05-17,0,0,False,False,48574.40499999997,Current,DEBT_CONSOLIDATION
LN-503801,CUST-100618,2025-05-17,0,0,False,False,20257.725000000002,Current,DEBT_CONSOLIDATION
LN-503802,CUST-103003,2025-05-17,0,0,False,False,19565.505,Current,DEBT_CONSOLIDATION
LN-503803,CUST-104670,2025-05-17,0,0,False,False,45899.615000000005,Current,DEBT_CONSOLIDATION
LN-503804,CUST-104195,2025-05-17,0,0,False,False,44388.73499999999,Current,DEBT_CONSOLIDATION
LN-503805,CUST-106052,2025-05-17,0,0,False,False,5543.520000000003,Current,DEBT_CONSOLIDATION
LN-503806,CUST-101861,2025-05-17,0,0,False,False,16314.34,Current,DEBT_CONSOLIDATION
LN-503807,CUST-103248,2025-05-17,0,0,False,False,36953.1675,Current,DEBT_CONSOLIDATION
LN-503808,CUST-105128,2025-05-17,0,0,False,False,14626.804999999997,Current,DEBT_CONSOLIDATION
LN-503809,CUST-106352,2025-05-17,0,0,False,False,25457.679999999986,Current,DEBT_CONSOLIDATION
LN-503810,CUST-102306,2025-05-17,0,0,False,False,18258.535,Current,DEBT_CONSOLIDATION
LN-503811,CUST-101979,2025-05-17,0,0,False,False,16531.19,Current,DEBT_CONSOLIDATION
LN-503812,CUST-103816,2025-05-17,0,0,False,False,3651.1099999999974,Current,DEBT_CONSOLIDATION
LN-503813,CUST-103046,2025-05-17,0,0,False,False,32610.457500000044,Current,DEBT_CONSOLIDATION
LN-503814,CUST-101862,2025-05-17,0,0,False,False,12415.24,Current,DEBT_CONSOLIDATION
LN-503815,CUST-104063,2025-05-17,0,0,False,False,45747.86499999999,Current,DEBT_CONSOLIDATION
LN-503816,CUST-101431,2025-05-17,0,0,False,False,6882.397500000005,Current,DEBT_CONSOLIDATION
LN-503817,CUST-106993,2025-05-17,1,8,False,False,36424.89,1-29,DEBT_CONSOLIDATION
LN-503818,CUST-100967,2025-05-17,0,0,False,False,26225.260000000002,Current,DEBT_CONSOLIDATION
LN-503819,CUST-106309,2025-05-17,0,0,False,False,19952.632500000014,Current,DEBT_CONSOLIDATION
LN-503820,CUST-101497,2025-05-17,0,0,False,False,21356.42,Current,DEBT_CONSOLIDATION
LN-503821,CUST-103584,2025-05-17,0,0,False,False,4160.920000000001,Current,DEBT_CONSOLIDATION
LN-503822,CUST-101665,2025-05-17,4,93,True,False,7610.090000000004,90+,DEBT_CONSOLIDATION
LN-503823,CUST-105764,2025-05-17,0,0,False,False,7653.32,Current,DEBT_CONSOLIDATION
LN-503824,CUST-102569,2025-05-17,0,0,False,False,42725.14000000002,Current,DEBT_CONSOLIDATION
LN-503825,CUST-100671,2025-05-17,0,0,False,False,13680.92,Current,DEBT_CONSOLIDATION
LN-503826,CUST-101059,2025-05-17,0,0,False,False,50841.47000000001,Current,DEBT_CONSOLIDATION
LN-503827,CUST-107188,2025-05-17,0,0,False,False,8137.07999999999,Current,DEBT_CONSOLIDATION
LN-503829,CUST-104031,2025-05-17,0,0,False,False,1866.534999999999,Current,DEBT_CONSOLIDATION
LN-503830,CUST-103726,2025-05-17,0,0,False,False,592280.41,Current,DEBT_CONSOLIDATION
LN-503831,CUST-106969,2025-05-17,1,4,False,False,62835.454999999994,1-29,DEBT_CONSOLIDATION
LN-503832,CUST-102094,2025-05-17,0,0,False,False,11767.23,Current,DEBT_CONSOLIDATION
LN-503834,CUST-101116,2025-05-17,0,0,False,False,25439.949999999993,Current,DEBT_CONSOLIDATION
LN-503835,CUST-100139,2025-05-17,0,0,False,False,9466.237500000001,Current,DEBT_CONSOLIDATION
LN-503836,CUST-105268,2025-05-17,2,39,False,False,35975.33000000001,30-59,DEBT_CONSOLIDATION
LN-503837,CUST-101259,2025-05-17,0,0,False,False,16669.6575,Current,DEBT_CONSOLIDATION
LN-503838,CUST-106564,2025-05-17,0,0,False,False,11811.734999999993,Current,DEBT_CONSOLIDATION
LN-503839,CUST-101564,2025-05-17,0,0,False,False,23246.895000000004,Current,DEBT_CONSOLIDATION
LN-503840,CUST-107604,2025-05-17,0,0,False,False,19470.150000000016,Current,DEBT_CONSOLIDATION
LN-503841,CUST-104511,2025-05-17,0,0,False,False,39221.225000000006,Current,DEBT_CONSOLIDATION
LN-503842,CUST-107389,2025-05-17,0,0,False,False,19750.49000000002,Current,DEBT_CONSOLIDATION
LN-503843,CUST-105692,2025-05-17,0,0,False,False,19868.629999999983,Current,DEBT_CONSOLIDATION
LN-503844,CUST-100165,2025-05-17,0,0,False,False,5832.76,Current,DEBT_CONSOLIDATION
LN-503845,CUST-105694,2025-05-17,0,0,False,False,13162.874999999996,Current,DEBT_CONSOLIDATION
LN-503846,CUST-104657,2025-05-17,0,0,False,False,7572.259999999998,Current,DEBT_CONSOLIDATION
LN-503847,CUST-104325,2025-05-17,0,0,False,False,547585.9300000007,Current,DEBT_CONSOLIDATION
LN-503848,CUST-101960,2025-05-17,0,0,False,False,9034.545000000006,Current,DEBT_CONSOLIDATION
LN-503849,CUST-107741,2025-05-17,0,0,False,False,17282.76499999998,Current,DEBT_CONSOLIDATION
LN-503850,CUST-107105,2025-05-17,2,47,False,False,8354.885000000002,30-59,DEBT_CONSOLIDATION
LN-503851,CUST-102644,2025-05-17,0,0,False,False,7520.010000000006,Current,DEBT_CONSOLIDATION
LN-503852,CUST-101904,2025-05-17,3,82,False,False,20245.980000000003,60-89,DEBT_CONSOLIDATION
LN-503853,CUST-100741,2025-05-17,0,0,False,False,9938.287500000011,Current,DEBT_CONSOLIDATION
LN-503854,CUST-107149,2025-05-17,2,51,False,False,34547.26,30-59,DEBT_CONSOLIDATION
LN-503855,CUST-107512,2025-05-17,0,0,False,False,21371.869999999988,Current,DEBT_CONSOLIDATION
LN-503857,CUST-103678,2025-05-17,0,0,False,False,25647.14749999999,Current,DEBT_CONSOLIDATION
LN-503858,CUST-105655,2025-05-17,0,0,False,False,43096.54999999999,Current,DEBT_CONSOLIDATION
LN-503859,CUST-106267,2025-05-17,0,0,False,False,8753.070000000005,Current,DEBT_CONSOLIDATION
LN-503860,CUST-102263,2025-05-17,0,0,False,False,47925.84249999999,Current,DEBT_CONSOLIDATION
LN-503861,CUST-100732,2025-05-17,0,0,False,False,24025.872499999998,Current,DEBT_CONSOLIDATION
LN-503862,CUST-101071,2025-05-17,0,0,False,False,50644.475,Current,DEBT_CONSOLIDATION
LN-503863,CUST-107367,2025-05-17,0,0,False,False,42613.42999999999,Current,DEBT_CONSOLIDATION
LN-503864,CUST-102776,2025-05-17,0,0,False,False,9179.23,Current,DEBT_CONSOLIDATION
LN-503865,CUST-105212,2025-05-17,0,0,False,False,27954.904999999995,Current,DEBT_CONSOLIDATION
LN-503866,CUST-105390,2025-05-17,0,0,False,False,41273.88750000001,Current,DEBT_CONSOLIDATION
LN-503867,CUST-104471,2025-05-17,0,0,False,False,4775.8,Current,DEBT_CONSOLIDATION
LN-503869,CUST-104169,2025-05-17,0,0,False,False,28599.717499999995,Current,DEBT_CONSOLIDATION
LN-503871,CUST-102861,2025-05-17,0,0,False,False,30823.614999999998,Current,DEBT_CONSOLIDATION
LN-503872,CUST-107628,2025-05-17,0,0,False,False,13545.072500000013,Current,DEBT_CONSOLIDATION
LN-503873,CUST-107861,2025-05-17,0,0,False,False,19802.930000000015,Current,DEBT_CONSOLIDATION
LN-503874,CUST-104414,2025-05-17,0,0,False,False,96927.38749999998,Current,DEBT_CONSOLIDATION
LN-503875,CUST-106265,2025-05-17,0,0,False,False,24278.82500000001,Current,DEBT_CONSOLIDATION
LN-503876,CUST-106041,2025-05-17,0,0,False,False,2514.154999999997,Current,DEBT_CONSOLIDATION
LN-503877,CUST-105263,2025-05-17,0,0,False,False,4496.4299999999985,Current,DEBT_CONSOLIDATION
LN-503878,CUST-102462,2025-05-17,0,0,False,False,8670.65,Current,DEBT_CONSOLIDATION
LN-503879,CUST-106126,2025-05-17,2,43,False,False,26710.710000000006,30-59,DEBT_CONSOLIDATION
LN-503880,CUST-100313,2025-05-17,0,0,False,False,16716.620000000006,Current,DEBT_CONSOLIDATION
LN-503881,CUST-107715,2025-05-17,0,0,False,False,25325.58,Current,DEBT_CONSOLIDATION
LN-503882,CUST-103887,2025-05-17,0,0,False,False,24626.377499999995,Current,DEBT_CONSOLIDATION
LN-503883,CUST-105476,2025-05-17,0,0,False,False,20522.429999999997,Current,DEBT_CONSOLIDATION
LN-503884,CUST-107259,2025-05-17,4,149,False,False,35954.67500000001,90+,DEBT_CONSOLIDATION
LN-503885,CUST-104421,2025-05-17,0,0,False,False,112111.43249999997,Current,DEBT_CONSOLIDATION
LN-503886,CUST-107101,2025-05-17,0,0,False,False,21879.3,Current,DEBT_CONSOLIDATION
LN-503887,CUST-107992,2025-05-17,0,0,False,False,60726.01,Current,DEBT_CONSOLIDATION
LN-503888,CUST-107330,2025-05-17,0,0,False,False,4716.5775,Current,DEBT_CONSOLIDATION
LN-503889,CUST-107018,2025-05-17,0,0,False,False,19190.489999999994,Current,DEBT_CONSOLIDATION
LN-503890,CUST-101034,2025-05-17,3,85,True,False,33645.66499999999,60-89,DEBT_CONSOLIDATION
LN-503891,CUST-102650,2025-05-17,0,0,False,False,989.1149999999992,Current,DEBT_CONSOLIDATION
LN-503892,CUST-100934,2025-05-17,0,0,False,False,42987.53000000003,Current,DEBT_CONSOLIDATION
LN-503893,CUST-101302,2025-05-17,0,0,False,False,11317.54,Current,DEBT_CONSOLIDATION
LN-503895,CUST-100475,2025-05-17,0,0,False,False,14005.537500000002,Current,DEBT_CONSOLIDATION
LN-503896,CUST-100332,2025-05-17,0,0,False,False,601064.9100000001,Current,DEBT_CONSOLIDATION
LN-503897,CUST-102361,2025-05-17,0,0,False,False,20142.59500000001,Current,DEBT_CONSOLIDATION
LN-503898,CUST-100723,2025-05-17,0,0,False,False,10964.279999999999,Current,DEBT_CONSOLIDATION
LN-503899,CUST-100998,2025-05-17,0,0,False,False,32153.230000000018,Current,DEBT_CONSOLIDATION
LN-503900,CUST-102612,2025-05-17,0,0,False,False,1927.5699999999983,Current,DEBT_CONSOLIDATION
LN-503901,CUST-101073,2025-05-17,0,0,False,False,15674.15,Current,DEBT_CONSOLIDATION
LN-503903,CUST-105706,2025-05-17,0,0,False,False,25831.434999999998,Current,DEBT_CONSOLIDATION
LN-503904,CUST-105502,2025-05-17,0,0,False,False,252536.49999999994,Current,DEBT_CONSOLIDATION
LN-503906,CUST-102109,2025-05-17,0,0,False,False,135862.96999999988,Current,DEBT_CONSOLIDATION
LN-503907,CUST-104815,2025-05-17,0,0,False,False,25869.224999999995,Current,DEBT_CONSOLIDATION
LN-503908,CUST-101734,2025-05-17,0,0,False,False,38013.50499999999,Current,DEBT_CONSOLIDATION
LN-503909,CUST-103335,2025-05-17,0,0,False,False,27903.462500000005,Current,DEBT_CONSOLIDATION
LN-503910,CUST-102790,2025-05-17,0,0,False,False,275976.5950000001,Current,DEBT_CONSOLIDATION
LN-503912,CUST-106044,2025-05-17,0,0,False,False,26475.025,Current,DEBT_CONSOLIDATION
LN-503913,CUST-102088,2025-05-17,0,0,False,False,44296.99,Current,DEBT_CONSOLIDATION
LN-503914,CUST-105159,2025-05-17,0,0,False,False,9987.204999999996,Current,DEBT_CONSOLIDATION
LN-503915,CUST-100333,2025-05-17,1,20,False,False,12726.1,1-29,DEBT_CONSOLIDATION
LN-503916,CUST-104493,2025-05-17,0,0,False,False,46483.27749999999,Current,DEBT_CONSOLIDATION
LN-503917,CUST-105653,2025-05-17,0,0,False,False,97428.01249999997,Current,DEBT_CONSOLIDATION
LN-503918,CUST-101049,2025-05-17,0,0,False,False,29467.93,Current,DEBT_CONSOLIDATION
LN-503919,CUST-106909,2025-05-17,0,0,False,False,36923.98499999999,Current,DEBT_CONSOLIDATION
LN-503920,CUST-103541,2025-05-17,0,0,False,False,28804.962499999998,Current,DEBT_CONSOLIDATION
LN-503921,CUST-102835,2025-05-17,0,0,False,False,38450.049999999996,Current,DEBT_CONSOLIDATION
LN-503922,CUST-101882,2025-05-17,0,0,False,False,9767.549999999994,Current,DEBT_CONSOLIDATION
LN-503923,CUST-105355,2025-05-17,0,0,False,False,123204.61999999997,Current,DEBT_CONSOLIDATION
LN-503924,CUST-104397,2025-05-17,0,0,False,False,110946.77249999999,Current,DEBT_CONSOLIDATION
LN-503925,CUST-107251,2025-05-17,0,0,False,False,187768.94499999992,Current,DEBT_CONSOLIDATION
LN-503926,CUST-106626,2025-05-17,2,34,False,False,13825.085000000001,30-59,DEBT_CONSOLIDATION
LN-503927,CUST-107990,2025-05-17,0,0,False,False,22585.710000000003,Current,DEBT_CONSOLIDATION
LN-503928,CUST-101441,2025-05-17,0,0,False,False,9817.185000000001,Current,DEBT_CONSOLIDATION
LN-503929,CUST-103645,2025-05-17,0,0,False,False,29785.307500000003,Current,DEBT_CONSOLIDATION
LN-503931,CUST-102402,2025-05-17,0,0,False,False,24334.905000000006,Current,DEBT_CONSOLIDATION
LN-503932,CUST-101284,2025-05-17,0,0,False,False,25533.660000000007,Current,DEBT_CONSOLIDATION
LN-503933,CUST-107230,2025-05-17,0,0,False,False,3727.014999999999,Current,DEBT_CONSOLIDATION
LN-503934,CUST-100364,2025-05-17,0,0,False,False,328858.91,Current,DEBT_CONSOLIDATION
LN-503935,CUST-107754,2025-05-17,0,0,False,False,35298.570000000036,Current,DEBT_CONSOLIDATION
LN-503936,CUST-101607,2025-05-17,0,0,False,False,14172.470000000007,Current,DEBT_CONSOLIDATION
LN-503937,CUST-101587,2025-05-17,0,0,False,False,50754.38999999999,Current,DEBT_CONSOLIDATION
LN-503938,CUST-106622,2025-05-17,0,0,False,False,16955.934999999987,Current,DEBT_CONSOLIDATION
LN-503939,CUST-103588,2025-05-17,0,0,False,False,168807.8650000001,Current,DEBT_CONSOLIDATION
LN-503940,CUST-107979,2025-05-17,0,0,False,False,9361.209999999994,Current,DEBT_CONSOLIDATION
LN-503941,CUST-107380,2025-05-17,1,28,False,False,11114.697499999998,1-29,DEBT_CONSOLIDATION
LN-503942,CUST-104491,2025-05-17,0,0,False,False,138593.85000000003,Current,DEBT_CONSOLIDATION
LN-503943,CUST-106627,2025-05-17,0,0,False,False,36361.17,Current,DEBT_CONSOLIDATION
LN-503944,CUST-102012,2025-05-17,0,0,False,False,77390.72749999994,Current,DEBT_CONSOLIDATION
LN-503945,CUST-100589,2025-05-17,0,0,False,False,24353.765000000007,Current,DEBT_CONSOLIDATION
LN-503946,CUST-104443,2025-05-17,0,0,False,False,56550.17500000001,Current,DEBT_CONSOLIDATION
LN-503947,CUST-100722,2025-05-17,0,0,False,False,14319.190000000008,Current,DEBT_CONSOLIDATION
LN-503949,CUST-100169,2025-05-17,0,0,False,False,8315.02000000001,Current,DEBT_CONSOLIDATION
LN-503950,CUST-103393,2025-05-17,0,0,False,False,13301.42750000001,Current,DEBT_CONSOLIDATION
LN-503951,CUST-101731,2025-05-17,0,0,False,False,44656.49000000003,Current,DEBT_CONSOLIDATION
LN-503952,CUST-105194,2025-05-17,0,0,False,False,331254.50000000006,Current,DEBT_CONSOLIDATION
LN-503953,CUST-100965,2025-05-17,0,0,False,False,2636.94,Current,DEBT_CONSOLIDATION
LN-503954,CUST-103649,2025-05-17,0,0,False,False,13938.220000000003,Current,DEBT_CONSOLIDATION
LN-503955,CUST-106910,2025-05-17,0,0,False,False,9596.045,Current,DEBT_CONSOLIDATION
LN-503956,CUST-103891,2025-05-17,4,106,False,False,19867.742500000015,90+,DEBT_CONSOLIDATION
LN-503957,CUST-100648,2025-05-17,0,0,False,False,7377.18,Current,DEBT_CONSOLIDATION
LN-503958,CUST-107845,2025-05-17,0,0,False,False,1593.6524999999995,Current,DEBT_CONSOLIDATION
LN-503959,CUST-103355,2025-05-17,0,0,False,False,38575.219999999994,Current,DEBT_CONSOLIDATION
LN-503960,CUST-103038,2025-05-17,0,0,False,False,25636.049999999974,Current,DEBT_CONSOLIDATION
LN-503961,CUST-101742,2025-05-17,0,0,False,False,13729.110000000008,Current,DEBT_CONSOLIDATION
LN-503962,CUST-102114,2025-05-17,0,0,False,False,6731.2049999999945,Current,DEBT_CONSOLIDATION
LN-503963,CUST-104432,2025-05-17,0,0,False,False,25611.0275,Current,DEBT_CONSOLIDATION
LN-503964,CUST-106582,2025-05-17,0,0,False,False,394832.12999999995,Current,DEBT_CONSOLIDATION
LN-503965,CUST-103345,2025-05-17,0,0,False,False,18874.46,Current,DEBT_CONSOLIDATION
LN-503966,CUST-107677,2025-05-17,0,0,False,False,2850.5775000000003,Current,DEBT_CONSOLIDATION
LN-503967,CUST-106754,2025-05-17,0,0,False,False,29699.015,Current,DEBT_CONSOLIDATION
LN-503968,CUST-102481,2025-05-17,0,0,False,False,32235.240000000005,Current,DEBT_CONSOLIDATION
LN-503969,CUST-105009,2025-05-17,0,0,False,False,11952.1675,Current,DEBT_CONSOLIDATION
LN-503970,CUST-107311,2025-05-17,1,1,False,False,20876.292500000003,1-29,DEBT_CONSOLIDATION
LN-503971,CUST-102988,2025-05-17,0,0,False,False,116359.72500000003,Current,DEBT_CONSOLIDATION
LN-503972,CUST-105770,2025-05-17,0,0,False,False,100246.06999999999,Current,DEBT_CONSOLIDATION
LN-503973,CUST-104324,2025-05-17,0,0,False,False,43404.224999999984,Current,DEBT_CONSOLIDATION
LN-503974,CUST-106412,2025-05-17,0,0,False,False,13190.155000000002,Current,DEBT_CONSOLIDATION
LN-503975,CUST-105512,2025-05-17,0,0,False,False,16429.497499999998,Current,DEBT_CONSOLIDATION
LN-503976,CUST-103403,2025-05-17,0,0,False,False,20867.93,Current,DEBT_CONSOLIDATION
LN-503977,CUST-105318,2025-05-17,0,0,False,False,30861.09,Current,DEBT_CONSOLIDATION
LN-503978,CUST-104072,2025-05-17,0,0,False,False,18510.510000000002,Current,DEBT_CONSOLIDATION
LN-503979,CUST-106195,2025-05-17,0,0,False,False,26585.940000000002,Current,DEBT_CONSOLIDATION
LN-503980,CUST-101206,2025-05-17,0,0,False,False,15890.625000000005,Current,DEBT_CONSOLIDATION
LN-503981,CUST-107252,2025-05-17,0,0,False,False,28429.670000000013,Current,DEBT_CONSOLIDATION
LN-503982,CUST-101253,2025-05-17,0,0,False,False,12890.21,Current,DEBT_CONSOLIDATION
LN-503983,CUST-106080,2025-05-17,0,0,False,False,5988.764999999999,Current,DEBT_CONSOLIDATION
LN-503984,CUST-105709,2025-05-17,0,0,False,False,7588.277500000004,Current,DEBT_CONSOLIDATION
LN-503985,CUST-104456,2025-05-17,0,0,False,False,36339.48999999998,Current,DEBT_CONSOLIDATION
LN-503986,CUST-101498,2025-05-17,0,0,False,False,22199.829999999998,Current,DEBT_CONSOLIDATION
LN-503987,CUST-106320,2025-05-17,0,0,False,False,8939.77,Current,DEBT_CONSOLIDATION
LN-503988,CUST-100229,2025-05-17,2,31,False,False,18736.71750000001,30-59,DEBT_CONSOLIDATION
LN-503989,CUST-107449,2025-05-17,0,0,False,False,53264.979999999974,Current,DEBT_CONSOLIDATION
LN-503990,CUST-102134,2025-05-17,0,0,False,False,17571.2,Current,DEBT_CONSOLIDATION
LN-503991,CUST-100836,2025-05-17,4,145,False,False,13850.477499999995,90+,DEBT_CONSOLIDATION
LN-503993,CUST-101324,2025-05-17,0,0,True,False,2467.625000000001,Current,DEBT_CONSOLIDATION
LN-503994,CUST-105855,2025-05-17,0,0,False,False,3631.3,Current,DEBT_CONSOLIDATION
LN-503995,CUST-105765,2025-05-17,0,0,False,False,3281.6449999999986,Current,DEBT_CONSOLIDATION
LN-503996,CUST-105079,2025-05-17,0,0,False,False,70179.96250000001,Current,DEBT_CONSOLIDATION
LN-503997,CUST-104936,2025-05-17,0,0,False,False,21800.449999999997,Current,DEBT_CONSOLIDATION
LN-503998,CUST-106201,2025-05-17,0,0,False,False,12178.364999999989,Current,DEBT_CONSOLIDATION
LN-504000,CUST-104831,2025-05-17,0,0,False,False,8223.224999999999,Current,DEBT_CONSOLIDATION
LN-504001,CUST-101797,2025-05-17,2,51,False,False,8192.984999999997,30-59,DEBT_CONSOLIDATION
LN-504002,CUST-102024,2025-05-17,0,0,False,False,37433.720000000016,Current,DEBT_CONSOLIDATION
LN-504003,CUST-105665,2025-05-17,1,22,False,False,34837.17999999999,1-29,DEBT_CONSOLIDATION
LN-504004,CUST-101350,2025-05-17,0,0,False,False,14820.47500000001,Current,DEBT_CONSOLIDATION
LN-504005,CUST-102209,2025-05-17,0,0,False,False,45885.49,Current,DEBT_CONSOLIDATION
LN-504006,CUST-103299,2025-05-17,0,0,False,False,9542.390000000001,Current,DEBT_CONSOLIDATION
LN-504007,CUST-106967,2025-05-17,0,0,False,False,10900.790000000006,Current,DEBT_CONSOLIDATION
LN-504010,CUST-104727,2025-05-17,0,0,False,False,40867.02,Current,DEBT_CONSOLIDATION
LN-504011,CUST-100403,2025-05-17,0,0,False,False,5372.200000000001,Current,DEBT_CONSOLIDATION
LN-504012,CUST-105600,2025-05-17,0,0,False,False,77303.79999999997,Current,DEBT_CONSOLIDATION
LN-504013,CUST-103945,2025-05-17,0,0,False,False,6674.470000000003,Current,DEBT_CONSOLIDATION
LN-504014,CUST-106355,2025-05-17,0,0,False,False,4083.330000000001,Current,DEBT_CONSOLIDATION
LN-504015,CUST-101335,2025-05-17,0,0,False,False,3301.605,Current,DEBT_CONSOLIDATION
LN-504016,CUST-103527,2025-05-17,0,0,False,False,16044.209999999995,Current,DEBT_CONSOLIDATION
LN-504017,CUST-106903,2025-05-17,0,0,False,False,451256.3,Current,DEBT_CONSOLIDATION
LN-504018,CUST-105001,2025-05-17,0,0,False,False,10058.654999999995,Current,DEBT_CONSOLIDATION
LN-504019,CUST-103524,2025-05-17,0,0,False,False,43074.59000000002,Current,DEBT_CONSOLIDATION
LN-504020,CUST-107492,2025-05-17,0,0,True,False,11888.71,Current,DEBT_CONSOLIDATION
LN-504021,CUST-106276,2025-05-17,0,0,False,False,19643.950000000008,Current,DEBT_CONSOLIDATION
LN-504022,CUST-107424,2025-05-17,0,0,False,False,37160.30999999996,Current,DEBT_CONSOLIDATION
LN-504023,CUST-107064,2025-05-17,0,0,False,False,10110.289999999999,Current,DEBT_CONSOLIDATION
LN-504024,CUST-104217,2025-05-17,0,0,False,False,13609.605,Current,DEBT_CONSOLIDATION
LN-504025,CUST-103820,2025-05-17,0,0,False,False,8686.0175,Current,DEBT_CONSOLIDATION
LN-504026,CUST-100310,2025-05-17,0,0,False,False,47414.33,Current,DEBT_CONSOLIDATION
LN-504027,CUST-104388,2025-05-17,0,0,False,False,24220.99,Current,DEBT_CONSOLIDATION
LN-504028,CUST-107222,2025-05-17,0,0,False,False,49925.375,Current,DEBT_CONSOLIDATION
LN-504029,CUST-107983,2025-05-17,0,0,False,False,17850.614999999998,Current,DEBT_CONSOLIDATION
LN-504030,CUST-103729,2025-05-17,0,0,False,False,5341.8150000000005,Current,DEBT_CONSOLIDATION
LN-504031,CUST-104549,2025-05-17,0,0,False,False,38119.63999999997,Current,DEBT_CONSOLIDATION
LN-504032,CUST-105897,2025-05-17,0,0,False,False,19684.947500000006,Current,DEBT_CONSOLIDATION
LN-504033,CUST-101327,2025-05-17,0,0,False,False,24958.614999999998,Current,DEBT_CONSOLIDATION
LN-504034,CUST-103774,2025-05-17,0,0,False,False,26825.15,Current,DEBT_CONSOLIDATION
LN-504035,CUST-106030,2025-05-17,0,0,False,False,49239.05000000003,Current,DEBT_CONSOLIDATION
LN-504036,CUST-104199,2025-05-17,0,0,False,False,33814.00999999998,Current,DEBT_CONSOLIDATION
LN-504037,CUST-107337,2025-05-17,0,0,False,False,9433.522500000005,Current,DEBT_CONSOLIDATION
LN-504038,CUST-105639,2025-05-17,0,0,False,False,21599.6175,Current,DEBT_CONSOLIDATION
LN-504039,CUST-102084,2025-05-17,0,0,False,False,47904.59,Current,DEBT_CONSOLIDATION
LN-504040,CUST-102131,2025-05-17,0,0,False,False,40515.380000000005,Current,DEBT_CONSOLIDATION
LN-504041,CUST-103773,2025-05-17,0,0,False,False,16515.659999999993,Current,DEBT_CONSOLIDATION
LN-504042,CUST-103920,2025-05-17,0,0,False,False,33989.002499999995,Current,DEBT_CONSOLIDATION
LN-504043,CUST-102243,2025-05-17,2,43,False,False,74409.13,30-59,DEBT_CONSOLIDATION
LN-504044,CUST-103745,2025-05-17,0,0,False,False,5917.08,Current,DEBT_CONSOLIDATION
LN-504045,CUST-103126,2025-05-17,0,0,False,False,6837.902500000001,Current,DEBT_CONSOLIDATION
LN-504046,CUST-106378,2025-05-17,0,0,False,False,44468.95,Current,DEBT_CONSOLIDATION
LN-504047,CUST-107525,2025-05-17,0,0,False,False,508394.8999999999,Current,DEBT_CONSOLIDATION
LN-504048,CUST-105237,2025-05-17,0,0,False,False,12978.19499999999,Current,DEBT_CONSOLIDATION
LN-504049,CUST-106407,2025-05-17,0,0,False,False,4516.9550000000045,Current,DEBT_CONSOLIDATION
LN-504050,CUST-101687,2025-05-17,0,0,False,False,17627.70249999998,Current,DEBT_CONSOLIDATION
LN-504052,CUST-106441,2025-05-17,0,0,False,False,13924.989999999987,Current,DEBT_CONSOLIDATION
LN-504053,CUST-107924,2025-05-17,0,0,False,False,11358.840000000004,Current,DEBT_CONSOLIDATION
LN-504054,CUST-100039,2025-05-17,0,0,False,False,5544.77,Current,DEBT_CONSOLIDATION
LN-504055,CUST-100899,2025-05-17,4,96,False,False,50403.65,90+,DEBT_CONSOLIDATION
LN-504056,CUST-107863,2025-05-17,0,0,False,False,10285.81,Current,DEBT_CONSOLIDATION
LN-504057,CUST-106421,2025-05-17,0,0,False,False,4905.484999999999,Current,DEBT_CONSOLIDATION
LN-504058,CUST-105154,2025-05-17,0,0,False,False,47311.73999999997,Current,DEBT_CONSOLIDATION
LN-504059,CUST-104898,2025-05-17,0,0,False,False,3481.0275,Current,DEBT_CONSOLIDATION
LN-504060,CUST-101260,2025-05-17,0,0,False,False,2035.9575,Current,DEBT_CONSOLIDATION
LN-504063,CUST-107623,2025-05-17,0,0,False,False,31473.239999999972,Current,DEBT_CONSOLIDATION
LN-504064,CUST-104842,2025-05-17,0,0,False,False,48847.99,Current,DEBT_CONSOLIDATION
LN-504065,CUST-104284,2025-05-17,0,0,False,False,12376.210000000014,Current,DEBT_CONSOLIDATION
LN-504066,CUST-106856,2025-05-17,0,0,False,False,2143.81,Current,DEBT_CONSOLIDATION
LN-504067,CUST-101253,2025-05-17,0,0,False,False,180480.64999999994,Current,DEBT_CONSOLIDATION
LN-504068,CUST-102724,2025-05-17,0,0,False,False,27592.88,Current,DEBT_CONSOLIDATION
LN-504069,CUST-103817,2025-05-17,0,0,False,False,33778.69249999996,Current,DEBT_CONSOLIDATION
LN-504070,CUST-106501,2025-05-17,0,0,False,False,4385.092499999998,Current,DEBT_CONSOLIDATION
LN-504071,CUST-100349,2025-05-17,0,0,False,False,31984.680000000008,Current,DEBT_CONSOLIDATION
LN-504072,CUST-102787,2025-05-17,0,0,False,False,49595.50249999999,Current,DEBT_CONSOLIDATION
LN-504073,CUST-105157,2025-05-17,0,0,False,False,17591.440000000013,Current,DEBT_CONSOLIDATION
LN-504074,CUST-100249,2025-05-17,0,0,False,False,10283.26,Current,DEBT_CONSOLIDATION
LN-504075,CUST-102195,2025-05-17,0,0,False,False,45677.979999999996,Current,DEBT_CONSOLIDATION
LN-504076,CUST-107068,2025-05-17,0,0,False,False,11134.425000000001,Current,DEBT_CONSOLIDATION
LN-504077,CUST-104217,2025-05-17,0,0,False,False,26189.329999999998,Current,DEBT_CONSOLIDATION
LN-504078,CUST-103797,2025-05-17,0,0,False,False,16505.48999999999,Current,DEBT_CONSOLIDATION
LN-504080,CUST-102150,2025-05-17,1,17,False,False,47005.4925,1-29,DEBT_CONSOLIDATION
LN-504081,CUST-106566,2025-05-17,0,0,False,False,131736.79000000007,Current,DEBT_CONSOLIDATION
LN-504082,CUST-101470,2025-05-17,0,0,False,False,45409.71,Current,DEBT_CONSOLIDATION
LN-504083,CUST-100374,2025-05-17,0,0,False,False,13227.887500000008,Current,DEBT_CONSOLIDATION
LN-504084,CUST-103968,2025-05-17,0,0,False,False,16231.85,Current,DEBT_CONSOLIDATION
LN-504085,CUST-101524,2025-05-17,0,0,False,False,19873.889999999996,Current,DEBT_CONSOLIDATION
LN-504086,CUST-102865,2025-05-17,1,14,False,False,47022.73999999998,1-29,DEBT_CONSOLIDATION
LN-504088,CUST-106468,2025-05-17,0,0,False,False,7226.679999999997,Current,DEBT_CONSOLIDATION
LN-504089,CUST-101133,2025-05-17,0,0,False,False,37901.24750000003,Current,DEBT_CONSOLIDATION
LN-504090,CUST-103010,2025-05-17,0,0,False,False,9227.910000000009,Current,DEBT_CONSOLIDATION
LN-504091,CUST-107487,2025-05-17,0,0,False,False,15759.130000000001,Current,DEBT_CONSOLIDATION
LN-504092,CUST-105672,2025-05-17,0,0,False,False,11001.90999999999,Current,DEBT_CONSOLIDATION
LN-504093,CUST-103028,2025-05-17,0,0,True,False,27882.4525,Current,DEBT_CONSOLIDATION
LN-504094,CUST-103614,2025-05-17,0,0,False,False,8820.369999999999,Current,DEBT_CONSOLIDATION
LN-504095,CUST-105945,2025-05-17,0,0,False,False,18353.82250000001,Current,DEBT_CONSOLIDATION
LN-504096,CUST-103459,2025-05-17,0,0,False,False,122642.57000000005,Current,DEBT_CONSOLIDATION
LN-504097,CUST-104136,2025-05-17,0,0,False,False,32964.11500000002,Current,DEBT_CONSOLIDATION
LN-504098,CUST-103097,2025-05-17,0,0,False,False,9174.469999999996,Current,DEBT_CONSOLIDATION
LN-504099,CUST-104861,2025-05-17,0,0,False,False,21344.32000000001,Current,DEBT_CONSOLIDATION
LN-504100,CUST-106612,2025-05-17,0,0,False,False,11986.970000000001,Current,DEBT_CONSOLIDATION
LN-504101,CUST-106320,2025-05-17,0,0,False,False,7138.24,Current,DEBT_CONSOLIDATION
LN-504102,CUST-102314,2025-05-17,0,0,False,False,37241.36000000003,Current,DEBT_CONSOLIDATION
LN-504104,CUST-100176,2025-05-17,0,0,False,False,22445.999999999978,Current,DEBT_CONSOLIDATION
LN-504105,CUST-102498,2025-05-17,0,0,False,False,3599.1925,Current,DEBT_CONSOLIDATION
LN-504106,CUST-104553,2025-05-17,0,0,False,False,11915.837499999998,Current,DEBT_CONSOLIDATION
LN-504107,CUST-101012,2025-05-17,0,0,False,False,18173.5,Current,DEBT_CONSOLIDATION
LN-504108,CUST-102425,2025-05-17,0,0,False,False,18879.71,Current,DEBT_CONSOLIDATION
LN-504109,CUST-107850,2025-05-17,0,0,False,False,55271.77999999999,Current,DEBT_CONSOLIDATION
LN-504110,CUST-102830,2025-05-17,0,0,False,False,17401.75999999999,Current,DEBT_CONSOLIDATION
LN-504111,CUST-101364,2025-05-17,0,0,False,False,437070.545,Current,DEBT_CONSOLIDATION
LN-504112,CUST-103359,2025-05-17,0,0,False,False,16195.81500000001,Current,DEBT_CONSOLIDATION
LN-504113,CUST-105136,2025-05-17,1,11,False,False,28199.96,1-29,DEBT_CONSOLIDATION
LN-504114,CUST-101638,2025-05-17,0,0,False,False,24254.5675,Current,DEBT_CONSOLIDATION
LN-504115,CUST-103569,2025-05-17,2,51,False,False,25083.060000000012,30-59,DEBT_CONSOLIDATION
LN-504116,CUST-106116,2025-05-17,0,0,False,False,8290.654999999995,Current,DEBT_CONSOLIDATION
LN-504117,CUST-101282,2025-05-17,0,0,False,False,8407.900000000005,Current,DEBT_CONSOLIDATION
LN-504118,CUST-104724,2025-05-17,1,23,False,False,18546.350000000002,1-29,DEBT_CONSOLIDATION
LN-504119,CUST-106810,2025-05-17,0,0,False,False,18563.04999999999,Current,DEBT_CONSOLIDATION
LN-504120,CUST-105271,2025-05-17,0,0,False,False,15008.350000000017,Current,DEBT_CONSOLIDATION
LN-504121,CUST-100405,2025-05-17,0,0,False,False,34423.73,Current,DEBT_CONSOLIDATION
LN-504122,CUST-100763,2025-05-17,0,0,False,False,26374.45499999999,Current,DEBT_CONSOLIDATION
LN-504124,CUST-100385,2025-05-17,0,0,False,False,19321.484999999997,Current,DEBT_CONSOLIDATION
LN-504125,CUST-100976,2025-05-17,0,0,False,False,8885.190000000002,Current,DEBT_CONSOLIDATION
LN-504126,CUST-100463,2025-05-17,0,0,False,False,7322.407500000004,Current,DEBT_CONSOLIDATION
LN-504127,CUST-107319,2025-05-17,0,0,False,False,7421.549999999998,Current,DEBT_CONSOLIDATION
LN-504128,CUST-102757,2025-05-17,2,59,False,False,13704.98,30-59,DEBT_CONSOLIDATION
LN-504129,CUST-105517,2025-05-17,0,0,False,False,3960.824999999999,Current,DEBT_CONSOLIDATION
LN-504130,CUST-104760,2025-05-17,0,0,False,False,46480.92,Current,DEBT_CONSOLIDATION
LN-504131,CUST-102547,2025-05-17,0,0,False,False,504.05500000000023,Current,DEBT_CONSOLIDATION
LN-504132,CUST-100324,2025-05-17,3,65,False,False,521041.3400000001,60-89,DEBT_CONSOLIDATION
LN-504133,CUST-101291,2025-05-17,0,0,False,False,4986.055,Current,DEBT_CONSOLIDATION
LN-504134,CUST-103007,2025-05-17,0,0,False,False,45529.897500000014,Current,DEBT_CONSOLIDATION
LN-504135,CUST-102965,2025-05-17,0,0,False,False,4396.665000000001,Current,DEBT_CONSOLIDATION
LN-504136,CUST-102582,2025-05-17,0,0,False,False,35679.215,Current,DEBT_CONSOLIDATION
LN-504137,CUST-107846,2025-05-17,2,42,False,False,18520.094999999998,30-59,DEBT_CONSOLIDATION
LN-504138,CUST-100321,2025-05-17,0,0,False,False,32181.705,Current,DEBT_CONSOLIDATION
LN-504139,CUST-106571,2025-05-17,0,0,False,False,6445.282499999999,Current,DEBT_CONSOLIDATION
LN-504140,CUST-101595,2025-05-17,0,0,False,False,11628.53,Current,DEBT_CONSOLIDATION
LN-504141,CUST-107433,2025-05-17,0,0,False,False,40230.47750000001,Current,DEBT_CONSOLIDATION
LN-504142,CUST-107876,2025-05-17,0,0,False,False,4739.53,Current,DEBT_CONSOLIDATION
LN-504143,CUST-103349,2025-05-17,0,0,False,False,28139.407499999998,Current,DEBT_CONSOLIDATION
LN-504144,CUST-101727,2025-05-17,4,91,False,False,28044.932500000006,90+,DEBT_CONSOLIDATION
LN-504145,CUST-101032,2025-05-17,0,0,False,False,38304.55750000001,Current,DEBT_CONSOLIDATION
LN-504146,CUST-101906,2025-05-17,0,0,False,False,16274.979999999994,Current,DEBT_CONSOLIDATION
LN-504147,CUST-104579,2025-05-17,0,0,False,False,131883.28000000003,Current,DEBT_CONSOLIDATION
LN-504148,CUST-101069,2025-05-17,0,0,False,False,11719.485000000004,Current,DEBT_CONSOLIDATION
LN-504149,CUST-102000,2025-05-17,0,0,False,False,7349.085000000001,Current,DEBT_CONSOLIDATION
LN-504150,CUST-102833,2025-05-17,0,0,False,False,101069.56999999998,Current,DEBT_CONSOLIDATION
LN-504151,CUST-102059,2025-05-17,0,0,False,False,406278.92,Current,DEBT_CONSOLIDATION
LN-504152,CUST-105220,2025-05-17,0,0,False,False,15956.282499999994,Current,DEBT_CONSOLIDATION
LN-504153,CUST-107677,2025-05-17,0,0,False,False,10384.345,Current,DEBT_CONSOLIDATION
LN-504154,CUST-105164,2025-05-17,3,83,False,False,15831.929999999993,60-89,DEBT_CONSOLIDATION
LN-504155,CUST-103495,2025-05-17,2,50,False,True,77445.95250000001,30-59,DEBT_CONSOLIDATION
LN-504156,CUST-107747,2025-05-17,0,0,False,False,19694.5225,Current,DEBT_CONSOLIDATION
LN-504157,CUST-105695,2025-05-17,0,0,False,False,29542.150000000005,Current,DEBT_CONSOLIDATION
LN-504158,CUST-104584,2025-05-17,0,0,False,False,14707.767500000002,Current,DEBT_CONSOLIDATION
LN-504159,CUST-101005,2025-05-17,0,0,False,False,3845.187500000002,Current,DEBT_CONSOLIDATION
LN-504160,CUST-102437,2025-05-17,0,0,False,False,11940.470000000001,Current,DEBT_CONSOLIDATION
LN-504161,CUST-106147,2025-05-17,0,0,False,False,106292.74000000002,Current,DEBT_CONSOLIDATION
LN-504162,CUST-104651,2025-05-17,0,0,False,False,313832.51500000013,Current,DEBT_CONSOLIDATION
LN-504163,CUST-104719,2025-05-17,0,0,False,False,23935.402499999997,Current,DEBT_CONSOLIDATION
LN-504164,CUST-107344,2025-05-17,2,58,False,False,48696.04000000001,30-59,DEBT_CONSOLIDATION
LN-504166,CUST-106019,2025-05-17,0,0,False,False,18612.32,Current,DEBT_CONSOLIDATION
LN-504167,CUST-107948,2025-05-17,0,0,False,False,43459.96750000002,Current,DEBT_CONSOLIDATION
LN-504168,CUST-102687,2025-05-17,0,0,False,False,35173.165000000015,Current,DEBT_CONSOLIDATION
LN-504169,CUST-107933,2025-05-17,0,0,False,False,14289.71,Current,DEBT_CONSOLIDATION
LN-504170,CUST-103624,2025-05-17,0,0,False,False,4535.934999999997,Current,DEBT_CONSOLIDATION
LN-504171,CUST-100321,2025-05-17,0,0,False,False,33990.53500000002,Current,DEBT_CONSOLIDATION
LN-504172,CUST-100520,2025-05-17,0,0,False,False,13539.475000000004,Current,DEBT_CONSOLIDATION
LN-504173,CUST-103959,2025-05-17,0,0,False,False,40180.369999999995,Current,DEBT_CONSOLIDATION
LN-504174,CUST-104737,2025-05-17,0,0,False,False,35444.164999999986,Current,DEBT_CONSOLIDATION
LN-504175,CUST-105845,2025-05-17,0,0,False,False,8420.48,Current,DEBT_CONSOLIDATION
LN-504176,CUST-101333,2025-05-17,2,44,False,False,18451.47500000001,30-59,DEBT_CONSOLIDATION
LN-504177,CUST-107886,2025-05-17,0,0,False,False,2177.7875000000004,Current,DEBT_CONSOLIDATION
LN-504178,CUST-101791,2025-05-17,2,57,False,False,24812.135000000002,30-59,DEBT_CONSOLIDATION
LN-504179,CUST-105451,2025-05-17,0,0,False,False,2596.95,Current,DEBT_CONSOLIDATION
LN-504180,CUST-107513,2025-05-17,0,0,False,False,202762.5500000002,Current,DEBT_CONSOLIDATION
LN-504181,CUST-106481,2025-05-17,0,0,False,False,41642.744999999995,Current,DEBT_CONSOLIDATION
LN-504182,CUST-105755,2025-05-17,4,124,False,False,3940.580000000003,90+,DEBT_CONSOLIDATION
LN-504183,CUST-105405,2025-05-17,0,0,False,False,31129.382499999985,Current,DEBT_CONSOLIDATION
LN-504184,CUST-103451,2025-05-17,0,0,False,False,35990.54750000002,Current,DEBT_CONSOLIDATION
LN-504185,CUST-104467,2025-05-17,0,0,False,False,12436.315000000002,Current,DEBT_CONSOLIDATION
LN-504186,CUST-102745,2025-05-17,0,0,False,False,44855.5,Current,DEBT_CONSOLIDATION
LN-504187,CUST-107495,2025-05-17,0,0,False,False,14010.03,Current,DEBT_CONSOLIDATION
LN-504188,CUST-101920,2025-05-17,0,0,False,False,35220.41500000002,Current,DEBT_CONSOLIDATION
LN-504189,CUST-100879,2025-05-17,0,0,False,False,434238.03000000014,Current,DEBT_CONSOLIDATION
LN-504190,CUST-102706,2025-05-17,0,0,False,False,15565.260000000006,Current,DEBT_CONSOLIDATION
LN-504191,CUST-104630,2025-05-17,0,0,False,False,18615.325,Current,DEBT_CONSOLIDATION
LN-504192,CUST-104889,2025-05-17,0,0,False,False,41736.860000000015,Current,DEBT_CONSOLIDATION
LN-504193,CUST-105632,2025-05-17,0,0,False,False,12295.950000000004,Current,DEBT_CONSOLIDATION
LN-504194,CUST-106843,2025-05-17,0,0,False,False,7086.940000000004,Current,DEBT_CONSOLIDATION
LN-504195,CUST-104623,2025-05-17,0,0,False,False,9340.954999999998,Current,DEBT_CONSOLIDATION
LN-504196,CUST-106222,2025-05-17,0,0,False,False,87991.22,Current,DEBT_CONSOLIDATION
LN-504197,CUST-107142,2025-05-17,0,0,False,False,391986.76,Current,DEBT_CONSOLIDATION
LN-504198,CUST-106625,2025-05-17,0,0,False,False,6642.717500000001,Current,DEBT_CONSOLIDATION
LN-504199,CUST-106859,2025-05-17,0,0,False,False,44982.74999999999,Current,DEBT_CONSOLIDATION
LN-504200,CUST-104029,2025-05-17,0,0,False,False,22430.772500000003,Current,DEBT_CONSOLIDATION
LN-504201,CUST-107684,2025-05-17,0,0,False,False,9908.789999999997,Current,DEBT_CONSOLIDATION
LN-504202,CUST-107094,2025-05-17,0,0,False,False,1317.7099999999996,Current,DEBT_CONSOLIDATION
LN-504203,CUST-103673,2025-05-17,0,0,False,False,28113.36750000001,Current,DEBT_CONSOLIDATION
LN-504204,CUST-105044,2025-05-17,0,0,False,False,35398.24500000002,Current,DEBT_CONSOLIDATION
LN-504205,CUST-102396,2025-05-17,0,0,False,False,11267.69,Current,DEBT_CONSOLIDATION
LN-504206,CUST-103275,2025-05-17,0,0,False,False,5140.349999999999,Current,DEBT_CONSOLIDATION
LN-504207,CUST-103746,2025-05-17,0,0,False,False,16530.80000000001,Current,DEBT_CONSOLIDATION
LN-504208,CUST-101745,2025-05-17,0,0,False,False,20311.54,Current,DEBT_CONSOLIDATION
LN-504209,CUST-102919,2025-05-17,0,0,False,False,11571.78,Current,DEBT_CONSOLIDATION
LN-504210,CUST-105774,2025-05-17,0,0,False,False,8461.039999999997,Current,DEBT_CONSOLIDATION
LN-504211,CUST-107942,2025-05-17,0,0,False,False,38586.78500000001,Current,DEBT_CONSOLIDATION
LN-504212,CUST-105988,2025-05-17,0,0,False,False,23463.9225,Current,DEBT_CONSOLIDATION
LN-504213,CUST-106144,2025-05-17,0,0,False,False,44500.16,Current,DEBT_CONSOLIDATION
LN-504214,CUST-103760,2025-05-17,0,0,False,False,39914.52999999999,Current,DEBT_CONSOLIDATION
LN-504215,CUST-106896,2025-05-17,0,0,False,False,2237.625000000002,Current,DEBT_CONSOLIDATION
LN-504216,CUST-102689,2025-05-17,0,0,False,False,21377.44,Current,DEBT_CONSOLIDATION
LN-504217,CUST-105102,2025-05-17,0,0,False,False,18527.570000000003,Current,DEBT_CONSOLIDATION
LN-504218,CUST-101443,2025-05-17,0,0,False,False,21967.41,Current,DEBT_CONSOLIDATION
LN-504219,CUST-106156,2025-05-17,0,0,False,False,122752.94000000009,Current,DEBT_CONSOLIDATION
LN-504220,CUST-105241,2025-05-17,1,15,False,False,39604.270000000004,1-29,DEBT_CONSOLIDATION
LN-504221,CUST-101116,2025-05-17,0,0,False,False,18722.689999999995,Current,DEBT_CONSOLIDATION
LN-504222,CUST-102186,2025-05-17,0,0,False,False,9211.195,Current,DEBT_CONSOLIDATION
LN-504223,CUST-106873,2025-05-17,0,0,False,False,122101.12000000002,Current,DEBT_CONSOLIDATION
LN-504224,CUST-102710,2025-05-17,0,0,False,False,10463.58,Current,DEBT_CONSOLIDATION
LN-504225,CUST-101360,2025-05-17,0,0,False,False,7599.264999999999,Current,DEBT_CONSOLIDATION
LN-504226,CUST-104108,2025-05-17,1,26,False,False,40081.435000000034,1-29,DEBT_CONSOLIDATION
LN-504229,CUST-100719,2025-05-17,0,0,False,False,109426.06999999996,Current,DEBT_CONSOLIDATION
LN-504230,CUST-103239,2025-05-17,0,0,False,False,381242.39999999997,Current,DEBT_CONSOLIDATION
LN-504232,CUST-107681,2025-05-17,0,0,False,False,13396.954999999996,Current,DEBT_CONSOLIDATION
LN-504233,CUST-103859,2025-05-17,0,0,False,False,54203.72,Current,DEBT_CONSOLIDATION
LN-504234,CUST-100342,2025-05-17,0,0,False,False,41870.559999999976,Current,DEBT_CONSOLIDATION
LN-504235,CUST-101995,2025-05-17,0,0,False,False,759.9599999999998,Current,DEBT_CONSOLIDATION
LN-504236,CUST-105509,2025-05-17,0,0,False,False,1734.1175000000007,Current,DEBT_CONSOLIDATION
LN-504237,CUST-100468,2025-05-17,0,0,False,False,7197.330000000002,Current,DEBT_CONSOLIDATION
LN-504238,CUST-100648,2025-05-17,0,0,False,False,476841.9475000001,Current,DEBT_CONSOLIDATION
LN-504239,CUST-106251,2025-05-17,0,0,False,False,15556.17,Current,DEBT_CONSOLIDATION
LN-504240,CUST-104690,2025-05-17,0,0,False,False,23330.88499999999,Current,DEBT_CONSOLIDATION
LN-504241,CUST-100079,2025-05-17,0,0,False,False,9748.239999999996,Current,DEBT_CONSOLIDATION
LN-504242,CUST-104302,2025-05-17,0,0,False,False,19113.624999999993,Current,DEBT_CONSOLIDATION
LN-504243,CUST-100514,2025-05-17,0,0,False,False,434668.0599999999,Current,DEBT_CONSOLIDATION
LN-504244,CUST-101742,2025-05-17,3,75,False,False,15586.56,60-89,DEBT_CONSOLIDATION
LN-504245,CUST-100455,2025-05-17,0,0,False,False,9437.759999999997,Current,DEBT_CONSOLIDATION
LN-504246,CUST-102525,2025-05-17,0,0,False,False,21238.7175,Current,DEBT_CONSOLIDATION
LN-504247,CUST-101299,2025-05-17,0,0,False,False,22347.607500000006,Current,DEBT_CONSOLIDATION
LN-504248,CUST-100843,2025-05-17,0,0,False,False,10459.562500000004,Current,DEBT_CONSOLIDATION
LN-504249,CUST-107459,2025-05-17,2,46,False,False,11535.439999999997,30-59,DEBT_CONSOLIDATION
LN-504250,CUST-103694,2025-05-17,0,0,False,False,17166.125000000025,Current,DEBT_CONSOLIDATION
LN-504251,CUST-101497,2025-05-17,0,0,False,False,19488.5275,Current,DEBT_CONSOLIDATION
LN-504252,CUST-106870,2025-05-17,0,0,False,False,30378.4675,Current,DEBT_CONSOLIDATION
LN-504253,CUST-103972,2025-05-17,0,0,False,False,7102.439999999997,Current,DEBT_CONSOLIDATION
LN-504254,CUST-103681,2025-05-17,0,0,False,False,2469.062499999999,Current,DEBT_CONSOLIDATION
LN-504255,CUST-102501,2025-05-17,0,0,False,False,13729.2,Current,DEBT_CONSOLIDATION
LN-504256,CUST-102597,2025-05-17,0,0,False,False,5508.3624999999965,Current,DEBT_CONSOLIDATION
LN-504257,CUST-100014,2025-05-17,0,0,False,False,10844.325000000003,Current,DEBT_CONSOLIDATION
LN-504258,CUST-100112,2025-05-17,0,0,False,False,13454.27,Current,DEBT_CONSOLIDATION
LN-504259,CUST-100242,2025-05-17,0,0,False,False,24079.144999999997,Current,DEBT_CONSOLIDATION
LN-504260,CUST-105882,2025-05-17,3,61,False,False,8420.222499999998,60-89,DEBT_CONSOLIDATION
LN-504261,CUST-105497,2025-05-17,0,0,False,False,15152.610000000011,Current,DEBT_CONSOLIDATION
LN-504262,CUST-105366,2025-05-17,0,0,False,False,8115.870000000001,Current,DEBT_CONSOLIDATION
LN-504263,CUST-103235,2025-05-17,0,0,False,False,6626.122500000003,Current,DEBT_CONSOLIDATION
LN-504264,CUST-103471,2025-05-17,0,0,False,False,10842.119999999997,Current,DEBT_CONSOLIDATION
LN-504265,CUST-107662,2025-05-17,0,0,False,False,15512.470000000012,Current,DEBT_CONSOLIDATION
LN-504266,CUST-105175,2025-05-17,1,5,False,False,24108.595000000016,1-29,DEBT_CONSOLIDATION
LN-504267,CUST-105467,2025-05-17,0,0,False,False,27724.037500000002,Current,DEBT_CONSOLIDATION
LN-504268,CUST-105764,2025-05-17,0,0,False,False,24731.60000000001,Current,DEBT_CONSOLIDATION
LN-504269,CUST-105427,2025-05-17,1,28,False,False,39704.56249999996,1-29,DEBT_CONSOLIDATION
LN-504270,CUST-102768,2025-05-17,0,0,True,False,24799.46249999999,Current,DEBT_CONSOLIDATION
LN-504271,CUST-102852,2025-05-17,0,0,False,False,236981.36750000005,Current,DEBT_CONSOLIDATION
LN-504272,CUST-102092,2025-05-17,0,0,False,False,9934.10499999999,Current,DEBT_CONSOLIDATION
LN-504273,CUST-105324,2025-05-17,0,0,False,False,29166.610000000008,Current,DEBT_CONSOLIDATION
LN-504274,CUST-107323,2025-05-17,0,0,False,False,159788.61,Current,DEBT_CONSOLIDATION
LN-504275,CUST-107002,2025-05-17,0,0,False,False,17472.04999999998,Current,DEBT_CONSOLIDATION
LN-504276,CUST-100318,2025-05-17,0,0,False,False,13898.41,Current,DEBT_CONSOLIDATION
LN-504277,CUST-100240,2025-05-17,0,0,False,False,1652.8325000000011,Current,DEBT_CONSOLIDATION
LN-504278,CUST-106421,2025-05-17,0,0,False,False,12125.559999999998,Current,DEBT_CONSOLIDATION
LN-504279,CUST-105222,2025-05-17,0,0,False,False,6208.68,Current,DEBT_CONSOLIDATION
LN-504280,CUST-106206,2025-05-17,0,0,False,False,4661.319999999997,Current,DEBT_CONSOLIDATION
LN-504281,CUST-106305,2025-05-17,0,0,False,False,4458.192500000003,Current,DEBT_CONSOLIDATION
LN-504282,CUST-106214,2025-05-17,0,0,False,False,5291.725,Current,DEBT_CONSOLIDATION
LN-504283,CUST-104894,2025-05-17,0,0,False,False,2865.1125000000006,Current,DEBT_CONSOLIDATION
LN-504284,CUST-107597,2025-05-17,0,0,False,False,14640.487500000003,Current,DEBT_CONSOLIDATION
LN-504285,CUST-100380,2025-05-17,0,0,False,False,8809.449999999999,Current,DEBT_CONSOLIDATION
LN-504286,CUST-102584,2025-05-17,0,0,False,False,9116.100000000004,Current,DEBT_CONSOLIDATION
LN-504287,CUST-107603,2025-05-17,0,0,False,False,14853.7975,Current,DEBT_CONSOLIDATION
LN-504288,CUST-104524,2025-05-17,0,0,False,False,12807.035000000003,Current,DEBT_CONSOLIDATION
LN-504289,CUST-106256,2025-05-17,0,0,False,False,17174.835000000014,Current,DEBT_CONSOLIDATION
LN-504290,CUST-107945,2025-05-17,0,0,False,False,42267.07750000003,Current,DEBT_CONSOLIDATION
LN-504291,CUST-102091,2025-05-17,0,0,False,False,45300.81500000003,Current,DEBT_CONSOLIDATION
LN-504292,CUST-100914,2025-05-17,0,0,False,False,13847.757500000003,Current,DEBT_CONSOLIDATION
LN-504293,CUST-103404,2025-05-17,0,0,False,False,25644.3325,Current,DEBT_CONSOLIDATION
LN-504294,CUST-105878,2025-05-17,0,0,False,False,24398.81499999999,Current,DEBT_CONSOLIDATION
LN-504295,CUST-100772,2025-05-17,0,0,False,False,15589.67,Current,DEBT_CONSOLIDATION
LN-504296,CUST-107367,2025-05-17,0,0,False,False,31589.57,Current,DEBT_CONSOLIDATION
LN-504297,CUST-104032,2025-05-17,3,62,False,False,13090.359999999997,60-89,DEBT_CONSOLIDATION
LN-504298,CUST-106330,2025-05-17,0,0,False,False,10912.935000000005,Current,DEBT_CONSOLIDATION
LN-504299,CUST-103385,2025-05-17,0,0,False,False,16369.54249999999,Current,DEBT_CONSOLIDATION
LN-504300,CUST-100754,2025-05-17,0,0,False,False,29875.479999999996,Current,DEBT_CONSOLIDATION
LN-504301,CUST-104064,2025-05-17,0,0,False,False,7122.454999999998,Current,DEBT_CONSOLIDATION
LN-504302,CUST-107489,2025-05-17,0,0,False,False,21838.78000000001,Current,DEBT_CONSOLIDATION
LN-504303,CUST-101141,2025-05-17,0,0,False,False,19347.515,Current,DEBT_CONSOLIDATION
LN-504304,CUST-106055,2025-05-17,2,35,False,False,573750.245,30-59,DEBT_CONSOLIDATION
LN-504305,CUST-107175,2025-05-17,0,0,False,False,25554.410000000007,Current,DEBT_CONSOLIDATION
LN-504307,CUST-102478,2025-05-17,0,0,False,False,38439.609999999986,Current,DEBT_CONSOLIDATION
LN-504308,CUST-107281,2025-05-17,0,0,False,False,18487.692500000012,Current,DEBT_CONSOLIDATION
LN-504309,CUST-107361,2025-05-17,0,0,False,False,25060.72,Current,DEBT_CONSOLIDATION
LN-504310,CUST-102040,2025-05-17,0,0,False,False,17340.9,Current,DEBT_CONSOLIDATION
LN-504311,CUST-104157,2025-05-17,0,0,False,False,10204.400000000001,Current,DEBT_CONSOLIDATION
LN-504312,CUST-100799,2025-05-17,0,0,False,False,12628.414999999997,Current,DEBT_CONSOLIDATION
LN-504313,CUST-100579,2025-05-17,0,0,False,False,457318.41000000003,Current,DEBT_CONSOLIDATION
LN-504314,CUST-101107,2025-05-17,0,0,False,False,19154.8875,Current,DEBT_CONSOLIDATION
LN-504315,CUST-106687,2025-05-17,4,107,False,False,16915.829999999987,90+,DEBT_CONSOLIDATION
LN-504317,CUST-104989,2025-05-17,0,0,False,False,26000.11999999999,Current,DEBT_CONSOLIDATION
LN-504319,CUST-107441,2025-05-17,0,0,False,False,26209.097500000007,Current,DEBT_CONSOLIDATION
LN-504320,CUST-104487,2025-05-17,0,0,False,False,9192.990000000005,Current,DEBT_CONSOLIDATION
LN-504321,CUST-103040,2025-05-17,0,0,False,False,22661.1725,Current,DEBT_CONSOLIDATION
LN-504322,CUST-107820,2025-05-17,0,0,False,False,13104.060000000001,Current,DEBT_CONSOLIDATION
LN-504323,CUST-104557,2025-05-17,0,0,False,False,42816.17999999998,Current,DEBT_CONSOLIDATION
LN-504324,CUST-102704,2025-05-17,0,0,False,False,20436.22500000001,Current,DEBT_CONSOLIDATION
LN-504325,CUST-105524,2025-05-17,0,0,False,False,14638.067500000001,Current,DEBT_CONSOLIDATION
LN-504326,CUST-105327,2025-05-17,1,23,False,False,2937.7000000000025,1-29,DEBT_CONSOLIDATION
LN-504327,CUST-103488,2025-05-17,4,257,False,False,49302.337500000016,90+,DEBT_CONSOLIDATION
LN-504328,CUST-107070,2025-05-17,0,0,False,False,372850.05999999976,Current,DEBT_CONSOLIDATION
LN-504329,CUST-102652,2025-05-17,0,0,False,False,4910.280000000001,Current,DEBT_CONSOLIDATION
LN-504330,CUST-102803,2025-05-17,0,0,False,False,46116.994999999995,Current,DEBT_CONSOLIDATION
LN-504331,CUST-100388,2025-05-17,0,0,False,False,609800.6375000002,Current,DEBT_CONSOLIDATION
LN-504332,CUST-103568,2025-05-17,0,0,False,False,4693.235000000002,Current,DEBT_CONSOLIDATION
LN-504333,CUST-100494,2025-05-17,0,0,False,False,19893.644999999993,Current,DEBT_CONSOLIDATION
LN-504334,CUST-102806,2025-05-17,0,0,False,False,5462.96,Current,DEBT_CONSOLIDATION
LN-504335,CUST-102148,2025-05-17,0,0,False,False,49346.76,Current,DEBT_CONSOLIDATION
LN-504336,CUST-106793,2025-05-17,0,0,False,False,25843.039999999997,Current,DEBT_CONSOLIDATION
LN-504337,CUST-105759,2025-05-17,0,0,False,False,1803.4900000000007,Current,DEBT_CONSOLIDATION
LN-504338,CUST-100915,2025-05-17,0,0,False,False,43108.50500000002,Current,DEBT_CONSOLIDATION
LN-504339,CUST-103543,2025-05-17,0,0,False,False,6547.705,Current,DEBT_CONSOLIDATION
LN-504340,CUST-107516,2025-05-17,0,0,False,False,4984.834999999999,Current,DEBT_CONSOLIDATION
LN-504341,CUST-105605,2025-05-17,0,0,False,False,8054.385000000007,Current,DEBT_CONSOLIDATION
LN-504342,CUST-102759,2025-05-17,0,0,False,False,15825.44,Current,DEBT_CONSOLIDATION
LN-504343,CUST-107143,2025-05-17,0,0,False,False,20963.46,Current,DEBT_CONSOLIDATION
LN-504344,CUST-101903,2025-05-17,0,0,False,False,18891.997500000012,Current,DEBT_CONSOLIDATION
LN-504345,CUST-100246,2025-05-17,0,0,False,False,1441.5499999999997,Current,DEBT_CONSOLIDATION
LN-504346,CUST-107757,2025-05-17,0,0,False,False,12411.302499999998,Current,DEBT_CONSOLIDATION
LN-504347,CUST-105004,2025-05-17,0,0,False,False,36632.615000000005,Current,DEBT_CONSOLIDATION
LN-504348,CUST-104854,2025-05-17,0,0,False,False,29997.35,Current,DEBT_CONSOLIDATION
LN-504349,CUST-107989,2025-05-17,0,0,False,False,22165.35,Current,DEBT_CONSOLIDATION
LN-504350,CUST-107166,2025-05-17,0,0,False,False,27291.794999999984,Current,DEBT_CONSOLIDATION
LN-504351,CUST-101348,2025-05-17,0,0,False,False,16987.422499999997,Current,DEBT_CONSOLIDATION
LN-504352,CUST-100119,2025-05-17,0,0,False,False,46169.304999999986,Current,DEBT_CONSOLIDATION
LN-504353,CUST-105495,2025-05-17,0,0,False,False,105956.26999999997,Current,DEBT_CONSOLIDATION
LN-504354,CUST-103319,2025-05-17,0,0,False,False,41744.77999999998,Current,DEBT_CONSOLIDATION
LN-504355,CUST-105713,2025-05-17,0,0,False,False,22330.739999999998,Current,DEBT_CONSOLIDATION
LN-504356,CUST-105999,2025-05-17,0,0,False,False,44139.7525,Current,DEBT_CONSOLIDATION
LN-504357,CUST-106769,2025-05-17,0,0,False,False,39038.4125,Current,DEBT_CONSOLIDATION
LN-504359,CUST-104951,2025-05-17,0,0,False,False,16927.32250000001,Current,DEBT_CONSOLIDATION
LN-504360,CUST-106077,2025-05-17,0,0,False,False,11670.679999999997,Current,DEBT_CONSOLIDATION
LN-504361,CUST-103267,2025-05-17,1,8,False,False,13769.999999999996,1-29,DEBT_CONSOLIDATION
LN-504362,CUST-104562,2025-05-17,0,0,False,False,15408.24,Current,DEBT_CONSOLIDATION
LN-504363,CUST-107447,2025-05-17,0,0,False,False,1297.7549999999999,Current,DEBT_CONSOLIDATION
LN-504364,CUST-103237,2025-05-17,0,0,False,False,11640.689999999999,Current,DEBT_CONSOLIDATION
LN-504365,CUST-104563,2025-05-17,0,0,False,False,6303.15,Current,DEBT_CONSOLIDATION
LN-504366,CUST-104407,2025-05-17,1,15,False,False,135128.95000000007,1-29,DEBT_CONSOLIDATION
LN-504367,CUST-100238,2025-05-17,0,0,False,False,26792.587499999998,Current,DEBT_CONSOLIDATION
LN-504368,CUST-102616,2025-05-17,0,0,False,False,4761.109999999993,Current,DEBT_CONSOLIDATION
LN-504369,CUST-107431,2025-05-17,1,24,False,False,20337.730000000003,1-29,DEBT_CONSOLIDATION
LN-504370,CUST-103697,2025-05-17,0,0,False,False,17608.152500000007,Current,DEBT_CONSOLIDATION
LN-504371,CUST-106833,2025-05-17,0,0,False,False,9159.442500000012,Current,DEBT_CONSOLIDATION
LN-504372,CUST-103848,2025-05-17,0,0,False,False,33574.38,Current,DEBT_CONSOLIDATION
LN-504373,CUST-104188,2025-05-17,0,0,False,False,13497.499999999995,Current,DEBT_CONSOLIDATION
LN-504374,CUST-106732,2025-05-17,0,0,False,False,1868.0425000000002,Current,DEBT_CONSOLIDATION
LN-504375,CUST-107575,2025-05-17,0,0,False,False,24536.60250000001,Current,DEBT_CONSOLIDATION
LN-504376,CUST-106371,2025-05-17,0,0,False,False,42698.8375,Current,DEBT_CONSOLIDATION
LN-504377,CUST-107080,2025-05-17,3,77,False,False,12051.474999999999,60-89,DEBT_CONSOLIDATION
LN-504378,CUST-102516,2025-05-17,0,0,False,False,20776.245000000003,Current,DEBT_CONSOLIDATION
LN-504379,CUST-107997,2025-05-17,0,0,False,False,15240.929999999993,Current,DEBT_CONSOLIDATION
LN-504380,CUST-107656,2025-05-17,0,0,False,False,24667.944999999996,Current,DEBT_CONSOLIDATION
LN-504381,CUST-106244,2025-05-17,3,87,False,False,17079.34750000001,60-89,DEBT_CONSOLIDATION
LN-504382,CUST-102427,2025-05-17,0,0,False,False,10879.299999999997,Current,DEBT_CONSOLIDATION
LN-504383,CUST-100689,2025-05-17,0,0,False,False,20831.625,Current,DEBT_CONSOLIDATION
LN-504384,CUST-103540,2025-05-17,0,0,False,False,27763.027499999993,Current,DEBT_CONSOLIDATION
LN-504385,CUST-102313,2025-05-17,0,0,False,False,35811.66,Current,DEBT_CONSOLIDATION
LN-504386,CUST-106964,2025-05-17,0,0,False,False,31218.162500000002,Current,DEBT_CONSOLIDATION
LN-504388,CUST-103490,2025-05-17,0,0,False,False,3333.61,Current,DEBT_CONSOLIDATION
LN-504389,CUST-103452,2025-05-17,0,0,False,False,44618.99,Current,DEBT_CONSOLIDATION
LN-504390,CUST-104487,2025-05-17,0,0,False,False,27941.030000000002,Current,DEBT_CONSOLIDATION
LN-504391,CUST-103221,2025-05-17,0,0,False,False,14596.2425,Current,DEBT_CONSOLIDATION
LN-504393,CUST-105607,2025-05-17,0,0,False,False,25763.7225,Current,DEBT_CONSOLIDATION
LN-504394,CUST-102828,2025-05-17,0,0,False,False,6346.9675,Current,DEBT_CONSOLIDATION
LN-504395,CUST-106853,2025-05-17,1,8,False,False,32183.754999999997,1-29,DEBT_CONSOLIDATION
LN-504396,CUST-100458,2025-05-17,0,0,False,False,136137.13000000012,Current,DEBT_CONSOLIDATION
LN-504397,CUST-101280,2025-05-17,0,0,False,False,38817.420000000006,Current,DEBT_CONSOLIDATION
LN-504398,CUST-102714,2025-05-17,0,0,False,False,18870.239999999987,Current,DEBT_CONSOLIDATION
LN-504399,CUST-102836,2025-05-17,0,0,False,False,25547.925,Current,DEBT_CONSOLIDATION
LN-504400,CUST-103646,2025-05-17,0,0,False,False,15592.510000000002,Current,DEBT_CONSOLIDATION
LN-504401,CUST-100383,2025-05-17,0,0,False,False,26632.109999999997,Current,DEBT_CONSOLIDATION
LN-504402,CUST-100270,2025-05-17,0,0,False,False,6837.0049999999965,Current,DEBT_CONSOLIDATION
LN-504403,CUST-105262,2025-05-17,0,0,False,False,16678.537500000006,Current,DEBT_CONSOLIDATION
LN-504404,CUST-105691,2025-05-17,0,0,False,False,46736.38999999997,Current,DEBT_CONSOLIDATION
LN-504405,CUST-106014,2025-05-17,1,27,False,False,15257.220000000012,1-29,DEBT_CONSOLIDATION
LN-504406,CUST-105031,2025-05-17,4,122,False,False,110326.03,90+,DEBT_CONSOLIDATION
LN-504407,CUST-100258,2025-05-17,0,0,False,False,27552.84999999999,Current,DEBT_CONSOLIDATION
LN-504408,CUST-106158,2025-05-17,0,0,False,False,14052.4375,Current,DEBT_CONSOLIDATION
LN-504409,CUST-106894,2025-05-17,0,0,False,False,24825.63,Current,DEBT_CONSOLIDATION
LN-504410,CUST-100814,2025-05-17,0,0,False,False,88648.04,Current,DEBT_CONSOLIDATION
LN-504411,CUST-104073,2025-05-17,0,0,False,False,6303.735000000001,Current,DEBT_CONSOLIDATION
LN-504412,CUST-101881,2025-05-17,0,0,False,False,38147.81999999999,Current,DEBT_CONSOLIDATION
LN-504413,CUST-105053,2025-05-17,0,0,False,False,91785.325,Current,DEBT_CONSOLIDATION
LN-504414,CUST-101863,2025-05-17,0,0,False,False,18337.072499999995,Current,DEBT_CONSOLIDATION
LN-504416,CUST-102953,2025-05-17,0,0,False,False,4290.369999999996,Current,DEBT_CONSOLIDATION
LN-504417,CUST-106450,2025-05-17,0,0,False,False,13260.640000000003,Current,DEBT_CONSOLIDATION
LN-504419,CUST-102924,2025-05-17,0,0,False,False,96666.65,Current,DEBT_CONSOLIDATION
LN-504420,CUST-101783,2025-05-17,0,0,False,False,8880.225000000002,Current,DEBT_CONSOLIDATION
LN-504421,CUST-102275,2025-05-17,0,0,False,False,25745.12000000001,Current,DEBT_CONSOLIDATION
LN-504422,CUST-103396,2025-05-17,0,0,False,False,14653.509999999997,Current,DEBT_CONSOLIDATION
LN-504423,CUST-105092,2025-05-17,0,0,True,False,525832.2099999997,Current,DEBT_CONSOLIDATION
LN-504424,CUST-107494,2025-05-17,0,0,False,False,8709.2925,Current,DEBT_CONSOLIDATION
LN-504425,CUST-105756,2025-05-17,0,0,False,False,5633.250000000004,Current,DEBT_CONSOLIDATION
LN-504426,CUST-102713,2025-05-17,1,10,False,False,13014.545000000004,1-29,DEBT_CONSOLIDATION
LN-504427,CUST-104947,2025-05-17,0,0,False,False,6071.467499999997,Current,DEBT_CONSOLIDATION
LN-504428,CUST-103080,2025-05-17,0,0,False,False,11964.624999999998,Current,DEBT_CONSOLIDATION
LN-504429,CUST-103094,2025-05-17,0,0,False,False,12250.425000000003,Current,DEBT_CONSOLIDATION
LN-504430,CUST-106124,2025-05-17,0,0,False,False,323884.45999999973,Current,DEBT_CONSOLIDATION
LN-504431,CUST-103908,2025-05-17,0,0,False,False,11572.319999999996,Current,DEBT_CONSOLIDATION
LN-504433,CUST-105253,2025-05-17,0,0,False,False,24662.52,Current,DEBT_CONSOLIDATION
LN-504434,CUST-100818,2025-05-17,0,0,False,False,46659.920000000035,Current,DEBT_CONSOLIDATION
LN-504436,CUST-103355,2025-05-17,0,0,False,False,45692.15750000001,Current,DEBT_CONSOLIDATION
LN-504437,CUST-103073,2025-05-17,0,0,False,False,12807.042500000007,Current,DEBT_CONSOLIDATION
LN-504438,CUST-104255,2025-05-17,0,0,False,False,1540.037500000001,Current,DEBT_CONSOLIDATION
LN-504439,CUST-107678,2025-05-17,0,0,False,False,32497.66999999999,Current,DEBT_CONSOLIDATION
LN-504440,CUST-103333,2025-05-17,0,0,False,False,54300.1325,Current,DEBT_CONSOLIDATION
LN-504441,CUST-106317,2025-05-17,0,0,False,False,31036.775,Current,DEBT_CONSOLIDATION
LN-504442,CUST-105375,2025-05-17,0,0,False,False,108737.04499999998,Current,DEBT_CONSOLIDATION
LN-504443,CUST-107776,2025-05-17,0,0,False,False,18133.17249999998,Current,DEBT_CONSOLIDATION
LN-504444,CUST-104954,2025-05-17,0,0,False,False,13628.475,Current,DEBT_CONSOLIDATION
LN-504445,CUST-104135,2025-05-17,0,0,False,False,101836.96250000001,Current,DEBT_CONSOLIDATION
LN-504446,CUST-101218,2025-05-17,0,0,False,False,19630.87499999999,Current,DEBT_CONSOLIDATION
LN-504448,CUST-107831,2025-05-17,2,46,False,False,27724.850000000006,30-59,DEBT_CONSOLIDATION
LN-504449,CUST-102909,2025-05-17,0,0,False,False,375839.5250000001,Current,DEBT_CONSOLIDATION
LN-504450,CUST-105165,2025-05-17,1,1,False,False,126103.54500000004,1-29,DEBT_CONSOLIDATION
LN-504451,CUST-104427,2025-05-17,0,0,False,False,30115.91999999999,Current,DEBT_CONSOLIDATION
LN-504452,CUST-107204,2025-05-17,0,0,False,False,26172.9225,Current,DEBT_CONSOLIDATION
LN-504453,CUST-102693,2025-05-17,0,0,False,False,30953.699999999993,Current,DEBT_CONSOLIDATION
LN-504454,CUST-104950,2025-05-17,0,0,False,False,39263.335,Current,DEBT_CONSOLIDATION
LN-504455,CUST-105491,2025-05-17,0,0,False,False,25442.20999999999,Current,DEBT_CONSOLIDATION
LN-504456,CUST-103014,2025-05-17,0,0,False,False,31430.209999999995,Current,DEBT_CONSOLIDATION
LN-504457,CUST-104552,2025-05-17,0,0,False,False,47178.319999999985,Current,DEBT_CONSOLIDATION
LN-504458,CUST-102958,2025-05-17,1,1,False,False,6945.72,1-29,DEBT_CONSOLIDATION
LN-504459,CUST-106695,2025-05-17,0,0,False,False,91538.48,Current,DEBT_CONSOLIDATION
LN-504460,CUST-101714,2025-05-17,0,0,False,False,15416.27,Current,DEBT_CONSOLIDATION
LN-504461,CUST-100101,2025-05-17,0,0,False,False,78969.41500000001,Current,DEBT_CONSOLIDATION
LN-504463,CUST-103491,2025-05-17,0,0,False,False,622487.12,Current,DEBT_CONSOLIDATION
LN-504464,CUST-105947,2025-05-17,1,11,False,False,20498.245000000003,1-29,DEBT_CONSOLIDATION
LN-504465,CUST-100778,2025-05-17,0,0,False,False,1196.6925000000008,Current,DEBT_CONSOLIDATION
LN-504466,CUST-101725,2025-05-17,0,0,False,False,2671.9300000000007,Current,DEBT_CONSOLIDATION
LN-504467,CUST-102442,2025-05-17,0,0,False,False,12833.820000000003,Current,DEBT_CONSOLIDATION
LN-504468,CUST-101523,2025-05-17,4,188,False,False,44324.19000000002,90+,DEBT_CONSOLIDATION
LN-504469,CUST-107196,2025-05-17,0,0,False,False,633025.315,Current,DEBT_CONSOLIDATION
LN-504470,CUST-104711,2025-05-17,0,0,False,False,11803.79,Current,DEBT_CONSOLIDATION
LN-504471,CUST-102585,2025-05-17,0,0,False,False,132668.05499999993,Current,DEBT_CONSOLIDATION
LN-504472,CUST-102609,2025-05-17,0,0,False,False,44407.240000000034,Current,DEBT_CONSOLIDATION
LN-504474,CUST-106933,2025-05-17,0,0,False,False,23428.47,Current,DEBT_CONSOLIDATION
LN-504475,CUST-102769,2025-05-17,0,0,False,False,15260.317500000005,Current,DEBT_CONSOLIDATION
LN-504476,CUST-105116,2025-05-17,0,0,False,False,47360.489999999976,Current,DEBT_CONSOLIDATION
LN-504477,CUST-105367,2025-05-17,0,0,False,False,15650.165000000005,Current,DEBT_CONSOLIDATION
LN-504478,CUST-100073,2025-05-17,0,0,False,False,16661.06999999998,Current,DEBT_CONSOLIDATION
LN-504479,CUST-102130,2025-05-17,0,0,False,False,8684.51,Current,DEBT_CONSOLIDATION
LN-504480,CUST-107497,2025-05-17,0,0,False,False,18521.984999999997,Current,DEBT_CONSOLIDATION
LN-504481,CUST-107515,2025-05-17,0,0,False,False,29907.354999999967,Current,DEBT_CONSOLIDATION
LN-504482,CUST-104912,2025-05-17,0,0,False,False,11123.292499999994,Current,DEBT_CONSOLIDATION
LN-504483,CUST-103732,2025-05-17,0,0,False,False,59109.28,Current,DEBT_CONSOLIDATION
LN-504485,CUST-101444,2025-05-17,0,0,False,False,8936.285000000003,Current,DEBT_CONSOLIDATION
LN-504486,CUST-103530,2025-05-17,0,0,False,False,3268.56,Current,DEBT_CONSOLIDATION
LN-504487,CUST-104452,2025-05-17,0,0,False,False,26325.049999999996,Current,DEBT_CONSOLIDATION
LN-504488,CUST-106765,2025-05-17,0,0,False,False,47115.70750000003,Current,DEBT_CONSOLIDATION
LN-504490,CUST-100205,2025-05-17,0,0,False,False,16256.04499999999,Current,DEBT_CONSOLIDATION
LN-504491,CUST-107035,2025-05-17,0,0,False,False,19194.0525,Current,DEBT_CONSOLIDATION
LN-504493,CUST-100702,2025-05-17,0,0,False,False,23783.465000000022,Current,DEBT_CONSOLIDATION
LN-504494,CUST-100585,2025-05-17,2,55,False,False,29632.76999999999,30-59,DEBT_CONSOLIDATION
LN-504495,CUST-104212,2025-05-17,0,0,False,False,2101.0600000000004,Current,DEBT_CONSOLIDATION
LN-504496,CUST-100221,2025-05-17,0,0,False,False,14601.189999999999,Current,DEBT_CONSOLIDATION
LN-504497,CUST-104446,2025-05-17,0,0,False,False,21808.734999999997,Current,DEBT_CONSOLIDATION
LN-504498,CUST-103847,2025-05-17,0,0,False,False,2940.7200000000003,Current,DEBT_CONSOLIDATION
LN-504499,CUST-102808,2025-05-17,0,0,False,False,14108.59,Current,DEBT_CONSOLIDATION
LN-504500,CUST-106953,2025-05-17,0,0,False,False,538647.97,Current,DEBT_CONSOLIDATION
LN-504501,CUST-104762,2025-05-17,0,0,False,False,59373.66,Current,DEBT_CONSOLIDATION
LN-504502,CUST-102089,2025-05-17,0,0,False,False,3570.2649999999985,Current,DEBT_CONSOLIDATION
LN-504503,CUST-102963,2025-05-17,0,0,False,False,30217.329999999998,Current,DEBT_CONSOLIDATION
LN-504504,CUST-103915,2025-05-17,0,0,False,False,17459.852500000005,Current,DEBT_CONSOLIDATION
LN-504505,CUST-105178,2025-05-17,0,0,False,False,8435.217499999995,Current,DEBT_CONSOLIDATION
LN-504506,CUST-100199,2025-05-17,0,0,False,False,67481.4375,Current,DEBT_CONSOLIDATION
LN-504507,CUST-101087,2025-05-17,0,0,False,False,26919.21000000001,Current,DEBT_CONSOLIDATION
LN-504508,CUST-105548,2025-05-17,0,0,False,False,21614.755,Current,DEBT_CONSOLIDATION
LN-504509,CUST-100221,2025-05-17,3,68,False,False,3417.6324999999993,60-89,DEBT_CONSOLIDATION
LN-504510,CUST-107077,2025-05-17,0,0,False,False,17783.03000000001,Current,DEBT_CONSOLIDATION
LN-504511,CUST-102039,2025-05-17,0,0,False,False,7162.750000000005,Current,DEBT_CONSOLIDATION
LN-504512,CUST-106040,2025-05-17,0,0,False,False,142689.3475,Current,DEBT_CONSOLIDATION
LN-504514,CUST-101790,2025-05-17,0,0,False,False,6497.5899999999965,Current,DEBT_CONSOLIDATION
LN-504515,CUST-100731,2025-05-17,0,0,False,False,47892.19500000001,Current,DEBT_CONSOLIDATION
LN-504516,CUST-105432,2025-05-17,0,0,False,False,121051.8125,Current,DEBT_CONSOLIDATION
LN-504517,CUST-107909,2025-05-17,0,0,False,False,5126.310000000004,Current,DEBT_CONSOLIDATION
LN-504518,CUST-102997,2025-05-17,0,0,False,False,23231.125,Current,DEBT_CONSOLIDATION
LN-504520,CUST-104474,2025-05-17,0,0,False,False,29715.750000000004,Current,DEBT_CONSOLIDATION
LN-504521,CUST-102461,2025-05-17,0,0,False,False,6694.539999999999,Current,DEBT_CONSOLIDATION
LN-504522,CUST-106286,2025-05-17,0,0,False,False,11787.299999999992,Current,DEBT_CONSOLIDATION
LN-504524,CUST-104353,2025-05-17,0,0,False,False,9725.505,Current,DEBT_CONSOLIDATION
LN-504525,CUST-105880,2025-05-17,0,0,False,False,253427.345,Current,DEBT_CONSOLIDATION
LN-504526,CUST-101134,2025-05-17,0,0,False,False,28260.635,Current,DEBT_CONSOLIDATION
LN-504527,CUST-102339,2025-05-17,0,0,False,False,52090.81,Current,DEBT_CONSOLIDATION
LN-504528,CUST-103765,2025-05-17,0,0,False,False,8268.807499999999,Current,DEBT_CONSOLIDATION
LN-504529,CUST-101949,2025-05-17,0,0,False,False,25977.279999999988,Current,DEBT_CONSOLIDATION
LN-504530,CUST-102116,2025-05-17,0,0,False,False,9680.660000000005,Current,DEBT_CONSOLIDATION
LN-504531,CUST-107277,2025-05-17,0,0,False,False,17216.917500000007,Current,DEBT_CONSOLIDATION
LN-504532,CUST-100773,2025-05-17,0,0,False,False,20428.270000000004,Current,DEBT_CONSOLIDATION
LN-504533,CUST-103435,2025-05-17,0,0,False,False,46581.4375,Current,DEBT_CONSOLIDATION
LN-504534,CUST-106731,2025-05-17,0,0,False,False,29698.022500000006,Current,DEBT_CONSOLIDATION
LN-504535,CUST-101062,2025-05-17,0,0,False,False,141072.25249999997,Current,DEBT_CONSOLIDATION
LN-504536,CUST-104225,2025-05-17,0,0,False,False,17604.042500000007,Current,DEBT_CONSOLIDATION
LN-504537,CUST-104527,2025-05-17,0,0,False,False,86666.735,Current,DEBT_CONSOLIDATION
LN-504538,CUST-105732,2025-05-17,0,0,False,False,48818.26,Current,DEBT_CONSOLIDATION
LN-504539,CUST-103497,2025-05-17,0,0,False,False,29985.08,Current,DEBT_CONSOLIDATION
LN-504540,CUST-107112,2025-05-17,0,0,False,False,23236.207500000008,Current,DEBT_CONSOLIDATION
LN-504541,CUST-106445,2025-05-17,0,0,False,False,11342.769999999995,Current,DEBT_CONSOLIDATION
LN-504542,CUST-106589,2025-05-17,0,0,False,False,19044.48,Current,DEBT_CONSOLIDATION
LN-504543,CUST-107130,2025-05-17,0,0,False,False,30859.155,Current,DEBT_CONSOLIDATION
LN-504544,CUST-102842,2025-05-17,0,0,False,False,2108.702500000001,Current,DEBT_CONSOLIDATION
LN-504545,CUST-101773,2025-05-17,0,0,False,False,17311.66750000001,Current,DEBT_CONSOLIDATION
LN-504546,CUST-106498,2025-05-17,0,0,False,False,12324.585,Current,DEBT_CONSOLIDATION
LN-504547,CUST-102083,2025-05-17,0,0,False,False,11359.085,Current,DEBT_CONSOLIDATION
LN-504548,CUST-102520,2025-05-17,0,0,False,False,17125.702499999996,Current,DEBT_CONSOLIDATION
LN-504550,CUST-100512,2025-05-17,0,0,False,False,13925.712500000001,Current,DEBT_CONSOLIDATION
LN-504551,CUST-104151,2025-05-17,0,0,False,False,33931.859999999986,Current,DEBT_CONSOLIDATION
LN-504552,CUST-105025,2025-05-17,0,0,False,False,24479.382500000007,Current,DEBT_CONSOLIDATION
LN-504553,CUST-104223,2025-05-17,0,0,False,False,36367.240000000005,Current,DEBT_CONSOLIDATION
LN-504554,CUST-105881,2025-05-17,0,0,False,False,31352.999999999993,Current,DEBT_CONSOLIDATION
LN-504556,CUST-101592,2025-05-17,0,0,False,False,62253.590000000004,Current,DEBT_CONSOLIDATION
LN-504557,CUST-102014,2025-05-17,0,0,False,False,28563.69,Current,DEBT_CONSOLIDATION
LN-504558,CUST-100905,2025-05-17,0,0,False,False,13232.94,Current,DEBT_CONSOLIDATION
LN-504559,CUST-101733,2025-05-17,0,0,False,False,22288.635,Current,DEBT_CONSOLIDATION
LN-504560,CUST-106676,2025-05-17,0,0,False,False,26294.655000000006,Current,DEBT_CONSOLIDATION
LN-504561,CUST-101606,2025-05-17,0,0,False,False,16552.14749999998,Current,DEBT_CONSOLIDATION
LN-504562,CUST-106720,2025-05-17,0,0,False,False,415956.98999999993,Current,DEBT_CONSOLIDATION
LN-504563,CUST-101219,2025-05-17,0,0,False,False,15791.125000000004,Current,DEBT_CONSOLIDATION
LN-504564,CUST-104935,2025-05-17,0,0,False,False,79918.64000000006,Current,DEBT_CONSOLIDATION
LN-504565,CUST-105071,2025-05-17,0,0,False,False,3794.0500000000006,Current,DEBT_CONSOLIDATION
LN-504566,CUST-100725,2025-05-17,0,0,False,False,2170.795000000003,Current,DEBT_CONSOLIDATION
LN-504567,CUST-100571,2025-05-17,0,0,False,False,33461.83,Current,DEBT_CONSOLIDATION
LN-504568,CUST-107476,2025-05-17,0,0,False,False,16532.895000000008,Current,DEBT_CONSOLIDATION
LN-504569,CUST-100479,2025-05-17,0,0,False,False,25696.479999999996,Current,DEBT_CONSOLIDATION
LN-504570,CUST-106148,2025-05-17,4,150,False,False,15751.01,90+,DEBT_CONSOLIDATION
LN-504571,CUST-102496,2025-05-17,2,52,False,False,17623.05499999999,30-59,DEBT_CONSOLIDATION
LN-504572,CUST-101577,2025-05-17,0,0,False,False,16647.470000000016,Current,DEBT_CONSOLIDATION
LN-504573,CUST-100387,2025-05-17,0,0,False,False,21610.22,Current,DEBT_CONSOLIDATION
LN-504574,CUST-106323,2025-05-17,0,0,False,False,1773.8725000000015,Current,DEBT_CONSOLIDATION
LN-504575,CUST-104374,2025-05-17,0,0,False,False,27626.31,Current,DEBT_CONSOLIDATION
LN-504576,CUST-100795,2025-05-17,0,0,False,False,1389.8525,Current,DEBT_CONSOLIDATION
LN-504577,CUST-104066,2025-05-17,0,0,False,False,27673.559999999994,Current,DEBT_CONSOLIDATION
LN-504578,CUST-101877,2025-05-17,0,0,False,False,19981.699999999993,Current,DEBT_CONSOLIDATION
LN-504579,CUST-103904,2025-05-17,0,0,False,False,31522.617500000008,Current,DEBT_CONSOLIDATION
LN-504580,CUST-106660,2025-05-17,0,0,False,False,18474.19750000001,Current,DEBT_CONSOLIDATION
LN-504581,CUST-104282,2025-05-17,0,0,False,False,41564.81000000003,Current,DEBT_CONSOLIDATION
LN-504582,CUST-107356,2025-05-17,0,0,False,False,18089.869999999995,Current,DEBT_CONSOLIDATION
LN-504583,CUST-106863,2025-05-17,0,0,False,False,14054.319999999989,Current,DEBT_CONSOLIDATION
LN-504585,CUST-104520,2025-05-17,0,0,False,False,15262.514999999992,Current,DEBT_CONSOLIDATION
LN-504586,CUST-101453,2025-05-17,0,0,False,False,27447.152499999997,Current,DEBT_CONSOLIDATION
LN-504587,CUST-105888,2025-05-17,0,0,False,False,41386.47000000002,Current,DEBT_CONSOLIDATION
LN-504588,CUST-103206,2025-05-17,0,0,False,False,12373.030000000004,Current,DEBT_CONSOLIDATION
LN-504589,CUST-105500,2025-05-17,0,0,False,False,25441.46000000001,Current,DEBT_CONSOLIDATION
LN-504590,CUST-107897,2025-05-17,0,0,True,False,15471.570000000003,Current,DEBT_CONSOLIDATION
LN-504592,CUST-105290,2025-05-17,0,0,False,False,13476.09,Current,DEBT_CONSOLIDATION
LN-504593,CUST-101003,2025-05-17,0,0,False,False,64690.29249999996,Current,DEBT_CONSOLIDATION
LN-504594,CUST-103698,2025-05-17,0,0,False,False,21208.075000000015,Current,DEBT_CONSOLIDATION
LN-504595,CUST-100717,2025-05-17,1,20,False,False,112857.65000000001,1-29,DEBT_CONSOLIDATION
LN-504596,CUST-106507,2025-05-17,0,0,False,False,1516.375000000001,Current,DEBT_CONSOLIDATION
LN-504597,CUST-103582,2025-05-17,0,0,False,False,46416.62500000003,Current,DEBT_CONSOLIDATION
LN-504598,CUST-104433,2025-05-17,0,0,False,False,18881.302499999998,Current,DEBT_CONSOLIDATION
LN-504599,CUST-102860,2025-05-17,0,0,False,False,49934.01,Current,DEBT_CONSOLIDATION
LN-504600,CUST-104760,2025-05-17,0,0,False,False,129597.37499999999,Current,DEBT_CONSOLIDATION
LN-504601,CUST-101918,2025-05-17,0,0,False,False,29475.66999999999,Current,DEBT_CONSOLIDATION
LN-504603,CUST-106353,2025-05-17,0,0,False,False,25555.600000000002,Current,DEBT_CONSOLIDATION
LN-504604,CUST-103468,2025-05-17,0,0,False,False,49794.840000000004,Current,DEBT_CONSOLIDATION
LN-504605,CUST-106327,2025-05-17,0,0,False,False,31231.030000000006,Current,DEBT_CONSOLIDATION
LN-504606,CUST-103956,2025-05-17,0,0,False,False,39515.110000000044,Current,DEBT_CONSOLIDATION
LN-504607,CUST-105705,2025-05-17,0,0,False,False,28489.729999999985,Current,DEBT_CONSOLIDATION
LN-504608,CUST-106131,2025-05-17,0,0,False,False,47578.79999999999,Current,DEBT_CONSOLIDATION
LN-504609,CUST-107083,2025-05-17,0,0,False,False,47571.5,Current,DEBT_CONSOLIDATION
LN-504610,CUST-101316,2025-05-17,0,0,False,False,21710.9325,Current,DEBT_CONSOLIDATION
LN-504611,CUST-101763,2025-05-17,0,0,False,False,26811.854999999996,Current,DEBT_CONSOLIDATION
LN-504612,CUST-107658,2025-05-17,0,0,False,False,23007.33500000001,Current,DEBT_CONSOLIDATION
LN-504613,CUST-100389,2025-05-17,0,0,False,False,32910.857500000006,Current,DEBT_CONSOLIDATION
LN-504614,CUST-107338,2025-05-17,0,0,False,False,23895.08750000001,Current,DEBT_CONSOLIDATION
LN-504615,CUST-102588,2025-05-17,0,0,False,False,15772.022500000005,Current,DEBT_CONSOLIDATION
LN-504616,CUST-105862,2025-05-17,0,0,False,False,22929.774999999994,Current,DEBT_CONSOLIDATION
LN-504617,CUST-104461,2025-05-17,0,0,False,False,40607.68499999999,Current,DEBT_CONSOLIDATION
LN-504618,CUST-105761,2025-05-17,0,0,False,False,1172.1600000000003,Current,DEBT_CONSOLIDATION
LN-504619,CUST-102777,2025-05-17,0,0,False,False,507462.505,Current,DEBT_CONSOLIDATION
LN-504620,CUST-103850,2025-05-17,0,0,False,False,15092.644999999997,Current,DEBT_CONSOLIDATION
LN-504621,CUST-105635,2025-05-17,0,0,False,False,12925.280000000002,Current,DEBT_CONSOLIDATION
LN-504622,CUST-107705,2025-05-17,0,0,False,False,7955.060000000003,Current,DEBT_CONSOLIDATION
LN-504624,CUST-104292,2025-05-17,0,0,False,False,28341.79000000001,Current,DEBT_CONSOLIDATION
LN-504625,CUST-102551,2025-05-17,0,0,False,False,1673.0375000000001,Current,DEBT_CONSOLIDATION
LN-504626,CUST-103384,2025-05-17,0,0,False,False,11940.085000000003,Current,DEBT_CONSOLIDATION
LN-504627,CUST-105159,2025-05-17,0,0,False,False,35656.492500000015,Current,DEBT_CONSOLIDATION
LN-504628,CUST-104617,2025-05-17,0,0,False,False,13144.76,Current,DEBT_CONSOLIDATION
LN-504629,CUST-102265,2025-05-17,0,0,False,False,5564.757500000003,Current,DEBT_CONSOLIDATION
LN-504630,CUST-100942,2025-05-17,0,0,False,False,12477.129999999996,Current,DEBT_CONSOLIDATION
LN-504631,CUST-103104,2025-05-17,0,0,False,False,3105.105,Current,DEBT_CONSOLIDATION
LN-504632,CUST-107164,2025-05-17,0,0,False,False,212881.46000000002,Current,DEBT_CONSOLIDATION
LN-504633,CUST-106980,2025-05-17,0,0,False,False,26694.09000000001,Current,DEBT_CONSOLIDATION
LN-504634,CUST-103215,2025-05-17,0,0,False,False,48167.925,Current,DEBT_CONSOLIDATION
LN-504635,CUST-104144,2025-05-17,0,0,False,False,13394.814999999995,Current,DEBT_CONSOLIDATION
LN-504636,CUST-102401,2025-05-17,0,0,False,False,30457.902499999997,Current,DEBT_CONSOLIDATION
LN-504637,CUST-101718,2025-05-17,0,0,False,False,10519.820000000003,Current,DEBT_CONSOLIDATION
LN-504638,CUST-101624,2025-05-17,0,0,False,False,7581.249999999998,Current,DEBT_CONSOLIDATION
LN-504640,CUST-100855,2025-05-17,0,0,False,False,24914.42250000002,Current,DEBT_CONSOLIDATION
LN-504641,CUST-101698,2025-05-17,0,0,False,False,10822.210000000006,Current,DEBT_CONSOLIDATION
LN-504643,CUST-101814,2025-05-17,0,0,False,False,5290.1025,Current,DEBT_CONSOLIDATION
LN-504644,CUST-100262,2025-05-17,0,0,False,False,19601.065000000002,Current,DEBT_CONSOLIDATION
LN-504645,CUST-106617,2025-05-17,0,0,False,False,19158.467499999988,Current,DEBT_CONSOLIDATION
LN-504646,CUST-105642,2025-05-17,0,0,False,False,37916.23,Current,DEBT_CONSOLIDATION
LN-504647,CUST-104166,2025-05-17,0,0,False,False,636.66,Current,DEBT_CONSOLIDATION
LN-504648,CUST-106056,2025-05-17,0,0,False,False,38316.66,Current,DEBT_CONSOLIDATION
LN-504649,CUST-107477,2025-05-17,2,42,False,False,26936.17250000001,30-59,DEBT_CONSOLIDATION
LN-504650,CUST-100551,2025-05-17,4,91,False,False,4577.0675,90+,DEBT_CONSOLIDATION
LN-504651,CUST-102719,2025-05-17,0,0,False,False,15885.080000000013,Current,DEBT_CONSOLIDATION
LN-504652,CUST-107832,2025-05-17,0,0,False,False,45698.74999999999,Current,DEBT_CONSOLIDATION
LN-504653,CUST-101843,2025-05-17,0,0,False,False,16701.65249999999,Current,DEBT_CONSOLIDATION
LN-504655,CUST-106584,2025-05-17,0,0,False,False,12244.639999999996,Current,DEBT_CONSOLIDATION
LN-504656,CUST-100001,2025-05-17,0,0,False,False,14943.729999999994,Current,DEBT_CONSOLIDATION
LN-504657,CUST-104331,2025-05-17,0,0,False,False,14579.675000000007,Current,DEBT_CONSOLIDATION
LN-504658,CUST-104794,2025-05-17,0,0,False,False,31048.702500000003,Current,DEBT_CONSOLIDATION
LN-504659,CUST-105686,2025-05-17,0,0,False,False,14769.665000000003,Current,DEBT_CONSOLIDATION
LN-504660,CUST-107178,2025-05-17,0,0,False,False,5516.6299999999965,Current,DEBT_CONSOLIDATION
LN-504661,CUST-106510,2025-05-17,0,0,False,False,17607.699999999997,Current,DEBT_CONSOLIDATION
LN-504662,CUST-103071,2025-05-17,0,0,False,False,3830.8399999999997,Current,DEBT_CONSOLIDATION
LN-504663,CUST-101933,2025-05-17,0,0,False,False,17470.144999999997,Current,DEBT_CONSOLIDATION
LN-504664,CUST-107968,2025-05-17,2,56,False,False,19221.090000000007,30-59,DEBT_CONSOLIDATION
LN-504665,CUST-104024,2025-05-17,0,0,False,False,17735.78,Current,DEBT_CONSOLIDATION
LN-504666,CUST-100144,2025-05-17,0,0,False,False,13246.769999999997,Current,DEBT_CONSOLIDATION
LN-504667,CUST-102385,2025-05-17,4,104,False,False,66352.52000000002,90+,DEBT_CONSOLIDATION
LN-504668,CUST-100913,2025-05-17,0,0,False,False,7847.25,Current,DEBT_CONSOLIDATION
LN-504669,CUST-102228,2025-05-17,0,0,False,False,9348.4475,Current,DEBT_CONSOLIDATION
LN-504670,CUST-106266,2025-05-17,0,0,False,False,38054.79999999999,Current,DEBT_CONSOLIDATION
LN-504671,CUST-107247,2025-05-17,0,0,False,False,34844.79,Current,DEBT_CONSOLIDATION
LN-504672,CUST-103660,2025-05-17,0,0,False,False,10960.14,Current,DEBT_CONSOLIDATION
LN-504673,CUST-102047,2025-05-17,0,0,False,False,13034.369999999997,Current,DEBT_CONSOLIDATION
LN-504674,CUST-107202,2025-05-17,0,0,False,False,12891.869999999997,Current,DEBT_CONSOLIDATION
LN-504675,CUST-105158,2025-05-17,0,0,False,False,18567.58999999999,Current,DEBT_CONSOLIDATION
LN-504676,CUST-107157,2025-05-17,0,0,False,False,21633.310000000012,Current,DEBT_CONSOLIDATION
LN-504677,CUST-103142,2025-05-17,0,0,False,False,2429.2575,Current,DEBT_CONSOLIDATION
LN-504678,CUST-105126,2025-05-17,0,0,False,False,27798.607500000013,Current,DEBT_CONSOLIDATION
LN-504679,CUST-107760,2025-05-17,0,0,False,False,13322.957499999991,Current,DEBT_CONSOLIDATION
LN-504680,CUST-100867,2025-05-17,0,0,False,False,13678.489999999987,Current,DEBT_CONSOLIDATION
LN-504681,CUST-106325,2025-05-17,0,0,False,False,143907.84,Current,DEBT_CONSOLIDATION
LN-504682,CUST-107378,2025-05-17,0,0,False,False,17670.57,Current,DEBT_CONSOLIDATION
LN-504683,CUST-104136,2025-05-17,0,0,False,False,13396.225000000015,Current,DEBT_CONSOLIDATION
LN-504684,CUST-102494,2025-05-17,0,0,False,False,34762.3,Current,DEBT_CONSOLIDATION
LN-504685,CUST-106081,2025-05-17,0,0,False,False,39474.66999999999,Current,DEBT_CONSOLIDATION
LN-504686,CUST-101065,2025-05-17,3,85,False,False,8167.400000000004,60-89,DEBT_CONSOLIDATION
LN-504687,CUST-102321,2025-05-17,0,0,False,False,32259.442500000005,Current,DEBT_CONSOLIDATION
LN-504688,CUST-104605,2025-05-17,0,0,False,False,18015.82,Current,DEBT_CONSOLIDATION
LN-504689,CUST-107569,2025-05-17,0,0,False,False,20998.74,Current,DEBT_CONSOLIDATION
LN-504690,CUST-107665,2025-05-17,0,0,False,False,26606.89,Current,DEBT_CONSOLIDATION
LN-504691,CUST-102605,2025-05-17,0,0,False,False,11365.820000000003,Current,DEBT_CONSOLIDATION
LN-504692,CUST-102001,2025-05-17,0,0,False,False,3150.3999999999996,Current,DEBT_CONSOLIDATION
LN-504694,CUST-106492,2025-05-17,0,0,False,False,3480.910000000001,Current,DEBT_CONSOLIDATION
LN-504695,CUST-106575,2025-05-17,0,0,False,False,53528.65,Current,DEBT_CONSOLIDATION
LN-504696,CUST-107060,2025-05-17,0,0,False,False,43904.980000000025,Current,DEBT_CONSOLIDATION
LN-504697,CUST-107874,2025-05-17,0,0,False,False,20154.067499999997,Current,DEBT_CONSOLIDATION
LN-504698,CUST-103658,2025-05-17,0,0,False,False,6915.380000000001,Current,DEBT_CONSOLIDATION
LN-504699,CUST-105464,2025-05-17,0,0,False,False,6174.979999999997,Current,DEBT_CONSOLIDATION
LN-504700,CUST-102789,2025-05-17,0,0,False,False,1915.2699999999995,Current,DEBT_CONSOLIDATION
LN-504701,CUST-105231,2025-05-17,0,0,False,False,13343.675000000003,Current,DEBT_CONSOLIDATION
LN-504704,CUST-100740,2025-05-17,0,0,False,False,11099.737499999992,Current,DEBT_CONSOLIDATION
LN-504705,CUST-102492,2025-05-17,0,0,False,False,132032.02999999988,Current,DEBT_CONSOLIDATION
LN-504706,CUST-103611,2025-05-17,0,0,False,False,45679.54999999996,Current,DEBT_CONSOLIDATION
LN-504707,CUST-105400,2025-05-17,0,0,False,False,31522.15,Current,DEBT_CONSOLIDATION
LN-504708,CUST-107987,2025-05-17,1,9,False,False,11082.970000000001,1-29,DEBT_CONSOLIDATION
LN-504709,CUST-102994,2025-05-17,0,0,False,False,13884.890000000003,Current,DEBT_CONSOLIDATION
LN-504710,CUST-104389,2025-05-17,3,66,False,False,20025.002500000002,60-89,DEBT_CONSOLIDATION
LN-504711,CUST-105020,2025-05-17,0,0,False,False,303940.16000000027,Current,DEBT_CONSOLIDATION
LN-504712,CUST-100562,2025-05-17,0,0,False,False,42101.36250000001,Current,DEBT_CONSOLIDATION
LN-504714,CUST-107187,2025-05-17,0,0,False,False,26508.342499999984,Current,DEBT_CONSOLIDATION
LN-504715,CUST-105619,2025-05-17,0,0,False,False,9259.784999999989,Current,DEBT_CONSOLIDATION
LN-504716,CUST-106333,2025-05-17,0,0,False,False,47962.525,Current,DEBT_CONSOLIDATION
LN-504718,CUST-101053,2025-05-17,0,0,False,False,18845.184999999987,Current,DEBT_CONSOLIDATION
LN-504719,CUST-107450,2025-05-17,0,0,False,False,36681.625,Current,DEBT_CONSOLIDATION
LN-504720,CUST-103966,2025-05-17,0,0,False,False,34787.39,Current,DEBT_CONSOLIDATION
LN-504721,CUST-102022,2025-05-17,0,0,False,False,99818.85999999999,Current,DEBT_CONSOLIDATION
LN-504722,CUST-101471,2025-05-17,0,0,False,False,15985.410000000003,Current,DEBT_CONSOLIDATION
LN-504723,CUST-104553,2025-05-17,0,0,False,False,42351.47000000004,Current,DEBT_CONSOLIDATION
LN-504724,CUST-100192,2025-05-17,0,0,False,False,13814.484999999997,Current,DEBT_CONSOLIDATION
LN-504725,CUST-105093,2025-05-17,0,0,False,False,385004.6574999998,Current,DEBT_CONSOLIDATION
LN-504727,CUST-100085,2025-05-17,0,0,False,False,34198.17999999998,Current,DEBT_CONSOLIDATION
LN-504729,CUST-106152,2025-05-17,0,0,False,False,33671.08750000002,Current,DEBT_CONSOLIDATION
LN-504730,CUST-102527,2025-05-17,0,0,False,False,15182.872499999998,Current,DEBT_CONSOLIDATION
LN-504731,CUST-104664,2025-05-17,0,0,False,False,24493.3275,Current,DEBT_CONSOLIDATION
LN-504732,CUST-102160,2025-05-17,0,0,False,False,22958.447500000006,Current,DEBT_CONSOLIDATION
LN-504733,CUST-101120,2025-05-17,0,0,True,False,5999.400000000001,Current,DEBT_CONSOLIDATION
LN-504734,CUST-104156,2025-05-17,0,0,False,False,22349.56,Current,DEBT_CONSOLIDATION
LN-504735,CUST-101926,2025-05-17,0,0,False,False,23049.470000000012,Current,DEBT_CONSOLIDATION
LN-504736,CUST-100968,2025-05-17,0,0,False,False,13552.560000000001,Current,DEBT_CONSOLIDATION
LN-504737,CUST-100721,2025-05-17,0,0,False,False,20925.38,Current,DEBT_CONSOLIDATION
LN-504738,CUST-106100,2025-05-17,0,0,False,False,59014.689999999995,Current,DEBT_CONSOLIDATION
LN-504739,CUST-103280,2025-05-17,4,133,False,False,28074.6125,90+,DEBT_CONSOLIDATION
LN-504740,CUST-106396,2025-05-17,0,0,False,False,29080.752500000002,Current,DEBT_CONSOLIDATION
LN-504741,CUST-107710,2025-05-17,0,0,False,False,11701.44,Current,DEBT_CONSOLIDATION
LN-504742,CUST-103072,2025-05-17,0,0,False,False,18614.754999999997,Current,DEBT_CONSOLIDATION
LN-504743,CUST-102554,2025-05-17,0,0,False,False,3642.1750000000025,Current,DEBT_CONSOLIDATION
LN-504744,CUST-104988,2025-05-17,0,0,False,False,24992.53,Current,DEBT_CONSOLIDATION
LN-504745,CUST-100416,2025-05-17,0,0,False,False,695.8225,Current,DEBT_CONSOLIDATION
LN-504746,CUST-103621,2025-05-17,0,0,False,False,126231.95,Current,DEBT_CONSOLIDATION
LN-504747,CUST-104052,2025-05-17,0,0,False,False,529643.2299999995,Current,DEBT_CONSOLIDATION
LN-504748,CUST-105622,2025-05-17,2,42,False,False,16255.749999999996,30-59,DEBT_CONSOLIDATION
LN-504749,CUST-102865,2025-05-17,0,0,False,False,14076.482499999998,Current,DEBT_CONSOLIDATION
LN-504750,CUST-100848,2025-05-17,0,0,False,False,4979.537499999999,Current,DEBT_CONSOLIDATION
LN-504751,CUST-101391,2025-05-17,0,0,False,False,13376.637499999995,Current,DEBT_CONSOLIDATION
LN-504752,CUST-102943,2025-05-17,0,0,False,False,26729.809999999998,Current,DEBT_CONSOLIDATION
LN-504753,CUST-105484,2025-05-17,0,0,False,False,1752.9424999999997,Current,DEBT_CONSOLIDATION
LN-504754,CUST-107289,2025-05-17,0,0,False,False,12464.877500000006,Current,DEBT_CONSOLIDATION
LN-504755,CUST-104037,2025-05-17,0,0,False,False,27596.620000000003,Current,DEBT_CONSOLIDATION
LN-504756,CUST-101837,2025-05-17,0,0,False,False,16744.035,Current,DEBT_CONSOLIDATION
LN-504757,CUST-101130,2025-05-17,0,0,False,False,26161.29250000001,Current,DEBT_CONSOLIDATION
LN-504758,CUST-107025,2025-05-17,0,0,False,False,15127.49,Current,DEBT_CONSOLIDATION
LN-504759,CUST-107967,2025-05-17,0,0,False,False,65046.629999999976,Current,DEBT_CONSOLIDATION
LN-504761,CUST-103407,2025-05-17,0,0,False,False,33060.99500000001,Current,DEBT_CONSOLIDATION
LN-504762,CUST-103285,2025-05-17,0,0,False,False,31825.689999999988,Current,DEBT_CONSOLIDATION
LN-504763,CUST-106000,2025-05-17,0,0,False,False,8023.819999999996,Current,DEBT_CONSOLIDATION
LN-504764,CUST-103006,2025-05-17,0,0,False,False,2521.275000000001,Current,DEBT_CONSOLIDATION
LN-504765,CUST-106520,2025-05-17,0,0,False,False,45277.975000000035,Current,DEBT_CONSOLIDATION
LN-504766,CUST-106050,2025-05-17,0,0,False,False,30280.949999999997,Current,DEBT_CONSOLIDATION
LN-504767,CUST-106956,2025-05-17,0,0,False,False,24581.920000000016,Current,DEBT_CONSOLIDATION
LN-504768,CUST-107204,2025-05-17,0,0,False,False,18604.674999999996,Current,DEBT_CONSOLIDATION
LN-504769,CUST-102975,2025-05-17,0,0,False,False,872.7875000000001,Current,DEBT_CONSOLIDATION
LN-504770,CUST-104474,2025-05-17,0,0,False,False,18110.065000000006,Current,DEBT_CONSOLIDATION
LN-504771,CUST-103074,2025-05-17,0,0,False,False,6981.197499999999,Current,DEBT_CONSOLIDATION
LN-504772,CUST-106373,2025-05-17,1,30,True,False,4112.827499999999,1-29,DEBT_CONSOLIDATION
LN-504773,CUST-103936,2025-05-17,0,0,False,False,873.4449999999999,Current,DEBT_CONSOLIDATION
LN-504774,CUST-105710,2025-05-17,0,0,False,False,25387.25000000001,Current,DEBT_CONSOLIDATION
LN-504775,CUST-107493,2025-05-17,1,7,False,False,79947.385,1-29,DEBT_CONSOLIDATION
LN-504776,CUST-101750,2025-05-17,0,0,False,False,11301.130000000003,Current,DEBT_CONSOLIDATION
LN-504777,CUST-101579,2025-05-17,0,0,True,False,21857.732500000002,Current,DEBT_CONSOLIDATION
LN-504778,CUST-101123,2025-05-17,0,0,False,False,39257.5375,Current,DEBT_CONSOLIDATION
LN-504779,CUST-101494,2025-05-17,0,0,False,False,1489.42,Current,DEBT_CONSOLIDATION
LN-504780,CUST-106064,2025-05-17,0,0,False,False,16243.369999999983,Current,DEBT_CONSOLIDATION
LN-504781,CUST-103927,2025-05-17,0,0,False,False,12170.19,Current,DEBT_CONSOLIDATION
LN-504782,CUST-106632,2025-05-17,0,0,False,False,519136.50999999995,Current,DEBT_CONSOLIDATION
LN-504784,CUST-101948,2025-05-17,0,0,False,False,339968.72000000026,Current,DEBT_CONSOLIDATION
LN-504785,CUST-101130,2025-05-17,0,0,False,False,41140.75000000004,Current,DEBT_CONSOLIDATION
LN-504786,CUST-101597,2025-05-17,0,0,False,False,11067.427499999994,Current,DEBT_CONSOLIDATION
LN-504787,CUST-102812,2025-05-17,0,0,False,False,38198.28749999999,Current,DEBT_CONSOLIDATION
LN-504788,CUST-105634,2025-05-17,0,0,False,False,15698.622500000001,Current,DEBT_CONSOLIDATION
LN-504789,CUST-105074,2025-05-17,0,0,False,False,27531.13,Current,DEBT_CONSOLIDATION
LN-504790,CUST-102253,2025-05-17,0,0,False,False,11432.147499999995,Current,DEBT_CONSOLIDATION
LN-504791,CUST-102192,2025-05-17,0,0,False,False,29597.057499999995,Current,DEBT_CONSOLIDATION
LN-504792,CUST-104197,2025-05-17,0,0,False,False,21642.27,Current,DEBT_CONSOLIDATION
LN-504793,CUST-103256,2025-05-17,0,0,True,False,23183.259999999987,Current,DEBT_CONSOLIDATION
LN-504794,CUST-103805,2025-05-17,0,0,False,False,51572.97,Current,DEBT_CONSOLIDATION
LN-504795,CUST-100706,2025-05-17,0,0,False,False,14974.804999999991,Current,DEBT_CONSOLIDATION
LN-504796,CUST-106234,2025-05-17,0,0,False,False,27680.42,Current,DEBT_CONSOLIDATION
LN-504797,CUST-103219,2025-05-17,0,0,False,True,35656.36249999998,Current,DEBT_CONSOLIDATION
LN-504798,CUST-105019,2025-05-17,0,0,False,False,15755.35,Current,DEBT_CONSOLIDATION
LN-504799,CUST-107311,2025-05-17,1,25,False,False,61256.37000000003,1-29,DEBT_CONSOLIDATION
LN-504800,CUST-107943,2025-05-17,0,0,False,False,11187.419999999991,Current,DEBT_CONSOLIDATION
LN-504801,CUST-103255,2025-05-17,0,0,False,False,24148.550000000017,Current,DEBT_CONSOLIDATION
LN-504803,CUST-107042,2025-05-17,0,0,False,False,49618.30750000001,Current,DEBT_CONSOLIDATION
LN-504804,CUST-107663,2025-05-17,0,0,False,False,7966.57,Current,DEBT_CONSOLIDATION
LN-504805,CUST-105190,2025-05-17,0,0,False,False,40430.78999999998,Current,DEBT_CONSOLIDATION
LN-504806,CUST-101445,2025-05-17,0,0,False,False,49831.419999999984,Current,DEBT_CONSOLIDATION
LN-504807,CUST-100548,2025-05-17,2,55,False,False,25701.25,30-59,DEBT_CONSOLIDATION
LN-504808,CUST-100152,2025-05-17,0,0,False,False,5954.659999999992,Current,DEBT_CONSOLIDATION
LN-504809,CUST-106254,2025-05-17,0,0,False,False,24751.88,Current,DEBT_CONSOLIDATION
LN-504810,CUST-102788,2025-05-17,0,0,False,False,27297.105,Current,DEBT_CONSOLIDATION
LN-504811,CUST-105279,2025-05-17,0,0,False,False,39694.550000000025,Current,DEBT_CONSOLIDATION
LN-504812,CUST-100104,2025-05-17,0,0,False,False,9031.084999999995,Current,DEBT_CONSOLIDATION
LN-504813,CUST-105499,2025-05-17,0,0,False,False,34841.99,Current,DEBT_CONSOLIDATION
LN-504814,CUST-105166,2025-05-17,0,0,False,False,109332.67999999993,Current,DEBT_CONSOLIDATION
LN-504815,CUST-101730,2025-05-17,0,0,False,False,7979.35,Current,DEBT_CONSOLIDATION
LN-504816,CUST-102611,2025-05-17,0,0,False,False,18076.059999999987,Current,DEBT_CONSOLIDATION
LN-504817,CUST-102556,2025-05-17,0,0,False,False,30318.014999999996,Current,DEBT_CONSOLIDATION
LN-504819,CUST-104647,2025-05-17,0,0,True,False,18145.63,Current,DEBT_CONSOLIDATION
LN-504820,CUST-101867,2025-05-17,0,0,False,False,7506.314999999999,Current,DEBT_CONSOLIDATION
LN-504821,CUST-101588,2025-05-17,0,0,False,False,4893.429999999996,Current,DEBT_CONSOLIDATION
LN-504822,CUST-104772,2025-05-17,0,0,False,False,12945.029999999995,Current,DEBT_CONSOLIDATION
LN-504823,CUST-105219,2025-05-17,0,0,False,False,24202.370000000003,Current,DEBT_CONSOLIDATION
LN-504824,CUST-102602,2025-05-17,1,7,False,False,5329.700000000001,1-29,DEBT_CONSOLIDATION
LN-504825,CUST-105787,2025-05-17,0,0,False,False,26436.325,Current,DEBT_CONSOLIDATION
LN-504826,CUST-107110,2025-05-17,0,0,False,False,41181.9025,Current,DEBT_CONSOLIDATION
LN-504827,CUST-100069,2025-05-17,0,0,False,False,9300.860000000004,Current,DEBT_CONSOLIDATION
LN-504828,CUST-103867,2025-05-17,0,0,False,False,2115.915000000001,Current,DEBT_CONSOLIDATION
LN-504829,CUST-103845,2025-05-17,0,0,False,False,11966.455,Current,DEBT_CONSOLIDATION
LN-504830,CUST-107031,2025-05-17,0,0,False,False,25663.44000000001,Current,DEBT_CONSOLIDATION
LN-504832,CUST-100225,2025-05-17,0,0,False,False,17810.217500000002,Current,DEBT_CONSOLIDATION
LN-504833,CUST-101381,2025-05-17,0,0,False,False,6462.130000000005,Current,DEBT_CONSOLIDATION
LN-504834,CUST-103408,2025-05-17,1,20,False,False,31073.35,1-29,DEBT_CONSOLIDATION
LN-504835,CUST-101556,2025-05-17,0,0,False,False,40008.880000000005,Current,DEBT_CONSOLIDATION
LN-504836,CUST-104681,2025-05-17,0,0,False,False,7398.919999999997,Current,DEBT_CONSOLIDATION
LN-504837,CUST-100067,2025-05-17,0,0,False,False,1902.6850000000009,Current,DEBT_CONSOLIDATION
LN-504838,CUST-106456,2025-05-17,0,0,False,False,7110.689999999995,Current,DEBT_CONSOLIDATION
LN-504839,CUST-104219,2025-05-17,0,0,False,False,2138.6100000000024,Current,DEBT_CONSOLIDATION
LN-504840,CUST-106184,2025-05-17,0,0,False,False,16152.322499999998,Current,DEBT_CONSOLIDATION
LN-504841,CUST-103691,2025-05-17,2,40,False,False,1642.7499999999998,30-59,DEBT_CONSOLIDATION
LN-504842,CUST-100230,2025-05-17,0,0,False,False,31043.07,Current,DEBT_CONSOLIDATION
LN-504843,CUST-101170,2025-05-17,0,0,False,False,26463.669999999984,Current,DEBT_CONSOLIDATION
LN-504844,CUST-103144,2025-05-17,0,0,False,False,12246.67500000001,Current,DEBT_CONSOLIDATION
LN-504845,CUST-103953,2025-05-17,0,0,False,False,20321.285000000018,Current,DEBT_CONSOLIDATION
LN-504846,CUST-101872,2025-05-17,0,0,False,False,14019.289999999995,Current,DEBT_CONSOLIDATION
LN-504847,CUST-106603,2025-05-17,0,0,False,False,13948.269999999993,Current,DEBT_CONSOLIDATION
LN-504848,CUST-102053,2025-05-17,0,0,False,False,19174.289999999994,Current,DEBT_CONSOLIDATION
LN-504849,CUST-107896,2025-05-17,0,0,False,False,35905.39000000006,Current,DEBT_CONSOLIDATION
LN-504850,CUST-106557,2025-05-17,1,16,False,False,19994.972499999985,1-29,DEBT_CONSOLIDATION
LN-504851,CUST-103920,2025-05-17,0,0,False,False,4808.250000000002,Current,DEBT_CONSOLIDATION
LN-504852,CUST-107626,2025-05-17,0,0,False,False,25721.67499999999,Current,DEBT_CONSOLIDATION
LN-504853,CUST-104198,2025-05-17,0,0,False,False,7460.285000000003,Current,DEBT_CONSOLIDATION
LN-504854,CUST-103909,2025-05-17,0,0,False,False,1731.2099999999998,Current,DEBT_CONSOLIDATION
LN-504855,CUST-105179,2025-05-17,0,0,False,False,11250.859999999993,Current,DEBT_CONSOLIDATION
LN-504856,CUST-107749,2025-05-17,0,0,False,False,10440.517500000004,Current,DEBT_CONSOLIDATION
LN-504857,CUST-103280,2025-05-17,0,0,False,False,40322.707500000004,Current,DEBT_CONSOLIDATION
LN-504858,CUST-105273,2025-05-17,0,0,False,False,16205.1525,Current,DEBT_CONSOLIDATION
LN-504859,CUST-101019,2025-05-17,0,0,False,False,4349.85,Current,DEBT_CONSOLIDATION
LN-504860,CUST-101057,2025-05-17,0,0,False,False,36325.09,Current,DEBT_CONSOLIDATION
LN-504861,CUST-107743,2025-05-17,0,0,False,False,98277.59749999999,Current,DEBT_CONSOLIDATION
LN-504862,CUST-102348,2025-05-17,0,0,False,False,467922.70999999973,Current,DEBT_CONSOLIDATION
LN-504863,CUST-103140,2025-05-17,0,0,False,False,12490.919999999995,Current,DEBT_CONSOLIDATION
LN-504864,CUST-100234,2025-05-17,0,0,False,False,19857.64999999999,Current,DEBT_CONSOLIDATION
LN-504865,CUST-106589,2025-05-17,0,0,False,False,16289.549999999996,Current,DEBT_CONSOLIDATION
LN-504866,CUST-104661,2025-05-17,0,0,False,False,24515.65499999999,Current,DEBT_CONSOLIDATION
LN-504867,CUST-104257,2025-05-17,0,0,False,False,30141.0,Current,DEBT_CONSOLIDATION
LN-504868,CUST-101493,2025-05-17,0,0,False,False,136157.18,Current,DEBT_CONSOLIDATION
LN-504869,CUST-104845,2025-05-17,0,0,True,False,5369.579999999997,Current,DEBT_CONSOLIDATION
LN-504870,CUST-107752,2025-05-17,0,0,False,False,13565.762499999997,Current,DEBT_CONSOLIDATION
LN-504871,CUST-100211,2025-05-17,0,0,False,False,3163.3825000000015,Current,DEBT_CONSOLIDATION
LN-504872,CUST-102531,2025-05-17,0,0,False,False,109955.70500000005,Current,DEBT_CONSOLIDATION
LN-504873,CUST-103438,2025-05-17,0,0,False,False,12254.172499999999,Current,DEBT_CONSOLIDATION
LN-504874,CUST-105050,2025-05-17,0,0,False,False,22510.100000000002,Current,DEBT_CONSOLIDATION
LN-504875,CUST-105105,2025-05-17,0,0,False,False,45511.1275,Current,DEBT_CONSOLIDATION
LN-504876,CUST-105939,2025-05-17,0,0,False,False,11386.235,Current,DEBT_CONSOLIDATION
LN-504877,CUST-102786,2025-05-17,0,0,False,False,11550.299999999996,Current,DEBT_CONSOLIDATION
LN-504878,CUST-105900,2025-05-17,0,0,False,False,7575.799999999999,Current,DEBT_CONSOLIDATION
LN-504879,CUST-104536,2025-05-17,1,17,False,False,28457.79,1-29,DEBT_CONSOLIDATION
LN-504880,CUST-104619,2025-05-17,0,0,False,False,26935.4,Current,DEBT_CONSOLIDATION
LN-504881,CUST-104574,2025-05-17,0,0,False,False,37823.77,Current,DEBT_CONSOLIDATION
LN-504882,CUST-101399,2025-05-17,0,0,False,False,18937.165,Current,DEBT_CONSOLIDATION
LN-504884,CUST-103693,2025-05-17,0,0,False,False,55454.4,Current,DEBT_CONSOLIDATION
LN-504885,CUST-104152,2025-05-17,0,0,False,False,139086.59,Current,DEBT_CONSOLIDATION
LN-504886,CUST-107300,2025-05-17,0,0,False,False,19805.52,Current,DEBT_CONSOLIDATION
LN-504887,CUST-105737,2025-05-17,0,0,False,False,19858.44999999999,Current,DEBT_CONSOLIDATION
LN-504888,CUST-103379,2025-05-17,0,0,False,False,30935.25750000002,Current,DEBT_CONSOLIDATION
LN-504889,CUST-100351,2025-05-17,0,0,False,False,19689.520000000015,Current,DEBT_CONSOLIDATION
LN-504890,CUST-103377,2025-05-17,0,0,False,False,29576.84,Current,DEBT_CONSOLIDATION
LN-504891,CUST-107156,2025-05-17,1,14,False,False,14913.932500000006,1-29,DEBT_CONSOLIDATION
LN-504892,CUST-104320,2025-05-17,2,53,False,False,23953.74,30-59,DEBT_CONSOLIDATION
LN-504893,CUST-105322,2025-05-17,0,0,False,False,33209.26500000001,Current,DEBT_CONSOLIDATION
LN-504894,CUST-107339,2025-05-17,0,0,False,False,8283.94,Current,DEBT_CONSOLIDATION
LN-504895,CUST-107823,2025-05-17,0,0,False,False,17341.35750000001,Current,DEBT_CONSOLIDATION
LN-504897,CUST-105763,2025-05-17,0,0,False,False,383440.6525000001,Current,DEBT_CONSOLIDATION
LN-504898,CUST-105421,2025-05-17,0,0,False,False,31930.297499999997,Current,DEBT_CONSOLIDATION
LN-504899,CUST-107607,2025-05-17,0,0,False,False,38741.600000000035,Current,DEBT_CONSOLIDATION
LN-504900,CUST-104757,2025-05-17,0,0,True,False,17340.784999999993,Current,DEBT_CONSOLIDATION
LN-504901,CUST-107144,2025-05-17,0,0,False,False,24822.010000000006,Current,DEBT_CONSOLIDATION
LN-504902,CUST-102423,2025-05-17,0,0,False,False,15048.947499999995,Current,DEBT_CONSOLIDATION
LN-504903,CUST-102879,2025-05-17,0,0,False,False,6938.219999999996,Current,DEBT_CONSOLIDATION
LN-504905,CUST-101046,2025-05-17,0,0,False,False,50955.567500000005,Current,DEBT_CONSOLIDATION
LN-504906,CUST-107996,2025-05-17,4,159,False,False,14601.919999999998,90+,DEBT_CONSOLIDATION
LN-504907,CUST-105629,2025-05-17,0,0,False,False,26387.9225,Current,DEBT_CONSOLIDATION
LN-504908,CUST-100520,2025-05-17,0,0,False,False,11987.819999999996,Current,DEBT_CONSOLIDATION
LN-504909,CUST-105918,2025-05-17,0,0,False,False,52183.49999999999,Current,DEBT_CONSOLIDATION
LN-504910,CUST-104822,2025-05-17,0,0,False,False,31766.039999999986,Current,DEBT_CONSOLIDATION
LN-504911,CUST-105184,2025-05-17,0,0,False,False,4766.585,Current,DEBT_CONSOLIDATION
LN-504912,CUST-103744,2025-05-17,0,0,False,False,4110.049999999998,Current,DEBT_CONSOLIDATION
LN-504913,CUST-101799,2025-05-17,0,0,False,False,9105.637499999995,Current,DEBT_CONSOLIDATION
LN-504914,CUST-101916,2025-05-17,0,0,False,False,7794.430000000007,Current,DEBT_CONSOLIDATION
LN-504915,CUST-107498,2025-05-17,0,0,False,False,11608.28,Current,DEBT_CONSOLIDATION
LN-504916,CUST-106883,2025-05-17,0,0,False,False,22561.965000000015,Current,DEBT_CONSOLIDATION
LN-504918,CUST-102400,2025-05-17,0,0,False,False,69376.26000000001,Current,DEBT_CONSOLIDATION
LN-504919,CUST-106739,2025-05-17,0,0,False,False,32506.93,Current,DEBT_CONSOLIDATION
LN-504920,CUST-100887,2025-05-17,0,0,False,False,11909.5425,Current,DEBT_CONSOLIDATION
LN-504921,CUST-105636,2025-05-17,0,0,False,False,24327.94,Current,DEBT_CONSOLIDATION
LN-504923,CUST-106365,2025-05-17,0,0,False,False,19219.312500000022,Current,DEBT_CONSOLIDATION
LN-504924,CUST-105471,2025-05-17,0,0,False,False,7820.790000000011,Current,DEBT_CONSOLIDATION
LN-504925,CUST-107047,2025-05-17,0,0,False,False,45284.80500000001,Current,DEBT_CONSOLIDATION
LN-504926,CUST-102139,2025-05-17,0,0,False,False,1922.1075000000003,Current,DEBT_CONSOLIDATION
LN-504927,CUST-102961,2025-05-17,0,0,False,False,27802.875,Current,DEBT_CONSOLIDATION
LN-504928,CUST-101997,2025-05-17,0,0,False,False,16188.740000000009,Current,DEBT_CONSOLIDATION
LN-504929,CUST-104453,2025-05-17,2,59,False,False,7381.580000000002,30-59,DEBT_CONSOLIDATION
LN-504930,CUST-100167,2025-05-17,0,0,False,False,6936.185000000002,Current,DEBT_CONSOLIDATION
LN-504931,CUST-102383,2025-05-17,0,0,False,False,21327.29,Current,DEBT_CONSOLIDATION
LN-504932,CUST-106872,2025-05-17,0,0,False,False,21198.715000000004,Current,DEBT_CONSOLIDATION
LN-504933,CUST-102477,2025-05-17,0,0,False,False,12638.89999999999,Current,DEBT_CONSOLIDATION
LN-504934,CUST-107593,2025-05-17,0,0,False,False,20591.23999999999,Current,DEBT_CONSOLIDATION
LN-504935,CUST-102847,2025-05-17,0,0,False,False,12377.854999999998,Current,DEBT_CONSOLIDATION
LN-504936,CUST-104315,2025-05-17,0,0,False,False,26156.984999999997,Current,DEBT_CONSOLIDATION
LN-504937,CUST-105511,2025-05-17,0,0,False,False,19333.335000000006,Current,DEBT_CONSOLIDATION
LN-504938,CUST-106726,2025-05-17,0,0,False,False,12207.529999999999,Current,DEBT_CONSOLIDATION
LN-504939,CUST-106738,2025-05-17,0,0,False,False,41119.27999999999,Current,DEBT_CONSOLIDATION
LN-504940,CUST-105939,2025-05-17,0,0,False,False,707.69,Current,DEBT_CONSOLIDATION
LN-504941,CUST-101831,2025-05-17,0,0,False,False,25697.5825,Current,DEBT_CONSOLIDATION
LN-504942,CUST-101414,2025-05-17,0,0,False,False,36576.26000000002,Current,DEBT_CONSOLIDATION
LN-504943,CUST-102667,2025-05-17,0,0,False,False,32685.4925,Current,DEBT_CONSOLIDATION
LN-504944,CUST-107132,2025-05-17,0,0,False,False,7053.350000000001,Current,DEBT_CONSOLIDATION
LN-504945,CUST-103254,2025-05-17,0,0,False,False,6540.55,Current,DEBT_CONSOLIDATION
LN-504947,CUST-104078,2025-05-17,0,0,False,False,14534.619999999988,Current,DEBT_CONSOLIDATION
LN-504948,CUST-106272,2025-05-17,0,0,False,False,49482.15499999999,Current,DEBT_CONSOLIDATION
LN-504949,CUST-105556,2025-05-17,0,0,False,False,9062.230000000003,Current,DEBT_CONSOLIDATION
LN-504950,CUST-105343,2025-05-17,0,0,False,False,51241.46500000001,Current,DEBT_CONSOLIDATION
LN-504952,CUST-107201,2025-05-17,0,0,False,False,25595.822500000017,Current,DEBT_CONSOLIDATION
LN-504953,CUST-106571,2025-05-17,0,0,False,False,5331.515000000001,Current,DEBT_CONSOLIDATION
LN-504954,CUST-107298,2025-05-17,0,0,False,False,33400.920000000006,Current,DEBT_CONSOLIDATION
LN-504955,CUST-101983,2025-05-17,0,0,False,False,11591.810000000012,Current,DEBT_CONSOLIDATION
LN-504956,CUST-101145,2025-05-17,0,0,False,False,6537.852499999997,Current,DEBT_CONSOLIDATION
LN-504957,CUST-105789,2025-05-17,0,0,False,False,815.3349999999998,Current,DEBT_CONSOLIDATION
LN-504958,CUST-100704,2025-05-17,0,0,False,False,19734.292500000014,Current,DEBT_CONSOLIDATION
LN-504959,CUST-104922,2025-05-17,0,0,False,False,20714.110000000008,Current,DEBT_CONSOLIDATION
LN-504960,CUST-107437,2025-05-17,0,0,False,False,17635.26749999998,Current,DEBT_CONSOLIDATION
LN-504961,CUST-107155,2025-05-17,0,0,False,False,12337.959999999988,Current,DEBT_CONSOLIDATION
LN-504962,CUST-105551,2025-05-17,0,0,False,False,13295.899999999998,Current,DEBT_CONSOLIDATION
LN-504963,CUST-105470,2025-05-17,0,0,False,False,65403.34,Current,DEBT_CONSOLIDATION
LN-504964,CUST-105639,2025-05-17,0,0,False,False,46406.469999999994,Current,DEBT_CONSOLIDATION
LN-504965,CUST-105877,2025-05-17,0,0,False,False,25320.29999999999,Current,DEBT_CONSOLIDATION
LN-504967,CUST-101242,2025-05-17,0,0,False,False,37773.74000000002,Current,DEBT_CONSOLIDATION
LN-504968,CUST-103396,2025-05-17,0,0,False,False,9136.554999999993,Current,DEBT_CONSOLIDATION
LN-504969,CUST-106746,2025-05-17,0,0,False,False,23666.8275,Current,DEBT_CONSOLIDATION
LN-504970,CUST-106136,2025-05-17,1,13,False,False,14002.145000000008,1-29,DEBT_CONSOLIDATION
LN-504971,CUST-103440,2025-05-17,0,0,False,False,37924.15500000002,Current,DEBT_CONSOLIDATION
LN-504972,CUST-102260,2025-05-17,0,0,False,False,22759.87,Current,DEBT_CONSOLIDATION
LN-504973,CUST-100685,2025-05-17,0,0,False,False,24678.1375,Current,DEBT_CONSOLIDATION
LN-504974,CUST-105140,2025-05-17,0,0,False,False,7169.08,Current,DEBT_CONSOLIDATION
LN-504975,CUST-106531,2025-05-17,0,0,False,False,16485.674999999996,Current,DEBT_CONSOLIDATION
LN-504976,CUST-104516,2025-05-17,0,0,False,False,20733.479999999996,Current,DEBT_CONSOLIDATION
LN-504977,CUST-107692,2025-05-17,0,0,False,False,15503.67,Current,DEBT_CONSOLIDATION
LN-504978,CUST-105185,2025-05-17,0,0,False,False,10727.857500000006,Current,DEBT_CONSOLIDATION
LN-504979,CUST-100912,2025-05-17,0,0,False,False,13933.054999999997,Current,DEBT_CONSOLIDATION
LN-504981,CUST-103558,2025-05-17,0,0,False,False,7042.884999999998,Current,DEBT_CONSOLIDATION
LN-504982,CUST-103648,2025-05-17,0,0,False,False,1756.0500000000015,Current,DEBT_CONSOLIDATION
LN-504983,CUST-104395,2025-05-17,0,0,False,False,20030.990000000013,Current,DEBT_CONSOLIDATION
LN-504984,CUST-101328,2025-05-17,0,0,False,False,20734.94,Current,DEBT_CONSOLIDATION
LN-504986,CUST-105441,2025-05-17,0,0,False,False,19769.02,Current,DEBT_CONSOLIDATION
LN-504987,CUST-104285,2025-05-17,0,0,False,False,20875.467499999984,Current,DEBT_CONSOLIDATION
LN-504988,CUST-107780,2025-05-17,0,0,False,False,7885.005,Current,DEBT_CONSOLIDATION
LN-504990,CUST-106002,2025-05-17,0,0,False,False,43740.11499999999,Current,DEBT_CONSOLIDATION
LN-504991,CUST-101452,2025-05-17,0,0,False,False,28009.305000000004,Current,DEBT_CONSOLIDATION
LN-504992,CUST-102698,2025-05-17,0,0,False,False,2239.335,Current,DEBT_CONSOLIDATION
LN-504993,CUST-107295,2025-05-17,0,0,False,False,22038.8825,Current,DEBT_CONSOLIDATION
LN-504994,CUST-104931,2025-05-17,0,0,False,False,42492.79000000002,Current,DEBT_CONSOLIDATION
LN-504995,CUST-105333,2025-05-17,0,0,False,False,2491.2999999999984,Current,DEBT_CONSOLIDATION
LN-504996,CUST-100042,2025-05-17,0,0,False,False,13980.43,Current,DEBT_CONSOLIDATION
LN-504997,CUST-104585,2025-05-17,0,0,False,False,24380.225000000002,Current,DEBT_CONSOLIDATION
LN-504998,CUST-107913,2025-05-17,0,0,False,False,25082.835000000003,Current,DEBT_CONSOLIDATION
LN-504999,CUST-101200,2025-05-17,0,0,False,False,13615.012499999999,Current,DEBT_CONSOLIDATION
LN-505000,CUST-104639,2025-05-17,0,0,False,False,4509.509999999998,Current,DEBT_CONSOLIDATION
LN-505001,CUST-104200,2025-05-17,0,0,False,False,25980.35500000001,Current,DEBT_CONSOLIDATION
LN-505003,CUST-106228,2025-05-17,0,0,False,False,47950.66999999999,Current,DEBT_CONSOLIDATION
LN-505004,CUST-102170,2025-05-17,0,0,False,False,22279.195000000003,Current,DEBT_CONSOLIDATION
LN-505005,CUST-107168,2025-05-17,0,0,False,False,23961.37,Current,DEBT_CONSOLIDATION
LN-505007,CUST-103252,2025-05-17,0,0,False,False,17466.770000000004,Current,DEBT_CONSOLIDATION
LN-505008,CUST-105158,2025-05-17,0,0,False,False,2658.4825,Current,DEBT_CONSOLIDATION
LN-505009,CUST-107907,2025-05-17,0,0,False,False,180869.39500000014,Current,DEBT_CONSOLIDATION
LN-505010,CUST-100506,2025-05-17,0,0,False,False,5309.600000000003,Current,DEBT_CONSOLIDATION
LN-505012,CUST-105666,2025-05-17,0,0,False,False,469137.16,Current,DEBT_CONSOLIDATION
LN-505014,CUST-101232,2025-05-17,0,0,False,False,365475.36499999976,Current,DEBT_CONSOLIDATION
LN-505015,CUST-100436,2025-05-17,4,95,False,False,11761.457500000004,90+,DEBT_CONSOLIDATION
LN-505016,CUST-102419,2025-05-17,0,0,False,False,7192.032500000001,Current,DEBT_CONSOLIDATION
LN-505017,CUST-106099,2025-05-17,4,231,False,False,21975.392499999994,90+,DEBT_CONSOLIDATION
LN-505018,CUST-106264,2025-05-17,0,0,False,False,26745.30500000001,Current,DEBT_CONSOLIDATION
LN-505019,CUST-104998,2025-05-17,0,0,False,False,20110.3575,Current,DEBT_CONSOLIDATION
LN-505020,CUST-104591,2025-05-17,0,0,True,False,13077.154999999995,Current,DEBT_CONSOLIDATION
LN-505021,CUST-107894,2025-05-17,0,0,False,False,41285.799999999996,Current,DEBT_CONSOLIDATION
LN-505023,CUST-100128,2025-05-17,1,17,False,False,32337.924999999996,1-29,DEBT_CONSOLIDATION
LN-505024,CUST-102195,2025-05-17,0,0,False,False,28881.825000000015,Current,DEBT_CONSOLIDATION
LN-505025,CUST-106819,2025-05-17,0,0,False,False,34307.72000000002,Current,DEBT_CONSOLIDATION
LN-505026,CUST-101225,2025-05-17,0,0,False,False,21090.552499999998,Current,DEBT_CONSOLIDATION
LN-505027,CUST-106535,2025-05-17,0,0,True,False,8633.9925,Current,DEBT_CONSOLIDATION
LN-505028,CUST-107254,2025-05-17,0,0,False,False,14264.387499999997,Current,DEBT_CONSOLIDATION
LN-505029,CUST-107596,2025-05-17,0,0,False,False,15290.962500000005,Current,DEBT_CONSOLIDATION
LN-505030,CUST-100112,2025-05-17,0,0,False,False,450014.85,Current,DEBT_CONSOLIDATION
LN-505031,CUST-104987,2025-05-17,0,0,False,False,43878.58499999999,Current,DEBT_CONSOLIDATION
LN-505032,CUST-102910,2025-05-17,0,0,False,False,21328.63500000001,Current,DEBT_CONSOLIDATION
LN-505033,CUST-104908,2025-05-17,0,0,False,False,26536.857499999984,Current,DEBT_CONSOLIDATION
LN-505034,CUST-106097,2025-05-17,0,0,False,False,15932.724999999991,Current,DEBT_CONSOLIDATION
LN-505035,CUST-107547,2025-05-17,0,0,False,False,35193.0225,Current,DEBT_CONSOLIDATION
LN-505036,CUST-101612,2025-05-17,0,0,False,False,31085.3725,Current,DEBT_CONSOLIDATION
LN-505037,CUST-101494,2025-05-17,0,0,False,False,10351.58,Current,DEBT_CONSOLIDATION
LN-505038,CUST-100111,2025-05-17,3,67,False,False,22238.0525,60-89,DEBT_CONSOLIDATION
LN-505039,CUST-106496,2025-05-17,0,0,False,False,10583.77,Current,DEBT_CONSOLIDATION
LN-505040,CUST-102236,2025-05-17,0,0,False,False,12071.445000000014,Current,DEBT_CONSOLIDATION
LN-505041,CUST-100312,2025-05-17,0,0,False,False,26212.185,Current,DEBT_CONSOLIDATION
LN-505042,CUST-102940,2025-05-17,0,0,False,False,30904.1125,Current,DEBT_CONSOLIDATION
LN-505043,CUST-103929,2025-05-17,0,0,False,False,15887.502499999979,Current,DEBT_CONSOLIDATION
LN-505044,CUST-104885,2025-05-17,0,0,False,False,40793.865,Current,DEBT_CONSOLIDATION
LN-505045,CUST-102772,2025-05-17,0,0,False,False,15948.02000000001,Current,DEBT_CONSOLIDATION
LN-505046,CUST-101372,2025-05-17,0,0,False,False,1739.0349999999994,Current,DEBT_CONSOLIDATION
LN-505047,CUST-103799,2025-05-17,0,0,False,False,29564.219999999998,Current,DEBT_CONSOLIDATION
LN-505048,CUST-104397,2025-05-17,0,0,False,False,19051.715,Current,DEBT_CONSOLIDATION
LN-505049,CUST-100222,2025-05-17,0,0,False,False,33167.12500000001,Current,DEBT_CONSOLIDATION
LN-505050,CUST-100247,2025-05-17,0,0,False,False,44022.85499999999,Current,DEBT_CONSOLIDATION
LN-505051,CUST-107638,2025-05-17,0,0,False,False,20134.51,Current,DEBT_CONSOLIDATION
LN-505052,CUST-105653,2025-05-17,0,0,False,False,35542.824999999975,Current,DEBT_CONSOLIDATION
LN-505053,CUST-106850,2025-05-17,0,0,False,False,9367.902499999997,Current,DEBT_CONSOLIDATION
LN-505054,CUST-103687,2025-05-17,0,0,False,False,34989.17500000003,Current,DEBT_CONSOLIDATION
LN-505055,CUST-103268,2025-05-17,0,0,False,False,7961.589999999999,Current,DEBT_CONSOLIDATION
LN-505056,CUST-100669,2025-05-17,0,0,False,False,5943.2825,Current,DEBT_CONSOLIDATION
LN-505057,CUST-103106,2025-05-17,0,0,False,False,93753.6125,Current,DEBT_CONSOLIDATION
LN-505058,CUST-100462,2025-05-17,0,0,False,False,8111.9125,Current,DEBT_CONSOLIDATION
LN-505059,CUST-106054,2025-05-17,0,0,False,False,27280.722499999996,Current,DEBT_CONSOLIDATION
LN-505060,CUST-104767,2025-05-17,0,0,False,False,41719.43,Current,DEBT_CONSOLIDATION
LN-505061,CUST-106663,2025-05-17,0,0,False,False,349205.13499999995,Current,DEBT_CONSOLIDATION
LN-505062,CUST-105374,2025-05-17,0,0,False,False,11432.47,Current,DEBT_CONSOLIDATION
LN-505063,CUST-103164,2025-05-17,0,0,False,False,26225.02,Current,DEBT_CONSOLIDATION
LN-505064,CUST-102536,2025-05-17,0,0,False,False,542356.8124999999,Current,DEBT_CONSOLIDATION
LN-505065,CUST-104865,2025-05-17,0,0,False,False,28807.55,Current,DEBT_CONSOLIDATION
LN-505066,CUST-104314,2025-05-17,0,0,False,False,6763.217499999996,Current,DEBT_CONSOLIDATION
LN-505067,CUST-104505,2025-05-17,0,0,False,False,41477.880000000005,Current,DEBT_CONSOLIDATION
LN-505069,CUST-101164,2025-05-17,0,0,False,False,12232.307500000006,Current,DEBT_CONSOLIDATION
LN-505070,CUST-101726,2025-05-17,0,0,False,False,23210.329999999998,Current,DEBT_CONSOLIDATION
LN-505071,CUST-105805,2025-05-17,0,0,False,False,7459.890000000005,Current,DEBT_CONSOLIDATION
LN-505072,CUST-103123,2025-05-17,0,0,False,False,31022.3325,Current,DEBT_CONSOLIDATION
LN-505073,CUST-103747,2025-05-17,0,0,False,False,59077.0,Current,DEBT_CONSOLIDATION
LN-505074,CUST-100292,2025-05-17,0,0,False,False,25797.594999999998,Current,DEBT_CONSOLIDATION
LN-505075,CUST-100492,2025-05-17,0,0,False,False,4864.070000000007,Current,DEBT_CONSOLIDATION
LN-505076,CUST-106070,2025-05-17,0,0,False,False,20835.87000000002,Current,DEBT_CONSOLIDATION
LN-505077,CUST-104675,2025-05-17,0,0,False,False,15427.314999999995,Current,DEBT_CONSOLIDATION
LN-505078,CUST-101213,2025-05-17,0,0,False,False,28525.215000000004,Current,DEBT_CONSOLIDATION
LN-505079,CUST-101536,2025-05-17,0,0,False,False,275667.1499999998,Current,DEBT_CONSOLIDATION
LN-505080,CUST-100328,2025-05-17,0,0,False,False,30615.149999999998,Current,DEBT_CONSOLIDATION
LN-505081,CUST-106166,2025-05-17,0,0,False,False,15895.290000000005,Current,DEBT_CONSOLIDATION
LN-505082,CUST-106848,2025-05-17,0,0,False,False,41503.49,Current,DEBT_CONSOLIDATION
LN-505083,CUST-104085,2025-05-17,0,0,False,False,24579.060000000005,Current,DEBT_CONSOLIDATION
LN-505084,CUST-104047,2025-05-17,0,0,False,False,527645.7099999997,Current,DEBT_CONSOLIDATION
LN-505085,CUST-103511,2025-05-17,0,0,False,False,10168.41,Current,DEBT_CONSOLIDATION
LN-505087,CUST-100230,2025-05-17,0,0,False,False,6522.947500000004,Current,DEBT_CONSOLIDATION
LN-505088,CUST-103298,2025-05-17,0,0,False,False,8121.235000000004,Current,DEBT_CONSOLIDATION
LN-505089,CUST-103572,2025-05-17,0,0,False,False,17638.837500000016,Current,DEBT_CONSOLIDATION
LN-505090,CUST-102829,2025-05-17,0,0,False,False,28050.165000000005,Current,DEBT_CONSOLIDATION
LN-505091,CUST-105956,2025-05-17,3,76,False,False,112233.43,60-89,DEBT_CONSOLIDATION
LN-505092,CUST-101253,2025-05-17,0,0,False,False,23922.409999999993,Current,DEBT_CONSOLIDATION
LN-505093,CUST-107209,2025-05-17,0,0,False,False,16470.402499999982,Current,DEBT_CONSOLIDATION
LN-505094,CUST-106796,2025-05-17,0,0,False,False,15803.305,Current,DEBT_CONSOLIDATION
LN-505095,CUST-103633,2025-05-17,0,0,False,False,33656.185,Current,DEBT_CONSOLIDATION
LN-505096,CUST-105170,2025-05-17,0,0,False,False,12947.19499999999,Current,DEBT_CONSOLIDATION
LN-505097,CUST-106449,2025-05-17,0,0,False,False,21528.230000000003,Current,DEBT_CONSOLIDATION
LN-505098,CUST-105985,2025-05-17,0,0,False,False,28463.2275,Current,DEBT_CONSOLIDATION
LN-505099,CUST-103130,2025-05-17,0,0,False,False,5255.559999999994,Current,DEBT_CONSOLIDATION
LN-505100,CUST-101509,2025-05-17,0,0,False,False,26489.61999999999,Current,DEBT_CONSOLIDATION
LN-505101,CUST-107570,2025-05-17,0,0,False,False,24968.23750000001,Current,DEBT_CONSOLIDATION
LN-505102,CUST-106704,2025-05-17,0,0,False,False,39451.320000000014,Current,DEBT_CONSOLIDATION
LN-505103,CUST-106585,2025-05-17,0,0,False,False,8605.925000000008,Current,DEBT_CONSOLIDATION
LN-505104,CUST-102823,2025-05-17,0,0,False,False,7754.145,Current,DEBT_CONSOLIDATION
LN-505106,CUST-106702,2025-05-17,0,0,False,False,19130.740000000005,Current,DEBT_CONSOLIDATION
LN-505107,CUST-106941,2025-05-17,0,0,False,False,27721.57,Current,DEBT_CONSOLIDATION
LN-505108,CUST-104023,2025-05-17,0,0,False,False,8583.259999999998,Current,DEBT_CONSOLIDATION
LN-505109,CUST-101284,2025-05-17,0,0,False,False,1792.14,Current,DEBT_CONSOLIDATION
LN-505110,CUST-101818,2025-05-17,0,0,False,False,11342.177499999996,Current,DEBT_CONSOLIDATION
LN-505111,CUST-101865,2025-05-17,0,0,False,False,11790.710000000001,Current,DEBT_CONSOLIDATION
LN-505112,CUST-106083,2025-05-17,0,0,False,False,16468.619999999995,Current,DEBT_CONSOLIDATION
LN-505113,CUST-104547,2025-05-17,0,0,False,False,2160.2449999999976,Current,DEBT_CONSOLIDATION
LN-505114,CUST-106697,2025-05-17,0,0,False,False,32395.02,Current,DEBT_CONSOLIDATION
LN-505115,CUST-105939,2025-05-17,0,0,False,False,29363.500000000004,Current,DEBT_CONSOLIDATION
LN-505116,CUST-103829,2025-05-17,1,24,False,False,115212.33499999999,1-29,DEBT_CONSOLIDATION
LN-505117,CUST-102388,2025-05-17,0,0,False,False,3179.87,Current,DEBT_CONSOLIDATION
LN-505118,CUST-101185,2025-05-17,1,14,False,False,13562.374999999993,1-29,DEBT_CONSOLIDATION
LN-505120,CUST-104614,2025-05-17,0,0,False,False,51153.189999999995,Current,DEBT_CONSOLIDATION
LN-505121,CUST-104142,2025-05-17,0,0,False,False,41376.77500000003,Current,DEBT_CONSOLIDATION
LN-505122,CUST-106806,2025-05-17,0,0,False,False,3924.7699999999995,Current,DEBT_CONSOLIDATION
LN-505123,CUST-101601,2025-05-17,0,0,False,False,134434.46000000008,Current,DEBT_CONSOLIDATION
LN-505124,CUST-105479,2025-05-17,0,0,False,False,5561.264999999998,Current,DEBT_CONSOLIDATION
LN-505125,CUST-104693,2025-05-17,0,0,False,False,28606.28499999999,Current,DEBT_CONSOLIDATION
LN-505126,CUST-107616,2025-05-17,0,0,False,False,59196.095,Current,DEBT_CONSOLIDATION
LN-505127,CUST-102664,2025-05-17,0,0,False,False,39109.88999999999,Current,DEBT_CONSOLIDATION
LN-505128,CUST-102125,2025-05-17,0,0,False,False,41628.25999999998,Current,DEBT_CONSOLIDATION
LN-505129,CUST-103250,2025-05-17,0,0,False,False,3751.249999999998,Current,DEBT_CONSOLIDATION
LN-505130,CUST-101634,2025-05-17,0,0,False,False,22468.014999999996,Current,DEBT_CONSOLIDATION
LN-505131,CUST-107515,2025-05-17,0,0,False,False,34624.39000000004,Current,DEBT_CONSOLIDATION
LN-505132,CUST-106569,2025-05-17,0,0,False,False,15008.5175,Current,DEBT_CONSOLIDATION
LN-505133,CUST-106906,2025-05-17,0,0,False,False,100221.08999999997,Current,DEBT_CONSOLIDATION
LN-505134,CUST-103895,2025-05-17,1,5,False,False,22550.005000000005,1-29,DEBT_CONSOLIDATION
LN-505135,CUST-107581,2025-05-17,0,0,False,False,3470.7874999999985,Current,DEBT_CONSOLIDATION
LN-505136,CUST-103775,2025-05-17,0,0,False,False,45880.859999999986,Current,DEBT_CONSOLIDATION
LN-505137,CUST-100029,2025-05-17,0,0,False,False,3041.9499999999985,Current,DEBT_CONSOLIDATION
LN-505138,CUST-104003,2025-05-17,0,0,False,False,18379.94250000001,Current,DEBT_CONSOLIDATION
LN-505139,CUST-106916,2025-05-17,0,0,False,False,3171.0174999999995,Current,DEBT_CONSOLIDATION
LN-505140,CUST-107887,2025-05-17,0,0,False,False,16005.200000000004,Current,DEBT_CONSOLIDATION
LN-505142,CUST-105221,2025-05-17,0,0,False,False,28386.180000000022,Current,DEBT_CONSOLIDATION
LN-505143,CUST-104515,2025-05-17,0,0,False,False,23192.149999999987,Current,DEBT_CONSOLIDATION
LN-505144,CUST-101294,2025-05-17,2,42,False,False,11076.614999999994,30-59,DEBT_CONSOLIDATION
LN-505145,CUST-107826,2025-05-17,0,0,False,False,50410.34000000001,Current,DEBT_CONSOLIDATION
LN-505146,CUST-106090,2025-05-17,0,0,False,False,17163.909999999996,Current,DEBT_CONSOLIDATION
LN-505147,CUST-103662,2025-05-17,0,0,False,False,611369.2349999998,Current,DEBT_CONSOLIDATION
LN-505148,CUST-104876,2025-05-17,0,0,False,False,17266.259999999995,Current,DEBT_CONSOLIDATION
LN-505149,CUST-105141,2025-05-17,0,0,False,False,139255.71,Current,DEBT_CONSOLIDATION
LN-505150,CUST-105684,2025-05-17,0,0,False,False,30447.207499999997,Current,DEBT_CONSOLIDATION
LN-505151,CUST-107966,2025-05-17,4,113,False,False,27380.01000000001,90+,DEBT_CONSOLIDATION
LN-505152,CUST-101605,2025-05-17,0,0,False,False,20940.309999999998,Current,DEBT_CONSOLIDATION
LN-505153,CUST-102874,2025-05-17,0,0,False,False,116399.77500000001,Current,DEBT_CONSOLIDATION
LN-505154,CUST-105526,2025-05-17,0,0,False,False,6233.710000000005,Current,DEBT_CONSOLIDATION
LN-505155,CUST-104136,2025-05-17,0,0,True,False,8889.44,Current,DEBT_CONSOLIDATION
LN-505156,CUST-105946,2025-05-17,0,0,False,False,18830.195000000003,Current,DEBT_CONSOLIDATION
LN-505157,CUST-103885,2025-05-17,0,0,False,False,17192.335000000003,Current,DEBT_CONSOLIDATION
LN-505158,CUST-102312,2025-05-17,0,0,False,False,14013.1275,Current,DEBT_CONSOLIDATION
LN-505159,CUST-100055,2025-05-17,0,0,False,False,18930.3425,Current,DEBT_CONSOLIDATION
LN-505160,CUST-102010,2025-05-17,0,0,False,False,10020.554999999998,Current,DEBT_CONSOLIDATION
LN-505162,CUST-105803,2025-05-17,0,0,False,False,12782.050000000001,Current,DEBT_CONSOLIDATION
LN-505163,CUST-103426,2025-05-17,0,0,False,False,6465.124999999998,Current,DEBT_CONSOLIDATION
LN-505165,CUST-105755,2025-05-17,0,0,False,False,54622.89499999997,Current,DEBT_CONSOLIDATION
LN-505166,CUST-106372,2025-05-17,0,0,False,False,45534.31000000004,Current,DEBT_CONSOLIDATION
LN-505167,CUST-107552,2025-05-17,0,0,False,False,19952.230000000003,Current,DEBT_CONSOLIDATION
LN-505168,CUST-104388,2025-05-17,0,0,False,False,14592.865000000002,Current,DEBT_CONSOLIDATION
LN-505169,CUST-101144,2025-05-17,0,0,False,False,14869.622499999998,Current,DEBT_CONSOLIDATION
LN-505170,CUST-101734,2025-05-17,0,0,False,False,12728.27,Current,DEBT_CONSOLIDATION
LN-505171,CUST-102355,2025-05-17,0,0,False,False,6139.649999999998,Current,DEBT_CONSOLIDATION
LN-505172,CUST-103135,2025-05-17,0,0,False,False,105067.13250000005,Current,DEBT_CONSOLIDATION
LN-505173,CUST-107694,2025-05-17,0,0,False,False,26313.48,Current,DEBT_CONSOLIDATION
LN-505174,CUST-104677,2025-05-17,0,0,False,False,5997.752500000006,Current,DEBT_CONSOLIDATION
LN-505175,CUST-103758,2025-05-17,0,0,False,False,14886.522500000001,Current,DEBT_CONSOLIDATION
LN-505176,CUST-104438,2025-05-17,0,0,False,False,21051.675000000003,Current,DEBT_CONSOLIDATION
LN-505177,CUST-104086,2025-05-17,0,0,False,False,7739.225000000004,Current,DEBT_CONSOLIDATION
LN-505178,CUST-100004,2025-05-17,0,0,False,False,37702.71000000001,Current,DEBT_CONSOLIDATION
LN-505179,CUST-101690,2025-05-17,0,0,False,False,27529.30500000001,Current,DEBT_CONSOLIDATION
LN-505180,CUST-105762,2025-05-17,0,0,False,False,10441.48,Current,DEBT_CONSOLIDATION
LN-505181,CUST-107970,2025-05-17,0,0,False,False,24419.720000000005,Current,DEBT_CONSOLIDATION
LN-505183,CUST-106747,2025-05-17,0,0,False,False,9167.934999999998,Current,DEBT_CONSOLIDATION
LN-505184,CUST-104310,2025-05-17,0,0,False,False,39034.2125,Current,DEBT_CONSOLIDATION
LN-505185,CUST-104468,2025-05-17,0,0,False,False,38612.279999999955,Current,DEBT_CONSOLIDATION
LN-505186,CUST-106172,2025-05-17,0,0,False,False,5565.715,Current,DEBT_CONSOLIDATION
LN-505187,CUST-107522,2025-05-17,0,0,False,False,32742.440000000002,Current,DEBT_CONSOLIDATION
LN-505188,CUST-107827,2025-05-17,0,0,False,False,28155.20999999998,Current,DEBT_CONSOLIDATION
LN-505189,CUST-103432,2025-05-17,0,0,False,False,8962.71,Current,DEBT_CONSOLIDATION
LN-505190,CUST-102163,2025-05-17,2,44,False,False,54382.55000000001,30-59,DEBT_CONSOLIDATION
LN-505191,CUST-101701,2025-05-17,0,0,False,False,273393.445,Current,DEBT_CONSOLIDATION
LN-505192,CUST-105304,2025-05-17,0,0,False,False,17552.590000000007,Current,DEBT_CONSOLIDATION
LN-505193,CUST-100218,2025-05-17,0,0,False,False,1068.9625000000003,Current,DEBT_CONSOLIDATION
LN-505194,CUST-102357,2025-05-17,0,0,False,False,8366.104999999998,Current,DEBT_CONSOLIDATION
LN-505195,CUST-100303,2025-05-17,0,0,False,False,10101.780000000002,Current,DEBT_CONSOLIDATION
LN-505196,CUST-102521,2025-05-17,0,0,False,False,31817.0175,Current,DEBT_CONSOLIDATION
LN-505197,CUST-106344,2025-05-17,0,0,True,False,42827.38000000001,Current,DEBT_CONSOLIDATION
LN-505199,CUST-105691,2025-05-17,0,0,False,False,24968.144999999997,Current,DEBT_CONSOLIDATION
LN-505200,CUST-103248,2025-05-17,0,0,False,False,5035.175000000004,Current,DEBT_CONSOLIDATION
LN-505201,CUST-104000,2025-05-17,0,0,False,False,6146.144999999999,Current,DEBT_CONSOLIDATION
LN-505202,CUST-107764,2025-05-17,0,0,False,False,45444.24000000002,Current,DEBT_CONSOLIDATION
LN-505203,CUST-104140,2025-05-17,0,0,False,False,37494.67500000001,Current,DEBT_CONSOLIDATION
LN-505204,CUST-102027,2025-05-17,4,114,False,False,102241.79249999998,90+,DEBT_CONSOLIDATION
LN-505205,CUST-100493,2025-05-17,0,0,False,False,12026.800000000003,Current,DEBT_CONSOLIDATION
LN-505206,CUST-101750,2025-05-17,0,0,False,False,9020.779999999995,Current,DEBT_CONSOLIDATION
LN-505207,CUST-101523,2025-05-17,0,0,False,False,12594.385000000006,Current,DEBT_CONSOLIDATION
LN-505208,CUST-102749,2025-05-17,0,0,False,False,19593.7,Current,DEBT_CONSOLIDATION
LN-505209,CUST-100036,2025-05-17,0,0,False,False,27978.28500000001,Current,DEBT_CONSOLIDATION
LN-505210,CUST-100762,2025-05-17,0,0,False,False,94708.97,Current,DEBT_CONSOLIDATION
LN-505211,CUST-103775,2025-05-17,0,0,False,False,12225.397499999988,Current,DEBT_CONSOLIDATION
LN-505212,CUST-104849,2025-05-17,0,0,False,False,21316.70499999998,Current,DEBT_CONSOLIDATION
LN-505214,CUST-104466,2025-05-17,0,0,False,False,22782.834999999985,Current,DEBT_CONSOLIDATION
LN-505215,CUST-102820,2025-05-17,0,0,False,False,35333.01250000001,Current,DEBT_CONSOLIDATION
LN-505216,CUST-105401,2025-05-17,0,0,False,False,14132.21,Current,DEBT_CONSOLIDATION
LN-505217,CUST-100219,2025-05-17,4,123,False,False,16245.657500000003,90+,DEBT_CONSOLIDATION
LN-505218,CUST-100012,2025-05-17,1,15,False,False,12499.607500000006,1-29,DEBT_CONSOLIDATION
LN-505219,CUST-103198,2025-05-17,0,0,False,False,19782.957500000004,Current,DEBT_CONSOLIDATION
LN-505220,CUST-100928,2025-05-17,0,0,False,False,20570.17000000002,Current,DEBT_CONSOLIDATION
LN-505221,CUST-107839,2025-05-17,1,24,False,False,19955.09,1-29,DEBT_CONSOLIDATION
LN-505222,CUST-100678,2025-05-17,0,0,False,False,34788.24500000001,Current,DEBT_CONSOLIDATION
LN-505223,CUST-104344,2025-05-17,0,0,False,False,46205.31,Current,DEBT_CONSOLIDATION
LN-505224,CUST-100127,2025-05-17,0,0,False,False,42795.23999999999,Current,DEBT_CONSOLIDATION
LN-505225,CUST-102680,2025-05-17,4,157,False,False,16511.037500000002,90+,DEBT_CONSOLIDATION
LN-505226,CUST-105039,2025-05-17,0,0,False,False,5458.184999999999,Current,DEBT_CONSOLIDATION
LN-505227,CUST-105617,2025-05-17,0,0,False,False,16224.200000000006,Current,DEBT_CONSOLIDATION
LN-505228,CUST-102598,2025-05-17,0,0,False,False,5090.470000000002,Current,DEBT_CONSOLIDATION
LN-505229,CUST-106550,2025-05-17,0,0,False,False,24369.319999999985,Current,DEBT_CONSOLIDATION
LN-505230,CUST-106346,2025-05-17,0,0,False,False,38283.357499999984,Current,DEBT_CONSOLIDATION
LN-505231,CUST-107854,2025-05-17,0,0,False,False,22581.579999999998,Current,DEBT_CONSOLIDATION
LN-505232,CUST-104795,2025-05-17,0,0,False,False,23471.70000000001,Current,DEBT_CONSOLIDATION
LN-505233,CUST-107305,2025-05-17,0,0,False,False,13642.675,Current,DEBT_CONSOLIDATION
LN-505234,CUST-107914,2025-05-17,0,0,False,False,19077.754999999997,Current,DEBT_CONSOLIDATION
LN-505235,CUST-107898,2025-05-17,3,73,False,False,226395.00250000006,60-89,DEBT_CONSOLIDATION
LN-505236,CUST-104041,2025-05-17,0,0,False,False,31624.90999999999,Current,DEBT_CONSOLIDATION
LN-505237,CUST-101889,2025-05-17,0,0,False,False,17306.464999999993,Current,DEBT_CONSOLIDATION
LN-505238,CUST-100884,2025-05-17,0,0,False,False,15571.749999999996,Current,DEBT_CONSOLIDATION
LN-505239,CUST-100762,2025-05-17,0,0,False,False,45641.1975,Current,DEBT_CONSOLIDATION
LN-505240,CUST-105797,2025-05-17,0,0,False,False,27227.21000000001,Current,DEBT_CONSOLIDATION
LN-505241,CUST-103137,2025-05-17,0,0,False,False,15463.21,Current,DEBT_CONSOLIDATION
LN-505242,CUST-107023,2025-05-17,0,0,False,False,37026.04,Current,DEBT_CONSOLIDATION
LN-505243,CUST-104350,2025-05-17,0,0,False,False,20844.549999999996,Current,DEBT_CONSOLIDATION
LN-505244,CUST-104281,2025-05-17,0,0,False,False,20321.434999999998,Current,DEBT_CONSOLIDATION
LN-505245,CUST-103758,2025-05-17,0,0,False,False,17719.63999999999,Current,DEBT_CONSOLIDATION
LN-505246,CUST-105055,2025-05-17,0,0,False,False,13923.990000000003,Current,DEBT_CONSOLIDATION
LN-505247,CUST-102948,2025-05-17,0,0,False,False,33387.017500000016,Current,DEBT_CONSOLIDATION
LN-505248,CUST-106144,2025-05-17,0,0,False,False,40384.30250000001,Current,DEBT_CONSOLIDATION
LN-505249,CUST-105023,2025-05-17,0,0,False,False,34294.13000000003,Current,DEBT_CONSOLIDATION
LN-505250,CUST-102026,2025-05-17,0,0,False,False,16899.057499999995,Current,DEBT_CONSOLIDATION
LN-505251,CUST-103735,2025-05-17,0,0,False,False,49403.07,Current,DEBT_CONSOLIDATION
LN-505252,CUST-100660,2025-05-17,0,0,False,False,35928.49,Current,DEBT_CONSOLIDATION
LN-505253,CUST-101373,2025-05-17,0,0,False,False,30414.27,Current,DEBT_CONSOLIDATION
LN-505254,CUST-102090,2025-05-17,0,0,True,False,47375.49999999998,Current,DEBT_CONSOLIDATION
LN-505255,CUST-105021,2025-05-17,0,0,False,False,8285.395000000008,Current,DEBT_CONSOLIDATION
LN-505256,CUST-104176,2025-05-17,0,0,False,False,18092.855,Current,DEBT_CONSOLIDATION
LN-505258,CUST-100991,2025-05-17,0,0,False,False,111447.34000000001,Current,DEBT_CONSOLIDATION
LN-505259,CUST-107865,2025-05-17,0,0,False,False,39114.954999999994,Current,DEBT_CONSOLIDATION
LN-505260,CUST-101774,2025-05-17,0,0,False,False,43583.945,Current,DEBT_CONSOLIDATION
LN-505261,CUST-100842,2025-05-17,0,0,False,False,17144.14000000002,Current,DEBT_CONSOLIDATION
LN-505262,CUST-101154,2025-05-17,0,0,False,False,24049.885000000002,Current,DEBT_CONSOLIDATION
LN-505263,CUST-100045,2025-05-17,0,0,False,False,146443.09249999997,Current,DEBT_CONSOLIDATION
LN-505264,CUST-100141,2025-05-17,0,0,False,False,27180.95000000002,Current,DEBT_CONSOLIDATION
LN-505265,CUST-104002,2025-05-17,0,0,False,False,27647.954999999994,Current,DEBT_CONSOLIDATION
LN-505266,CUST-100603,2025-05-17,0,0,False,False,38225.992500000015,Current,DEBT_CONSOLIDATION
LN-505267,CUST-100888,2025-05-17,2,43,False,False,7069.839999999999,30-59,DEBT_CONSOLIDATION
LN-505268,CUST-105794,2025-05-17,0,0,False,False,9526.580000000002,Current,DEBT_CONSOLIDATION
LN-505269,CUST-101558,2025-05-17,0,0,False,False,10439.867499999998,Current,DEBT_CONSOLIDATION
LN-505270,CUST-101235,2025-05-17,0,0,False,False,19516.69000000001,Current,DEBT_CONSOLIDATION
LN-505271,CUST-107678,2025-05-17,0,0,False,False,20587.15,Current,DEBT_CONSOLIDATION
LN-505272,CUST-103366,2025-05-17,2,42,False,False,31261.57,30-59,DEBT_CONSOLIDATION
LN-505274,CUST-103083,2025-05-17,0,0,False,False,423838.4425000002,Current,DEBT_CONSOLIDATION
LN-505275,CUST-104530,2025-05-17,0,0,False,False,17377.094999999998,Current,DEBT_CONSOLIDATION
LN-505276,CUST-104879,2025-05-17,0,0,False,False,26070.187499999993,Current,DEBT_CONSOLIDATION
LN-505277,CUST-105669,2025-05-17,0,0,False,False,18451.6025,Current,DEBT_CONSOLIDATION
LN-505278,CUST-103928,2025-05-17,0,0,False,False,203718.9699999999,Current,DEBT_CONSOLIDATION
LN-505279,CUST-100359,2025-05-17,0,0,False,False,12129.525,Current,DEBT_CONSOLIDATION
LN-505280,CUST-103197,2025-05-17,1,27,False,False,5059.620000000001,1-29,DEBT_CONSOLIDATION
LN-505281,CUST-105070,2025-05-17,0,0,False,False,41630.509999999995,Current,DEBT_CONSOLIDATION
LN-505282,CUST-103708,2025-05-17,0,0,False,False,19049.605000000007,Current,DEBT_CONSOLIDATION
LN-505283,CUST-101088,2025-05-17,0,0,False,False,8954.572499999997,Current,DEBT_CONSOLIDATION
LN-505284,CUST-106959,2025-05-17,0,0,False,False,15402.159999999996,Current,DEBT_CONSOLIDATION
LN-505286,CUST-101959,2025-05-17,4,112,False,False,21677.504999999997,90+,DEBT_CONSOLIDATION
LN-505287,CUST-103748,2025-05-17,0,0,False,False,7923.520000000003,Current,DEBT_CONSOLIDATION
LN-505288,CUST-101126,2025-05-17,0,0,False,False,717.1200000000003,Current,DEBT_CONSOLIDATION
LN-505289,CUST-106500,2025-05-17,0,0,False,False,23039.042499999978,Current,DEBT_CONSOLIDATION
LN-505290,CUST-107357,2025-05-17,0,0,False,False,24228.827500000014,Current,DEBT_CONSOLIDATION
LN-505291,CUST-103241,2025-05-17,0,0,False,False,17676.63249999999,Current,DEBT_CONSOLIDATION
LN-505293,CUST-104036,2025-05-17,2,54,False,False,14490.53,30-59,DEBT_CONSOLIDATION
LN-505294,CUST-100314,2025-05-17,0,0,False,False,3386.4600000000037,Current,DEBT_CONSOLIDATION
LN-505295,CUST-102327,2025-05-17,0,0,False,False,17140.734999999993,Current,DEBT_CONSOLIDATION
LN-505296,CUST-105197,2025-05-17,0,0,False,False,14838.585000000006,Current,DEBT_CONSOLIDATION
LN-505297,CUST-101419,2025-05-17,0,0,False,False,25847.3525,Current,DEBT_CONSOLIDATION
LN-505298,CUST-104775,2025-05-17,0,0,False,False,18663.835,Current,DEBT_CONSOLIDATION
LN-505299,CUST-100487,2025-05-17,0,0,False,False,45863.225,Current,DEBT_CONSOLIDATION
LN-505300,CUST-107635,2025-05-17,0,0,False,False,13709.647499999997,Current,DEBT_CONSOLIDATION
LN-505301,CUST-106502,2025-05-17,0,0,False,False,17199.36,Current,DEBT_CONSOLIDATION
LN-505302,CUST-103463,2025-05-17,0,0,False,False,5879.029999999998,Current,DEBT_CONSOLIDATION
LN-505303,CUST-107393,2025-05-17,0,0,False,False,40332.03000000002,Current,DEBT_CONSOLIDATION
LN-505304,CUST-102570,2025-05-17,0,0,False,False,442256.96999999974,Current,DEBT_CONSOLIDATION
LN-505305,CUST-104916,2025-05-17,0,0,False,False,29259.310000000005,Current,DEBT_CONSOLIDATION
LN-505306,CUST-102739,2025-05-17,0,0,False,False,515.9600000000007,Current,DEBT_CONSOLIDATION
LN-505307,CUST-106362,2025-05-17,0,0,False,False,5182.700000000002,Current,DEBT_CONSOLIDATION
LN-505308,CUST-101893,2025-05-17,0,0,False,False,14033.177500000009,Current,DEBT_CONSOLIDATION
LN-505309,CUST-102568,2025-05-17,0,0,False,False,4358.209999999997,Current,DEBT_CONSOLIDATION
LN-505310,CUST-102740,2025-05-17,1,11,False,False,52353.59250000002,1-29,DEBT_CONSOLIDATION
LN-505311,CUST-105141,2025-05-17,0,0,False,False,51143.15749999999,Current,DEBT_CONSOLIDATION
LN-505312,CUST-105330,2025-05-17,0,0,False,False,95752.32,Current,DEBT_CONSOLIDATION
LN-505313,CUST-102230,2025-05-17,0,0,False,False,49190.070000000014,Current,DEBT_CONSOLIDATION
LN-505314,CUST-101772,2025-05-17,0,0,False,False,15672.220000000001,Current,DEBT_CONSOLIDATION
LN-505315,CUST-101050,2025-05-17,0,0,False,False,463211.77,Current,DEBT_CONSOLIDATION
LN-505316,CUST-101567,2025-05-17,0,0,False,False,4607.982499999998,Current,DEBT_CONSOLIDATION
LN-505317,CUST-107548,2025-05-17,0,0,False,False,11361.969999999994,Current,DEBT_CONSOLIDATION
LN-505318,CUST-100308,2025-05-17,0,0,False,False,11001.040000000008,Current,DEBT_CONSOLIDATION
LN-505319,CUST-102445,2025-05-17,0,0,False,False,37002.28999999997,Current,DEBT_CONSOLIDATION
LN-505320,CUST-104905,2025-05-17,0,0,False,False,32555.5,Current,DEBT_CONSOLIDATION
LN-505321,CUST-101457,2025-05-17,0,0,False,False,7599.989999999994,Current,DEBT_CONSOLIDATION
LN-505322,CUST-105263,2025-05-17,0,0,False,False,15986.850000000024,Current,DEBT_CONSOLIDATION
LN-505323,CUST-103944,2025-05-17,0,0,False,False,102881.05249999996,Current,DEBT_CONSOLIDATION
LN-505324,CUST-101131,2025-05-17,0,0,False,False,7027.4349999999995,Current,DEBT_CONSOLIDATION
LN-505325,CUST-105083,2025-05-17,0,0,False,False,223296.415,Current,DEBT_CONSOLIDATION
LN-505326,CUST-107227,2025-05-17,0,0,False,False,8024.305000000002,Current,DEBT_CONSOLIDATION
LN-505327,CUST-103795,2025-05-17,0,0,False,False,19326.13500000002,Current,DEBT_CONSOLIDATION
LN-505330,CUST-106997,2025-05-17,0,0,False,False,33067.39000000002,Current,DEBT_CONSOLIDATION
LN-505331,CUST-107990,2025-05-17,0,0,False,False,39120.25,Current,DEBT_CONSOLIDATION
LN-505332,CUST-106001,2025-05-17,0,0,False,False,48434.545,Current,DEBT_CONSOLIDATION
LN-505333,CUST-101503,2025-05-17,0,0,False,False,14230.092499999995,Current,DEBT_CONSOLIDATION
LN-505334,CUST-102249,2025-05-17,0,0,False,False,12106.065000000002,Current,DEBT_CONSOLIDATION
LN-505335,CUST-102215,2025-05-17,2,36,False,False,20849.820000000003,30-59,DEBT_CONSOLIDATION
LN-505336,CUST-103163,2025-05-17,0,0,False,False,40216.380000000005,Current,DEBT_CONSOLIDATION
LN-505337,CUST-102452,2025-05-17,0,0,False,False,44287.189999999995,Current,DEBT_CONSOLIDATION
LN-505338,CUST-106118,2025-05-17,0,0,False,False,14644.67749999999,Current,DEBT_CONSOLIDATION
LN-505339,CUST-104326,2025-05-17,0,0,False,False,3537.262499999999,Current,DEBT_CONSOLIDATION
LN-505340,CUST-100078,2025-05-17,0,0,True,False,37345.92499999998,Current,DEBT_CONSOLIDATION
LN-505341,CUST-106187,2025-05-17,0,0,False,False,25412.947499999984,Current,DEBT_CONSOLIDATION
LN-505343,CUST-107567,2025-05-17,0,0,False,False,40982.19000000002,Current,DEBT_CONSOLIDATION
LN-505344,CUST-103810,2025-05-17,0,0,False,False,19440.095000000016,Current,DEBT_CONSOLIDATION
LN-505345,CUST-105265,2025-05-17,1,15,False,False,17745.77,1-29,DEBT_CONSOLIDATION
LN-505346,CUST-102123,2025-05-17,0,0,False,True,3148.2824999999975,Current,DEBT_CONSOLIDATION
LN-505347,CUST-103113,2025-05-17,0,0,False,False,16833.099999999984,Current,DEBT_CONSOLIDATION
LN-505348,CUST-102526,2025-05-17,0,0,False,False,10180.560000000003,Current,DEBT_CONSOLIDATION
LN-505349,CUST-104279,2025-05-17,0,0,False,False,7228.7025,Current,DEBT_CONSOLIDATION
LN-505350,CUST-100737,2025-05-17,0,0,False,False,39005.16,Current,DEBT_CONSOLIDATION
LN-505351,CUST-100847,2025-05-17,0,0,False,False,25578.845000000005,Current,DEBT_CONSOLIDATION
LN-505352,CUST-106195,2025-05-17,0,0,False,False,5264.34,Current,DEBT_CONSOLIDATION
LN-505353,CUST-103877,2025-05-17,0,0,False,False,43694.74,Current,DEBT_CONSOLIDATION
LN-505354,CUST-100624,2025-05-17,0,0,False,False,17268.585000000003,Current,DEBT_CONSOLIDATION
LN-505355,CUST-101442,2025-05-17,0,0,False,False,11313.35,Current,DEBT_CONSOLIDATION
LN-505356,CUST-104726,2025-05-17,3,90,False,False,44494.67250000002,60-89,DEBT_CONSOLIDATION
LN-505357,CUST-107266,2025-05-17,0,0,False,False,7736.1249999999945,Current,DEBT_CONSOLIDATION
LN-505358,CUST-105457,2025-05-17,0,0,False,False,13689.477500000008,Current,DEBT_CONSOLIDATION
LN-505359,CUST-103024,2025-05-17,0,0,False,False,31924.382499999978,Current,DEBT_CONSOLIDATION
LN-505360,CUST-104966,2025-05-17,0,0,False,False,9492.037500000006,Current,DEBT_CONSOLIDATION
LN-505361,CUST-105916,2025-05-17,0,0,False,False,13804.560000000009,Current,DEBT_CONSOLIDATION
LN-505362,CUST-102941,2025-05-17,0,0,False,False,13792.230000000003,Current,DEBT_CONSOLIDATION
LN-505363,CUST-101770,2025-05-17,0,0,False,False,23295.652499999997,Current,DEBT_CONSOLIDATION
LN-505364,CUST-100709,2025-05-17,0,0,False,False,28599.484999999997,Current,DEBT_CONSOLIDATION
LN-505365,CUST-106865,2025-05-17,0,0,False,False,13908.349999999991,Current,DEBT_CONSOLIDATION
LN-505366,CUST-107468,2025-05-17,0,0,False,False,4735.27,Current,DEBT_CONSOLIDATION
LN-505367,CUST-103524,2025-05-17,0,0,False,False,4996.400000000006,Current,DEBT_CONSOLIDATION
LN-505368,CUST-107448,2025-05-17,0,0,False,False,29840.175000000003,Current,DEBT_CONSOLIDATION
LN-505369,CUST-101359,2025-05-17,0,0,False,False,19387.8775,Current,DEBT_CONSOLIDATION
LN-505370,CUST-102460,2025-05-17,0,0,False,False,35083.844999999994,Current,DEBT_CONSOLIDATION
LN-505371,CUST-104660,2025-05-17,0,0,False,False,18442.37,Current,DEBT_CONSOLIDATION
LN-505372,CUST-107400,2025-05-17,0,0,False,False,44588.174999999974,Current,DEBT_CONSOLIDATION
LN-505373,CUST-104517,2025-05-17,0,0,False,False,29103.055000000004,Current,DEBT_CONSOLIDATION
LN-505374,CUST-100317,2025-05-17,0,0,False,False,9304.322499999998,Current,DEBT_CONSOLIDATION
LN-505375,CUST-106927,2025-05-17,0,0,False,False,27541.649999999987,Current,DEBT_CONSOLIDATION
LN-505376,CUST-104580,2025-05-17,1,5,False,False,13379.160000000002,1-29,DEBT_CONSOLIDATION
LN-505377,CUST-102106,2025-05-17,0,0,False,False,17661.3,Current,DEBT_CONSOLIDATION
LN-505378,CUST-102517,2025-05-17,0,0,False,False,22146.254999999986,Current,DEBT_CONSOLIDATION
LN-505379,CUST-103286,2025-05-17,0,0,False,False,8927.150000000003,Current,DEBT_CONSOLIDATION
LN-505380,CUST-105478,2025-05-17,0,0,False,False,17228.4,Current,DEBT_CONSOLIDATION
LN-505381,CUST-103600,2025-05-17,0,0,False,False,25732.359999999993,Current,DEBT_CONSOLIDATION
LN-505382,CUST-104049,2025-05-17,1,3,False,False,12600.247500000001,1-29,DEBT_CONSOLIDATION
LN-505383,CUST-103650,2025-05-17,1,5,True,False,43917.51250000002,1-29,DEBT_CONSOLIDATION
LN-505384,CUST-103502,2025-05-17,0,0,False,False,8170.199999999999,Current,DEBT_CONSOLIDATION
LN-505385,CUST-103989,2025-05-17,0,0,False,False,32180.624999999975,Current,DEBT_CONSOLIDATION
LN-505386,CUST-106783,2025-05-17,0,0,False,False,4146.325,Current,DEBT_CONSOLIDATION
LN-505387,CUST-101466,2025-05-17,0,0,False,False,41293.37000000002,Current,DEBT_CONSOLIDATION
LN-505388,CUST-100614,2025-05-17,0,0,False,False,8960.94,Current,DEBT_CONSOLIDATION
LN-505389,CUST-106840,2025-05-17,0,0,False,False,15829.64749999999,Current,DEBT_CONSOLIDATION
LN-505390,CUST-103498,2025-05-17,0,0,False,False,6775.38,Current,DEBT_CONSOLIDATION
LN-505391,CUST-102513,2025-05-17,0,0,True,False,29245.250000000007,Current,DEBT_CONSOLIDATION
LN-505392,CUST-104116,2025-05-17,0,0,False,False,43855.23,Current,DEBT_CONSOLIDATION
LN-505393,CUST-104987,2025-05-17,0,0,False,False,25351.084999999985,Current,DEBT_CONSOLIDATION
LN-505394,CUST-103114,2025-05-17,2,43,False,False,418263.7600000001,30-59,DEBT_CONSOLIDATION
LN-505395,CUST-102437,2025-05-17,0,0,False,False,36188.72999999996,Current,DEBT_CONSOLIDATION
LN-505396,CUST-102242,2025-05-17,0,0,False,False,32606.680000000022,Current,DEBT_CONSOLIDATION
LN-505397,CUST-106357,2025-05-17,3,62,False,False,16076.880000000008,60-89,DEBT_CONSOLIDATION
LN-505398,CUST-104243,2025-05-17,0,0,False,False,63255.844999999994,Current,DEBT_CONSOLIDATION
LN-505400,CUST-102596,2025-05-17,0,0,False,False,25311.42750000001,Current,DEBT_CONSOLIDATION
LN-505401,CUST-102677,2025-05-17,0,0,False,False,10562.267499999996,Current,DEBT_CONSOLIDATION
LN-505402,CUST-105556,2025-05-17,0,0,False,False,61172.39499999998,Current,DEBT_CONSOLIDATION
LN-505403,CUST-102391,2025-05-17,0,0,False,False,34625.595000000016,Current,DEBT_CONSOLIDATION
LN-505404,CUST-104394,2025-05-17,0,0,False,False,40727.72999999998,Current,DEBT_CONSOLIDATION
LN-505405,CUST-100805,2025-05-17,0,0,False,False,19858.929999999982,Current,DEBT_CONSOLIDATION
LN-505406,CUST-101202,2025-05-17,0,0,False,False,10662.509999999991,Current,DEBT_CONSOLIDATION
LN-505407,CUST-101060,2025-05-17,0,0,False,False,27078.28999999999,Current,DEBT_CONSOLIDATION
LN-505408,CUST-101406,2025-05-17,0,0,False,False,8344.0575,Current,DEBT_CONSOLIDATION
LN-505409,CUST-103398,2025-05-17,0,0,False,False,50305.31500000001,Current,DEBT_CONSOLIDATION
LN-505410,CUST-101727,2025-05-17,0,0,False,False,18983.824999999997,Current,DEBT_CONSOLIDATION
LN-505411,CUST-104316,2025-05-17,0,0,False,False,77992.04999999997,Current,DEBT_CONSOLIDATION
LN-505412,CUST-103900,2025-05-17,0,0,False,False,13355.922499999995,Current,DEBT_CONSOLIDATION
LN-505413,CUST-107653,2025-05-17,0,0,False,False,41007.74000000004,Current,DEBT_CONSOLIDATION
LN-505414,CUST-102108,2025-05-17,0,0,False,False,11473.367500000004,Current,DEBT_CONSOLIDATION
LN-505415,CUST-101370,2025-05-17,0,0,False,False,143714.955,Current,DEBT_CONSOLIDATION
LN-505416,CUST-104997,2025-05-17,0,0,False,False,7441.365000000003,Current,DEBT_CONSOLIDATION
LN-505417,CUST-104588,2025-05-17,0,0,False,False,31873.20000000001,Current,DEBT_CONSOLIDATION
LN-505418,CUST-107880,2025-05-17,0,0,False,False,7456.6975,Current,DEBT_CONSOLIDATION
LN-505419,CUST-101336,2025-05-17,1,4,False,False,43081.89499999995,1-29,DEBT_CONSOLIDATION
LN-505420,CUST-103825,2025-05-17,0,0,False,False,7322.190000000002,Current,DEBT_CONSOLIDATION
LN-505421,CUST-103987,2025-05-17,0,0,False,False,580181.4174999996,Current,DEBT_CONSOLIDATION
LN-505422,CUST-106288,2025-05-17,0,0,False,False,36956.50999999996,Current,DEBT_CONSOLIDATION
LN-505423,CUST-106767,2025-05-17,0,0,False,False,25669.08250000001,Current,DEBT_CONSOLIDATION
LN-505424,CUST-104957,2025-05-17,0,0,False,False,32799.97,Current,DEBT_CONSOLIDATION
LN-505425,CUST-104879,2025-05-17,0,0,False,False,3841.545000000004,Current,DEBT_CONSOLIDATION
LN-505426,CUST-104564,2025-05-17,0,0,False,False,21855.697499999977,Current,DEBT_CONSOLIDATION
LN-505427,CUST-106769,2025-05-17,0,0,False,False,24151.515000000003,Current,DEBT_CONSOLIDATION
LN-505428,CUST-104621,2025-05-17,0,0,False,False,33738.575,Current,DEBT_CONSOLIDATION
LN-505429,CUST-100400,2025-05-17,0,0,False,False,18853.28,Current,DEBT_CONSOLIDATION
LN-505430,CUST-101278,2025-05-17,0,0,False,False,7352.0824999999995,Current,DEBT_CONSOLIDATION
LN-505431,CUST-101432,2025-05-17,0,0,False,False,13045.657500000001,Current,DEBT_CONSOLIDATION
LN-505432,CUST-106288,2025-05-17,0,0,False,False,40841.597499999996,Current,DEBT_CONSOLIDATION
LN-505433,CUST-105674,2025-05-17,0,0,True,False,24261.759999999995,Current,DEBT_CONSOLIDATION
LN-505434,CUST-104367,2025-05-17,0,0,False,False,3198.790000000001,Current,DEBT_CONSOLIDATION
LN-505435,CUST-103403,2025-05-17,0,0,False,False,12444.595000000005,Current,DEBT_CONSOLIDATION
LN-505436,CUST-105459,2025-05-17,0,0,False,False,3605.3725000000027,Current,DEBT_CONSOLIDATION
LN-505437,CUST-105491,2025-05-17,0,0,False,False,7616.905000000008,Current,DEBT_CONSOLIDATION
LN-505438,CUST-102992,2025-05-17,0,0,False,False,34150.25,Current,DEBT_CONSOLIDATION
LN-505439,CUST-105238,2025-05-17,0,0,False,False,41660.3,Current,DEBT_CONSOLIDATION
LN-505440,CUST-105365,2025-05-17,0,0,False,False,18558.84999999999,Current,DEBT_CONSOLIDATION
LN-505441,CUST-100700,2025-05-17,0,0,False,False,23053.8725,Current,DEBT_CONSOLIDATION
LN-505442,CUST-103092,2025-05-17,0,0,False,False,3290.7499999999986,Current,DEBT_CONSOLIDATION
LN-505443,CUST-103201,2025-05-17,0,0,False,False,36788.2175,Current,DEBT_CONSOLIDATION
LN-505444,CUST-103746,2025-05-17,0,0,False,False,1577.604999999999,Current,DEBT_CONSOLIDATION
LN-505445,CUST-105045,2025-05-17,0,0,False,False,10262.309999999998,Current,DEBT_CONSOLIDATION
LN-505446,CUST-102432,2025-05-17,0,0,False,False,2224.055,Current,DEBT_CONSOLIDATION
LN-505447,CUST-101374,2025-05-17,0,0,False,False,34256.25000000001,Current,DEBT_CONSOLIDATION
LN-505448,CUST-106268,2025-05-17,1,13,False,False,8758.53,1-29,DEBT_CONSOLIDATION
LN-505449,CUST-103180,2025-05-17,4,158,False,False,44983.98499999999,90+,DEBT_CONSOLIDATION
LN-505450,CUST-100613,2025-05-17,0,0,False,False,9384.857499999998,Current,DEBT_CONSOLIDATION
LN-505452,CUST-105521,2025-05-17,0,0,False,False,20205.450000000008,Current,DEBT_CONSOLIDATION
LN-505453,CUST-103070,2025-05-17,0,0,False,False,45375.45,Current,DEBT_CONSOLIDATION
LN-505454,CUST-100402,2025-05-17,0,0,False,False,52315.7325,Current,DEBT_CONSOLIDATION
LN-505455,CUST-103061,2025-05-17,0,0,False,False,11638.15999999999,Current,DEBT_CONSOLIDATION
LN-505456,CUST-101985,2025-05-17,0,0,False,False,41232.495,Current,DEBT_CONSOLIDATION
LN-505457,CUST-105056,2025-05-17,0,0,False,False,41063.10000000003,Current,DEBT_CONSOLIDATION
LN-505458,CUST-106315,2025-05-17,0,0,False,False,14650.635,Current,DEBT_CONSOLIDATION
LN-505459,CUST-101605,2025-05-17,0,0,False,False,16879.299999999992,Current,DEBT_CONSOLIDATION
LN-505460,CUST-104653,2025-05-17,4,93,False,False,16654.389999999996,90+,DEBT_CONSOLIDATION
LN-505461,CUST-102240,2025-05-17,0,0,False,False,17488.209999999995,Current,DEBT_CONSOLIDATION
LN-505462,CUST-105722,2025-05-17,0,0,False,False,12897.652499999998,Current,DEBT_CONSOLIDATION
LN-505463,CUST-107022,2025-05-17,0,0,False,False,29399.585000000003,Current,DEBT_CONSOLIDATION
LN-505464,CUST-101876,2025-05-17,0,0,False,False,18354.85999999997,Current,DEBT_CONSOLIDATION
LN-505465,CUST-100134,2025-05-17,0,0,False,False,31931.260000000002,Current,DEBT_CONSOLIDATION
LN-505466,CUST-101599,2025-05-17,0,0,False,False,109673.35749999997,Current,DEBT_CONSOLIDATION
LN-505467,CUST-103349,2025-05-17,0,0,False,False,10588.874999999998,Current,DEBT_CONSOLIDATION
LN-505468,CUST-100759,2025-05-17,0,0,False,False,25408.9,Current,DEBT_CONSOLIDATION
LN-505469,CUST-102927,2025-05-17,0,0,False,False,8144.525,Current,DEBT_CONSOLIDATION
LN-505470,CUST-102692,2025-05-17,0,0,False,False,1754.28,Current,DEBT_CONSOLIDATION
LN-505471,CUST-104979,2025-05-17,0,0,False,False,14742.3925,Current,DEBT_CONSOLIDATION
LN-505474,CUST-107993,2025-05-17,0,0,False,False,25668.52,Current,DEBT_CONSOLIDATION
LN-505475,CUST-101656,2025-05-17,0,0,False,False,12212.680000000004,Current,DEBT_CONSOLIDATION
LN-505476,CUST-104994,2025-05-17,0,0,False,False,11653.094999999998,Current,DEBT_CONSOLIDATION
LN-505477,CUST-107423,2025-05-17,0,0,False,False,75212.6925,Current,DEBT_CONSOLIDATION
LN-505478,CUST-103153,2025-05-17,0,0,False,False,52719.712499999994,Current,DEBT_CONSOLIDATION
LN-505479,CUST-105520,2025-05-17,0,0,False,False,29665.74,Current,DEBT_CONSOLIDATION
LN-505481,CUST-100197,2025-05-17,0,0,False,False,411472.1849999998,Current,DEBT_CONSOLIDATION
LN-505482,CUST-104488,2025-05-17,0,0,False,False,36731.952500000036,Current,DEBT_CONSOLIDATION
LN-505483,CUST-102989,2025-05-17,0,0,False,False,11111.125000000004,Current,DEBT_CONSOLIDATION
LN-505484,CUST-105894,2025-05-17,0,0,False,False,18501.140000000003,Current,DEBT_CONSOLIDATION
LN-505485,CUST-104646,2025-05-17,0,0,False,False,28212.82,Current,DEBT_CONSOLIDATION
LN-505486,CUST-104824,2025-05-17,0,0,False,False,9353.355,Current,DEBT_CONSOLIDATION
LN-505487,CUST-102224,2025-05-17,0,0,False,False,22735.679999999993,Current,DEBT_CONSOLIDATION
LN-505488,CUST-102947,2025-05-17,0,0,False,False,41871.85500000003,Current,DEBT_CONSOLIDATION
LN-505489,CUST-102206,2025-05-17,0,0,False,False,35981.48000000001,Current,DEBT_CONSOLIDATION
LN-505491,CUST-106434,2025-05-17,0,0,False,False,84587.3125,Current,DEBT_CONSOLIDATION
LN-505492,CUST-102007,2025-05-17,0,0,False,False,35059.06999999999,Current,DEBT_CONSOLIDATION
LN-505493,CUST-104407,2025-05-17,0,0,False,False,21082.21,Current,DEBT_CONSOLIDATION
LN-505495,CUST-105652,2025-05-17,0,0,False,False,18146.28999999999,Current,DEBT_CONSOLIDATION
LN-505497,CUST-101177,2025-05-17,1,5,False,False,6171.379999999999,1-29,DEBT_CONSOLIDATION
LN-505498,CUST-104139,2025-05-17,0,0,False,False,26913.639999999992,Current,DEBT_CONSOLIDATION
LN-505499,CUST-103839,2025-05-17,0,0,False,False,21228.34,Current,DEBT_CONSOLIDATION
LN-505500,CUST-100110,2025-05-17,5,91,False,False,18036.81,Charged-off,DEBT_CONSOLIDATION
LN-505501,CUST-107743,2025-05-17,0,0,False,False,22695.8475,Current,DEBT_CONSOLIDATION
LN-505502,CUST-107152,2025-05-17,0,0,False,False,6309.425,Current,DEBT_CONSOLIDATION
LN-505503,CUST-103171,2025-05-17,0,0,False,False,21637.52249999999,Current,DEBT_CONSOLIDATION
LN-505504,CUST-107452,2025-05-17,0,0,False,False,28188.02500000001,Current,DEBT_CONSOLIDATION
LN-505506,CUST-104841,2025-05-17,1,25,False,False,28834.290000000008,1-29,DEBT_CONSOLIDATION
LN-505507,CUST-104488,2025-05-17,0,0,False,False,26370.482499999995,Current,DEBT_CONSOLIDATION
LN-505508,CUST-101017,2025-05-17,0,0,False,False,23273.109999999997,Current,DEBT_CONSOLIDATION
LN-505509,CUST-100427,2025-05-17,0,0,False,False,18246.370000000003,Current,DEBT_CONSOLIDATION
LN-505510,CUST-102642,2025-05-17,0,0,False,False,19343.2925,Current,DEBT_CONSOLIDATION
LN-505511,CUST-103531,2025-05-17,1,8,False,False,7639.669999999996,1-29,DEBT_CONSOLIDATION
LN-505512,CUST-100610,2025-05-17,0,0,False,False,20229.26999999999,Current,DEBT_CONSOLIDATION
LN-505513,CUST-104697,2025-05-17,0,0,False,False,245176.13,Current,DEBT_CONSOLIDATION
LN-505514,CUST-104277,2025-05-17,0,0,False,False,22095.79,Current,DEBT_CONSOLIDATION
LN-505515,CUST-103060,2025-05-17,0,0,False,False,18045.352499999997,Current,DEBT_CONSOLIDATION
LN-505516,CUST-102221,2025-05-17,0,0,False,False,14407.0275,Current,DEBT_CONSOLIDATION
LN-505517,CUST-100842,2025-05-17,0,0,False,False,321089.9525,Current,DEBT_CONSOLIDATION
LN-505518,CUST-103005,2025-05-17,0,0,False,False,127675.17499999999,Current,DEBT_CONSOLIDATION
LN-505519,CUST-106402,2025-05-17,0,0,False,False,81055.305,Current,DEBT_CONSOLIDATION
LN-505520,CUST-100573,2025-05-17,0,0,False,False,32011.275,Current,DEBT_CONSOLIDATION
LN-505521,CUST-103319,2025-05-17,0,0,False,False,25464.21,Current,DEBT_CONSOLIDATION
LN-505522,CUST-104269,2025-05-17,0,0,False,False,23440.637500000008,Current,DEBT_CONSOLIDATION
LN-505523,CUST-107405,2025-05-17,0,0,False,False,3949.6900000000014,Current,DEBT_CONSOLIDATION
LN-505524,CUST-105397,2025-05-17,0,0,False,False,11341.235000000002,Current,DEBT_CONSOLIDATION
LN-505525,CUST-102810,2025-05-17,0,0,False,False,3755.4750000000026,Current,DEBT_CONSOLIDATION
LN-505526,CUST-101988,2025-05-17,0,0,False,False,27866.469999999994,Current,DEBT_CONSOLIDATION
LN-505527,CUST-107971,2025-05-17,0,0,False,False,18966.620000000003,Current,DEBT_CONSOLIDATION
LN-505528,CUST-107773,2025-05-17,0,0,False,False,21983.284999999996,Current,DEBT_CONSOLIDATION
LN-505529,CUST-102748,2025-05-17,0,0,False,False,31093.57499999999,Current,DEBT_CONSOLIDATION
LN-505530,CUST-101804,2025-05-17,0,0,False,False,42650.46750000002,Current,DEBT_CONSOLIDATION
LN-505531,CUST-101114,2025-05-17,0,0,False,False,40475.86000000001,Current,DEBT_CONSOLIDATION
LN-505532,CUST-101369,2025-05-17,0,0,False,False,28291.999999999996,Current,DEBT_CONSOLIDATION
LN-505533,CUST-104774,2025-05-17,0,0,False,False,21267.967500000006,Current,DEBT_CONSOLIDATION
LN-505534,CUST-103876,2025-05-17,0,0,False,False,398030.69500000007,Current,DEBT_CONSOLIDATION
LN-505535,CUST-104149,2025-05-17,0,0,False,False,18413.92000000001,Current,DEBT_CONSOLIDATION
LN-505536,CUST-105518,2025-05-17,0,0,False,False,19284.099999999995,Current,DEBT_CONSOLIDATION
LN-505537,CUST-103434,2025-05-17,0,0,False,False,435912.89750000014,Current,DEBT_CONSOLIDATION
LN-505538,CUST-101308,2025-05-17,0,0,False,False,10940.905,Current,DEBT_CONSOLIDATION
LN-505539,CUST-105920,2025-05-17,0,0,False,False,15126.68,Current,DEBT_CONSOLIDATION
LN-505540,CUST-103899,2025-05-17,0,0,False,False,28476.882500000003,Current,DEBT_CONSOLIDATION
LN-505541,CUST-104988,2025-05-17,0,0,False,False,19415.420000000002,Current,DEBT_CONSOLIDATION
LN-505542,CUST-100806,2025-05-17,0,0,False,False,6504.94,Current,DEBT_CONSOLIDATION
LN-505543,CUST-107263,2025-05-17,0,0,False,False,12051.252499999993,Current,DEBT_CONSOLIDATION
LN-505544,CUST-101835,2025-05-17,0,0,False,False,3457.88,Current,DEBT_CONSOLIDATION
LN-505545,CUST-103783,2025-05-17,0,0,False,False,26825.555000000022,Current,DEBT_CONSOLIDATION
LN-505546,CUST-106048,2025-05-17,0,0,False,False,46270.630000000005,Current,DEBT_CONSOLIDATION
LN-505547,CUST-107877,2025-05-17,0,0,False,False,18193.82999999999,Current,DEBT_CONSOLIDATION
LN-505548,CUST-102882,2025-05-17,0,0,False,False,14127.832500000002,Current,DEBT_CONSOLIDATION
LN-505549,CUST-104351,2025-05-17,0,0,False,False,39800.54000000001,Current,DEBT_CONSOLIDATION
LN-505550,CUST-100823,2025-05-17,0,0,False,False,28174.384999999995,Current,DEBT_CONSOLIDATION
LN-505551,CUST-103133,2025-05-17,0,0,False,False,5234.8625,Current,DEBT_CONSOLIDATION
LN-505552,CUST-105294,2025-05-17,0,0,False,False,3826.9974999999995,Current,DEBT_CONSOLIDATION
LN-505553,CUST-105839,2025-05-17,0,0,False,False,2048.904999999999,Current,DEBT_CONSOLIDATION
LN-505554,CUST-104305,2025-05-17,0,0,False,False,42915.36000000003,Current,DEBT_CONSOLIDATION
LN-505555,CUST-103941,2025-05-17,0,0,False,False,28795.250000000007,Current,DEBT_CONSOLIDATION
LN-505556,CUST-106171,2025-05-17,0,0,False,False,6456.169999999998,Current,DEBT_CONSOLIDATION
LN-505557,CUST-103330,2025-05-17,0,0,False,False,5737.517499999997,Current,DEBT_CONSOLIDATION
LN-505558,CUST-107916,2025-05-17,0,0,False,False,10740.01,Current,DEBT_CONSOLIDATION
LN-505559,CUST-103230,2025-05-17,0,0,False,False,23404.457499999993,Current,DEBT_CONSOLIDATION
LN-505560,CUST-102015,2025-05-17,0,0,False,False,44942.232499999984,Current,DEBT_CONSOLIDATION
LN-505561,CUST-102600,2025-05-17,0,0,False,False,19565.989999999987,Current,DEBT_CONSOLIDATION
LN-505562,CUST-100415,2025-05-17,0,0,False,False,39890.85999999998,Current,DEBT_CONSOLIDATION
LN-505563,CUST-100751,2025-05-17,0,0,False,False,20452.054999999997,Current,DEBT_CONSOLIDATION
LN-505564,CUST-102886,2025-05-17,1,8,False,False,92105.98000000004,1-29,DEBT_CONSOLIDATION
LN-505565,CUST-103126,2025-05-17,0,0,False,False,18676.115,Current,DEBT_CONSOLIDATION
LN-505566,CUST-103693,2025-05-17,0,0,False,False,4769.460000000001,Current,DEBT_CONSOLIDATION
LN-505567,CUST-105925,2025-05-17,0,0,False,False,10725.407500000001,Current,DEBT_CONSOLIDATION
LN-505568,CUST-105540,2025-05-17,0,0,False,False,24215.26499999999,Current,DEBT_CONSOLIDATION
LN-505569,CUST-100568,2025-05-17,0,0,False,False,9612.225000000006,Current,DEBT_CONSOLIDATION
LN-505571,CUST-103020,2025-05-17,0,0,False,False,3702.574999999997,Current,DEBT_CONSOLIDATION
LN-505572,CUST-100869,2025-05-17,0,0,False,False,9621.19,Current,DEBT_CONSOLIDATION
LN-505573,CUST-104174,2025-05-17,0,0,False,False,11940.470000000005,Current,DEBT_CONSOLIDATION
LN-505575,CUST-102399,2025-05-17,0,0,False,False,318463.96249999997,Current,DEBT_CONSOLIDATION
LN-505576,CUST-105999,2025-05-17,0,0,False,False,11356.36,Current,DEBT_CONSOLIDATION
LN-505577,CUST-105592,2025-05-17,0,0,False,False,20424.73500000002,Current,DEBT_CONSOLIDATION
LN-505578,CUST-100513,2025-05-17,0,0,False,False,9105.16,Current,DEBT_CONSOLIDATION
LN-505579,CUST-101518,2025-05-17,0,0,False,False,27168.160000000003,Current,DEBT_CONSOLIDATION
LN-505580,CUST-106154,2025-05-17,0,0,False,False,43183.79,Current,DEBT_CONSOLIDATION
LN-505581,CUST-107585,2025-05-17,0,0,False,False,7714.91,Current,DEBT_CONSOLIDATION
LN-505582,CUST-104797,2025-05-17,0,0,False,False,700.5699999999999,Current,DEBT_CONSOLIDATION
LN-505583,CUST-100675,2025-05-17,0,0,False,False,20100.629999999997,Current,DEBT_CONSOLIDATION
LN-505584,CUST-105266,2025-05-17,0,0,False,False,444554.91000000003,Current,DEBT_CONSOLIDATION
LN-505585,CUST-107633,2025-05-17,0,0,False,False,29761.2575,Current,DEBT_CONSOLIDATION
LN-505586,CUST-103486,2025-05-17,0,0,False,False,33545.06,Current,DEBT_CONSOLIDATION
LN-505587,CUST-103177,2025-05-17,0,0,False,False,20126.03,Current,DEBT_CONSOLIDATION
LN-505588,CUST-100409,2025-05-17,0,0,False,False,19334.67,Current,DEBT_CONSOLIDATION
LN-505589,CUST-104359,2025-05-17,2,44,False,False,21626.035,30-59,DEBT_CONSOLIDATION
LN-505590,CUST-107602,2025-05-17,0,0,False,False,19079.537500000002,Current,DEBT_CONSOLIDATION
LN-505591,CUST-102561,2025-05-17,0,0,False,False,4231.2,Current,DEBT_CONSOLIDATION
LN-505592,CUST-100653,2025-05-17,2,40,False,False,105066.39000000006,30-59,DEBT_CONSOLIDATION
LN-505593,CUST-100763,2025-05-17,0,0,False,False,27774.96,Current,DEBT_CONSOLIDATION
LN-505594,CUST-103199,2025-05-17,0,0,False,False,12422.330000000004,Current,DEBT_CONSOLIDATION
LN-505595,CUST-103383,2025-05-17,0,0,False,False,5748.490000000001,Current,DEBT_CONSOLIDATION
LN-505596,CUST-101044,2025-05-17,0,0,False,False,9385.940000000008,Current,DEBT_CONSOLIDATION
LN-505597,CUST-103254,2025-05-17,0,0,False,False,394422.3949999999,Current,DEBT_CONSOLIDATION
LN-505598,CUST-107822,2025-05-17,1,29,False,False,16680.270000000004,1-29,DEBT_CONSOLIDATION
LN-505599,CUST-101447,2025-05-17,0,0,False,False,135019.3275,Current,DEBT_CONSOLIDATION
LN-505600,CUST-102190,2025-05-17,0,0,False,False,6477.890000000006,Current,DEBT_CONSOLIDATION
LN-505601,CUST-107644,2025-05-17,0,0,False,False,2795.425000000002,Current,DEBT_CONSOLIDATION
LN-505602,CUST-105131,2025-05-17,0,0,False,False,17789.129999999997,Current,DEBT_CONSOLIDATION
LN-505603,CUST-103603,2025-05-17,0,0,False,False,7716.8575,Current,DEBT_CONSOLIDATION
LN-505604,CUST-103702,2025-05-17,0,0,False,False,12923.659999999996,Current,DEBT_CONSOLIDATION
LN-505605,CUST-102922,2025-05-17,0,0,False,False,115603.175,Current,DEBT_CONSOLIDATION
LN-505606,CUST-102778,2025-05-17,0,0,False,False,41488.45249999998,Current,DEBT_CONSOLIDATION
LN-505607,CUST-101978,2025-05-17,0,0,False,False,21846.657499999998,Current,DEBT_CONSOLIDATION
LN-505608,CUST-103610,2025-05-17,0,0,False,False,19293.035,Current,DEBT_CONSOLIDATION
LN-505609,CUST-105834,2025-05-17,0,0,False,False,11274.974999999999,Current,DEBT_CONSOLIDATION
LN-505610,CUST-103524,2025-05-17,0,0,False,False,15881.882500000002,Current,DEBT_CONSOLIDATION
LN-505611,CUST-103210,2025-05-17,0,0,False,False,17024.55500000001,Current,DEBT_CONSOLIDATION
LN-505612,CUST-106812,2025-05-17,0,0,False,False,26591.409999999985,Current,DEBT_CONSOLIDATION
LN-505613,CUST-100515,2025-05-17,0,0,False,False,30261.849999999995,Current,DEBT_CONSOLIDATION
LN-505614,CUST-105790,2025-05-17,0,0,False,False,48087.26,Current,DEBT_CONSOLIDATION
LN-505615,CUST-107236,2025-05-17,0,0,False,False,20698.219999999994,Current,DEBT_CONSOLIDATION
LN-505616,CUST-100954,2025-05-17,0,0,False,False,12791.420000000002,Current,DEBT_CONSOLIDATION
LN-505617,CUST-101406,2025-05-17,0,0,False,False,42158.47499999997,Current,DEBT_CONSOLIDATION
LN-505619,CUST-100819,2025-05-17,0,0,False,False,11501.389999999992,Current,DEBT_CONSOLIDATION
LN-505620,CUST-104374,2025-05-17,0,0,False,False,12834.36,Current,DEBT_CONSOLIDATION
LN-505621,CUST-100179,2025-05-17,0,0,False,False,39393.529999999955,Current,DEBT_CONSOLIDATION
LN-505622,CUST-106630,2025-05-17,0,0,False,False,4900.812499999999,Current,DEBT_CONSOLIDATION
LN-505623,CUST-105944,2025-05-17,0,0,False,False,22185.03,Current,DEBT_CONSOLIDATION
LN-505624,CUST-101878,2025-05-17,0,0,False,False,44044.01000000004,Current,DEBT_CONSOLIDATION
LN-505625,CUST-105675,2025-05-17,0,0,False,False,61628.317499999976,Current,DEBT_CONSOLIDATION
LN-505626,CUST-102498,2025-05-17,0,0,False,False,9243.82,Current,DEBT_CONSOLIDATION
LN-505627,CUST-107637,2025-05-17,0,0,False,False,11962.302500000002,Current,DEBT_CONSOLIDATION
LN-505628,CUST-102452,2025-05-17,0,0,False,False,384.0324999999998,Current,DEBT_CONSOLIDATION
LN-505629,CUST-102141,2025-05-17,0,0,False,False,19497.439999999995,Current,DEBT_CONSOLIDATION
LN-505631,CUST-102158,2025-05-17,0,0,False,False,33987.45,Current,DEBT_CONSOLIDATION
LN-505632,CUST-105088,2025-05-17,0,0,False,False,38913.46000000001,Current,DEBT_CONSOLIDATION
LN-505633,CUST-102723,2025-05-17,0,0,False,False,255630.06000000008,Current,DEBT_CONSOLIDATION
LN-505634,CUST-104401,2025-05-17,0,0,False,False,325469.15,Current,DEBT_CONSOLIDATION
LN-505635,CUST-105909,2025-05-17,0,0,False,False,129825.36000000002,Current,DEBT_CONSOLIDATION
LN-505636,CUST-105677,2025-05-17,0,0,False,False,19937.09,Current,DEBT_CONSOLIDATION
LN-505637,CUST-100966,2025-05-17,0,0,False,False,16278.927500000003,Current,DEBT_CONSOLIDATION
LN-505638,CUST-106126,2025-05-17,0,0,False,False,329234.22250000027,Current,DEBT_CONSOLIDATION
LN-505639,CUST-103815,2025-05-17,0,0,False,False,42694.61750000001,Current,DEBT_CONSOLIDATION
LN-505640,CUST-103903,2025-05-17,0,0,False,False,344397.0725,Current,DEBT_CONSOLIDATION
LN-505641,CUST-106772,2025-05-17,0,0,False,False,2309.975000000002,Current,DEBT_CONSOLIDATION
LN-505643,CUST-104316,2025-05-17,0,0,False,False,25350.490000000005,Current,DEBT_CONSOLIDATION
LN-505644,CUST-107805,2025-05-17,4,155,False,False,14054.32,90+,DEBT_CONSOLIDATION
LN-505645,CUST-105171,2025-05-17,0,0,False,False,21335.574999999983,Current,DEBT_CONSOLIDATION
LN-505646,CUST-104628,2025-05-17,0,0,False,False,47541.38,Current,DEBT_CONSOLIDATION
LN-505647,CUST-105103,2025-05-17,4,95,False,False,12963.5625,90+,DEBT_CONSOLIDATION
LN-505648,CUST-103888,2025-05-17,0,0,False,False,4864.770000000008,Current,DEBT_CONSOLIDATION
LN-505649,CUST-107719,2025-05-17,0,0,False,False,12822.5225,Current,DEBT_CONSOLIDATION
LN-505650,CUST-100116,2025-05-17,0,0,False,False,5527.840000000002,Current,DEBT_CONSOLIDATION
LN-505651,CUST-105378,2025-05-17,0,0,False,False,30434.9225,Current,DEBT_CONSOLIDATION
LN-505652,CUST-102656,2025-05-17,0,0,False,False,11554.230000000001,Current,DEBT_CONSOLIDATION
LN-505653,CUST-104039,2025-05-17,0,0,False,False,9908.599999999993,Current,DEBT_CONSOLIDATION
LN-505654,CUST-105833,2025-05-17,0,0,False,False,12563.079999999998,Current,DEBT_CONSOLIDATION
LN-505655,CUST-106287,2025-05-17,0,0,False,False,3861.142499999998,Current,DEBT_CONSOLIDATION
LN-505656,CUST-100246,2025-05-17,0,0,False,False,29205.59999999999,Current,DEBT_CONSOLIDATION
LN-505657,CUST-107125,2025-05-17,0,0,False,False,39259.95,Current,DEBT_CONSOLIDATION
LN-505658,CUST-107403,2025-05-17,0,0,False,False,561850.95,Current,DEBT_CONSOLIDATION
LN-505659,CUST-102219,2025-05-17,0,0,False,False,23756.2025,Current,DEBT_CONSOLIDATION
LN-505660,CUST-107218,2025-05-17,0,0,False,False,10362.56500000001,Current,DEBT_CONSOLIDATION
LN-505661,CUST-105861,2025-05-17,0,0,False,False,34685.26,Current,DEBT_CONSOLIDATION
LN-505662,CUST-104065,2025-05-17,0,0,False,False,22201.675000000003,Current,DEBT_CONSOLIDATION
LN-505663,CUST-101159,2025-05-17,0,0,False,False,512714.125,Current,DEBT_CONSOLIDATION
LN-505664,CUST-107029,2025-05-17,0,0,False,False,8422.9575,Current,DEBT_CONSOLIDATION
LN-505665,CUST-104813,2025-05-17,1,23,False,False,23867.28000000001,1-29,DEBT_CONSOLIDATION
LN-505666,CUST-105260,2025-05-17,0,0,False,False,8862.41,Current,DEBT_CONSOLIDATION
LN-505667,CUST-106781,2025-05-17,1,16,False,False,91516.23999999996,1-29,DEBT_CONSOLIDATION
LN-505668,CUST-103842,2025-05-17,0,0,False,False,71643.60749999998,Current,DEBT_CONSOLIDATION
LN-505669,CUST-100663,2025-05-17,0,0,False,False,4700.025,Current,DEBT_CONSOLIDATION
LN-505670,CUST-104210,2025-05-17,0,0,False,False,24221.142499999998,Current,DEBT_CONSOLIDATION
LN-505671,CUST-100538,2025-05-17,0,0,False,False,83262.92249999997,Current,DEBT_CONSOLIDATION
LN-505672,CUST-106532,2025-05-17,0,0,False,False,38710.209999999985,Current,DEBT_CONSOLIDATION
LN-505673,CUST-104150,2025-05-17,0,0,False,False,14928.050000000005,Current,DEBT_CONSOLIDATION
LN-505674,CUST-107683,2025-05-17,0,0,False,False,11136.55,Current,DEBT_CONSOLIDATION
LN-505675,CUST-106483,2025-05-17,0,0,False,False,7353.249999999989,Current,DEBT_CONSOLIDATION
LN-505676,CUST-104306,2025-05-17,0,0,False,False,39373.24000000001,Current,DEBT_CONSOLIDATION
LN-505677,CUST-104499,2025-05-17,0,0,False,False,23880.2,Current,DEBT_CONSOLIDATION
LN-505678,CUST-105248,2025-05-17,0,0,False,False,20569.339999999986,Current,DEBT_CONSOLIDATION
LN-505680,CUST-102063,2025-05-17,0,0,False,False,204316.19999999995,Current,DEBT_CONSOLIDATION
LN-505681,CUST-104242,2025-05-17,0,0,False,False,40221.639999999985,Current,DEBT_CONSOLIDATION
LN-505682,CUST-105139,2025-05-17,0,0,False,False,9347.389999999996,Current,DEBT_CONSOLIDATION
LN-505683,CUST-105293,2025-05-17,0,0,False,False,20409.48499999999,Current,DEBT_CONSOLIDATION
LN-505684,CUST-100131,2025-05-17,0,0,False,False,25955.929999999997,Current,DEBT_CONSOLIDATION
LN-505685,CUST-102304,2025-05-17,0,0,False,False,47758.865000000005,Current,DEBT_CONSOLIDATION
LN-505686,CUST-102720,2025-05-17,0,0,False,False,140280.81,Current,DEBT_CONSOLIDATION
LN-505687,CUST-106260,2025-05-17,0,0,False,False,3030.4,Current,DEBT_CONSOLIDATION
LN-505688,CUST-107402,2025-05-17,0,0,False,False,29603.935000000016,Current,DEBT_CONSOLIDATION
LN-505689,CUST-101350,2025-05-17,0,0,False,False,10880.625,Current,DEBT_CONSOLIDATION
LN-505690,CUST-102220,2025-05-17,0,0,False,False,19809.535000000007,Current,DEBT_CONSOLIDATION
LN-505691,CUST-102041,2025-05-17,0,0,False,False,25664.929999999997,Current,DEBT_CONSOLIDATION
LN-505692,CUST-105708,2025-05-17,0,0,False,False,25600.520000000004,Current,DEBT_CONSOLIDATION
LN-505693,CUST-101899,2025-05-17,0,0,False,False,18581.285000000003,Current,DEBT_CONSOLIDATION
LN-505694,CUST-106585,2025-05-17,0,0,False,False,27704.780000000013,Current,DEBT_CONSOLIDATION
LN-505695,CUST-107930,2025-05-17,0,0,False,False,18985.464999999997,Current,DEBT_CONSOLIDATION
LN-505696,CUST-103125,2025-05-17,0,0,False,False,17277.739999999994,Current,DEBT_CONSOLIDATION
LN-505697,CUST-106952,2025-05-17,0,0,False,False,1267.8999999999996,Current,DEBT_CONSOLIDATION
LN-505698,CUST-100975,2025-05-17,0,0,False,False,11582.644999999999,Current,DEBT_CONSOLIDATION
LN-505699,CUST-107624,2025-05-17,0,0,False,False,10607.584999999995,Current,DEBT_CONSOLIDATION
LN-505700,CUST-102930,2025-05-17,0,0,False,False,5571.635000000002,Current,DEBT_CONSOLIDATION
LN-505701,CUST-100195,2025-05-17,0,0,False,False,26327.780000000006,Current,DEBT_CONSOLIDATION
LN-505702,CUST-101652,2025-05-17,0,0,False,False,4819.1299999999965,Current,DEBT_CONSOLIDATION
LN-505703,CUST-105703,2025-05-17,0,0,False,False,34489.66500000002,Current,DEBT_CONSOLIDATION
LN-505704,CUST-107833,2025-05-17,0,0,False,False,7059.28,Current,DEBT_CONSOLIDATION
LN-505705,CUST-105992,2025-05-17,0,0,False,False,9941.500000000004,Current,DEBT_CONSOLIDATION
LN-505706,CUST-103305,2025-05-17,2,37,False,False,23708.070000000007,30-59,DEBT_CONSOLIDATION
LN-505707,CUST-100570,2025-05-17,0,0,False,False,12127.882500000003,Current,DEBT_CONSOLIDATION
LN-505708,CUST-106707,2025-05-17,0,0,False,False,23738.505,Current,DEBT_CONSOLIDATION
LN-505709,CUST-103994,2025-05-17,0,0,False,False,22472.397500000003,Current,DEBT_CONSOLIDATION
LN-505710,CUST-104577,2025-05-17,0,0,False,False,13831.44,Current,DEBT_CONSOLIDATION
LN-505711,CUST-106351,2025-05-17,0,0,False,False,37939.69999999998,Current,DEBT_CONSOLIDATION
LN-505712,CUST-105735,2025-05-17,0,0,False,False,30004.732500000002,Current,DEBT_CONSOLIDATION
LN-505713,CUST-107808,2025-05-17,0,0,False,False,3997.005000000003,Current,DEBT_CONSOLIDATION
LN-505714,CUST-104596,2025-05-17,0,0,False,False,3629.877499999998,Current,DEBT_CONSOLIDATION
LN-505715,CUST-104402,2025-05-17,0,0,False,False,7594.2774999999965,Current,DEBT_CONSOLIDATION
LN-505716,CUST-105389,2025-05-17,0,0,False,False,136054.96,Current,DEBT_CONSOLIDATION
LN-505717,CUST-104088,2025-05-17,0,0,False,False,18995.91,Current,DEBT_CONSOLIDATION
LN-505718,CUST-105359,2025-05-17,0,0,False,False,11167.955,Current,DEBT_CONSOLIDATION
LN-505719,CUST-102325,2025-05-17,0,0,True,False,35169.64500000001,Current,DEBT_CONSOLIDATION
LN-505720,CUST-104323,2025-05-17,0,0,False,False,46074.06,Current,DEBT_CONSOLIDATION
LN-505721,CUST-104894,2025-05-17,0,0,False,False,8781.20000000001,Current,DEBT_CONSOLIDATION
LN-505722,CUST-107438,2025-05-17,0,0,False,False,4046.8249999999966,Current,DEBT_CONSOLIDATION
LN-505723,CUST-100347,2025-05-17,0,0,False,False,19790.480000000003,Current,DEBT_CONSOLIDATION
LN-505724,CUST-103838,2025-05-17,0,0,False,False,54104.325000000004,Current,DEBT_CONSOLIDATION
LN-505725,CUST-106638,2025-05-17,0,0,False,False,26639.554999999997,Current,DEBT_CONSOLIDATION
LN-505726,CUST-106292,2025-05-17,0,0,False,False,49795.81,Current,DEBT_CONSOLIDATION
LN-505727,CUST-105782,2025-05-17,0,0,False,False,6375.132500000003,Current,DEBT_CONSOLIDATION
LN-505728,CUST-101460,2025-05-17,0,0,False,False,38334.51749999996,Current,DEBT_CONSOLIDATION
LN-505729,CUST-105087,2025-05-17,0,0,False,False,11709.63999999999,Current,DEBT_CONSOLIDATION
LN-505731,CUST-100597,2025-05-17,0,0,False,False,9425.06,Current,DEBT_CONSOLIDATION
LN-505732,CUST-102746,2025-05-17,0,0,False,False,31818.185000000005,Current,DEBT_CONSOLIDATION
LN-505733,CUST-106443,2025-05-17,0,0,False,False,39554.1575,Current,DEBT_CONSOLIDATION
LN-505734,CUST-100984,2025-05-17,0,0,False,False,14289.330000000007,Current,DEBT_CONSOLIDATION
LN-505736,CUST-106177,2025-05-17,1,13,False,False,15482.527500000004,1-29,DEBT_CONSOLIDATION
LN-505737,CUST-106888,2025-05-17,0,0,False,False,26827.000000000004,Current,DEBT_CONSOLIDATION
LN-505738,CUST-104551,2025-05-17,0,0,False,False,5505.980000000005,Current,DEBT_CONSOLIDATION
LN-505739,CUST-101217,2025-05-17,0,0,False,False,597548.2899999999,Current,DEBT_CONSOLIDATION
LN-505740,CUST-101633,2025-05-17,0,0,False,False,3972.4725,Current,DEBT_CONSOLIDATION
LN-505741,CUST-101698,2025-05-17,0,0,False,False,5154.799999999999,Current,DEBT_CONSOLIDATION
LN-505742,CUST-102310,2025-05-17,0,0,False,False,11230.31,Current,DEBT_CONSOLIDATION
LN-505743,CUST-106067,2025-05-17,0,0,False,False,23140.660000000003,Current,DEBT_CONSOLIDATION
LN-505744,CUST-105924,2025-05-17,0,0,False,False,46100.725,Current,DEBT_CONSOLIDATION
LN-505745,CUST-105994,2025-05-17,0,0,False,False,8624.977499999999,Current,DEBT_CONSOLIDATION
LN-505746,CUST-105798,2025-05-17,0,0,False,False,38108.83,Current,DEBT_CONSOLIDATION
LN-505747,CUST-101138,2025-05-17,0,0,False,False,21064.20000000001,Current,DEBT_CONSOLIDATION
LN-505748,CUST-103448,2025-05-17,0,0,False,False,26303.587499999998,Current,DEBT_CONSOLIDATION
LN-505749,CUST-103811,2025-05-17,0,0,False,False,2698.6925000000015,Current,DEBT_CONSOLIDATION
LN-505751,CUST-105854,2025-05-17,0,0,False,False,4869.54,Current,DEBT_CONSOLIDATION
LN-505752,CUST-101229,2025-05-17,0,0,False,False,604547.83,Current,DEBT_CONSOLIDATION
LN-505753,CUST-101883,2025-05-17,0,0,False,False,42877.700000000004,Current,DEBT_CONSOLIDATION
LN-505754,CUST-100473,2025-05-17,0,0,False,False,22080.955000000005,Current,DEBT_CONSOLIDATION
LN-505755,CUST-106886,2025-05-17,1,27,False,False,11881.139999999998,1-29,DEBT_CONSOLIDATION
LN-505756,CUST-107292,2025-05-17,0,0,False,False,20287.537500000002,Current,DEBT_CONSOLIDATION
LN-505757,CUST-105979,2025-05-17,0,0,False,False,116464.19000000009,Current,DEBT_CONSOLIDATION
LN-505758,CUST-105402,2025-05-17,0,0,False,False,14476.029999999999,Current,DEBT_CONSOLIDATION
LN-505759,CUST-106079,2025-05-17,0,0,False,False,12963.840000000004,Current,DEBT_CONSOLIDATION
LN-505760,CUST-100475,2025-05-17,0,0,False,False,33307.569999999985,Current,DEBT_CONSOLIDATION
LN-505761,CUST-105485,2025-05-17,0,0,False,False,6180.939999999999,Current,DEBT_CONSOLIDATION
LN-505762,CUST-102805,2025-05-17,0,0,False,False,29105.989999999994,Current,DEBT_CONSOLIDATION
LN-505763,CUST-102712,2025-05-17,0,0,False,False,6242.714999999998,Current,DEBT_CONSOLIDATION
LN-505764,CUST-107458,2025-05-17,0,0,False,False,11021.437499999996,Current,DEBT_CONSOLIDATION
LN-505765,CUST-100603,2025-05-17,0,0,False,False,7700.74,Current,DEBT_CONSOLIDATION
LN-505766,CUST-105677,2025-05-17,0,0,False,False,32904.615,Current,DEBT_CONSOLIDATION
LN-505767,CUST-102116,2025-05-17,0,0,False,False,31050.345,Current,DEBT_CONSOLIDATION
LN-505768,CUST-104519,2025-05-17,0,0,False,False,20155.025,Current,DEBT_CONSOLIDATION
LN-505769,CUST-100448,2025-05-17,1,5,False,False,19095.230000000007,1-29,DEBT_CONSOLIDATION
LN-505770,CUST-107140,2025-05-17,0,0,False,False,23366.252500000006,Current,DEBT_CONSOLIDATION
LN-505771,CUST-101002,2025-05-17,0,0,False,False,13951.749999999996,Current,DEBT_CONSOLIDATION
LN-505772,CUST-106049,2025-05-17,0,0,False,False,42324.03000000002,Current,DEBT_CONSOLIDATION
LN-505774,CUST-106680,2025-05-17,0,0,False,False,26894.75999999999,Current,DEBT_CONSOLIDATION
LN-505775,CUST-107483,2025-05-17,0,0,False,False,25248.400000000005,Current,DEBT_CONSOLIDATION
LN-505776,CUST-106082,2025-05-17,0,0,False,False,4656.602500000001,Current,DEBT_CONSOLIDATION
LN-505777,CUST-100341,2025-05-17,0,0,False,False,19674.690000000002,Current,DEBT_CONSOLIDATION
LN-505778,CUST-103876,2025-05-17,0,0,False,False,88899.13000000008,Current,DEBT_CONSOLIDATION
LN-505779,CUST-104937,2025-05-17,0,0,False,False,43934.557500000046,Current,DEBT_CONSOLIDATION
LN-505780,CUST-104279,2025-05-17,0,0,False,False,16343.88,Current,DEBT_CONSOLIDATION
LN-505781,CUST-106919,2025-05-17,0,0,False,False,6510.529999999999,Current,DEBT_CONSOLIDATION
LN-505782,CUST-100425,2025-05-17,0,0,False,False,43852.300000000025,Current,DEBT_CONSOLIDATION
LN-505783,CUST-107865,2025-05-17,0,0,False,False,36494.34,Current,DEBT_CONSOLIDATION
LN-505784,CUST-102899,2025-05-17,0,0,False,False,11384.719999999994,Current,DEBT_CONSOLIDATION
LN-505785,CUST-101876,2025-05-17,0,0,False,False,43734.26,Current,DEBT_CONSOLIDATION
LN-505786,CUST-100072,2025-05-17,0,0,False,False,46907.654999999984,Current,DEBT_CONSOLIDATION
LN-505787,CUST-106650,2025-05-17,0,0,False,False,3629.3600000000006,Current,DEBT_CONSOLIDATION
LN-505788,CUST-102410,2025-05-17,0,0,False,False,11312.245000000004,Current,DEBT_CONSOLIDATION
LN-505789,CUST-100050,2025-05-17,0,0,False,False,8419.757499999996,Current,DEBT_CONSOLIDATION
LN-505790,CUST-101417,2025-05-17,0,0,False,False,11748.472500000005,Current,DEBT_CONSOLIDATION
LN-505791,CUST-101388,2025-05-17,0,0,False,False,40145.59000000004,Current,DEBT_CONSOLIDATION
LN-505792,CUST-102075,2025-05-17,0,0,False,False,2071.7775000000024,Current,DEBT_CONSOLIDATION
LN-505794,CUST-104978,2025-05-17,0,0,False,False,1516.64,Current,DEBT_CONSOLIDATION
LN-505795,CUST-107542,2025-05-17,0,0,False,False,15955.57,Current,DEBT_CONSOLIDATION
LN-505796,CUST-107528,2025-05-17,0,0,False,False,49798.490000000005,Current,DEBT_CONSOLIDATION
LN-505798,CUST-106511,2025-05-17,0,0,False,False,29803.437499999996,Current,DEBT_CONSOLIDATION
LN-505799,CUST-107591,2025-05-17,0,0,False,False,6979.180000000002,Current,DEBT_CONSOLIDATION
LN-505800,CUST-104022,2025-05-17,0,0,False,False,15864.230000000009,Current,DEBT_CONSOLIDATION
LN-505802,CUST-102977,2025-05-17,0,0,False,False,32498.257500000003,Current,DEBT_CONSOLIDATION
LN-505803,CUST-107176,2025-05-17,0,0,False,False,1979.479999999998,Current,DEBT_CONSOLIDATION
LN-505804,CUST-106779,2025-05-17,0,0,False,False,9103.464999999991,Current,DEBT_CONSOLIDATION
LN-505805,CUST-102127,2025-05-17,0,0,False,False,5571.635,Current,DEBT_CONSOLIDATION
LN-505806,CUST-103350,2025-05-17,0,0,False,False,22296.385,Current,DEBT_CONSOLIDATION
LN-505807,CUST-105678,2025-05-17,0,0,False,False,23320.8875,Current,DEBT_CONSOLIDATION
LN-505808,CUST-102183,2025-05-17,0,0,False,False,2727.3500000000004,Current,DEBT_CONSOLIDATION
LN-505810,CUST-105391,2025-05-17,0,0,False,False,27512.180000000008,Current,DEBT_CONSOLIDATION
LN-505811,CUST-100937,2025-05-17,0,0,False,False,4241.67,Current,DEBT_CONSOLIDATION
LN-505812,CUST-100454,2025-05-17,0,0,False,False,14169.08,Current,DEBT_CONSOLIDATION
LN-505813,CUST-103222,2025-05-17,0,0,False,False,114604.74249999993,Current,DEBT_CONSOLIDATION
LN-505814,CUST-102229,2025-05-17,0,0,False,False,7686.459999999994,Current,DEBT_CONSOLIDATION
LN-505815,CUST-101571,2025-05-17,0,0,False,False,23653.714999999997,Current,DEBT_CONSOLIDATION
LN-505816,CUST-101509,2025-05-17,0,0,False,False,50137.7425,Current,DEBT_CONSOLIDATION
LN-505817,CUST-105356,2025-05-17,0,0,False,False,40031.02000000003,Current,DEBT_CONSOLIDATION
LN-505818,CUST-101517,2025-05-17,0,0,False,False,5401.805000000001,Current,DEBT_CONSOLIDATION
LN-505819,CUST-100822,2025-05-17,0,0,False,False,34847.0175,Current,DEBT_CONSOLIDATION
LN-505820,CUST-102371,2025-05-17,0,0,False,False,30162.309999999994,Current,DEBT_CONSOLIDATION
LN-505821,CUST-106701,2025-05-17,0,0,False,False,21139.852499999997,Current,DEBT_CONSOLIDATION
LN-505822,CUST-104038,2025-05-17,0,0,False,False,45991.19,Current,DEBT_CONSOLIDATION
LN-505823,CUST-100955,2025-05-17,0,0,False,False,525141.2075,Current,DEBT_CONSOLIDATION
LN-505824,CUST-106872,2025-05-17,0,0,False,False,44157.20500000001,Current,DEBT_CONSOLIDATION
LN-505825,CUST-107532,2025-05-17,0,0,False,False,61691.44,Current,DEBT_CONSOLIDATION
LN-505826,CUST-101930,2025-05-17,1,3,False,False,29268.7375,1-29,DEBT_CONSOLIDATION
LN-505827,CUST-107044,2025-05-17,0,0,False,False,12581.639999999998,Current,DEBT_CONSOLIDATION
LN-505828,CUST-104683,2025-05-17,0,0,False,False,16606.86000000002,Current,DEBT_CONSOLIDATION
LN-505829,CUST-107668,2025-05-17,0,0,False,False,2706.2175,Current,DEBT_CONSOLIDATION
LN-505830,CUST-105872,2025-05-17,0,0,False,False,49788.58500000001,Current,DEBT_CONSOLIDATION
LN-505831,CUST-105330,2025-05-17,0,0,False,False,19688.47000000002,Current,DEBT_CONSOLIDATION
LN-505832,CUST-102045,2025-05-17,0,0,False,False,22461.675000000003,Current,DEBT_CONSOLIDATION
LN-505833,CUST-105347,2025-05-17,0,0,False,False,30201.460000000006,Current,DEBT_CONSOLIDATION
LN-505834,CUST-104529,2025-05-17,0,0,False,True,13859.85,Current,DEBT_CONSOLIDATION
LN-505835,CUST-104109,2025-05-17,0,0,False,False,14236.792499999998,Current,DEBT_CONSOLIDATION
LN-505836,CUST-105809,2025-05-17,0,0,False,False,43620.45250000001,Current,DEBT_CONSOLIDATION
LN-505837,CUST-105948,2025-05-17,0,0,False,False,22311.43250000001,Current,DEBT_CONSOLIDATION
LN-505838,CUST-102456,2025-05-17,0,0,False,False,48180.784999999996,Current,DEBT_CONSOLIDATION
LN-505839,CUST-103542,2025-05-17,0,0,False,False,4429.459999999999,Current,DEBT_CONSOLIDATION
LN-505840,CUST-102281,2025-05-17,0,0,False,False,19161.39000000001,Current,DEBT_CONSOLIDATION
LN-505841,CUST-106219,2025-05-17,0,0,False,False,30759.569999999996,Current,DEBT_CONSOLIDATION
LN-505842,CUST-104299,2025-05-17,0,0,False,False,10400.537499999999,Current,DEBT_CONSOLIDATION
LN-505843,CUST-105123,2025-05-17,0,0,False,False,20266.319999999996,Current,DEBT_CONSOLIDATION
LN-505844,CUST-106893,2025-05-17,2,46,False,False,8631.857500000004,30-59,DEBT_CONSOLIDATION
LN-505845,CUST-100606,2025-05-17,1,11,False,False,23027.06,1-29,DEBT_CONSOLIDATION
LN-505846,CUST-100739,2025-05-17,0,0,False,False,6086.249999999998,Current,DEBT_CONSOLIDATION
LN-505847,CUST-100316,2025-05-17,0,0,False,False,82568.71000000004,Current,DEBT_CONSOLIDATION
LN-505848,CUST-103756,2025-05-17,0,0,False,False,19409.0475,Current,DEBT_CONSOLIDATION
LN-505849,CUST-102904,2025-05-17,1,6,False,False,14741.110000000011,1-29,DEBT_CONSOLIDATION
LN-505850,CUST-100600,2025-05-17,0,0,False,False,16020.48250000001,Current,DEBT_CONSOLIDATION
LN-505851,CUST-100525,2025-05-17,0,0,False,False,9344.564999999991,Current,DEBT_CONSOLIDATION
LN-505852,CUST-107585,2025-05-17,0,0,False,False,20075.04,Current,DEBT_CONSOLIDATION
LN-505853,CUST-103096,2025-05-17,0,0,False,False,13204.869999999997,Current,DEBT_CONSOLIDATION
LN-505854,CUST-107415,2025-05-17,0,0,False,False,2827.915000000001,Current,DEBT_CONSOLIDATION
LN-505855,CUST-100105,2025-05-17,0,0,False,False,15828.034999999993,Current,DEBT_CONSOLIDATION
LN-505856,CUST-107894,2025-05-17,0,0,False,False,31361.16,Current,DEBT_CONSOLIDATION
LN-505857,CUST-102925,2025-05-17,0,0,False,False,9963.769999999995,Current,DEBT_CONSOLIDATION
LN-505858,CUST-100185,2025-05-17,0,0,False,False,41522.92500000003,Current,DEBT_CONSOLIDATION
LN-505859,CUST-101038,2025-05-17,1,2,False,False,19613.99499999999,1-29,DEBT_CONSOLIDATION
LN-505860,CUST-100755,2025-05-17,0,0,False,False,34437.59749999999,Current,DEBT_CONSOLIDATION
LN-505861,CUST-104606,2025-05-17,0,0,False,False,20463.800000000007,Current,DEBT_CONSOLIDATION
LN-505862,CUST-102076,2025-05-17,0,0,False,False,10722.380000000001,Current,DEBT_CONSOLIDATION
LN-505863,CUST-104637,2025-05-17,0,0,False,False,19392.90500000001,Current,DEBT_CONSOLIDATION
LN-505864,CUST-104578,2025-05-17,0,0,False,False,5793.71,Current,DEBT_CONSOLIDATION
LN-505865,CUST-105583,2025-05-17,0,0,False,False,12590.100000000002,Current,DEBT_CONSOLIDATION
LN-505866,CUST-107494,2025-05-17,0,0,False,False,66901.08,Current,DEBT_CONSOLIDATION
LN-505867,CUST-101318,2025-05-17,0,0,False,False,17777.620000000006,Current,DEBT_CONSOLIDATION
LN-505868,CUST-102093,2025-05-17,0,0,False,False,27399.30000000001,Current,DEBT_CONSOLIDATION
LN-505869,CUST-107039,2025-05-17,0,0,False,False,115703.82499999998,Current,DEBT_CONSOLIDATION
LN-505870,CUST-105469,2025-05-17,0,0,False,False,350314.96500000014,Current,DEBT_CONSOLIDATION
LN-505871,CUST-100433,2025-05-17,0,0,False,False,43262.70000000001,Current,DEBT_CONSOLIDATION
LN-505872,CUST-106606,2025-05-17,0,0,False,False,10051.987500000008,Current,DEBT_CONSOLIDATION
LN-505873,CUST-103362,2025-05-17,0,0,False,False,7791.96,Current,DEBT_CONSOLIDATION
LN-505874,CUST-103422,2025-05-17,2,45,False,False,6592.512500000003,30-59,DEBT_CONSOLIDATION
LN-505875,CUST-106024,2025-05-17,0,0,False,False,44151.49,Current,DEBT_CONSOLIDATION
LN-505876,CUST-106139,2025-05-17,0,0,False,False,58645.06,Current,DEBT_CONSOLIDATION
LN-505877,CUST-107617,2025-05-17,0,0,False,False,15153.969999999994,Current,DEBT_CONSOLIDATION
LN-505878,CUST-105426,2025-05-17,0,0,False,False,45730.439999999995,Current,DEBT_CONSOLIDATION
LN-505879,CUST-103672,2025-05-17,0,0,False,False,42291.73250000001,Current,DEBT_CONSOLIDATION
LN-505880,CUST-104396,2025-05-17,0,0,False,False,27981.045000000013,Current,DEBT_CONSOLIDATION
LN-505881,CUST-102398,2025-05-17,0,0,False,False,41161.0325,Current,DEBT_CONSOLIDATION
LN-505882,CUST-106912,2025-05-17,0,0,False,False,17071.637499999997,Current,DEBT_CONSOLIDATION
LN-505883,CUST-105051,2025-05-17,0,0,False,False,28695.92,Current,DEBT_CONSOLIDATION
LN-505884,CUST-104893,2025-05-17,2,56,False,False,8823.279999999999,30-59,DEBT_CONSOLIDATION
LN-505885,CUST-107858,2025-05-17,0,0,False,False,21555.089999999997,Current,DEBT_CONSOLIDATION
LN-505886,CUST-101739,2025-05-17,0,0,False,False,1318.6999999999994,Current,DEBT_CONSOLIDATION
LN-505887,CUST-106026,2025-05-17,0,0,False,False,28136.414999999997,Current,DEBT_CONSOLIDATION
LN-505888,CUST-105447,2025-05-17,0,0,False,False,32452.437500000004,Current,DEBT_CONSOLIDATION
LN-505889,CUST-105017,2025-05-17,0,0,False,False,15207.625000000011,Current,DEBT_CONSOLIDATION
LN-505890,CUST-102115,2025-05-17,0,0,False,False,57205.90000000001,Current,DEBT_CONSOLIDATION
LN-505891,CUST-106621,2025-05-17,0,0,False,False,27103.475,Current,DEBT_CONSOLIDATION
LN-505892,CUST-103897,2025-05-17,0,0,False,False,6773.2775,Current,DEBT_CONSOLIDATION
LN-505893,CUST-101998,2025-05-17,0,0,False,False,14405.260000000006,Current,DEBT_CONSOLIDATION
LN-505894,CUST-100022,2025-05-17,0,0,False,False,6554.6425,Current,DEBT_CONSOLIDATION
LN-505895,CUST-103946,2025-05-17,0,0,False,False,19104.100000000002,Current,DEBT_CONSOLIDATION
LN-505896,CUST-106218,2025-05-17,0,0,False,False,2790.7624999999994,Current,DEBT_CONSOLIDATION
LN-505897,CUST-106071,2025-05-17,0,0,False,False,15973.074999999999,Current,DEBT_CONSOLIDATION
LN-505898,CUST-105360,2025-05-17,0,0,False,False,31520.802500000013,Current,DEBT_CONSOLIDATION
LN-505899,CUST-100533,2025-05-17,0,0,False,False,23942.7825,Current,DEBT_CONSOLIDATION
LN-505900,CUST-105431,2025-05-17,0,0,False,False,24994.975000000013,Current,DEBT_CONSOLIDATION
LN-505901,CUST-102542,2025-05-17,0,0,False,False,24228.405000000017,Current,DEBT_CONSOLIDATION
LN-505902,CUST-105869,2025-05-17,0,0,False,False,30338.660000000018,Current,DEBT_CONSOLIDATION
LN-505903,CUST-104238,2025-05-17,0,0,False,False,11383.205,Current,DEBT_CONSOLIDATION
LN-505904,CUST-101004,2025-05-17,0,0,False,False,19220.534999999996,Current,DEBT_CONSOLIDATION
LN-505905,CUST-100518,2025-05-17,0,0,False,False,1134.045000000001,Current,DEBT_CONSOLIDATION
LN-505906,CUST-102504,2025-05-17,0,0,False,False,41854.42,Current,DEBT_CONSOLIDATION
LN-505907,CUST-105098,2025-05-17,0,0,False,False,21277.649999999998,Current,DEBT_CONSOLIDATION
LN-505908,CUST-100746,2025-05-17,0,0,False,False,26543.174999999996,Current,DEBT_CONSOLIDATION
LN-505909,CUST-107510,2025-05-17,0,0,False,False,12434.639999999998,Current,DEBT_CONSOLIDATION
LN-505910,CUST-105178,2025-05-17,0,0,False,False,19526.019999999997,Current,DEBT_CONSOLIDATION
LN-505911,CUST-103087,2025-05-17,0,0,False,False,12023.02499999999,Current,DEBT_CONSOLIDATION
LN-505912,CUST-101682,2025-05-17,0,0,False,False,23992.122500000016,Current,DEBT_CONSOLIDATION
LN-505913,CUST-101800,2025-05-17,2,58,False,False,3187.0475,30-59,DEBT_CONSOLIDATION
LN-505914,CUST-103179,2025-05-17,0,0,False,False,629783.1450000004,Current,DEBT_CONSOLIDATION
LN-505915,CUST-107461,2025-05-17,0,0,False,False,11626.635000000006,Current,DEBT_CONSOLIDATION
LN-505916,CUST-100180,2025-05-17,0,0,False,False,28429.839999999997,Current,DEBT_CONSOLIDATION
LN-505917,CUST-104586,2025-05-17,4,177,False,False,21260.749999999996,90+,DEBT_CONSOLIDATION
LN-505918,CUST-107040,2025-05-17,0,0,False,False,19531.949999999986,Current,DEBT_CONSOLIDATION
LN-505919,CUST-101377,2025-05-17,0,0,False,False,6067.425000000007,Current,DEBT_CONSOLIDATION
LN-505920,CUST-100979,2025-05-17,0,0,False,False,11114.699999999995,Current,DEBT_CONSOLIDATION
LN-505921,CUST-105868,2025-05-17,0,0,False,False,38592.35000000002,Current,DEBT_CONSOLIDATION
LN-505922,CUST-107953,2025-05-17,0,0,False,False,19529.92,Current,DEBT_CONSOLIDATION
LN-505923,CUST-101916,2025-05-17,0,0,False,False,48708.76,Current,DEBT_CONSOLIDATION
LN-505924,CUST-106038,2025-05-17,0,0,False,False,10657.06,Current,DEBT_CONSOLIDATION
LN-505926,CUST-104585,2025-05-17,0,0,False,False,22442.420000000013,Current,DEBT_CONSOLIDATION
LN-505927,CUST-102626,2025-05-17,2,57,False,False,41866.05000000001,30-59,DEBT_CONSOLIDATION
LN-505928,CUST-105137,2025-05-17,0,0,False,False,19531.979999999996,Current,DEBT_CONSOLIDATION
LN-505929,CUST-104959,2025-05-17,0,0,False,False,266097.75,Current,DEBT_CONSOLIDATION
LN-505930,CUST-104747,2025-05-17,0,0,False,False,5071.827500000001,Current,DEBT_CONSOLIDATION
LN-505932,CUST-106303,2025-05-17,0,0,False,False,37716.19999999995,Current,DEBT_CONSOLIDATION
LN-505933,CUST-100779,2025-05-17,0,0,False,False,8260.880000000012,Current,DEBT_CONSOLIDATION
LN-505934,CUST-100161,2025-05-17,0,0,False,False,8971.4975,Current,DEBT_CONSOLIDATION
LN-505935,CUST-105333,2025-05-17,0,0,False,False,8755.24,Current,DEBT_CONSOLIDATION
LN-505936,CUST-105287,2025-05-17,0,0,False,False,35377.325,Current,DEBT_CONSOLIDATION
LN-505937,CUST-105898,2025-05-17,0,0,False,False,2594.692499999999,Current,DEBT_CONSOLIDATION
LN-505938,CUST-104408,2025-05-17,0,0,False,False,23880.89,Current,DEBT_CONSOLIDATION
LN-505939,CUST-102901,2025-05-17,0,0,False,False,40945.4925,Current,DEBT_CONSOLIDATION
LN-505940,CUST-107100,2025-05-17,0,0,False,False,49301.9975,Current,DEBT_CONSOLIDATION
LN-505941,CUST-100431,2025-05-17,0,0,False,False,9190.199999999999,Current,DEBT_CONSOLIDATION
LN-505942,CUST-106775,2025-05-17,0,0,False,False,1978.9649999999983,Current,DEBT_CONSOLIDATION
LN-505943,CUST-102777,2025-05-17,0,0,False,False,11151.784999999998,Current,DEBT_CONSOLIDATION
LN-505944,CUST-104010,2025-05-17,0,0,False,False,4602.79,Current,DEBT_CONSOLIDATION
LN-505945,CUST-102827,2025-05-17,0,0,False,False,2322.340000000003,Current,DEBT_CONSOLIDATION
LN-505946,CUST-105106,2025-05-17,2,45,False,False,19743.864999999998,30-59,DEBT_CONSOLIDATION
LN-505947,CUST-104766,2025-05-17,0,0,False,False,18070.659999999996,Current,DEBT_CONSOLIDATION
LN-505948,CUST-106264,2025-05-17,0,0,False,False,467532.8700000003,Current,DEBT_CONSOLIDATION
LN-505949,CUST-106280,2025-05-17,0,0,False,False,29327.27,Current,DEBT_CONSOLIDATION
LN-505950,CUST-106246,2025-05-17,0,0,False,False,44709.005,Current,DEBT_CONSOLIDATION
LN-505951,CUST-104636,2025-05-17,0,0,False,False,13919.745,Current,DEBT_CONSOLIDATION
LN-505952,CUST-101007,2025-05-17,1,8,False,False,30125.454999999994,1-29,DEBT_CONSOLIDATION
LN-505953,CUST-101613,2025-05-17,0,0,False,False,45987.119999999995,Current,DEBT_CONSOLIDATION
LN-505954,CUST-106949,2025-05-17,1,13,False,False,9825.43,1-29,DEBT_CONSOLIDATION
LN-505955,CUST-103392,2025-05-17,0,0,False,False,31860.555000000004,Current,DEBT_CONSOLIDATION
LN-505956,CUST-103082,2025-05-17,0,0,False,False,551150.2649999999,Current,DEBT_CONSOLIDATION
LN-505957,CUST-103571,2025-05-17,0,0,False,False,23149.924999999992,Current,DEBT_CONSOLIDATION
LN-505959,CUST-107174,2025-05-17,0,0,False,False,21546.355000000003,Current,DEBT_CONSOLIDATION
LN-505960,CUST-107116,2025-05-17,0,0,False,False,8941.21,Current,DEBT_CONSOLIDATION
LN-505961,CUST-101627,2025-05-17,0,0,False,False,13218.319999999998,Current,DEBT_CONSOLIDATION
LN-505962,CUST-103297,2025-05-17,0,0,False,False,18231.415,Current,DEBT_CONSOLIDATION
LN-505963,CUST-106908,2025-05-17,0,0,False,False,24971.56,Current,DEBT_CONSOLIDATION
LN-505965,CUST-102599,2025-05-17,0,0,False,False,37168.97749999998,Current,DEBT_CONSOLIDATION
LN-505966,CUST-100829,2025-05-17,0,0,False,False,13463.139999999996,Current,DEBT_CONSOLIDATION
LN-505967,CUST-104768,2025-05-17,0,0,False,False,32934.985,Current,DEBT_CONSOLIDATION
LN-505968,CUST-107770,2025-05-17,0,0,False,False,38877.68,Current,DEBT_CONSOLIDATION
LN-505969,CUST-107965,2025-05-17,0,0,False,False,47729.1,Current,DEBT_CONSOLIDATION
LN-505970,CUST-107525,2025-05-17,0,0,False,False,36997.17999999997,Current,DEBT_CONSOLIDATION
LN-505971,CUST-107265,2025-05-17,0,0,False,False,5370.290000000002,Current,DEBT_CONSOLIDATION
LN-505972,CUST-107366,2025-05-17,0,0,False,False,887.1799999999998,Current,DEBT_CONSOLIDATION
LN-505973,CUST-106673,2025-05-17,0,0,False,False,13739.1025,Current,DEBT_CONSOLIDATION
LN-505974,CUST-104551,2025-05-17,0,0,False,False,15256.21,Current,DEBT_CONSOLIDATION
LN-505975,CUST-105246,2025-05-17,0,0,False,False,38018.51,Current,DEBT_CONSOLIDATION
LN-505976,CUST-104125,2025-05-17,0,0,False,False,58435.215,Current,DEBT_CONSOLIDATION
LN-505977,CUST-107788,2025-05-17,0,0,False,False,37869.36499999998,Current,DEBT_CONSOLIDATION
LN-505978,CUST-100061,2025-05-17,0,0,False,False,208872.75,Current,DEBT_CONSOLIDATION
LN-505979,CUST-101067,2025-05-17,0,0,False,False,17769.170000000013,Current,DEBT_CONSOLIDATION
LN-505980,CUST-106864,2025-05-17,0,0,False,False,38886.16500000002,Current,DEBT_CONSOLIDATION
LN-505981,CUST-106745,2025-05-17,0,0,False,False,23411.56,Current,DEBT_CONSOLIDATION
LN-505982,CUST-105757,2025-05-17,0,0,False,False,15411.990000000009,Current,DEBT_CONSOLIDATION
LN-505983,CUST-101704,2025-05-17,0,0,False,False,38830.647500000014,Current,DEBT_CONSOLIDATION
LN-505984,CUST-100122,2025-05-17,0,0,False,False,58014.6375,Current,DEBT_CONSOLIDATION
LN-505985,CUST-101884,2025-05-17,0,0,False,False,44377.350000000006,Current,DEBT_CONSOLIDATION
LN-505986,CUST-105000,2025-05-17,0,0,False,False,20070.200000000004,Current,DEBT_CONSOLIDATION
LN-505987,CUST-107464,2025-05-17,0,0,False,False,16284.255,Current,DEBT_CONSOLIDATION
LN-505988,CUST-103322,2025-05-17,0,0,False,False,30207.17500000001,Current,DEBT_CONSOLIDATION
LN-505989,CUST-105087,2025-05-17,4,225,False,False,8927.139999999996,90+,DEBT_CONSOLIDATION
LN-505990,CUST-105458,2025-05-17,0,0,False,False,8157.7125000000015,Current,DEBT_CONSOLIDATION
LN-505991,CUST-102866,2025-05-17,0,0,False,False,10483.739999999994,Current,DEBT_CONSOLIDATION
LN-505992,CUST-106121,2025-05-17,0,0,False,False,90808.47249999999,Current,DEBT_CONSOLIDATION
LN-505993,CUST-106778,2025-05-17,0,0,False,False,35724.54999999999,Current,DEBT_CONSOLIDATION
LN-505994,CUST-104422,2025-05-17,0,0,False,False,10263.080000000009,Current,DEBT_CONSOLIDATION
LN-505995,CUST-105289,2025-05-17,0,0,False,False,7702.060000000003,Current,DEBT_CONSOLIDATION
LN-505996,CUST-107707,2025-05-17,0,0,False,True,13486.429999999997,Current,DEBT_CONSOLIDATION
LN-505997,CUST-103770,2025-05-17,0,0,False,False,30190.265000000007,Current,DEBT_CONSOLIDATION
LN-505998,CUST-100535,2025-05-17,0,0,False,False,18074.832499999993,Current,DEBT_CONSOLIDATION
LN-505999,CUST-102932,2025-05-17,0,0,False,False,2363.2074999999995,Current,DEBT_CONSOLIDATION
LN-506000,CUST-106794,2025-05-17,0,0,False,False,9289.800000000005,Current,DEBT_CONSOLIDATION
LN-506001,CUST-105802,2025-05-17,0,0,False,False,8211.5525,Current,DEBT_CONSOLIDATION
LN-506002,CUST-103238,2025-05-17,0,0,False,False,756.7200000000003,Current,DEBT_CONSOLIDATION
LN-506003,CUST-104025,2025-05-17,0,0,False,False,12633.429999999993,Current,DEBT_CONSOLIDATION
LN-506004,CUST-107855,2025-05-17,0,0,False,False,12111.892500000004,Current,DEBT_CONSOLIDATION
LN-506005,CUST-100476,2025-05-17,0,0,False,False,10713.21000000001,Current,DEBT_CONSOLIDATION
LN-506006,CUST-102032,2025-05-17,0,0,False,False,14334.022500000006,Current,DEBT_CONSOLIDATION
LN-506007,CUST-105291,2025-05-17,0,0,False,False,19187.92,Current,DEBT_CONSOLIDATION
LN-506008,CUST-102000,2025-05-17,0,0,False,False,36264.59,Current,DEBT_CONSOLIDATION
LN-506009,CUST-105438,2025-05-17,0,0,False,False,4169.407499999998,Current,DEBT_CONSOLIDATION
LN-506010,CUST-104684,2025-05-17,0,0,False,False,3744.050000000001,Current,DEBT_CONSOLIDATION
LN-506011,CUST-105608,2025-05-17,0,0,False,False,12727.364999999987,Current,DEBT_CONSOLIDATION
LN-506012,CUST-103835,2025-05-17,0,0,False,False,25548.360000000004,Current,DEBT_CONSOLIDATION
LN-506013,CUST-101842,2025-05-17,0,0,False,False,2176.7850000000008,Current,DEBT_CONSOLIDATION
LN-506014,CUST-101751,2025-05-17,0,0,False,False,12719.3975,Current,DEBT_CONSOLIDATION
LN-506015,CUST-102605,2025-05-17,0,0,False,False,21137.545000000002,Current,DEBT_CONSOLIDATION
LN-506016,CUST-105872,2025-05-17,0,0,False,False,4916.230000000001,Current,DEBT_CONSOLIDATION
LN-506017,CUST-105534,2025-05-17,0,0,False,False,3361.865,Current,DEBT_CONSOLIDATION
LN-506018,CUST-106468,2025-05-17,0,0,False,False,12932.179999999995,Current,DEBT_CONSOLIDATION
LN-506019,CUST-101561,2025-05-17,0,0,False,False,82048.13000000003,Current,DEBT_CONSOLIDATION
LN-506021,CUST-104075,2025-05-17,0,0,False,False,30126.99,Current,DEBT_CONSOLIDATION
LN-506022,CUST-107340,2025-05-17,0,0,False,False,40835.35,Current,DEBT_CONSOLIDATION
LN-506023,CUST-100737,2025-05-17,0,0,False,False,96847.26999999997,Current,DEBT_CONSOLIDATION
LN-506024,CUST-106602,2025-05-17,0,0,False,False,4586.922500000003,Current,DEBT_CONSOLIDATION
LN-506025,CUST-103721,2025-05-17,0,0,False,False,11160.627499999995,Current,DEBT_CONSOLIDATION
LN-506026,CUST-101958,2025-05-17,0,0,False,False,294055.98,Current,DEBT_CONSOLIDATION
LN-506027,CUST-101228,2025-05-17,0,0,False,False,41619.75999999999,Current,DEBT_CONSOLIDATION
LN-506028,CUST-104742,2025-05-17,1,3,False,False,7993.145,1-29,DEBT_CONSOLIDATION
LN-506029,CUST-106145,2025-05-17,0,0,False,False,23815.21,Current,DEBT_CONSOLIDATION
LN-506030,CUST-105843,2025-05-17,0,0,False,False,264083.95000000036,Current,DEBT_CONSOLIDATION
LN-506031,CUST-107540,2025-05-17,0,0,False,False,78597.59749999995,Current,DEBT_CONSOLIDATION
LN-506032,CUST-100306,2025-05-17,0,0,True,False,19926.819999999985,Current,DEBT_CONSOLIDATION
LN-506033,CUST-106802,2025-05-17,0,0,False,False,139978.73499999996,Current,DEBT_CONSOLIDATION
LN-506034,CUST-106988,2025-05-17,1,2,False,False,38195.655000000035,1-29,DEBT_CONSOLIDATION
LN-506035,CUST-107809,2025-05-17,0,0,False,False,34299.74999999999,Current,DEBT_CONSOLIDATION
LN-506036,CUST-100553,2025-05-17,0,0,False,False,7759.150000000003,Current,DEBT_CONSOLIDATION
LN-506037,CUST-107531,2025-05-17,0,0,False,False,24922.605000000025,Current,DEBT_CONSOLIDATION
LN-506038,CUST-100092,2025-05-17,0,0,False,False,23055.007499999996,Current,DEBT_CONSOLIDATION
LN-506039,CUST-102605,2025-05-17,0,0,False,False,52202.8,Current,DEBT_CONSOLIDATION
LN-506040,CUST-101190,2025-05-17,0,0,False,False,11383.980000000001,Current,DEBT_CONSOLIDATION
LN-506041,CUST-102853,2025-05-17,1,5,True,False,48376.92999999997,1-29,DEBT_CONSOLIDATION
LN-506042,CUST-104745,2025-05-17,0,0,False,False,39334.520000000004,Current,DEBT_CONSOLIDATION
LN-506043,CUST-100907,2025-05-17,0,0,False,False,33363.145000000026,Current,DEBT_CONSOLIDATION
LN-506044,CUST-107824,2025-05-17,0,0,False,False,24052.562500000004,Current,DEBT_CONSOLIDATION
LN-506045,CUST-107103,2025-05-17,0,0,False,False,33300.84,Current,DEBT_CONSOLIDATION
LN-506046,CUST-100465,2025-05-17,0,0,False,False,10940.304999999997,Current,DEBT_CONSOLIDATION
LN-506047,CUST-103501,2025-05-17,0,0,False,False,38759.90000000001,Current,DEBT_CONSOLIDATION
LN-506049,CUST-102042,2025-05-17,0,0,False,False,6774.580000000005,Current,DEBT_CONSOLIDATION
LN-506050,CUST-103813,2025-05-17,0,0,False,False,20848.285000000018,Current,DEBT_CONSOLIDATION
LN-506051,CUST-106871,2025-05-17,0,0,False,False,14365.810000000009,Current,DEBT_CONSOLIDATION
LN-506052,CUST-101747,2025-05-17,0,0,False,False,32657.940000000002,Current,DEBT_CONSOLIDATION
LN-506053,CUST-105296,2025-05-17,0,0,False,False,17408.65,Current,DEBT_CONSOLIDATION
LN-506054,CUST-106360,2025-05-17,1,15,False,False,23129.225,1-29,DEBT_CONSOLIDATION
LN-506055,CUST-100990,2025-05-17,0,0,False,False,44241.805,Current,DEBT_CONSOLIDATION
LN-506056,CUST-102897,2025-05-17,0,0,False,False,14670.252500000008,Current,DEBT_CONSOLIDATION
LN-506057,CUST-105360,2025-05-17,0,0,False,False,7675.295000000002,Current,DEBT_CONSOLIDATION
LN-506058,CUST-101496,2025-05-17,0,0,False,False,8870.367499999995,Current,DEBT_CONSOLIDATION
LN-506059,CUST-100410,2025-05-17,0,0,False,False,41514.55499999996,Current,DEBT_CONSOLIDATION
LN-506061,CUST-102109,2025-05-17,0,0,False,False,37382.89999999998,Current,DEBT_CONSOLIDATION
LN-506062,CUST-105186,2025-05-17,0,0,False,False,47734.87,Current,DEBT_CONSOLIDATION
LN-506063,CUST-102610,2025-05-17,0,0,False,False,24625.130000000005,Current,DEBT_CONSOLIDATION
LN-506064,CUST-103016,2025-05-17,0,0,False,False,15662.81999999998,Current,DEBT_CONSOLIDATION
LN-506065,CUST-107347,2025-05-17,0,0,False,False,21702.67000000002,Current,DEBT_CONSOLIDATION
LN-506066,CUST-102567,2025-05-17,0,0,False,False,17801.18250000001,Current,DEBT_CONSOLIDATION
LN-506067,CUST-102472,2025-05-17,0,0,False,False,49592.29,Current,DEBT_CONSOLIDATION
LN-506068,CUST-102536,2025-05-17,2,36,False,True,41077.42,30-59,DEBT_CONSOLIDATION
LN-506069,CUST-100003,2025-05-17,0,0,False,False,41327.52500000004,Current,DEBT_CONSOLIDATION
LN-506071,CUST-105522,2025-05-17,0,0,False,False,18384.524999999998,Current,DEBT_CONSOLIDATION
LN-506072,CUST-100395,2025-05-17,0,0,False,False,7810.010000000004,Current,DEBT_CONSOLIDATION
LN-506073,CUST-104458,2025-05-17,0,0,False,False,10993.119999999999,Current,DEBT_CONSOLIDATION
LN-506074,CUST-106635,2025-05-17,0,0,False,False,7978.4000000000015,Current,DEBT_CONSOLIDATION
LN-506075,CUST-104511,2025-05-17,0,0,False,False,15280.030000000013,Current,DEBT_CONSOLIDATION
LN-506076,CUST-101879,2025-05-17,0,0,False,False,12376.4825,Current,DEBT_CONSOLIDATION
LN-506077,CUST-102372,2025-05-17,0,0,False,False,14297.554999999997,Current,DEBT_CONSOLIDATION
LN-506079,CUST-104012,2025-05-17,0,0,False,False,16190.699999999999,Current,DEBT_CONSOLIDATION
LN-506080,CUST-103307,2025-05-17,0,0,False,False,18932.800000000003,Current,DEBT_CONSOLIDATION
LN-506081,CUST-101238,2025-05-17,2,45,False,False,141126.03000000014,30-59,DEBT_CONSOLIDATION
LN-506082,CUST-104008,2025-05-17,0,0,False,False,16963.295,Current,DEBT_CONSOLIDATION
LN-506083,CUST-107192,2025-05-17,0,0,False,False,132588.03250000003,Current,DEBT_CONSOLIDATION
LN-506084,CUST-107999,2025-05-17,3,74,False,False,11053.752500000004,60-89,DEBT_CONSOLIDATION
LN-506085,CUST-105143,2025-05-17,0,0,False,False,8972.559999999996,Current,DEBT_CONSOLIDATION
LN-506086,CUST-102589,2025-05-17,0,0,False,False,24654.514999999996,Current,DEBT_CONSOLIDATION
LN-506087,CUST-103183,2025-05-17,0,0,False,False,7538.889999999999,Current,DEBT_CONSOLIDATION
LN-506088,CUST-102317,2025-05-17,0,0,False,False,7940.297499999995,Current,DEBT_CONSOLIDATION
LN-506089,CUST-101462,2025-05-17,0,0,False,False,18945.994999999977,Current,DEBT_CONSOLIDATION
LN-506090,CUST-103680,2025-05-17,0,0,False,False,1807.7875,Current,DEBT_CONSOLIDATION
LN-506091,CUST-101194,2025-05-17,0,0,False,False,5861.0899999999965,Current,DEBT_CONSOLIDATION
LN-506092,CUST-106848,2025-05-17,0,0,True,False,15191.209999999995,Current,DEBT_CONSOLIDATION
LN-506093,CUST-106707,2025-05-17,0,0,False,False,35352.74,Current,DEBT_CONSOLIDATION
LN-506094,CUST-103406,2025-05-17,0,0,False,False,6507.32,Current,DEBT_CONSOLIDATION
LN-506095,CUST-106229,2025-05-17,1,9,False,False,4763.919999999998,1-29,DEBT_CONSOLIDATION
LN-506096,CUST-107194,2025-05-17,0,0,False,False,8575.109999999988,Current,DEBT_CONSOLIDATION
LN-506097,CUST-105463,2025-05-17,0,0,False,False,15725.500000000004,Current,DEBT_CONSOLIDATION
LN-506098,CUST-104222,2025-05-17,0,0,False,False,37098.03,Current,DEBT_CONSOLIDATION
LN-506099,CUST-106753,2025-05-17,0,0,False,False,33912.89,Current,DEBT_CONSOLIDATION
LN-506100,CUST-100309,2025-05-17,0,0,False,False,36419.06,Current,DEBT_CONSOLIDATION
LN-506101,CUST-102332,2025-05-17,0,0,False,False,221735.47,Current,DEBT_CONSOLIDATION
LN-506102,CUST-101767,2025-05-17,0,0,False,False,18188.079999999998,Current,DEBT_CONSOLIDATION
LN-506103,CUST-101950,2025-05-17,0,0,False,False,5093.560000000001,Current,DEBT_CONSOLIDATION
LN-506104,CUST-103276,2025-05-17,0,0,False,False,3487.4999999999986,Current,DEBT_CONSOLIDATION
LN-506105,CUST-107534,2025-05-17,0,0,False,False,8821.312500000005,Current,DEBT_CONSOLIDATION
LN-506106,CUST-101651,2025-05-17,0,0,False,False,13659.26000000001,Current,DEBT_CONSOLIDATION
LN-506107,CUST-102629,2025-05-17,0,0,False,False,17167.495,Current,DEBT_CONSOLIDATION
LN-506109,CUST-104361,2025-05-17,0,0,False,False,8152.589999999998,Current,DEBT_CONSOLIDATION
LN-506110,CUST-107584,2025-05-17,0,0,False,False,44692.915,Current,DEBT_CONSOLIDATION
LN-506111,CUST-100956,2025-05-17,0,0,False,False,12016.279999999993,Current,DEBT_CONSOLIDATION
LN-506112,CUST-105962,2025-05-17,0,0,False,False,19757.625,Current,DEBT_CONSOLIDATION
LN-506113,CUST-104869,2025-05-17,0,0,False,False,13530.260000000002,Current,DEBT_CONSOLIDATION
LN-506114,CUST-104840,2025-05-17,0,0,False,False,12263.894999999999,Current,DEBT_CONSOLIDATION
LN-506115,CUST-102122,2025-05-17,0,0,False,False,16174.304999999984,Current,DEBT_CONSOLIDATION
LN-506116,CUST-100706,2025-05-17,0,0,False,False,3114.4149999999986,Current,DEBT_CONSOLIDATION
LN-506117,CUST-107309,2025-05-17,0,0,False,False,3555.9000000000037,Current,DEBT_CONSOLIDATION
LN-506118,CUST-103536,2025-05-17,0,0,False,False,332293.3099999999,Current,DEBT_CONSOLIDATION
LN-506120,CUST-106159,2025-05-17,0,0,False,False,13152.13000000001,Current,DEBT_CONSOLIDATION
LN-506121,CUST-101110,2025-05-17,0,0,True,False,6052.664999999997,Current,DEBT_CONSOLIDATION
LN-506122,CUST-107439,2025-05-17,0,0,False,False,9504.502499999999,Current,DEBT_CONSOLIDATION
LN-506123,CUST-105710,2025-05-17,0,0,False,False,14534.35999999999,Current,DEBT_CONSOLIDATION
LN-506124,CUST-103197,2025-05-17,0,0,False,False,22309.47750000001,Current,DEBT_CONSOLIDATION
LN-506125,CUST-103597,2025-05-17,0,0,False,False,40535.30000000001,Current,DEBT_CONSOLIDATION
LN-506126,CUST-105956,2025-05-17,0,0,False,False,3971.950000000001,Current,DEBT_CONSOLIDATION
LN-506127,CUST-107082,2025-05-17,0,0,False,False,2538.049999999999,Current,DEBT_CONSOLIDATION
LN-506128,CUST-102760,2025-05-17,0,0,False,False,6260.614999999996,Current,DEBT_CONSOLIDATION
LN-506129,CUST-107507,2025-05-17,0,0,False,False,6179.919999999996,Current,DEBT_CONSOLIDATION
LN-506130,CUST-102885,2025-05-17,0,0,False,False,41642.38749999998,Current,DEBT_CONSOLIDATION
LN-506131,CUST-101015,2025-05-17,0,0,False,False,17077.945,Current,DEBT_CONSOLIDATION
LN-506132,CUST-101705,2025-05-17,0,0,False,False,1894.637499999999,Current,DEBT_CONSOLIDATION
LN-506133,CUST-104213,2025-05-17,0,0,False,False,146902.6800000001,Current,DEBT_CONSOLIDATION
LN-506134,CUST-102051,2025-05-17,0,0,False,False,252382.1,Current,DEBT_CONSOLIDATION
LN-506135,CUST-106224,2025-05-17,0,0,False,False,32514.645,Current,DEBT_CONSOLIDATION
LN-506136,CUST-105746,2025-05-17,0,0,False,False,19539.072500000006,Current,DEBT_CONSOLIDATION
LN-506137,CUST-102660,2025-05-17,0,0,False,False,10395.705,Current,DEBT_CONSOLIDATION
LN-506138,CUST-107951,2025-05-17,0,0,False,False,116215.23500000004,Current,DEBT_CONSOLIDATION
LN-506139,CUST-107951,2025-05-17,0,0,False,True,12271.224999999997,Current,DEBT_CONSOLIDATION
LN-506141,CUST-101678,2025-05-17,0,0,False,False,43744.825,Current,DEBT_CONSOLIDATION
LN-506142,CUST-100712,2025-05-17,0,0,False,False,5124.615000000002,Current,DEBT_CONSOLIDATION
LN-506143,CUST-107517,2025-05-17,0,0,False,False,3831.17,Current,DEBT_CONSOLIDATION
LN-506144,CUST-106382,2025-05-17,0,0,False,False,37381.8,Current,DEBT_CONSOLIDATION
LN-506145,CUST-101650,2025-05-17,0,0,False,False,9640.104999999994,Current,DEBT_CONSOLIDATION
LN-506146,CUST-104278,2025-05-17,0,0,False,False,128191.83,Current,DEBT_CONSOLIDATION
LN-506147,CUST-103942,2025-05-17,0,0,False,False,36788.522500000014,Current,DEBT_CONSOLIDATION
LN-506148,CUST-100281,2025-05-17,0,0,False,False,32792.55,Current,DEBT_CONSOLIDATION
LN-506149,CUST-102504,2025-05-17,0,0,False,False,19988.45,Current,DEBT_CONSOLIDATION
LN-506150,CUST-103949,2025-05-17,0,0,False,False,6678.545,Current,DEBT_CONSOLIDATION
LN-506151,CUST-100500,2025-05-17,0,0,False,False,7099.035,Current,DEBT_CONSOLIDATION
LN-506152,CUST-105750,2025-05-17,0,0,False,False,32134.390000000003,Current,DEBT_CONSOLIDATION
LN-506153,CUST-102128,2025-05-17,0,0,False,False,11913.874999999995,Current,DEBT_CONSOLIDATION
LN-506154,CUST-102952,2025-05-17,0,0,False,False,14060.18,Current,DEBT_CONSOLIDATION
LN-506155,CUST-101964,2025-05-17,1,17,False,False,33791.12000000002,1-29,DEBT_CONSOLIDATION
LN-506156,CUST-102900,2025-05-17,0,0,False,False,23880.439999999988,Current,DEBT_CONSOLIDATION
LN-506157,CUST-101934,2025-05-17,0,0,False,False,117670.71749999998,Current,DEBT_CONSOLIDATION
LN-506158,CUST-106952,2025-05-17,0,0,False,False,28133.139999999992,Current,DEBT_CONSOLIDATION
LN-506159,CUST-103057,2025-05-17,0,0,False,False,27845.24,Current,DEBT_CONSOLIDATION
LN-506160,CUST-100217,2025-05-17,0,0,False,False,52961.04499999999,Current,DEBT_CONSOLIDATION
LN-506161,CUST-102154,2025-05-17,0,0,False,False,27509.135000000017,Current,DEBT_CONSOLIDATION
LN-506162,CUST-106261,2025-05-17,0,0,False,False,19483.270000000015,Current,DEBT_CONSOLIDATION
LN-506163,CUST-107407,2025-05-17,0,0,False,False,11297.86,Current,DEBT_CONSOLIDATION
LN-506164,CUST-100769,2025-05-17,0,0,False,False,10218.897499999994,Current,DEBT_CONSOLIDATION
LN-506165,CUST-102746,2025-05-17,0,0,False,False,27368.67999999999,Current,DEBT_CONSOLIDATION
LN-506166,CUST-106657,2025-05-17,0,0,False,False,406089.45999999996,Current,DEBT_CONSOLIDATION
LN-506167,CUST-103300,2025-05-17,0,0,False,False,30070.069999999992,Current,DEBT_CONSOLIDATION
LN-506168,CUST-107114,2025-05-17,0,0,False,False,24316.465,Current,DEBT_CONSOLIDATION
LN-506169,CUST-106215,2025-05-17,0,0,False,False,18498.255,Current,DEBT_CONSOLIDATION
LN-506170,CUST-104818,2025-05-17,0,0,False,False,140482.525,Current,DEBT_CONSOLIDATION
LN-506171,CUST-104495,2025-05-17,0,0,False,False,15697.35999999999,Current,DEBT_CONSOLIDATION
LN-506172,CUST-100813,2025-05-17,0,0,False,False,41671.20000000001,Current,DEBT_CONSOLIDATION
LN-506173,CUST-107831,2025-05-17,0,0,False,False,8046.412500000004,Current,DEBT_CONSOLIDATION
LN-506174,CUST-101715,2025-05-17,0,0,False,False,3888.0099999999984,Current,DEBT_CONSOLIDATION
LN-506175,CUST-101931,2025-05-17,0,0,False,False,21623.910000000003,Current,DEBT_CONSOLIDATION
LN-506176,CUST-103345,2025-05-17,0,0,False,False,8366.489999999998,Current,DEBT_CONSOLIDATION
LN-506177,CUST-106029,2025-05-17,0,0,False,False,101605.0799999999,Current,DEBT_CONSOLIDATION
LN-506178,CUST-102376,2025-05-17,0,0,False,False,3924.830000000001,Current,DEBT_CONSOLIDATION
LN-506179,CUST-100974,2025-05-17,0,0,False,False,31331.565000000002,Current,DEBT_CONSOLIDATION
LN-506181,CUST-101953,2025-05-17,0,0,False,False,10227.814999999997,Current,DEBT_CONSOLIDATION
LN-506182,CUST-105842,2025-05-17,0,0,False,False,2675.695000000001,Current,DEBT_CONSOLIDATION
LN-506184,CUST-106033,2025-05-17,0,0,False,False,16253.877500000011,Current,DEBT_CONSOLIDATION
LN-506185,CUST-101692,2025-05-17,0,0,False,False,17611.68,Current,DEBT_CONSOLIDATION
LN-506186,CUST-107263,2025-05-17,0,0,False,False,2266.46,Current,DEBT_CONSOLIDATION
LN-506187,CUST-103559,2025-05-17,0,0,False,False,17604.670000000006,Current,DEBT_CONSOLIDATION
LN-506188,CUST-101158,2025-05-17,0,0,False,False,34326.22000000004,Current,DEBT_CONSOLIDATION
LN-506189,CUST-101736,2025-05-17,0,0,False,False,4600.990000000005,Current,DEBT_CONSOLIDATION
LN-506190,CUST-101187,2025-05-17,0,0,False,False,12847.42,Current,DEBT_CONSOLIDATION
LN-506191,CUST-106932,2025-05-17,0,0,False,False,140164.08999999997,Current,DEBT_CONSOLIDATION
LN-506192,CUST-103943,2025-05-17,0,0,False,False,12312.194999999996,Current,DEBT_CONSOLIDATION
LN-506193,CUST-105449,2025-05-17,0,0,False,False,19615.167499999996,Current,DEBT_CONSOLIDATION
LN-506194,CUST-103229,2025-05-17,1,10,False,False,10473.975000000004,1-29,DEBT_CONSOLIDATION
LN-506195,CUST-106134,2025-05-17,0,0,False,False,38473.584999999955,Current,DEBT_CONSOLIDATION
LN-506196,CUST-103629,2025-05-17,0,0,False,False,29254.58,Current,DEBT_CONSOLIDATION
LN-506197,CUST-100285,2025-05-17,0,0,False,False,145484.05250000008,Current,DEBT_CONSOLIDATION
LN-506198,CUST-101339,2025-05-17,0,0,False,False,35505.997500000005,Current,DEBT_CONSOLIDATION
LN-506199,CUST-101477,2025-05-17,0,0,False,False,6113.895000000001,Current,DEBT_CONSOLIDATION
LN-506200,CUST-106169,2025-05-17,0,0,False,False,43561.915,Current,DEBT_CONSOLIDATION
LN-506201,CUST-102303,2025-05-17,0,0,False,False,25337.350000000013,Current,DEBT_CONSOLIDATION
LN-506203,CUST-104042,2025-05-17,0,0,False,False,23976.069999999996,Current,DEBT_CONSOLIDATION
LN-506204,CUST-102270,2025-05-17,0,0,False,False,21314.75499999999,Current,DEBT_CONSOLIDATION
LN-506205,CUST-107807,2025-05-17,0,0,False,False,18696.755000000012,Current,DEBT_CONSOLIDATION
LN-506206,CUST-103022,2025-05-17,0,0,False,False,14884.68,Current,DEBT_CONSOLIDATION
LN-506207,CUST-107488,2025-05-17,0,0,False,False,10054.052499999996,Current,DEBT_CONSOLIDATION
LN-506208,CUST-102659,2025-05-17,0,0,False,False,48133.029999999984,Current,DEBT_CONSOLIDATION
LN-506209,CUST-103083,2025-05-17,0,0,False,False,13969.210000000006,Current,DEBT_CONSOLIDATION
LN-506210,CUST-106570,2025-05-17,0,0,False,False,2902.9249999999993,Current,DEBT_CONSOLIDATION
LN-506211,CUST-106011,2025-05-17,0,0,False,False,17715.740000000023,Current,DEBT_CONSOLIDATION
LN-506212,CUST-106237,2025-05-17,4,101,False,False,47726.37500000002,90+,DEBT_CONSOLIDATION
LN-506213,CUST-100454,2025-05-17,0,0,False,False,12044.630000000003,Current,DEBT_CONSOLIDATION
LN-506214,CUST-106636,2025-05-17,0,0,False,False,11222.762499999993,Current,DEBT_CONSOLIDATION
LN-506215,CUST-106886,2025-05-17,0,0,False,False,22802.289999999997,Current,DEBT_CONSOLIDATION
LN-506216,CUST-101970,2025-05-17,0,0,False,False,13171.239999999996,Current,DEBT_CONSOLIDATION
LN-506217,CUST-106354,2025-05-17,0,0,False,False,34586.82500000002,Current,DEBT_CONSOLIDATION
LN-506218,CUST-102540,2025-05-17,0,0,False,False,101165.98500000004,Current,DEBT_CONSOLIDATION
LN-506219,CUST-100413,2025-05-17,0,0,False,False,18889.66,Current,DEBT_CONSOLIDATION
LN-506220,CUST-100063,2025-05-17,4,357,False,False,35783.615,90+,DEBT_CONSOLIDATION
LN-506221,CUST-100713,2025-05-17,0,0,False,False,15437.939999999999,Current,DEBT_CONSOLIDATION
LN-506222,CUST-106630,2025-05-17,0,0,False,False,352178.27,Current,DEBT_CONSOLIDATION
LN-506223,CUST-104850,2025-05-17,0,0,False,False,31595.39000000002,Current,DEBT_CONSOLIDATION
LN-506224,CUST-100263,2025-05-17,0,0,False,False,41746.62999999998,Current,DEBT_CONSOLIDATION
LN-506225,CUST-101712,2025-05-17,0,0,False,False,510.90999999999957,Current,DEBT_CONSOLIDATION
LN-506226,CUST-100863,2025-05-17,0,0,False,False,37397.27999999999,Current,DEBT_CONSOLIDATION
LN-506227,CUST-107744,2025-05-17,0,0,False,False,17971.73,Current,DEBT_CONSOLIDATION
LN-506228,CUST-105905,2025-05-17,2,34,False,False,2912.125000000001,30-59,DEBT_CONSOLIDATION
LN-506231,CUST-104470,2025-05-17,0,0,False,False,5360.030000000005,Current,DEBT_CONSOLIDATION
LN-506232,CUST-103876,2025-05-17,0,0,False,False,6889.3724999999995,Current,DEBT_CONSOLIDATION
LN-506233,CUST-100528,2025-05-17,0,0,False,False,28139.11999999998,Current,DEBT_CONSOLIDATION
LN-506234,CUST-104834,2025-05-17,0,0,False,False,30475.204999999998,Current,DEBT_CONSOLIDATION
LN-506235,CUST-101738,2025-05-17,0,0,False,False,40302.81000000003,Current,DEBT_CONSOLIDATION
LN-506236,CUST-104424,2025-05-17,0,0,False,False,8585.894999999997,Current,DEBT_CONSOLIDATION
LN-506237,CUST-101640,2025-05-17,0,0,False,False,183877.2699999999,Current,DEBT_CONSOLIDATION
LN-506238,CUST-100652,2025-05-17,0,0,False,False,33820.3125,Current,DEBT_CONSOLIDATION
LN-506239,CUST-107045,2025-05-17,0,0,False,False,6984.102499999999,Current,DEBT_CONSOLIDATION
LN-506241,CUST-100393,2025-05-17,0,0,False,False,292910.14749999996,Current,DEBT_CONSOLIDATION
LN-506242,CUST-106455,2025-05-17,0,0,False,False,55572.16999999999,Current,DEBT_CONSOLIDATION
LN-506243,CUST-100103,2025-05-17,4,179,False,False,20850.28,90+,DEBT_CONSOLIDATION
LN-506244,CUST-101892,2025-05-17,0,0,False,False,25816.350000000002,Current,DEBT_CONSOLIDATION
LN-506245,CUST-104599,2025-05-17,0,0,False,False,19895.144999999997,Current,DEBT_CONSOLIDATION
LN-506246,CUST-102674,2025-05-17,0,0,False,False,5364.82,Current,DEBT_CONSOLIDATION
LN-506247,CUST-105884,2025-05-17,0,0,False,False,12099.304999999997,Current,DEBT_CONSOLIDATION
LN-506248,CUST-102119,2025-05-17,0,0,False,False,12231.90499999999,Current,DEBT_CONSOLIDATION
LN-506249,CUST-106147,2025-05-17,0,0,False,False,17096.24,Current,DEBT_CONSOLIDATION
LN-506251,CUST-103575,2025-05-17,0,0,False,False,13662.480000000007,Current,DEBT_CONSOLIDATION
LN-506252,CUST-103568,2025-05-17,0,0,False,False,32347.75999999998,Current,DEBT_CONSOLIDATION
LN-506253,CUST-100391,2025-05-17,0,0,False,False,13038.94750000001,Current,DEBT_CONSOLIDATION
LN-506254,CUST-106194,2025-05-17,0,0,False,False,15586.58,Current,DEBT_CONSOLIDATION
LN-506255,CUST-106015,2025-05-17,0,0,False,False,37707.020000000004,Current,DEBT_CONSOLIDATION
LN-506256,CUST-101297,2025-05-17,0,0,False,False,12849.99499999999,Current,DEBT_CONSOLIDATION
LN-506257,CUST-102164,2025-05-17,0,0,False,False,29428.092500000002,Current,DEBT_CONSOLIDATION
LN-506258,CUST-100595,2025-05-17,0,0,False,False,25108.905,Current,DEBT_CONSOLIDATION
LN-506259,CUST-104878,2025-05-17,0,0,False,False,6410.425000000003,Current,DEBT_CONSOLIDATION
LN-506260,CUST-107440,2025-05-17,0,0,False,False,46741.310000000005,Current,DEBT_CONSOLIDATION
LN-506261,CUST-107374,2025-05-17,0,0,False,False,16322.080000000014,Current,DEBT_CONSOLIDATION
LN-506263,CUST-103047,2025-05-17,0,0,False,False,22900.9,Current,DEBT_CONSOLIDATION
LN-506264,CUST-100677,2025-05-17,0,0,False,False,20626.464999999997,Current,DEBT_CONSOLIDATION
LN-506265,CUST-105645,2025-05-17,0,0,False,False,29904.9425,Current,DEBT_CONSOLIDATION
LN-506266,CUST-106578,2025-05-17,0,0,False,False,35132.43999999997,Current,DEBT_CONSOLIDATION
LN-506267,CUST-100768,2025-05-17,0,0,False,False,12088.422499999999,Current,DEBT_CONSOLIDATION
LN-506268,CUST-105783,2025-05-17,0,0,False,False,337468.02,Current,DEBT_CONSOLIDATION
LN-506269,CUST-107660,2025-05-17,0,0,False,False,84115.73000000001,Current,DEBT_CONSOLIDATION
LN-506270,CUST-106904,2025-05-17,0,0,False,False,29113.8175,Current,DEBT_CONSOLIDATION
LN-506271,CUST-104751,2025-05-17,1,3,False,False,12833.752499999995,1-29,DEBT_CONSOLIDATION
LN-506272,CUST-106967,2025-05-17,0,0,False,False,26230.189999999995,Current,DEBT_CONSOLIDATION
LN-506273,CUST-101968,2025-05-17,0,0,False,False,36347.2475,Current,DEBT_CONSOLIDATION
LN-506274,CUST-104194,2025-05-17,0,0,False,False,206262.02000000008,Current,DEBT_CONSOLIDATION
LN-506275,CUST-107998,2025-05-17,0,0,False,False,10769.057500000014,Current,DEBT_CONSOLIDATION
LN-506276,CUST-106722,2025-05-17,0,0,False,False,15699.674999999996,Current,DEBT_CONSOLIDATION
LN-506278,CUST-101576,2025-05-17,0,0,False,False,40675.27,Current,DEBT_CONSOLIDATION
LN-506279,CUST-104353,2025-05-17,3,62,False,False,87181.38,60-89,DEBT_CONSOLIDATION
LN-506280,CUST-104036,2025-05-17,0,0,False,False,7048.610000000001,Current,DEBT_CONSOLIDATION
LN-506281,CUST-100781,2025-05-17,0,0,False,False,16211.615000000003,Current,DEBT_CONSOLIDATION
LN-506282,CUST-101382,2025-05-17,0,0,False,False,11086.630000000001,Current,DEBT_CONSOLIDATION
LN-506284,CUST-107457,2025-05-17,0,0,False,False,23099.307499999995,Current,DEBT_CONSOLIDATION
LN-506285,CUST-104077,2025-05-17,0,0,False,False,14879.690000000008,Current,DEBT_CONSOLIDATION
LN-506286,CUST-103308,2025-05-17,0,0,False,False,24315.885,Current,DEBT_CONSOLIDATION
LN-506287,CUST-100248,2025-05-17,0,0,False,False,14831.17,Current,DEBT_CONSOLIDATION
LN-506288,CUST-102744,2025-05-17,0,0,False,False,10392.12,Current,DEBT_CONSOLIDATION
LN-506289,CUST-101390,2025-05-17,0,0,False,False,26610.05,Current,DEBT_CONSOLIDATION
LN-506290,CUST-106472,2025-05-17,0,0,False,False,100885.605,Current,DEBT_CONSOLIDATION
LN-506291,CUST-102470,2025-05-17,0,0,False,False,1856.7650000000012,Current,DEBT_CONSOLIDATION
LN-506292,CUST-101466,2025-05-17,0,0,False,False,11164.957500000002,Current,DEBT_CONSOLIDATION
LN-506293,CUST-106625,2025-05-17,0,0,False,False,33848.225,Current,DEBT_CONSOLIDATION
LN-506294,CUST-106821,2025-05-17,0,0,False,False,24033.28750000001,Current,DEBT_CONSOLIDATION
LN-506295,CUST-107397,2025-05-17,0,0,False,False,8081.847499999998,Current,DEBT_CONSOLIDATION
LN-506296,CUST-103778,2025-05-17,0,0,False,False,12632.835000000005,Current,DEBT_CONSOLIDATION
LN-506297,CUST-106345,2025-05-17,0,0,False,False,92993.44999999998,Current,DEBT_CONSOLIDATION
LN-506298,CUST-103557,2025-05-17,0,0,False,False,440825.8500000004,Current,DEBT_CONSOLIDATION
LN-506299,CUST-107221,2025-05-17,0,0,False,False,29682.86,Current,DEBT_CONSOLIDATION
LN-506300,CUST-104319,2025-05-17,0,0,False,False,14675.6,Current,DEBT_CONSOLIDATION
LN-506301,CUST-106476,2025-05-17,0,0,False,False,3315.4900000000002,Current,DEBT_CONSOLIDATION
LN-506302,CUST-103442,2025-05-17,0,0,False,False,6914.765000000005,Current,DEBT_CONSOLIDATION
LN-506303,CUST-107211,2025-05-17,0,0,False,False,30175.097500000003,Current,DEBT_CONSOLIDATION
LN-506304,CUST-101695,2025-05-17,0,0,False,False,16924.88999999999,Current,DEBT_CONSOLIDATION
LN-506305,CUST-102545,2025-05-17,0,0,False,False,15768.595000000001,Current,DEBT_CONSOLIDATION
LN-506306,CUST-103523,2025-05-17,0,0,False,False,7867.5749999999925,Current,DEBT_CONSOLIDATION
LN-506307,CUST-105743,2025-05-17,0,0,False,False,23516.439999999988,Current,DEBT_CONSOLIDATION
LN-506308,CUST-100123,2025-05-17,0,0,False,False,21415.507499999996,Current,DEBT_CONSOLIDATION
LN-506309,CUST-103247,2025-05-17,2,55,False,False,9921.6475,30-59,DEBT_CONSOLIDATION
LN-506310,CUST-105623,2025-05-17,0,0,False,False,4416.767500000001,Current,DEBT_CONSOLIDATION
LN-506311,CUST-103801,2025-05-17,0,0,False,False,24694.275000000005,Current,DEBT_CONSOLIDATION
LN-506312,CUST-104833,2025-05-17,0,0,False,False,20032.569999999996,Current,DEBT_CONSOLIDATION
LN-506313,CUST-105172,2025-05-17,0,0,False,False,529851.4799999997,Current,DEBT_CONSOLIDATION
LN-506314,CUST-104993,2025-05-17,0,0,False,False,21709.1625,Current,DEBT_CONSOLIDATION
LN-506315,CUST-106578,2025-05-17,0,0,False,False,20801.54,Current,DEBT_CONSOLIDATION
LN-506316,CUST-107450,2025-05-17,0,0,False,False,10399.2,Current,DEBT_CONSOLIDATION
LN-506317,CUST-106461,2025-05-17,0,0,False,False,2371.3600000000006,Current,DEBT_CONSOLIDATION
LN-506318,CUST-102581,2025-05-17,0,0,False,False,15663.634999999998,Current,DEBT_CONSOLIDATION
LN-506320,CUST-101473,2025-05-17,0,0,False,False,23142.43,Current,DEBT_CONSOLIDATION
LN-506321,CUST-106391,2025-05-17,0,0,False,False,29284.04,Current,DEBT_CONSOLIDATION
LN-506322,CUST-106268,2025-05-17,0,0,False,False,20291.385000000002,Current,DEBT_CONSOLIDATION
LN-506323,CUST-107968,2025-05-17,0,0,False,False,8997.169999999993,Current,DEBT_CONSOLIDATION
LN-506324,CUST-104203,2025-05-17,0,0,False,False,38221.54999999999,Current,DEBT_CONSOLIDATION
LN-506325,CUST-102801,2025-05-17,0,0,False,False,23607.459999999992,Current,DEBT_CONSOLIDATION
LN-506326,CUST-106359,2025-05-17,0,0,False,False,5785.279999999999,Current,DEBT_CONSOLIDATION
LN-506327,CUST-102276,2025-05-17,0,0,False,False,44921.68999999998,Current,DEBT_CONSOLIDATION
LN-506328,CUST-107396,2025-05-17,0,0,False,False,45596.80000000001,Current,DEBT_CONSOLIDATION
LN-506329,CUST-105602,2025-05-17,0,0,False,False,752.5975000000002,Current,DEBT_CONSOLIDATION
LN-506330,CUST-102577,2025-05-17,0,0,False,False,25489.3,Current,DEBT_CONSOLIDATION
LN-506331,CUST-103486,2025-05-17,0,0,False,False,2164.8500000000013,Current,DEBT_CONSOLIDATION
LN-506332,CUST-104758,2025-05-17,0,0,False,False,32796.22,Current,DEBT_CONSOLIDATION
LN-506333,CUST-100309,2025-05-17,0,0,False,False,33798.66,Current,DEBT_CONSOLIDATION
LN-506334,CUST-101752,2025-05-17,0,0,False,False,1857.9475000000002,Current,DEBT_CONSOLIDATION
LN-506335,CUST-107014,2025-05-17,0,0,False,False,11672.28,Current,DEBT_CONSOLIDATION
LN-506336,CUST-107391,2025-05-17,0,0,False,False,18735.479999999992,Current,DEBT_CONSOLIDATION
LN-506337,CUST-101022,2025-05-17,0,0,False,False,29426.634999999995,Current,DEBT_CONSOLIDATION
LN-506338,CUST-106359,2025-05-17,0,0,False,False,37644.92999999998,Current,DEBT_CONSOLIDATION
LN-506339,CUST-107380,2025-05-17,0,0,False,False,1857.9350000000002,Current,DEBT_CONSOLIDATION
LN-506340,CUST-103318,2025-05-17,0,0,False,False,37867.32,Current,DEBT_CONSOLIDATION
LN-506342,CUST-105736,2025-05-17,0,0,False,False,110397.59999999999,Current,DEBT_CONSOLIDATION
LN-506343,CUST-103301,2025-05-17,0,0,False,False,5341.469999999998,Current,DEBT_CONSOLIDATION
LN-506344,CUST-105982,2025-05-17,0,0,False,False,24334.54,Current,DEBT_CONSOLIDATION
LN-506345,CUST-104720,2025-05-17,0,0,False,False,45548.215000000004,Current,DEBT_CONSOLIDATION
LN-506346,CUST-107663,2025-05-17,0,0,False,False,37745.17,Current,DEBT_CONSOLIDATION
LN-506347,CUST-104732,2025-05-17,0,0,False,False,18911.515,Current,DEBT_CONSOLIDATION
LN-506348,CUST-105554,2025-05-17,2,37,False,False,47692.18,30-59,DEBT_CONSOLIDATION
LN-506349,CUST-101513,2025-05-17,0,0,False,False,7990.337499999993,Current,DEBT_CONSOLIDATION
LN-506350,CUST-107630,2025-05-17,0,0,False,False,59517.13750000001,Current,DEBT_CONSOLIDATION
LN-506351,CUST-100194,2025-05-17,0,0,False,False,18708.38,Current,DEBT_CONSOLIDATION
LN-506352,CUST-103991,2025-05-17,0,0,False,False,40428.93499999998,Current,DEBT_CONSOLIDATION
LN-506353,CUST-106548,2025-05-17,0,0,False,False,12371.76000000001,Current,DEBT_CONSOLIDATION
LN-506354,CUST-102120,2025-05-17,0,0,False,False,598054.8899999998,Current,DEBT_CONSOLIDATION
LN-506357,CUST-105742,2025-05-17,1,7,False,False,23008.78,1-29,DEBT_CONSOLIDATION
LN-506358,CUST-103268,2025-05-17,0,0,False,False,13807.11,Current,DEBT_CONSOLIDATION
LN-506360,CUST-100124,2025-05-17,0,0,False,False,18925.150000000012,Current,DEBT_CONSOLIDATION
LN-506361,CUST-103759,2025-05-17,0,0,False,False,29296.267500000013,Current,DEBT_CONSOLIDATION
LN-506364,CUST-104807,2025-05-17,0,0,False,False,2953.37,Current,DEBT_CONSOLIDATION
LN-506365,CUST-104406,2025-05-17,0,0,False,False,33324.50000000001,Current,DEBT_CONSOLIDATION
LN-506366,CUST-103894,2025-05-17,0,0,False,False,6735.784999999998,Current,DEBT_CONSOLIDATION
LN-506367,CUST-106634,2025-05-17,0,0,False,False,46910.99749999998,Current,DEBT_CONSOLIDATION
LN-506368,CUST-105233,2025-05-17,0,0,False,False,21230.375000000022,Current,DEBT_CONSOLIDATION
LN-506369,CUST-103772,2025-05-17,1,28,False,False,5386.285000000001,1-29,DEBT_CONSOLIDATION
LN-506370,CUST-107955,2025-05-17,0,0,False,False,25390.194999999996,Current,DEBT_CONSOLIDATION
LN-506372,CUST-101824,2025-05-17,0,0,False,False,33410.58000000002,Current,DEBT_CONSOLIDATION
LN-506373,CUST-101724,2025-05-17,2,37,False,False,16464.34999999998,30-59,DEBT_CONSOLIDATION
LN-506375,CUST-101694,2025-05-17,0,0,False,False,14402.669999999998,Current,DEBT_CONSOLIDATION
LN-506376,CUST-102670,2025-05-17,0,0,False,False,197468.20249999998,Current,DEBT_CONSOLIDATION
LN-506377,CUST-103940,2025-05-17,0,0,False,False,18104.50999999999,Current,DEBT_CONSOLIDATION
LN-506378,CUST-100780,2025-05-17,0,0,False,False,19256.295,Current,DEBT_CONSOLIDATION
LN-506379,CUST-101018,2025-05-17,0,0,False,False,8016.555000000001,Current,DEBT_CONSOLIDATION
LN-506380,CUST-107906,2025-05-17,0,0,False,False,13771.4,Current,DEBT_CONSOLIDATION
LN-506381,CUST-103352,2025-05-17,0,0,False,False,13061.27749999999,Current,DEBT_CONSOLIDATION
LN-506382,CUST-101706,2025-05-17,0,0,False,False,19213.65999999999,Current,DEBT_CONSOLIDATION
LN-506383,CUST-106293,2025-05-17,0,0,False,False,51219.14499999999,Current,DEBT_CONSOLIDATION
LN-506384,CUST-107106,2025-05-17,0,0,False,False,13266.362500000008,Current,DEBT_CONSOLIDATION
LN-506385,CUST-103362,2025-05-17,4,112,False,False,32931.61000000001,90+,DEBT_CONSOLIDATION
LN-506386,CUST-104953,2025-05-17,0,0,False,False,21293.63500000001,Current,DEBT_CONSOLIDATION
LN-506387,CUST-107902,2025-05-17,0,0,False,False,4775.625,Current,DEBT_CONSOLIDATION
LN-506388,CUST-103943,2025-05-17,0,0,False,False,386900.7025,Current,DEBT_CONSOLIDATION
LN-506389,CUST-101578,2025-05-17,0,0,False,False,127373.38,Current,DEBT_CONSOLIDATION
LN-506390,CUST-100971,2025-05-17,0,0,False,False,21444.769999999986,Current,DEBT_CONSOLIDATION
LN-506391,CUST-103052,2025-05-17,0,0,False,False,54080.9125,Current,DEBT_CONSOLIDATION
LN-506392,CUST-105347,2025-05-17,0,0,False,False,20752.515,Current,DEBT_CONSOLIDATION
LN-506393,CUST-100238,2025-05-17,0,0,False,False,49033.354999999996,Current,DEBT_CONSOLIDATION
LN-506394,CUST-106576,2025-05-17,0,0,False,False,14719.860000000011,Current,DEBT_CONSOLIDATION
LN-506395,CUST-100846,2025-05-17,0,0,False,False,16415.06,Current,DEBT_CONSOLIDATION
LN-506396,CUST-106003,2025-05-17,0,0,False,False,11179.575,Current,DEBT_CONSOLIDATION
LN-506397,CUST-102147,2025-05-17,0,0,False,False,319201.7800000002,Current,DEBT_CONSOLIDATION
LN-506398,CUST-103199,2025-05-17,0,0,False,False,11155.734999999995,Current,DEBT_CONSOLIDATION
LN-506399,CUST-104335,2025-05-17,0,0,False,False,52703.7325,Current,DEBT_CONSOLIDATION
LN-506400,CUST-102738,2025-05-17,0,0,False,False,22447.637499999986,Current,DEBT_CONSOLIDATION
LN-506401,CUST-106293,2025-05-17,0,0,False,False,26545.030000000002,Current,DEBT_CONSOLIDATION
LN-506402,CUST-102765,2025-05-17,0,0,False,False,17763.05999999998,Current,DEBT_CONSOLIDATION
LN-506403,CUST-103656,2025-05-17,0,0,False,False,11108.549999999997,Current,DEBT_CONSOLIDATION
LN-506404,CUST-102349,2025-05-17,0,0,False,False,522.265,Current,DEBT_CONSOLIDATION
LN-506405,CUST-104764,2025-05-17,0,0,False,False,579.1175,Current,DEBT_CONSOLIDATION
LN-506406,CUST-103192,2025-05-17,0,0,False,False,24485.49,Current,DEBT_CONSOLIDATION
LN-506407,CUST-106847,2025-05-17,0,0,False,False,2880.0175000000027,Current,DEBT_CONSOLIDATION
LN-506408,CUST-100946,2025-05-17,0,0,False,False,23280.94,Current,DEBT_CONSOLIDATION
LN-506409,CUST-103687,2025-05-17,1,30,False,False,13149.45,1-29,DEBT_CONSOLIDATION
LN-506411,CUST-107783,2025-05-17,0,0,False,False,22171.755000000005,Current,DEBT_CONSOLIDATION
LN-506412,CUST-104370,2025-05-17,0,0,False,False,4341.420000000003,Current,DEBT_CONSOLIDATION
LN-506413,CUST-101375,2025-05-17,0,0,False,False,3169.6775000000007,Current,DEBT_CONSOLIDATION
LN-506415,CUST-104111,2025-05-17,0,0,False,False,20086.99,Current,DEBT_CONSOLIDATION
LN-506416,CUST-102619,2025-05-17,0,0,False,False,39483.68999999997,Current,DEBT_CONSOLIDATION
LN-506417,CUST-107467,2025-05-17,0,0,False,False,15563.3175,Current,DEBT_CONSOLIDATION
LN-506418,CUST-102476,2025-05-17,0,0,False,False,6777.939999999995,Current,DEBT_CONSOLIDATION
LN-506419,CUST-100306,2025-05-17,0,0,False,False,16282.687500000005,Current,DEBT_CONSOLIDATION
LN-506420,CUST-106845,2025-05-17,0,0,False,False,3746.8725,Current,DEBT_CONSOLIDATION
LN-506421,CUST-104379,2025-05-17,0,0,False,False,20661.179999999993,Current,DEBT_CONSOLIDATION
LN-506422,CUST-107884,2025-05-17,0,0,False,False,35657.89999999999,Current,DEBT_CONSOLIDATION
LN-506423,CUST-106312,2025-05-17,0,0,False,False,21573.164999999994,Current,DEBT_CONSOLIDATION
LN-506424,CUST-107566,2025-05-17,0,0,False,False,11975.4,Current,DEBT_CONSOLIDATION
LN-506425,CUST-103665,2025-05-17,0,0,False,False,235914.15,Current,DEBT_CONSOLIDATION
LN-506426,CUST-101610,2025-05-17,0,0,False,False,29114.65499999999,Current,DEBT_CONSOLIDATION
LN-506427,CUST-105209,2025-05-17,0,0,False,False,6915.290000000008,Current,DEBT_CONSOLIDATION
LN-506428,CUST-106310,2025-05-17,0,0,False,False,34702.14500000005,Current,DEBT_CONSOLIDATION
LN-506429,CUST-101672,2025-05-17,0,0,False,False,21605.889999999992,Current,DEBT_CONSOLIDATION
LN-506430,CUST-106869,2025-05-17,0,0,False,False,8529.827500000003,Current,DEBT_CONSOLIDATION
LN-506431,CUST-102238,2025-05-17,0,0,False,False,16327.990000000005,Current,DEBT_CONSOLIDATION
LN-506432,CUST-103306,2025-05-17,0,0,False,False,1576.315,Current,DEBT_CONSOLIDATION
LN-506433,CUST-101886,2025-05-17,0,0,False,False,12483.929999999997,Current,DEBT_CONSOLIDATION
LN-506434,CUST-104460,2025-05-17,0,0,False,False,5633.6474999999955,Current,DEBT_CONSOLIDATION
LN-506435,CUST-102682,2025-05-17,0,0,False,False,47821.47499999998,Current,DEBT_CONSOLIDATION
LN-506436,CUST-100018,2025-05-17,1,9,False,False,8531.422499999997,1-29,DEBT_CONSOLIDATION
LN-506437,CUST-104942,2025-05-17,0,0,False,False,27051.6725,Current,DEBT_CONSOLIDATION
LN-506438,CUST-101296,2025-05-17,0,0,False,False,4694.125,Current,DEBT_CONSOLIDATION
LN-506439,CUST-102764,2025-05-17,0,0,False,False,3814.1049999999996,Current,DEBT_CONSOLIDATION
LN-506440,CUST-100825,2025-05-17,0,0,False,False,13460.655,Current,DEBT_CONSOLIDATION
LN-506441,CUST-107544,2025-05-17,0,0,False,False,228721.11499999982,Current,DEBT_CONSOLIDATION
LN-506443,CUST-101028,2025-05-17,0,0,False,False,38048.86999999997,Current,DEBT_CONSOLIDATION
LN-506444,CUST-105635,2025-05-17,0,0,False,False,14965.159999999996,Current,DEBT_CONSOLIDATION
LN-506445,CUST-101788,2025-05-17,0,0,False,False,12842.700000000008,Current,DEBT_CONSOLIDATION
LN-506446,CUST-104449,2025-05-17,0,0,False,False,4734.590000000006,Current,DEBT_CONSOLIDATION
LN-506447,CUST-104621,2025-05-17,0,0,False,False,23364.690000000002,Current,DEBT_CONSOLIDATION
LN-506448,CUST-103387,2025-05-17,1,7,False,False,38947.875,1-29,DEBT_CONSOLIDATION
LN-506449,CUST-106250,2025-05-17,0,0,False,False,133273.0899999999,Current,DEBT_CONSOLIDATION
LN-506450,CUST-100681,2025-05-17,0,0,False,False,14248.062500000004,Current,DEBT_CONSOLIDATION
LN-506451,CUST-103344,2025-05-17,0,0,True,False,23506.54999999999,Current,DEBT_CONSOLIDATION
LN-506452,CUST-104207,2025-05-17,0,0,False,False,16926.485,Current,DEBT_CONSOLIDATION
LN-506453,CUST-102822,2025-05-17,0,0,False,False,11022.99,Current,DEBT_CONSOLIDATION
LN-506454,CUST-100278,2025-05-17,0,0,False,False,45084.255000000005,Current,DEBT_CONSOLIDATION
LN-506455,CUST-101589,2025-05-17,0,0,False,False,8272.662500000011,Current,DEBT_CONSOLIDATION
LN-506456,CUST-103213,2025-05-17,0,0,False,False,36506.295000000006,Current,DEBT_CONSOLIDATION
LN-506457,CUST-102375,2025-05-17,0,0,False,False,21054.52500000001,Current,DEBT_CONSOLIDATION
LN-506458,CUST-105012,2025-05-17,0,0,False,False,13345.11,Current,DEBT_CONSOLIDATION
LN-506459,CUST-100044,2025-05-17,0,0,False,False,143253.76249999998,Current,DEBT_CONSOLIDATION
LN-506460,CUST-100465,2025-05-17,0,0,False,False,16783.69,Current,DEBT_CONSOLIDATION
LN-506461,CUST-101074,2025-05-17,0,0,True,False,25095.23000000001,Current,DEBT_CONSOLIDATION
LN-506463,CUST-103863,2025-05-17,2,41,False,False,1967.1999999999998,30-59,DEBT_CONSOLIDATION
LN-506464,CUST-106616,2025-05-17,0,0,False,False,19381.53000000001,Current,DEBT_CONSOLIDATION
LN-506465,CUST-102383,2025-05-17,0,0,False,False,12797.344999999998,Current,DEBT_CONSOLIDATION
LN-506466,CUST-100931,2025-05-17,0,0,False,False,8408.974999999997,Current,DEBT_CONSOLIDATION
LN-506467,CUST-107955,2025-05-17,0,0,False,False,7749.450000000004,Current,DEBT_CONSOLIDATION
LN-506468,CUST-102194,2025-05-17,0,0,False,False,22415.94749999999,Current,DEBT_CONSOLIDATION
LN-506469,CUST-106389,2025-05-17,0,0,False,False,641350.1299999999,Current,DEBT_CONSOLIDATION
LN-506470,CUST-104502,2025-05-17,0,0,False,False,31321.329999999998,Current,DEBT_CONSOLIDATION
LN-506471,CUST-107813,2025-05-17,0,0,False,False,29615.129999999997,Current,DEBT_CONSOLIDATION
LN-506472,CUST-105013,2025-05-17,0,0,False,False,18106.675,Current,DEBT_CONSOLIDATION
LN-506473,CUST-105444,2025-05-17,0,0,False,False,32615.372499999958,Current,DEBT_CONSOLIDATION
LN-506474,CUST-105886,2025-05-17,0,0,False,False,43800.76249999997,Current,DEBT_CONSOLIDATION
LN-506475,CUST-105204,2025-05-17,0,0,False,False,12438.949999999999,Current,DEBT_CONSOLIDATION
LN-506476,CUST-106750,2025-05-17,0,0,False,False,10662.894999999999,Current,DEBT_CONSOLIDATION
LN-506477,CUST-105212,2025-05-17,0,0,False,False,274789.2849999999,Current,DEBT_CONSOLIDATION
LN-506478,CUST-101481,2025-05-17,0,0,False,False,43172.8575,Current,DEBT_CONSOLIDATION
LN-506480,CUST-107478,2025-05-17,0,0,False,False,9529.477499999995,Current,DEBT_CONSOLIDATION
LN-506481,CUST-106253,2025-05-17,0,0,False,False,41032.78,Current,DEBT_CONSOLIDATION
LN-506483,CUST-101298,2025-05-17,0,0,False,False,21256.457499999993,Current,DEBT_CONSOLIDATION
LN-506484,CUST-106343,2025-05-17,0,0,False,False,4537.392499999998,Current,DEBT_CONSOLIDATION
LN-506485,CUST-103806,2025-05-17,0,0,False,False,35482.57000000001,Current,DEBT_CONSOLIDATION
LN-506486,CUST-104644,2025-05-17,0,0,False,False,91593.98250000006,Current,DEBT_CONSOLIDATION
LN-506487,CUST-102116,2025-05-17,0,0,False,False,14481.490000000002,Current,DEBT_CONSOLIDATION
LN-506488,CUST-101584,2025-05-17,0,0,False,False,119280.59499999996,Current,DEBT_CONSOLIDATION
LN-506489,CUST-104008,2025-05-17,0,0,False,False,13765.489999999998,Current,DEBT_CONSOLIDATION
LN-506490,CUST-104134,2025-05-17,0,0,False,False,46769.98,Current,DEBT_CONSOLIDATION
LN-506491,CUST-107008,2025-05-17,0,0,False,False,14461.6725,Current,DEBT_CONSOLIDATION
LN-506492,CUST-102368,2025-05-17,0,0,False,False,1269.389999999999,Current,DEBT_CONSOLIDATION
LN-506493,CUST-102433,2025-05-17,1,25,False,False,33290.112499999996,1-29,DEBT_CONSOLIDATION
LN-506494,CUST-100925,2025-05-17,0,0,False,False,28250.09000000002,Current,DEBT_CONSOLIDATION
LN-506495,CUST-101987,2025-05-17,0,0,False,False,113398.04999999993,Current,DEBT_CONSOLIDATION
LN-506496,CUST-107814,2025-05-17,0,0,False,False,10512.560000000003,Current,DEBT_CONSOLIDATION
LN-506497,CUST-101104,2025-05-17,0,0,False,False,22428.70750000002,Current,DEBT_CONSOLIDATION
LN-506498,CUST-102603,2025-05-17,0,0,False,False,17126.137500000004,Current,DEBT_CONSOLIDATION
LN-506499,CUST-105873,2025-05-17,0,0,False,False,890.9300000000001,Current,DEBT_CONSOLIDATION
LN-506500,CUST-103037,2025-05-17,0,0,False,False,26923.059999999994,Current,DEBT_CONSOLIDATION
LN-506501,CUST-100054,2025-05-17,0,0,False,False,42452.79,Current,DEBT_CONSOLIDATION
LN-506502,CUST-100645,2025-05-17,0,0,False,False,20796.470000000016,Current,DEBT_CONSOLIDATION
LN-506503,CUST-100382,2025-05-17,0,0,False,False,877.7099999999999,Current,DEBT_CONSOLIDATION
LN-506504,CUST-104402,2025-05-17,0,0,False,False,14768.174999999996,Current,DEBT_CONSOLIDATION
LN-506505,CUST-100872,2025-05-17,1,16,False,False,23635.48749999999,1-29,DEBT_CONSOLIDATION
LN-506506,CUST-100764,2025-05-17,0,0,False,False,25355.030000000013,Current,DEBT_CONSOLIDATION
LN-506507,CUST-105613,2025-05-17,0,0,False,False,4469.149999999996,Current,DEBT_CONSOLIDATION
LN-506508,CUST-105863,2025-05-17,4,115,False,False,2435.2299999999996,90+,DEBT_CONSOLIDATION
LN-506510,CUST-104029,2025-05-17,0,0,False,False,16112.989999999994,Current,DEBT_CONSOLIDATION
LN-506511,CUST-104253,2025-05-17,0,0,False,False,2427.769999999999,Current,DEBT_CONSOLIDATION
LN-506512,CUST-100330,2025-05-17,0,0,False,False,17729.809999999994,Current,DEBT_CONSOLIDATION
LN-506514,CUST-100296,2025-05-17,0,0,False,False,28442.859999999993,Current,DEBT_CONSOLIDATION
LN-506515,CUST-101337,2025-05-17,0,0,False,False,40503.62000000001,Current,DEBT_CONSOLIDATION
LN-506516,CUST-100946,2025-05-17,0,0,False,False,21768.32999999999,Current,DEBT_CONSOLIDATION
LN-506517,CUST-105146,2025-05-17,0,0,False,False,14247.147499999995,Current,DEBT_CONSOLIDATION
LN-506518,CUST-100816,2025-05-17,0,0,False,False,44344.690000000024,Current,DEBT_CONSOLIDATION
LN-506519,CUST-101766,2025-05-17,0,0,False,False,23323.985,Current,DEBT_CONSOLIDATION
LN-506520,CUST-107075,2025-05-17,0,0,False,False,14253.967500000006,Current,DEBT_CONSOLIDATION
LN-506521,CUST-101510,2025-05-17,0,0,False,False,107278.07499999997,Current,DEBT_CONSOLIDATION
LN-506522,CUST-103656,2025-05-17,0,0,False,False,12338.999999999989,Current,DEBT_CONSOLIDATION
LN-506523,CUST-101117,2025-05-17,0,0,False,False,85157.095,Current,DEBT_CONSOLIDATION
LN-506526,CUST-107723,2025-05-17,0,0,False,False,41647.57250000002,Current,DEBT_CONSOLIDATION
LN-506527,CUST-107113,2025-05-17,0,0,False,False,8696.854999999998,Current,DEBT_CONSOLIDATION
LN-506528,CUST-100163,2025-05-17,0,0,False,False,37378.07999999996,Current,DEBT_CONSOLIDATION
LN-506530,CUST-103029,2025-05-17,0,0,False,False,13432.529999999995,Current,DEBT_CONSOLIDATION
LN-506531,CUST-107222,2025-05-17,0,0,False,False,22460.5075,Current,DEBT_CONSOLIDATION
LN-506532,CUST-107795,2025-05-17,0,0,False,False,5799.517499999998,Current,DEBT_CONSOLIDATION
LN-506533,CUST-102973,2025-05-17,0,0,False,False,13494.989999999998,Current,DEBT_CONSOLIDATION
LN-506534,CUST-106286,2025-05-17,0,0,False,False,37127.070000000014,Current,DEBT_CONSOLIDATION
LN-506535,CUST-102110,2025-05-17,0,0,False,False,21933.26,Current,DEBT_CONSOLIDATION
LN-506536,CUST-102718,2025-05-17,0,0,False,False,630574.38,Current,DEBT_CONSOLIDATION
LN-506537,CUST-106163,2025-05-17,0,0,False,False,38593.055,Current,DEBT_CONSOLIDATION
LN-506538,CUST-106528,2025-05-17,1,22,False,False,23613.565000000002,1-29,DEBT_CONSOLIDATION
LN-506539,CUST-107571,2025-05-17,0,0,False,False,11831.635,Current,DEBT_CONSOLIDATION
LN-506540,CUST-104667,2025-05-17,0,0,False,False,18052.700000000008,Current,DEBT_CONSOLIDATION
LN-506541,CUST-106883,2025-05-17,0,0,False,False,3451.6775000000025,Current,DEBT_CONSOLIDATION
LN-506542,CUST-106979,2025-05-17,0,0,False,False,32196.03,Current,DEBT_CONSOLIDATION
LN-506543,CUST-102838,2025-05-17,0,0,False,False,185278.99000000002,Current,DEBT_CONSOLIDATION
LN-506544,CUST-101010,2025-05-17,0,0,False,False,21228.500000000007,Current,DEBT_CONSOLIDATION
LN-506545,CUST-102089,2025-05-17,0,0,False,False,5123.4000000000015,Current,DEBT_CONSOLIDATION
LN-506546,CUST-105858,2025-05-17,0,0,False,False,22804.499999999996,Current,DEBT_CONSOLIDATION
LN-506547,CUST-101562,2025-05-17,0,0,False,False,39284.14000000003,Current,DEBT_CONSOLIDATION
LN-506548,CUST-102032,2025-05-17,0,0,False,False,34768.4425,Current,DEBT_CONSOLIDATION
LN-506549,CUST-105459,2025-05-17,0,0,False,False,5905.1500000000015,Current,DEBT_CONSOLIDATION
LN-506550,CUST-107005,2025-05-17,0,0,False,False,45266.469999999994,Current,DEBT_CONSOLIDATION
LN-506551,CUST-100357,2025-05-17,0,0,False,False,13994.544999999991,Current,DEBT_CONSOLIDATION
LN-506552,CUST-102061,2025-05-17,0,0,False,False,33581.36999999998,Current,DEBT_CONSOLIDATION
LN-506553,CUST-100297,2025-05-17,2,57,False,False,13149.565000000002,30-59,DEBT_CONSOLIDATION
LN-506554,CUST-102821,2025-05-17,0,0,False,False,39183.14500000005,Current,DEBT_CONSOLIDATION
LN-506555,CUST-107650,2025-05-17,0,0,False,False,452334.91,Current,DEBT_CONSOLIDATION
LN-506556,CUST-105387,2025-05-17,0,0,False,False,620600.38,Current,DEBT_CONSOLIDATION
LN-506557,CUST-103280,2025-05-17,0,0,False,False,23439.380000000005,Current,DEBT_CONSOLIDATION
LN-506558,CUST-106652,2025-05-17,0,0,False,False,30044.11000000001,Current,DEBT_CONSOLIDATION
LN-506559,CUST-105580,2025-05-17,0,0,False,False,15569.454999999998,Current,DEBT_CONSOLIDATION
LN-506560,CUST-105745,2025-05-17,0,0,True,False,5597.459999999999,Current,DEBT_CONSOLIDATION
LN-506561,CUST-100861,2025-05-17,0,0,False,False,10914.357500000002,Current,DEBT_CONSOLIDATION
LN-506562,CUST-105662,2025-05-17,0,0,False,False,23330.09749999999,Current,DEBT_CONSOLIDATION
LN-506563,CUST-101590,2025-05-17,0,0,False,False,526122.7949999997,Current,DEBT_CONSOLIDATION
LN-506564,CUST-102117,2025-05-17,0,0,False,False,19096.32,Current,DEBT_CONSOLIDATION
LN-506565,CUST-107786,2025-05-17,0,0,False,False,5005.165000000001,Current,DEBT_CONSOLIDATION
LN-506566,CUST-100379,2025-05-17,0,0,False,False,33952.552500000005,Current,DEBT_CONSOLIDATION
LN-506567,CUST-106046,2025-05-17,0,0,False,False,8242.637500000004,Current,DEBT_CONSOLIDATION
LN-506568,CUST-104799,2025-05-17,0,0,False,False,44465.52999999996,Current,DEBT_CONSOLIDATION
LN-506569,CUST-100057,2025-05-17,0,0,False,False,436.90999999999985,Current,DEBT_CONSOLIDATION
LN-506570,CUST-105439,2025-05-17,0,0,False,False,5978.72,Current,DEBT_CONSOLIDATION
LN-506571,CUST-103791,2025-05-17,0,0,False,False,284199.8825000002,Current,DEBT_CONSOLIDATION
LN-506572,CUST-107669,2025-05-17,0,0,False,False,24853.005000000005,Current,DEBT_CONSOLIDATION
LN-506573,CUST-104796,2025-05-17,0,0,False,False,11838.259999999998,Current,DEBT_CONSOLIDATION
LN-506574,CUST-102893,2025-05-17,0,0,False,False,13827.27,Current,DEBT_CONSOLIDATION
LN-506577,CUST-101573,2025-05-17,0,0,False,False,34049.795000000006,Current,DEBT_CONSOLIDATION
LN-506578,CUST-104439,2025-05-17,0,0,False,False,26565.29499999999,Current,DEBT_CONSOLIDATION
LN-506579,CUST-105078,2025-05-17,0,0,False,False,16252.115000000002,Current,DEBT_CONSOLIDATION
LN-506581,CUST-104197,2025-05-17,0,0,False,False,41570.27499999999,Current,DEBT_CONSOLIDATION
LN-506582,CUST-107032,2025-05-17,0,0,False,False,11454.635,Current,DEBT_CONSOLIDATION
LN-506584,CUST-100961,2025-05-17,0,0,False,False,11915.88,Current,DEBT_CONSOLIDATION
LN-506585,CUST-106601,2025-05-17,0,0,False,False,9896.467500000006,Current,DEBT_CONSOLIDATION
LN-506586,CUST-106161,2025-05-17,0,0,False,False,8503.32,Current,DEBT_CONSOLIDATION
LN-506587,CUST-105260,2025-05-17,0,0,False,False,11804.929999999997,Current,DEBT_CONSOLIDATION
LN-506588,CUST-107442,2025-05-17,0,0,False,False,10073.690000000004,Current,DEBT_CONSOLIDATION
LN-506589,CUST-100026,2025-05-17,1,9,False,False,14995.68999999999,1-29,DEBT_CONSOLIDATION
LN-506590,CUST-101956,2025-05-17,0,0,False,False,34669.65749999999,Current,DEBT_CONSOLIDATION
LN-506591,CUST-106549,2025-05-17,0,0,False,False,9313.0625,Current,DEBT_CONSOLIDATION
LN-506593,CUST-107399,2025-05-17,0,0,False,False,38655.77,Current,DEBT_CONSOLIDATION
LN-506594,CUST-107354,2025-05-17,0,0,False,False,66801.445,Current,DEBT_CONSOLIDATION
LN-506595,CUST-105674,2025-05-17,1,20,False,False,29013.407500000012,1-29,DEBT_CONSOLIDATION
LN-506596,CUST-106444,2025-05-17,0,0,False,False,32429.934999999994,Current,DEBT_CONSOLIDATION
LN-506597,CUST-106043,2025-05-17,0,0,False,False,8645.484999999999,Current,DEBT_CONSOLIDATION
LN-506598,CUST-105667,2025-05-17,0,0,False,False,24747.962500000012,Current,DEBT_CONSOLIDATION
LN-506599,CUST-103022,2025-05-17,0,0,False,False,12970.64,Current,DEBT_CONSOLIDATION
LN-506600,CUST-104039,2025-05-17,0,0,False,False,12059.41999999999,Current,DEBT_CONSOLIDATION
LN-506601,CUST-103359,2025-05-17,2,55,False,False,7746.759999999999,30-59,DEBT_CONSOLIDATION
LN-506602,CUST-104264,2025-05-17,0,0,False,False,54457.88,Current,DEBT_CONSOLIDATION
LN-506603,CUST-107120,2025-05-17,0,0,False,False,14056.595000000001,Current,DEBT_CONSOLIDATION
LN-506604,CUST-106814,2025-05-17,0,0,False,False,13706.810000000001,Current,DEBT_CONSOLIDATION
LN-506605,CUST-105257,2025-05-17,0,0,False,False,11487.95,Current,DEBT_CONSOLIDATION
LN-506606,CUST-107550,2025-05-17,0,0,False,False,37105.72,Current,DEBT_CONSOLIDATION
LN-506608,CUST-100354,2025-05-17,0,0,False,False,11722.745000000004,Current,DEBT_CONSOLIDATION
LN-506609,CUST-101423,2025-05-17,0,0,False,False,132017.87749999994,Current,DEBT_CONSOLIDATION
LN-506610,CUST-107310,2025-05-17,0,0,False,False,14398.609999999997,Current,DEBT_CONSOLIDATION
LN-506611,CUST-105545,2025-05-17,0,0,False,False,44156.535,Current,DEBT_CONSOLIDATION
LN-506612,CUST-105934,2025-05-17,0,0,False,False,16550.489999999987,Current,DEBT_CONSOLIDATION
LN-506613,CUST-107826,2025-05-17,0,0,False,False,41491.24500000002,Current,DEBT_CONSOLIDATION
LN-506614,CUST-107872,2025-05-17,0,0,False,False,541139.0299999999,Current,DEBT_CONSOLIDATION
LN-506615,CUST-105254,2025-05-17,0,0,False,False,23114.6875,Current,DEBT_CONSOLIDATION
LN-506616,CUST-100798,2025-05-17,0,0,False,False,38084.264999999985,Current,DEBT_CONSOLIDATION
LN-506617,CUST-100909,2025-05-17,0,0,False,False,26609.62500000001,Current,DEBT_CONSOLIDATION
LN-506618,CUST-105517,2025-05-17,0,0,False,False,14158.544999999998,Current,DEBT_CONSOLIDATION
LN-506619,CUST-101129,2025-05-17,0,0,False,False,17687.92,Current,DEBT_CONSOLIDATION
LN-506620,CUST-105010,2025-05-17,0,0,False,False,28315.957499999997,Current,DEBT_CONSOLIDATION
LN-506621,CUST-102579,2025-05-17,0,0,True,False,4762.25,Current,DEBT_CONSOLIDATION
LN-506622,CUST-100952,2025-05-17,0,0,False,False,27677.690000000002,Current,DEBT_CONSOLIDATION
LN-506623,CUST-106986,2025-05-17,0,0,False,False,42944.82500000002,Current,DEBT_CONSOLIDATION
LN-506624,CUST-101341,2025-05-17,0,0,False,False,12407.187500000002,Current,DEBT_CONSOLIDATION
LN-506625,CUST-104755,2025-05-17,0,0,False,False,6527.75,Current,DEBT_CONSOLIDATION
LN-506626,CUST-107276,2025-05-17,0,0,False,False,7599.700000000001,Current,DEBT_CONSOLIDATION
LN-506627,CUST-107297,2025-05-17,0,0,False,False,13762.355000000014,Current,DEBT_CONSOLIDATION
LN-506628,CUST-105038,2025-05-17,0,0,False,False,38269.054999999986,Current,DEBT_CONSOLIDATION
LN-506629,CUST-101501,2025-05-17,0,0,False,False,20425.754999999994,Current,DEBT_CONSOLIDATION
LN-506630,CUST-101630,2025-05-17,0,0,False,False,22462.25,Current,DEBT_CONSOLIDATION
LN-506631,CUST-105405,2025-05-17,0,0,False,False,17281.28499999999,Current,DEBT_CONSOLIDATION
LN-506633,CUST-105247,2025-05-17,0,0,False,False,20446.440000000017,Current,DEBT_CONSOLIDATION
LN-506634,CUST-106218,2025-05-17,0,0,False,False,14338.570000000003,Current,DEBT_CONSOLIDATION
LN-506635,CUST-104469,2025-05-17,0,0,False,False,18374.07,Current,DEBT_CONSOLIDATION
LN-506636,CUST-100607,2025-05-17,0,0,False,False,12678.477499999997,Current,DEBT_CONSOLIDATION
LN-506637,CUST-101235,2025-05-17,0,0,False,False,20989.0025,Current,DEBT_CONSOLIDATION
LN-506639,CUST-101222,2025-05-17,0,0,False,False,12883.760000000002,Current,DEBT_CONSOLIDATION
LN-506641,CUST-107862,2025-05-17,0,0,False,False,7969.575000000006,Current,DEBT_CONSOLIDATION
LN-506642,CUST-105840,2025-05-17,0,0,False,False,31944.344999999987,Current,DEBT_CONSOLIDATION
LN-506643,CUST-103782,2025-05-17,0,0,False,False,52411.03,Current,DEBT_CONSOLIDATION
LN-506644,CUST-106822,2025-05-17,0,0,False,False,9546.6625,Current,DEBT_CONSOLIDATION
LN-506645,CUST-101283,2025-05-17,0,0,False,False,8034.65,Current,DEBT_CONSOLIDATION
LN-506647,CUST-105644,2025-05-17,0,0,False,False,21480.309999999987,Current,DEBT_CONSOLIDATION
LN-506648,CUST-107041,2025-05-17,0,0,False,False,13484.535000000003,Current,DEBT_CONSOLIDATION
LN-506649,CUST-107556,2025-05-17,0,0,False,False,11868.84,Current,DEBT_CONSOLIDATION
LN-506650,CUST-101099,2025-05-17,4,106,False,False,49669.01249999999,90+,DEBT_CONSOLIDATION
LN-506651,CUST-100483,2025-05-17,0,0,False,False,32412.355000000003,Current,DEBT_CONSOLIDATION
LN-506652,CUST-103253,2025-05-17,0,0,False,False,15866.937499999989,Current,DEBT_CONSOLIDATION
LN-506653,CUST-104926,2025-05-17,0,0,False,False,12589.469999999994,Current,DEBT_CONSOLIDATION
LN-506654,CUST-107822,2025-05-17,0,0,False,False,12357.442499999997,Current,DEBT_CONSOLIDATION
LN-506655,CUST-106709,2025-05-17,3,85,False,False,10183.359999999999,60-89,DEBT_CONSOLIDATION
LN-506656,CUST-103761,2025-05-17,0,0,False,False,2851.775,Current,DEBT_CONSOLIDATION
LN-506657,CUST-104539,2025-05-17,0,0,False,False,41798.35500000001,Current,DEBT_CONSOLIDATION
LN-506658,CUST-100895,2025-05-17,0,0,False,False,37687.91000000001,Current,DEBT_CONSOLIDATION
LN-506659,CUST-102784,2025-05-17,0,0,False,False,31701.63,Current,DEBT_CONSOLIDATION
LN-506660,CUST-105419,2025-05-17,0,0,False,False,7774.215000000002,Current,DEBT_CONSOLIDATION
LN-506661,CUST-105856,2025-05-17,0,0,False,False,13997.429999999995,Current,DEBT_CONSOLIDATION
LN-506662,CUST-101661,2025-05-17,0,0,False,False,33944.67249999999,Current,DEBT_CONSOLIDATION
LN-506663,CUST-107160,2025-05-17,0,0,False,False,1061.9199999999994,Current,DEBT_CONSOLIDATION
LN-506664,CUST-107379,2025-05-17,0,0,False,False,13839.752499999991,Current,DEBT_CONSOLIDATION
LN-506666,CUST-105218,2025-05-17,0,0,False,False,40630.792499999996,Current,DEBT_CONSOLIDATION
LN-506667,CUST-107824,2025-05-17,0,0,False,False,4113.95,Current,DEBT_CONSOLIDATION
LN-506668,CUST-105578,2025-05-17,0,0,False,False,28893.885,Current,DEBT_CONSOLIDATION
LN-506670,CUST-101026,2025-05-17,0,0,False,False,34958.74500000003,Current,DEBT_CONSOLIDATION
LN-506671,CUST-104729,2025-05-17,0,0,False,False,15034.235,Current,DEBT_CONSOLIDATION
LN-506672,CUST-103112,2025-05-17,0,0,False,False,42228.97499999999,Current,DEBT_CONSOLIDATION
LN-506675,CUST-106643,2025-05-17,0,0,False,False,26187.317499999997,Current,DEBT_CONSOLIDATION
LN-506676,CUST-102573,2025-05-17,2,33,False,False,5247.820000000002,30-59,DEBT_CONSOLIDATION
LN-506677,CUST-102651,2025-05-17,0,0,False,False,21901.62000000002,Current,DEBT_CONSOLIDATION
LN-506678,CUST-104272,2025-05-17,0,0,False,False,31492.477500000008,Current,DEBT_CONSOLIDATION
LN-506679,CUST-102227,2025-05-17,0,0,False,False,24480.175,Current,DEBT_CONSOLIDATION
LN-506680,CUST-105428,2025-05-17,0,0,False,False,7371.580000000004,Current,DEBT_CONSOLIDATION
LN-506681,CUST-104390,2025-05-17,0,0,False,False,15258.919999999995,Current,DEBT_CONSOLIDATION
LN-506682,CUST-101455,2025-05-17,0,0,False,False,51254.48000000001,Current,DEBT_CONSOLIDATION
LN-506683,CUST-101608,2025-05-17,0,0,False,False,18395.865,Current,DEBT_CONSOLIDATION
LN-506685,CUST-103408,2025-05-17,1,29,False,False,148773.53,1-29,DEBT_CONSOLIDATION
LN-506686,CUST-101561,2025-05-17,0,0,False,False,24324.63999999999,Current,DEBT_CONSOLIDATION
LN-506687,CUST-103699,2025-05-17,0,0,False,False,35113.14999999999,Current,DEBT_CONSOLIDATION
LN-506688,CUST-104890,2025-05-17,0,0,False,False,17009.24000000001,Current,DEBT_CONSOLIDATION
LN-506689,CUST-107886,2025-05-17,0,0,False,False,28473.115000000005,Current,DEBT_CONSOLIDATION
LN-506690,CUST-101902,2025-05-17,0,0,False,False,76657.57500000006,Current,DEBT_CONSOLIDATION
LN-506691,CUST-105571,2025-05-17,0,0,False,False,45693.38,Current,DEBT_CONSOLIDATION
LN-506692,CUST-105125,2025-05-17,0,0,False,False,16574.847499999985,Current,DEBT_CONSOLIDATION
LN-506693,CUST-106233,2025-05-17,1,6,False,False,45746.77000000003,1-29,DEBT_CONSOLIDATION
LN-506694,CUST-107150,2025-05-17,0,0,False,False,39227.212499999965,Current,DEBT_CONSOLIDATION
LN-506695,CUST-100898,2025-05-17,0,0,False,False,16480.869999999995,Current,DEBT_CONSOLIDATION
LN-506696,CUST-106007,2025-05-17,0,0,False,False,31510.085,Current,DEBT_CONSOLIDATION
LN-506697,CUST-106615,2025-05-17,0,0,False,False,39752.210000000014,Current,DEBT_CONSOLIDATION
LN-506698,CUST-106958,2025-05-17,0,0,False,False,23978.61,Current,DEBT_CONSOLIDATION
LN-506699,CUST-102225,2025-05-17,0,0,False,False,32429.540000000023,Current,DEBT_CONSOLIDATION
LN-506700,CUST-107538,2025-05-17,0,0,False,False,19127.484999999986,Current,DEBT_CONSOLIDATION
LN-506701,CUST-101848,2025-05-17,0,0,False,False,143003.19,Current,DEBT_CONSOLIDATION
LN-506702,CUST-107803,2025-05-17,0,0,False,False,38510.03,Current,DEBT_CONSOLIDATION
LN-506703,CUST-103067,2025-05-17,0,0,False,False,22318.80749999998,Current,DEBT_CONSOLIDATION
LN-506704,CUST-103226,2025-05-17,0,0,False,False,17580.10250000001,Current,DEBT_CONSOLIDATION
LN-506705,CUST-102323,2025-05-17,0,0,False,False,19087.084999999992,Current,DEBT_CONSOLIDATION
LN-506706,CUST-103743,2025-05-17,0,0,False,False,9086.129999999996,Current,DEBT_CONSOLIDATION
LN-506707,CUST-106066,2025-05-17,0,0,False,False,17615.565000000002,Current,DEBT_CONSOLIDATION
LN-506708,CUST-102758,2025-05-17,0,0,False,False,27003.515,Current,DEBT_CONSOLIDATION
LN-506709,CUST-106972,2025-05-17,0,0,False,False,18956.367500000015,Current,DEBT_CONSOLIDATION
LN-506710,CUST-106937,2025-05-17,0,0,False,False,15196.199999999997,Current,DEBT_CONSOLIDATION
LN-506711,CUST-104905,2025-05-17,0,0,False,False,3279.3025000000002,Current,DEBT_CONSOLIDATION
LN-506712,CUST-105498,2025-05-17,2,31,False,False,5654.692500000001,30-59,DEBT_CONSOLIDATION
LN-506713,CUST-101922,2025-05-17,0,0,False,False,8238.75,Current,DEBT_CONSOLIDATION
LN-506714,CUST-101997,2025-05-17,0,0,False,False,13039.300000000001,Current,DEBT_CONSOLIDATION
LN-506715,CUST-104843,2025-05-17,0,0,False,False,16743.412499999988,Current,DEBT_CONSOLIDATION
LN-506716,CUST-100733,2025-05-17,0,0,False,False,45900.84000000001,Current,DEBT_CONSOLIDATION
LN-506717,CUST-104787,2025-05-17,0,0,False,False,11425.180000000002,Current,DEBT_CONSOLIDATION
LN-506718,CUST-104014,2025-05-17,0,0,False,False,36813.06749999998,Current,DEBT_CONSOLIDATION
LN-506719,CUST-102073,2025-05-17,0,0,False,False,26232.32,Current,DEBT_CONSOLIDATION
LN-506720,CUST-103840,2025-05-17,0,0,False,False,7680.552500000007,Current,DEBT_CONSOLIDATION
LN-506721,CUST-100757,2025-05-17,1,27,False,False,37628.56999999999,1-29,DEBT_CONSOLIDATION
LN-506722,CUST-106235,2025-05-17,1,8,False,False,24790.97,1-29,DEBT_CONSOLIDATION
LN-506724,CUST-102143,2025-05-17,3,65,False,False,21053.730000000007,60-89,DEBT_CONSOLIDATION
LN-506725,CUST-103015,2025-05-17,0,0,False,False,28690.1875,Current,DEBT_CONSOLIDATION
LN-506726,CUST-104789,2025-05-17,0,0,False,False,13315.020000000002,Current,DEBT_CONSOLIDATION
LN-506727,CUST-104718,2025-05-17,0,0,False,False,45254.709999999985,Current,DEBT_CONSOLIDATION
LN-506728,CUST-107572,2025-05-17,0,0,False,False,43350.73250000002,Current,DEBT_CONSOLIDATION
LN-506729,CUST-104775,2025-05-17,0,0,False,False,2598.0100000000007,Current,DEBT_CONSOLIDATION
LN-506730,CUST-104154,2025-05-17,0,0,False,False,1953.9399999999996,Current,DEBT_CONSOLIDATION
LN-506731,CUST-104391,2025-05-17,0,0,False,False,10465.640000000003,Current,DEBT_CONSOLIDATION
LN-506732,CUST-102177,2025-05-17,0,0,False,False,49470.34250000001,Current,DEBT_CONSOLIDATION
LN-506733,CUST-103497,2025-05-17,0,0,False,False,33467.45499999999,Current,DEBT_CONSOLIDATION
LN-506734,CUST-106705,2025-05-17,0,0,False,False,45699.31,Current,DEBT_CONSOLIDATION
LN-506735,CUST-100716,2025-05-17,0,0,False,False,22994.915000000005,Current,DEBT_CONSOLIDATION
LN-506736,CUST-104899,2025-05-17,1,1,False,False,7005.0,1-29,DEBT_CONSOLIDATION
LN-506737,CUST-106257,2025-05-17,0,0,False,False,10749.08499999999,Current,DEBT_CONSOLIDATION
LN-506738,CUST-103702,2025-05-17,0,0,False,False,11199.465,Current,DEBT_CONSOLIDATION
LN-506739,CUST-105538,2025-05-17,0,0,False,False,26681.085000000006,Current,DEBT_CONSOLIDATION
LN-506740,CUST-105656,2025-05-17,0,0,False,False,22903.529999999984,Current,DEBT_CONSOLIDATION
LN-506741,CUST-100580,2025-05-17,0,0,False,False,27178.899999999994,Current,DEBT_CONSOLIDATION
LN-506742,CUST-105043,2025-05-17,0,0,False,False,5844.040000000001,Current,DEBT_CONSOLIDATION
LN-506743,CUST-107309,2025-05-17,0,0,False,False,290960.9625,Current,DEBT_CONSOLIDATION
LN-506744,CUST-102427,2025-05-17,0,0,False,False,22907.4025,Current,DEBT_CONSOLIDATION
LN-506745,CUST-100872,2025-05-17,0,0,False,False,8168.552500000008,Current,DEBT_CONSOLIDATION
LN-506746,CUST-102933,2025-05-17,0,0,False,False,39644.435,Current,DEBT_CONSOLIDATION
LN-506747,CUST-100661,2025-05-17,0,0,False,False,29419.77,Current,DEBT_CONSOLIDATION
LN-506748,CUST-106721,2025-05-17,0,0,False,False,92552.37499999996,Current,DEBT_CONSOLIDATION
LN-506749,CUST-105586,2025-05-17,0,0,False,False,32270.945,Current,DEBT_CONSOLIDATION
LN-506750,CUST-107602,2025-05-17,0,0,False,False,116568.54249999998,Current,DEBT_CONSOLIDATION
LN-506751,CUST-105371,2025-05-17,0,0,False,False,13676.327500000005,Current,DEBT_CONSOLIDATION
LN-506752,CUST-106890,2025-05-17,0,0,False,False,18970.9275,Current,DEBT_CONSOLIDATION
LN-506753,CUST-107116,2025-05-17,0,0,False,False,33421.26,Current,DEBT_CONSOLIDATION
LN-506754,CUST-104429,2025-05-17,0,0,False,False,12936.53,Current,DEBT_CONSOLIDATION
LN-506755,CUST-100563,2025-05-17,0,0,False,False,13420.570000000005,Current,DEBT_CONSOLIDATION
LN-506756,CUST-106479,2025-05-17,0,0,False,False,22905.239999999998,Current,DEBT_CONSOLIDATION
LN-506757,CUST-101804,2025-05-17,0,0,False,False,47509.71249999999,Current,DEBT_CONSOLIDATION
LN-506759,CUST-103205,2025-05-17,0,0,False,False,385579.37,Current,DEBT_CONSOLIDATION
LN-506760,CUST-105110,2025-05-17,0,0,False,False,10780.162499999993,Current,DEBT_CONSOLIDATION
LN-506761,CUST-101888,2025-05-17,0,0,False,False,25185.389999999996,Current,DEBT_CONSOLIDATION
LN-506762,CUST-105932,2025-05-17,0,0,False,False,1187.740000000001,Current,DEBT_CONSOLIDATION
LN-506763,CUST-100651,2025-05-17,0,0,False,False,84549.21999999997,Current,DEBT_CONSOLIDATION
LN-506764,CUST-105118,2025-05-17,0,0,False,False,21146.65499999999,Current,DEBT_CONSOLIDATION
LN-506766,CUST-105277,2025-05-17,0,0,False,False,7305.402499999999,Current,DEBT_CONSOLIDATION
LN-506767,CUST-105216,2025-05-17,0,0,False,False,17717.280000000013,Current,DEBT_CONSOLIDATION
LN-506768,CUST-101113,2025-05-17,0,0,False,False,32402.819999999992,Current,DEBT_CONSOLIDATION
LN-506769,CUST-107211,2025-05-17,0,0,False,False,36576.19000000004,Current,DEBT_CONSOLIDATION
LN-506771,CUST-100786,2025-05-17,1,22,False,False,11481.25,1-29,DEBT_CONSOLIDATION
LN-506772,CUST-101847,2025-05-17,0,0,False,False,41707.04999999998,Current,DEBT_CONSOLIDATION
LN-506773,CUST-107546,2025-05-17,0,0,False,False,17742.829999999998,Current,DEBT_CONSOLIDATION
LN-506774,CUST-100904,2025-05-17,0,0,False,False,20911.479999999996,Current,DEBT_CONSOLIDATION
LN-506775,CUST-104600,2025-05-17,0,0,False,False,19800.42000000001,Current,DEBT_CONSOLIDATION
LN-506776,CUST-102341,2025-05-17,0,0,False,False,14933.979999999998,Current,DEBT_CONSOLIDATION
LN-506777,CUST-105291,2025-05-17,0,0,False,False,28637.739999999998,Current,DEBT_CONSOLIDATION
LN-506778,CUST-105976,2025-05-17,0,0,False,False,28859.439999999973,Current,DEBT_CONSOLIDATION
LN-506779,CUST-102169,2025-05-17,0,0,False,False,25940.430000000008,Current,DEBT_CONSOLIDATION
LN-506780,CUST-105347,2025-05-17,0,0,False,False,3958.5299999999997,Current,DEBT_CONSOLIDATION
LN-506781,CUST-103826,2025-05-17,0,0,False,False,34361.735,Current,DEBT_CONSOLIDATION
LN-506782,CUST-102633,2025-05-17,0,0,False,False,26929.64,Current,DEBT_CONSOLIDATION
LN-506783,CUST-105532,2025-05-17,0,0,False,False,549662.7500000005,Current,DEBT_CONSOLIDATION
LN-506784,CUST-107740,2025-05-17,0,0,False,False,50053.427500000005,Current,DEBT_CONSOLIDATION
LN-506785,CUST-100760,2025-05-17,0,0,False,False,20979.32,Current,DEBT_CONSOLIDATION
LN-506787,CUST-102288,2025-05-17,0,0,False,False,18204.2525,Current,DEBT_CONSOLIDATION
LN-506788,CUST-107173,2025-05-17,0,0,False,False,43219.22249999997,Current,DEBT_CONSOLIDATION
LN-506789,CUST-102079,2025-05-17,0,0,False,False,2763.4275000000002,Current,DEBT_CONSOLIDATION
LN-506790,CUST-105306,2025-05-17,0,0,False,False,61963.674999999945,Current,DEBT_CONSOLIDATION
LN-506791,CUST-105668,2025-05-17,0,0,False,False,80863.78500000008,Current,DEBT_CONSOLIDATION
LN-506792,CUST-100698,2025-05-17,0,0,False,False,19911.11,Current,DEBT_CONSOLIDATION
LN-506793,CUST-104802,2025-05-17,0,0,False,False,27138.980000000003,Current,DEBT_CONSOLIDATION
LN-506794,CUST-101031,2025-05-17,0,0,False,False,12794.389999999994,Current,DEBT_CONSOLIDATION
LN-506795,CUST-101475,2025-05-17,0,0,False,False,53675.3875,Current,DEBT_CONSOLIDATION
LN-506796,CUST-103644,2025-05-17,0,0,False,False,140489.84999999986,Current,DEBT_CONSOLIDATION
LN-506797,CUST-106755,2025-05-17,0,0,False,False,40890.71500000001,Current,DEBT_CONSOLIDATION
LN-506798,CUST-104483,2025-05-17,0,0,False,False,17208.1225,Current,DEBT_CONSOLIDATION
LN-506799,CUST-102537,2025-05-17,0,0,False,False,53154.9825,Current,DEBT_CONSOLIDATION
LN-506800,CUST-104369,2025-05-17,0,0,False,False,3766.412499999999,Current,DEBT_CONSOLIDATION
LN-506801,CUST-101155,2025-05-17,0,0,False,False,27710.95,Current,DEBT_CONSOLIDATION
LN-506802,CUST-104099,2025-05-17,0,0,False,False,13436.07,Current,DEBT_CONSOLIDATION
LN-506803,CUST-102348,2025-05-17,0,0,False,False,26327.38,Current,DEBT_CONSOLIDATION
LN-506804,CUST-103206,2025-05-17,0,0,False,False,28822.907500000016,Current,DEBT_CONSOLIDATION
LN-506805,CUST-101821,2025-05-17,0,0,False,False,9501.139999999998,Current,DEBT_CONSOLIDATION
LN-506806,CUST-105913,2025-05-17,0,0,True,False,19540.94000000001,Current,DEBT_CONSOLIDATION
LN-506807,CUST-102654,2025-05-17,0,0,False,False,4640.3225,Current,DEBT_CONSOLIDATION
LN-506808,CUST-107848,2025-05-17,0,0,False,False,37134.534999999996,Current,DEBT_CONSOLIDATION
LN-506809,CUST-105084,2025-05-17,0,0,False,False,35887.265,Current,DEBT_CONSOLIDATION
LN-506810,CUST-104231,2025-05-17,0,0,False,False,15396.979999999989,Current,DEBT_CONSOLIDATION
LN-506811,CUST-100601,2025-05-17,0,0,False,False,13681.332499999999,Current,DEBT_CONSOLIDATION
LN-506812,CUST-100322,2025-05-17,0,0,False,False,14136.395000000002,Current,DEBT_CONSOLIDATION
LN-506814,CUST-106517,2025-05-17,0,0,False,False,6660.789999999999,Current,DEBT_CONSOLIDATION
LN-506815,CUST-103601,2025-05-17,0,0,False,False,41709.129999999976,Current,DEBT_CONSOLIDATION
LN-506816,CUST-105333,2025-05-17,0,0,False,False,19775.51,Current,DEBT_CONSOLIDATION
LN-506817,CUST-106186,2025-05-17,0,0,False,False,11249.98,Current,DEBT_CONSOLIDATION
LN-506818,CUST-104985,2025-05-17,0,0,False,False,23630.780000000002,Current,DEBT_CONSOLIDATION
LN-506819,CUST-103684,2025-05-17,0,0,False,False,16121.7025,Current,DEBT_CONSOLIDATION
LN-506820,CUST-100137,2025-05-17,0,0,False,False,39015.64499999998,Current,DEBT_CONSOLIDATION
LN-506821,CUST-100896,2025-05-17,0,0,False,False,16013.497500000001,Current,DEBT_CONSOLIDATION
LN-506822,CUST-103257,2025-05-17,0,0,False,False,12141.407500000005,Current,DEBT_CONSOLIDATION
LN-506823,CUST-102458,2025-05-17,0,0,False,False,21885.41250000002,Current,DEBT_CONSOLIDATION
LN-506824,CUST-100365,2025-05-17,0,0,False,False,11821.439999999999,Current,DEBT_CONSOLIDATION
LN-506825,CUST-104892,2025-05-17,0,0,False,False,28249.112500000007,Current,DEBT_CONSOLIDATION
LN-506826,CUST-103524,2025-05-17,0,0,False,False,50824.89999999999,Current,DEBT_CONSOLIDATION
LN-506827,CUST-104826,2025-05-17,2,32,False,False,7489.649999999999,30-59,DEBT_CONSOLIDATION
LN-506828,CUST-104792,2025-05-17,0,0,False,False,17210.87250000001,Current,DEBT_CONSOLIDATION
LN-506829,CUST-100632,2025-05-17,0,0,False,False,7235.299999999996,Current,DEBT_CONSOLIDATION
LN-506830,CUST-103583,2025-05-17,0,0,False,False,3293.370000000001,Current,DEBT_CONSOLIDATION
LN-506831,CUST-103207,2025-05-17,0,0,False,False,27489.665000000005,Current,DEBT_CONSOLIDATION
LN-506832,CUST-105039,2025-05-17,0,0,False,False,28085.779999999984,Current,DEBT_CONSOLIDATION
LN-506833,CUST-106741,2025-05-17,0,0,False,False,13907.997500000001,Current,DEBT_CONSOLIDATION
LN-506834,CUST-101981,2025-05-17,0,0,False,False,36482.082499999975,Current,DEBT_CONSOLIDATION
LN-506835,CUST-104774,2025-05-17,0,0,False,False,14374.170000000002,Current,DEBT_CONSOLIDATION
LN-506836,CUST-101292,2025-05-17,0,0,False,False,5607.53,Current,DEBT_CONSOLIDATION
LN-506837,CUST-106770,2025-05-17,0,0,False,False,22057.67499999999,Current,DEBT_CONSOLIDATION
LN-506838,CUST-102627,2025-05-17,0,0,False,False,10230.759999999995,Current,DEBT_CONSOLIDATION
LN-506839,CUST-103315,2025-05-17,0,0,False,False,21422.190000000002,Current,DEBT_CONSOLIDATION
LN-506840,CUST-104172,2025-05-17,0,0,False,False,9013.475000000006,Current,DEBT_CONSOLIDATION
LN-506841,CUST-103881,2025-05-17,0,0,False,True,67304.53,Current,DEBT_CONSOLIDATION
LN-506842,CUST-101610,2025-05-17,0,0,False,False,30427.240000000013,Current,DEBT_CONSOLIDATION
LN-506843,CUST-101945,2025-05-17,0,0,False,False,43236.98000000001,Current,DEBT_CONSOLIDATION
LN-506844,CUST-104570,2025-05-17,0,0,False,False,20901.569999999992,Current,DEBT_CONSOLIDATION
LN-506845,CUST-104510,2025-05-17,0,0,False,False,265735.66750000004,Current,DEBT_CONSOLIDATION
LN-506846,CUST-104666,2025-05-17,0,0,False,False,10655.600000000002,Current,DEBT_CONSOLIDATION
LN-506847,CUST-106190,2025-05-17,0,0,False,False,10289.379999999992,Current,DEBT_CONSOLIDATION
LN-506848,CUST-107352,2025-05-17,0,0,False,False,8136.449999999999,Current,DEBT_CONSOLIDATION
LN-506849,CUST-102779,2025-05-17,0,0,False,False,48152.7625,Current,DEBT_CONSOLIDATION
LN-506850,CUST-105347,2025-05-17,0,0,False,False,52429.15,Current,DEBT_CONSOLIDATION
LN-506851,CUST-104183,2025-05-17,0,0,False,False,11481.227500000003,Current,DEBT_CONSOLIDATION
LN-506852,CUST-107342,2025-05-17,0,0,False,False,23730.4825,Current,DEBT_CONSOLIDATION
LN-506853,CUST-103785,2025-05-17,3,74,False,False,8533.23,60-89,DEBT_CONSOLIDATION
LN-506854,CUST-103703,2025-05-17,0,0,False,False,3078.45,Current,DEBT_CONSOLIDATION
LN-506855,CUST-106672,2025-05-17,0,0,False,False,3974.309999999997,Current,DEBT_CONSOLIDATION
LN-506856,CUST-100442,2025-05-17,0,0,False,False,30680.752500000002,Current,DEBT_CONSOLIDATION
LN-506857,CUST-105192,2025-05-17,0,0,False,False,28250.880000000005,Current,DEBT_CONSOLIDATION
LN-506858,CUST-101119,2025-05-17,0,0,False,False,40921.43749999999,Current,DEBT_CONSOLIDATION
LN-506859,CUST-101609,2025-05-17,0,0,False,False,10304.645000000006,Current,DEBT_CONSOLIDATION
LN-506860,CUST-103751,2025-05-17,0,0,False,False,59303.89000000004,Current,DEBT_CONSOLIDATION
LN-506861,CUST-107185,2025-05-17,0,0,False,False,40314.92000000004,Current,DEBT_CONSOLIDATION
LN-506862,CUST-103295,2025-05-17,0,0,False,False,13230.415000000008,Current,DEBT_CONSOLIDATION
LN-506863,CUST-100300,2025-05-17,0,0,False,False,18956.027499999986,Current,DEBT_CONSOLIDATION
LN-506864,CUST-105299,2025-05-17,0,0,False,False,31181.307500000003,Current,DEBT_CONSOLIDATION
LN-506865,CUST-100231,2025-05-17,0,0,False,False,11292.86,Current,DEBT_CONSOLIDATION
LN-506866,CUST-101758,2025-05-17,0,0,False,False,10256.525,Current,DEBT_CONSOLIDATION
LN-506867,CUST-103428,2025-05-17,0,0,False,False,41629.32999999998,Current,DEBT_CONSOLIDATION
LN-506868,CUST-107302,2025-05-17,0,0,False,False,27357.100000000006,Current,DEBT_CONSOLIDATION
LN-506869,CUST-103885,2025-05-17,0,0,False,False,13171.209999999995,Current,DEBT_CONSOLIDATION
LN-506870,CUST-105460,2025-05-17,0,0,False,False,19478.835,Current,DEBT_CONSOLIDATION
LN-506871,CUST-107214,2025-05-17,0,0,False,False,2109.8499999999976,Current,DEBT_CONSOLIDATION
LN-506872,CUST-103012,2025-05-17,0,0,False,False,2144.06,Current,DEBT_CONSOLIDATION
LN-506873,CUST-104244,2025-05-17,0,0,False,False,1021.8125000000008,Current,DEBT_CONSOLIDATION
LN-506874,CUST-104326,2025-05-17,0,0,False,False,12447.899999999998,Current,DEBT_CONSOLIDATION
LN-506875,CUST-106062,2025-05-17,0,0,False,False,19055.59250000001,Current,DEBT_CONSOLIDATION
LN-506876,CUST-104390,2025-05-17,0,0,False,False,48014.39,Current,DEBT_CONSOLIDATION
LN-506877,CUST-104589,2025-05-17,0,0,False,False,16370.16,Current,DEBT_CONSOLIDATION
LN-506878,CUST-107750,2025-05-17,0,0,False,False,1914.2725,Current,DEBT_CONSOLIDATION
LN-506879,CUST-103695,2025-05-17,0,0,False,False,46581.69000000001,Current,DEBT_CONSOLIDATION
LN-506880,CUST-101223,2025-05-17,0,0,False,False,30498.67,Current,DEBT_CONSOLIDATION
LN-506881,CUST-104381,2025-05-17,0,0,False,False,12505.04,Current,DEBT_CONSOLIDATION
LN-506882,CUST-104476,2025-05-17,0,0,False,False,37137.399999999994,Current,DEBT_CONSOLIDATION
LN-506883,CUST-107119,2025-05-17,0,0,False,False,27080.7,Current,DEBT_CONSOLIDATION
LN-506884,CUST-104349,2025-05-17,0,0,False,False,12110.480000000001,Current,DEBT_CONSOLIDATION
LN-506885,CUST-106743,2025-05-17,0,0,False,False,12090.35,Current,DEBT_CONSOLIDATION
LN-506886,CUST-102295,2025-05-17,0,0,False,False,3837.7475000000013,Current,DEBT_CONSOLIDATION
LN-506887,CUST-102257,2025-05-17,0,0,False,False,19772.629999999986,Current,DEBT_CONSOLIDATION
LN-506888,CUST-103453,2025-05-17,0,0,False,False,32007.355000000003,Current,DEBT_CONSOLIDATION
LN-506889,CUST-102331,2025-05-17,0,0,False,False,17259.460000000014,Current,DEBT_CONSOLIDATION
LN-506890,CUST-101362,2025-05-17,0,0,False,False,2105.5699999999993,Current,DEBT_CONSOLIDATION
LN-506891,CUST-102381,2025-05-17,0,0,False,False,23278.40499999999,Current,DEBT_CONSOLIDATION
LN-506892,CUST-100150,2025-05-17,0,0,False,False,25579.902499999997,Current,DEBT_CONSOLIDATION
LN-506894,CUST-105848,2025-05-17,0,0,False,False,17805.1675,Current,DEBT_CONSOLIDATION
LN-506895,CUST-101396,2025-05-17,0,0,False,False,25589.045,Current,DEBT_CONSOLIDATION
LN-506896,CUST-105508,2025-05-17,0,0,False,False,31307.56,Current,DEBT_CONSOLIDATION
LN-506897,CUST-104533,2025-05-17,0,0,False,False,17027.649999999994,Current,DEBT_CONSOLIDATION
LN-506898,CUST-100386,2025-05-17,0,0,False,False,9777.01,Current,DEBT_CONSOLIDATION
LN-506899,CUST-100278,2025-05-17,0,0,False,False,4581.680000000002,Current,DEBT_CONSOLIDATION
LN-506900,CUST-106595,2025-05-17,0,0,False,False,30041.352500000005,Current,DEBT_CONSOLIDATION
LN-506901,CUST-101175,2025-05-17,0,0,False,False,39210.82,Current,DEBT_CONSOLIDATION
LN-506902,CUST-106561,2025-05-17,0,0,False,False,15158.909999999993,Current,DEBT_CONSOLIDATION
LN-506903,CUST-102096,2025-05-17,0,0,True,False,40928.18750000002,Current,DEBT_CONSOLIDATION
LN-506904,CUST-103359,2025-05-17,0,0,False,False,22961.649999999983,Current,DEBT_CONSOLIDATION
LN-506905,CUST-106208,2025-05-17,0,0,False,False,8218.71,Current,DEBT_CONSOLIDATION
LN-506906,CUST-104537,2025-05-17,0,0,False,False,16158.240000000013,Current,DEBT_CONSOLIDATION
LN-506907,CUST-102753,2025-05-17,0,0,False,False,14596.080000000002,Current,DEBT_CONSOLIDATION
LN-506908,CUST-105917,2025-05-17,0,0,False,False,24169.089999999993,Current,DEBT_CONSOLIDATION
LN-506909,CUST-105805,2025-05-17,0,0,False,False,8451.729999999989,Current,DEBT_CONSOLIDATION
LN-506911,CUST-100401,2025-05-17,0,0,False,False,9720.505000000012,Current,DEBT_CONSOLIDATION
LN-506912,CUST-103889,2025-05-17,0,0,False,False,12833.435000000007,Current,DEBT_CONSOLIDATION
LN-506913,CUST-100625,2025-05-17,0,0,False,False,31566.004999999976,Current,DEBT_CONSOLIDATION
LN-506914,CUST-107385,2025-05-17,0,0,False,False,11766.422500000004,Current,DEBT_CONSOLIDATION
LN-506915,CUST-100911,2025-05-17,0,0,False,False,14396.220000000005,Current,DEBT_CONSOLIDATION
LN-506916,CUST-102195,2025-05-17,2,31,False,False,122456.71250000001,30-59,DEBT_CONSOLIDATION
LN-506917,CUST-105611,2025-05-17,0,0,False,False,23863.06,Current,DEBT_CONSOLIDATION
LN-506918,CUST-103521,2025-05-17,0,0,False,False,40063.61500000003,Current,DEBT_CONSOLIDATION
LN-506919,CUST-107374,2025-05-17,0,0,False,False,16540.0025,Current,DEBT_CONSOLIDATION
LN-506920,CUST-107534,2025-05-17,0,0,False,False,31000.060000000034,Current,DEBT_CONSOLIDATION
LN-506921,CUST-105066,2025-05-17,0,0,False,False,40379.955,Current,DEBT_CONSOLIDATION
LN-506922,CUST-100736,2025-05-17,0,0,False,False,2792.6475,Current,DEBT_CONSOLIDATION
LN-506923,CUST-105406,2025-05-17,0,0,False,False,43554.75750000003,Current,DEBT_CONSOLIDATION
LN-506924,CUST-107993,2025-05-17,0,0,False,False,9596.315000000002,Current,DEBT_CONSOLIDATION
LN-506925,CUST-103772,2025-05-17,0,0,False,False,22716.61749999999,Current,DEBT_CONSOLIDATION
LN-506926,CUST-103088,2025-05-17,0,0,False,False,20463.480000000007,Current,DEBT_CONSOLIDATION
LN-506927,CUST-100479,2025-05-17,0,0,False,False,21202.13,Current,DEBT_CONSOLIDATION
LN-506928,CUST-101416,2025-05-17,0,0,False,False,18968.46,Current,DEBT_CONSOLIDATION
LN-506929,CUST-101220,2025-05-17,0,0,False,False,9554.042499999998,Current,DEBT_CONSOLIDATION
LN-506930,CUST-103051,2025-05-17,0,0,False,False,15497.222499999998,Current,DEBT_CONSOLIDATION
LN-506931,CUST-103507,2025-05-17,0,0,False,False,13058.899999999998,Current,DEBT_CONSOLIDATION
LN-506932,CUST-103534,2025-05-17,0,0,False,False,12519.0225,Current,DEBT_CONSOLIDATION
LN-506933,CUST-105320,2025-05-17,0,0,False,False,19715.524999999983,Current,DEBT_CONSOLIDATION
LN-506934,CUST-104357,2025-05-17,0,0,False,False,19595.725000000017,Current,DEBT_CONSOLIDATION
LN-506935,CUST-105568,2025-05-17,1,5,False,False,8399.155000000008,1-29,DEBT_CONSOLIDATION
LN-506936,CUST-102283,2025-05-17,2,38,False,False,34089.0,30-59,DEBT_CONSOLIDATION
LN-506937,CUST-102658,2025-05-17,0,0,False,False,17142.715,Current,DEBT_CONSOLIDATION
LN-506938,CUST-102789,2025-05-17,0,0,False,False,9200.665000000003,Current,DEBT_CONSOLIDATION
LN-506939,CUST-106939,2025-05-17,0,0,False,False,27280.329999999998,Current,DEBT_CONSOLIDATION
LN-506940,CUST-104147,2025-05-17,0,0,False,False,7130.250000000002,Current,DEBT_CONSOLIDATION
LN-506941,CUST-100814,2025-05-17,0,0,False,False,140989.71999999997,Current,DEBT_CONSOLIDATION
LN-506944,CUST-102387,2025-05-17,0,0,False,False,17759.647500000003,Current,DEBT_CONSOLIDATION
LN-506945,CUST-103711,2025-05-17,0,0,False,False,355.5100000000002,Current,DEBT_CONSOLIDATION
LN-506946,CUST-106264,2025-05-17,1,12,False,False,98389.97250000005,1-29,DEBT_CONSOLIDATION
LN-506947,CUST-103569,2025-05-17,0,0,False,False,17999.754999999997,Current,DEBT_CONSOLIDATION
LN-506948,CUST-105557,2025-05-17,0,0,False,False,14349.019999999997,Current,DEBT_CONSOLIDATION
LN-506949,CUST-105954,2025-05-17,0,0,False,False,29259.887499999983,Current,DEBT_CONSOLIDATION
LN-506950,CUST-105424,2025-05-17,0,0,False,False,15019.327500000005,Current,DEBT_CONSOLIDATION
LN-506951,CUST-102949,2025-05-17,0,0,False,False,4349.369999999996,Current,DEBT_CONSOLIDATION
LN-506952,CUST-106196,2025-05-17,0,0,False,False,123106.45749999999,Current,DEBT_CONSOLIDATION
LN-506953,CUST-103555,2025-05-17,0,0,False,False,11405.654999999995,Current,DEBT_CONSOLIDATION
LN-506954,CUST-106262,2025-05-17,0,0,False,False,53428.7975,Current,DEBT_CONSOLIDATION
LN-506955,CUST-101181,2025-05-17,0,0,False,False,126967.9775,Current,DEBT_CONSOLIDATION
LN-506956,CUST-106080,2025-05-17,0,0,False,False,14756.165,Current,DEBT_CONSOLIDATION
LN-506957,CUST-102655,2025-05-17,0,0,False,False,10290.005000000008,Current,DEBT_CONSOLIDATION
LN-506958,CUST-106085,2025-05-17,0,0,False,False,17257.857499999995,Current,DEBT_CONSOLIDATION
LN-506959,CUST-100577,2025-05-17,3,83,False,False,4922.122499999999,60-89,DEBT_CONSOLIDATION
LN-506960,CUST-104964,2025-05-17,0,0,False,False,29251.780000000013,Current,DEBT_CONSOLIDATION
LN-506961,CUST-105968,2025-05-17,0,0,False,False,9810.355000000001,Current,DEBT_CONSOLIDATION
LN-506962,CUST-105166,2025-05-17,0,0,False,False,13192.73,Current,DEBT_CONSOLIDATION
LN-506963,CUST-101635,2025-05-17,0,0,False,False,23318.770000000004,Current,DEBT_CONSOLIDATION
LN-506964,CUST-107589,2025-05-17,0,0,False,False,19602.842499999984,Current,DEBT_CONSOLIDATION
LN-506965,CUST-106551,2025-05-17,0,0,False,False,26003.497499999998,Current,DEBT_CONSOLIDATION
LN-506966,CUST-105621,2025-05-17,0,0,False,False,21100.825000000004,Current,DEBT_CONSOLIDATION
LN-506967,CUST-102931,2025-05-17,0,0,False,False,49465.590000000004,Current,DEBT_CONSOLIDATION
LN-506968,CUST-105433,2025-05-17,0,0,False,False,19291.269999999986,Current,DEBT_CONSOLIDATION
LN-506969,CUST-101442,2025-05-17,0,0,False,False,187020.95000000007,Current,DEBT_CONSOLIDATION
LN-506970,CUST-106042,2025-05-17,0,0,False,False,20037.909999999996,Current,DEBT_CONSOLIDATION
LN-506971,CUST-100558,2025-05-17,0,0,False,False,10812.304999999998,Current,DEBT_CONSOLIDATION
LN-506972,CUST-107926,2025-05-17,1,28,False,False,84887.15,1-29,DEBT_CONSOLIDATION
LN-506973,CUST-102911,2025-05-17,0,0,False,False,9153.6,Current,DEBT_CONSOLIDATION
LN-506974,CUST-102881,2025-05-17,3,87,False,False,15185.26,60-89,DEBT_CONSOLIDATION
LN-506975,CUST-105100,2025-05-17,0,0,False,False,121951.89999999992,Current,DEBT_CONSOLIDATION
LN-506976,CUST-101422,2025-05-17,0,0,False,False,350922.98000000004,Current,DEBT_CONSOLIDATION
LN-506977,CUST-107166,2025-05-17,0,0,False,False,16790.129999999986,Current,DEBT_CONSOLIDATION
LN-506978,CUST-101152,2025-05-17,0,0,False,False,40137.52999999997,Current,DEBT_CONSOLIDATION
LN-506979,CUST-107321,2025-05-17,0,0,False,False,25623.399999999994,Current,DEBT_CONSOLIDATION
LN-506980,CUST-103975,2025-05-17,0,0,False,False,77016.6275,Current,DEBT_CONSOLIDATION
LN-506981,CUST-103602,2025-05-17,0,0,False,False,16274.439999999986,Current,DEBT_CONSOLIDATION
LN-506982,CUST-103522,2025-05-17,0,0,False,False,15576.692500000003,Current,DEBT_CONSOLIDATION
LN-506983,CUST-102069,2025-05-17,3,74,False,False,18342.17499999999,60-89,DEBT_CONSOLIDATION
LN-506984,CUST-102887,2025-05-17,0,0,False,False,23580.959999999995,Current,DEBT_CONSOLIDATION
LN-506985,CUST-106172,2025-05-17,0,0,False,False,6600.000000000001,Current,DEBT_CONSOLIDATION
LN-506986,CUST-100997,2025-05-17,0,0,False,False,10623.872500000003,Current,DEBT_CONSOLIDATION
LN-506988,CUST-107728,2025-05-17,0,0,False,False,5294.59,Current,DEBT_CONSOLIDATION
LN-506989,CUST-105717,2025-05-17,0,0,False,False,22433.690000000006,Current,DEBT_CONSOLIDATION
LN-506990,CUST-103950,2025-05-17,0,0,False,False,23176.89000000001,Current,DEBT_CONSOLIDATION
LN-506991,CUST-107315,2025-05-17,0,0,False,False,426859.46499999997,Current,DEBT_CONSOLIDATION
LN-506992,CUST-106659,2025-05-17,0,0,False,False,23581.270000000004,Current,DEBT_CONSOLIDATION
LN-506993,CUST-107988,2025-05-17,0,0,False,False,5512.2074999999995,Current,DEBT_CONSOLIDATION
LN-506994,CUST-106537,2025-05-17,0,0,False,False,12637.07999999999,Current,DEBT_CONSOLIDATION
LN-506995,CUST-100878,2025-05-17,0,0,False,False,12154.049999999992,Current,DEBT_CONSOLIDATION
LN-506996,CUST-101760,2025-05-17,0,0,False,False,17013.10249999999,Current,DEBT_CONSOLIDATION
LN-506997,CUST-102036,2025-05-17,0,0,False,False,16867.634999999995,Current,DEBT_CONSOLIDATION
LN-506998,CUST-107183,2025-05-17,0,0,False,False,20414.59000000002,Current,DEBT_CONSOLIDATION
LN-506999,CUST-105041,2025-05-17,0,0,False,False,373508.8300000002,Current,DEBT_CONSOLIDATION
LN-507000,CUST-106508,2025-05-17,0,0,False,False,507042.265,Current,DEBT_CONSOLIDATION
LN-507001,CUST-103875,2025-05-17,0,0,False,False,2849.8525000000004,Current,DEBT_CONSOLIDATION
LN-507002,CUST-106522,2025-05-17,0,0,False,False,37004.622500000034,Current,DEBT_CONSOLIDATION
LN-507003,CUST-107503,2025-05-17,0,0,False,False,7602.469999999999,Current,DEBT_CONSOLIDATION
LN-507004,CUST-105739,2025-05-17,0,0,False,False,16237.7275,Current,DEBT_CONSOLIDATION
LN-507005,CUST-102672,2025-05-17,0,0,False,False,9370.26999999999,Current,DEBT_CONSOLIDATION
LN-507006,CUST-101723,2025-05-17,0,0,False,False,70381.70000000006,Current,DEBT_CONSOLIDATION
LN-507007,CUST-107414,2025-05-17,0,0,False,False,26236.335000000006,Current,DEBT_CONSOLIDATION
LN-507008,CUST-106544,2025-05-17,0,0,False,False,8604.925000000003,Current,DEBT_CONSOLIDATION
LN-507009,CUST-102851,2025-05-17,0,0,False,False,9045.429999999993,Current,DEBT_CONSOLIDATION
LN-507010,CUST-101467,2025-05-17,0,0,False,False,10501.910000000003,Current,DEBT_CONSOLIDATION
LN-507012,CUST-106788,2025-05-17,0,0,False,False,78980.66000000002,Current,DEBT_CONSOLIDATION
LN-507013,CUST-105675,2025-05-17,0,0,False,False,23945.03999999998,Current,DEBT_CONSOLIDATION
LN-507014,CUST-104944,2025-05-17,0,0,False,False,19955.809999999994,Current,DEBT_CONSOLIDATION
LN-507015,CUST-107745,2025-05-17,0,0,False,False,46325.925,Current,DEBT_CONSOLIDATION
LN-507016,CUST-107255,2025-05-17,0,0,False,False,18530.477500000008,Current,DEBT_CONSOLIDATION
LN-507017,CUST-103215,2025-05-17,0,0,False,False,18423.509999999987,Current,DEBT_CONSOLIDATION
LN-507019,CUST-103560,2025-05-17,0,0,False,False,33844.31999999997,Current,DEBT_CONSOLIDATION
LN-507020,CUST-100747,2025-05-17,0,0,False,False,49492.955,Current,DEBT_CONSOLIDATION
LN-507023,CUST-105938,2025-05-17,0,0,False,False,53630.685000000005,Current,DEBT_CONSOLIDATION
LN-507024,CUST-104489,2025-05-17,0,0,False,False,87269.38,Current,DEBT_CONSOLIDATION
LN-507025,CUST-100624,2025-05-17,0,0,False,False,156985.76000000004,Current,DEBT_CONSOLIDATION
LN-507026,CUST-103345,2025-05-17,1,15,False,False,11497.665000000012,1-29,DEBT_CONSOLIDATION
LN-507027,CUST-100173,2025-05-17,0,0,False,False,6376.277499999998,Current,DEBT_CONSOLIDATION
LN-507028,CUST-105670,2025-05-17,0,0,False,False,30595.119999999995,Current,DEBT_CONSOLIDATION
LN-507029,CUST-107245,2025-05-17,0,0,False,False,15645.91,Current,DEBT_CONSOLIDATION
LN-507030,CUST-102544,2025-05-17,4,103,False,False,23411.597500000007,90+,DEBT_CONSOLIDATION
LN-507031,CUST-107456,2025-05-17,0,0,False,False,23306.97249999999,Current,DEBT_CONSOLIDATION
LN-507032,CUST-106016,2025-05-17,0,0,False,False,21817.210000000025,Current,DEBT_CONSOLIDATION
LN-507033,CUST-102346,2025-05-17,0,0,False,False,48020.0,Current,DEBT_CONSOLIDATION
LN-507034,CUST-105886,2025-05-17,0,0,False,False,46489.85,Current,DEBT_CONSOLIDATION
LN-507035,CUST-100655,2025-05-17,1,21,False,False,7047.814999999997,1-29,DEBT_CONSOLIDATION
LN-507036,CUST-105516,2025-05-17,0,0,False,False,123415.33249999995,Current,DEBT_CONSOLIDATION
LN-507038,CUST-107404,2025-05-17,0,0,False,False,9824.800000000001,Current,DEBT_CONSOLIDATION
LN-507039,CUST-100876,2025-05-17,0,0,False,False,3756.1150000000034,Current,DEBT_CONSOLIDATION
LN-507040,CUST-105603,2025-05-17,0,0,False,False,13927.26,Current,DEBT_CONSOLIDATION
LN-507041,CUST-100019,2025-05-17,0,0,False,False,9527.322499999995,Current,DEBT_CONSOLIDATION
LN-507042,CUST-101606,2025-05-17,0,0,False,False,39421.39,Current,DEBT_CONSOLIDATION
LN-507043,CUST-102916,2025-05-17,0,0,False,False,15856.197500000006,Current,DEBT_CONSOLIDATION
LN-507044,CUST-106808,2025-05-17,0,0,False,False,9718.340000000004,Current,DEBT_CONSOLIDATION
LN-507045,CUST-105053,2025-05-17,0,0,False,False,16299.020000000008,Current,DEBT_CONSOLIDATION
LN-507046,CUST-102412,2025-05-17,0,0,False,False,21848.13000000001,Current,DEBT_CONSOLIDATION
LN-507047,CUST-102524,2025-05-17,0,0,False,False,33391.57,Current,DEBT_CONSOLIDATION
LN-507048,CUST-101898,2025-05-17,0,0,False,False,3006.104999999998,Current,DEBT_CONSOLIDATION
LN-507049,CUST-100039,2025-05-17,0,0,False,False,44898.2325,Current,DEBT_CONSOLIDATION
LN-507050,CUST-100481,2025-05-17,0,0,False,False,18299.559999999998,Current,DEBT_CONSOLIDATION
LN-507051,CUST-103755,2025-05-17,0,0,False,False,85725.77500000001,Current,DEBT_CONSOLIDATION
LN-507052,CUST-107662,2025-05-17,0,0,False,False,1794.6200000000022,Current,DEBT_CONSOLIDATION
LN-507053,CUST-103602,2025-05-17,0,0,False,False,75490.49,Current,DEBT_CONSOLIDATION
LN-507054,CUST-103812,2025-05-17,0,0,False,False,35087.30000000001,Current,DEBT_CONSOLIDATION
LN-507055,CUST-101441,2025-05-17,0,0,False,False,42069.94999999997,Current,DEBT_CONSOLIDATION
LN-507056,CUST-106797,2025-05-17,0,0,False,False,2708.8000000000015,Current,DEBT_CONSOLIDATION
LN-507057,CUST-102222,2025-05-17,0,0,False,False,26070.657499999998,Current,DEBT_CONSOLIDATION
LN-507058,CUST-105781,2025-05-17,1,2,False,False,22563.83499999998,1-29,DEBT_CONSOLIDATION
LN-507059,CUST-100930,2025-05-17,0,0,False,False,49364.565,Current,DEBT_CONSOLIDATION
LN-507060,CUST-101673,2025-05-17,0,0,False,False,6366.817500000001,Current,DEBT_CONSOLIDATION
LN-507061,CUST-101741,2025-05-17,0,0,False,False,13995.8,Current,DEBT_CONSOLIDATION
LN-507062,CUST-101786,2025-05-17,0,0,False,False,20277.385,Current,DEBT_CONSOLIDATION
LN-507063,CUST-104239,2025-05-17,0,0,False,False,31807.484999999986,Current,DEBT_CONSOLIDATION
LN-507065,CUST-106400,2025-05-17,0,0,False,False,5224.912500000001,Current,DEBT_CONSOLIDATION
LN-507066,CUST-102202,2025-05-17,0,0,False,False,27476.209999999992,Current,DEBT_CONSOLIDATION
LN-507067,CUST-103763,2025-05-17,0,0,False,False,26546.395,Current,DEBT_CONSOLIDATION
LN-507068,CUST-105749,2025-05-17,0,0,False,False,5736.3724999999995,Current,DEBT_CONSOLIDATION
LN-507069,CUST-107832,2025-05-17,0,0,False,False,7974.510000000002,Current,DEBT_CONSOLIDATION
LN-507070,CUST-106869,2025-05-17,1,16,False,False,32212.445000000014,1-29,DEBT_CONSOLIDATION
LN-507071,CUST-104811,2025-05-17,0,0,False,False,25958.645000000004,Current,DEBT_CONSOLIDATION
LN-507072,CUST-105007,2025-05-17,0,0,False,False,16500.357499999995,Current,DEBT_CONSOLIDATION
LN-507073,CUST-106933,2025-05-17,0,0,False,False,11840.7125,Current,DEBT_CONSOLIDATION
LN-507074,CUST-100524,2025-05-17,0,0,False,False,5202.77,Current,DEBT_CONSOLIDATION
LN-507075,CUST-105489,2025-05-17,0,0,False,False,132156.18,Current,DEBT_CONSOLIDATION
LN-507077,CUST-104837,2025-05-17,0,0,False,False,50038.920000000006,Current,DEBT_CONSOLIDATION
LN-507078,CUST-106275,2025-05-17,0,0,False,False,17704.195000000007,Current,DEBT_CONSOLIDATION
LN-507079,CUST-107857,2025-05-17,2,53,False,False,76366.51499999993,30-59,DEBT_CONSOLIDATION
LN-507080,CUST-101852,2025-05-17,0,0,False,False,6960.699999999995,Current,DEBT_CONSOLIDATION
LN-507081,CUST-103822,2025-05-17,0,0,False,False,2351.66,Current,DEBT_CONSOLIDATION
LN-507082,CUST-104875,2025-05-17,0,0,False,False,11555.480000000001,Current,DEBT_CONSOLIDATION
LN-507083,CUST-106400,2025-05-17,0,0,False,False,21368.37999999999,Current,DEBT_CONSOLIDATION
LN-507084,CUST-102354,2025-05-17,0,0,False,False,23737.46,Current,DEBT_CONSOLIDATION
LN-507085,CUST-102724,2025-05-17,0,0,False,False,15329.55,Current,DEBT_CONSOLIDATION
LN-507086,CUST-101732,2025-05-17,0,0,False,False,15637.919999999991,Current,DEBT_CONSOLIDATION
LN-507088,CUST-104559,2025-05-17,0,0,False,False,557458.7175,Current,DEBT_CONSOLIDATION
LN-507089,CUST-102294,2025-05-17,0,0,False,False,32076.959999999992,Current,DEBT_CONSOLIDATION
LN-507090,CUST-106893,2025-05-17,0,0,False,False,8371.115000000005,Current,DEBT_CONSOLIDATION
LN-507091,CUST-103005,2025-05-17,0,0,False,False,32276.7225,Current,DEBT_CONSOLIDATION
LN-507092,CUST-105848,2025-05-17,0,0,False,False,23070.25,Current,DEBT_CONSOLIDATION
LN-507093,CUST-104887,2025-05-17,0,0,False,False,4703.647500000004,Current,DEBT_CONSOLIDATION
LN-507094,CUST-103162,2025-05-17,0,0,False,False,38808.15999999995,Current,DEBT_CONSOLIDATION
LN-507096,CUST-103130,2025-05-17,0,0,False,False,28631.294999999995,Current,DEBT_CONSOLIDATION
LN-507097,CUST-101989,2025-05-17,0,0,False,False,27790.795,Current,DEBT_CONSOLIDATION
LN-507098,CUST-101422,2025-05-17,0,0,False,False,8129.885000000002,Current,DEBT_CONSOLIDATION
LN-507099,CUST-102578,2025-05-17,0,0,False,False,24662.049999999996,Current,DEBT_CONSOLIDATION
LN-507100,CUST-106416,2025-05-17,0,0,False,False,15544.204999999984,Current,DEBT_CONSOLIDATION
LN-507101,CUST-103470,2025-05-17,0,0,False,False,13362.769999999995,Current,DEBT_CONSOLIDATION
LN-507102,CUST-104432,2025-05-17,0,0,False,False,33766.21000000002,Current,DEBT_CONSOLIDATION
LN-507103,CUST-107928,2025-05-17,0,0,False,False,8480.069999999996,Current,DEBT_CONSOLIDATION
LN-507105,CUST-106889,2025-05-17,0,0,False,False,558451.6299999993,Current,DEBT_CONSOLIDATION
LN-507106,CUST-106342,2025-05-17,0,0,False,False,11277.679999999997,Current,DEBT_CONSOLIDATION
LN-507107,CUST-106712,2025-05-17,0,0,False,False,12257.045,Current,DEBT_CONSOLIDATION
LN-507108,CUST-104455,2025-05-17,0,0,False,False,8234.630000000003,Current,DEBT_CONSOLIDATION
LN-507109,CUST-103370,2025-05-17,0,0,False,False,66837.94249999999,Current,DEBT_CONSOLIDATION
LN-507110,CUST-105383,2025-05-17,0,0,False,False,812.5899999999999,Current,DEBT_CONSOLIDATION
LN-507111,CUST-104512,2025-05-17,1,11,True,False,5525.759999999998,1-29,DEBT_CONSOLIDATION
LN-507112,CUST-103780,2025-05-17,0,0,False,False,11177.04,Current,DEBT_CONSOLIDATION
LN-507113,CUST-107991,2025-05-17,0,0,False,False,9218.294999999996,Current,DEBT_CONSOLIDATION
LN-507114,CUST-106578,2025-05-17,4,96,False,False,39886.89499999999,90+,DEBT_CONSOLIDATION
LN-507115,CUST-105032,2025-05-17,0,0,False,False,20557.679999999993,Current,DEBT_CONSOLIDATION
LN-507118,CUST-104127,2025-05-17,0,0,False,False,19813.304999999997,Current,DEBT_CONSOLIDATION
LN-507119,CUST-106141,2025-05-17,0,0,False,False,62651.635,Current,DEBT_CONSOLIDATION
LN-507120,CUST-105768,2025-05-17,0,0,False,False,35005.78,Current,DEBT_CONSOLIDATION
LN-507121,CUST-104325,2025-05-17,0,0,False,False,4011.6600000000008,Current,DEBT_CONSOLIDATION
LN-507122,CUST-106854,2025-05-17,0,0,False,False,13157.9,Current,DEBT_CONSOLIDATION
LN-507123,CUST-103532,2025-05-17,0,0,False,False,15248.075000000004,Current,DEBT_CONSOLIDATION
LN-507126,CUST-106473,2025-05-17,0,0,False,False,13331.650000000001,Current,DEBT_CONSOLIDATION
LN-507127,CUST-106260,2025-05-17,0,0,False,False,191275.995,Current,DEBT_CONSOLIDATION
LN-507128,CUST-100735,2025-05-17,0,0,False,False,1915.2349999999983,Current,DEBT_CONSOLIDATION
LN-507129,CUST-102702,2025-05-17,0,0,False,False,34344.83,Current,DEBT_CONSOLIDATION
LN-507130,CUST-101340,2025-05-17,0,0,False,False,14935.500000000007,Current,DEBT_CONSOLIDATION
LN-507131,CUST-102708,2025-05-17,0,0,False,False,22696.940000000002,Current,DEBT_CONSOLIDATION
LN-507132,CUST-102418,2025-05-17,0,0,False,False,17364.455000000016,Current,DEBT_CONSOLIDATION
LN-507133,CUST-107197,2025-05-17,0,0,False,False,11455.18,Current,DEBT_CONSOLIDATION
LN-507134,CUST-102663,2025-05-17,0,0,False,False,16551.559999999998,Current,DEBT_CONSOLIDATION
LN-507135,CUST-106683,2025-05-17,1,15,False,False,18815.7,1-29,DEBT_CONSOLIDATION
LN-507136,CUST-102572,2025-05-17,0,0,False,False,12488.675000000003,Current,DEBT_CONSOLIDATION
LN-507137,CUST-100653,2025-05-17,0,0,False,False,45398.63,Current,DEBT_CONSOLIDATION
LN-507138,CUST-100509,2025-05-17,0,0,False,False,37542.80000000002,Current,DEBT_CONSOLIDATION
LN-507139,CUST-103443,2025-05-17,0,0,False,False,20672.315,Current,DEBT_CONSOLIDATION
LN-507140,CUST-106324,2025-05-17,0,0,False,False,41019.85999999999,Current,DEBT_CONSOLIDATION
LN-507141,CUST-100924,2025-05-17,0,0,False,False,13925.305,Current,DEBT_CONSOLIDATION
LN-507142,CUST-103211,2025-05-17,4,167,False,False,9138.470000000001,90+,DEBT_CONSOLIDATION
LN-507143,CUST-104531,2025-05-17,0,0,False,False,81768.91749999992,Current,DEBT_CONSOLIDATION
LN-507144,CUST-106541,2025-05-17,0,0,False,False,10695.4,Current,DEBT_CONSOLIDATION
LN-507145,CUST-101691,2025-05-17,0,0,False,False,23929.142499999987,Current,DEBT_CONSOLIDATION
LN-507146,CUST-101380,2025-05-17,0,0,False,False,11623.597500000003,Current,DEBT_CONSOLIDATION
LN-507147,CUST-105530,2025-05-17,1,12,False,False,72089.33499999999,1-29,DEBT_CONSOLIDATION
LN-507148,CUST-107362,2025-05-17,0,0,False,False,17741.415,Current,DEBT_CONSOLIDATION
LN-507149,CUST-102908,2025-05-17,0,0,False,False,15594.09499999999,Current,DEBT_CONSOLIDATION
LN-507150,CUST-107212,2025-05-17,0,0,False,False,8816.99,Current,DEBT_CONSOLIDATION
LN-507151,CUST-103116,2025-05-17,0,0,False,False,6518.450000000001,Current,DEBT_CONSOLIDATION
LN-507152,CUST-103174,2025-05-17,0,0,False,False,23611.439999999984,Current,DEBT_CONSOLIDATION
LN-507153,CUST-106219,2025-05-17,0,0,False,False,24942.37000000001,Current,DEBT_CONSOLIDATION
LN-507154,CUST-103704,2025-05-17,0,0,True,False,13133.489999999994,Current,DEBT_CONSOLIDATION
LN-507155,CUST-102666,2025-05-17,1,5,False,False,83825.32250000002,1-29,DEBT_CONSOLIDATION
LN-507156,CUST-104578,2025-05-17,0,0,False,False,31630.942500000005,Current,DEBT_CONSOLIDATION
LN-507157,CUST-100775,2025-05-17,0,0,False,False,6252.934999999998,Current,DEBT_CONSOLIDATION
LN-507158,CUST-101781,2025-05-17,0,0,False,False,8246.102499999995,Current,DEBT_CONSOLIDATION
LN-507159,CUST-104141,2025-05-17,0,0,False,False,28024.199999999993,Current,DEBT_CONSOLIDATION
LN-507160,CUST-104735,2025-05-17,0,0,False,False,20599.899999999998,Current,DEBT_CONSOLIDATION
LN-507161,CUST-101111,2025-05-17,0,0,False,False,13762.84,Current,DEBT_CONSOLIDATION
LN-507162,CUST-102484,2025-05-17,0,0,False,False,21820.569999999985,Current,DEBT_CONSOLIDATION
LN-507163,CUST-105243,2025-05-17,0,0,False,False,10052.62,Current,DEBT_CONSOLIDATION
LN-507164,CUST-104887,2025-05-17,0,0,False,False,29854.750000000007,Current,DEBT_CONSOLIDATION
LN-507165,CUST-100781,2025-05-17,0,0,False,False,22622.21999999999,Current,DEBT_CONSOLIDATION
LN-507166,CUST-105967,2025-05-17,0,0,False,False,10920.579999999998,Current,DEBT_CONSOLIDATION
LN-507167,CUST-107774,2025-05-17,3,82,False,False,332422.09249999974,60-89,DEBT_CONSOLIDATION
LN-507168,CUST-104317,2025-05-17,0,0,False,False,10205.019999999995,Current,DEBT_CONSOLIDATION
LN-507169,CUST-103202,2025-05-17,0,0,False,False,4983.232500000005,Current,DEBT_CONSOLIDATION
LN-507170,CUST-103641,2025-05-17,0,0,False,False,15010.942500000001,Current,DEBT_CONSOLIDATION
LN-507171,CUST-101668,2025-05-17,0,0,False,False,33071.37999999997,Current,DEBT_CONSOLIDATION
LN-507172,CUST-107216,2025-05-17,0,0,False,False,1706.1499999999996,Current,DEBT_CONSOLIDATION
LN-507173,CUST-102465,2025-05-17,0,0,False,False,15386.13,Current,DEBT_CONSOLIDATION
LN-507175,CUST-101642,2025-05-17,0,0,False,False,63748.88000000001,Current,DEBT_CONSOLIDATION
LN-507176,CUST-105965,2025-05-17,0,0,False,False,42720.61,Current,DEBT_CONSOLIDATION
LN-507177,CUST-103576,2025-05-17,0,0,False,False,10924.78,Current,DEBT_CONSOLIDATION
LN-507178,CUST-104965,2025-05-17,0,0,False,False,15756.705000000005,Current,DEBT_CONSOLIDATION
LN-507179,CUST-101749,2025-05-17,0,0,False,False,19309.144999999997,Current,DEBT_CONSOLIDATION
LN-507180,CUST-101710,2025-05-17,0,0,False,False,10138.249999999996,Current,DEBT_CONSOLIDATION
LN-507181,CUST-104853,2025-05-17,0,0,False,False,1759.015,Current,DEBT_CONSOLIDATION
LN-507182,CUST-100419,2025-05-17,0,0,False,False,1045.482499999999,Current,DEBT_CONSOLIDATION
LN-507183,CUST-101559,2025-05-17,0,0,False,False,7949.185000000004,Current,DEBT_CONSOLIDATION
LN-507184,CUST-105249,2025-05-17,0,0,False,False,118109.595,Current,DEBT_CONSOLIDATION
LN-507185,CUST-100054,2025-05-17,0,0,False,False,33216.5925,Current,DEBT_CONSOLIDATION
LN-507186,CUST-105936,2025-05-17,0,0,False,False,21510.09,Current,DEBT_CONSOLIDATION
LN-507187,CUST-100039,2025-05-17,2,45,False,False,7936.852499999999,30-59,DEBT_CONSOLIDATION
LN-507188,CUST-106664,2025-05-17,0,0,False,False,6763.3,Current,DEBT_CONSOLIDATION
LN-507189,CUST-106572,2025-05-17,0,0,False,False,10866.960000000003,Current,DEBT_CONSOLIDATION
LN-507190,CUST-107416,2025-05-17,0,0,False,False,23000.925,Current,DEBT_CONSOLIDATION
LN-507191,CUST-106027,2025-05-17,0,0,False,False,19423.120000000003,Current,DEBT_CONSOLIDATION
LN-507192,CUST-103509,2025-05-17,0,0,False,False,47119.07500000001,Current,DEBT_CONSOLIDATION
LN-507193,CUST-102795,2025-05-17,1,13,False,False,50151.85,1-29,DEBT_CONSOLIDATION
LN-507194,CUST-101358,2025-05-17,0,0,False,False,9712.6275,Current,DEBT_CONSOLIDATION
LN-507195,CUST-106129,2025-05-17,0,0,False,False,13442.86,Current,DEBT_CONSOLIDATION
LN-507197,CUST-107153,2025-05-17,0,0,False,False,40952.5225,Current,DEBT_CONSOLIDATION
LN-507198,CUST-104268,2025-05-17,0,0,False,False,4024.7549999999997,Current,DEBT_CONSOLIDATION
LN-507199,CUST-101601,2025-05-17,0,0,False,False,6780.539999999996,Current,DEBT_CONSOLIDATION
LN-507200,CUST-101041,2025-05-17,0,0,False,False,9772.55749999999,Current,DEBT_CONSOLIDATION
LN-507201,CUST-104963,2025-05-17,0,0,False,False,34810.14,Current,DEBT_CONSOLIDATION
LN-507202,CUST-104467,2025-05-17,0,0,False,False,10993.53,Current,DEBT_CONSOLIDATION
LN-507203,CUST-104791,2025-05-17,0,0,False,False,23376.489999999983,Current,DEBT_CONSOLIDATION
LN-507204,CUST-105609,2025-05-17,0,0,False,False,1018.5250000000009,Current,DEBT_CONSOLIDATION
LN-507205,CUST-103686,2025-05-17,0,0,False,False,555.7049999999992,Current,DEBT_CONSOLIDATION
LN-507206,CUST-104599,2025-05-17,0,0,False,False,129993.91999999995,Current,DEBT_CONSOLIDATION
LN-507207,CUST-101198,2025-05-17,0,0,False,False,42641.725000000006,Current,DEBT_CONSOLIDATION
LN-507208,CUST-104981,2025-05-17,0,0,False,False,39629.985000000015,Current,DEBT_CONSOLIDATION
LN-507209,CUST-107531,2025-05-17,0,0,False,False,16332.254999999988,Current,DEBT_CONSOLIDATION
LN-507210,CUST-107404,2025-05-17,0,0,False,False,17242.920000000002,Current,DEBT_CONSOLIDATION
LN-507211,CUST-102296,2025-05-17,0,0,False,False,12781.224999999999,Current,DEBT_CONSOLIDATION
LN-507212,CUST-106188,2025-05-17,0,0,False,False,13503.932499999999,Current,DEBT_CONSOLIDATION
LN-507213,CUST-105665,2025-05-17,0,0,False,False,2193.269999999999,Current,DEBT_CONSOLIDATION
LN-507214,CUST-103043,2025-05-17,0,0,False,False,37987.9125,Current,DEBT_CONSOLIDATION
LN-507215,CUST-104540,2025-05-17,0,0,False,False,32517.739999999998,Current,DEBT_CONSOLIDATION
LN-507216,CUST-106901,2025-05-17,0,0,False,False,16238.394999999991,Current,DEBT_CONSOLIDATION
LN-507217,CUST-105408,2025-05-17,0,0,False,False,148297.98500000002,Current,DEBT_CONSOLIDATION
LN-507218,CUST-100661,2025-05-17,0,0,False,False,28102.25,Current,DEBT_CONSOLIDATION
LN-507219,CUST-103618,2025-05-17,0,0,False,False,3860.390000000002,Current,DEBT_CONSOLIDATION
LN-507220,CUST-101946,2025-05-17,0,0,False,False,808.8899999999992,Current,DEBT_CONSOLIDATION
LN-507221,CUST-105423,2025-05-17,1,29,False,False,23733.489999999998,1-29,DEBT_CONSOLIDATION
LN-507222,CUST-106874,2025-05-17,0,0,False,False,5635.03,Current,DEBT_CONSOLIDATION
LN-507224,CUST-102289,2025-05-17,0,0,False,False,45131.24000000001,Current,DEBT_CONSOLIDATION
LN-507225,CUST-102739,2025-05-17,1,13,False,False,14065.929999999998,1-29,DEBT_CONSOLIDATION
LN-507227,CUST-105115,2025-05-17,0,0,False,False,25373.764999999992,Current,DEBT_CONSOLIDATION
LN-507228,CUST-107226,2025-05-17,0,0,False,False,14494.277499999993,Current,DEBT_CONSOLIDATION
LN-507229,CUST-102122,2025-05-17,1,25,False,False,18101.78,1-29,DEBT_CONSOLIDATION
LN-507230,CUST-101047,2025-05-17,1,30,False,False,37921.27249999998,1-29,DEBT_CONSOLIDATION
LN-507231,CUST-107419,2025-05-17,0,0,False,False,6682.495000000001,Current,DEBT_CONSOLIDATION
LN-507232,CUST-104597,2025-05-17,0,0,False,False,12329.000000000005,Current,DEBT_CONSOLIDATION
LN-507233,CUST-106723,2025-05-17,0,0,False,False,13089.74,Current,DEBT_CONSOLIDATION
LN-507234,CUST-102159,2025-05-17,0,0,False,False,45655.250000000015,Current,DEBT_CONSOLIDATION
LN-507235,CUST-102441,2025-05-17,0,0,False,False,669.4249999999995,Current,DEBT_CONSOLIDATION
LN-507236,CUST-103913,2025-05-17,0,0,False,False,20654.555,Current,DEBT_CONSOLIDATION
LN-507237,CUST-106481,2025-05-17,0,0,False,False,4414.5275,Current,DEBT_CONSOLIDATION
LN-507238,CUST-101593,2025-05-17,0,0,False,False,43079.77750000001,Current,DEBT_CONSOLIDATION
LN-507239,CUST-103599,2025-05-17,0,0,False,False,20957.4175,Current,DEBT_CONSOLIDATION
LN-507240,CUST-101836,2025-05-17,0,0,False,False,26342.6,Current,DEBT_CONSOLIDATION
LN-507241,CUST-106303,2025-05-17,0,0,False,False,12593.910000000005,Current,DEBT_CONSOLIDATION
LN-507242,CUST-107411,2025-05-17,0,0,False,False,21670.52749999999,Current,DEBT_CONSOLIDATION
LN-507244,CUST-100430,2025-05-17,3,66,False,False,16209.397500000008,60-89,DEBT_CONSOLIDATION
LN-507245,CUST-106813,2025-05-17,0,0,False,False,20227.995000000006,Current,DEBT_CONSOLIDATION
LN-507246,CUST-106297,2025-05-17,0,0,False,False,24358.515000000003,Current,DEBT_CONSOLIDATION
LN-507247,CUST-107655,2025-05-17,0,0,False,False,208465.7649999999,Current,DEBT_CONSOLIDATION
LN-507248,CUST-102892,2025-05-17,0,0,False,False,18662.060000000005,Current,DEBT_CONSOLIDATION
LN-507249,CUST-106960,2025-05-17,0,0,False,False,42630.329999999965,Current,DEBT_CONSOLIDATION
LN-507250,CUST-106641,2025-05-17,0,0,False,False,11715.13,Current,DEBT_CONSOLIDATION
LN-507251,CUST-102056,2025-05-17,0,0,False,False,25520.700000000008,Current,DEBT_CONSOLIDATION
LN-507252,CUST-104603,2025-05-17,0,0,False,False,299000.36250000005,Current,DEBT_CONSOLIDATION
LN-507253,CUST-107549,2025-05-17,0,0,False,False,41951.715,Current,DEBT_CONSOLIDATION
LN-507254,CUST-105574,2025-05-17,0,0,False,False,7788.42749999999,Current,DEBT_CONSOLIDATION
LN-507255,CUST-107521,2025-05-17,0,0,False,False,13459.71,Current,DEBT_CONSOLIDATION
LN-507256,CUST-106366,2025-05-17,0,0,False,False,115024.89249999991,Current,DEBT_CONSOLIDATION
LN-507257,CUST-101001,2025-05-17,1,26,False,False,67903.925,1-29,DEBT_CONSOLIDATION
LN-507259,CUST-101121,2025-05-17,0,0,False,False,13717.204999999998,Current,DEBT_CONSOLIDATION
LN-507260,CUST-107883,2025-05-17,0,0,False,False,22652.389999999985,Current,DEBT_CONSOLIDATION
LN-507261,CUST-104862,2025-05-17,0,0,False,False,22416.855,Current,DEBT_CONSOLIDATION
LN-507262,CUST-105901,2025-05-17,0,0,False,False,38249.75249999999,Current,DEBT_CONSOLIDATION
LN-507263,CUST-103412,2025-05-17,0,0,False,False,507290.13000000006,Current,DEBT_CONSOLIDATION
LN-507264,CUST-102319,2025-05-17,0,0,False,False,18239.95499999999,Current,DEBT_CONSOLIDATION
LN-507265,CUST-103255,2025-05-17,0,0,False,False,45707.18999999999,Current,DEBT_CONSOLIDATION
LN-507266,CUST-101093,2025-05-17,0,0,False,False,2840.7400000000016,Current,DEBT_CONSOLIDATION
LN-507267,CUST-102939,2025-05-17,0,0,False,False,5559.830000000002,Current,DEBT_CONSOLIDATION
LN-507268,CUST-103438,2025-05-17,0,0,False,False,161424.38999999993,Current,DEBT_CONSOLIDATION
LN-507269,CUST-107271,2025-05-17,0,0,False,False,16634.62500000002,Current,DEBT_CONSOLIDATION
LN-507270,CUST-102602,2025-05-17,0,0,False,False,420.6299999999999,Current,DEBT_CONSOLIDATION
LN-507271,CUST-107537,2025-05-17,0,0,False,False,18940.59999999998,Current,DEBT_CONSOLIDATION
LN-507272,CUST-102301,2025-05-17,0,0,False,False,2358.1599999999994,Current,DEBT_CONSOLIDATION
LN-507273,CUST-107738,2025-05-17,0,0,False,False,8852.357500000002,Current,DEBT_CONSOLIDATION
LN-507274,CUST-103131,2025-05-17,1,30,False,False,26237.704999999994,1-29,DEBT_CONSOLIDATION
LN-507275,CUST-106093,2025-05-17,0,0,False,False,22325.884999999995,Current,DEBT_CONSOLIDATION
LN-507276,CUST-106887,2025-05-17,0,0,False,False,6875.459999999998,Current,DEBT_CONSOLIDATION
LN-507277,CUST-106774,2025-05-17,0,0,False,False,30497.01,Current,DEBT_CONSOLIDATION
LN-507279,CUST-103616,2025-05-17,0,0,False,False,15764.2325,Current,DEBT_CONSOLIDATION
LN-507280,CUST-100398,2025-05-17,0,0,False,False,17287.639999999978,Current,DEBT_CONSOLIDATION
LN-507281,CUST-104817,2025-05-17,0,0,False,False,34834.6175,Current,DEBT_CONSOLIDATION
LN-507282,CUST-100204,2025-05-17,0,0,False,False,35367.08,Current,DEBT_CONSOLIDATION
LN-507283,CUST-107014,2025-05-17,0,0,False,False,13591.580000000004,Current,DEBT_CONSOLIDATION
LN-507284,CUST-101075,2025-05-17,0,0,False,False,5137.039999999999,Current,DEBT_CONSOLIDATION
LN-507285,CUST-101958,2025-05-17,4,92,False,False,81097.44000000006,90+,DEBT_CONSOLIDATION
LN-507287,CUST-103728,2025-05-17,0,0,False,False,13051.499999999993,Current,DEBT_CONSOLIDATION
LN-507288,CUST-103394,2025-05-17,0,0,True,False,16988.95999999999,Current,DEBT_CONSOLIDATION
LN-507289,CUST-102502,2025-05-17,0,0,False,False,47894.8,Current,DEBT_CONSOLIDATION
LN-507290,CUST-103490,2025-05-17,0,0,False,False,32822.719999999994,Current,DEBT_CONSOLIDATION
LN-507291,CUST-104222,2025-05-17,0,0,False,False,36520.3,Current,DEBT_CONSOLIDATION
LN-507292,CUST-106430,2025-05-17,0,0,False,False,14453.254999999996,Current,DEBT_CONSOLIDATION
LN-507294,CUST-103084,2025-05-17,0,0,False,False,16791.665000000005,Current,DEBT_CONSOLIDATION
LN-507295,CUST-105456,2025-05-17,1,7,False,False,28429.410000000014,1-29,DEBT_CONSOLIDATION
LN-507296,CUST-106326,2025-05-17,0,0,False,False,4920.289999999998,Current,DEBT_CONSOLIDATION
LN-507297,CUST-106976,2025-05-17,0,0,False,False,22626.475,Current,DEBT_CONSOLIDATION
LN-507298,CUST-104445,2025-05-17,0,0,False,False,22252.655,Current,DEBT_CONSOLIDATION
LN-507299,CUST-106119,2025-05-17,0,0,False,False,20759.2775,Current,DEBT_CONSOLIDATION
LN-507300,CUST-100797,2025-05-17,0,0,False,False,31602.96500000002,Current,DEBT_CONSOLIDATION
LN-507301,CUST-104245,2025-05-17,0,0,False,False,11956.5125,Current,DEBT_CONSOLIDATION
LN-507302,CUST-103009,2025-05-17,0,0,False,False,15466.78,Current,DEBT_CONSOLIDATION
LN-507303,CUST-107352,2025-05-17,0,0,False,False,18129.42249999999,Current,DEBT_CONSOLIDATION
LN-507304,CUST-104347,2025-05-17,1,11,False,False,11213.34,1-29,DEBT_CONSOLIDATION
LN-507305,CUST-107002,2025-05-17,0,0,False,False,32036.579999999994,Current,DEBT_CONSOLIDATION
LN-507306,CUST-104327,2025-05-17,0,0,False,False,52257.784999999996,Current,DEBT_CONSOLIDATION
LN-507307,CUST-103591,2025-05-17,0,0,False,False,32853.80250000003,Current,DEBT_CONSOLIDATION
LN-507308,CUST-103942,2025-05-17,0,0,False,False,1334.4700000000005,Current,DEBT_CONSOLIDATION
LN-507309,CUST-103592,2025-05-17,2,60,False,False,15083.07,30-59,DEBT_CONSOLIDATION
LN-507310,CUST-107896,2025-05-17,1,16,False,False,23562.405000000002,1-29,DEBT_CONSOLIDATION
LN-507311,CUST-107712,2025-05-17,0,0,False,False,45831.92,Current,DEBT_CONSOLIDATION
LN-507312,CUST-101205,2025-05-17,0,0,False,False,22221.894999999993,Current,DEBT_CONSOLIDATION
LN-507313,CUST-106842,2025-05-17,3,72,False,False,25645.62749999998,60-89,DEBT_CONSOLIDATION
LN-507314,CUST-105553,2025-05-17,0,0,False,False,17129.395,Current,DEBT_CONSOLIDATION
LN-507316,CUST-103234,2025-05-17,0,0,False,False,30071.455,Current,DEBT_CONSOLIDATION
LN-507317,CUST-105534,2025-05-17,4,102,False,False,96808.85,90+,DEBT_CONSOLIDATION
LN-507318,CUST-106243,2025-05-17,0,0,False,False,632192.1599999999,Current,DEBT_CONSOLIDATION
LN-507319,CUST-100668,2025-05-17,0,0,False,False,42315.30000000001,Current,DEBT_CONSOLIDATION
LN-507320,CUST-104146,2025-05-17,0,0,False,False,327322.44,Current,DEBT_CONSOLIDATION
LN-507321,CUST-101984,2025-05-17,0,0,False,False,11474.229999999996,Current,DEBT_CONSOLIDATION
LN-507322,CUST-106233,2025-05-17,0,0,False,False,25161.845,Current,DEBT_CONSOLIDATION
LN-507323,CUST-101798,2025-05-17,0,0,False,True,34193.095,Current,DEBT_CONSOLIDATION
LN-507324,CUST-101280,2025-05-17,0,0,False,False,35824.1625,Current,DEBT_CONSOLIDATION
LN-507325,CUST-104261,2025-05-17,0,0,False,False,13767.5,Current,DEBT_CONSOLIDATION
LN-507326,CUST-103366,2025-05-17,0,0,False,False,35219.35749999999,Current,DEBT_CONSOLIDATION
LN-507327,CUST-102304,2025-05-17,0,0,False,False,28057.370000000003,Current,DEBT_CONSOLIDATION
LN-507328,CUST-107087,2025-05-17,0,0,False,False,14270.6575,Current,DEBT_CONSOLIDATION
LN-507329,CUST-102541,2025-05-17,0,0,False,False,22164.87750000001,Current,DEBT_CONSOLIDATION
LN-507330,CUST-107359,2025-05-17,0,0,False,False,31130.809999999983,Current,DEBT_CONSOLIDATION
LN-507331,CUST-107892,2025-05-17,0,0,False,False,93303.78250000002,Current,DEBT_CONSOLIDATION
LN-507332,CUST-102110,2025-05-17,0,0,False,False,27374.70000000002,Current,DEBT_CONSOLIDATION
LN-507333,CUST-101214,2025-05-17,0,0,False,False,48986.82750000002,Current,DEBT_CONSOLIDATION
LN-507334,CUST-101167,2025-05-17,0,0,False,False,13736.440000000002,Current,DEBT_CONSOLIDATION
LN-507335,CUST-106107,2025-05-17,0,0,False,False,8365.23,Current,DEBT_CONSOLIDATION
LN-507336,CUST-103715,2025-05-17,0,0,False,False,12466.2575,Current,DEBT_CONSOLIDATION
LN-507337,CUST-100769,2025-05-17,0,0,False,False,14085.96249999999,Current,DEBT_CONSOLIDATION
LN-507338,CUST-105875,2025-05-17,0,0,False,False,6354.410000000002,Current,DEBT_CONSOLIDATION
LN-507339,CUST-106265,2025-05-17,0,0,False,False,41729.8475,Current,DEBT_CONSOLIDATION
LN-507340,CUST-105910,2025-05-17,0,0,False,False,29655.21,Current,DEBT_CONSOLIDATION
LN-507341,CUST-106600,2025-05-17,1,8,False,False,26536.87750000001,1-29,DEBT_CONSOLIDATION
LN-507342,CUST-107074,2025-05-17,0,0,False,False,51212.795,Current,DEBT_CONSOLIDATION
LN-507344,CUST-104608,2025-05-17,0,0,False,False,31399.162499999995,Current,DEBT_CONSOLIDATION
LN-507345,CUST-102528,2025-05-17,1,17,False,False,34276.23999999998,1-29,DEBT_CONSOLIDATION
LN-507347,CUST-100891,2025-05-17,0,0,False,False,16799.47750000001,Current,DEBT_CONSOLIDATION
LN-507348,CUST-107968,2025-05-17,0,0,False,False,94644.9,Current,DEBT_CONSOLIDATION
LN-507349,CUST-107186,2025-05-17,0,0,False,False,27574.680000000008,Current,DEBT_CONSOLIDATION
LN-507350,CUST-102550,2025-05-17,0,0,False,False,33816.44000000002,Current,DEBT_CONSOLIDATION
LN-507351,CUST-106463,2025-05-17,1,30,False,False,4440.170000000002,1-29,DEBT_CONSOLIDATION
LN-507352,CUST-105945,2025-05-17,0,0,False,False,6676.62,Current,DEBT_CONSOLIDATION
LN-507353,CUST-105772,2025-05-17,0,0,False,False,12393.982500000007,Current,DEBT_CONSOLIDATION
LN-507354,CUST-105978,2025-05-17,0,0,False,False,16726.29,Current,DEBT_CONSOLIDATION
LN-507355,CUST-105895,2025-05-17,1,14,False,False,109503.87999999992,1-29,DEBT_CONSOLIDATION
LN-507356,CUST-101874,2025-05-17,0,0,False,False,1501.7974999999992,Current,DEBT_CONSOLIDATION
LN-507357,CUST-100542,2025-05-17,0,0,False,False,40213.667499999996,Current,DEBT_CONSOLIDATION
LN-507359,CUST-102360,2025-05-17,0,0,False,False,7090.060000000001,Current,DEBT_CONSOLIDATION
LN-507360,CUST-103246,2025-05-17,0,0,False,False,8360.0975,Current,DEBT_CONSOLIDATION
LN-507362,CUST-106398,2025-05-17,0,0,False,False,30985.844999999994,Current,DEBT_CONSOLIDATION
LN-507363,CUST-107423,2025-05-17,0,0,False,False,27514.30750000001,Current,DEBT_CONSOLIDATION
LN-507364,CUST-107373,2025-05-17,0,0,False,False,33898.19250000001,Current,DEBT_CONSOLIDATION
LN-507365,CUST-106282,2025-05-17,0,0,False,False,510958.345,Current,DEBT_CONSOLIDATION
LN-507366,CUST-103622,2025-05-17,0,0,False,False,19875.09,Current,DEBT_CONSOLIDATION
LN-507368,CUST-107095,2025-05-17,0,0,False,False,7795.99,Current,DEBT_CONSOLIDATION
LN-507369,CUST-104434,2025-05-17,0,0,False,False,8585.715000000004,Current,DEBT_CONSOLIDATION
LN-507370,CUST-100241,2025-05-17,0,0,False,False,28356.47999999998,Current,DEBT_CONSOLIDATION
LN-507371,CUST-104160,2025-05-17,0,0,False,False,4629.689999999998,Current,DEBT_CONSOLIDATION
LN-507372,CUST-101125,2025-05-17,0,0,False,False,32416.93,Current,DEBT_CONSOLIDATION
LN-507373,CUST-104983,2025-05-17,0,0,False,False,4695.490000000003,Current,DEBT_CONSOLIDATION
LN-507374,CUST-106396,2025-05-17,0,0,False,False,8326.454999999998,Current,DEBT_CONSOLIDATION
LN-507375,CUST-106017,2025-05-17,0,0,False,False,25655.94,Current,DEBT_CONSOLIDATION
LN-507377,CUST-105341,2025-05-17,0,0,False,False,134035.53499999986,Current,DEBT_CONSOLIDATION
LN-507378,CUST-101639,2025-05-17,0,0,False,False,5779.167500000002,Current,DEBT_CONSOLIDATION
LN-507379,CUST-106530,2025-05-17,0,0,True,False,27642.359999999993,Current,DEBT_CONSOLIDATION
LN-507380,CUST-102799,2025-05-17,0,0,False,False,22584.079999999998,Current,DEBT_CONSOLIDATION
LN-507381,CUST-102854,2025-05-17,0,0,False,False,35716.530000000035,Current,DEBT_CONSOLIDATION
LN-507382,CUST-104193,2025-05-17,0,0,False,False,16705.16,Current,DEBT_CONSOLIDATION
LN-507383,CUST-100064,2025-05-17,0,0,False,False,11344.375,Current,DEBT_CONSOLIDATION
LN-507384,CUST-100320,2025-05-17,1,29,False,False,32161.375,1-29,DEBT_CONSOLIDATION
LN-507385,CUST-100977,2025-05-17,0,0,False,False,24689.440000000017,Current,DEBT_CONSOLIDATION
LN-507386,CUST-101912,2025-05-17,0,0,False,False,28902.380000000005,Current,DEBT_CONSOLIDATION
LN-507387,CUST-101252,2025-05-17,0,0,False,False,7174.417499999996,Current,DEBT_CONSOLIDATION
LN-507388,CUST-105322,2025-05-17,0,0,True,False,115808.02000000006,Current,DEBT_CONSOLIDATION
LN-507389,CUST-106213,2025-05-17,0,0,False,False,3618.05,Current,DEBT_CONSOLIDATION
LN-507390,CUST-104181,2025-05-17,0,0,False,False,26371.09,Current,DEBT_CONSOLIDATION
LN-507391,CUST-106554,2025-05-17,0,0,False,False,12295.484999999999,Current,DEBT_CONSOLIDATION
LN-507392,CUST-103055,2025-05-17,0,0,False,False,54317.22,Current,DEBT_CONSOLIDATION
LN-507393,CUST-105518,2025-05-17,0,0,False,False,14203.650000000003,Current,DEBT_CONSOLIDATION
LN-507394,CUST-107217,2025-05-17,0,0,False,False,9317.550000000003,Current,DEBT_CONSOLIDATION
LN-507395,CUST-106719,2025-05-17,0,0,False,False,15238.7625,Current,DEBT_CONSOLIDATION
LN-507397,CUST-105437,2025-05-17,0,0,False,False,19214.63249999999,Current,DEBT_CONSOLIDATION
LN-507398,CUST-101073,2025-05-17,0,0,False,False,7975.655000000001,Current,DEBT_CONSOLIDATION
LN-507399,CUST-104430,2025-05-17,0,0,False,False,9867.500000000005,Current,DEBT_CONSOLIDATION
LN-507400,CUST-106009,2025-05-17,0,0,False,False,1516.4149999999995,Current,DEBT_CONSOLIDATION
LN-507402,CUST-105591,2025-05-17,0,0,False,False,18495.260000000002,Current,DEBT_CONSOLIDATION
LN-507403,CUST-105449,2025-05-17,0,0,False,False,124867.50000000006,Current,DEBT_CONSOLIDATION
LN-507404,CUST-101740,2025-05-17,0,0,False,False,2676.349999999998,Current,DEBT_CONSOLIDATION
LN-507405,CUST-101329,2025-05-17,0,0,False,False,6164.900000000001,Current,DEBT_CONSOLIDATION
LN-507407,CUST-103066,2025-05-17,0,0,False,False,28959.7875,Current,DEBT_CONSOLIDATION
LN-507408,CUST-104416,2025-05-17,0,0,False,False,15743.044999999995,Current,DEBT_CONSOLIDATION
LN-507409,CUST-104540,2025-05-17,0,0,False,False,4262.295000000003,Current,DEBT_CONSOLIDATION
LN-507410,CUST-105278,2025-05-17,0,0,False,False,27195.08,Current,DEBT_CONSOLIDATION
LN-507411,CUST-107388,2025-05-17,0,0,False,False,26719.339999999997,Current,DEBT_CONSOLIDATION
LN-507412,CUST-106876,2025-05-17,0,0,False,False,11372.47,Current,DEBT_CONSOLIDATION
LN-507413,CUST-103705,2025-05-17,0,0,False,False,12482.345000000001,Current,DEBT_CONSOLIDATION
LN-507414,CUST-100335,2025-05-17,0,0,False,False,6120.350000000008,Current,DEBT_CONSOLIDATION
LN-507415,CUST-106213,2025-05-17,2,39,False,False,24360.310000000005,30-59,DEBT_CONSOLIDATION
LN-507416,CUST-102907,2025-05-17,0,0,False,False,16965.12,Current,DEBT_CONSOLIDATION
LN-507417,CUST-106283,2025-05-17,0,0,False,False,34027.32,Current,DEBT_CONSOLIDATION
LN-507419,CUST-101146,2025-05-17,0,0,False,False,21279.982500000013,Current,DEBT_CONSOLIDATION
LN-507420,CUST-103730,2025-05-17,0,0,False,False,40165.594999999994,Current,DEBT_CONSOLIDATION
LN-507421,CUST-101792,2025-05-17,0,0,False,False,20990.8775,Current,DEBT_CONSOLIDATION
LN-507422,CUST-104084,2025-05-17,0,0,False,False,7443.122499999998,Current,DEBT_CONSOLIDATION
LN-507423,CUST-100661,2025-05-17,0,0,False,False,23477.820000000003,Current,DEBT_CONSOLIDATION
LN-507425,CUST-101854,2025-05-17,0,0,False,False,21766.735,Current,DEBT_CONSOLIDATION
LN-507426,CUST-104143,2025-05-17,0,0,False,False,6942.185000000001,Current,DEBT_CONSOLIDATION
LN-507427,CUST-106387,2025-05-17,0,0,False,False,20485.445,Current,DEBT_CONSOLIDATION
LN-507428,CUST-104902,2025-05-17,0,0,False,False,20338.739999999998,Current,DEBT_CONSOLIDATION
LN-507429,CUST-105453,2025-05-17,0,0,False,False,44789.49750000001,Current,DEBT_CONSOLIDATION
LN-507430,CUST-105582,2025-05-17,0,0,False,False,3486.0099999999998,Current,DEBT_CONSOLIDATION
LN-507431,CUST-103943,2025-05-17,0,0,False,False,58441.24000000003,Current,DEBT_CONSOLIDATION
LN-507433,CUST-101971,2025-05-17,0,0,False,False,42295.31250000001,Current,DEBT_CONSOLIDATION
LN-507434,CUST-100659,2025-05-17,0,0,False,False,36914.79999999998,Current,DEBT_CONSOLIDATION
LN-507435,CUST-105867,2025-05-17,0,0,False,False,79010.81,Current,DEBT_CONSOLIDATION
LN-507436,CUST-104992,2025-05-17,0,0,False,False,125519.2525,Current,DEBT_CONSOLIDATION
LN-507437,CUST-103979,2025-05-17,1,8,False,False,20945.712499999998,1-29,DEBT_CONSOLIDATION
LN-507438,CUST-105813,2025-05-17,0,0,False,False,78132.63500000001,Current,DEBT_CONSOLIDATION
LN-507439,CUST-107631,2025-05-17,0,0,False,False,43104.95,Current,DEBT_CONSOLIDATION
LN-507440,CUST-100121,2025-05-17,0,0,False,False,23975.784999999996,Current,DEBT_CONSOLIDATION
LN-507441,CUST-106578,2025-05-17,2,46,False,False,15089.612499999996,30-59,DEBT_CONSOLIDATION
LN-507442,CUST-100950,2025-05-17,0,0,False,False,18519.514999999996,Current,DEBT_CONSOLIDATION
LN-507443,CUST-100708,2025-05-17,0,0,False,False,17948.01,Current,DEBT_CONSOLIDATION
LN-507445,CUST-103076,2025-05-17,0,0,False,False,576087.0800000002,Current,DEBT_CONSOLIDATION
LN-507446,CUST-100448,2025-05-17,0,0,False,False,37010.83500000002,Current,DEBT_CONSOLIDATION
LN-507448,CUST-105107,2025-05-17,0,0,False,False,25082.499999999985,Current,DEBT_CONSOLIDATION
LN-507449,CUST-102924,2025-05-17,2,42,False,False,4999.4,30-59,DEBT_CONSOLIDATION
LN-507450,CUST-106123,2025-05-17,0,0,False,False,46336.909999999996,Current,DEBT_CONSOLIDATION
LN-507451,CUST-104827,2025-05-17,0,0,False,False,45651.0775,Current,DEBT_CONSOLIDATION
LN-507452,CUST-100567,2025-05-17,0,0,False,False,5352.73,Current,DEBT_CONSOLIDATION
LN-507453,CUST-103365,2025-05-17,0,0,False,False,22300.48999999998,Current,DEBT_CONSOLIDATION
LN-507454,CUST-103416,2025-05-17,4,99,False,False,11931.569999999998,90+,DEBT_CONSOLIDATION
LN-507455,CUST-100571,2025-05-17,0,0,False,False,26647.780000000002,Current,DEBT_CONSOLIDATION
LN-507456,CUST-103083,2025-05-17,0,0,False,False,2204.6175000000026,Current,DEBT_CONSOLIDATION
LN-507460,CUST-107761,2025-05-17,0,0,False,False,500711.48,Current,DEBT_CONSOLIDATION
LN-507461,CUST-103967,2025-05-17,0,0,False,False,49025.49,Current,DEBT_CONSOLIDATION
LN-507462,CUST-100028,2025-05-17,0,0,False,False,12691.355,Current,DEBT_CONSOLIDATION
LN-507463,CUST-105281,2025-05-17,0,0,False,False,8414.449999999993,Current,DEBT_CONSOLIDATION
LN-507464,CUST-100700,2025-05-17,0,0,False,False,45420.71,Current,DEBT_CONSOLIDATION
LN-507465,CUST-103560,2025-05-17,4,94,False,False,9396.440000000008,90+,DEBT_CONSOLIDATION
LN-507466,CUST-105148,2025-05-17,0,0,False,False,103513.285,Current,DEBT_CONSOLIDATION
LN-507467,CUST-104625,2025-05-17,0,0,False,False,10577.31,Current,DEBT_CONSOLIDATION
LN-507468,CUST-102951,2025-05-17,0,0,False,False,74159.23000000001,Current,DEBT_CONSOLIDATION
LN-507469,CUST-100505,2025-05-17,0,0,False,False,172592.76250000004,Current,DEBT_CONSOLIDATION
LN-507470,CUST-107809,2025-05-17,0,0,False,False,42704.0025,Current,DEBT_CONSOLIDATION
LN-507471,CUST-100237,2025-05-17,0,0,False,False,8655.695000000003,Current,DEBT_CONSOLIDATION
LN-507472,CUST-107030,2025-05-17,0,0,False,False,9674.704999999996,Current,DEBT_CONSOLIDATION
LN-507473,CUST-105836,2025-05-17,0,0,False,False,35066.44499999998,Current,DEBT_CONSOLIDATION
LN-507474,CUST-107725,2025-05-17,0,0,False,False,25639.16,Current,DEBT_CONSOLIDATION
LN-507475,CUST-103757,2025-05-17,0,0,False,False,37254.687499999985,Current,DEBT_CONSOLIDATION
LN-507476,CUST-106361,2025-05-17,0,0,False,False,7296.88,Current,DEBT_CONSOLIDATION
LN-507478,CUST-106218,2025-05-17,0,0,False,False,20750.742499999997,Current,DEBT_CONSOLIDATION
LN-507479,CUST-102316,2025-05-17,0,0,False,False,3070.1150000000002,Current,DEBT_CONSOLIDATION
LN-507480,CUST-104968,2025-05-17,0,0,False,False,26218.290000000005,Current,DEBT_CONSOLIDATION
LN-507481,CUST-106439,2025-05-17,0,0,False,False,26694.48,Current,DEBT_CONSOLIDATION
LN-507482,CUST-104576,2025-05-17,0,0,False,False,21763.3925,Current,DEBT_CONSOLIDATION
LN-507483,CUST-101606,2025-05-17,0,0,False,False,30650.67499999997,Current,DEBT_CONSOLIDATION
LN-507484,CUST-103734,2025-05-17,0,0,False,False,26386.67,Current,DEBT_CONSOLIDATION
LN-507485,CUST-102434,2025-05-17,0,0,False,True,17245.475,Current,DEBT_CONSOLIDATION
LN-507486,CUST-101982,2025-05-17,0,0,False,False,14787.854999999992,Current,DEBT_CONSOLIDATION
LN-507487,CUST-100401,2025-05-17,0,0,False,False,24932.170000000002,Current,DEBT_CONSOLIDATION
LN-507488,CUST-105068,2025-05-17,0,0,False,False,16120.580000000002,Current,DEBT_CONSOLIDATION
LN-507489,CUST-105187,2025-05-17,0,0,False,False,118263.83500000008,Current,DEBT_CONSOLIDATION
LN-507490,CUST-105820,2025-05-17,0,0,False,False,15719.41,Current,DEBT_CONSOLIDATION
LN-507491,CUST-104366,2025-05-17,0,0,False,False,14478.669999999998,Current,DEBT_CONSOLIDATION
LN-507492,CUST-100971,2025-05-17,0,0,False,False,10707.974999999999,Current,DEBT_CONSOLIDATION
LN-507493,CUST-106747,2025-05-17,0,0,False,False,22728.182500000014,Current,DEBT_CONSOLIDATION
LN-507494,CUST-102175,2025-05-17,0,0,False,False,18180.144999999982,Current,DEBT_CONSOLIDATION
LN-507495,CUST-102033,2025-05-17,0,0,False,False,19016.17999999999,Current,DEBT_CONSOLIDATION
LN-507496,CUST-100633,2025-05-17,1,24,False,False,5466.305,1-29,DEBT_CONSOLIDATION
LN-507497,CUST-107428,2025-05-17,0,0,False,False,26471.077499999996,Current,DEBT_CONSOLIDATION
LN-507498,CUST-101243,2025-05-17,0,0,False,False,28094.357499999995,Current,DEBT_CONSOLIDATION
LN-507499,CUST-103204,2025-05-17,0,0,False,False,23195.214999999993,Current,DEBT_CONSOLIDATION
LN-507500,CUST-104398,2025-05-17,0,0,False,False,17895.06999999998,Current,DEBT_CONSOLIDATION
LN-507501,CUST-102100,2025-05-17,0,0,False,False,14185.722500000003,Current,DEBT_CONSOLIDATION
LN-507502,CUST-105830,2025-05-17,0,0,False,False,128190.89499999996,Current,DEBT_CONSOLIDATION
LN-507503,CUST-100120,2025-05-17,0,0,False,False,18769.785,Current,DEBT_CONSOLIDATION
LN-507504,CUST-106791,2025-05-17,0,0,False,False,52775.5425,Current,DEBT_CONSOLIDATION
LN-507505,CUST-105002,2025-05-17,0,0,False,False,37276.22999999998,Current,DEBT_CONSOLIDATION
LN-507506,CUST-101954,2025-05-17,0,0,False,False,7642.82,Current,DEBT_CONSOLIDATION
LN-507507,CUST-107078,2025-05-17,0,0,False,False,53730.52,Current,DEBT_CONSOLIDATION
LN-507508,CUST-106746,2025-05-17,0,0,False,False,49055.18499999998,Current,DEBT_CONSOLIDATION
LN-507509,CUST-104301,2025-05-17,0,0,False,False,12033.420000000006,Current,DEBT_CONSOLIDATION
LN-507510,CUST-102103,2025-05-17,0,0,False,False,16628.16000000001,Current,DEBT_CONSOLIDATION
LN-507512,CUST-101569,2025-05-17,1,7,False,False,21999.359999999997,1-29,DEBT_CONSOLIDATION
LN-507513,CUST-104721,2025-05-17,0,0,False,False,8785.315000000004,Current,DEBT_CONSOLIDATION
LN-507515,CUST-100094,2025-05-17,0,0,False,False,24720.985000000015,Current,DEBT_CONSOLIDATION
LN-507516,CUST-102025,2025-05-17,0,0,False,False,14517.950000000004,Current,DEBT_CONSOLIDATION
LN-507517,CUST-102566,2025-05-17,0,0,False,False,15167.600000000002,Current,DEBT_CONSOLIDATION
LN-507518,CUST-104550,2025-05-17,0,0,False,False,9446.10500000001,Current,DEBT_CONSOLIDATION
LN-507519,CUST-106983,2025-05-17,0,0,False,False,24375.547499999993,Current,DEBT_CONSOLIDATION
LN-507520,CUST-104699,2025-05-17,0,0,False,False,41869.48000000002,Current,DEBT_CONSOLIDATION
LN-507521,CUST-103667,2025-05-17,0,0,False,False,79787.63000000002,Current,DEBT_CONSOLIDATION
LN-507522,CUST-107322,2025-05-17,0,0,False,False,25911.200000000004,Current,DEBT_CONSOLIDATION
LN-507523,CUST-103682,2025-05-17,0,0,False,False,21714.830000000005,Current,DEBT_CONSOLIDATION
LN-507524,CUST-100177,2025-05-17,0,0,False,False,33568.399999999994,Current,DEBT_CONSOLIDATION
LN-507526,CUST-103589,2025-05-17,0,0,False,False,18064.59999999999,Current,DEBT_CONSOLIDATION
LN-507527,CUST-102557,2025-05-17,0,0,False,False,23804.08,Current,DEBT_CONSOLIDATION
LN-507528,CUST-107463,2025-05-17,0,0,False,False,598125.9225000001,Current,DEBT_CONSOLIDATION
LN-507529,CUST-104119,2025-05-17,0,0,False,False,15861.98500000001,Current,DEBT_CONSOLIDATION
LN-507530,CUST-106682,2025-05-17,0,0,False,False,9980.285000000005,Current,DEBT_CONSOLIDATION
LN-507531,CUST-107734,2025-05-17,0,0,False,False,13103.53999999999,Current,DEBT_CONSOLIDATION
LN-507532,CUST-100696,2025-05-17,0,0,False,False,13020.665000000006,Current,DEBT_CONSOLIDATION
LN-507533,CUST-106856,2025-05-17,0,0,False,False,144206.7,Current,DEBT_CONSOLIDATION
LN-507534,CUST-103380,2025-05-17,0,0,False,False,26292.795,Current,DEBT_CONSOLIDATION
LN-507535,CUST-107509,2025-05-17,0,0,False,False,26397.965000000004,Current,DEBT_CONSOLIDATION
LN-507537,CUST-105385,2025-05-17,0,0,False,False,22419.86999999999,Current,DEBT_CONSOLIDATION
LN-507538,CUST-103752,2025-05-17,0,0,False,False,6738.237499999999,Current,DEBT_CONSOLIDATION
LN-507539,CUST-104491,2025-05-17,0,0,False,False,47377.770000000004,Current,DEBT_CONSOLIDATION
LN-507540,CUST-101585,2025-05-17,0,0,False,False,3099.460000000001,Current,DEBT_CONSOLIDATION
LN-507541,CUST-103036,2025-05-17,3,80,False,False,17952.82249999999,60-89,DEBT_CONSOLIDATION
LN-507542,CUST-100034,2025-05-17,0,0,False,False,44812.99000000001,Current,DEBT_CONSOLIDATION
LN-507543,CUST-105819,2025-05-17,0,0,False,False,19480.957499999997,Current,DEBT_CONSOLIDATION
LN-507544,CUST-105821,2025-05-17,0,0,False,False,352841.75,Current,DEBT_CONSOLIDATION
LN-507545,CUST-104352,2025-05-17,0,0,False,False,42645.42750000001,Current,DEBT_CONSOLIDATION
LN-507546,CUST-104629,2025-05-17,0,0,False,False,27834.315000000002,Current,DEBT_CONSOLIDATION
LN-507547,CUST-104793,2025-05-17,4,105,False,False,34071.53999999999,90+,DEBT_CONSOLIDATION
LN-507548,CUST-103783,2025-05-17,0,0,False,False,18244.035000000003,Current,DEBT_CONSOLIDATION
LN-507549,CUST-102741,2025-05-17,0,0,False,False,307.75000000000006,Current,DEBT_CONSOLIDATION
LN-507551,CUST-103437,2025-05-17,0,0,False,False,11338.684999999994,Current,DEBT_CONSOLIDATION
LN-507553,CUST-105697,2025-05-17,0,0,False,False,48605.2725,Current,DEBT_CONSOLIDATION
LN-507554,CUST-105610,2025-05-17,0,0,False,False,24757.989999999998,Current,DEBT_CONSOLIDATION
LN-507555,CUST-100395,2025-05-17,0,0,False,False,24870.820000000007,Current,DEBT_CONSOLIDATION
LN-507556,CUST-106405,2025-05-17,0,0,False,False,47060.00249999999,Current,DEBT_CONSOLIDATION
LN-507557,CUST-102178,2025-05-17,0,0,False,False,29135.019999999993,Current,DEBT_CONSOLIDATION
LN-507558,CUST-104226,2025-05-17,0,0,False,False,275190.3699999998,Current,DEBT_CONSOLIDATION
LN-507559,CUST-100595,2025-05-17,4,123,False,False,7273.3150000000005,90+,DEBT_CONSOLIDATION
LN-507560,CUST-103358,2025-05-17,0,0,False,False,30060.877500000006,Current,DEBT_CONSOLIDATION
LN-507561,CUST-103776,2025-05-17,0,0,False,False,9705.572499999997,Current,DEBT_CONSOLIDATION
LN-507562,CUST-101886,2025-05-17,0,0,False,False,49591.21,Current,DEBT_CONSOLIDATION
LN-507563,CUST-102247,2025-05-17,0,0,False,False,43066.8425,Current,DEBT_CONSOLIDATION
LN-507564,CUST-106169,2025-05-17,0,0,False,True,11539.977499999992,Current,DEBT_CONSOLIDATION
LN-507565,CUST-100207,2025-05-17,0,0,False,False,44795.2,Current,DEBT_CONSOLIDATION
LN-507566,CUST-102690,2025-05-17,1,9,False,False,17837.7,1-29,DEBT_CONSOLIDATION
LN-507567,CUST-103388,2025-05-17,0,0,False,False,183613.54999999996,Current,DEBT_CONSOLIDATION
LN-507568,CUST-106057,2025-05-17,0,0,False,False,10592.995,Current,DEBT_CONSOLIDATION
LN-507569,CUST-104189,2025-05-17,1,16,False,False,4848.175000000003,1-29,DEBT_CONSOLIDATION
LN-507570,CUST-105334,2025-05-17,1,3,False,False,15792.14,1-29,DEBT_CONSOLIDATION
LN-507571,CUST-100153,2025-05-17,0,0,False,False,17983.50999999999,Current,DEBT_CONSOLIDATION
LN-507572,CUST-103389,2025-05-17,0,0,False,False,17423.850000000002,Current,DEBT_CONSOLIDATION
LN-507573,CUST-100987,2025-05-17,0,0,False,False,11689.71,Current,DEBT_CONSOLIDATION
LN-507574,CUST-103934,2025-05-17,0,0,False,False,4943.139999999997,Current,DEBT_CONSOLIDATION
LN-507575,CUST-104741,2025-05-17,0,0,False,False,46274.43999999997,Current,DEBT_CONSOLIDATION
LN-507576,CUST-104905,2025-05-17,0,0,False,False,13127.1725,Current,DEBT_CONSOLIDATION
LN-507577,CUST-105647,2025-05-17,0,0,False,False,15763.322500000015,Current,DEBT_CONSOLIDATION
LN-507578,CUST-104173,2025-05-17,0,0,False,False,8938.339999999987,Current,DEBT_CONSOLIDATION
LN-507579,CUST-102336,2025-05-17,0,0,False,False,5936.267499999999,Current,DEBT_CONSOLIDATION
LN-507580,CUST-106841,2025-05-17,0,0,False,False,26973.389999999996,Current,DEBT_CONSOLIDATION
LN-507581,CUST-100936,2025-05-17,0,0,False,False,36935.399999999965,Current,DEBT_CONSOLIDATION
LN-507582,CUST-107262,2025-05-17,0,0,False,False,7366.627500000002,Current,DEBT_CONSOLIDATION
LN-507583,CUST-107406,2025-05-17,0,0,False,False,32297.1875,Current,DEBT_CONSOLIDATION
LN-507584,CUST-100935,2025-05-17,0,0,False,False,29115.16,Current,DEBT_CONSOLIDATION
LN-507585,CUST-107414,2025-05-17,0,0,False,False,29878.58,Current,DEBT_CONSOLIDATION
LN-507586,CUST-101555,2025-05-17,0,0,False,False,12582.755,Current,DEBT_CONSOLIDATION
LN-507587,CUST-104467,2025-05-17,0,0,False,False,41823.98999999999,Current,DEBT_CONSOLIDATION
LN-507588,CUST-105149,2025-05-17,0,0,False,False,8784.690000000006,Current,DEBT_CONSOLIDATION
LN-507589,CUST-107935,2025-05-17,0,0,False,False,10243.310000000001,Current,DEBT_CONSOLIDATION
LN-507590,CUST-101046,2025-05-17,0,0,False,False,39768.11750000001,Current,DEBT_CONSOLIDATION
LN-507591,CUST-103740,2025-05-17,0,0,False,False,16122.990000000007,Current,DEBT_CONSOLIDATION
LN-507592,CUST-101737,2025-05-17,0,0,False,False,9421.57,Current,DEBT_CONSOLIDATION
LN-507593,CUST-106703,2025-05-17,0,0,False,False,377145.74749999994,Current,DEBT_CONSOLIDATION
LN-507594,CUST-103741,2025-05-17,0,0,False,False,2385.5699999999993,Current,DEBT_CONSOLIDATION
LN-507595,CUST-101284,2025-05-17,0,0,False,False,30979.295000000002,Current,DEBT_CONSOLIDATION
LN-507596,CUST-100027,2025-05-17,0,0,False,False,46189.33499999999,Current,DEBT_CONSOLIDATION
LN-507597,CUST-107474,2025-05-17,0,0,False,False,77466.28250000002,Current,DEBT_CONSOLIDATION
LN-507598,CUST-106607,2025-05-17,0,0,False,False,563618.5800000004,Current,DEBT_CONSOLIDATION
LN-507599,CUST-106876,2025-05-17,0,0,False,False,16560.644999999997,Current,DEBT_CONSOLIDATION
LN-507600,CUST-100133,2025-05-17,0,0,False,False,95527.8625,Current,DEBT_CONSOLIDATION
LN-507601,CUST-107391,2025-05-17,0,0,False,False,87565.56999999998,Current,DEBT_CONSOLIDATION
LN-507602,CUST-101371,2025-05-17,0,0,False,False,8030.860000000001,Current,DEBT_CONSOLIDATION
LN-507603,CUST-102054,2025-05-17,0,0,False,False,3303.9300000000003,Current,DEBT_CONSOLIDATION
LN-507604,CUST-107465,2025-05-17,1,16,False,False,14812.77,1-29,DEBT_CONSOLIDATION
LN-507605,CUST-100388,2025-05-17,4,102,False,False,36883.17000000001,90+,DEBT_CONSOLIDATION
LN-507606,CUST-104881,2025-05-17,0,0,False,False,12215.644999999999,Current,DEBT_CONSOLIDATION
LN-507607,CUST-105358,2025-05-17,0,0,False,False,599123.2299999997,Current,DEBT_CONSOLIDATION
LN-507608,CUST-104444,2025-05-17,0,0,False,False,10781.800000000001,Current,DEBT_CONSOLIDATION
LN-507609,CUST-101575,2025-05-17,0,0,False,False,30599.155000000006,Current,DEBT_CONSOLIDATION
LN-507610,CUST-103196,2025-05-17,0,0,False,False,38511.46249999999,Current,DEBT_CONSOLIDATION
LN-507611,CUST-106668,2025-05-17,0,0,False,False,18106.775,Current,DEBT_CONSOLIDATION
LN-507612,CUST-106377,2025-05-17,0,0,False,False,31253.202500000014,Current,DEBT_CONSOLIDATION
LN-507613,CUST-103281,2025-05-17,0,0,False,False,8906.650000000007,Current,DEBT_CONSOLIDATION
LN-507614,CUST-100020,2025-05-17,0,0,False,False,10721.424999999994,Current,DEBT_CONSOLIDATION
LN-507615,CUST-104877,2025-05-17,0,0,False,False,31509.517499999973,Current,DEBT_CONSOLIDATION
LN-507617,CUST-106289,2025-05-17,0,0,False,False,3740.0049999999974,Current,DEBT_CONSOLIDATION
LN-507618,CUST-100672,2025-05-17,0,0,False,False,32188.264999999992,Current,DEBT_CONSOLIDATION
LN-507619,CUST-104736,2025-05-17,0,0,False,False,27226.92999999998,Current,DEBT_CONSOLIDATION
LN-507620,CUST-105931,2025-05-17,0,0,False,False,8645.4425,Current,DEBT_CONSOLIDATION
LN-507621,CUST-102561,2025-05-17,0,0,False,False,23935.945,Current,DEBT_CONSOLIDATION
LN-507622,CUST-106742,2025-05-17,0,0,False,False,14661.280000000006,Current,DEBT_CONSOLIDATION
LN-507623,CUST-104058,2025-05-17,1,9,False,False,11393.287500000006,1-29,DEBT_CONSOLIDATION
LN-507624,CUST-103244,2025-05-17,0,0,False,False,21977.47,Current,DEBT_CONSOLIDATION
LN-507625,CUST-100137,2025-05-17,0,0,False,False,5179.78,Current,DEBT_CONSOLIDATION
LN-507626,CUST-102230,2025-05-17,0,0,False,False,15204.962500000005,Current,DEBT_CONSOLIDATION
LN-507629,CUST-102825,2025-05-17,1,29,False,False,28305.300000000017,1-29,DEBT_CONSOLIDATION
LN-507630,CUST-106947,2025-05-17,0,0,False,False,8385.435,Current,DEBT_CONSOLIDATION
LN-507631,CUST-105892,2025-05-17,0,0,False,False,3663.4349999999995,Current,DEBT_CONSOLIDATION
LN-507632,CUST-104900,2025-05-17,0,0,True,False,13565.769999999999,Current,DEBT_CONSOLIDATION
LN-507633,CUST-100636,2025-05-17,0,0,False,False,5341.110000000001,Current,DEBT_CONSOLIDATION
LN-507634,CUST-103397,2025-05-17,0,0,False,False,3808.3499999999995,Current,DEBT_CONSOLIDATION
LN-507635,CUST-103629,2025-05-17,0,0,False,False,18189.910000000014,Current,DEBT_CONSOLIDATION
LN-507636,CUST-101319,2025-05-17,0,0,False,False,23336.842499999995,Current,DEBT_CONSOLIDATION
LN-507637,CUST-101330,2025-05-17,0,0,False,False,6824.554999999995,Current,DEBT_CONSOLIDATION
LN-507638,CUST-105643,2025-05-17,0,0,False,False,362883.84000000014,Current,DEBT_CONSOLIDATION
LN-507639,CUST-106220,2025-05-17,0,0,True,False,35099.47499999997,Current,DEBT_CONSOLIDATION
LN-507640,CUST-100716,2025-05-17,0,0,False,False,23909.71250000001,Current,DEBT_CONSOLIDATION
LN-507641,CUST-101484,2025-05-17,0,0,False,False,624882.35,Current,DEBT_CONSOLIDATION
LN-507642,CUST-103480,2025-05-17,0,0,False,False,46684.224999999984,Current,DEBT_CONSOLIDATION
LN-507643,CUST-103723,2025-05-17,0,0,False,False,24064.43,Current,DEBT_CONSOLIDATION
LN-507644,CUST-104778,2025-05-17,0,0,False,False,45017.3475,Current,DEBT_CONSOLIDATION
LN-507645,CUST-107982,2025-05-17,0,0,False,False,30405.405000000013,Current,DEBT_CONSOLIDATION
LN-507646,CUST-101261,2025-05-17,0,0,False,False,29561.68,Current,DEBT_CONSOLIDATION
LN-507648,CUST-103232,2025-05-17,0,0,False,False,8396.767499999994,Current,DEBT_CONSOLIDATION
LN-507649,CUST-102799,2025-05-17,0,0,False,False,34826.00249999997,Current,DEBT_CONSOLIDATION
LN-507650,CUST-103259,2025-05-17,0,0,False,False,31410.914999999997,Current,DEBT_CONSOLIDATION
LN-507651,CUST-103087,2025-05-17,0,0,False,False,61353.1,Current,DEBT_CONSOLIDATION
LN-507652,CUST-104371,2025-05-17,0,0,False,False,27150.63750000002,Current,DEBT_CONSOLIDATION
LN-507653,CUST-106752,2025-05-17,0,0,False,False,30370.007499999992,Current,DEBT_CONSOLIDATION
LN-507654,CUST-103627,2025-05-17,0,0,False,False,21919.18999999998,Current,DEBT_CONSOLIDATION
LN-507655,CUST-105060,2025-05-17,2,50,False,False,24177.915,30-59,DEBT_CONSOLIDATION
LN-507656,CUST-101911,2025-05-17,0,0,False,False,5908.4925,Current,DEBT_CONSOLIDATION
LN-507657,CUST-103637,2025-05-17,0,0,False,False,6624.527500000001,Current,DEBT_CONSOLIDATION
LN-507658,CUST-106273,2025-05-17,0,0,False,False,11910.640000000005,Current,DEBT_CONSOLIDATION
LN-507659,CUST-101521,2025-05-17,0,0,False,False,16794.68,Current,DEBT_CONSOLIDATION
LN-507660,CUST-105703,2025-05-17,0,0,False,False,20275.747499999994,Current,DEBT_CONSOLIDATION
LN-507661,CUST-101009,2025-05-17,0,0,False,False,28965.96,Current,DEBT_CONSOLIDATION
LN-507662,CUST-104958,2025-05-17,0,0,False,False,8482.3025,Current,DEBT_CONSOLIDATION
LN-507663,CUST-107501,2025-05-17,0,0,False,False,8685.382500000003,Current,DEBT_CONSOLIDATION
LN-507664,CUST-102143,2025-05-17,0,0,False,False,1059.1675,Current,DEBT_CONSOLIDATION
LN-507665,CUST-106390,2025-05-17,2,47,False,False,16904.719999999998,30-59,DEBT_CONSOLIDATION
LN-507666,CUST-104761,2025-05-17,0,0,False,False,17332.55249999999,Current,DEBT_CONSOLIDATION
LN-507667,CUST-104089,2025-05-17,0,0,False,False,1818.3599999999997,Current,DEBT_CONSOLIDATION
LN-507670,CUST-102246,2025-05-17,1,21,False,False,48602.18,1-29,DEBT_CONSOLIDATION
LN-507671,CUST-101572,2025-05-17,0,0,False,False,4966.26,Current,DEBT_CONSOLIDATION
LN-507672,CUST-107259,2025-05-17,1,14,False,False,365000.3600000001,1-29,DEBT_CONSOLIDATION
LN-507673,CUST-103336,2025-05-17,0,0,False,False,22039.879999999997,Current,DEBT_CONSOLIDATION
LN-507674,CUST-101657,2025-05-17,0,0,False,False,45955.68500000002,Current,DEBT_CONSOLIDATION
LN-507675,CUST-101344,2025-05-17,0,0,False,False,36529.01500000001,Current,DEBT_CONSOLIDATION
LN-507676,CUST-100830,2025-05-17,0,0,False,False,15003.42999999999,Current,DEBT_CONSOLIDATION
LN-507677,CUST-105015,2025-05-17,0,0,False,False,45843.46999999997,Current,DEBT_CONSOLIDATION
LN-507678,CUST-101821,2025-05-17,0,0,False,False,24152.494999999995,Current,DEBT_CONSOLIDATION
LN-507679,CUST-106195,2025-05-17,0,0,False,False,125817.23000000001,Current,DEBT_CONSOLIDATION
LN-507680,CUST-105941,2025-05-17,0,0,False,False,15432.607499999998,Current,DEBT_CONSOLIDATION
LN-507681,CUST-105372,2025-05-17,0,0,False,False,31746.71,Current,DEBT_CONSOLIDATION
LN-507682,CUST-107484,2025-05-17,0,0,False,False,16383.414999999999,Current,DEBT_CONSOLIDATION
LN-507683,CUST-101324,2025-05-17,0,0,False,False,4890.330000000001,Current,DEBT_CONSOLIDATION
LN-507684,CUST-103321,2025-05-17,3,83,False,False,8392.715000000004,60-89,DEBT_CONSOLIDATION
LN-507685,CUST-102386,2025-05-17,0,0,False,False,15473.269999999995,Current,DEBT_CONSOLIDATION
LN-507686,CUST-100706,2025-05-17,0,0,False,False,12748.91000000001,Current,DEBT_CONSOLIDATION
LN-507688,CUST-101030,2025-05-17,0,0,False,False,7304.504999999999,Current,DEBT_CONSOLIDATION
LN-507689,CUST-102339,2025-05-17,0,0,False,False,85529.63499999994,Current,DEBT_CONSOLIDATION
LN-507690,CUST-106035,2025-05-17,0,0,False,False,26121.60500000001,Current,DEBT_CONSOLIDATION
LN-507691,CUST-102599,2025-05-17,0,0,False,False,15184.787500000004,Current,DEBT_CONSOLIDATION
LN-507692,CUST-103418,2025-05-17,0,0,False,False,21055.620000000017,Current,DEBT_CONSOLIDATION
LN-507693,CUST-103393,2025-05-17,0,0,False,False,9979.327500000003,Current,DEBT_CONSOLIDATION
LN-507694,CUST-101655,2025-05-17,0,0,False,False,132510.825,Current,DEBT_CONSOLIDATION
LN-507695,CUST-101481,2025-05-17,0,0,False,False,6841.795000000004,Current,DEBT_CONSOLIDATION
LN-507697,CUST-104860,2025-05-17,0,0,False,False,38216.545,Current,DEBT_CONSOLIDATION
LN-507698,CUST-105084,2025-05-17,0,0,False,False,38998.029999999984,Current,DEBT_CONSOLIDATION
LN-507699,CUST-103216,2025-05-17,1,9,False,False,69632.5875,1-29,DEBT_CONSOLIDATION
LN-507700,CUST-106933,2025-05-17,0,0,False,False,18293.777499999997,Current,DEBT_CONSOLIDATION
LN-507701,CUST-106801,2025-05-17,0,0,False,False,25696.85,Current,DEBT_CONSOLIDATION
LN-507702,CUST-106633,2025-05-17,0,0,False,False,30787.47,Current,DEBT_CONSOLIDATION
LN-507703,CUST-100113,2025-05-17,0,0,False,False,9405.699999999999,Current,DEBT_CONSOLIDATION
LN-507704,CUST-105686,2025-05-17,0,0,False,False,40244.4275,Current,DEBT_CONSOLIDATION
LN-507705,CUST-106539,2025-05-17,0,0,False,False,24421.040000000005,Current,DEBT_CONSOLIDATION
LN-507706,CUST-107317,2025-05-17,0,0,False,False,18326.007499999974,Current,DEBT_CONSOLIDATION
LN-507707,CUST-107122,2025-05-17,0,0,False,False,625762.5300000004,Current,DEBT_CONSOLIDATION
LN-507708,CUST-104583,2025-05-17,0,0,False,False,40748.67000000004,Current,DEBT_CONSOLIDATION
LN-507709,CUST-100369,2025-05-17,0,0,False,False,50690.86,Current,DEBT_CONSOLIDATION
LN-507710,CUST-107543,2025-05-17,0,0,False,False,13789.750000000007,Current,DEBT_CONSOLIDATION
LN-507711,CUST-107648,2025-05-17,1,21,False,False,12371.559999999998,1-29,DEBT_CONSOLIDATION
LN-507712,CUST-105668,2025-05-17,0,0,False,False,17568.6025,Current,DEBT_CONSOLIDATION
LN-507714,CUST-103512,2025-05-17,0,0,False,False,1330.2299999999996,Current,DEBT_CONSOLIDATION
LN-507715,CUST-107455,2025-05-17,0,0,False,False,24835.11,Current,DEBT_CONSOLIDATION
LN-507716,CUST-105129,2025-05-17,0,0,False,False,6630.36,Current,DEBT_CONSOLIDATION
LN-507717,CUST-104414,2025-05-17,0,0,False,False,21497.95999999999,Current,DEBT_CONSOLIDATION
LN-507718,CUST-104971,2025-05-17,0,0,False,False,7734.1250000000055,Current,DEBT_CONSOLIDATION
LN-507719,CUST-102415,2025-05-17,0,0,False,False,15511.599999999999,Current,DEBT_CONSOLIDATION
LN-507720,CUST-103081,2025-05-17,0,0,False,False,29628.779999999995,Current,DEBT_CONSOLIDATION
LN-507722,CUST-103692,2025-05-17,0,0,False,False,34802.68500000002,Current,DEBT_CONSOLIDATION
LN-507723,CUST-106583,2025-05-17,0,0,False,False,10583.740000000002,Current,DEBT_CONSOLIDATION
LN-507724,CUST-102199,2025-05-17,0,0,False,False,590573.7750000001,Current,DEBT_CONSOLIDATION
LN-507725,CUST-103033,2025-05-17,0,0,False,False,22836.315000000002,Current,DEBT_CONSOLIDATION
LN-507726,CUST-102632,2025-05-17,0,0,False,False,46009.765,Current,DEBT_CONSOLIDATION
LN-507727,CUST-106645,2025-05-17,4,188,False,False,73976.35499999995,90+,DEBT_CONSOLIDATION
LN-507728,CUST-100376,2025-05-17,4,142,False,False,88063.28,90+,DEBT_CONSOLIDATION
LN-507729,CUST-107256,2025-05-17,0,0,False,False,30723.190000000002,Current,DEBT_CONSOLIDATION
LN-507730,CUST-105904,2025-05-17,1,15,False,False,5576.352499999998,1-29,DEBT_CONSOLIDATION
LN-507731,CUST-106316,2025-05-17,0,0,False,False,22693.982499999995,Current,DEBT_CONSOLIDATION
LN-507732,CUST-105651,2025-05-17,0,0,False,False,4900.7125,Current,DEBT_CONSOLIDATION
LN-507733,CUST-104967,2025-05-17,0,0,False,False,14530.564999999995,Current,DEBT_CONSOLIDATION
LN-507734,CUST-103824,2025-05-17,0,0,False,False,24179.2725,Current,DEBT_CONSOLIDATION
LN-507735,CUST-107213,2025-05-17,0,0,False,False,18530.75,Current,DEBT_CONSOLIDATION
LN-507736,CUST-104546,2025-05-17,0,0,False,False,12360.020000000015,Current,DEBT_CONSOLIDATION
LN-507737,CUST-106439,2025-05-17,4,124,False,False,18304.4625,90+,DEBT_CONSOLIDATION
LN-507738,CUST-107030,2025-05-17,0,0,False,False,24880.967499999995,Current,DEBT_CONSOLIDATION
LN-507739,CUST-100734,2025-05-17,0,0,False,False,143539.52250000002,Current,DEBT_CONSOLIDATION
LN-507740,CUST-105806,2025-05-17,0,0,False,False,7503.914999999997,Current,DEBT_CONSOLIDATION
LN-507742,CUST-104094,2025-05-17,0,0,False,False,42579.40749999998,Current,DEBT_CONSOLIDATION
LN-507743,CUST-100284,2025-05-17,0,0,False,False,18943.145,Current,DEBT_CONSOLIDATION
LN-507744,CUST-104554,2025-05-17,0,0,False,False,11292.685000000003,Current,DEBT_CONSOLIDATION
LN-507746,CUST-103825,2025-05-17,0,0,False,False,2283.0,Current,DEBT_CONSOLIDATION
LN-507747,CUST-105597,2025-05-17,0,0,False,False,10029.529999999999,Current,DEBT_CONSOLIDATION
LN-507748,CUST-104289,2025-05-17,0,0,False,False,143525.82499999998,Current,DEBT_CONSOLIDATION
LN-507749,CUST-104474,2025-05-17,0,0,False,False,10691.039999999986,Current,DEBT_CONSOLIDATION
LN-507750,CUST-107168,2025-05-17,0,0,False,False,38548.475,Current,DEBT_CONSOLIDATION
LN-507751,CUST-103990,2025-05-17,0,0,False,False,21653.717499999995,Current,DEBT_CONSOLIDATION
LN-507752,CUST-101906,2025-05-17,0,0,False,False,40701.165000000015,Current,DEBT_CONSOLIDATION
LN-507753,CUST-100023,2025-05-17,0,0,False,False,47276.51,Current,DEBT_CONSOLIDATION
LN-507754,CUST-104279,2025-05-17,0,0,False,False,24755.910000000014,Current,DEBT_CONSOLIDATION
LN-507755,CUST-100369,2025-05-17,0,0,False,False,65441.57500000006,Current,DEBT_CONSOLIDATION
LN-507756,CUST-103373,2025-05-17,0,0,False,False,50298.67500000002,Current,DEBT_CONSOLIDATION
LN-507757,CUST-105215,2025-05-17,0,0,False,False,12739.48,Current,DEBT_CONSOLIDATION
LN-507759,CUST-102686,2025-05-17,0,0,False,False,22240.374999999993,Current,DEBT_CONSOLIDATION
LN-507760,CUST-107099,2025-05-17,0,0,False,False,8306.459999999994,Current,DEBT_CONSOLIDATION
LN-507761,CUST-100646,2025-05-17,0,0,False,False,598126.6699999999,Current,DEBT_CONSOLIDATION
LN-507762,CUST-102223,2025-05-17,0,0,False,False,6597.332499999997,Current,DEBT_CONSOLIDATION
LN-507763,CUST-105292,2025-05-17,0,0,False,False,31376.8725,Current,DEBT_CONSOLIDATION
LN-507764,CUST-102151,2025-05-17,0,0,False,False,28590.720000000016,Current,DEBT_CONSOLIDATION
LN-507765,CUST-103372,2025-05-17,0,0,False,False,30574.33,Current,DEBT_CONSOLIDATION
LN-507766,CUST-104694,2025-05-17,0,0,False,False,7231.135,Current,DEBT_CONSOLIDATION
LN-507767,CUST-106239,2025-05-17,0,0,False,False,38408.470000000016,Current,DEBT_CONSOLIDATION
LN-507769,CUST-107800,2025-05-17,0,0,False,False,87793.58000000003,Current,DEBT_CONSOLIDATION
LN-507770,CUST-104457,2025-05-17,0,0,False,False,31687.61499999999,Current,DEBT_CONSOLIDATION
LN-507771,CUST-101403,2025-05-17,0,0,False,False,14571.107499999993,Current,DEBT_CONSOLIDATION
LN-507772,CUST-101797,2025-05-17,0,0,False,False,16109.872499999989,Current,DEBT_CONSOLIDATION
LN-507773,CUST-103279,2025-05-17,0,0,False,False,18738.83,Current,DEBT_CONSOLIDATION
LN-507774,CUST-102131,2025-05-17,0,0,False,False,48485.685000000005,Current,DEBT_CONSOLIDATION
LN-507775,CUST-107410,2025-05-17,2,59,False,False,5120.655000000001,30-59,DEBT_CONSOLIDATION
LN-507776,CUST-100077,2025-05-17,0,0,False,False,11847.760000000004,Current,DEBT_CONSOLIDATION
LN-507777,CUST-101784,2025-05-17,0,0,False,False,6050.0000000000055,Current,DEBT_CONSOLIDATION
LN-507778,CUST-105259,2025-05-17,0,0,False,False,24964.97999999999,Current,DEBT_CONSOLIDATION
LN-507779,CUST-105641,2025-05-17,0,0,False,False,10023.402499999997,Current,DEBT_CONSOLIDATION
LN-507780,CUST-102408,2025-05-17,0,0,False,False,39747.21000000003,Current,DEBT_CONSOLIDATION
LN-507781,CUST-107243,2025-05-17,0,0,False,False,14965.814999999993,Current,DEBT_CONSOLIDATION
LN-507782,CUST-107109,2025-05-17,0,0,False,False,12409.299999999992,Current,DEBT_CONSOLIDATION
LN-507783,CUST-101410,2025-05-17,0,0,False,False,9349.735000000002,Current,DEBT_CONSOLIDATION
LN-507784,CUST-101393,2025-05-17,0,0,False,False,21800.560000000023,Current,DEBT_CONSOLIDATION
LN-507785,CUST-107483,2025-05-17,0,0,False,False,31373.7675,Current,DEBT_CONSOLIDATION
LN-507786,CUST-104304,2025-05-17,0,0,False,False,35475.6,Current,DEBT_CONSOLIDATION
LN-507787,CUST-105099,2025-05-17,0,0,False,False,36382.43999999998,Current,DEBT_CONSOLIDATION
LN-507788,CUST-105822,2025-05-17,0,0,False,False,12946.01749999999,Current,DEBT_CONSOLIDATION
LN-507789,CUST-106406,2025-05-17,0,0,False,False,51227.7025,Current,DEBT_CONSOLIDATION
LN-507790,CUST-107510,2025-05-17,0,0,False,False,20938.2,Current,DEBT_CONSOLIDATION
LN-507791,CUST-107282,2025-05-17,0,0,False,False,43236.02,Current,DEBT_CONSOLIDATION
LN-507792,CUST-100298,2025-05-17,0,0,False,False,15166.904999999992,Current,DEBT_CONSOLIDATION
LN-507793,CUST-105544,2025-05-17,1,4,False,False,15726.290000000008,1-29,DEBT_CONSOLIDATION
LN-507794,CUST-105659,2025-05-17,0,0,False,False,8785.570000000005,Current,DEBT_CONSOLIDATION
LN-507796,CUST-103638,2025-05-17,0,0,False,False,11710.57,Current,DEBT_CONSOLIDATION
LN-507797,CUST-102394,2025-05-17,0,0,False,False,24412.010000000002,Current,DEBT_CONSOLIDATION
LN-507798,CUST-105857,2025-05-17,0,0,False,False,33522.375,Current,DEBT_CONSOLIDATION
LN-507799,CUST-104578,2025-05-17,0,0,False,False,40282.917499999974,Current,DEBT_CONSOLIDATION
LN-507800,CUST-104360,2025-05-17,0,0,False,False,7495.834999999999,Current,DEBT_CONSOLIDATION
LN-507801,CUST-100906,2025-05-17,0,0,False,False,34503.889999999985,Current,DEBT_CONSOLIDATION
LN-507802,CUST-107813,2025-05-17,0,0,False,False,10382.830000000004,Current,DEBT_CONSOLIDATION
LN-507803,CUST-101305,2025-05-17,0,0,False,False,11444.039999999999,Current,DEBT_CONSOLIDATION
LN-507804,CUST-101976,2025-05-17,0,0,False,False,29142.90999999998,Current,DEBT_CONSOLIDATION
LN-507805,CUST-106885,2025-05-17,0,0,False,False,4514.505,Current,DEBT_CONSOLIDATION
LN-507806,CUST-106205,2025-05-17,0,0,False,False,1002.1150000000013,Current,DEBT_CONSOLIDATION
LN-507808,CUST-103661,2025-05-17,0,0,False,False,19184.510000000006,Current,DEBT_CONSOLIDATION
LN-507809,CUST-101140,2025-05-17,0,0,False,False,278722.03,Current,DEBT_CONSOLIDATION
LN-507810,CUST-105698,2025-05-17,0,0,False,False,73304.97,Current,DEBT_CONSOLIDATION
LN-507811,CUST-103258,2025-05-17,0,0,False,False,3084.1550000000007,Current,DEBT_CONSOLIDATION
LN-507812,CUST-104624,2025-05-17,1,22,False,False,23124.955,1-29,DEBT_CONSOLIDATION
LN-507813,CUST-101173,2025-05-17,0,0,False,False,10976.842499999999,Current,DEBT_CONSOLIDATION
LN-507814,CUST-106707,2025-05-17,0,0,False,False,5687.04,Current,DEBT_CONSOLIDATION
LN-507815,CUST-103110,2025-05-17,1,14,False,False,44077.57,1-29,DEBT_CONSOLIDATION
LN-507817,CUST-106951,2025-05-17,0,0,False,False,3122.919999999999,Current,DEBT_CONSOLIDATION
LN-507818,CUST-106420,2025-05-17,0,0,False,False,27291.4725,Current,DEBT_CONSOLIDATION
LN-507819,CUST-105713,2025-05-17,1,17,False,False,40931.79999999998,1-29,DEBT_CONSOLIDATION
LN-507820,CUST-102984,2025-05-17,0,0,False,False,17664.04,Current,DEBT_CONSOLIDATION
LN-507821,CUST-107211,2025-05-17,0,0,False,False,20410.25999999998,Current,DEBT_CONSOLIDATION
LN-507822,CUST-102468,2025-05-17,0,0,False,False,17045.162500000002,Current,DEBT_CONSOLIDATION
LN-507824,CUST-100159,2025-05-17,0,0,False,False,14110.900000000001,Current,DEBT_CONSOLIDATION
LN-507825,CUST-103926,2025-05-17,0,0,False,False,45984.29499999999,Current,DEBT_CONSOLIDATION
LN-507826,CUST-100641,2025-05-17,0,0,False,False,46736.832499999975,Current,DEBT_CONSOLIDATION
LN-507827,CUST-101515,2025-05-17,0,0,False,False,5229.48,Current,DEBT_CONSOLIDATION
LN-507829,CUST-107102,2025-05-17,0,0,False,False,50233.80999999998,Current,DEBT_CONSOLIDATION
LN-507830,CUST-101511,2025-05-17,1,11,False,False,26749.045,1-29,DEBT_CONSOLIDATION
LN-507831,CUST-100791,2025-05-17,0,0,False,False,5119.040000000001,Current,DEBT_CONSOLIDATION
LN-507833,CUST-103019,2025-05-17,0,0,False,False,717.7299999999998,Current,DEBT_CONSOLIDATION
LN-507834,CUST-107435,2025-05-17,0,0,False,False,13945.425000000016,Current,DEBT_CONSOLIDATION
LN-507835,CUST-100261,2025-05-17,0,0,False,False,51427.52,Current,DEBT_CONSOLIDATION
LN-507836,CUST-103257,2025-05-17,0,0,False,False,1975.9825,Current,DEBT_CONSOLIDATION
LN-507837,CUST-107077,2025-05-17,1,15,False,False,18576.789999999997,1-29,DEBT_CONSOLIDATION
LN-507838,CUST-103896,2025-05-17,0,0,False,False,3521.1424999999995,Current,DEBT_CONSOLIDATION
LN-507839,CUST-102523,2025-05-17,0,0,False,False,44046.18,Current,DEBT_CONSOLIDATION
LN-507840,CUST-102574,2025-05-17,0,0,False,False,52249.28999999999,Current,DEBT_CONSOLIDATION
LN-507841,CUST-107083,2025-05-17,0,0,False,False,127018.20250000001,Current,DEBT_CONSOLIDATION
LN-507842,CUST-106298,2025-05-17,0,0,False,False,15542.300000000001,Current,DEBT_CONSOLIDATION
LN-507843,CUST-102255,2025-05-17,0,0,False,False,32907.2375,Current,DEBT_CONSOLIDATION
LN-507844,CUST-104572,2025-05-17,0,0,False,False,6396.760000000001,Current,DEBT_CONSOLIDATION
LN-507845,CUST-100095,2025-05-17,0,0,True,False,6377.1625,Current,DEBT_CONSOLIDATION
LN-507846,CUST-106694,2025-05-17,0,0,False,False,153231.81999999992,Current,DEBT_CONSOLIDATION
LN-507847,CUST-106181,2025-05-17,0,0,False,False,11359.89,Current,DEBT_CONSOLIDATION
LN-507848,CUST-100429,2025-05-17,0,0,False,False,29678.415,Current,DEBT_CONSOLIDATION
LN-507849,CUST-106875,2025-05-17,0,0,False,False,31034.94,Current,DEBT_CONSOLIDATION
LN-507850,CUST-104991,2025-05-17,0,0,False,False,21299.4975,Current,DEBT_CONSOLIDATION
LN-507851,CUST-105081,2025-05-17,0,0,False,False,20538.97,Current,DEBT_CONSOLIDATION
LN-507852,CUST-103433,2025-05-17,0,0,False,False,22329.609999999986,Current,DEBT_CONSOLIDATION
LN-507853,CUST-101397,2025-05-17,0,0,False,False,105674.0775000001,Current,DEBT_CONSOLIDATION
LN-507855,CUST-104500,2025-05-17,0,0,False,False,46060.7275,Current,DEBT_CONSOLIDATION
LN-507856,CUST-103759,2025-05-17,0,0,False,False,16267.554999999988,Current,DEBT_CONSOLIDATION
LN-507857,CUST-107073,2025-05-17,0,0,False,False,16976.05499999999,Current,DEBT_CONSOLIDATION
LN-507858,CUST-104400,2025-05-17,0,0,False,False,25074.379999999986,Current,DEBT_CONSOLIDATION
LN-507859,CUST-101741,2025-05-17,0,0,False,False,15369.999999999998,Current,DEBT_CONSOLIDATION
LN-507861,CUST-100587,2025-05-17,0,0,False,False,16789.49,Current,DEBT_CONSOLIDATION
LN-507862,CUST-104338,2025-05-17,0,0,False,False,30844.519999999997,Current,DEBT_CONSOLIDATION
LN-507863,CUST-103858,2025-05-17,0,0,False,False,11035.070000000003,Current,DEBT_CONSOLIDATION
LN-507864,CUST-106520,2025-05-17,0,0,False,False,40795.41750000001,Current,DEBT_CONSOLIDATION
LN-507865,CUST-104303,2025-05-17,0,0,False,False,1594.604999999999,Current,DEBT_CONSOLIDATION
LN-507866,CUST-101549,2025-05-17,0,0,False,False,10469.82,Current,DEBT_CONSOLIDATION
LN-507867,CUST-106021,2025-05-17,0,0,False,False,23128.382499999985,Current,DEBT_CONSOLIDATION
LN-507869,CUST-104179,2025-05-17,0,0,False,False,87173.785,Current,DEBT_CONSOLIDATION
LN-507870,CUST-100228,2025-05-17,1,30,False,False,15083.880000000001,1-29,DEBT_CONSOLIDATION
LN-507871,CUST-106816,2025-05-17,0,0,False,False,138460.36499999996,Current,DEBT_CONSOLIDATION
LN-507872,CUST-104277,2025-05-17,0,0,False,False,7189.484999999994,Current,DEBT_CONSOLIDATION
LN-507873,CUST-106157,2025-05-17,0,0,False,False,4383.969999999997,Current,DEBT_CONSOLIDATION
LN-507874,CUST-106332,2025-05-17,2,60,False,False,10355.77,30-59,DEBT_CONSOLIDATION
LN-507875,CUST-101645,2025-05-17,0,0,False,False,6053.369999999996,Current,DEBT_CONSOLIDATION
LN-507877,CUST-101932,2025-05-17,0,0,False,False,11481.45,Current,DEBT_CONSOLIDATION
LN-507878,CUST-101647,2025-05-17,0,0,False,False,48592.994999999995,Current,DEBT_CONSOLIDATION
LN-507879,CUST-102637,2025-05-17,0,0,False,False,14837.635,Current,DEBT_CONSOLIDATION
LN-507880,CUST-103626,2025-05-17,0,0,False,False,3730.9775,Current,DEBT_CONSOLIDATION
LN-507881,CUST-103117,2025-05-17,0,0,False,False,17815.840000000004,Current,DEBT_CONSOLIDATION
LN-507882,CUST-100685,2025-05-17,0,0,False,False,18150.8975,Current,DEBT_CONSOLIDATION
LN-507883,CUST-107706,2025-05-17,0,0,False,False,38619.43000000002,Current,DEBT_CONSOLIDATION
LN-507884,CUST-104436,2025-05-17,0,0,False,False,7183.800000000003,Current,DEBT_CONSOLIDATION
LN-507885,CUST-103325,2025-05-17,0,0,False,False,19641.50999999999,Current,DEBT_CONSOLIDATION
LN-507886,CUST-105830,2025-05-17,0,0,False,False,1103.41,Current,DEBT_CONSOLIDATION
LN-507888,CUST-107768,2025-05-17,0,0,False,False,3106.0325,Current,DEBT_CONSOLIDATION
LN-507889,CUST-107046,2025-05-17,5,151,False,False,33034.98250000001,Charged-off,DEBT_CONSOLIDATION
LN-507890,CUST-105147,2025-05-17,0,0,False,False,43948.82749999997,Current,DEBT_CONSOLIDATION
LN-507891,CUST-100891,2025-05-17,0,0,False,False,18219.285,Current,DEBT_CONSOLIDATION
LN-507892,CUST-105725,2025-05-17,4,96,False,False,19379.66500000001,90+,DEBT_CONSOLIDATION
LN-507893,CUST-103468,2025-05-17,0,0,False,False,20558.609999999997,Current,DEBT_CONSOLIDATION
LN-507894,CUST-100938,2025-05-17,0,0,False,False,114864.54,Current,DEBT_CONSOLIDATION
LN-507895,CUST-104669,2025-05-17,0,0,False,False,11564.897500000001,Current,DEBT_CONSOLIDATION
LN-507896,CUST-100115,2025-05-17,0,0,False,False,28493.577500000007,Current,DEBT_CONSOLIDATION
LN-507897,CUST-104066,2025-05-17,0,0,False,False,35090.420000000006,Current,DEBT_CONSOLIDATION
LN-507898,CUST-107126,2025-05-17,0,0,False,False,18893.39999999999,Current,DEBT_CONSOLIDATION
LN-507899,CUST-102292,2025-05-17,4,180,False,False,16807.2925,90+,DEBT_CONSOLIDATION
LN-507900,CUST-106782,2025-05-17,0,0,False,False,16692.76000000001,Current,DEBT_CONSOLIDATION
LN-507901,CUST-102324,2025-05-17,0,0,False,False,4725.789999999997,Current,DEBT_CONSOLIDATION
LN-507902,CUST-102661,2025-05-17,0,0,False,False,60060.58,Current,DEBT_CONSOLIDATION
LN-507903,CUST-102991,2025-05-17,0,0,False,False,3497.104999999999,Current,DEBT_CONSOLIDATION
LN-507905,CUST-103871,2025-05-17,0,0,False,False,24069.375,Current,DEBT_CONSOLIDATION
LN-507906,CUST-102389,2025-05-17,0,0,False,False,206684.60999999993,Current,DEBT_CONSOLIDATION
LN-507907,CUST-106795,2025-05-17,0,0,False,False,8758.7575,Current,DEBT_CONSOLIDATION
LN-507908,CUST-105966,2025-05-17,0,0,False,False,27796.89000000002,Current,DEBT_CONSOLIDATION
LN-507909,CUST-102934,2025-05-17,0,0,False,False,24613.732500000006,Current,DEBT_CONSOLIDATION
LN-507910,CUST-107716,2025-05-17,0,0,False,False,558897.5899999999,Current,DEBT_CONSOLIDATION
LN-507911,CUST-103876,2025-05-17,0,0,False,False,15566.275000000005,Current,DEBT_CONSOLIDATION
LN-507912,CUST-103624,2025-05-17,0,0,False,False,30716.170000000006,Current,DEBT_CONSOLIDATION
LN-507913,CUST-103997,2025-05-17,0,0,False,False,4452.320000000002,Current,DEBT_CONSOLIDATION
LN-507915,CUST-103349,2025-05-17,0,0,False,False,24082.792500000003,Current,DEBT_CONSOLIDATION
LN-507916,CUST-103969,2025-05-17,0,0,False,False,17135.775,Current,DEBT_CONSOLIDATION
LN-507917,CUST-107135,2025-05-17,0,0,False,False,20032.054999999993,Current,DEBT_CONSOLIDATION
LN-507918,CUST-100147,2025-05-17,0,0,False,False,5101.727499999999,Current,DEBT_CONSOLIDATION
LN-507920,CUST-105519,2025-05-17,0,0,False,False,12395.810000000001,Current,DEBT_CONSOLIDATION
LN-507921,CUST-102050,2025-05-17,0,0,False,False,18089.26499999998,Current,DEBT_CONSOLIDATION
LN-507924,CUST-102519,2025-05-17,1,14,False,False,45232.54500000001,1-29,DEBT_CONSOLIDATION
LN-507925,CUST-105014,2025-05-17,0,0,False,False,44440.717500000006,Current,DEBT_CONSOLIDATION
LN-507926,CUST-102732,2025-05-17,0,0,False,False,16635.449999999993,Current,DEBT_CONSOLIDATION
LN-507927,CUST-103260,2025-05-17,0,0,False,False,1608.6699999999998,Current,DEBT_CONSOLIDATION
LN-507928,CUST-102107,2025-05-17,0,0,False,False,5488.840000000002,Current,DEBT_CONSOLIDATION
LN-507929,CUST-100155,2025-05-17,4,132,False,False,74363.27750000001,90+,DEBT_CONSOLIDATION
LN-507930,CUST-102137,2025-05-17,0,0,False,False,266190.8899999999,Current,DEBT_CONSOLIDATION
LN-507931,CUST-107804,2025-05-17,0,0,False,False,45078.60000000001,Current,DEBT_CONSOLIDATION
LN-507932,CUST-100087,2025-05-17,0,0,False,False,52084.290000000045,Current,DEBT_CONSOLIDATION
LN-507933,CUST-101098,2025-05-17,0,0,False,False,1430.9774999999995,Current,DEBT_CONSOLIDATION
LN-507934,CUST-106624,2025-05-17,0,0,False,False,21480.512500000004,Current,DEBT_CONSOLIDATION
LN-507935,CUST-105616,2025-05-17,0,0,False,False,104013.20999999998,Current,DEBT_CONSOLIDATION
LN-507936,CUST-107814,2025-05-17,0,0,False,False,1713.0825000000018,Current,DEBT_CONSOLIDATION
LN-507937,CUST-107238,2025-05-17,0,0,False,False,13051.107499999993,Current,DEBT_CONSOLIDATION
LN-507938,CUST-106706,2025-05-17,0,0,False,False,40574.487499999996,Current,DEBT_CONSOLIDATION
LN-507940,CUST-106514,2025-05-17,0,0,False,False,710.17,Current,DEBT_CONSOLIDATION
LN-507941,CUST-100950,2025-05-17,0,0,False,False,21675.26,Current,DEBT_CONSOLIDATION
LN-507942,CUST-105571,2025-05-17,0,0,False,False,58871.115,Current,DEBT_CONSOLIDATION
LN-507943,CUST-100427,2025-05-17,0,0,False,False,41848.935000000005,Current,DEBT_CONSOLIDATION
LN-507944,CUST-101758,2025-05-17,0,0,False,False,21408.455,Current,DEBT_CONSOLIDATION
LN-507945,CUST-104497,2025-05-17,0,0,False,False,17043.57,Current,DEBT_CONSOLIDATION
LN-507946,CUST-102492,2025-05-17,0,0,True,False,10317.760000000002,Current,DEBT_CONSOLIDATION
LN-507947,CUST-105835,2025-05-17,0,0,False,False,26673.35,Current,DEBT_CONSOLIDATION
LN-507948,CUST-106241,2025-05-17,0,0,False,False,29884.0025,Current,DEBT_CONSOLIDATION
LN-507949,CUST-101033,2025-05-17,0,0,False,False,20614.829999999998,Current,DEBT_CONSOLIDATION
LN-507950,CUST-102665,2025-05-17,0,0,False,False,139814.09499999997,Current,DEBT_CONSOLIDATION
LN-507951,CUST-101677,2025-05-17,0,0,False,False,12249.46,Current,DEBT_CONSOLIDATION
LN-507952,CUST-101072,2025-05-17,0,0,False,False,17661.985,Current,DEBT_CONSOLIDATION
LN-507953,CUST-105615,2025-05-17,0,0,False,False,28572.014999999992,Current,DEBT_CONSOLIDATION
LN-507955,CUST-105726,2025-05-17,0,0,False,False,38346.9,Current,DEBT_CONSOLIDATION
LN-507956,CUST-105874,2025-05-17,0,0,False,False,8667.907500000008,Current,DEBT_CONSOLIDATION
LN-507957,CUST-105097,2025-05-17,0,0,False,False,5700.799999999999,Current,DEBT_CONSOLIDATION
LN-507958,CUST-100745,2025-05-17,0,0,False,False,11737.794999999987,Current,DEBT_CONSOLIDATION
LN-507959,CUST-104537,2025-05-17,0,0,False,False,39999.67999999997,Current,DEBT_CONSOLIDATION
LN-507960,CUST-107733,2025-05-17,0,0,False,False,27789.099999999977,Current,DEBT_CONSOLIDATION
LN-507961,CUST-103854,2025-05-17,0,0,False,False,141144.435,Current,DEBT_CONSOLIDATION
LN-507962,CUST-101038,2025-05-17,0,0,False,False,2712.669999999999,Current,DEBT_CONSOLIDATION
LN-507963,CUST-104709,2025-05-17,0,0,False,False,45657.8075,Current,DEBT_CONSOLIDATION
LN-507965,CUST-104329,2025-05-17,0,0,False,False,188137.03000000006,Current,DEBT_CONSOLIDATION
LN-507966,CUST-102967,2025-05-17,0,0,False,False,9997.3,Current,DEBT_CONSOLIDATION
LN-507967,CUST-104600,2025-05-17,2,35,False,False,440353.8275,30-59,DEBT_CONSOLIDATION
LN-507968,CUST-106158,2025-05-17,0,0,False,False,19775.435,Current,DEBT_CONSOLIDATION
LN-507969,CUST-107132,2025-05-17,0,0,False,False,3391.06,Current,DEBT_CONSOLIDATION
LN-507971,CUST-103723,2025-05-17,0,0,False,False,22010.485,Current,DEBT_CONSOLIDATION
LN-507972,CUST-100495,2025-05-17,0,0,False,False,11742.32,Current,DEBT_CONSOLIDATION
LN-507973,CUST-104823,2025-05-17,0,0,False,False,33762.814999999995,Current,DEBT_CONSOLIDATION
LN-507974,CUST-105013,2025-05-17,0,0,False,False,7774.787500000004,Current,DEBT_CONSOLIDATION
LN-507975,CUST-101125,2025-05-17,0,0,False,False,17102.735000000004,Current,DEBT_CONSOLIDATION
LN-507976,CUST-106100,2025-05-17,0,0,False,False,28727.585,Current,DEBT_CONSOLIDATION
LN-507977,CUST-102493,2025-05-17,0,0,False,False,14465.34,Current,DEBT_CONSOLIDATION
LN-507979,CUST-104008,2025-05-17,0,0,False,False,15879.402500000004,Current,DEBT_CONSOLIDATION
LN-507980,CUST-103202,2025-05-17,0,0,False,False,13952.042500000003,Current,DEBT_CONSOLIDATION
LN-507981,CUST-103094,2025-05-17,0,0,False,False,43721.55,Current,DEBT_CONSOLIDATION
LN-507982,CUST-101596,2025-05-17,2,36,False,False,18190.5475,30-59,DEBT_CONSOLIDATION
LN-507983,CUST-104478,2025-05-17,0,0,False,False,506349.59249999997,Current,DEBT_CONSOLIDATION
LN-507984,CUST-101212,2025-05-17,0,0,False,False,37638.31999999999,Current,DEBT_CONSOLIDATION
LN-507985,CUST-101095,2025-05-17,0,0,False,False,11589.685,Current,DEBT_CONSOLIDATION
LN-507986,CUST-105821,2025-05-17,0,0,False,False,10082.819999999992,Current,DEBT_CONSOLIDATION
LN-507987,CUST-100268,2025-05-17,0,0,False,False,4027.1300000000033,Current,DEBT_CONSOLIDATION
LN-507988,CUST-107473,2025-05-17,0,0,False,False,22092.9625,Current,DEBT_CONSOLIDATION
LN-507989,CUST-100010,2025-05-17,0,0,False,False,22911.130000000012,Current,DEBT_CONSOLIDATION
LN-507990,CUST-100003,2025-05-17,0,0,False,False,4083.6899999999987,Current,DEBT_CONSOLIDATION
LN-507991,CUST-102559,2025-05-17,0,0,False,False,48670.09,Current,DEBT_CONSOLIDATION
LN-507992,CUST-100098,2025-05-17,0,0,False,False,314753.0599999999,Current,DEBT_CONSOLIDATION
LN-507993,CUST-100394,2025-05-17,0,0,False,False,27071.462500000012,Current,DEBT_CONSOLIDATION
LN-507994,CUST-100168,2025-05-17,1,17,False,False,7967.040000000001,1-29,DEBT_CONSOLIDATION
LN-507995,CUST-100466,2025-05-17,0,0,False,False,12510.165,Current,DEBT_CONSOLIDATION
LN-507996,CUST-105303,2025-05-17,0,0,False,False,14367.5125,Current,DEBT_CONSOLIDATION
LN-507997,CUST-101568,2025-05-17,0,0,False,False,16957.202499999992,Current,DEBT_CONSOLIDATION
LN-507998,CUST-100726,2025-05-17,0,0,False,False,11428.399999999996,Current,DEBT_CONSOLIDATION
LN-507999,CUST-106321,2025-05-17,0,0,False,False,10156.230000000003,Current,DEBT_CONSOLIDATION
LN-508000,CUST-100498,2025-05-17,0,0,False,False,21704.7875,Current,DEBT_CONSOLIDATION
LN-508001,CUST-103299,2025-05-17,0,0,False,False,37806.18750000001,Current,DEBT_CONSOLIDATION
LN-508002,CUST-103814,2025-05-17,0,0,False,False,49426.2625,Current,DEBT_CONSOLIDATION
LN-508003,CUST-102578,2025-05-17,0,0,False,False,20263.25499999999,Current,DEBT_CONSOLIDATION
LN-508004,CUST-103475,2025-05-17,0,0,False,False,2483.0599999999995,Current,DEBT_CONSOLIDATION
LN-508005,CUST-103151,2025-05-17,0,0,False,False,16890.057499999995,Current,DEBT_CONSOLIDATION
LN-508006,CUST-107703,2025-05-17,1,2,False,False,68887.11249999999,1-29,DEBT_CONSOLIDATION
LN-508007,CUST-103023,2025-05-17,0,0,False,False,136438.01,Current,DEBT_CONSOLIDATION
LN-508008,CUST-101877,2025-05-17,0,0,False,False,21713.477499999994,Current,DEBT_CONSOLIDATION
LN-508010,CUST-107686,2025-05-17,0,0,False,False,15174.215000000002,Current,DEBT_CONSOLIDATION
LN-508011,CUST-100605,2025-05-17,4,207,False,False,23303.737500000003,90+,DEBT_CONSOLIDATION
LN-508012,CUST-103544,2025-05-17,0,0,False,False,16343.839999999998,Current,DEBT_CONSOLIDATION
LN-508013,CUST-101700,2025-05-17,0,0,False,False,30478.305000000008,Current,DEBT_CONSOLIDATION
LN-508014,CUST-104485,2025-05-17,1,23,False,False,34175.820000000014,1-29,DEBT_CONSOLIDATION
LN-508015,CUST-101968,2025-05-17,0,0,False,False,11087.949999999993,Current,DEBT_CONSOLIDATION
LN-508016,CUST-102640,2025-05-17,0,0,False,False,8381.420000000007,Current,DEBT_CONSOLIDATION
LN-508017,CUST-100644,2025-05-17,0,0,False,False,20072.557499999988,Current,DEBT_CONSOLIDATION
LN-508018,CUST-102820,2025-05-17,0,0,False,False,33438.91,Current,DEBT_CONSOLIDATION
LN-508019,CUST-100063,2025-05-17,0,0,False,False,8158.030000000001,Current,DEBT_CONSOLIDATION
LN-508020,CUST-106226,2025-05-17,0,0,False,False,21049.085000000017,Current,DEBT_CONSOLIDATION
LN-508021,CUST-105872,2025-05-17,1,17,False,False,11382.350000000002,1-29,DEBT_CONSOLIDATION
LN-508022,CUST-100152,2025-05-17,0,0,False,False,8344.455,Current,DEBT_CONSOLIDATION
LN-508023,CUST-105533,2025-05-17,0,0,False,False,9922.672499999995,Current,DEBT_CONSOLIDATION
LN-508024,CUST-103647,2025-05-17,0,0,False,False,26206.425,Current,DEBT_CONSOLIDATION
LN-508025,CUST-100799,2025-05-17,0,0,False,False,34360.00000000001,Current,DEBT_CONSOLIDATION
LN-508026,CUST-103548,2025-05-17,0,0,False,False,11485.805000000004,Current,DEBT_CONSOLIDATION
LN-508027,CUST-100233,2025-05-17,0,0,False,False,7409.2175000000025,Current,DEBT_CONSOLIDATION
LN-508029,CUST-106851,2025-05-17,0,0,False,False,29095.65,Current,DEBT_CONSOLIDATION
LN-508031,CUST-103430,2025-05-17,0,0,False,False,18695.317500000005,Current,DEBT_CONSOLIDATION
LN-508032,CUST-107515,2025-05-17,0,0,False,False,28496.35,Current,DEBT_CONSOLIDATION
LN-508033,CUST-106994,2025-05-17,0,0,False,False,8384.914999999999,Current,DEBT_CONSOLIDATION
LN-508034,CUST-101681,2025-05-17,0,0,False,False,30649.859999999997,Current,DEBT_CONSOLIDATION
LN-508035,CUST-101164,2025-05-17,0,0,False,False,45743.40750000001,Current,DEBT_CONSOLIDATION
LN-508036,CUST-102465,2025-05-17,0,0,False,False,110720.03000000003,Current,DEBT_CONSOLIDATION
LN-508037,CUST-103526,2025-05-17,0,0,False,False,9680.560000000003,Current,DEBT_CONSOLIDATION
LN-508038,CUST-103474,2025-05-17,0,0,False,False,18820.6075,Current,DEBT_CONSOLIDATION
LN-508039,CUST-103821,2025-05-17,0,0,False,False,44244.53000000002,Current,DEBT_CONSOLIDATION
LN-508040,CUST-101430,2025-05-17,0,0,False,False,4082.110000000002,Current,DEBT_CONSOLIDATION
LN-508041,CUST-100381,2025-05-17,0,0,False,False,402512.0275,Current,DEBT_CONSOLIDATION
LN-508042,CUST-103791,2025-05-17,0,0,False,False,35460.3,Current,DEBT_CONSOLIDATION
LN-508043,CUST-104481,2025-05-17,0,0,False,False,19310.570000000003,Current,DEBT_CONSOLIDATION
LN-508044,CUST-105735,2025-05-17,0,0,False,False,49345.025,Current,DEBT_CONSOLIDATION
LN-508045,CUST-102911,2025-05-17,0,0,False,False,31264.192499999997,Current,DEBT_CONSOLIDATION
LN-508046,CUST-103931,2025-05-17,0,0,False,False,8944.929999999995,Current,DEBT_CONSOLIDATION
LN-508047,CUST-101461,2025-05-17,0,0,False,False,14107.242500000004,Current,DEBT_CONSOLIDATION
LN-508048,CUST-101230,2025-05-17,0,0,False,False,8196.060000000005,Current,DEBT_CONSOLIDATION
LN-508049,CUST-106818,2025-05-17,0,0,False,False,10120.309999999998,Current,DEBT_CONSOLIDATION
LN-508050,CUST-102186,2025-05-17,0,0,False,False,10194.857499999995,Current,DEBT_CONSOLIDATION
LN-508051,CUST-107691,2025-05-17,0,0,False,False,17623.6575,Current,DEBT_CONSOLIDATION
LN-508052,CUST-100619,2025-05-17,0,0,False,False,9352.467499999999,Current,DEBT_CONSOLIDATION
LN-508053,CUST-107622,2025-05-17,0,0,False,False,647255.16,Current,DEBT_CONSOLIDATION
LN-508054,CUST-102618,2025-05-17,0,0,False,False,13646.582500000008,Current,DEBT_CONSOLIDATION
LN-508055,CUST-102355,2025-05-17,0,0,False,False,14614.08,Current,DEBT_CONSOLIDATION
LN-508056,CUST-106963,2025-05-17,0,0,False,False,37692.539999999986,Current,DEBT_CONSOLIDATION
LN-508057,CUST-104178,2025-05-17,0,0,False,False,20515.639999999996,Current,DEBT_CONSOLIDATION
LN-508058,CUST-104773,2025-05-17,0,0,False,False,10611.5025,Current,DEBT_CONSOLIDATION
LN-508059,CUST-103076,2025-05-17,4,91,False,False,12971.512499999993,90+,DEBT_CONSOLIDATION
LN-508060,CUST-104334,2025-05-17,2,40,False,False,53572.88,30-59,DEBT_CONSOLIDATION
LN-508061,CUST-101752,2025-05-17,3,62,False,False,11944.372499999998,60-89,DEBT_CONSOLIDATION
LN-508062,CUST-106509,2025-05-17,0,0,False,False,350497.6550000001,Current,DEBT_CONSOLIDATION
LN-508063,CUST-105788,2025-05-17,0,0,False,False,44292.88,Current,DEBT_CONSOLIDATION
LN-508064,CUST-107864,2025-05-17,0,0,False,False,24552.4025,Current,DEBT_CONSOLIDATION
LN-508065,CUST-107343,2025-05-17,0,0,False,False,37430.66749999998,Current,DEBT_CONSOLIDATION
LN-508066,CUST-103091,2025-05-17,0,0,False,False,3573.66,Current,DEBT_CONSOLIDATION
LN-508067,CUST-103714,2025-05-17,0,0,False,False,6354.592500000002,Current,DEBT_CONSOLIDATION
LN-508068,CUST-100724,2025-05-17,0,0,False,False,17211.90749999999,Current,DEBT_CONSOLIDATION
LN-508070,CUST-107293,2025-05-17,0,0,False,False,327.99000000000024,Current,DEBT_CONSOLIDATION
LN-508072,CUST-100065,2025-05-17,0,0,False,False,2710.1925,Current,DEBT_CONSOLIDATION
LN-508073,CUST-106522,2025-05-17,0,0,False,False,351205.2900000001,Current,DEBT_CONSOLIDATION
LN-508074,CUST-100050,2025-05-17,0,0,False,False,13640.7975,Current,DEBT_CONSOLIDATION
LN-508075,CUST-100222,2025-05-17,0,0,False,False,27525.399999999998,Current,DEBT_CONSOLIDATION
LN-508076,CUST-105436,2025-05-17,0,0,False,False,47154.64,Current,DEBT_CONSOLIDATION
LN-508077,CUST-100140,2025-05-17,0,0,False,False,28819.34,Current,DEBT_CONSOLIDATION
LN-508078,CUST-102180,2025-05-17,0,0,False,False,8048.810000000001,Current,DEBT_CONSOLIDATION
LN-508079,CUST-104048,2025-05-17,0,0,False,False,6213.137499999995,Current,DEBT_CONSOLIDATION
LN-508080,CUST-104744,2025-05-17,0,0,False,False,46498.16000000002,Current,DEBT_CONSOLIDATION
LN-508081,CUST-106945,2025-05-17,0,0,False,False,15773.537499999999,Current,DEBT_CONSOLIDATION
LN-508082,CUST-103807,2025-05-17,0,0,False,False,44539.032499999994,Current,DEBT_CONSOLIDATION
LN-508083,CUST-106082,2025-05-17,0,0,False,False,11081.019999999999,Current,DEBT_CONSOLIDATION
LN-508084,CUST-104863,2025-05-17,1,17,False,False,40778.24999999999,1-29,DEBT_CONSOLIDATION
LN-508085,CUST-100511,2025-05-17,0,0,False,False,24826.937499999996,Current,DEBT_CONSOLIDATION
LN-508086,CUST-104811,2025-05-17,0,0,False,False,12827.720000000005,Current,DEBT_CONSOLIDATION
LN-508087,CUST-105282,2025-05-17,1,28,False,False,23540.124999999993,1-29,DEBT_CONSOLIDATION
LN-508088,CUST-102162,2025-05-17,0,0,False,False,23826.8775,Current,DEBT_CONSOLIDATION
LN-508089,CUST-107873,2025-05-17,0,0,False,False,13230.05,Current,DEBT_CONSOLIDATION
LN-508090,CUST-106269,2025-05-17,0,0,False,False,66421.21999999999,Current,DEBT_CONSOLIDATION
LN-508091,CUST-103905,2025-05-17,0,0,False,False,19705.325,Current,DEBT_CONSOLIDATION
LN-508092,CUST-101320,2025-05-17,0,0,False,False,23171.367500000004,Current,DEBT_CONSOLIDATION
LN-508093,CUST-104969,2025-05-17,0,0,False,False,29025.125,Current,DEBT_CONSOLIDATION
LN-508094,CUST-105309,2025-05-17,0,0,False,False,28279.245000000003,Current,DEBT_CONSOLIDATION
LN-508095,CUST-101095,2025-05-17,0,0,False,False,16613.075,Current,DEBT_CONSOLIDATION
LN-508096,CUST-100058,2025-05-17,0,0,False,False,10090.972499999998,Current,DEBT_CONSOLIDATION
LN-508097,CUST-105775,2025-05-17,0,0,False,False,42385.61,Current,DEBT_CONSOLIDATION
LN-508098,CUST-100032,2025-05-17,0,0,False,False,2696.415,Current,DEBT_CONSOLIDATION
LN-508099,CUST-106896,2025-05-17,0,0,False,False,13036.880000000001,Current,DEBT_CONSOLIDATION
LN-508100,CUST-104101,2025-05-17,0,0,False,False,19698.63999999999,Current,DEBT_CONSOLIDATION
LN-508101,CUST-100948,2025-05-17,0,0,False,False,48282.384999999995,Current,DEBT_CONSOLIDATION
LN-508102,CUST-105183,2025-05-17,4,123,False,False,15993.347499999996,90+,DEBT_CONSOLIDATION
LN-508103,CUST-104940,2025-05-17,4,129,False,False,30614.070000000014,90+,DEBT_CONSOLIDATION
LN-508104,CUST-101787,2025-05-17,0,0,False,False,11035.389999999998,Current,DEBT_CONSOLIDATION
LN-508106,CUST-105844,2025-05-17,0,0,False,False,33266.27500000002,Current,DEBT_CONSOLIDATION
LN-508108,CUST-100114,2025-05-17,4,125,False,False,44463.7325,90+,DEBT_CONSOLIDATION
LN-508109,CUST-101810,2025-05-17,0,0,False,False,2952.7,Current,DEBT_CONSOLIDATION
LN-508110,CUST-103100,2025-05-17,0,0,False,False,12176.550000000005,Current,DEBT_CONSOLIDATION
LN-508111,CUST-102471,2025-05-17,0,0,False,False,38058.59,Current,DEBT_CONSOLIDATION
LN-508112,CUST-107009,2025-05-17,0,0,False,False,19715.575000000004,Current,DEBT_CONSOLIDATION
LN-508113,CUST-105178,2025-05-17,0,0,False,False,25816.550000000014,Current,DEBT_CONSOLIDATION
LN-508116,CUST-100445,2025-05-17,0,0,False,False,5288.619999999995,Current,DEBT_CONSOLIDATION
LN-508117,CUST-100071,2025-05-17,0,0,False,False,22094.06,Current,DEBT_CONSOLIDATION
LN-508118,CUST-107233,2025-05-17,0,0,False,False,15761.38,Current,DEBT_CONSOLIDATION
LN-508119,CUST-103447,2025-05-17,0,0,False,False,19431.799999999996,Current,DEBT_CONSOLIDATION
LN-508120,CUST-106685,2025-05-17,0,0,False,False,7638.535000000001,Current,DEBT_CONSOLIDATION
LN-508121,CUST-101767,2025-05-17,0,0,False,False,21523.502500000002,Current,DEBT_CONSOLIDATION
LN-508122,CUST-107332,2025-05-17,0,0,False,False,26197.585,Current,DEBT_CONSOLIDATION
LN-508123,CUST-106969,2025-05-17,0,0,False,False,9525.53,Current,DEBT_CONSOLIDATION
LN-508124,CUST-105654,2025-05-17,0,0,False,False,46797.3125,Current,DEBT_CONSOLIDATION
LN-508125,CUST-104849,2025-05-17,0,0,False,False,6251.65,Current,DEBT_CONSOLIDATION
LN-508126,CUST-103935,2025-05-17,0,0,False,False,10219.055,Current,DEBT_CONSOLIDATION
LN-508127,CUST-101014,2025-05-17,0,0,False,False,4049.720000000001,Current,DEBT_CONSOLIDATION
LN-508128,CUST-104814,2025-05-17,0,0,False,False,46373.22000000001,Current,DEBT_CONSOLIDATION
LN-508129,CUST-106938,2025-05-17,0,0,False,False,33180.17999999998,Current,DEBT_CONSOLIDATION
LN-508130,CUST-100468,2025-05-17,0,0,False,False,31315.91000000001,Current,DEBT_CONSOLIDATION
LN-508131,CUST-105837,2025-05-17,0,0,False,False,2024.5300000000027,Current,DEBT_CONSOLIDATION
LN-508132,CUST-106212,2025-05-17,0,0,False,False,12016.227500000005,Current,DEBT_CONSOLIDATION
LN-508133,CUST-101978,2025-05-17,0,0,False,False,45691.545000000006,Current,DEBT_CONSOLIDATION
LN-508134,CUST-105326,2025-05-17,0,0,False,False,15748.300000000003,Current,DEBT_CONSOLIDATION
LN-508135,CUST-100721,2025-05-17,0,0,False,False,5161.585000000003,Current,DEBT_CONSOLIDATION
LN-508136,CUST-102074,2025-05-17,0,0,False,False,33242.707500000004,Current,DEBT_CONSOLIDATION
LN-508137,CUST-106328,2025-05-17,0,0,False,False,20954.96,Current,DEBT_CONSOLIDATION
LN-508138,CUST-107202,2025-05-17,0,0,False,False,6754.620000000003,Current,DEBT_CONSOLIDATION
LN-508139,CUST-107346,2025-05-17,0,0,False,False,32113.39,Current,DEBT_CONSOLIDATION
LN-508140,CUST-107057,2025-05-17,0,0,False,False,290117.79249999975,Current,DEBT_CONSOLIDATION
LN-508141,CUST-104062,2025-05-17,0,0,False,False,6965.0125,Current,DEBT_CONSOLIDATION
LN-508142,CUST-104743,2025-05-17,0,0,False,False,54609.85,Current,DEBT_CONSOLIDATION
LN-508143,CUST-103652,2025-05-17,0,0,False,False,10914.677500000009,Current,DEBT_CONSOLIDATION
LN-508144,CUST-106331,2025-05-17,0,0,False,False,3481.974999999998,Current,DEBT_CONSOLIDATION
LN-508145,CUST-102522,2025-05-17,1,26,False,False,22725.519999999997,1-29,DEBT_CONSOLIDATION
LN-508146,CUST-105866,2025-05-17,0,0,False,False,37560.735000000044,Current,DEBT_CONSOLIDATION
LN-508147,CUST-104851,2025-05-17,0,0,False,False,8198.890000000001,Current,DEBT_CONSOLIDATION
LN-508148,CUST-105239,2025-05-17,0,0,False,False,38523.555,Current,DEBT_CONSOLIDATION
LN-508149,CUST-101000,2025-05-17,0,0,False,False,4566.669999999999,Current,DEBT_CONSOLIDATION
LN-508150,CUST-104961,2025-05-17,0,0,False,False,15000.65,Current,DEBT_CONSOLIDATION
LN-508151,CUST-106092,2025-05-17,0,0,False,False,40500.397500000014,Current,DEBT_CONSOLIDATION
LN-508152,CUST-106193,2025-05-17,0,0,False,False,6075.174999999999,Current,DEBT_CONSOLIDATION
LN-508153,CUST-105722,2025-05-17,0,0,False,False,17198.71,Current,DEBT_CONSOLIDATION
LN-508154,CUST-106902,2025-05-17,0,0,False,False,31869.65,Current,DEBT_CONSOLIDATION
LN-508156,CUST-106711,2025-05-17,0,0,False,False,111914.88999999998,Current,DEBT_CONSOLIDATION
LN-508157,CUST-107778,2025-05-17,0,0,False,False,14718.140000000007,Current,DEBT_CONSOLIDATION
LN-508158,CUST-105537,2025-05-17,0,0,False,False,5376.975000000002,Current,DEBT_CONSOLIDATION
LN-508159,CUST-106114,2025-05-17,0,0,False,False,3610.7175,Current,DEBT_CONSOLIDATION
LN-508160,CUST-102006,2025-05-17,0,0,False,False,11150.892499999993,Current,DEBT_CONSOLIDATION
LN-508161,CUST-107729,2025-05-17,0,0,False,False,2327.269999999999,Current,DEBT_CONSOLIDATION
LN-508162,CUST-104901,2025-05-17,0,0,False,False,51506.209999999985,Current,DEBT_CONSOLIDATION
LN-508163,CUST-103564,2025-05-17,0,0,False,False,143528.49,Current,DEBT_CONSOLIDATION
LN-508164,CUST-101679,2025-05-17,0,0,False,False,23318.4,Current,DEBT_CONSOLIDATION
LN-508165,CUST-104275,2025-05-17,0,0,False,False,14794.47000000001,Current,DEBT_CONSOLIDATION
LN-508166,CUST-106736,2025-05-17,0,0,False,False,37203.92,Current,DEBT_CONSOLIDATION
LN-508167,CUST-103823,2025-05-17,0,0,False,False,6440.930000000006,Current,DEBT_CONSOLIDATION
LN-508168,CUST-101624,2025-05-17,0,0,False,False,13310.765000000001,Current,DEBT_CONSOLIDATION
LN-508169,CUST-106162,2025-05-17,0,0,False,False,13372.804999999997,Current,DEBT_CONSOLIDATION
LN-508170,CUST-105594,2025-05-17,0,0,False,False,39181.05999999999,Current,DEBT_CONSOLIDATION
LN-508171,CUST-107777,2025-05-17,0,0,False,False,5298.209999999998,Current,DEBT_CONSOLIDATION
LN-508172,CUST-103779,2025-05-17,0,0,False,False,19547.962500000016,Current,DEBT_CONSOLIDATION
LN-508173,CUST-107918,2025-05-17,0,0,False,False,132985.95,Current,DEBT_CONSOLIDATION
LN-508174,CUST-106298,2025-05-17,4,160,False,False,49426.215000000026,90+,DEBT_CONSOLIDATION
LN-508175,CUST-103580,2025-05-17,0,0,False,False,53971.56,Current,DEBT_CONSOLIDATION
LN-508176,CUST-100870,2025-05-17,0,0,False,False,7111.1475,Current,DEBT_CONSOLIDATION
LN-508177,CUST-106082,2025-05-17,0,0,False,False,30014.517499999998,Current,DEBT_CONSOLIDATION
LN-508178,CUST-105085,2025-05-17,0,0,False,False,32485.209999999966,Current,DEBT_CONSOLIDATION
LN-508179,CUST-105388,2025-05-17,0,0,False,False,4718.120000000002,Current,DEBT_CONSOLIDATION
LN-508180,CUST-105605,2025-05-17,1,2,False,False,4921.545,1-29,DEBT_CONSOLIDATION
LN-508181,CUST-105981,2025-05-17,0,0,False,False,8557.139999999998,Current,DEBT_CONSOLIDATION
LN-508182,CUST-101550,2025-05-17,2,55,False,False,27512.480000000007,30-59,DEBT_CONSOLIDATION
LN-508183,CUST-101674,2025-05-17,4,211,False,False,18414.76,90+,DEBT_CONSOLIDATION
LN-508184,CUST-106596,2025-05-17,0,0,False,False,21093.185,Current,DEBT_CONSOLIDATION
LN-508185,CUST-101384,2025-05-17,0,0,False,False,44091.4625,Current,DEBT_CONSOLIDATION
LN-508186,CUST-103641,2025-05-17,0,0,False,False,4330.1349999999975,Current,DEBT_CONSOLIDATION
LN-508187,CUST-106543,2025-05-17,0,0,False,False,40570.765,Current,DEBT_CONSOLIDATION
LN-508188,CUST-103823,2025-05-17,0,0,False,False,25196.35,Current,DEBT_CONSOLIDATION
LN-508190,CUST-107479,2025-05-17,0,0,False,False,4045.925000000002,Current,DEBT_CONSOLIDATION
LN-508191,CUST-105735,2025-05-17,0,0,False,False,16154.579999999993,Current,DEBT_CONSOLIDATION
LN-508192,CUST-103561,2025-05-17,0,0,False,False,5786.280000000002,Current,DEBT_CONSOLIDATION
LN-508193,CUST-102912,2025-05-17,0,0,False,False,576.2499999999994,Current,DEBT_CONSOLIDATION
LN-508194,CUST-106514,2025-05-17,0,0,False,False,13212.570000000003,Current,DEBT_CONSOLIDATION
LN-508195,CUST-105946,2025-05-17,0,0,False,False,14304.995000000003,Current,DEBT_CONSOLIDATION
LN-508196,CUST-102944,2025-05-17,0,0,False,False,2176.6025000000022,Current,DEBT_CONSOLIDATION
LN-508197,CUST-104545,2025-05-17,0,0,False,False,13935.842499999997,Current,DEBT_CONSOLIDATION
LN-508198,CUST-102083,2025-05-17,1,14,False,False,6687.0825,1-29,DEBT_CONSOLIDATION
LN-508199,CUST-107279,2025-05-17,0,0,False,False,8559.699999999995,Current,DEBT_CONSOLIDATION
LN-508200,CUST-103340,2025-05-17,1,17,False,False,12569.02,1-29,DEBT_CONSOLIDATION
LN-508201,CUST-103768,2025-05-17,0,0,False,False,11382.815000000011,Current,DEBT_CONSOLIDATION
LN-508202,CUST-106217,2025-05-17,0,0,False,False,16056.724999999986,Current,DEBT_CONSOLIDATION
LN-508203,CUST-107079,2025-05-17,0,0,False,False,8624.30749999999,Current,DEBT_CONSOLIDATION
LN-508204,CUST-101076,2025-05-17,0,0,False,False,33620.84249999999,Current,DEBT_CONSOLIDATION
LN-508205,CUST-100423,2025-05-17,0,0,False,False,4167.080000000005,Current,DEBT_CONSOLIDATION
LN-508206,CUST-102241,2025-05-17,0,0,False,False,46465.75500000005,Current,DEBT_CONSOLIDATION
LN-508207,CUST-102020,2025-05-17,0,0,False,False,180189.75250000003,Current,DEBT_CONSOLIDATION
LN-508208,CUST-103209,2025-05-17,0,0,False,False,9422.172499999993,Current,DEBT_CONSOLIDATION
LN-508209,CUST-100033,2025-05-17,0,0,False,False,35370.795000000006,Current,DEBT_CONSOLIDATION
LN-508210,CUST-100106,2025-05-17,0,0,False,False,42210.89999999997,Current,DEBT_CONSOLIDATION
LN-508211,CUST-104324,2025-05-17,0,0,False,False,19091.7225,Current,DEBT_CONSOLIDATION
LN-508212,CUST-103405,2025-05-17,0,0,False,False,689.6849999999998,Current,DEBT_CONSOLIDATION
LN-508213,CUST-101765,2025-05-17,1,17,False,False,25736.319999999996,1-29,DEBT_CONSOLIDATION
LN-508214,CUST-102111,2025-05-17,0,0,False,False,21270.757500000018,Current,DEBT_CONSOLIDATION
LN-508215,CUST-106018,2025-05-17,0,0,False,False,467944.1975,Current,DEBT_CONSOLIDATION
LN-508216,CUST-107860,2025-05-17,0,0,False,False,18612.887499999986,Current,DEBT_CONSOLIDATION
LN-508217,CUST-102464,2025-05-17,0,0,False,False,14740.377500000002,Current,DEBT_CONSOLIDATION
LN-508218,CUST-102411,2025-05-17,0,0,False,False,62799.360000000015,Current,DEBT_CONSOLIDATION
LN-508219,CUST-105270,2025-05-17,0,0,False,False,16327.3975,Current,DEBT_CONSOLIDATION
LN-508220,CUST-101544,2025-05-17,0,0,False,False,3332.81,Current,DEBT_CONSOLIDATION
LN-508222,CUST-106308,2025-05-17,0,0,False,False,28284.91249999999,Current,DEBT_CONSOLIDATION
LN-508223,CUST-105633,2025-05-17,0,0,False,False,10977.355,Current,DEBT_CONSOLIDATION
LN-508224,CUST-103145,2025-05-17,1,16,False,False,30131.160000000014,1-29,DEBT_CONSOLIDATION
LN-508225,CUST-100616,2025-05-17,0,0,False,False,194106.04,Current,DEBT_CONSOLIDATION
LN-508226,CUST-103412,2025-05-17,0,0,False,False,14628.6075,Current,DEBT_CONSOLIDATION
LN-508227,CUST-106804,2025-05-17,0,0,False,False,82591.89,Current,DEBT_CONSOLIDATION
LN-508228,CUST-105529,2025-05-17,0,0,False,False,10007.719999999998,Current,DEBT_CONSOLIDATION
LN-508229,CUST-101869,2025-05-17,0,0,False,False,34882.179999999986,Current,DEBT_CONSOLIDATION
LN-508230,CUST-104817,2025-05-17,0,0,False,False,15672.21000000001,Current,DEBT_CONSOLIDATION
LN-508231,CUST-105904,2025-05-17,0,0,False,False,26062.410000000007,Current,DEBT_CONSOLIDATION
LN-508232,CUST-103862,2025-05-17,0,0,True,False,9200.5,Current,DEBT_CONSOLIDATION
LN-508233,CUST-101133,2025-05-17,0,0,False,False,101341.70999999998,Current,DEBT_CONSOLIDATION
LN-508234,CUST-103620,2025-05-17,0,0,False,False,20216.865000000013,Current,DEBT_CONSOLIDATION
LN-508235,CUST-106773,2025-05-17,0,0,False,False,23636.3675,Current,DEBT_CONSOLIDATION
LN-508236,CUST-105134,2025-05-17,0,0,False,False,385301.47500000003,Current,DEBT_CONSOLIDATION
LN-508237,CUST-107736,2025-05-17,0,0,False,False,1163.6199999999992,Current,DEBT_CONSOLIDATION
LN-508238,CUST-105465,2025-05-17,0,0,False,False,11635.949999999997,Current,DEBT_CONSOLIDATION
LN-508239,CUST-106892,2025-05-17,0,0,False,False,71618.02,Current,DEBT_CONSOLIDATION
LN-508240,CUST-106897,2025-05-17,0,0,False,False,3460.5949999999993,Current,DEBT_CONSOLIDATION
LN-508241,CUST-107275,2025-05-17,0,0,False,False,14381.8625,Current,DEBT_CONSOLIDATION
LN-508242,CUST-102424,2025-05-17,0,0,False,False,20681.152500000026,Current,DEBT_CONSOLIDATION
LN-508243,CUST-106086,2025-05-17,0,0,False,False,31103.729999999996,Current,DEBT_CONSOLIDATION
LN-508244,CUST-104752,2025-05-17,0,0,False,False,15049.755000000003,Current,DEBT_CONSOLIDATION
LN-508246,CUST-100561,2025-05-17,0,0,False,False,24564.422499999993,Current,DEBT_CONSOLIDATION
LN-508247,CUST-105269,2025-05-17,0,0,False,False,11584.085,Current,DEBT_CONSOLIDATION
LN-508248,CUST-104627,2025-05-17,0,0,False,False,268725.17,Current,DEBT_CONSOLIDATION
LN-508249,CUST-102649,2025-05-17,2,53,False,False,19859.584999999995,30-59,DEBT_CONSOLIDATION
LN-508250,CUST-104803,2025-05-17,0,0,False,False,16370.087499999998,Current,DEBT_CONSOLIDATION
LN-508251,CUST-107311,2025-05-17,1,5,False,False,14039.922500000011,1-29,DEBT_CONSOLIDATION
LN-508252,CUST-107583,2025-05-17,4,241,False,True,14199.080000000002,90+,DEBT_CONSOLIDATION
LN-508253,CUST-101597,2025-05-17,0,0,False,False,38603.34749999997,Current,DEBT_CONSOLIDATION
LN-508254,CUST-106442,2025-05-17,0,0,False,False,14264.73,Current,DEBT_CONSOLIDATION
LN-508255,CUST-101068,2025-05-17,0,0,False,False,12578.280000000004,Current,DEBT_CONSOLIDATION
LN-508256,CUST-107871,2025-05-17,0,0,False,False,18018.300000000007,Current,DEBT_CONSOLIDATION
LN-508257,CUST-107434,2025-05-17,0,0,False,False,27912.525000000005,Current,DEBT_CONSOLIDATION
LN-508258,CUST-100441,2025-05-17,0,0,False,False,29320.515,Current,DEBT_CONSOLIDATION
LN-508259,CUST-101625,2025-05-17,0,0,False,False,22921.2325,Current,DEBT_CONSOLIDATION
LN-508260,CUST-104932,2025-05-17,0,0,False,False,7187.55,Current,DEBT_CONSOLIDATION
LN-508261,CUST-107469,2025-05-17,0,0,False,False,30247.05,Current,DEBT_CONSOLIDATION
LN-508262,CUST-103593,2025-05-17,1,22,False,False,18609.827499999992,1-29,DEBT_CONSOLIDATION
LN-508263,CUST-100252,2025-05-17,0,0,False,False,13763.070000000007,Current,DEBT_CONSOLIDATION
LN-508264,CUST-105799,2025-05-17,0,0,False,False,49928.569999999985,Current,DEBT_CONSOLIDATION
LN-508265,CUST-101542,2025-05-17,0,0,False,False,16390.010000000024,Current,DEBT_CONSOLIDATION
LN-508266,CUST-107443,2025-05-17,0,0,False,False,18443.545000000006,Current,DEBT_CONSOLIDATION
LN-508267,CUST-103129,2025-05-17,0,0,False,False,17095.035000000007,Current,DEBT_CONSOLIDATION
LN-508268,CUST-102585,2025-05-17,0,0,False,False,36676.64249999996,Current,DEBT_CONSOLIDATION
LN-508269,CUST-104407,2025-05-17,0,0,False,False,8867.679999999998,Current,DEBT_CONSOLIDATION
LN-508270,CUST-106271,2025-05-17,0,0,False,False,16928.49999999999,Current,DEBT_CONSOLIDATION
LN-508271,CUST-106376,2025-05-17,0,0,False,False,26179.92999999998,Current,DEBT_CONSOLIDATION
LN-508273,CUST-106747,2025-05-17,0,0,False,False,7675.149999999998,Current,DEBT_CONSOLIDATION
LN-508274,CUST-100090,2025-05-17,0,0,False,False,17297.622500000027,Current,DEBT_CONSOLIDATION
LN-508275,CUST-100187,2025-05-17,0,0,False,False,16371.745000000003,Current,DEBT_CONSOLIDATION
LN-508276,CUST-102035,2025-05-17,0,0,False,False,22543.337500000005,Current,DEBT_CONSOLIDATION
LN-508277,CUST-106740,2025-05-17,0,0,False,False,11104.532500000005,Current,DEBT_CONSOLIDATION
LN-508278,CUST-104738,2025-05-17,0,0,False,False,7766.839999999998,Current,DEBT_CONSOLIDATION
LN-508280,CUST-102768,2025-05-17,0,0,False,False,6903.2,Current,DEBT_CONSOLIDATION
LN-508281,CUST-100901,2025-05-17,0,0,False,False,19429.759999999995,Current,DEBT_CONSOLIDATION
LN-508282,CUST-100081,2025-05-17,0,0,False,False,5714.680000000002,Current,DEBT_CONSOLIDATION
LN-508283,CUST-103181,2025-05-17,4,95,False,False,38053.925,90+,DEBT_CONSOLIDATION
LN-508284,CUST-101304,2025-05-17,0,0,False,False,27605.82,Current,DEBT_CONSOLIDATION
LN-508285,CUST-101346,2025-05-17,0,0,False,False,17435.754999999986,Current,DEBT_CONSOLIDATION
LN-508286,CUST-104293,2025-05-17,0,0,False,False,34974.0,Current,DEBT_CONSOLIDATION
LN-508287,CUST-100827,2025-05-17,0,0,False,False,56180.72,Current,DEBT_CONSOLIDATION
LN-508288,CUST-102252,2025-05-17,4,114,False,False,26459.654999999988,90+,DEBT_CONSOLIDATION
LN-508289,CUST-100228,2025-05-17,0,0,False,False,47249.29499999999,Current,DEBT_CONSOLIDATION
LN-508290,CUST-106995,2025-05-17,0,0,False,False,25406.734999999997,Current,DEBT_CONSOLIDATION
LN-508291,CUST-107258,2025-05-17,0,0,False,False,19227.975000000013,Current,DEBT_CONSOLIDATION
LN-508292,CUST-102730,2025-05-17,0,0,False,False,23575.105,Current,DEBT_CONSOLIDATION
LN-508293,CUST-107474,2025-05-17,0,0,False,False,20724.76500000001,Current,DEBT_CONSOLIDATION
LN-508294,CUST-105935,2025-05-17,0,0,False,False,11309.425,Current,DEBT_CONSOLIDATION
LN-508295,CUST-102231,2025-05-17,0,0,False,False,5211.455000000001,Current,DEBT_CONSOLIDATION
LN-508296,CUST-106807,2025-05-17,0,0,False,False,22201.975,Current,DEBT_CONSOLIDATION
LN-508297,CUST-103458,2025-05-17,0,0,False,False,27089.45,Current,DEBT_CONSOLIDATION
LN-508298,CUST-100747,2025-05-17,0,0,False,False,48923.81000000001,Current,DEBT_CONSOLIDATION
LN-508299,CUST-102291,2025-05-17,0,0,False,False,722.0399999999997,Current,DEBT_CONSOLIDATION
LN-508300,CUST-107553,2025-05-17,0,0,False,False,33180.52,Current,DEBT_CONSOLIDATION
LN-508301,CUST-105818,2025-05-17,0,0,False,False,21454.065000000002,Current,DEBT_CONSOLIDATION
LN-508302,CUST-106465,2025-05-17,0,0,False,False,46430.9775,Current,DEBT_CONSOLIDATION
LN-508303,CUST-104230,2025-05-17,0,0,False,False,2095.4225000000015,Current,DEBT_CONSOLIDATION
LN-508304,CUST-106999,2025-05-17,0,0,False,False,45874.059999999976,Current,DEBT_CONSOLIDATION
LN-508305,CUST-102373,2025-05-17,0,0,True,False,4955.712499999995,Current,DEBT_CONSOLIDATION
LN-508306,CUST-100398,2025-05-17,0,0,False,False,10346.505,Current,DEBT_CONSOLIDATION
LN-508307,CUST-107329,2025-05-17,0,0,False,False,25069.395,Current,DEBT_CONSOLIDATION
LN-508308,CUST-101309,2025-05-17,0,0,False,False,9296.182500000012,Current,DEBT_CONSOLIDATION
LN-508309,CUST-106651,2025-05-17,0,0,False,False,11979.679999999991,Current,DEBT_CONSOLIDATION
LN-508310,CUST-105522,2025-05-17,0,0,False,False,17194.535000000003,Current,DEBT_CONSOLIDATION
LN-508311,CUST-106824,2025-05-17,0,0,False,False,7066.4,Current,DEBT_CONSOLIDATION
LN-508312,CUST-104308,2025-05-17,0,0,False,False,39525.53999999998,Current,DEBT_CONSOLIDATION
LN-508313,CUST-105193,2025-05-17,1,29,False,False,41819.48249999998,1-29,DEBT_CONSOLIDATION
LN-508314,CUST-102581,2025-05-17,0,0,False,False,60009.75,Current,DEBT_CONSOLIDATION
LN-508315,CUST-103883,2025-05-17,0,0,False,False,9443.325000000004,Current,DEBT_CONSOLIDATION
LN-508316,CUST-101631,2025-05-17,0,0,False,False,10213.72999999999,Current,DEBT_CONSOLIDATION
LN-508317,CUST-100254,2025-05-17,0,0,False,False,4935.172500000001,Current,DEBT_CONSOLIDATION
LN-508318,CUST-102153,2025-05-17,0,0,False,False,44349.835,Current,DEBT_CONSOLIDATION
LN-508319,CUST-104819,2025-05-17,0,0,False,False,21325.969999999994,Current,DEBT_CONSOLIDATION
LN-508320,CUST-101247,2025-05-17,0,0,False,False,12291.384999999998,Current,DEBT_CONSOLIDATION
LN-508321,CUST-100539,2025-05-17,0,0,False,False,8726.484999999999,Current,DEBT_CONSOLIDATION
LN-508322,CUST-101917,2025-05-17,0,0,False,False,38960.66,Current,DEBT_CONSOLIDATION
LN-508323,CUST-103669,2025-05-17,1,12,False,False,6664.5075,1-29,DEBT_CONSOLIDATION
LN-508324,CUST-106008,2025-05-17,0,0,False,False,13493.33,Current,DEBT_CONSOLIDATION
LN-508325,CUST-105594,2025-05-17,0,0,False,False,95393.71000000002,Current,DEBT_CONSOLIDATION
LN-508326,CUST-105776,2025-05-17,0,0,False,False,28773.05999999999,Current,DEBT_CONSOLIDATION
LN-508329,CUST-103127,2025-05-17,0,0,False,False,27338.71250000001,Current,DEBT_CONSOLIDATION
LN-508330,CUST-102018,2025-05-17,0,0,False,False,467837.5599999998,Current,DEBT_CONSOLIDATION
LN-508331,CUST-102475,2025-05-17,0,0,False,False,7430.4474999999975,Current,DEBT_CONSOLIDATION
LN-508332,CUST-107222,2025-05-17,0,0,False,False,40520.45,Current,DEBT_CONSOLIDATION
LN-508333,CUST-107662,2025-05-17,0,0,False,False,13060.145,Current,DEBT_CONSOLIDATION
LN-508334,CUST-100944,2025-05-17,0,0,False,False,17572.89,Current,DEBT_CONSOLIDATION
LN-508335,CUST-100002,2025-05-17,0,0,True,False,11207.7125,Current,DEBT_CONSOLIDATION
LN-508336,CUST-106477,2025-05-17,2,41,False,False,41036.310000000005,30-59,DEBT_CONSOLIDATION
LN-508337,CUST-101525,2025-05-17,0,0,False,False,5317.572500000001,Current,DEBT_CONSOLIDATION
LN-508338,CUST-102876,2025-05-17,0,0,False,False,19845.382499999992,Current,DEBT_CONSOLIDATION
LN-508339,CUST-106895,2025-05-17,0,0,False,False,10452.404999999997,Current,DEBT_CONSOLIDATION
LN-508340,CUST-105411,2025-05-17,0,0,False,False,8668.579999999996,Current,DEBT_CONSOLIDATION
LN-508341,CUST-102621,2025-05-17,0,0,False,False,49546.44,Current,DEBT_CONSOLIDATION
LN-508342,CUST-101476,2025-05-17,0,0,False,False,1898.3949999999977,Current,DEBT_CONSOLIDATION
LN-508343,CUST-101917,2025-05-17,0,0,False,False,27712.125,Current,DEBT_CONSOLIDATION
LN-508344,CUST-104698,2025-05-17,0,0,False,False,9560.19,Current,DEBT_CONSOLIDATION
LN-508345,CUST-105924,2025-05-17,0,0,False,False,16302.65,Current,DEBT_CONSOLIDATION
LN-508346,CUST-101531,2025-05-17,0,0,False,False,46012.15499999996,Current,DEBT_CONSOLIDATION
LN-508347,CUST-100040,2025-05-17,0,0,False,False,23869.5075,Current,DEBT_CONSOLIDATION
LN-508348,CUST-102407,2025-05-17,0,0,False,False,7036.067499999991,Current,DEBT_CONSOLIDATION
LN-508349,CUST-100947,2025-05-17,0,0,False,False,8497.259999999995,Current,DEBT_CONSOLIDATION
LN-508350,CUST-101903,2025-05-17,0,0,False,False,15337.767500000005,Current,DEBT_CONSOLIDATION
LN-508351,CUST-100950,2025-05-17,0,0,False,False,31807.78,Current,DEBT_CONSOLIDATION
LN-508352,CUST-107211,2025-05-17,0,0,False,False,3130.0899999999997,Current,DEBT_CONSOLIDATION
LN-508353,CUST-101025,2025-05-17,0,0,False,False,19576.487500000003,Current,DEBT_CONSOLIDATION
LN-508354,CUST-104672,2025-05-17,0,0,False,False,13545.37,Current,DEBT_CONSOLIDATION
LN-508355,CUST-107117,2025-05-17,0,0,False,False,10530.700000000004,Current,DEBT_CONSOLIDATION
LN-508356,CUST-104507,2025-05-17,0,0,False,False,6727.880000000002,Current,DEBT_CONSOLIDATION
LN-508357,CUST-100872,2025-05-17,0,0,False,False,22312.100000000002,Current,DEBT_CONSOLIDATION
LN-508359,CUST-103695,2025-05-17,0,0,False,False,25104.695,Current,DEBT_CONSOLIDATION
LN-508360,CUST-103058,2025-05-17,1,8,False,False,41080.56000000002,1-29,DEBT_CONSOLIDATION
LN-508361,CUST-104343,2025-05-17,0,0,False,False,535747.36,Current,DEBT_CONSOLIDATION
LN-508363,CUST-105135,2025-05-17,0,0,False,False,10757.10000000001,Current,DEBT_CONSOLIDATION
LN-508364,CUST-104016,2025-05-17,0,0,False,False,17258.090000000004,Current,DEBT_CONSOLIDATION
LN-508365,CUST-106717,2025-05-17,0,0,False,False,463546.41,Current,DEBT_CONSOLIDATION
LN-508366,CUST-101221,2025-05-17,0,0,False,False,1340.9399999999998,Current,DEBT_CONSOLIDATION
LN-508367,CUST-105728,2025-05-17,0,0,False,False,28656.160000000007,Current,DEBT_CONSOLIDATION
LN-508368,CUST-101280,2025-05-17,0,0,False,False,16232.704999999993,Current,DEBT_CONSOLIDATION
LN-508369,CUST-106486,2025-05-17,0,0,False,False,16435.627500000002,Current,DEBT_CONSOLIDATION
LN-508371,CUST-100406,2025-05-17,0,0,False,False,33344.44000000001,Current,DEBT_CONSOLIDATION
LN-508372,CUST-100969,2025-05-17,0,0,False,False,42791.99000000001,Current,DEBT_CONSOLIDATION
LN-508375,CUST-100200,2025-05-17,3,76,False,False,4084.3600000000006,60-89,DEBT_CONSOLIDATION
LN-508376,CUST-101282,2025-05-17,0,0,False,False,12485.84,Current,DEBT_CONSOLIDATION
LN-508377,CUST-103714,2025-05-17,0,0,False,False,18836.847499999996,Current,DEBT_CONSOLIDATION
LN-508378,CUST-103724,2025-05-17,0,0,False,False,22119.93,Current,DEBT_CONSOLIDATION
LN-508379,CUST-100607,2025-05-17,1,10,False,False,2201.8950000000004,1-29,DEBT_CONSOLIDATION
LN-508380,CUST-101589,2025-05-17,0,0,False,False,6680.315000000004,Current,DEBT_CONSOLIDATION
LN-508384,CUST-105028,2025-05-17,0,0,False,False,26967.34,Current,DEBT_CONSOLIDATION
LN-508385,CUST-101565,2025-05-17,0,0,False,False,11225.15,Current,DEBT_CONSOLIDATION
LN-508386,CUST-102673,2025-05-17,0,0,False,False,5609.114999999998,Current,DEBT_CONSOLIDATION
LN-508387,CUST-100994,2025-05-17,0,0,False,False,4913.605000000002,Current,DEBT_CONSOLIDATION
LN-508388,CUST-107947,2025-05-17,0,0,False,False,23513.225000000002,Current,DEBT_CONSOLIDATION
LN-508389,CUST-106259,2025-05-17,0,0,False,False,25533.320000000003,Current,DEBT_CONSOLIDATION
LN-508391,CUST-102370,2025-05-17,4,105,False,False,28463.065000000002,90+,DEBT_CONSOLIDATION
LN-508392,CUST-103284,2025-05-17,0,0,False,False,9959.380000000006,Current,DEBT_CONSOLIDATION
LN-508394,CUST-106153,2025-05-17,4,132,False,False,34506.18999999999,90+,DEBT_CONSOLIDATION
LN-508395,CUST-104221,2025-05-17,0,0,False,False,114534.55000000005,Current,DEBT_CONSOLIDATION
LN-508396,CUST-104312,2025-05-17,1,13,False,False,30010.73,1-29,DEBT_CONSOLIDATION
LN-508397,CUST-100279,2025-05-17,0,0,False,False,30418.614999999998,Current,DEBT_CONSOLIDATION
LN-508398,CUST-106757,2025-05-17,0,0,False,False,50701.325,Current,DEBT_CONSOLIDATION
LN-508399,CUST-105493,2025-05-17,0,0,False,False,24547.945,Current,DEBT_CONSOLIDATION
LN-508400,CUST-102353,2025-05-17,0,0,False,False,5006.052500000002,Current,DEBT_CONSOLIDATION
LN-508401,CUST-100537,2025-05-17,0,0,False,False,28628.740000000005,Current,DEBT_CONSOLIDATION
LN-508402,CUST-100590,2025-05-17,0,0,False,False,571033.6900000003,Current,DEBT_CONSOLIDATION
LN-508403,CUST-100060,2025-05-17,0,0,False,False,9839.195,Current,DEBT_CONSOLIDATION
LN-508404,CUST-105104,2025-05-17,0,0,False,False,31207.665,Current,DEBT_CONSOLIDATION
LN-508405,CUST-107410,2025-05-17,0,0,False,False,45331.63250000001,Current,DEBT_CONSOLIDATION
LN-508406,CUST-103693,2025-05-17,0,0,False,False,16224.912499999999,Current,DEBT_CONSOLIDATION
LN-508407,CUST-106868,2025-05-17,0,0,False,False,897.1475,Current,DEBT_CONSOLIDATION
LN-508408,CUST-107629,2025-05-17,0,0,False,False,40609.1425,Current,DEBT_CONSOLIDATION
LN-508409,CUST-106793,2025-05-17,0,0,False,False,35608.38499999997,Current,DEBT_CONSOLIDATION
LN-508410,CUST-107181,2025-05-17,1,6,False,False,23558.630000000012,1-29,DEBT_CONSOLIDATION
LN-508411,CUST-105946,2025-05-17,0,0,False,False,109578.43000000002,Current,DEBT_CONSOLIDATION
LN-508412,CUST-107280,2025-05-17,0,0,False,False,24760.03,Current,DEBT_CONSOLIDATION
LN-508413,CUST-106081,2025-05-17,0,0,False,False,113245.3725,Current,DEBT_CONSOLIDATION
LN-508414,CUST-103725,2025-05-17,0,0,False,False,24265.1425,Current,DEBT_CONSOLIDATION
LN-508415,CUST-100538,2025-05-17,0,0,False,False,19214.7,Current,DEBT_CONSOLIDATION
LN-508416,CUST-100451,2025-05-17,0,0,False,False,54168.93750000002,Current,DEBT_CONSOLIDATION
LN-508417,CUST-103493,2025-05-17,0,0,False,False,25159.20999999999,Current,DEBT_CONSOLIDATION
LN-508418,CUST-101209,2025-05-17,0,0,False,False,2343.1250000000014,Current,DEBT_CONSOLIDATION
LN-508419,CUST-106422,2025-05-17,1,4,False,False,19486.162499999988,1-29,DEBT_CONSOLIDATION
LN-508420,CUST-101538,2025-05-17,0,0,False,False,6020.929999999995,Current,DEBT_CONSOLIDATION
LN-508421,CUST-101467,2025-05-17,0,0,False,False,13140.149999999998,Current,DEBT_CONSOLIDATION
LN-508422,CUST-107662,2025-05-17,0,0,False,False,6573.357499999998,Current,DEBT_CONSOLIDATION
LN-508423,CUST-102980,2025-05-17,0,0,False,False,11145.804999999997,Current,DEBT_CONSOLIDATION
LN-508424,CUST-102518,2025-05-17,0,0,False,False,25572.100000000002,Current,DEBT_CONSOLIDATION
LN-508425,CUST-102101,2025-05-17,1,27,False,False,11898.892499999998,1-29,DEBT_CONSOLIDATION
LN-508426,CUST-106374,2025-05-17,0,0,False,False,46259.07999999997,Current,DEBT_CONSOLIDATION
LN-508427,CUST-104206,2025-05-17,0,0,False,False,49008.31500000001,Current,DEBT_CONSOLIDATION
LN-508428,CUST-103790,2025-05-17,0,0,False,False,16423.27,Current,DEBT_CONSOLIDATION
LN-508429,CUST-101322,2025-05-17,0,0,False,False,106651.535,Current,DEBT_CONSOLIDATION
LN-508430,CUST-107026,2025-05-17,0,0,False,False,22748.1725,Current,DEBT_CONSOLIDATION
LN-508431,CUST-100139,2025-05-17,0,0,False,False,19972.07500000001,Current,DEBT_CONSOLIDATION
LN-508432,CUST-100714,2025-05-17,0,0,False,False,36404.47999999998,Current,DEBT_CONSOLIDATION
LN-508433,CUST-105582,2025-05-17,0,0,False,False,45846.0175,Current,DEBT_CONSOLIDATION
LN-508434,CUST-107242,2025-05-17,4,128,False,False,3673.8200000000015,90+,DEBT_CONSOLIDATION
LN-508435,CUST-107671,2025-05-17,0,0,False,False,18814.875,Current,DEBT_CONSOLIDATION
LN-508437,CUST-103830,2025-05-17,0,0,False,False,10751.5475,Current,DEBT_CONSOLIDATION
LN-508438,CUST-105480,2025-05-17,0,0,False,False,10595.920000000002,Current,DEBT_CONSOLIDATION
LN-508439,CUST-105904,2025-05-17,0,0,False,False,17104.619999999995,Current,DEBT_CONSOLIDATION
LN-508440,CUST-102080,2025-05-17,0,0,False,False,12293.71,Current,DEBT_CONSOLIDATION
LN-508441,CUST-103163,2025-05-17,0,0,False,False,23802.04999999998,Current,DEBT_CONSOLIDATION
LN-508442,CUST-100373,2025-05-17,0,0,False,False,12191.89,Current,DEBT_CONSOLIDATION
LN-508443,CUST-102590,2025-05-17,0,0,False,False,19632.11000000002,Current,DEBT_CONSOLIDATION
LN-508444,CUST-105729,2025-05-17,2,36,False,False,86860.78999999995,30-59,DEBT_CONSOLIDATION
LN-508445,CUST-103119,2025-05-17,0,0,False,False,13822.944999999992,Current,DEBT_CONSOLIDATION
LN-508446,CUST-107350,2025-05-17,0,0,False,False,2509.455,Current,DEBT_CONSOLIDATION
LN-508447,CUST-104103,2025-05-17,0,0,False,False,3149.09,Current,DEBT_CONSOLIDATION
LN-508448,CUST-101839,2025-05-17,0,0,False,False,19728.41000000001,Current,DEBT_CONSOLIDATION
LN-508449,CUST-107536,2025-05-17,0,0,False,False,29967.53,Current,DEBT_CONSOLIDATION
LN-508451,CUST-104036,2025-05-17,0,0,False,False,15917.624999999998,Current,DEBT_CONSOLIDATION
LN-508452,CUST-103550,2025-05-17,0,0,False,False,4949.46,Current,DEBT_CONSOLIDATION
LN-508453,CUST-105928,2025-05-17,0,0,False,False,11754.607499999995,Current,DEBT_CONSOLIDATION
LN-508454,CUST-104543,2025-05-17,0,0,False,False,1203.3399999999997,Current,DEBT_CONSOLIDATION
LN-508455,CUST-100327,2025-05-17,0,0,False,False,15136.597500000009,Current,DEBT_CONSOLIDATION
LN-508456,CUST-107314,2025-05-17,0,0,False,False,480053.5025000001,Current,DEBT_CONSOLIDATION
LN-508458,CUST-102726,2025-05-17,0,0,False,False,24099.910000000003,Current,DEBT_CONSOLIDATION
LN-508459,CUST-107331,2025-05-17,0,0,False,False,43372.335,Current,DEBT_CONSOLIDATION
LN-508460,CUST-105542,2025-05-17,0,0,False,False,24466.175000000003,Current,DEBT_CONSOLIDATION
LN-508461,CUST-106894,2025-05-17,0,0,False,False,35428.25249999999,Current,DEBT_CONSOLIDATION
LN-508462,CUST-106467,2025-05-17,1,15,False,False,4757.079999999996,1-29,DEBT_CONSOLIDATION
LN-508463,CUST-107761,2025-05-17,0,0,False,False,27529.719999999994,Current,DEBT_CONSOLIDATION
LN-508465,CUST-105009,2025-05-17,0,0,False,False,15043.680000000008,Current,DEBT_CONSOLIDATION
LN-508466,CUST-106432,2025-05-17,0,0,False,False,11060.859999999997,Current,DEBT_CONSOLIDATION
LN-508467,CUST-103688,2025-05-17,0,0,False,False,48013.66999999999,Current,DEBT_CONSOLIDATION
LN-508468,CUST-107885,2025-05-17,0,0,False,False,15344.987499999988,Current,DEBT_CONSOLIDATION
LN-508469,CUST-101149,2025-05-17,0,0,False,False,15275.444999999998,Current,DEBT_CONSOLIDATION
LN-508470,CUST-106003,2025-05-17,0,0,False,False,34383.83000000002,Current,DEBT_CONSOLIDATION
LN-508471,CUST-100923,2025-05-17,0,0,False,False,370.52500000000026,Current,DEBT_CONSOLIDATION
LN-508472,CUST-107184,2025-05-17,0,0,False,False,39209.855,Current,DEBT_CONSOLIDATION
LN-508474,CUST-104113,2025-05-17,0,0,False,False,20040.924999999985,Current,DEBT_CONSOLIDATION
LN-508475,CUST-101905,2025-05-17,0,0,False,False,47060.48249999999,Current,DEBT_CONSOLIDATION
LN-508476,CUST-102347,2025-05-17,0,0,False,False,14406.09,Current,DEBT_CONSOLIDATION
LN-508477,CUST-107058,2025-05-17,0,0,False,False,9751.015000000003,Current,DEBT_CONSOLIDATION
LN-508478,CUST-103277,2025-05-17,0,0,False,False,2353.985000000001,Current,DEBT_CONSOLIDATION
LN-508479,CUST-106631,2025-05-17,0,0,False,False,17613.51999999999,Current,DEBT_CONSOLIDATION
LN-508480,CUST-107309,2025-05-17,0,0,False,False,12751.765000000001,Current,DEBT_CONSOLIDATION
LN-508481,CUST-100959,2025-05-17,0,0,False,False,28251.692499999994,Current,DEBT_CONSOLIDATION
LN-508482,CUST-106949,2025-05-17,0,0,False,False,30992.929999999997,Current,DEBT_CONSOLIDATION
LN-508483,CUST-106426,2025-05-17,0,0,False,False,6670.384999999997,Current,DEBT_CONSOLIDATION
LN-508484,CUST-105062,2025-05-17,0,0,False,False,9709.512499999999,Current,DEBT_CONSOLIDATION
LN-508485,CUST-103731,2025-05-17,0,0,False,False,36131.195,Current,DEBT_CONSOLIDATION
LN-508486,CUST-104120,2025-05-17,0,0,False,False,5343.589999999998,Current,DEBT_CONSOLIDATION
LN-508487,CUST-100276,2025-05-17,0,0,False,False,23160.042499999996,Current,DEBT_CONSOLIDATION
LN-508488,CUST-100907,2025-05-17,0,0,False,False,16002.642500000002,Current,DEBT_CONSOLIDATION
LN-508489,CUST-104939,2025-05-17,0,0,False,False,7736.662499999991,Current,DEBT_CONSOLIDATION
LN-508490,CUST-102140,2025-05-17,0,0,False,False,31446.330000000005,Current,DEBT_CONSOLIDATION
LN-508491,CUST-103215,2025-05-17,0,0,False,False,20545.505,Current,DEBT_CONSOLIDATION
LN-508492,CUST-105152,2025-05-17,0,0,False,False,29543.39499999999,Current,DEBT_CONSOLIDATION
LN-508493,CUST-102121,2025-05-17,0,0,False,False,16946.14,Current,DEBT_CONSOLIDATION
LN-508494,CUST-107725,2025-05-17,0,0,False,False,14486.165,Current,DEBT_CONSOLIDATION
LN-508495,CUST-103973,2025-05-17,0,0,False,False,15312.452500000001,Current,DEBT_CONSOLIDATION
LN-508496,CUST-103249,2025-05-17,0,0,False,False,34354.065,Current,DEBT_CONSOLIDATION
LN-508497,CUST-105702,2025-05-17,0,0,False,False,6713.752500000001,Current,DEBT_CONSOLIDATION
LN-508498,CUST-106564,2025-05-17,0,0,False,False,29398.739999999998,Current,DEBT_CONSOLIDATION
LN-508499,CUST-106613,2025-05-17,0,0,False,False,1887.455,Current,DEBT_CONSOLIDATION
LN-508500,CUST-100010,2025-05-17,0,0,False,False,28756.025,Current,DEBT_CONSOLIDATION
LN-508501,CUST-101612,2025-05-17,0,0,True,False,33820.09000000001,Current,DEBT_CONSOLIDATION
LN-508502,CUST-102844,2025-05-17,0,0,False,False,14167.910000000007,Current,DEBT_CONSOLIDATION
LN-508503,CUST-104784,2025-05-17,0,0,False,False,18766.825000000004,Current,DEBT_CONSOLIDATION
LN-508504,CUST-105974,2025-05-17,0,0,False,False,608111.2199999999,Current,DEBT_CONSOLIDATION
LN-508505,CUST-106708,2025-05-17,0,0,False,False,341391.46499999997,Current,DEBT_CONSOLIDATION
LN-508506,CUST-104649,2025-05-17,0,0,False,False,26465.75,Current,DEBT_CONSOLIDATION
LN-508507,CUST-103251,2025-05-17,0,0,False,False,45020.81000000001,Current,DEBT_CONSOLIDATION
LN-508508,CUST-106961,2025-05-17,0,0,False,False,35854.19999999998,Current,DEBT_CONSOLIDATION
LN-508509,CUST-102716,2025-05-17,0,0,False,False,25646.885000000002,Current,DEBT_CONSOLIDATION
LN-508510,CUST-102824,2025-05-17,0,0,False,False,129380.48000000004,Current,DEBT_CONSOLIDATION
LN-508511,CUST-107485,2025-05-17,1,14,False,False,9922.954999999996,1-29,DEBT_CONSOLIDATION
LN-508512,CUST-105461,2025-05-17,0,0,False,False,31045.925,Current,DEBT_CONSOLIDATION
LN-508513,CUST-101016,2025-05-17,0,0,False,False,9658.545000000002,Current,DEBT_CONSOLIDATION
LN-508514,CUST-105065,2025-05-17,0,0,False,False,13972.035,Current,DEBT_CONSOLIDATION
LN-508516,CUST-106674,2025-05-17,0,0,False,False,37471.15000000001,Current,DEBT_CONSOLIDATION
LN-508517,CUST-101923,2025-05-17,0,0,False,False,13594.024999999998,Current,DEBT_CONSOLIDATION
LN-508518,CUST-106444,2025-05-17,0,0,False,False,3757.9300000000003,Current,DEBT_CONSOLIDATION
LN-508519,CUST-100331,2025-05-17,1,30,False,False,27282.149999999998,1-29,DEBT_CONSOLIDATION
LN-508520,CUST-105718,2025-05-17,0,0,False,False,7612.119999999999,Current,DEBT_CONSOLIDATION
LN-508521,CUST-100683,2025-05-17,0,0,False,False,31967.629999999983,Current,DEBT_CONSOLIDATION
LN-508522,CUST-100478,2025-05-17,0,0,False,False,10374.48,Current,DEBT_CONSOLIDATION
LN-508523,CUST-104748,2025-05-17,0,0,False,False,48608.91,Current,DEBT_CONSOLIDATION
LN-508525,CUST-105857,2025-05-17,0,0,False,False,17790.327499999992,Current,DEBT_CONSOLIDATION
LN-508526,CUST-106485,2025-05-17,0,0,False,False,37364.145000000004,Current,DEBT_CONSOLIDATION
LN-508527,CUST-101489,2025-05-17,0,0,False,False,11063.485000000004,Current,DEBT_CONSOLIDATION
LN-508528,CUST-106319,2025-05-17,0,0,False,False,88744.56,Current,DEBT_CONSOLIDATION
LN-508529,CUST-106412,2025-05-17,0,0,False,False,38445.245,Current,DEBT_CONSOLIDATION
LN-508530,CUST-106091,2025-05-17,0,0,False,False,2133.752499999999,Current,DEBT_CONSOLIDATION
LN-508531,CUST-102605,2025-05-17,0,0,False,False,27266.892499999994,Current,DEBT_CONSOLIDATION
LN-508532,CUST-107470,2025-05-17,0,0,False,False,22050.72500000001,Current,DEBT_CONSOLIDATION
LN-508533,CUST-100889,2025-05-17,0,0,False,False,22502.5,Current,DEBT_CONSOLIDATION
LN-508534,CUST-105176,2025-05-17,0,0,False,False,24859.45000000001,Current,DEBT_CONSOLIDATION
LN-508535,CUST-107828,2025-05-17,0,0,False,False,17844.239999999998,Current,DEBT_CONSOLIDATION
LN-508536,CUST-107055,2025-05-17,0,0,False,False,2954.7674999999995,Current,DEBT_CONSOLIDATION
LN-508537,CUST-106411,2025-05-17,0,0,True,False,16406.587499999998,Current,DEBT_CONSOLIDATION
LN-508538,CUST-106666,2025-05-17,0,0,False,False,25463.712500000005,Current,DEBT_CONSOLIDATION
LN-508539,CUST-103136,2025-05-17,0,0,False,False,45397.14,Current,DEBT_CONSOLIDATION
LN-508541,CUST-106408,2025-05-17,0,0,False,False,112902.70250000001,Current,DEBT_CONSOLIDATION
LN-508542,CUST-104886,2025-05-17,5,151,False,False,14821.62,Charged-off,DEBT_CONSOLIDATION
LN-508543,CUST-101828,2025-05-17,0,0,False,False,15653.659999999982,Current,DEBT_CONSOLIDATION
LN-508544,CUST-106457,2025-05-17,0,0,False,False,27435.48000000001,Current,DEBT_CONSOLIDATION
LN-508545,CUST-105902,2025-05-17,0,0,False,False,32245.2175,Current,DEBT_CONSOLIDATION
LN-508546,CUST-100183,2025-05-17,0,0,False,False,19472.510000000006,Current,DEBT_CONSOLIDATION
LN-508547,CUST-100657,2025-05-17,0,0,False,False,18184.5725,Current,DEBT_CONSOLIDATION
LN-508549,CUST-105697,2025-05-17,2,43,False,False,12742.455,30-59,DEBT_CONSOLIDATION
LN-508550,CUST-105953,2025-05-17,0,0,False,False,48622.855,Current,DEBT_CONSOLIDATION
LN-508551,CUST-101975,2025-05-17,0,0,False,False,5747.929999999999,Current,DEBT_CONSOLIDATION
LN-508552,CUST-105315,2025-05-17,0,0,False,False,8578.820000000002,Current,DEBT_CONSOLIDATION
LN-508553,CUST-104372,2025-05-17,0,0,False,False,16641.185,Current,DEBT_CONSOLIDATION
LN-508554,CUST-101192,2025-05-17,0,0,False,False,20053.66749999999,Current,DEBT_CONSOLIDATION
LN-508555,CUST-100838,2025-05-17,0,0,False,False,7404.649999999994,Current,DEBT_CONSOLIDATION
LN-508556,CUST-106087,2025-05-17,0,0,False,False,46376.040000000015,Current,DEBT_CONSOLIDATION
LN-508557,CUST-106514,2025-05-17,0,0,False,False,36741.170000000006,Current,DEBT_CONSOLIDATION
LN-508558,CUST-101952,2025-05-17,0,0,False,False,41199.535,Current,DEBT_CONSOLIDATION
LN-508559,CUST-105906,2025-05-17,0,0,False,False,18409.399999999998,Current,DEBT_CONSOLIDATION
LN-508561,CUST-100226,2025-05-17,0,0,False,False,29657.36,Current,DEBT_CONSOLIDATION
LN-508562,CUST-107081,2025-05-17,1,7,False,False,21967.465000000004,1-29,DEBT_CONSOLIDATION
LN-508563,CUST-106140,2025-05-17,0,0,False,False,38124.2925,Current,DEBT_CONSOLIDATION
LN-508564,CUST-102983,2025-05-17,0,0,False,False,10245.039999999994,Current,DEBT_CONSOLIDATION
LN-508565,CUST-102747,2025-05-17,0,0,False,False,24347.005,Current,DEBT_CONSOLIDATION
LN-508566,CUST-104266,2025-05-17,0,0,False,False,34688.827500000014,Current,DEBT_CONSOLIDATION
LN-508567,CUST-104356,2025-05-17,0,0,False,False,2410.7025,Current,DEBT_CONSOLIDATION
LN-508568,CUST-102920,2025-05-17,0,0,False,False,5164.045000000001,Current,DEBT_CONSOLIDATION
LN-508569,CUST-107905,2025-05-17,1,17,False,False,42824.79249999999,1-29,DEBT_CONSOLIDATION
LN-508570,CUST-102620,2025-05-17,0,0,False,False,2800.739999999997,Current,DEBT_CONSOLIDATION
LN-508571,CUST-105452,2025-05-17,1,24,False,False,101624.38,1-29,DEBT_CONSOLIDATION
LN-508572,CUST-105381,2025-05-17,0,0,False,False,30930.029999999973,Current,DEBT_CONSOLIDATION
LN-508573,CUST-102087,2025-05-17,0,0,False,False,2160.34,Current,DEBT_CONSOLIDATION
LN-508574,CUST-100640,2025-05-17,0,0,False,False,7986.710000000005,Current,DEBT_CONSOLIDATION
LN-508575,CUST-104218,2025-05-17,1,9,False,False,10793.4,1-29,DEBT_CONSOLIDATION
LN-508576,CUST-100147,2025-05-17,0,0,False,False,6902.729999999999,Current,DEBT_CONSOLIDATION
LN-508577,CUST-106291,2025-05-17,0,0,False,False,39243.582500000004,Current,DEBT_CONSOLIDATION
LN-508578,CUST-101451,2025-05-17,0,0,False,False,31395.57000000002,Current,DEBT_CONSOLIDATION
LN-508579,CUST-101409,2025-05-17,0,0,False,False,12015.785000000002,Current,DEBT_CONSOLIDATION
LN-508580,CUST-107589,2025-05-17,0,0,False,False,27254.01,Current,DEBT_CONSOLIDATION
LN-508581,CUST-106113,2025-05-17,0,0,False,False,14317.469999999998,Current,DEBT_CONSOLIDATION
LN-508582,CUST-100148,2025-05-17,0,0,False,False,109502.37999999998,Current,DEBT_CONSOLIDATION
LN-508583,CUST-105317,2025-05-17,0,0,False,False,11875.90250000001,Current,DEBT_CONSOLIDATION
LN-508584,CUST-105496,2025-05-17,0,0,False,False,12897.947500000004,Current,DEBT_CONSOLIDATION
LN-508585,CUST-107694,2025-05-17,0,0,False,False,27943.06000000001,Current,DEBT_CONSOLIDATION
LN-508586,CUST-106686,2025-05-17,0,0,False,False,51965.3175,Current,DEBT_CONSOLIDATION
LN-508587,CUST-103191,2025-05-17,0,0,False,False,4783.419999999998,Current,DEBT_CONSOLIDATION
LN-508588,CUST-101666,2025-05-17,0,0,False,False,21003.78000000001,Current,DEBT_CONSOLIDATION
LN-508589,CUST-101801,2025-05-17,0,0,False,False,21604.5675,Current,DEBT_CONSOLIDATION
LN-508590,CUST-105809,2025-05-17,0,0,False,False,30512.4825,Current,DEBT_CONSOLIDATION
LN-508591,CUST-101608,2025-05-17,0,0,False,False,46493.807500000024,Current,DEBT_CONSOLIDATION
LN-508592,CUST-105429,2025-05-17,0,0,False,False,7632.3099999999995,Current,DEBT_CONSOLIDATION
LN-508593,CUST-100922,2025-05-17,0,0,False,False,328893.76,Current,DEBT_CONSOLIDATION
LN-508594,CUST-102256,2025-05-17,0,0,False,False,11827.630000000006,Current,DEBT_CONSOLIDATION
LN-508595,CUST-106080,2025-05-17,0,0,False,False,40031.93499999999,Current,DEBT_CONSOLIDATION
LN-508596,CUST-103512,2025-05-17,0,0,False,False,17914.135000000002,Current,DEBT_CONSOLIDATION
LN-508597,CUST-100852,2025-05-17,0,0,False,False,42227.77999999999,Current,DEBT_CONSOLIDATION
LN-508598,CUST-106580,2025-05-17,0,0,False,False,220369.97749999995,Current,DEBT_CONSOLIDATION
LN-508599,CUST-104273,2025-05-17,0,0,False,False,22310.680000000015,Current,DEBT_CONSOLIDATION
LN-508600,CUST-103312,2025-05-17,0,0,False,False,37758.357500000006,Current,DEBT_CONSOLIDATION
LN-508601,CUST-104260,2025-05-17,0,0,False,False,29784.082500000008,Current,DEBT_CONSOLIDATION
LN-508602,CUST-102056,2025-05-17,3,68,False,False,284924.5250000002,60-89,DEBT_CONSOLIDATION
LN-508603,CUST-105206,2025-05-17,0,0,False,False,19281.680000000004,Current,DEBT_CONSOLIDATION
LN-508604,CUST-103265,2025-05-17,0,0,False,False,23934.125,Current,DEBT_CONSOLIDATION
LN-508605,CUST-101128,2025-05-17,0,0,False,False,22917.53000000001,Current,DEBT_CONSOLIDATION
LN-508606,CUST-104291,2025-05-17,0,0,False,False,8214.25250000001,Current,DEBT_CONSOLIDATION
LN-508608,CUST-100089,2025-05-17,0,0,False,False,38902.717500000035,Current,DEBT_CONSOLIDATION
LN-508609,CUST-101500,2025-05-17,0,0,False,False,18845.305000000015,Current,DEBT_CONSOLIDATION
LN-508610,CUST-101456,2025-05-17,0,0,False,False,14295.2325,Current,DEBT_CONSOLIDATION
LN-508611,CUST-106462,2025-05-17,0,0,False,False,16100.474999999999,Current,DEBT_CONSOLIDATION
LN-508612,CUST-103439,2025-05-17,0,0,False,False,15999.36,Current,DEBT_CONSOLIDATION
LN-508613,CUST-102444,2025-05-17,0,0,False,False,1973.69,Current,DEBT_CONSOLIDATION
LN-508614,CUST-100917,2025-05-17,0,0,True,False,37707.33000000003,Current,DEBT_CONSOLIDATION
LN-508615,CUST-100771,2025-05-17,0,0,False,False,36535.58999999997,Current,DEBT_CONSOLIDATION
LN-508616,CUST-107316,2025-05-17,0,0,False,False,29800.83,Current,DEBT_CONSOLIDATION
LN-508617,CUST-104874,2025-05-17,0,0,False,False,20040.2375,Current,DEBT_CONSOLIDATION
LN-508618,CUST-100221,2025-05-17,0,0,False,False,3256.700000000005,Current,DEBT_CONSOLIDATION
LN-508619,CUST-103963,2025-05-17,0,0,False,False,12364.650000000009,Current,DEBT_CONSOLIDATION
LN-508620,CUST-102845,2025-05-17,0,0,False,False,18651.919999999995,Current,DEBT_CONSOLIDATION
LN-508621,CUST-107649,2025-05-17,0,0,False,False,38176.622499999976,Current,DEBT_CONSOLIDATION
LN-508622,CUST-102752,2025-05-17,0,0,False,False,17915.52,Current,DEBT_CONSOLIDATION
LN-508623,CUST-100558,2025-05-17,0,0,False,False,130406.67999999992,Current,DEBT_CONSOLIDATION
LN-508624,CUST-101426,2025-05-17,0,0,False,False,19676.705,Current,DEBT_CONSOLIDATION
LN-508626,CUST-104214,2025-05-17,0,0,False,False,6196.25,Current,DEBT_CONSOLIDATION
LN-508627,CUST-107518,2025-05-17,0,0,False,False,11612.085,Current,DEBT_CONSOLIDATION
LN-508628,CUST-102557,2025-05-17,0,0,False,False,7682.284999999995,Current,DEBT_CONSOLIDATION
LN-508629,CUST-105627,2025-05-17,0,0,False,False,13229.755000000001,Current,DEBT_CONSOLIDATION
LN-508630,CUST-101168,2025-05-17,0,0,False,False,31124.515000000007,Current,DEBT_CONSOLIDATION
LN-508632,CUST-102799,2025-05-17,0,0,False,False,19372.19,Current,DEBT_CONSOLIDATION
LN-508633,CUST-103722,2025-05-17,0,0,False,False,32387.280000000035,Current,DEBT_CONSOLIDATION
LN-508634,CUST-100373,2025-05-17,0,0,False,False,23860.839999999997,Current,DEBT_CONSOLIDATION
LN-508635,CUST-103085,2025-05-17,0,0,False,False,36082.10750000001,Current,DEBT_CONSOLIDATION
LN-508636,CUST-103215,2025-05-17,0,0,False,False,43605.630000000005,Current,DEBT_CONSOLIDATION
LN-508637,CUST-102067,2025-05-17,0,0,False,False,60829.2475,Current,DEBT_CONSOLIDATION
LN-508638,CUST-102073,2025-05-17,0,0,False,False,50346.90000000001,Current,DEBT_CONSOLIDATION
LN-508639,CUST-101216,2025-05-17,0,0,False,False,29734.429999999993,Current,DEBT_CONSOLIDATION
LN-508640,CUST-106926,2025-05-17,0,0,False,False,29449.830000000005,Current,DEBT_CONSOLIDATION
LN-508641,CUST-101287,2025-05-17,0,0,False,False,29250.024999999998,Current,DEBT_CONSOLIDATION
LN-508642,CUST-104941,2025-05-17,0,0,False,False,110725.71249999997,Current,DEBT_CONSOLIDATION
LN-508643,CUST-101404,2025-05-17,0,0,False,False,28790.615,Current,DEBT_CONSOLIDATION
LN-508644,CUST-101838,2025-05-17,0,0,False,False,12072.132500000003,Current,DEBT_CONSOLIDATION
LN-508645,CUST-104642,2025-05-17,2,53,False,False,47311.189999999995,30-59,DEBT_CONSOLIDATION
LN-508646,CUST-100612,2025-05-17,1,27,False,False,5026.285000000001,1-29,DEBT_CONSOLIDATION
LN-508647,CUST-102013,2025-05-17,0,0,False,False,7487.030000000001,Current,DEBT_CONSOLIDATION
LN-508648,CUST-105992,2025-05-17,0,0,False,False,52316.24249999999,Current,DEBT_CONSOLIDATION
LN-508649,CUST-101776,2025-05-17,0,0,False,False,43529.135,Current,DEBT_CONSOLIDATION
LN-508650,CUST-105512,2025-05-17,0,0,False,False,1522.6499999999992,Current,DEBT_CONSOLIDATION
LN-508651,CUST-101755,2025-05-17,0,0,False,False,12440.425000000007,Current,DEBT_CONSOLIDATION
LN-508652,CUST-104891,2025-05-17,0,0,False,False,21229.059999999983,Current,DEBT_CONSOLIDATION
LN-508653,CUST-101363,2025-05-17,0,0,False,False,46373.22,Current,DEBT_CONSOLIDATION
LN-508654,CUST-106109,2025-05-17,0,0,False,False,12905.609999999999,Current,DEBT_CONSOLIDATION
LN-508655,CUST-106675,2025-05-17,0,0,False,False,11640.585000000003,Current,DEBT_CONSOLIDATION
LN-508656,CUST-105242,2025-05-17,0,0,False,False,29047.3125,Current,DEBT_CONSOLIDATION
LN-508657,CUST-106062,2025-05-17,0,0,False,False,31637.889999999985,Current,DEBT_CONSOLIDATION
LN-508658,CUST-106021,2025-05-17,0,0,False,False,30854.752500000002,Current,DEBT_CONSOLIDATION
LN-508659,CUST-102601,2025-05-17,0,0,False,False,32355.834999999974,Current,DEBT_CONSOLIDATION
LN-508660,CUST-101463,2025-05-17,0,0,False,False,9452.8125,Current,DEBT_CONSOLIDATION
LN-508661,CUST-104384,2025-05-17,0,0,False,False,32786.3375,Current,DEBT_CONSOLIDATION
LN-508662,CUST-101576,2025-05-17,0,0,False,False,8233.994999999997,Current,DEBT_CONSOLIDATION
LN-508663,CUST-101061,2025-05-17,0,0,False,False,19868.870000000006,Current,DEBT_CONSOLIDATION
LN-508664,CUST-106728,2025-05-17,0,0,False,False,14928.9875,Current,DEBT_CONSOLIDATION
LN-508665,CUST-102167,2025-05-17,0,0,False,False,37084.48999999999,Current,DEBT_CONSOLIDATION
LN-508666,CUST-105498,2025-05-17,0,0,False,False,36378.24500000001,Current,DEBT_CONSOLIDATION
LN-508668,CUST-101427,2025-05-17,0,0,False,False,5637.012500000001,Current,DEBT_CONSOLIDATION
LN-508669,CUST-107559,2025-05-17,0,0,False,False,113215.53249999999,Current,DEBT_CONSOLIDATION
LN-508670,CUST-100152,2025-05-17,0,0,False,False,25833.27250000001,Current,DEBT_CONSOLIDATION
LN-508671,CUST-102599,2025-05-17,0,0,False,False,8765.730000000001,Current,DEBT_CONSOLIDATION
LN-508672,CUST-107022,2025-05-17,0,0,False,False,30304.997500000005,Current,DEBT_CONSOLIDATION
LN-508673,CUST-107868,2025-05-17,0,0,False,False,3002.8474999999994,Current,DEBT_CONSOLIDATION
LN-508674,CUST-102057,2025-05-17,0,0,False,False,27148.740000000005,Current,DEBT_CONSOLIDATION
LN-508675,CUST-100642,2025-05-17,0,0,False,False,1218.6925000000003,Current,DEBT_CONSOLIDATION
LN-508676,CUST-105108,2025-05-17,0,0,False,False,77345.84999999993,Current,DEBT_CONSOLIDATION
LN-508677,CUST-100375,2025-05-17,0,0,False,False,44478.56000000002,Current,DEBT_CONSOLIDATION
LN-508678,CUST-106268,2025-05-17,0,0,False,False,43600.159999999996,Current,DEBT_CONSOLIDATION
LN-508679,CUST-101636,2025-05-17,0,0,False,False,138516.17749999996,Current,DEBT_CONSOLIDATION
LN-508680,CUST-100820,2025-05-17,0,0,False,False,42818.27,Current,DEBT_CONSOLIDATION
LN-508681,CUST-106949,2025-05-17,0,0,False,False,24184.842500000002,Current,DEBT_CONSOLIDATION
LN-508682,CUST-101604,2025-05-17,0,0,False,False,44283.365,Current,DEBT_CONSOLIDATION
LN-508683,CUST-100372,2025-05-17,0,0,False,False,5128.154999999994,Current,DEBT_CONSOLIDATION
LN-508684,CUST-103853,2025-05-17,0,0,False,False,17220.405000000002,Current,DEBT_CONSOLIDATION
LN-508685,CUST-100612,2025-05-17,0,0,False,False,22799.962499999994,Current,DEBT_CONSOLIDATION
LN-508686,CUST-100658,2025-05-17,0,0,False,False,16284.309999999981,Current,DEBT_CONSOLIDATION
LN-508687,CUST-100927,2025-05-17,0,0,False,False,5714.250000000001,Current,DEBT_CONSOLIDATION
LN-508688,CUST-106982,2025-05-17,0,0,False,False,17794.16500000001,Current,DEBT_CONSOLIDATION
LN-508689,CUST-104595,2025-05-17,0,0,False,False,30628.897499999992,Current,DEBT_CONSOLIDATION
LN-508690,CUST-103386,2025-05-17,0,0,False,True,44284.99500000001,Current,DEBT_CONSOLIDATION
LN-508691,CUST-106173,2025-05-17,0,0,False,False,10069.725,Current,DEBT_CONSOLIDATION
LN-508692,CUST-102927,2025-05-17,0,0,False,False,13248.082500000008,Current,DEBT_CONSOLIDATION
LN-508693,CUST-103974,2025-05-17,4,113,False,False,23076.9575,90+,DEBT_CONSOLIDATION
LN-508694,CUST-101864,2025-05-17,0,0,False,False,25989.1,Current,DEBT_CONSOLIDATION
LN-508695,CUST-105889,2025-05-17,2,50,False,False,21125.74999999998,30-59,DEBT_CONSOLIDATION
LN-508696,CUST-103397,2025-05-17,0,0,False,False,36171.23999999998,Current,DEBT_CONSOLIDATION
LN-508697,CUST-103384,2025-05-17,0,0,False,False,35093.955,Current,DEBT_CONSOLIDATION
LN-508698,CUST-107688,2025-05-17,0,0,False,False,19855.717500000013,Current,DEBT_CONSOLIDATION
LN-508699,CUST-106993,2025-05-17,4,97,False,False,181849.00749999995,90+,DEBT_CONSOLIDATION
LN-508700,CUST-105178,2025-05-17,0,0,False,False,144445.98500000002,Current,DEBT_CONSOLIDATION
LN-508701,CUST-105227,2025-05-17,0,0,False,False,17253.95000000001,Current,DEBT_CONSOLIDATION
LN-508702,CUST-104009,2025-05-17,0,0,False,False,63274.71000000001,Current,DEBT_CONSOLIDATION
LN-508703,CUST-104220,2025-05-17,0,0,False,False,6078.669999999999,Current,DEBT_CONSOLIDATION
LN-508704,CUST-107315,2025-05-17,0,0,False,False,37439.56,Current,DEBT_CONSOLIDATION
LN-508705,CUST-103200,2025-05-17,0,0,False,False,27079.955,Current,DEBT_CONSOLIDATION
LN-508706,CUST-101877,2025-05-17,0,0,False,False,15091.140000000001,Current,DEBT_CONSOLIDATION
LN-508707,CUST-107819,2025-05-17,2,42,False,False,22791.0125,30-59,DEBT_CONSOLIDATION
LN-508709,CUST-105651,2025-05-17,0,0,False,False,11141.852499999992,Current,DEBT_CONSOLIDATION
LN-508710,CUST-103026,2025-05-17,0,0,False,False,8028.49,Current,DEBT_CONSOLIDATION
LN-508711,CUST-102878,2025-05-17,0,0,False,False,10745.299999999997,Current,DEBT_CONSOLIDATION
LN-508712,CUST-102008,2025-05-17,0,0,False,False,17289.40000000001,Current,DEBT_CONSOLIDATION
LN-508713,CUST-101008,2025-05-17,0,0,False,False,343981.7250000002,Current,DEBT_CONSOLIDATION
LN-508714,CUST-102397,2025-05-17,0,0,False,False,11337.697499999991,Current,DEBT_CONSOLIDATION
LN-508715,CUST-100203,2025-05-17,0,0,False,False,561505.5400000002,Current,DEBT_CONSOLIDATION
LN-508716,CUST-101143,2025-05-17,0,0,False,False,8617.559999999998,Current,DEBT_CONSOLIDATION
LN-508717,CUST-106203,2025-05-17,0,0,False,False,17583.43,Current,DEBT_CONSOLIDATION
LN-508718,CUST-105689,2025-05-17,0,0,False,False,8218.610000000006,Current,DEBT_CONSOLIDATION
LN-508719,CUST-100981,2025-05-17,0,0,False,False,31697.93,Current,DEBT_CONSOLIDATION
LN-508720,CUST-103733,2025-05-17,0,0,False,False,23462.48999999999,Current,DEBT_CONSOLIDATION
LN-508721,CUST-107981,2025-05-17,0,0,False,False,16741.652500000007,Current,DEBT_CONSOLIDATION
LN-508722,CUST-101282,2025-05-17,0,0,False,False,11720.785000000005,Current,DEBT_CONSOLIDATION
LN-508723,CUST-105973,2025-05-17,0,0,False,False,29330.58500000001,Current,DEBT_CONSOLIDATION
LN-508724,CUST-102195,2025-05-17,0,0,False,False,39713.59500000004,Current,DEBT_CONSOLIDATION
LN-508725,CUST-105138,2025-05-17,0,0,False,False,70902.31749999995,Current,DEBT_CONSOLIDATION
LN-508726,CUST-102149,2025-05-17,4,224,False,False,13105.8325,90+,DEBT_CONSOLIDATION
LN-508727,CUST-102189,2025-05-17,0,0,False,False,30129.1,Current,DEBT_CONSOLIDATION
LN-508728,CUST-101294,2025-05-17,0,0,False,False,51484.770000000004,Current,DEBT_CONSOLIDATION
LN-508729,CUST-102969,2025-05-17,0,0,False,False,28308.609999999993,Current,DEBT_CONSOLIDATION
LN-508730,CUST-100682,2025-05-17,0,0,False,False,10726.100000000006,Current,DEBT_CONSOLIDATION
LN-508731,CUST-101497,2025-05-17,0,0,False,False,20440.815,Current,DEBT_CONSOLIDATION
LN-508732,CUST-102251,2025-05-17,0,0,False,False,70787.90000000008,Current,DEBT_CONSOLIDATION
LN-508733,CUST-107038,2025-05-17,0,0,False,False,25042.905,Current,DEBT_CONSOLIDATION
LN-508734,CUST-107193,2025-05-17,4,97,True,False,604365.5700000002,90+,DEBT_CONSOLIDATION
LN-508735,CUST-105795,2025-05-17,0,0,False,False,38140.569999999985,Current,DEBT_CONSOLIDATION
LN-508736,CUST-106886,2025-05-17,0,0,False,False,389313.33,Current,DEBT_CONSOLIDATION
LN-508737,CUST-101721,2025-05-17,0,0,False,False,7357.9025,Current,DEBT_CONSOLIDATION
LN-508738,CUST-100824,2025-05-17,0,0,False,False,26112.464999999982,Current,DEBT_CONSOLIDATION
LN-508739,CUST-104659,2025-05-17,0,0,False,False,24214.342500000002,Current,DEBT_CONSOLIDATION
LN-508740,CUST-107491,2025-05-17,0,0,False,False,24453.589999999997,Current,DEBT_CONSOLIDATION
LN-508741,CUST-100178,2025-05-17,1,12,False,False,6401.339999999999,1-29,DEBT_CONSOLIDATION
LN-508742,CUST-107230,2025-05-17,0,0,False,False,24822.08999999999,Current,DEBT_CONSOLIDATION
LN-508743,CUST-107688,2025-05-17,0,0,False,False,20471.834999999995,Current,DEBT_CONSOLIDATION
LN-508744,CUST-100466,2025-05-17,4,92,False,False,9315.82,90+,DEBT_CONSOLIDATION
LN-508745,CUST-105188,2025-05-17,0,0,False,False,337303.1999999996,Current,DEBT_CONSOLIDATION
LN-508747,CUST-103460,2025-05-17,2,32,False,False,8145.06,30-59,DEBT_CONSOLIDATION
LN-508748,CUST-101264,2025-05-17,0,0,False,False,12683.937499999998,Current,DEBT_CONSOLIDATION
LN-508749,CUST-106594,2025-05-17,0,0,False,False,32554.057500000006,Current,DEBT_CONSOLIDATION
LN-508750,CUST-100955,2025-05-17,0,0,False,False,12540.509999999998,Current,DEBT_CONSOLIDATION
LN-508751,CUST-103366,2025-05-17,0,0,False,False,12534.439999999997,Current,DEBT_CONSOLIDATION
LN-508752,CUST-104055,2025-05-17,0,0,False,False,1938.479999999999,Current,DEBT_CONSOLIDATION
LN-508753,CUST-103244,2025-05-17,0,0,False,False,49203.71,Current,DEBT_CONSOLIDATION
LN-508754,CUST-100030,2025-05-17,0,0,False,False,44666.04,Current,DEBT_CONSOLIDATION
LN-508755,CUST-101866,2025-05-17,0,0,False,False,10883.085000000006,Current,DEBT_CONSOLIDATION
LN-508756,CUST-101727,2025-05-17,0,0,False,False,8045.33,Current,DEBT_CONSOLIDATION
LN-508757,CUST-107639,2025-05-17,0,0,False,False,32346.42,Current,DEBT_CONSOLIDATION
LN-508758,CUST-106242,2025-05-17,0,0,False,False,24109.622500000016,Current,DEBT_CONSOLIDATION
LN-508759,CUST-103242,2025-05-17,1,26,False,False,10626.254999999997,1-29,DEBT_CONSOLIDATION
LN-508760,CUST-102173,2025-05-17,0,0,False,False,34191.329999999965,Current,DEBT_CONSOLIDATION
LN-508761,CUST-107161,2025-05-17,0,0,False,False,48164.7925,Current,DEBT_CONSOLIDATION
LN-508762,CUST-104165,2025-05-17,0,0,False,False,11009.255000000001,Current,DEBT_CONSOLIDATION
LN-508763,CUST-100713,2025-05-17,0,0,False,False,7849.899999999996,Current,DEBT_CONSOLIDATION
LN-508764,CUST-100369,2025-05-17,0,0,False,False,383952.4725,Current,DEBT_CONSOLIDATION
LN-508765,CUST-105948,2025-05-17,0,0,False,False,21123.485000000004,Current,DEBT_CONSOLIDATION
LN-508766,CUST-105968,2025-05-17,0,0,False,False,7354.965000000002,Current,DEBT_CONSOLIDATION
LN-508767,CUST-105956,2025-05-17,0,0,False,False,2557.0675000000006,Current,DEBT_CONSOLIDATION
LN-508768,CUST-102522,2025-05-17,4,104,False,False,17893.087499999998,90+,DEBT_CONSOLIDATION
LN-508769,CUST-107995,2025-05-17,0,0,False,False,4927.070000000001,Current,DEBT_CONSOLIDATION
LN-508770,CUST-101528,2025-05-17,0,0,False,False,37272.33250000002,Current,DEBT_CONSOLIDATION
LN-508771,CUST-101957,2025-05-17,0,0,False,False,26417.23500000001,Current,DEBT_CONSOLIDATION
LN-508772,CUST-106653,2025-05-17,2,31,False,False,29871.21000000002,30-59,DEBT_CONSOLIDATION
LN-508773,CUST-103043,2025-05-17,0,0,False,False,11513.56,Current,DEBT_CONSOLIDATION
LN-508774,CUST-106112,2025-05-17,0,0,False,False,20156.017500000016,Current,DEBT_CONSOLIDATION
LN-508775,CUST-100066,2025-05-17,0,0,False,False,30304.569999999992,Current,DEBT_CONSOLIDATION
LN-508776,CUST-105730,2025-05-17,0,0,False,False,36992.96999999994,Current,DEBT_CONSOLIDATION
LN-508777,CUST-106934,2025-05-17,0,0,False,False,2782.3149999999996,Current,DEBT_CONSOLIDATION
LN-508778,CUST-104759,2025-05-17,0,0,False,False,15080.545000000007,Current,DEBT_CONSOLIDATION
LN-508779,CUST-107936,2025-05-17,0,0,False,False,33130.38499999999,Current,DEBT_CONSOLIDATION
LN-508780,CUST-107972,2025-05-17,0,0,False,False,46338.89999999999,Current,DEBT_CONSOLIDATION
LN-508781,CUST-103776,2025-05-17,1,10,False,False,15481.555000000002,1-29,DEBT_CONSOLIDATION
LN-508782,CUST-105177,2025-05-17,1,30,False,False,8325.317500000003,1-29,DEBT_CONSOLIDATION
LN-508783,CUST-107377,2025-05-17,0,0,False,False,27868.820000000003,Current,DEBT_CONSOLIDATION
LN-508784,CUST-102474,2025-05-17,0,0,False,False,3440.4199999999983,Current,DEBT_CONSOLIDATION
LN-508785,CUST-104660,2025-05-17,0,0,False,False,2315.639999999999,Current,DEBT_CONSOLIDATION
LN-508786,CUST-103240,2025-05-17,0,0,False,False,11347.772500000001,Current,DEBT_CONSOLIDATION
LN-508787,CUST-104348,2025-05-17,0,0,False,False,28638.517499999987,Current,DEBT_CONSOLIDATION
LN-508788,CUST-104311,2025-05-17,0,0,False,False,40167.73,Current,DEBT_CONSOLIDATION
LN-508789,CUST-106800,2025-05-17,4,122,False,False,11322.79,90+,DEBT_CONSOLIDATION
LN-508790,CUST-107702,2025-05-17,0,0,False,False,39974.464999999975,Current,DEBT_CONSOLIDATION
LN-508791,CUST-103137,2025-05-17,0,0,False,False,9249.655,Current,DEBT_CONSOLIDATION
LN-508792,CUST-101082,2025-05-17,0,0,False,False,48522.14,Current,DEBT_CONSOLIDATION
LN-508793,CUST-101514,2025-05-17,0,0,False,False,32049.02,Current,DEBT_CONSOLIDATION
LN-508794,CUST-102857,2025-05-17,0,0,False,False,28887.397500000014,Current,DEBT_CONSOLIDATION
LN-508795,CUST-105121,2025-05-17,0,0,False,False,27781.01,Current,DEBT_CONSOLIDATION
LN-508797,CUST-104874,2025-05-17,0,0,False,False,1442.44,Current,DEBT_CONSOLIDATION
LN-508799,CUST-103679,2025-05-17,0,0,False,False,47835.32249999999,Current,DEBT_CONSOLIDATION
LN-508800,CUST-107464,2025-05-17,0,0,False,False,581727.5049999995,Current,DEBT_CONSOLIDATION
LN-508801,CUST-104919,2025-05-17,0,0,False,False,10214.639999999992,Current,DEBT_CONSOLIDATION
LN-508802,CUST-106756,2025-05-17,0,0,False,False,4798.54,Current,DEBT_CONSOLIDATION
LN-508803,CUST-105917,2025-05-17,0,0,False,False,19708.035000000003,Current,DEBT_CONSOLIDATION
LN-508804,CUST-103857,2025-05-17,0,0,False,False,29027.8,Current,DEBT_CONSOLIDATION
LN-508805,CUST-103270,2025-05-17,0,0,False,False,30904.337499999994,Current,DEBT_CONSOLIDATION
LN-508806,CUST-107954,2025-05-17,0,0,False,False,46308.34999999996,Current,DEBT_CONSOLIDATION
LN-508807,CUST-104676,2025-05-17,0,0,False,False,10609.879999999994,Current,DEBT_CONSOLIDATION
LN-508808,CUST-103566,2025-05-17,0,0,False,False,37915.23250000005,Current,DEBT_CONSOLIDATION
LN-508809,CUST-100369,2025-05-17,0,0,False,False,8504.04749999999,Current,DEBT_CONSOLIDATION
LN-508810,CUST-106299,2025-05-17,0,0,False,False,20301.8925,Current,DEBT_CONSOLIDATION
LN-508811,CUST-103731,2025-05-17,0,0,False,False,49555.4175,Current,DEBT_CONSOLIDATION
LN-508812,CUST-100075,2025-05-17,0,0,False,False,4957.890000000002,Current,DEBT_CONSOLIDATION
LN-508813,CUST-103504,2025-05-17,0,0,False,False,32485.1075,Current,DEBT_CONSOLIDATION
LN-508814,CUST-103178,2025-05-17,0,0,False,False,21309.305,Current,DEBT_CONSOLIDATION
LN-508815,CUST-107810,2025-05-17,0,0,True,False,7143.410000000001,Current,DEBT_CONSOLIDATION
LN-508816,CUST-104739,2025-05-17,0,0,False,False,10487.69499999999,Current,DEBT_CONSOLIDATION
LN-508817,CUST-101213,2025-05-17,0,0,False,False,6705.625000000001,Current,DEBT_CONSOLIDATION
LN-508818,CUST-102589,2025-05-17,0,0,False,False,10635.355000000007,Current,DEBT_CONSOLIDATION
LN-508819,CUST-102552,2025-05-17,0,0,False,False,43322.425,Current,DEBT_CONSOLIDATION
LN-508820,CUST-102362,2025-05-17,0,0,False,False,12468.42,Current,DEBT_CONSOLIDATION
LN-508821,CUST-101495,2025-05-17,0,0,False,False,5422.0975,Current,DEBT_CONSOLIDATION
LN-508822,CUST-104620,2025-05-17,0,0,False,False,13820.139999999998,Current,DEBT_CONSOLIDATION
LN-508823,CUST-104198,2025-05-17,0,0,False,False,14204.300000000005,Current,DEBT_CONSOLIDATION
LN-508824,CUST-106546,2025-05-17,0,0,False,False,19142.790000000005,Current,DEBT_CONSOLIDATION
LN-508825,CUST-106527,2025-05-17,0,0,False,False,12195.060000000005,Current,DEBT_CONSOLIDATION
LN-508826,CUST-107382,2025-05-17,0,0,True,False,7079.94,Current,DEBT_CONSOLIDATION
LN-508827,CUST-101417,2025-05-17,0,0,False,False,28427.9825,Current,DEBT_CONSOLIDATION
LN-508828,CUST-107370,2025-05-17,0,0,False,False,84995.125,Current,DEBT_CONSOLIDATION
LN-508829,CUST-107333,2025-05-17,0,0,False,False,28817.8975,Current,DEBT_CONSOLIDATION
LN-508830,CUST-106412,2025-05-17,0,0,False,False,19229.094999999998,Current,DEBT_CONSOLIDATION
LN-508833,CUST-102946,2025-05-17,0,0,False,False,14990.742500000008,Current,DEBT_CONSOLIDATION
LN-508835,CUST-104856,2025-05-17,0,0,False,False,21172.360000000008,Current,DEBT_CONSOLIDATION
LN-508836,CUST-106500,2025-05-17,0,0,False,False,13080.94,Current,DEBT_CONSOLIDATION
LN-508837,CUST-101961,2025-05-17,0,0,False,False,25491.345,Current,DEBT_CONSOLIDATION
LN-508838,CUST-103343,2025-05-17,0,0,False,False,25349.58500000001,Current,DEBT_CONSOLIDATION
LN-508839,CUST-106942,2025-05-17,0,0,False,False,277557.4600000003,Current,DEBT_CONSOLIDATION
LN-508840,CUST-102488,2025-05-17,0,0,False,False,40149.60000000001,Current,DEBT_CONSOLIDATION
LN-508841,CUST-106949,2025-05-17,0,0,False,False,7988.029999999993,Current,DEBT_CONSOLIDATION
LN-508842,CUST-107413,2025-05-17,0,0,False,False,13385.14,Current,DEBT_CONSOLIDATION
LN-508843,CUST-101472,2025-05-17,0,0,False,False,6404.99,Current,DEBT_CONSOLIDATION
LN-508844,CUST-106970,2025-05-17,0,0,False,False,16690.264999999992,Current,DEBT_CONSOLIDATION
LN-508845,CUST-103529,2025-05-17,0,0,False,False,11636.925,Current,DEBT_CONSOLIDATION
LN-508847,CUST-102225,2025-05-17,0,0,False,False,15537.71,Current,DEBT_CONSOLIDATION
LN-508848,CUST-107619,2025-05-17,0,0,False,False,130580.83999999997,Current,DEBT_CONSOLIDATION
LN-508849,CUST-102157,2025-05-17,0,0,False,False,49620.26000000002,Current,DEBT_CONSOLIDATION
LN-508850,CUST-101357,2025-05-17,0,0,False,False,16556.57000000001,Current,DEBT_CONSOLIDATION
LN-508851,CUST-103194,2025-05-17,0,0,False,False,22825.882499999996,Current,DEBT_CONSOLIDATION
LN-508852,CUST-103505,2025-05-17,0,0,False,False,42865.99500000002,Current,DEBT_CONSOLIDATION
LN-508853,CUST-100146,2025-05-17,1,21,False,False,56671.490000000005,1-29,DEBT_CONSOLIDATION
LN-508854,CUST-107952,2025-05-17,0,0,False,False,35504.79250000005,Current,DEBT_CONSOLIDATION
LN-508855,CUST-103445,2025-05-17,0,0,False,False,8493.020000000004,Current,DEBT_CONSOLIDATION
LN-508856,CUST-107565,2025-05-17,0,0,False,False,38566.33750000001,Current,DEBT_CONSOLIDATION
LN-508858,CUST-104054,2025-05-17,0,0,False,False,48090.965000000004,Current,DEBT_CONSOLIDATION
LN-508859,CUST-107615,2025-05-17,0,0,False,False,43675.63500000004,Current,DEBT_CONSOLIDATION
LN-508860,CUST-107392,2025-05-17,1,6,False,False,47532.667499999996,1-29,DEBT_CONSOLIDATION
LN-508861,CUST-104783,2025-05-17,0,0,False,False,8600.679999999993,Current,DEBT_CONSOLIDATION
LN-508862,CUST-104717,2025-05-17,0,0,False,False,45930.70000000003,Current,DEBT_CONSOLIDATION
LN-508863,CUST-102133,2025-05-17,0,0,False,False,17626.64,Current,DEBT_CONSOLIDATION
LN-508864,CUST-107815,2025-05-17,0,0,False,False,11877.05,Current,DEBT_CONSOLIDATION
LN-508865,CUST-103473,2025-05-17,0,0,False,False,10375.947500000007,Current,DEBT_CONSOLIDATION
LN-508866,CUST-105229,2025-05-17,0,0,False,False,35742.569999999985,Current,DEBT_CONSOLIDATION
LN-508867,CUST-103663,2025-05-17,1,12,False,False,9889.78,1-29,DEBT_CONSOLIDATION
LN-508868,CUST-105579,2025-05-17,1,11,False,False,47170.75500000002,1-29,DEBT_CONSOLIDATION
LN-508869,CUST-104139,2025-05-17,0,0,False,False,127775.57,Current,DEBT_CONSOLIDATION
LN-508870,CUST-105333,2025-05-17,0,0,False,False,3402.8075000000017,Current,DEBT_CONSOLIDATION
LN-508871,CUST-105240,2025-05-17,0,0,False,False,11768.1575,Current,DEBT_CONSOLIDATION
LN-508873,CUST-103334,2025-05-17,0,0,False,False,4568.13,Current,DEBT_CONSOLIDATION
LN-508874,CUST-103609,2025-05-17,0,0,False,False,2682.449999999997,Current,DEBT_CONSOLIDATION
LN-508875,CUST-104343,2025-05-17,0,0,False,False,7594.969999999999,Current,DEBT_CONSOLIDATION
LN-508876,CUST-106653,2025-05-17,0,0,False,False,6893.540000000003,Current,DEBT_CONSOLIDATION
LN-508877,CUST-102846,2025-05-17,0,0,False,False,4424.185000000002,Current,DEBT_CONSOLIDATION
LN-508878,CUST-101887,2025-05-17,0,0,False,False,53097.450000000004,Current,DEBT_CONSOLIDATION
LN-508879,CUST-107328,2025-05-17,0,0,False,False,527206.37,Current,DEBT_CONSOLIDATION
LN-508880,CUST-100414,2025-05-17,0,0,False,False,12800.150000000001,Current,DEBT_CONSOLIDATION
LN-508881,CUST-106210,2025-05-17,0,0,False,False,14927.365000000002,Current,DEBT_CONSOLIDATION
LN-508882,CUST-104202,2025-05-17,0,0,False,False,10068.72,Current,DEBT_CONSOLIDATION
LN-508883,CUST-102956,2025-05-17,0,0,False,False,21017.099999999988,Current,DEBT_CONSOLIDATION
LN-508884,CUST-101992,2025-05-17,0,0,False,False,52673.47,Current,DEBT_CONSOLIDATION
LN-508886,CUST-104321,2025-05-17,0,0,False,False,26334.75000000001,Current,DEBT_CONSOLIDATION
LN-508887,CUST-104544,2025-05-17,0,0,False,False,10141.827500000007,Current,DEBT_CONSOLIDATION
LN-508888,CUST-100963,2025-05-17,0,0,False,False,44963.95000000005,Current,DEBT_CONSOLIDATION
LN-508889,CUST-104423,2025-05-17,0,0,False,False,2841.769999999999,Current,DEBT_CONSOLIDATION
LN-508890,CUST-104547,2025-05-17,0,0,False,False,19393.065000000002,Current,DEBT_CONSOLIDATION
LN-508891,CUST-100264,2025-05-17,0,0,False,False,82701.48,Current,DEBT_CONSOLIDATION
LN-508892,CUST-106425,2025-05-17,0,0,False,False,30289.134999999995,Current,DEBT_CONSOLIDATION
LN-508893,CUST-107019,2025-05-17,0,0,False,False,19549.802499999994,Current,DEBT_CONSOLIDATION
LN-508894,CUST-104744,2025-05-17,0,0,False,False,13454.199999999999,Current,DEBT_CONSOLIDATION
LN-508895,CUST-105150,2025-05-17,0,0,False,False,8681.290000000012,Current,DEBT_CONSOLIDATION
LN-508896,CUST-102914,2025-05-17,0,0,False,False,18544.00499999999,Current,DEBT_CONSOLIDATION
LN-508897,CUST-104679,2025-05-17,1,5,False,False,28683.0525,1-29,DEBT_CONSOLIDATION
LN-508898,CUST-106645,2025-05-17,0,0,False,False,10063.999999999996,Current,DEBT_CONSOLIDATION
LN-508899,CUST-107185,2025-05-17,0,0,False,False,22983.959999999977,Current,DEBT_CONSOLIDATION
LN-508900,CUST-103787,2025-05-17,0,0,False,False,13504.374999999996,Current,DEBT_CONSOLIDATION
LN-508901,CUST-100670,2025-05-17,0,0,False,False,42441.01,Current,DEBT_CONSOLIDATION
LN-508902,CUST-106150,2025-05-17,0,0,False,False,39761.674999999974,Current,DEBT_CONSOLIDATION
LN-508903,CUST-105707,2025-05-17,0,0,False,False,93295.37250000006,Current,DEBT_CONSOLIDATION
LN-508904,CUST-103095,2025-05-17,0,0,False,False,36744.02750000004,Current,DEBT_CONSOLIDATION
LN-508905,CUST-104607,2025-05-17,0,0,False,False,43670.555000000015,Current,DEBT_CONSOLIDATION
LN-508906,CUST-101660,2025-05-17,0,0,False,False,39635.7925,Current,DEBT_CONSOLIDATION
LN-508907,CUST-107811,2025-05-17,1,11,False,False,16105.064999999995,1-29,DEBT_CONSOLIDATION
LN-508908,CUST-101272,2025-05-17,0,0,False,False,22570.214999999993,Current,DEBT_CONSOLIDATION
LN-508909,CUST-106304,2025-05-17,0,0,False,False,8199.245000000006,Current,DEBT_CONSOLIDATION
LN-508910,CUST-107369,2025-05-17,3,63,False,False,14331.154999999999,60-89,DEBT_CONSOLIDATION
LN-508911,CUST-101137,2025-05-17,0,0,False,False,2914.69,Current,DEBT_CONSOLIDATION
LN-508912,CUST-105604,2025-05-17,0,0,False,False,13402.52,Current,DEBT_CONSOLIDATION
LN-508913,CUST-104490,2025-05-17,0,0,False,False,13898.982499999996,Current,DEBT_CONSOLIDATION
LN-508914,CUST-104933,2025-05-17,0,0,False,False,32174.20000000001,Current,DEBT_CONSOLIDATION
LN-508915,CUST-100690,2025-05-17,0,0,False,False,15861.225000000019,Current,DEBT_CONSOLIDATION
LN-508916,CUST-102888,2025-05-17,0,0,False,False,19404.045,Current,DEBT_CONSOLIDATION
LN-508917,CUST-103081,2025-05-17,0,0,False,False,16337.979999999992,Current,DEBT_CONSOLIDATION
LN-508918,CUST-101941,2025-05-17,0,0,False,False,104735.95000000001,Current,DEBT_CONSOLIDATION
LN-508919,CUST-101076,2025-05-17,0,0,False,False,10373.544999999998,Current,DEBT_CONSOLIDATION
LN-508920,CUST-107673,2025-05-17,0,0,False,False,40008.61,Current,DEBT_CONSOLIDATION
LN-508921,CUST-100007,2025-05-17,0,0,False,False,9637.289999999994,Current,DEBT_CONSOLIDATION
LN-508922,CUST-104913,2025-05-17,0,0,False,False,7158.745000000002,Current,DEBT_CONSOLIDATION
LN-508923,CUST-105766,2025-05-17,0,0,False,False,10143.102499999997,Current,DEBT_CONSOLIDATION
LN-508924,CUST-104555,2025-05-17,0,0,False,False,38267.2,Current,DEBT_CONSOLIDATION
LN-508925,CUST-102196,2025-05-17,0,0,False,False,15076.480000000007,Current,DEBT_CONSOLIDATION
LN-508926,CUST-105228,2025-05-17,0,0,False,False,14395.33,Current,DEBT_CONSOLIDATION
LN-508927,CUST-106172,2025-05-17,0,0,False,False,243766.0900000001,Current,DEBT_CONSOLIDATION
LN-508928,CUST-104858,2025-05-17,0,0,False,False,22629.559999999987,Current,DEBT_CONSOLIDATION
LN-508929,CUST-101311,2025-05-17,1,21,False,False,23204.049999999996,1-29,DEBT_CONSOLIDATION
LN-508930,CUST-100293,2025-05-17,0,0,False,False,27203.59000000002,Current,DEBT_CONSOLIDATION
LN-508931,CUST-104534,2025-05-17,0,0,False,False,16188.42,Current,DEBT_CONSOLIDATION
LN-508932,CUST-100639,2025-05-17,0,0,False,False,45165.89999999999,Current,DEBT_CONSOLIDATION
LN-508933,CUST-107417,2025-05-17,0,0,False,False,11882.56,Current,DEBT_CONSOLIDATION
LN-508934,CUST-105080,2025-05-17,0,0,False,False,51166.5075,Current,DEBT_CONSOLIDATION
LN-508935,CUST-103525,2025-05-17,0,0,False,False,44432.49000000001,Current,DEBT_CONSOLIDATION
LN-508936,CUST-107383,2025-05-17,0,0,False,False,22398.787500000002,Current,DEBT_CONSOLIDATION
LN-508937,CUST-101454,2025-05-17,0,0,False,False,15629.085000000008,Current,DEBT_CONSOLIDATION
LN-508938,CUST-102732,2025-05-17,0,0,False,False,10104.077500000003,Current,DEBT_CONSOLIDATION
LN-508939,CUST-101413,2025-05-17,0,0,False,False,6759.007500000001,Current,DEBT_CONSOLIDATION
LN-508940,CUST-105769,2025-05-17,0,0,False,False,39509.56,Current,DEBT_CONSOLIDATION
LN-508941,CUST-100499,2025-05-17,0,0,False,False,115845.72249999999,Current,DEBT_CONSOLIDATION
LN-508942,CUST-101042,2025-05-17,0,0,False,False,32835.780000000006,Current,DEBT_CONSOLIDATION
LN-508943,CUST-106640,2025-05-17,0,0,False,False,4624.380000000003,Current,DEBT_CONSOLIDATION
LN-508944,CUST-101070,2025-05-17,0,0,False,False,17545.517499999994,Current,DEBT_CONSOLIDATION
LN-508945,CUST-107376,2025-05-17,0,0,False,False,31895.895000000004,Current,DEBT_CONSOLIDATION
LN-508946,CUST-106888,2025-05-17,0,0,False,False,9752.830000000007,Current,DEBT_CONSOLIDATION
LN-508947,CUST-103716,2025-05-17,0,0,False,False,21084.270000000004,Current,DEBT_CONSOLIDATION
LN-508948,CUST-107253,2025-05-17,0,0,False,False,540522.0275,Current,DEBT_CONSOLIDATION
LN-508949,CUST-103919,2025-05-17,0,0,False,False,15378.347500000007,Current,DEBT_CONSOLIDATION
LN-508950,CUST-101793,2025-05-17,0,0,False,False,28714.26249999999,Current,DEBT_CONSOLIDATION
LN-508951,CUST-106629,2025-05-17,0,0,False,False,51306.46,Current,DEBT_CONSOLIDATION
LN-508952,CUST-104038,2025-05-17,0,0,False,False,3762.659999999999,Current,DEBT_CONSOLIDATION
LN-508953,CUST-100439,2025-05-17,0,0,False,False,24487.245000000003,Current,DEBT_CONSOLIDATION
LN-508954,CUST-106065,2025-05-17,0,0,False,False,10745.714999999997,Current,DEBT_CONSOLIDATION
LN-508956,CUST-101476,2025-05-17,2,32,False,False,24145.62999999999,30-59,DEBT_CONSOLIDATION
LN-508957,CUST-103766,2025-05-17,0,0,False,False,11169.822499999991,Current,DEBT_CONSOLIDATION
LN-508959,CUST-101286,2025-05-17,0,0,False,False,18124.46,Current,DEBT_CONSOLIDATION
LN-508960,CUST-103027,2025-05-17,0,0,False,False,30611.78249999998,Current,DEBT_CONSOLIDATION
LN-508961,CUST-107885,2025-05-17,0,0,False,False,4980.750000000002,Current,DEBT_CONSOLIDATION
LN-508962,CUST-107643,2025-05-17,0,0,False,False,14473.980000000003,Current,DEBT_CONSOLIDATION
LN-508963,CUST-103291,2025-05-17,0,0,False,False,7655.630000000001,Current,DEBT_CONSOLIDATION
LN-508964,CUST-102459,2025-05-17,0,0,False,False,120356.73,Current,DEBT_CONSOLIDATION
LN-508965,CUST-105475,2025-05-17,0,0,False,False,11642.699999999999,Current,DEBT_CONSOLIDATION
LN-508966,CUST-105167,2025-05-17,0,0,False,False,26440.7075,Current,DEBT_CONSOLIDATION
LN-508967,CUST-102239,2025-05-17,0,0,False,False,11847.052500000005,Current,DEBT_CONSOLIDATION
LN-508968,CUST-105631,2025-05-17,0,0,False,False,8073.390000000008,Current,DEBT_CONSOLIDATION
LN-508969,CUST-103628,2025-05-17,0,0,False,False,11598.1425,Current,DEBT_CONSOLIDATION
LN-508970,CUST-101780,2025-05-17,0,0,False,False,13589.419999999998,Current,DEBT_CONSOLIDATION
LN-508971,CUST-104750,2025-05-17,0,0,False,False,26846.655,Current,DEBT_CONSOLIDATION
LN-508972,CUST-101871,2025-05-17,0,0,False,False,15097.072499999998,Current,DEBT_CONSOLIDATION
LN-508973,CUST-100266,2025-05-17,0,0,False,False,18247.540000000005,Current,DEBT_CONSOLIDATION
LN-508974,CUST-105927,2025-05-17,0,0,False,False,8003.4474999999975,Current,DEBT_CONSOLIDATION
LN-508975,CUST-105256,2025-05-17,1,21,False,False,26470.335000000006,1-29,DEBT_CONSOLIDATION
LN-508976,CUST-107651,2025-05-17,1,4,False,False,3231.9799999999996,1-29,DEBT_CONSOLIDATION
LN-508977,CUST-106835,2025-05-17,0,0,False,False,10462.402500000004,Current,DEBT_CONSOLIDATION
LN-508978,CUST-101803,2025-05-17,0,0,False,False,21104.080000000005,Current,DEBT_CONSOLIDATION
LN-508979,CUST-105319,2025-05-17,0,0,False,True,27245.325,Current,DEBT_CONSOLIDATION
LN-508980,CUST-106452,2025-05-17,0,0,False,False,19843.765000000007,Current,DEBT_CONSOLIDATION
LN-508981,CUST-106973,2025-05-17,0,0,False,False,46642.18,Current,DEBT_CONSOLIDATION
LN-508982,CUST-104893,2025-05-17,0,0,False,False,15981.544999999998,Current,DEBT_CONSOLIDATION
LN-508983,CUST-103115,2025-05-17,0,0,False,False,11757.829999999998,Current,DEBT_CONSOLIDATION
LN-508984,CUST-103356,2025-05-17,0,0,False,False,33084.2,Current,DEBT_CONSOLIDATION
LN-508985,CUST-105407,2025-05-17,0,0,False,False,10050.375000000004,Current,DEBT_CONSOLIDATION
LN-508986,CUST-107672,2025-05-17,0,0,False,False,186531.07499999995,Current,DEBT_CONSOLIDATION
LN-508987,CUST-103382,2025-05-17,0,0,False,False,9806.869999999999,Current,DEBT_CONSOLIDATION
LN-508988,CUST-102274,2025-05-17,2,58,False,False,7205.140000000003,30-59,DEBT_CONSOLIDATION
LN-508989,CUST-101423,2025-05-17,0,0,False,False,29547.255000000005,Current,DEBT_CONSOLIDATION
LN-508990,CUST-100343,2025-05-17,0,0,False,False,28677.859999999997,Current,DEBT_CONSOLIDATION
LN-508991,CUST-105512,2025-05-17,0,0,False,False,19089.104999999992,Current,DEBT_CONSOLIDATION
LN-508992,CUST-101768,2025-05-17,0,0,False,False,37275.024999999994,Current,DEBT_CONSOLIDATION
LN-508993,CUST-104811,2025-05-17,0,0,True,False,29429.11,Current,DEBT_CONSOLIDATION
LN-508994,CUST-100263,2025-05-17,0,0,False,False,24467.809999999998,Current,DEBT_CONSOLIDATION
LN-508995,CUST-102809,2025-05-17,0,0,False,False,8393.31000000001,Current,DEBT_CONSOLIDATION
LN-508996,CUST-100798,2025-05-17,0,0,False,False,8419.18,Current,DEBT_CONSOLIDATION
LN-508997,CUST-102754,2025-05-17,0,0,False,False,26889.329999999994,Current,DEBT_CONSOLIDATION
LN-508998,CUST-104808,2025-05-17,0,0,False,False,43999.28,Current,DEBT_CONSOLIDATION
LN-508999,CUST-101890,2025-05-17,1,11,False,False,21326.385000000002,1-29,DEBT_CONSOLIDATION
LN-509000,CUST-102506,2025-05-17,0,0,False,False,20801.7075,Current,DEBT_CONSOLIDATION
LN-509001,CUST-106393,2025-05-17,1,17,False,False,19778.424999999996,1-29,DEBT_CONSOLIDATION
LN-509002,CUST-107779,2025-05-17,0,0,False,False,10335.84,Current,DEBT_CONSOLIDATION
LN-509003,CUST-100592,2025-05-17,0,0,False,False,6790.150000000001,Current,DEBT_CONSOLIDATION
LN-509004,CUST-104019,2025-05-17,0,0,False,False,10129.919999999995,Current,DEBT_CONSOLIDATION
LN-509005,CUST-100549,2025-05-17,0,0,False,False,10062.259999999998,Current,DEBT_CONSOLIDATION
LN-509006,CUST-105285,2025-05-17,0,0,False,False,40723.609999999986,Current,DEBT_CONSOLIDATION
LN-509007,CUST-105792,2025-05-17,0,0,False,False,27878.47500000001,Current,DEBT_CONSOLIDATION
LN-509008,CUST-107320,2025-05-17,0,0,False,False,99182.37999999998,Current,DEBT_CONSOLIDATION
LN-509009,CUST-103685,2025-05-17,1,9,False,False,26120.03,1-29,DEBT_CONSOLIDATION
LN-509010,CUST-106427,2025-05-17,0,0,False,False,41455.215,Current,DEBT_CONSOLIDATION
LN-509011,CUST-107237,2025-05-17,0,0,False,False,15292.680000000011,Current,DEBT_CONSOLIDATION
LN-509012,CUST-101957,2025-05-17,0,0,False,False,870.1800000000001,Current,DEBT_CONSOLIDATION
LN-509013,CUST-101042,2025-05-17,0,0,False,False,3394.9974999999995,Current,DEBT_CONSOLIDATION
LN-509014,CUST-107263,2025-05-17,0,0,False,False,30852.204999999976,Current,DEBT_CONSOLIDATION
LN-509015,CUST-103423,2025-05-17,0,0,False,False,10117.984999999999,Current,DEBT_CONSOLIDATION
LN-509016,CUST-106950,2025-05-17,0,0,False,False,40174.73999999999,Current,DEBT_CONSOLIDATION
LN-509017,CUST-104313,2025-05-17,0,0,False,False,21827.204999999994,Current,DEBT_CONSOLIDATION
LN-509018,CUST-107267,2025-05-17,0,0,False,False,29075.299999999996,Current,DEBT_CONSOLIDATION
LN-509019,CUST-100802,2025-05-17,0,0,False,False,19567.785,Current,DEBT_CONSOLIDATION
LN-509020,CUST-106727,2025-05-17,0,0,False,False,45643.26999999999,Current,DEBT_CONSOLIDATION
LN-509021,CUST-102769,2025-05-17,0,0,False,False,51314.05249999997,Current,DEBT_CONSOLIDATION
LN-509022,CUST-107257,2025-05-17,0,0,False,False,14177.670000000013,Current,DEBT_CONSOLIDATION
LN-509023,CUST-101743,2025-05-17,0,0,False,False,35191.27000000003,Current,DEBT_CONSOLIDATION
LN-509024,CUST-103120,2025-05-17,0,0,False,False,7182.484999999999,Current,DEBT_CONSOLIDATION
LN-509025,CUST-102821,2025-05-17,0,0,False,False,1511.7599999999984,Current,DEBT_CONSOLIDATION
LN-509026,CUST-102482,2025-05-17,0,0,False,False,45067.182499999995,Current,DEBT_CONSOLIDATION
LN-509027,CUST-104276,2025-05-17,0,0,False,False,2395.81,Current,DEBT_CONSOLIDATION
LN-509028,CUST-107738,2025-05-17,0,0,False,False,36927.765,Current,DEBT_CONSOLIDATION
LN-509029,CUST-104978,2025-05-17,0,0,False,False,9998.910000000003,Current,DEBT_CONSOLIDATION
LN-509030,CUST-101123,2025-05-17,0,0,False,False,1572.5825000000007,Current,DEBT_CONSOLIDATION
LN-509031,CUST-107644,2025-05-17,0,0,False,False,2173.0025000000005,Current,DEBT_CONSOLIDATION
LN-509032,CUST-106214,2025-05-17,0,0,False,False,37515.68,Current,DEBT_CONSOLIDATION
LN-509033,CUST-103581,2025-05-17,0,0,False,False,15592.935000000009,Current,DEBT_CONSOLIDATION
LN-509036,CUST-104363,2025-05-17,0,0,False,False,116029.285,Current,DEBT_CONSOLIDATION
LN-509037,CUST-102728,2025-05-17,0,0,False,False,24100.382499999992,Current,DEBT_CONSOLIDATION
LN-509038,CUST-101854,2025-05-17,0,0,False,False,20693.46999999999,Current,DEBT_CONSOLIDATION
LN-509040,CUST-104830,2025-05-17,0,0,False,False,24604.985,Current,DEBT_CONSOLIDATION
LN-509041,CUST-104508,2025-05-17,0,0,False,False,17096.507500000014,Current,DEBT_CONSOLIDATION
LN-509042,CUST-100172,2025-05-17,0,0,False,False,12636.167499999998,Current,DEBT_CONSOLIDATION
LN-509043,CUST-100801,2025-05-17,0,0,False,False,15446.82,Current,DEBT_CONSOLIDATION
LN-509044,CUST-106693,2025-05-17,0,0,False,False,24942.62000000001,Current,DEBT_CONSOLIDATION
LN-509045,CUST-100569,2025-05-17,0,0,False,False,20286.077499999996,Current,DEBT_CONSOLIDATION
LN-509047,CUST-102663,2025-05-17,0,0,False,False,42681.287500000035,Current,DEBT_CONSOLIDATION
LN-509048,CUST-103855,2025-05-17,0,0,False,False,206888.80000000005,Current,DEBT_CONSOLIDATION
LN-509049,CUST-101560,2025-05-17,0,0,False,False,31372.80999999999,Current,DEBT_CONSOLIDATION
LN-509050,CUST-103102,2025-05-17,0,0,False,False,17950.859999999997,Current,DEBT_CONSOLIDATION
LN-509051,CUST-103316,2025-05-17,0,0,False,False,18882.819999999992,Current,DEBT_CONSOLIDATION
LN-509052,CUST-106258,2025-05-17,1,24,False,False,359944.13250000024,1-29,DEBT_CONSOLIDATION
LN-509053,CUST-107432,2025-05-17,0,0,False,False,27681.630000000005,Current,DEBT_CONSOLIDATION
LN-509054,CUST-103886,2025-05-17,0,0,False,False,18124.879999999997,Current,DEBT_CONSOLIDATION
LN-509055,CUST-105090,2025-05-17,0,0,False,False,10008.07,Current,DEBT_CONSOLIDATION
LN-509056,CUST-102771,2025-05-17,0,0,False,False,29828.33,Current,DEBT_CONSOLIDATION
LN-509057,CUST-102318,2025-05-17,0,0,False,False,22264.8675,Current,DEBT_CONSOLIDATION
LN-509058,CUST-106354,2025-05-17,3,75,False,False,28610.460000000003,60-89,DEBT_CONSOLIDATION
LN-509059,CUST-103927,2025-05-17,0,0,False,False,41904.48,Current,DEBT_CONSOLIDATION
LN-509060,CUST-106899,2025-05-17,0,0,False,False,14697.260000000007,Current,DEBT_CONSOLIDATION
LN-509061,CUST-101991,2025-05-17,0,0,False,False,967.6700000000003,Current,DEBT_CONSOLIDATION
LN-509062,CUST-104674,2025-05-17,0,0,False,False,29055.547500000022,Current,DEBT_CONSOLIDATION
LN-509064,CUST-107696,2025-05-17,0,0,False,False,22596.309999999987,Current,DEBT_CONSOLIDATION
LN-509065,CUST-104281,2025-05-17,0,0,False,False,9953.759999999998,Current,DEBT_CONSOLIDATION
LN-509066,CUST-104566,2025-05-17,0,0,False,False,12022.812499999993,Current,DEBT_CONSOLIDATION
LN-509067,CUST-106844,2025-05-17,0,0,False,False,26351.24499999998,Current,DEBT_CONSOLIDATION
LN-509068,CUST-100831,2025-05-17,0,0,False,False,122894.41000000002,Current,DEBT_CONSOLIDATION
LN-509069,CUST-105355,2025-05-17,2,32,False,False,3404.319999999999,30-59,DEBT_CONSOLIDATION
LN-509070,CUST-100780,2025-05-17,0,0,False,False,7919.66,Current,DEBT_CONSOLIDATION
LN-509071,CUST-101182,2025-05-17,0,0,False,False,40766.5175,Current,DEBT_CONSOLIDATION
LN-509072,CUST-101023,2025-05-17,0,0,False,False,5378.275000000003,Current,DEBT_CONSOLIDATION
LN-509074,CUST-107124,2025-05-17,0,0,False,False,16950.514999999996,Current,DEBT_CONSOLIDATION
LN-509075,CUST-102647,2025-05-17,0,0,False,False,37979.2375,Current,DEBT_CONSOLIDATION
LN-509076,CUST-107568,2025-05-17,0,0,False,False,15913.489999999994,Current,DEBT_CONSOLIDATION
LN-509077,CUST-101671,2025-05-17,0,0,False,False,15500.42,Current,DEBT_CONSOLIDATION
LN-509078,CUST-103516,2025-05-17,1,24,False,False,131182.76999999984,1-29,DEBT_CONSOLIDATION
LN-509079,CUST-106109,2025-05-17,0,0,False,False,28349.014999999992,Current,DEBT_CONSOLIDATION
LN-509080,CUST-100728,2025-05-17,0,0,False,False,34830.240000000034,Current,DEBT_CONSOLIDATION
LN-509081,CUST-104914,2025-05-17,0,0,False,False,25698.935,Current,DEBT_CONSOLIDATION
LN-509082,CUST-100175,2025-05-17,0,0,False,False,4817.4850000000015,Current,DEBT_CONSOLIDATION
LN-509083,CUST-106570,2025-05-17,0,0,False,False,17146.214999999997,Current,DEBT_CONSOLIDATION
LN-509084,CUST-102308,2025-05-17,0,0,False,False,39505.81499999999,Current,DEBT_CONSOLIDATION
LN-509085,CUST-106567,2025-05-17,0,0,False,False,19281.082499999997,Current,DEBT_CONSOLIDATION
LN-509086,CUST-105696,2025-05-17,0,0,False,False,5897.88,Current,DEBT_CONSOLIDATION
LN-509087,CUST-104662,2025-05-17,2,44,False,False,4516.184999999998,30-59,DEBT_CONSOLIDATION
LN-509088,CUST-103414,2025-05-17,0,0,False,False,4474.160000000001,Current,DEBT_CONSOLIDATION
LN-509089,CUST-105970,2025-05-17,0,0,False,False,9926.915,Current,DEBT_CONSOLIDATION
LN-509090,CUST-101698,2025-05-17,0,0,False,False,11381.815000000002,Current,DEBT_CONSOLIDATION
LN-509091,CUST-107070,2025-05-17,0,0,False,False,7474.274999999998,Current,DEBT_CONSOLIDATION
LN-509092,CUST-101800,2025-05-17,0,0,False,False,4849.600000000002,Current,DEBT_CONSOLIDATION
LN-509093,CUST-103828,2025-05-17,0,0,False,False,43606.8625,Current,DEBT_CONSOLIDATION
LN-509094,CUST-103017,2025-05-17,0,0,False,False,4936.945000000003,Current,DEBT_CONSOLIDATION
LN-509095,CUST-104570,2025-05-17,0,0,False,False,8059.82,Current,DEBT_CONSOLIDATION
LN-509096,CUST-101616,2025-05-17,0,0,False,False,21407.362499999977,Current,DEBT_CONSOLIDATION
LN-509097,CUST-102334,2025-05-17,0,0,False,False,3427.0774999999985,Current,DEBT_CONSOLIDATION
LN-509098,CUST-107714,2025-05-17,0,0,False,False,36987.399999999994,Current,DEBT_CONSOLIDATION
LN-509099,CUST-102512,2025-05-17,0,0,False,False,19632.77,Current,DEBT_CONSOLIDATION
LN-509100,CUST-100626,2025-05-17,0,0,False,False,33171.11,Current,DEBT_CONSOLIDATION
LN-509101,CUST-106503,2025-05-17,0,0,False,True,17722.46999999999,Current,DEBT_CONSOLIDATION
LN-509102,CUST-105280,2025-05-17,0,0,False,False,15564.605000000001,Current,DEBT_CONSOLIDATION
LN-509103,CUST-107405,2025-05-17,0,0,False,False,11652.359999999995,Current,DEBT_CONSOLIDATION
LN-509104,CUST-105646,2025-05-17,0,0,False,False,54076.0975,Current,DEBT_CONSOLIDATION
LN-509105,CUST-104484,2025-05-17,0,0,False,False,4726.6,Current,DEBT_CONSOLIDATION
LN-509106,CUST-105921,2025-05-17,0,0,False,False,33805.645000000004,Current,DEBT_CONSOLIDATION
LN-509107,CUST-104107,2025-05-17,0,0,False,False,13878.087500000005,Current,DEBT_CONSOLIDATION
LN-509108,CUST-104249,2025-05-17,0,0,False,False,8107.564999999999,Current,DEBT_CONSOLIDATION
LN-509109,CUST-102028,2025-05-17,0,0,False,False,2458.73,Current,DEBT_CONSOLIDATION
LN-509110,CUST-104232,2025-05-17,0,0,False,False,12302.119999999997,Current,DEBT_CONSOLIDATION
LN-509111,CUST-100189,2025-05-17,0,0,False,False,41333.454999999994,Current,DEBT_CONSOLIDATION
LN-509112,CUST-107024,2025-05-17,0,0,False,False,16518.63,Current,DEBT_CONSOLIDATION
LN-509113,CUST-103360,2025-05-17,0,0,False,False,356520.9400000001,Current,DEBT_CONSOLIDATION
LN-509114,CUST-100477,2025-05-17,0,0,False,False,21089.975,Current,DEBT_CONSOLIDATION
LN-509115,CUST-107454,2025-05-17,0,0,False,False,45292.29250000002,Current,DEBT_CONSOLIDATION
LN-509116,CUST-106993,2025-05-17,0,0,False,False,20769.910000000007,Current,DEBT_CONSOLIDATION
LN-509117,CUST-102787,2025-05-17,0,0,False,False,37364.93000000002,Current,DEBT_CONSOLIDATION
LN-509118,CUST-103672,2025-05-17,4,117,False,False,22932.110000000015,90+,DEBT_CONSOLIDATION
LN-509119,CUST-100996,2025-05-17,0,0,False,False,21933.687499999996,Current,DEBT_CONSOLIDATION
LN-509120,CUST-102122,2025-05-17,0,0,False,False,34339.462499999965,Current,DEBT_CONSOLIDATION
LN-509121,CUST-107546,2025-05-17,3,87,False,False,16980.279999999984,60-89,DEBT_CONSOLIDATION
LN-509122,CUST-102392,2025-05-17,0,0,False,False,5057.329999999999,Current,DEBT_CONSOLIDATION
LN-509123,CUST-105912,2025-05-17,0,0,False,False,19505.397500000003,Current,DEBT_CONSOLIDATION
LN-509124,CUST-106698,2025-05-17,0,0,False,False,28174.124999999993,Current,DEBT_CONSOLIDATION
LN-509125,CUST-100665,2025-05-17,0,0,False,False,34168.07500000003,Current,DEBT_CONSOLIDATION
LN-509127,CUST-100129,2025-05-17,0,0,False,False,29945.7,Current,DEBT_CONSOLIDATION
LN-509128,CUST-105722,2025-05-17,0,0,False,False,7439.472499999993,Current,DEBT_CONSOLIDATION
LN-509129,CUST-102944,2025-05-17,1,29,False,False,2849.1675,1-29,DEBT_CONSOLIDATION
LN-509130,CUST-101640,2025-05-17,0,0,False,False,3454.4649999999997,Current,DEBT_CONSOLIDATION
LN-509131,CUST-100833,2025-05-17,0,0,False,False,291888.17,Current,DEBT_CONSOLIDATION
LN-509132,CUST-104210,2025-05-17,0,0,False,False,34308.27750000001,Current,DEBT_CONSOLIDATION
LN-509133,CUST-100691,2025-05-17,0,0,False,False,10050.839999999997,Current,DEBT_CONSOLIDATION
LN-509134,CUST-101964,2025-05-17,0,0,False,False,20593.185,Current,DEBT_CONSOLIDATION
LN-509135,CUST-105267,2025-05-17,0,0,False,False,45874.75499999999,Current,DEBT_CONSOLIDATION
LN-509136,CUST-100121,2025-05-17,3,62,False,False,12530.670000000002,60-89,DEBT_CONSOLIDATION
LN-509137,CUST-101151,2025-05-17,0,0,False,False,9005.215000000006,Current,DEBT_CONSOLIDATION
LN-509138,CUST-104551,2025-05-17,2,31,False,False,24656.620000000014,30-59,DEBT_CONSOLIDATION
LN-509139,CUST-105693,2025-05-17,0,0,False,False,857.835,Current,DEBT_CONSOLIDATION
LN-509140,CUST-100256,2025-05-17,0,0,False,False,28526.617500000008,Current,DEBT_CONSOLIDATION
LN-509141,CUST-107358,2025-05-17,0,0,True,False,32938.33500000002,Current,DEBT_CONSOLIDATION
LN-509142,CUST-102265,2025-05-17,0,0,False,False,7662.509999999998,Current,DEBT_CONSOLIDATION
LN-509143,CUST-105029,2025-05-17,0,0,False,False,23533.630000000005,Current,DEBT_CONSOLIDATION
LN-509144,CUST-106552,2025-05-17,0,0,False,False,24124.45,Current,DEBT_CONSOLIDATION
LN-509145,CUST-101361,2025-05-17,0,0,False,False,19466.579999999994,Current,DEBT_CONSOLIDATION
LN-509146,CUST-102818,2025-05-17,1,3,False,False,15664.705,1-29,DEBT_CONSOLIDATION
LN-509147,CUST-103549,2025-05-17,0,0,False,False,15830.800000000003,Current,DEBT_CONSOLIDATION
LN-509148,CUST-101313,2025-05-17,0,0,False,False,33900.314999999995,Current,DEBT_CONSOLIDATION
LN-509149,CUST-102466,2025-05-17,0,0,False,False,6159.0,Current,DEBT_CONSOLIDATION
LN-509150,CUST-105245,2025-05-17,0,0,False,False,22189.29999999999,Current,DEBT_CONSOLIDATION
LN-509151,CUST-105302,2025-05-17,0,0,False,False,7744.420000000009,Current,DEBT_CONSOLIDATION
LN-509152,CUST-101089,2025-05-17,0,0,False,False,23325.71750000002,Current,DEBT_CONSOLIDATION
LN-509154,CUST-107704,2025-05-17,0,0,False,False,18595.19,Current,DEBT_CONSOLIDATION
LN-509155,CUST-103864,2025-05-17,0,0,False,False,29379.517499999998,Current,DEBT_CONSOLIDATION
LN-509156,CUST-102725,2025-05-17,0,0,False,False,16571.66,Current,DEBT_CONSOLIDATION
LN-509157,CUST-100866,2025-05-17,4,240,False,False,21902.05,90+,DEBT_CONSOLIDATION
LN-509158,CUST-104124,2025-05-17,0,0,False,False,51851.05000000001,Current,DEBT_CONSOLIDATION
LN-509159,CUST-105827,2025-05-17,0,0,False,False,29735.34,Current,DEBT_CONSOLIDATION
LN-509160,CUST-103472,2025-05-17,0,0,False,False,18533.1825,Current,DEBT_CONSOLIDATION
LN-509161,CUST-105049,2025-05-17,0,0,False,False,23009.590000000015,Current,DEBT_CONSOLIDATION
LN-509162,CUST-102118,2025-05-17,0,0,False,False,37014.75,Current,DEBT_CONSOLIDATION
LN-509163,CUST-104735,2025-05-17,0,0,False,False,15949.295000000002,Current,DEBT_CONSOLIDATION
LN-509164,CUST-106458,2025-05-17,0,0,False,False,17287.919999999976,Current,DEBT_CONSOLIDATION
LN-509165,CUST-106216,2025-05-17,0,0,False,False,2151.182500000001,Current,DEBT_CONSOLIDATION
LN-509166,CUST-100119,2025-05-17,0,0,False,False,20489.74,Current,DEBT_CONSOLIDATION
LN-509167,CUST-102562,2025-05-17,0,0,False,False,15346.855,Current,DEBT_CONSOLIDATION
LN-509168,CUST-104596,2025-05-17,0,0,False,False,22516.152500000004,Current,DEBT_CONSOLIDATION
LN-509169,CUST-103706,2025-05-17,0,0,False,False,587819.93,Current,DEBT_CONSOLIDATION
LN-509170,CUST-106762,2025-05-17,0,0,False,False,36546.55999999999,Current,DEBT_CONSOLIDATION
LN-509171,CUST-100489,2025-05-17,0,0,False,False,29478.69,Current,DEBT_CONSOLIDATION
LN-509173,CUST-102752,2025-05-17,0,0,False,False,3643.6975000000016,Current,DEBT_CONSOLIDATION
LN-509174,CUST-102755,2025-05-17,0,0,False,False,18618.289999999997,Current,DEBT_CONSOLIDATION
LN-509175,CUST-103519,2025-05-17,0,0,False,False,12850.792499999996,Current,DEBT_CONSOLIDATION
LN-509176,CUST-107517,2025-05-17,0,0,False,False,35186.09249999999,Current,DEBT_CONSOLIDATION
LN-509177,CUST-103099,2025-05-17,0,0,False,False,4642.517500000002,Current,DEBT_CONSOLIDATION
LN-509178,CUST-105528,2025-05-17,0,0,False,False,1663.86,Current,DEBT_CONSOLIDATION
LN-509179,CUST-106146,2025-05-17,0,0,False,False,27153.529999999988,Current,DEBT_CONSOLIDATION
LN-509180,CUST-102585,2025-05-17,0,0,False,False,10677.62,Current,DEBT_CONSOLIDATION
LN-509181,CUST-105440,2025-05-17,0,0,False,False,30091.37500000002,Current,DEBT_CONSOLIDATION
LN-509182,CUST-101290,2025-05-17,0,0,False,False,137369.44,Current,DEBT_CONSOLIDATION
LN-509183,CUST-103346,2025-05-17,0,0,False,False,114295.13250000002,Current,DEBT_CONSOLIDATION
LN-509184,CUST-101248,2025-05-17,0,0,False,False,30423.72249999999,Current,DEBT_CONSOLIDATION
LN-509185,CUST-106290,2025-05-17,0,0,False,False,38810.367499999964,Current,DEBT_CONSOLIDATION
LN-509186,CUST-104626,2025-05-17,0,0,False,False,17349.43999999999,Current,DEBT_CONSOLIDATION
LN-509187,CUST-100495,2025-05-17,0,0,False,False,17339.75250000001,Current,DEBT_CONSOLIDATION
LN-509188,CUST-106185,2025-05-17,0,0,False,False,31868.417499999996,Current,DEBT_CONSOLIDATION
LN-509189,CUST-105838,2025-05-17,0,0,False,False,102825.22,Current,DEBT_CONSOLIDATION
LN-509190,CUST-106831,2025-05-17,0,0,False,False,25030.18,Current,DEBT_CONSOLIDATION
LN-509191,CUST-105264,2025-05-17,0,0,False,False,24726.59999999999,Current,DEBT_CONSOLIDATION
LN-509192,CUST-103657,2025-05-17,0,0,False,False,26174.605000000003,Current,DEBT_CONSOLIDATION
LN-509193,CUST-107231,2025-05-17,0,0,False,False,2428.509999999998,Current,DEBT_CONSOLIDATION
LN-509194,CUST-102564,2025-05-17,0,0,False,False,10906.567499999988,Current,DEBT_CONSOLIDATION
LN-509195,CUST-107685,2025-05-17,2,39,False,False,40429.77,30-59,DEBT_CONSOLIDATION
LN-509196,CUST-106435,2025-05-17,0,0,False,False,8458.485000000002,Current,DEBT_CONSOLIDATION
LN-509197,CUST-101805,2025-05-17,0,0,False,False,48887.99250000003,Current,DEBT_CONSOLIDATION
LN-509198,CUST-102479,2025-05-17,0,0,False,False,35021.79000000002,Current,DEBT_CONSOLIDATION
LN-509199,CUST-100526,2025-05-17,4,167,False,False,26416.45250000001,90+,DEBT_CONSOLIDATION
LN-509200,CUST-102770,2025-05-17,0,0,False,False,44656.13499999999,Current,DEBT_CONSOLIDATION
LN-509201,CUST-104308,2025-05-17,3,74,False,False,42007.02000000001,60-89,DEBT_CONSOLIDATION
LN-509202,CUST-107549,2025-05-17,0,0,False,False,9410.035,Current,DEBT_CONSOLIDATION
LN-509203,CUST-102279,2025-05-17,0,0,False,False,21651.127499999995,Current,DEBT_CONSOLIDATION
LN-509204,CUST-104829,2025-05-17,0,0,False,False,21315.795,Current,DEBT_CONSOLIDATION
LN-509205,CUST-101816,2025-05-17,0,0,False,False,41339.27000000002,Current,DEBT_CONSOLIDATION
LN-509206,CUST-105611,2025-05-17,0,0,False,False,15093.29,Current,DEBT_CONSOLIDATION
LN-509207,CUST-107344,2025-05-17,0,0,False,False,25235.11,Current,DEBT_CONSOLIDATION
LN-509208,CUST-102782,2025-05-17,0,0,False,False,14488.705000000002,Current,DEBT_CONSOLIDATION
LN-509210,CUST-107549,2025-05-17,0,0,False,False,17951.18,Current,DEBT_CONSOLIDATION
LN-509211,CUST-104650,2025-05-17,3,87,False,False,10317.362499999996,60-89,DEBT_CONSOLIDATION
LN-509212,CUST-105860,2025-05-17,1,1,False,False,12376.050000000005,1-29,DEBT_CONSOLIDATION
LN-509213,CUST-101817,2025-05-17,0,0,False,False,30832.55,Current,DEBT_CONSOLIDATION
LN-509214,CUST-102414,2025-05-17,0,0,False,False,7976.239999999999,Current,DEBT_CONSOLIDATION
LN-509215,CUST-107478,2025-05-17,0,0,False,False,627789.0700000001,Current,DEBT_CONSOLIDATION
LN-509216,CUST-101385,2025-05-17,0,0,False,False,153805.81000000014,Current,DEBT_CONSOLIDATION
LN-509217,CUST-102535,2025-05-17,0,0,False,False,4794.070000000001,Current,DEBT_CONSOLIDATION
LN-509218,CUST-107520,2025-05-17,0,0,False,False,10174.695000000007,Current,DEBT_CONSOLIDATION
LN-509219,CUST-100705,2025-05-17,0,0,False,False,16955.28000000002,Current,DEBT_CONSOLIDATION
LN-509220,CUST-107191,2025-05-17,0,0,False,False,12549.677499999998,Current,DEBT_CONSOLIDATION
LN-509221,CUST-103670,2025-05-17,0,0,False,False,16664.859999999993,Current,DEBT_CONSOLIDATION
LN-509222,CUST-103512,2025-05-17,0,0,False,False,26461.442500000012,Current,DEBT_CONSOLIDATION
LN-509223,CUST-100635,2025-05-17,0,0,False,False,11253.479999999989,Current,DEBT_CONSOLIDATION
LN-509224,CUST-101345,2025-05-17,0,0,False,False,1936.7174999999988,Current,DEBT_CONSOLIDATION
LN-509225,CUST-104931,2025-05-17,0,0,False,False,96202.72999999997,Current,DEBT_CONSOLIDATION
LN-509226,CUST-103595,2025-05-17,0,0,False,False,36851.029999999984,Current,DEBT_CONSOLIDATION
LN-509227,CUST-105723,2025-05-17,1,21,False,False,6184.0250000000015,1-29,DEBT_CONSOLIDATION
LN-509228,CUST-106381,2025-05-17,3,77,False,False,45752.08,60-89,DEBT_CONSOLIDATION
LN-509229,CUST-100881,2025-05-17,0,0,False,False,12320.26,Current,DEBT_CONSOLIDATION
LN-509230,CUST-107245,2025-05-17,0,0,False,False,35835.92,Current,DEBT_CONSOLIDATION
LN-509231,CUST-106226,2025-05-17,0,0,False,False,7763.372499999992,Current,DEBT_CONSOLIDATION
LN-509232,CUST-106279,2025-05-17,0,0,False,False,8842.562499999998,Current,DEBT_CONSOLIDATION
LN-509233,CUST-101474,2025-05-17,0,0,False,False,24295.799999999992,Current,DEBT_CONSOLIDATION
LN-509234,CUST-105991,2025-05-17,0,0,False,False,44701.04999999999,Current,DEBT_CONSOLIDATION
LN-509235,CUST-101670,2025-05-17,3,70,False,False,26434.47,60-89,DEBT_CONSOLIDATION
LN-509236,CUST-105230,2025-05-17,0,0,False,False,44775.542499999996,Current,DEBT_CONSOLIDATION
LN-509237,CUST-107794,2025-05-17,2,33,False,False,2605.1174999999985,30-59,DEBT_CONSOLIDATION
LN-509238,CUST-104671,2025-05-17,0,0,False,False,21019.59500000001,Current,DEBT_CONSOLIDATION
LN-509241,CUST-107793,2025-05-17,0,0,False,False,30788.3375,Current,DEBT_CONSOLIDATION
LN-509242,CUST-107725,2025-05-17,0,0,False,False,7662.2850000000035,Current,DEBT_CONSOLIDATION
LN-509243,CUST-101849,2025-05-17,0,0,False,False,122774.36,Current,DEBT_CONSOLIDATION
LN-509245,CUST-100029,2025-05-17,0,0,False,False,575164.95,Current,DEBT_CONSOLIDATION
LN-509246,CUST-105181,2025-05-17,0,0,False,False,16245.739999999996,Current,DEBT_CONSOLIDATION
LN-509247,CUST-100052,2025-05-17,0,0,False,False,32466.160000000003,Current,DEBT_CONSOLIDATION
LN-509248,CUST-101252,2025-05-17,0,0,False,False,43084.735,Current,DEBT_CONSOLIDATION
LN-509249,CUST-101258,2025-05-17,0,0,False,False,34444.39,Current,DEBT_CONSOLIDATION
LN-509250,CUST-102742,2025-05-17,0,0,False,False,24802.405000000002,Current,DEBT_CONSOLIDATION
LN-509251,CUST-102264,2025-05-17,0,0,False,False,5998.7199999999975,Current,DEBT_CONSOLIDATION
LN-509252,CUST-102624,2025-05-17,0,0,False,False,216616.07749999998,Current,DEBT_CONSOLIDATION
LN-509253,CUST-104271,2025-05-17,0,0,False,False,16733.152499999993,Current,DEBT_CONSOLIDATION
LN-509254,CUST-101098,2025-05-17,4,103,False,False,35245.162500000006,90+,DEBT_CONSOLIDATION
LN-509255,CUST-100796,2025-05-17,0,0,False,False,14834.449999999997,Current,DEBT_CONSOLIDATION
LN-509256,CUST-106306,2025-05-17,0,0,False,False,47686.377499999995,Current,DEBT_CONSOLIDATION
LN-509257,CUST-102126,2025-05-17,0,0,False,False,1868.875,Current,DEBT_CONSOLIDATION
LN-509258,CUST-105167,2025-05-17,0,0,False,False,6689.560000000004,Current,DEBT_CONSOLIDATION
LN-509259,CUST-104521,2025-05-17,0,0,False,False,3877.157500000004,Current,DEBT_CONSOLIDATION
LN-509260,CUST-104949,2025-05-17,0,0,True,False,20726.92,Current,DEBT_CONSOLIDATION
LN-509261,CUST-100908,2025-05-17,0,0,False,False,29911.09,Current,DEBT_CONSOLIDATION
LN-509262,CUST-102844,2025-05-17,0,0,False,False,7782.737499999989,Current,DEBT_CONSOLIDATION
LN-509263,CUST-100008,2025-05-17,0,0,False,False,13844.359999999993,Current,DEBT_CONSOLIDATION
LN-509264,CUST-101388,2025-05-17,0,0,False,False,43235.38,Current,DEBT_CONSOLIDATION
LN-509266,CUST-103482,2025-05-17,0,0,False,False,1514.9075,Current,DEBT_CONSOLIDATION
LN-509267,CUST-100531,2025-05-17,0,0,False,False,29595.335,Current,DEBT_CONSOLIDATION
LN-509268,CUST-100545,2025-05-17,0,0,False,False,481166.0824999998,Current,DEBT_CONSOLIDATION
LN-509269,CUST-106880,2025-05-17,0,0,False,False,24957.26000000001,Current,DEBT_CONSOLIDATION
LN-509270,CUST-101858,2025-05-17,0,0,False,False,13781.079999999998,Current,DEBT_CONSOLIDATION
LN-509271,CUST-106602,2025-05-17,0,0,False,False,32450.605000000003,Current,DEBT_CONSOLIDATION
LN-509272,CUST-104796,2025-05-17,0,0,False,False,25076.3425,Current,DEBT_CONSOLIDATION
LN-509273,CUST-107250,2025-05-17,0,0,False,False,14192.482500000002,Current,DEBT_CONSOLIDATION
LN-509274,CUST-101199,2025-05-17,0,0,False,False,29983.289999999986,Current,DEBT_CONSOLIDATION
LN-509275,CUST-104518,2025-05-17,1,17,False,False,21403.907499999998,1-29,DEBT_CONSOLIDATION
LN-509276,CUST-107054,2025-05-17,0,0,False,False,20000.677499999994,Current,DEBT_CONSOLIDATION
LN-509277,CUST-107229,2025-05-17,0,0,False,False,29308.037500000002,Current,DEBT_CONSOLIDATION
LN-509278,CUST-106301,2025-05-17,0,0,False,False,17125.82999999999,Current,DEBT_CONSOLIDATION
LN-509279,CUST-100435,2025-05-17,0,0,False,False,26936.395,Current,DEBT_CONSOLIDATION
LN-509281,CUST-103518,2025-05-17,0,0,False,False,14681.502499999995,Current,DEBT_CONSOLIDATION
LN-509282,CUST-106789,2025-05-17,0,0,False,False,7082.097500000002,Current,DEBT_CONSOLIDATION
LN-509283,CUST-105964,2025-05-17,0,0,False,False,43947.44500000004,Current,DEBT_CONSOLIDATION
LN-509284,CUST-104986,2025-05-17,0,0,False,False,45255.19750000003,Current,DEBT_CONSOLIDATION
LN-509285,CUST-107790,2025-05-17,0,0,False,False,7995.949999999997,Current,DEBT_CONSOLIDATION
LN-509286,CUST-107960,2025-05-17,0,0,False,False,35779.38,Current,DEBT_CONSOLIDATION
LN-509287,CUST-105077,2025-05-17,0,0,False,False,10398.505,Current,DEBT_CONSOLIDATION
LN-509288,CUST-103025,2025-05-17,0,0,False,False,579144.5899999999,Current,DEBT_CONSOLIDATION
LN-509289,CUST-106535,2025-05-17,0,0,False,False,24736.290000000008,Current,DEBT_CONSOLIDATION
LN-509290,CUST-102320,2025-05-17,0,0,False,False,45223.77499999995,Current,DEBT_CONSOLIDATION
LN-509291,CUST-106395,2025-05-17,0,0,False,False,12511.015,Current,DEBT_CONSOLIDATION
LN-509292,CUST-105413,2025-05-17,0,0,False,False,36290.87,Current,DEBT_CONSOLIDATION
LN-509293,CUST-104613,2025-05-17,0,0,False,False,8423.194999999992,Current,DEBT_CONSOLIDATION
LN-509294,CUST-103873,2025-05-17,0,0,False,False,25543.77000000002,Current,DEBT_CONSOLIDATION
LN-509295,CUST-103075,2025-05-17,0,0,False,False,12003.820000000003,Current,DEBT_CONSOLIDATION
LN-509296,CUST-103134,2025-05-17,0,0,False,False,22587.364999999998,Current,DEBT_CONSOLIDATION
LN-509297,CUST-107360,2025-05-17,0,0,False,False,45402.92000000001,Current,DEBT_CONSOLIDATION
LN-509298,CUST-101827,2025-05-17,0,0,False,False,7908.290000000001,Current,DEBT_CONSOLIDATION
LN-509299,CUST-101042,2025-05-17,0,0,False,False,5358.959999999999,Current,DEBT_CONSOLIDATION
LN-509300,CUST-104636,2025-05-17,0,0,False,False,56765.31000000003,Current,DEBT_CONSOLIDATION
LN-509301,CUST-102027,2025-05-17,0,0,False,False,18518.51749999998,Current,DEBT_CONSOLIDATION
LN-509302,CUST-100575,2025-05-17,0,0,False,False,44742.11,Current,DEBT_CONSOLIDATION
LN-509303,CUST-106577,2025-05-17,0,0,False,False,19736.77,Current,DEBT_CONSOLIDATION
LN-509304,CUST-102619,2025-05-17,0,0,False,False,16259.439999999991,Current,DEBT_CONSOLIDATION
LN-509305,CUST-107708,2025-05-17,0,0,False,False,27898.490000000005,Current,DEBT_CONSOLIDATION
LN-509306,CUST-101246,2025-05-17,0,0,False,False,6285.215000000001,Current,DEBT_CONSOLIDATION
LN-509307,CUST-107632,2025-05-17,0,0,False,False,24735.90000000002,Current,DEBT_CONSOLIDATION
LN-509308,CUST-101251,2025-05-17,0,0,False,False,29575.155000000002,Current,DEBT_CONSOLIDATION
LN-509309,CUST-101940,2025-05-17,0,0,False,False,7634.8699999999935,Current,DEBT_CONSOLIDATION
LN-509310,CUST-101263,2025-05-17,0,0,False,False,10423.790000000012,Current,DEBT_CONSOLIDATION
LN-509311,CUST-101750,2025-05-17,0,0,False,False,20486.8475,Current,DEBT_CONSOLIDATION
LN-509312,CUST-100615,2025-05-17,0,0,False,False,11711.03,Current,DEBT_CONSOLIDATION
LN-509314,CUST-101233,2025-05-17,0,0,False,False,29052.924999999996,Current,DEBT_CONSOLIDATION
LN-509315,CUST-105081,2025-05-17,0,0,False,False,43311.96999999998,Current,DEBT_CONSOLIDATION
LN-509316,CUST-103094,2025-05-17,0,0,False,False,42800.44000000002,Current,DEBT_CONSOLIDATION
LN-509317,CUST-107384,2025-05-17,0,0,False,False,545718.4824999999,Current,DEBT_CONSOLIDATION
LN-509318,CUST-104386,2025-05-17,0,0,False,False,71476.23000000001,Current,DEBT_CONSOLIDATION
LN-509319,CUST-107904,2025-05-17,1,22,False,False,19562.172500000004,1-29,DEBT_CONSOLIDATION
LN-509320,CUST-106943,2025-05-17,0,0,False,False,11990.349999999997,Current,DEBT_CONSOLIDATION
LN-509321,CUST-103444,2025-05-17,0,0,False,False,12028.19999999999,Current,DEBT_CONSOLIDATION
LN-509322,CUST-105430,2025-05-17,0,0,False,False,42469.750000000015,Current,DEBT_CONSOLIDATION
LN-509323,CUST-102734,2025-05-17,0,0,False,False,10648.577500000003,Current,DEBT_CONSOLIDATION
LN-509324,CUST-107937,2025-05-17,0,0,False,False,23302.867499999982,Current,DEBT_CONSOLIDATION
LN-509325,CUST-105196,2025-05-17,0,0,False,False,11714.782500000007,Current,DEBT_CONSOLIDATION
LN-509326,CUST-102665,2025-05-17,0,0,False,False,8088.620000000011,Current,DEBT_CONSOLIDATION
LN-509327,CUST-103718,2025-05-17,0,0,False,False,15719.129999999994,Current,DEBT_CONSOLIDATION
LN-509328,CUST-101115,2025-05-17,0,0,False,False,80949.345,Current,DEBT_CONSOLIDATION
LN-509329,CUST-102248,2025-05-17,0,0,False,False,11102.327499999996,Current,DEBT_CONSOLIDATION
LN-509330,CUST-100361,2025-05-17,0,0,False,False,17483.699999999986,Current,DEBT_CONSOLIDATION
LN-509331,CUST-105588,2025-05-17,0,0,False,False,16112.944999999985,Current,DEBT_CONSOLIDATION
LN-509333,CUST-102374,2025-05-17,0,0,False,False,3546.6000000000013,Current,DEBT_CONSOLIDATION
LN-509335,CUST-101446,2025-05-17,0,0,False,False,16709.51,Current,DEBT_CONSOLIDATION
LN-509336,CUST-100573,2025-05-17,0,0,False,False,10077.56,Current,DEBT_CONSOLIDATION
LN-509337,CUST-101969,2025-05-17,0,0,False,False,19538.035000000007,Current,DEBT_CONSOLIDATION
LN-509340,CUST-103081,2025-05-17,0,0,False,False,28683.615,Current,DEBT_CONSOLIDATION
LN-509341,CUST-100283,2025-05-17,0,0,False,False,24969.650000000005,Current,DEBT_CONSOLIDATION
LN-509342,CUST-106591,2025-05-17,0,0,False,False,21388.91,Current,DEBT_CONSOLIDATION
LN-509343,CUST-100457,2025-05-17,0,0,False,False,25617.815000000006,Current,DEBT_CONSOLIDATION
LN-509344,CUST-101846,2025-05-17,0,0,False,False,80781.54500000003,Current,DEBT_CONSOLIDATION
LN-509345,CUST-107162,2025-05-17,0,0,False,False,20158.66,Current,DEBT_CONSOLIDATION
LN-509346,CUST-107336,2025-05-17,0,0,False,False,10440.079999999994,Current,DEBT_CONSOLIDATION
LN-509347,CUST-101036,2025-05-17,0,0,False,False,29073.559999999998,Current,DEBT_CONSOLIDATION
LN-509348,CUST-106649,2025-05-17,0,0,False,False,48503.09749999998,Current,DEBT_CONSOLIDATION
LN-509349,CUST-105929,2025-05-17,0,0,False,False,128899.04499999998,Current,DEBT_CONSOLIDATION
LN-509351,CUST-107875,2025-05-17,0,0,False,False,11620.82,Current,DEBT_CONSOLIDATION
LN-509352,CUST-103485,2025-05-17,0,0,False,False,9867.305,Current,DEBT_CONSOLIDATION
LN-509353,CUST-101098,2025-05-17,0,0,False,False,19017.85750000001,Current,DEBT_CONSOLIDATION
LN-509355,CUST-104513,2025-05-17,0,0,False,False,15160.709999999995,Current,DEBT_CONSOLIDATION
LN-509356,CUST-106500,2025-05-17,0,0,False,False,136294.06,Current,DEBT_CONSOLIDATION
LN-509357,CUST-107505,2025-05-17,0,0,False,False,44106.294999999984,Current,DEBT_CONSOLIDATION
LN-509358,CUST-106764,2025-05-17,0,0,False,False,19725.189999999995,Current,DEBT_CONSOLIDATION
LN-509359,CUST-101401,2025-05-17,0,0,False,False,24744.59,Current,DEBT_CONSOLIDATION
LN-509360,CUST-104376,2025-05-17,0,0,False,False,20181.61499999999,Current,DEBT_CONSOLIDATION
LN-509361,CUST-107842,2025-05-17,0,0,False,False,2202.5325000000003,Current,DEBT_CONSOLIDATION
LN-509362,CUST-103370,2025-05-17,0,0,False,False,11688.610000000004,Current,DEBT_CONSOLIDATION
LN-509363,CUST-103314,2025-05-17,0,0,False,False,2507.1449999999995,Current,DEBT_CONSOLIDATION
LN-509364,CUST-107742,2025-05-17,0,0,False,False,121640.37000000005,Current,DEBT_CONSOLIDATION
LN-509365,CUST-104523,2025-05-17,0,0,False,False,34763.38999999999,Current,DEBT_CONSOLIDATION
LN-509366,CUST-104962,2025-05-17,1,26,False,False,25044.07,1-29,DEBT_CONSOLIDATION
LN-509368,CUST-103597,2025-05-17,0,0,False,False,13687.450000000004,Current,DEBT_CONSOLIDATION
LN-509369,CUST-101901,2025-05-17,0,0,False,False,14734.435000000001,Current,DEBT_CONSOLIDATION
LN-509370,CUST-100752,2025-05-17,0,0,False,False,19939.165000000005,Current,DEBT_CONSOLIDATION
LN-509371,CUST-102863,2025-05-17,0,0,False,False,30855.95750000001,Current,DEBT_CONSOLIDATION
LN-509372,CUST-105221,2025-05-17,0,0,False,False,23136.969999999987,Current,DEBT_CONSOLIDATION
LN-509373,CUST-104460,2025-05-17,0,0,False,False,27135.244999999995,Current,DEBT_CONSOLIDATION
LN-509374,CUST-100572,2025-05-17,0,0,False,False,6090.009999999999,Current,DEBT_CONSOLIDATION
LN-509375,CUST-104060,2025-05-17,0,0,False,False,39150.31250000002,Current,DEBT_CONSOLIDATION
LN-509376,CUST-105248,2025-05-17,0,0,False,False,33029.80500000001,Current,DEBT_CONSOLIDATION
LN-509377,CUST-101257,2025-05-17,0,0,False,False,34509.922499999964,Current,DEBT_CONSOLIDATION
LN-509378,CUST-104175,2025-05-17,0,0,False,False,140594.15500000003,Current,DEBT_CONSOLIDATION
LN-509379,CUST-103691,2025-05-17,0,0,False,False,9300.23,Current,DEBT_CONSOLIDATION
LN-509380,CUST-105148,2025-05-17,0,0,False,False,30817.22000000001,Current,DEBT_CONSOLIDATION
LN-509381,CUST-101055,2025-05-17,0,0,False,False,428424.2649999998,Current,DEBT_CONSOLIDATION
LN-509383,CUST-106366,2025-05-17,0,0,False,False,6226.629999999999,Current,DEBT_CONSOLIDATION
LN-509384,CUST-105346,2025-05-17,0,0,False,False,317480.11000000004,Current,DEBT_CONSOLIDATION
LN-509385,CUST-105961,2025-05-17,0,0,False,False,14389.670000000006,Current,DEBT_CONSOLIDATION
LN-509386,CUST-107758,2025-05-17,0,0,False,False,18452.015000000018,Current,DEBT_CONSOLIDATION
LN-509387,CUST-105278,2025-05-17,0,0,False,False,8388.404999999992,Current,DEBT_CONSOLIDATION
LN-509388,CUST-102273,2025-05-17,0,0,False,False,6171.885,Current,DEBT_CONSOLIDATION
LN-509390,CUST-103559,2025-05-17,0,0,False,False,37875.85,Current,DEBT_CONSOLIDATION
LN-509391,CUST-102059,2025-05-17,0,0,False,False,38501.09000000002,Current,DEBT_CONSOLIDATION
LN-509392,CUST-105742,2025-05-17,0,0,False,False,3760.319999999997,Current,DEBT_CONSOLIDATION
LN-509393,CUST-107093,2025-05-17,0,0,False,False,15192.409999999998,Current,DEBT_CONSOLIDATION
LN-509395,CUST-104479,2025-05-17,0,0,False,False,259048.365,Current,DEBT_CONSOLIDATION
LN-509396,CUST-100074,2025-05-17,0,0,False,False,115904.08999999998,Current,DEBT_CONSOLIDATION
LN-509397,CUST-100236,2025-05-17,0,0,False,False,13455.300000000014,Current,DEBT_CONSOLIDATION
LN-509398,CUST-104241,2025-05-17,0,0,False,False,23147.775000000012,Current,DEBT_CONSOLIDATION
LN-509399,CUST-107964,2025-05-17,1,26,False,False,39359.05250000003,1-29,DEBT_CONSOLIDATION
LN-509400,CUST-105180,2025-05-17,0,0,False,False,21954.250000000004,Current,DEBT_CONSOLIDATION
LN-509401,CUST-107139,2025-05-17,0,0,False,False,37868.32000000004,Current,DEBT_CONSOLIDATION
LN-509402,CUST-101868,2025-05-17,0,0,False,False,23447.649999999976,Current,DEBT_CONSOLIDATION
LN-509403,CUST-106021,2025-05-17,0,0,False,False,16268.0025,Current,DEBT_CONSOLIDATION
LN-509404,CUST-106076,2025-05-17,0,0,False,False,542012.8200000004,Current,DEBT_CONSOLIDATION
LN-509405,CUST-101676,2025-05-17,0,0,False,False,30855.66,Current,DEBT_CONSOLIDATION
LN-509406,CUST-104375,2025-05-17,0,0,False,False,51889.1,Current,DEBT_CONSOLIDATION
LN-509407,CUST-107349,2025-05-17,0,0,False,False,51480.67,Current,DEBT_CONSOLIDATION
LN-509408,CUST-106128,2025-05-17,0,0,False,False,21538.605000000003,Current,DEBT_CONSOLIDATION
LN-509409,CUST-104541,2025-05-17,0,0,False,False,144218.27999999994,Current,DEBT_CONSOLIDATION
LN-509410,CUST-106954,2025-05-17,0,0,False,False,45668.7975,Current,DEBT_CONSOLIDATION
LN-509411,CUST-102665,2025-05-17,3,72,False,False,11001.775000000001,60-89,DEBT_CONSOLIDATION
LN-509412,CUST-100487,2025-05-17,4,113,False,False,33153.019999999975,90+,DEBT_CONSOLIDATION
LN-509413,CUST-102429,2025-05-17,0,0,False,False,38265.70750000002,Current,DEBT_CONSOLIDATION
LN-509414,CUST-105465,2025-05-17,0,0,False,False,49680.36249999999,Current,DEBT_CONSOLIDATION
LN-509415,CUST-101579,2025-05-17,0,0,False,False,1886.7149999999995,Current,DEBT_CONSOLIDATION
LN-509416,CUST-106433,2025-05-17,0,0,False,False,47966.61,Current,DEBT_CONSOLIDATION
LN-509418,CUST-100999,2025-05-17,0,0,False,False,6819.177500000005,Current,DEBT_CONSOLIDATION
LN-509419,CUST-104666,2025-05-17,0,0,False,False,14992.165000000017,Current,DEBT_CONSOLIDATION
LN-509420,CUST-105156,2025-05-17,0,0,False,False,602.7925000000001,Current,DEBT_CONSOLIDATION
LN-509421,CUST-107878,2025-05-17,0,0,False,False,32504.2175,Current,DEBT_CONSOLIDATION
LN-509422,CUST-104872,2025-05-17,0,0,False,False,41483.67499999997,Current,DEBT_CONSOLIDATION
LN-509423,CUST-105957,2025-05-17,0,0,False,False,31675.239999999998,Current,DEBT_CONSOLIDATION
LN-509424,CUST-106108,2025-05-17,0,0,False,False,22471.23499999999,Current,DEBT_CONSOLIDATION
LN-509425,CUST-107418,2025-05-17,0,0,False,False,7661.024999999996,Current,DEBT_CONSOLIDATION
LN-509426,CUST-102103,2025-05-17,0,0,False,False,12317.63500000001,Current,DEBT_CONSOLIDATION
LN-509427,CUST-102155,2025-05-17,0,0,False,False,19596.48499999999,Current,DEBT_CONSOLIDATION
LN-509428,CUST-102204,2025-05-17,0,0,False,False,20695.235000000004,Current,DEBT_CONSOLIDATION
LN-509429,CUST-100239,2025-05-17,0,0,False,False,15241.265,Current,DEBT_CONSOLIDATION
LN-509430,CUST-101895,2025-05-17,0,0,False,False,30859.309999999976,Current,DEBT_CONSOLIDATION
LN-509431,CUST-101925,2025-05-17,0,0,False,False,15671.43,Current,DEBT_CONSOLIDATION
LN-509432,CUST-104972,2025-05-17,0,0,False,False,12374.96,Current,DEBT_CONSOLIDATION
LN-509433,CUST-103276,2025-05-17,0,0,False,False,12006.34500000001,Current,DEBT_CONSOLIDATION
LN-509434,CUST-107388,2025-05-17,0,0,False,False,19278.402499999993,Current,DEBT_CONSOLIDATION
LN-509435,CUST-105384,2025-05-17,0,0,False,False,10875.785,Current,DEBT_CONSOLIDATION
LN-509436,CUST-101600,2025-05-17,0,0,False,False,28428.409999999974,Current,DEBT_CONSOLIDATION
LN-509437,CUST-100031,2025-05-17,0,0,False,False,3336.9700000000003,Current,DEBT_CONSOLIDATION
LN-509438,CUST-105278,2025-05-17,0,0,False,False,2088.1275000000005,Current,DEBT_CONSOLIDATION
LN-509439,CUST-102583,2025-05-17,0,0,False,False,12248.779999999999,Current,DEBT_CONSOLIDATION
LN-509440,CUST-104101,2025-05-17,0,0,False,False,100781.06250000006,Current,DEBT_CONSOLIDATION
LN-509441,CUST-104354,2025-05-17,0,0,False,False,11266.637500000003,Current,DEBT_CONSOLIDATION
LN-509442,CUST-107808,2025-05-17,0,0,False,False,30674.33,Current,DEBT_CONSOLIDATION
LN-509443,CUST-106487,2025-05-17,0,0,False,False,12314.5325,Current,DEBT_CONSOLIDATION
LN-509444,CUST-102926,2025-05-17,0,0,False,False,21717.64,Current,DEBT_CONSOLIDATION
LN-509445,CUST-100379,2025-05-17,0,0,False,False,27470.057500000003,Current,DEBT_CONSOLIDATION
LN-509446,CUST-102571,2025-05-17,0,0,False,False,14523.36,Current,DEBT_CONSOLIDATION
LN-509447,CUST-106631,2025-05-17,0,0,False,False,28994.5,Current,DEBT_CONSOLIDATION
LN-509448,CUST-107278,2025-05-17,0,0,False,False,49382.52,Current,DEBT_CONSOLIDATION
LN-509450,CUST-102532,2025-05-17,0,0,False,False,474623.69499999995,Current,DEBT_CONSOLIDATION
LN-509451,CUST-106975,2025-05-17,0,0,False,False,27788.259999999995,Current,DEBT_CONSOLIDATION
LN-509453,CUST-100957,2025-05-17,0,0,False,False,30116.715000000004,Current,DEBT_CONSOLIDATION
LN-509454,CUST-107205,2025-05-17,0,0,False,False,19378.472499999996,Current,DEBT_CONSOLIDATION
LN-509455,CUST-101356,2025-05-17,0,0,False,False,7777.215000000006,Current,DEBT_CONSOLIDATION
LN-509456,CUST-104427,2025-05-17,1,4,False,False,11342.789999999999,1-29,DEBT_CONSOLIDATION
LN-509457,CUST-103085,2025-05-17,2,60,False,False,46309.2425,30-59,DEBT_CONSOLIDATION
LN-509458,CUST-101039,2025-05-17,0,0,False,False,17909.29,Current,DEBT_CONSOLIDATION
LN-509459,CUST-105351,2025-05-17,0,0,False,False,19359.307499999995,Current,DEBT_CONSOLIDATION
LN-509460,CUST-102364,2025-05-17,0,0,False,False,28104.425,Current,DEBT_CONSOLIDATION
LN-509461,CUST-103098,2025-05-17,0,0,False,False,27327.164999999997,Current,DEBT_CONSOLIDATION
LN-509462,CUST-100982,2025-05-17,0,0,False,False,23592.140000000014,Current,DEBT_CONSOLIDATION
LN-509463,CUST-104159,2025-05-17,0,0,False,False,8968.434999999994,Current,DEBT_CONSOLIDATION
LN-509464,CUST-107414,2025-05-17,0,0,False,False,2258.1400000000003,Current,DEBT_CONSOLIDATION
LN-509465,CUST-103802,2025-05-17,0,0,False,False,17941.0625,Current,DEBT_CONSOLIDATION
LN-509466,CUST-100160,2025-05-17,0,0,False,False,7663.5375,Current,DEBT_CONSOLIDATION
LN-509467,CUST-102832,2025-05-17,0,0,False,False,13026.485000000008,Current,DEBT_CONSOLIDATION
LN-509468,CUST-106803,2025-05-17,0,0,False,False,17382.969999999998,Current,DEBT_CONSOLIDATION
LN-509469,CUST-106137,2025-05-17,0,0,False,False,1570.449999999999,Current,DEBT_CONSOLIDATION
LN-509470,CUST-103642,2025-05-17,0,0,False,False,30087.79499999999,Current,DEBT_CONSOLIDATION
LN-509471,CUST-102859,2025-05-17,0,0,False,False,15287.4,Current,DEBT_CONSOLIDATION
LN-509472,CUST-102625,2025-05-17,0,0,False,False,4139.554999999999,Current,DEBT_CONSOLIDATION
LN-509473,CUST-107986,2025-05-17,0,0,False,False,3623.57,Current,DEBT_CONSOLIDATION
LN-509475,CUST-105969,2025-05-17,0,0,False,False,9898.575000000004,Current,DEBT_CONSOLIDATION
LN-509476,CUST-100093,2025-05-17,0,0,False,False,14502.680000000004,Current,DEBT_CONSOLIDATION
LN-509477,CUST-101206,2025-05-17,0,0,False,False,27109.679999999986,Current,DEBT_CONSOLIDATION
LN-509478,CUST-103233,2025-05-17,0,0,False,False,21209.885,Current,DEBT_CONSOLIDATION
LN-509479,CUST-105575,2025-05-17,0,0,False,False,34077.89,Current,DEBT_CONSOLIDATION
LN-509480,CUST-105075,2025-05-17,0,0,False,False,2272.65,Current,DEBT_CONSOLIDATION
LN-509481,CUST-100646,2025-05-17,0,0,False,False,17388.07000000002,Current,DEBT_CONSOLIDATION
LN-509482,CUST-107190,2025-05-17,0,0,False,False,451506.99,Current,DEBT_CONSOLIDATION
LN-509483,CUST-100875,2025-05-17,0,0,False,False,21532.850000000002,Current,DEBT_CONSOLIDATION
LN-509484,CUST-102430,2025-05-17,0,0,False,False,33464.60499999999,Current,DEBT_CONSOLIDATION
LN-509485,CUST-104900,2025-05-17,0,0,False,False,2182.3600000000015,Current,DEBT_CONSOLIDATION
LN-509486,CUST-100490,2025-05-17,0,0,False,False,23722.350000000002,Current,DEBT_CONSOLIDATION
LN-509487,CUST-107923,2025-05-17,0,0,False,False,10521.8,Current,DEBT_CONSOLIDATION
LN-509488,CUST-103786,2025-05-17,0,0,False,False,10474.110000000002,Current,DEBT_CONSOLIDATION
LN-509489,CUST-102228,2025-05-17,0,0,False,False,10403.96,Current,DEBT_CONSOLIDATION
LN-509490,CUST-105352,2025-05-17,1,25,False,False,17772.69,1-29,DEBT_CONSOLIDATION
LN-509491,CUST-107400,2025-05-17,0,0,False,False,39617.935,Current,DEBT_CONSOLIDATION
LN-509492,CUST-103149,2025-05-17,0,0,False,False,48463.435000000005,Current,DEBT_CONSOLIDATION
LN-509493,CUST-107429,2025-05-17,0,0,False,False,29991.61,Current,DEBT_CONSOLIDATION
LN-509494,CUST-107961,2025-05-17,1,8,False,False,32280.05,1-29,DEBT_CONSOLIDATION
LN-509495,CUST-102735,2025-05-17,0,0,False,False,7163.579999999997,Current,DEBT_CONSOLIDATION
LN-509496,CUST-101622,2025-05-17,0,0,False,False,7711.549999999999,Current,DEBT_CONSOLIDATION
LN-509497,CUST-105883,2025-05-17,1,9,False,False,61830.265,1-29,DEBT_CONSOLIDATION
LN-509498,CUST-105555,2025-05-17,0,0,False,False,31425.7,Current,DEBT_CONSOLIDATION
LN-509499,CUST-104880,2025-05-17,0,0,False,False,1909.1850000000022,Current,DEBT_CONSOLIDATION
LN-509500,CUST-106677,2025-05-17,0,0,False,False,35236.63,Current,DEBT_CONSOLIDATION
LN-509501,CUST-103663,2025-05-17,0,0,False,False,12855.449999999997,Current,DEBT_CONSOLIDATION
LN-509502,CUST-105157,2025-05-17,0,0,False,False,27394.770000000004,Current,DEBT_CONSOLIDATION
LN-509503,CUST-103167,2025-05-17,0,0,False,False,27901.680000000004,Current,DEBT_CONSOLIDATION
LN-509504,CUST-105462,2025-05-17,0,0,False,False,38920.5575,Current,DEBT_CONSOLIDATION
LN-509505,CUST-102955,2025-05-17,0,0,False,False,18770.934999999998,Current,DEBT_CONSOLIDATION
LN-509506,CUST-101856,2025-05-17,0,0,False,False,32049.76,Current,DEBT_CONSOLIDATION
LN-509507,CUST-104925,2025-05-17,0,0,False,False,16104.9325,Current,DEBT_CONSOLIDATION
LN-509508,CUST-102671,2025-05-17,0,0,False,False,15005.78000000001,Current,DEBT_CONSOLIDATION
LN-509509,CUST-107351,2025-05-17,0,0,False,False,29392.984999999997,Current,DEBT_CONSOLIDATION
LN-509510,CUST-102508,2025-05-17,0,0,False,False,16856.499999999993,Current,DEBT_CONSOLIDATION
LN-509511,CUST-103512,2025-05-17,0,0,False,False,23631.57,Current,DEBT_CONSOLIDATION
LN-509512,CUST-103906,2025-05-17,0,0,False,False,27890.32,Current,DEBT_CONSOLIDATION
LN-509513,CUST-103492,2025-05-17,0,0,False,False,2516.2974999999997,Current,DEBT_CONSOLIDATION
LN-509514,CUST-101402,2025-05-17,0,0,False,False,20202.175,Current,DEBT_CONSOLIDATION
LN-509516,CUST-101348,2025-05-17,0,0,False,False,58052.19499999999,Current,DEBT_CONSOLIDATION
LN-509517,CUST-105317,2025-05-17,0,0,False,False,43729.74999999997,Current,DEBT_CONSOLIDATION
LN-509519,CUST-106670,2025-05-17,0,0,False,False,46782.12750000001,Current,DEBT_CONSOLIDATION
LN-509520,CUST-103615,2025-05-17,0,0,False,False,29600.735,Current,DEBT_CONSOLIDATION
LN-509521,CUST-102506,2025-05-17,0,0,False,False,35180.68500000002,Current,DEBT_CONSOLIDATION
LN-509523,CUST-105237,2025-05-17,0,0,False,False,16718.77999999999,Current,DEBT_CONSOLIDATION
LN-509524,CUST-105955,2025-05-17,0,0,False,False,396896.38500000007,Current,DEBT_CONSOLIDATION
LN-509525,CUST-104605,2025-05-17,0,0,False,False,19743.285,Current,DEBT_CONSOLIDATION
LN-509526,CUST-101935,2025-05-17,0,0,False,False,17663.522500000003,Current,DEBT_CONSOLIDATION
LN-509527,CUST-107414,2025-05-17,0,0,False,False,20101.15,Current,DEBT_CONSOLIDATION
LN-509528,CUST-104005,2025-05-17,0,0,False,False,127640.66000000003,Current,DEBT_CONSOLIDATION
LN-509529,CUST-103884,2025-05-17,1,17,False,False,21654.0725,1-29,DEBT_CONSOLIDATION
LN-509530,CUST-105700,2025-05-17,0,0,False,False,29295.15,Current,DEBT_CONSOLIDATION
LN-509531,CUST-104300,2025-05-17,0,0,False,False,123574.24500000004,Current,DEBT_CONSOLIDATION
LN-509532,CUST-101061,2025-05-17,0,0,False,False,10682.902499999998,Current,DEBT_CONSOLIDATION
LN-509533,CUST-104671,2025-05-17,0,0,False,False,25600.93750000001,Current,DEBT_CONSOLIDATION
LN-509534,CUST-104863,2025-05-17,0,0,False,False,3807.4199999999964,Current,DEBT_CONSOLIDATION
LN-509535,CUST-103170,2025-05-17,0,0,False,False,13560.532499999998,Current,DEBT_CONSOLIDATION
LN-509536,CUST-106232,2025-05-17,0,0,False,False,22323.26,Current,DEBT_CONSOLIDATION
LN-509537,CUST-104825,2025-05-17,0,0,False,False,6456.507500000001,Current,DEBT_CONSOLIDATION
LN-509538,CUST-102702,2025-05-17,0,0,False,False,102584.495,Current,DEBT_CONSOLIDATION
LN-509539,CUST-101520,2025-05-17,0,0,False,False,9602.69,Current,DEBT_CONSOLIDATION
LN-509540,CUST-100988,2025-05-17,0,0,False,False,121738.00999999998,Current,DEBT_CONSOLIDATION
LN-509541,CUST-101977,2025-05-17,0,0,False,False,24829.422499999997,Current,DEBT_CONSOLIDATION
LN-509542,CUST-105620,2025-05-17,0,0,False,False,5593.894999999993,Current,DEBT_CONSOLIDATION
LN-509543,CUST-104640,2025-05-17,0,0,False,False,9086.940000000006,Current,DEBT_CONSOLIDATION
LN-509544,CUST-100344,2025-05-17,0,0,False,False,4811.32,Current,DEBT_CONSOLIDATION
LN-509545,CUST-105724,2025-05-17,0,0,False,False,19268.93999999998,Current,DEBT_CONSOLIDATION
LN-509546,CUST-101458,2025-05-17,0,0,False,False,567124.8924999997,Current,DEBT_CONSOLIDATION
LN-509547,CUST-102871,2025-05-17,0,0,False,False,2135.8349999999996,Current,DEBT_CONSOLIDATION
LN-509548,CUST-106725,2025-05-17,0,0,False,False,3434.3849999999993,Current,DEBT_CONSOLIDATION
LN-509549,CUST-100842,2025-05-17,0,0,False,False,40017.34499999998,Current,DEBT_CONSOLIDATION
LN-509550,CUST-106908,2025-05-17,0,0,False,False,26534.902499999997,Current,DEBT_CONSOLIDATION
LN-509551,CUST-102112,2025-05-17,0,0,False,False,20251.517499999994,Current,DEBT_CONSOLIDATION
LN-509552,CUST-100882,2025-05-17,0,0,False,False,33501.77999999997,Current,DEBT_CONSOLIDATION
LN-509553,CUST-104882,2025-05-17,0,0,False,False,7910.097499999996,Current,DEBT_CONSOLIDATION
LN-509554,CUST-103787,2025-05-17,0,0,False,False,36950.04000000001,Current,DEBT_CONSOLIDATION
LN-509556,CUST-106536,2025-05-17,2,54,False,False,29272.894999999993,30-59,DEBT_CONSOLIDATION
LN-509557,CUST-102588,2025-05-17,0,0,False,False,57120.00999999998,Current,DEBT_CONSOLIDATION
LN-509558,CUST-102972,2025-05-17,0,0,False,False,17288.54,Current,DEBT_CONSOLIDATION
LN-509559,CUST-102722,2025-05-17,0,0,True,False,25830.479999999996,Current,DEBT_CONSOLIDATION
LN-509560,CUST-102261,2025-05-17,0,0,False,False,5303.272500000002,Current,DEBT_CONSOLIDATION
LN-509561,CUST-104595,2025-05-17,0,0,False,False,12496.820000000002,Current,DEBT_CONSOLIDATION
LN-509562,CUST-101778,2025-05-17,0,0,False,False,516.3399999999997,Current,DEBT_CONSOLIDATION
LN-509563,CUST-104903,2025-05-17,3,69,False,False,17725.315,60-89,DEBT_CONSOLIDATION
LN-509564,CUST-102596,2025-05-17,3,77,False,False,34220.159999999996,60-89,DEBT_CONSOLIDATION
LN-509565,CUST-104057,2025-05-17,0,0,False,False,4587.7199999999975,Current,DEBT_CONSOLIDATION
LN-509566,CUST-102964,2025-05-17,0,0,False,False,17407.555000000008,Current,DEBT_CONSOLIDATION
LN-509567,CUST-107561,2025-05-17,0,0,False,False,50498.5375,Current,DEBT_CONSOLIDATION
LN-509568,CUST-103243,2025-05-17,0,0,False,False,30641.204999999994,Current,DEBT_CONSOLIDATION
LN-509569,CUST-106284,2025-05-17,0,0,False,False,27154.725,Current,DEBT_CONSOLIDATION
LN-509570,CUST-103567,2025-05-17,0,0,False,False,90231.79750000004,Current,DEBT_CONSOLIDATION
LN-509571,CUST-106496,2025-05-17,0,0,False,False,45849.422500000044,Current,DEBT_CONSOLIDATION
LN-509572,CUST-102048,2025-05-17,0,0,False,False,33219.780000000035,Current,DEBT_CONSOLIDATION
LN-509573,CUST-105688,2025-05-17,0,0,False,False,3687.2075000000004,Current,DEBT_CONSOLIDATION
LN-509574,CUST-103907,2025-05-17,4,92,False,False,4498.170000000001,90+,DEBT_CONSOLIDATION
LN-509575,CUST-101420,2025-05-17,0,0,False,False,6026.2325,Current,DEBT_CONSOLIDATION
LN-509576,CUST-104940,2025-05-17,0,0,True,False,50778.384999999995,Current,DEBT_CONSOLIDATION
LN-509577,CUST-102896,2025-05-17,0,0,False,False,42152.52999999998,Current,DEBT_CONSOLIDATION
LN-509578,CUST-103167,2025-05-17,0,0,False,False,16021.35,Current,DEBT_CONSOLIDATION
LN-509579,CUST-104067,2025-05-17,0,0,False,False,2741.317500000001,Current,DEBT_CONSOLIDATION
LN-509580,CUST-107104,2025-05-17,0,0,False,False,32538.625,Current,DEBT_CONSOLIDATION
LN-509581,CUST-103062,2025-05-17,0,0,False,False,372724.80999999976,Current,DEBT_CONSOLIDATION
LN-509582,CUST-103587,2025-05-17,0,0,False,False,212202.79249999992,Current,DEBT_CONSOLIDATION
LN-509583,CUST-106598,2025-05-17,1,25,False,False,36551.945,1-29,DEBT_CONSOLIDATION
LN-509584,CUST-107027,2025-05-17,0,0,False,False,4011.645,Current,DEBT_CONSOLIDATION
LN-509585,CUST-107638,2025-05-17,0,0,False,False,27041.91,Current,DEBT_CONSOLIDATION
LN-509586,CUST-105744,2025-05-17,0,0,False,False,25263.840000000004,Current,DEBT_CONSOLIDATION
LN-509587,CUST-105323,2025-05-17,0,0,False,False,43218.149999999994,Current,DEBT_CONSOLIDATION
LN-509588,CUST-101535,2025-05-17,0,0,False,False,63263.66750000001,Current,DEBT_CONSOLIDATION
LN-509589,CUST-101790,2025-05-17,0,0,False,False,12592.450000000003,Current,DEBT_CONSOLIDATION
LN-509590,CUST-100126,2025-05-17,0,0,False,False,21808.660000000014,Current,DEBT_CONSOLIDATION
LN-509591,CUST-104945,2025-05-17,0,0,False,False,19638.489999999994,Current,DEBT_CONSOLIDATION
LN-509592,CUST-104263,2025-05-17,0,0,False,False,10720.23999999999,Current,DEBT_CONSOLIDATION
LN-509593,CUST-102158,2025-05-17,0,0,False,False,32017.68,Current,DEBT_CONSOLIDATION
LN-509594,CUST-100049,2025-05-17,0,0,False,False,17008.804999999997,Current,DEBT_CONSOLIDATION
LN-509595,CUST-106001,2025-05-17,0,0,False,False,17022.2925,Current,DEBT_CONSOLIDATION
LN-509596,CUST-107573,2025-05-17,0,0,False,False,42411.83499999999,Current,DEBT_CONSOLIDATION
LN-509598,CUST-107501,2025-05-17,0,0,False,False,3917.465000000002,Current,DEBT_CONSOLIDATION
LN-509600,CUST-103943,2025-05-17,0,0,False,False,41085.36000000001,Current,DEBT_CONSOLIDATION
LN-509601,CUST-101108,2025-05-17,0,0,False,False,14627.130000000001,Current,DEBT_CONSOLIDATION
LN-509602,CUST-106654,2025-05-17,0,0,False,False,20623.342500000017,Current,DEBT_CONSOLIDATION
LN-509603,CUST-106220,2025-05-17,0,0,False,False,58155.102500000015,Current,DEBT_CONSOLIDATION
LN-509604,CUST-101262,2025-05-17,0,0,False,False,26351.9375,Current,DEBT_CONSOLIDATION
LN-509605,CUST-101667,2025-05-17,0,0,False,False,52108.435000000005,Current,DEBT_CONSOLIDATION
LN-509606,CUST-105640,2025-05-17,1,27,False,False,28761.045000000006,1-29,DEBT_CONSOLIDATION
LN-509607,CUST-104114,2025-05-17,0,0,False,False,43352.409999999996,Current,DEBT_CONSOLIDATION
LN-509608,CUST-106013,2025-05-17,0,0,False,False,24769.46,Current,DEBT_CONSOLIDATION
LN-509609,CUST-101808,2025-05-17,1,14,True,False,42118.74999999997,1-29,DEBT_CONSOLIDATION
LN-509610,CUST-106669,2025-05-17,4,175,False,False,27760.170000000002,90+,DEBT_CONSOLIDATION
LN-509611,CUST-105153,2025-05-17,0,0,False,False,9014.877499999999,Current,DEBT_CONSOLIDATION
LN-509612,CUST-101132,2025-05-17,0,0,False,False,116605.57749999998,Current,DEBT_CONSOLIDATION
LN-509613,CUST-105628,2025-05-17,0,0,False,False,13869.404999999999,Current,DEBT_CONSOLIDATION
LN-509614,CUST-106286,2025-05-17,0,0,False,False,37280.83,Current,DEBT_CONSOLIDATION
LN-509615,CUST-101448,2025-05-17,0,0,False,False,23583.780000000006,Current,DEBT_CONSOLIDATION
LN-509617,CUST-104011,2025-05-17,0,0,False,False,17395.030000000006,Current,DEBT_CONSOLIDATION
LN-509618,CUST-104347,2025-05-17,0,0,False,False,7837.177500000005,Current,DEBT_CONSOLIDATION
LN-509619,CUST-100583,2025-05-17,0,0,False,False,8894.714999999995,Current,DEBT_CONSOLIDATION
LN-509620,CUST-101806,2025-05-17,0,0,False,False,31420.10250000001,Current,DEBT_CONSOLIDATION
LN-509621,CUST-105162,2025-05-17,4,119,False,False,18552.460000000014,90+,DEBT_CONSOLIDATION
LN-509622,CUST-102648,2025-05-17,0,0,False,False,46206.97750000002,Current,DEBT_CONSOLIDATION
LN-509623,CUST-103750,2025-05-17,1,6,False,False,46809.145000000004,1-29,DEBT_CONSOLIDATION
LN-509625,CUST-103631,2025-05-17,0,0,False,False,41579.245,Current,DEBT_CONSOLIDATION
LN-509626,CUST-100619,2025-05-17,0,0,False,False,35399.27,Current,DEBT_CONSOLIDATION
LN-509627,CUST-102286,2025-05-17,0,0,False,False,10545.799999999994,Current,DEBT_CONSOLIDATION
LN-509629,CUST-104191,2025-05-17,0,0,False,False,39792.769999999975,Current,DEBT_CONSOLIDATION
LN-509630,CUST-107627,2025-05-17,0,0,False,False,38821.81250000003,Current,DEBT_CONSOLIDATION
LN-509631,CUST-103988,2025-05-17,0,0,False,False,11507.339999999993,Current,DEBT_CONSOLIDATION
LN-509632,CUST-101244,2025-05-17,0,0,False,False,2452.5199999999995,Current,DEBT_CONSOLIDATION
LN-509633,CUST-106079,2025-05-17,0,0,False,False,60704.49500000001,Current,DEBT_CONSOLIDATION
LN-509634,CUST-102267,2025-05-17,0,0,False,False,17569.905000000006,Current,DEBT_CONSOLIDATION
LN-509635,CUST-107246,2025-05-17,0,0,False,False,28809.3875,Current,DEBT_CONSOLIDATION
LN-509636,CUST-106180,2025-05-17,0,0,False,False,21883.399999999994,Current,DEBT_CONSOLIDATION
LN-509637,CUST-104695,2025-05-17,0,0,False,False,9312.199999999993,Current,DEBT_CONSOLIDATION
LN-509638,CUST-107888,2025-05-17,0,0,False,False,26754.100000000006,Current,DEBT_CONSOLIDATION
LN-509640,CUST-107995,2025-05-17,0,0,False,False,10624.217500000006,Current,DEBT_CONSOLIDATION
LN-509641,CUST-100902,2025-05-17,0,0,False,False,13032.187500000004,Current,DEBT_CONSOLIDATION
LN-509642,CUST-107899,2025-05-17,0,0,False,False,40311.662500000006,Current,DEBT_CONSOLIDATION
LN-509643,CUST-101713,2025-05-17,0,0,False,False,41288.13999999999,Current,DEBT_CONSOLIDATION
LN-509644,CUST-101574,2025-05-17,0,0,False,False,22679.23499999999,Current,DEBT_CONSOLIDATION
LN-509645,CUST-103916,2025-05-17,1,4,False,False,86039.92749999995,1-29,DEBT_CONSOLIDATION
LN-509646,CUST-104309,2025-05-17,0,0,False,False,39175.61000000002,Current,DEBT_CONSOLIDATION
LN-509647,CUST-106484,2025-05-17,0,0,False,False,42787.15999999999,Current,DEBT_CONSOLIDATION
LN-509648,CUST-106793,2025-05-17,0,0,False,False,12067.205,Current,DEBT_CONSOLIDATION
LN-509649,CUST-101900,2025-05-17,0,0,False,False,6825.7599999999975,Current,DEBT_CONSOLIDATION
LN-509650,CUST-102019,2025-05-17,0,0,False,False,6887.627500000002,Current,DEBT_CONSOLIDATION
LN-509651,CUST-101035,2025-05-17,0,0,False,False,68119.91,Current,DEBT_CONSOLIDATION
LN-509652,CUST-105513,2025-05-17,0,0,False,False,21849.140000000003,Current,DEBT_CONSOLIDATION
LN-509653,CUST-101184,2025-05-17,0,0,False,False,27542.302500000005,Current,DEBT_CONSOLIDATION
LN-509654,CUST-101307,2025-05-17,1,5,False,False,13026.39,1-29,DEBT_CONSOLIDATION
LN-509655,CUST-102721,2025-05-17,0,0,False,False,35471.06999999999,Current,DEBT_CONSOLIDATION
LN-509656,CUST-103519,2025-05-17,0,0,False,False,35751.68500000001,Current,DEBT_CONSOLIDATION
LN-509657,CUST-106593,2025-05-17,0,0,False,False,14902.189999999991,Current,DEBT_CONSOLIDATION
LN-509658,CUST-103257,2025-05-17,0,0,False,False,2376.877500000001,Current,DEBT_CONSOLIDATION
LN-509659,CUST-104482,2025-05-17,0,0,False,False,12962.257500000007,Current,DEBT_CONSOLIDATION
LN-509660,CUST-100000,2025-05-17,0,0,False,False,19906.155000000013,Current,DEBT_CONSOLIDATION
LN-509661,CUST-102106,2025-05-17,0,0,False,False,23979.115,Current,DEBT_CONSOLIDATION
LN-509662,CUST-100503,2025-05-17,0,0,False,False,3398.929999999999,Current,DEBT_CONSOLIDATION
LN-509664,CUST-106160,2025-05-17,0,0,False,False,449011.35999999987,Current,DEBT_CONSOLIDATION
LN-509665,CUST-107563,2025-05-17,0,0,False,False,29042.305,Current,DEBT_CONSOLIDATION
LN-509666,CUST-102838,2025-05-17,0,0,False,False,546863.8700000002,Current,DEBT_CONSOLIDATION
LN-509667,CUST-102534,2025-05-17,0,0,False,False,13262.615000000005,Current,DEBT_CONSOLIDATION
LN-509668,CUST-107847,2025-05-17,0,0,False,False,6171.385000000003,Current,DEBT_CONSOLIDATION
LN-509669,CUST-105117,2025-05-17,0,0,False,False,11627.200000000003,Current,DEBT_CONSOLIDATION
LN-509670,CUST-107785,2025-05-17,0,0,False,False,8757.260000000004,Current,DEBT_CONSOLIDATION
LN-509671,CUST-105195,2025-05-17,0,0,False,False,23907.289999999997,Current,DEBT_CONSOLIDATION
LN-509672,CUST-102940,2025-05-17,0,0,False,False,16698.95500000001,Current,DEBT_CONSOLIDATION
LN-509673,CUST-107170,2025-05-17,0,0,False,False,7214.215000000004,Current,DEBT_CONSOLIDATION
LN-509674,CUST-105995,2025-05-17,0,0,False,False,18156.840000000015,Current,DEBT_CONSOLIDATION
LN-509675,CUST-107978,2025-05-17,0,0,False,False,41327.87,Current,DEBT_CONSOLIDATION
LN-509676,CUST-101967,2025-05-17,0,0,False,False,29517.459999999977,Current,DEBT_CONSOLIDATION
LN-509677,CUST-106613,2025-05-17,0,0,False,False,9555.157499999998,Current,DEBT_CONSOLIDATION
LN-509678,CUST-100488,2025-05-17,0,0,False,False,13115.739999999996,Current,DEBT_CONSOLIDATION
LN-509679,CUST-103293,2025-05-17,0,0,False,False,2581.51,Current,DEBT_CONSOLIDATION
LN-509680,CUST-102480,2025-05-17,0,0,False,False,46769.4975,Current,DEBT_CONSOLIDATION
LN-509681,CUST-106764,2025-05-17,0,0,False,False,44749.37249999999,Current,DEBT_CONSOLIDATION
LN-509683,CUST-102576,2025-05-17,4,146,False,False,40147.265,90+,DEBT_CONSOLIDATION
LN-509684,CUST-105598,2025-05-17,0,0,False,False,5744.889999999999,Current,DEBT_CONSOLIDATION
LN-509685,CUST-105332,2025-05-17,0,0,False,False,42801.08500000001,Current,DEBT_CONSOLIDATION
LN-509686,CUST-107007,2025-05-17,0,0,False,False,23947.365000000005,Current,DEBT_CONSOLIDATION
LN-509687,CUST-106143,2025-05-17,0,0,False,False,14447.445,Current,DEBT_CONSOLIDATION
LN-509688,CUST-106395,2025-05-17,0,0,False,False,10437.092499999997,Current,DEBT_CONSOLIDATION
LN-509689,CUST-100943,2025-05-17,0,0,False,False,7021.79,Current,DEBT_CONSOLIDATION
LN-509690,CUST-106474,2025-05-17,4,134,False,False,33321.529999999984,90+,DEBT_CONSOLIDATION
LN-509691,CUST-105765,2025-05-17,0,0,False,False,42183.362499999996,Current,DEBT_CONSOLIDATION
LN-509692,CUST-106220,2025-05-17,0,0,False,False,455669.75,Current,DEBT_CONSOLIDATION
LN-509693,CUST-107852,2025-05-17,0,0,False,False,130755.66499999995,Current,DEBT_CONSOLIDATION
LN-509695,CUST-105909,2025-05-17,0,0,False,False,3638.879999999997,Current,DEBT_CONSOLIDATION
LN-509696,CUST-100363,2025-05-17,0,0,False,True,2107.7774999999997,Current,DEBT_CONSOLIDATION
LN-509697,CUST-101679,2025-05-17,0,0,False,False,47128.01499999999,Current,DEBT_CONSOLIDATION
LN-509698,CUST-102830,2025-05-17,0,0,True,False,8293.010000000002,Current,DEBT_CONSOLIDATION
LN-509699,CUST-106992,2025-05-17,0,0,False,False,10238.029999999997,Current,DEBT_CONSOLIDATION
LN-509700,CUST-101602,2025-05-17,0,0,False,False,1479.2299999999998,Current,DEBT_CONSOLIDATION
LN-509701,CUST-107500,2025-05-17,0,0,False,False,25406.785000000003,Current,DEBT_CONSOLIDATION
LN-509702,CUST-102577,2025-05-17,0,0,False,False,33322.79250000002,Current,DEBT_CONSOLIDATION
LN-509703,CUST-106679,2025-05-17,0,0,False,False,49651.52,Current,DEBT_CONSOLIDATION
LN-509705,CUST-103333,2025-05-17,0,0,False,False,32138.985,Current,DEBT_CONSOLIDATION
LN-509706,CUST-101860,2025-05-17,0,0,False,False,8613.539999999999,Current,DEBT_CONSOLIDATION
LN-509707,CUST-103748,2025-05-17,0,0,True,False,34047.64,Current,DEBT_CONSOLIDATION
LN-509708,CUST-107722,2025-05-17,0,0,False,False,37475.69500000003,Current,DEBT_CONSOLIDATION
LN-509709,CUST-104219,2025-05-17,0,0,False,False,40338.88,Current,DEBT_CONSOLIDATION
LN-509710,CUST-103918,2025-05-17,0,0,False,False,10322.095000000001,Current,DEBT_CONSOLIDATION
LN-509711,CUST-106028,2025-05-17,0,0,False,False,22111.66000000002,Current,DEBT_CONSOLIDATION
LN-509712,CUST-102049,2025-05-17,0,0,False,False,3230.64,Current,DEBT_CONSOLIDATION
LN-509713,CUST-102055,2025-05-17,0,0,False,False,45911.56499999999,Current,DEBT_CONSOLIDATION
LN-509714,CUST-105096,2025-05-17,0,0,False,False,11665.905,Current,DEBT_CONSOLIDATION
LN-509716,CUST-102140,2025-05-17,0,0,False,False,20896.7075,Current,DEBT_CONSOLIDATION
LN-509717,CUST-103006,2025-05-17,0,0,False,False,28732.452500000003,Current,DEBT_CONSOLIDATION
LN-509718,CUST-103271,2025-05-17,0,0,False,False,22436.717500000002,Current,DEBT_CONSOLIDATION
LN-509719,CUST-104442,2025-05-17,0,0,False,False,24671.249999999996,Current,DEBT_CONSOLIDATION
LN-509720,CUST-102277,2025-05-17,0,0,False,False,1752.0974999999994,Current,DEBT_CONSOLIDATION
LN-509721,CUST-104288,2025-05-17,0,0,False,False,19963.352500000005,Current,DEBT_CONSOLIDATION
LN-509722,CUST-102152,2025-05-17,0,0,False,False,17028.300000000007,Current,DEBT_CONSOLIDATION
LN-509723,CUST-106689,2025-05-17,2,52,False,False,10781.929999999995,30-59,DEBT_CONSOLIDATION
LN-509724,CUST-107291,2025-05-17,0,0,False,False,14939.95,Current,DEBT_CONSOLIDATION
LN-509725,CUST-100502,2025-05-17,0,0,False,False,40554.32000000001,Current,DEBT_CONSOLIDATION
LN-509726,CUST-105431,2025-05-17,0,0,False,False,211492.93250000005,Current,DEBT_CONSOLIDATION
LN-509727,CUST-100171,2025-05-17,0,0,False,False,13350.514999999989,Current,DEBT_CONSOLIDATION
LN-509728,CUST-103051,2025-05-17,0,0,False,False,34857.92999999999,Current,DEBT_CONSOLIDATION
LN-509730,CUST-105726,2025-05-17,0,0,False,False,10673.33,Current,DEBT_CONSOLIDATION
LN-509731,CUST-104578,2025-05-17,1,9,False,False,27069.65750000002,1-29,DEBT_CONSOLIDATION
LN-509733,CUST-107592,2025-05-17,0,0,False,False,34325.04,Current,DEBT_CONSOLIDATION
LN-509734,CUST-101894,2025-05-17,0,0,False,False,17846.597499999993,Current,DEBT_CONSOLIDATION
LN-509735,CUST-107029,2025-05-17,0,0,False,False,19329.579999999998,Current,DEBT_CONSOLIDATION
LN-509737,CUST-102793,2025-05-17,0,0,False,False,39030.75,Current,DEBT_CONSOLIDATION
LN-509738,CUST-105948,2025-05-17,0,0,False,False,27517.062500000004,Current,DEBT_CONSOLIDATION
LN-509739,CUST-100417,2025-05-17,0,0,False,False,10488.504999999996,Current,DEBT_CONSOLIDATION
LN-509740,CUST-105527,2025-05-17,0,0,False,False,6517.7825,Current,DEBT_CONSOLIDATION
LN-509741,CUST-104242,2025-05-17,0,0,False,False,29604.205,Current,DEBT_CONSOLIDATION
LN-509742,CUST-103292,2025-05-17,0,0,False,False,31570.957500000004,Current,DEBT_CONSOLIDATION
LN-509743,CUST-101608,2025-05-17,1,16,False,False,25662.715000000004,1-29,DEBT_CONSOLIDATION
LN-509744,CUST-101828,2025-05-17,0,0,False,False,37276.53,Current,DEBT_CONSOLIDATION
LN-509745,CUST-107736,2025-05-17,0,0,False,False,36025.67499999999,Current,DEBT_CONSOLIDATION
LN-509746,CUST-104920,2025-05-17,0,0,False,False,75596.65,Current,DEBT_CONSOLIDATION
LN-509747,CUST-106028,2025-05-17,0,0,False,False,9500.06,Current,DEBT_CONSOLIDATION
LN-509748,CUST-101037,2025-05-17,0,0,False,False,32936.307500000046,Current,DEBT_CONSOLIDATION
LN-509749,CUST-101107,2025-05-17,0,0,False,False,13383.635000000002,Current,DEBT_CONSOLIDATION
LN-509750,CUST-101519,2025-05-17,0,0,False,False,10912.720000000001,Current,DEBT_CONSOLIDATION
LN-509751,CUST-102038,2025-05-17,0,0,False,False,12621.952499999998,Current,DEBT_CONSOLIDATION
LN-509752,CUST-102614,2025-05-17,0,0,False,False,137999.83,Current,DEBT_CONSOLIDATION
LN-509753,CUST-104907,2025-05-17,0,0,False,False,10076.51,Current,DEBT_CONSOLIDATION
LN-509754,CUST-107156,2025-05-17,0,0,False,False,15337.04,Current,DEBT_CONSOLIDATION
LN-509755,CUST-103156,2025-05-17,0,0,False,False,36774.064999999995,Current,DEBT_CONSOLIDATION
LN-509756,CUST-106320,2025-05-17,0,0,False,False,11782.2425,Current,DEBT_CONSOLIDATION
LN-509757,CUST-103813,2025-05-17,0,0,False,False,43272.75,Current,DEBT_CONSOLIDATION
LN-509758,CUST-107560,2025-05-17,0,0,False,False,10441.700000000008,Current,DEBT_CONSOLIDATION
LN-509759,CUST-102993,2025-05-17,0,0,False,False,37997.38999999999,Current,DEBT_CONSOLIDATION
LN-509760,CUST-104373,2025-05-17,0,0,False,False,9030.715000000006,Current,DEBT_CONSOLIDATION
LN-509761,CUST-100390,2025-05-17,0,0,False,False,18984.42999999999,Current,DEBT_CONSOLIDATION
LN-509762,CUST-103634,2025-05-17,0,0,False,False,13742.362499999992,Current,DEBT_CONSOLIDATION
LN-509763,CUST-103105,2025-05-17,0,0,False,False,9890.83499999999,Current,DEBT_CONSOLIDATION
LN-509764,CUST-104886,2025-05-17,0,0,False,False,14902.760000000002,Current,DEBT_CONSOLIDATION
LN-509765,CUST-102075,2025-05-17,0,0,False,False,17989.63499999999,Current,DEBT_CONSOLIDATION
LN-509766,CUST-105638,2025-05-17,0,0,False,False,19983.65000000001,Current,DEBT_CONSOLIDATION
LN-509767,CUST-104839,2025-05-17,1,17,False,False,562267.4600000002,1-29,DEBT_CONSOLIDATION
LN-509768,CUST-107366,2025-05-17,0,0,False,False,41082.79749999999,Current,DEBT_CONSOLIDATION
LN-509769,CUST-103677,2025-05-17,0,0,False,False,47600.06000000003,Current,DEBT_CONSOLIDATION
LN-509770,CUST-103153,2025-05-17,0,0,False,False,18699.849999999988,Current,DEBT_CONSOLIDATION
LN-509771,CUST-105207,2025-05-17,0,0,False,False,565074.55,Current,DEBT_CONSOLIDATION
LN-509772,CUST-107557,2025-05-17,0,0,False,False,19730.61,Current,DEBT_CONSOLIDATION
LN-509773,CUST-105817,2025-05-17,0,0,False,False,14532.4075,Current,DEBT_CONSOLIDATION
LN-509774,CUST-101778,2025-05-17,0,0,False,False,21173.140000000003,Current,DEBT_CONSOLIDATION
LN-509775,CUST-104675,2025-05-17,0,0,False,False,15060.929999999993,Current,DEBT_CONSOLIDATION
LN-509776,CUST-103894,2025-05-17,0,0,False,False,35009.45999999999,Current,DEBT_CONSOLIDATION
LN-509777,CUST-102498,2025-05-17,0,0,False,False,44971.11000000002,Current,DEBT_CONSOLIDATION
LN-509778,CUST-104528,2025-05-17,0,0,False,False,21033.84500000001,Current,DEBT_CONSOLIDATION
LN-509779,CUST-100373,2025-05-17,3,61,False,False,5199.545,60-89,DEBT_CONSOLIDATION
LN-509780,CUST-106578,2025-05-17,0,0,False,False,22606.927500000013,Current,DEBT_CONSOLIDATION
LN-509782,CUST-106137,2025-05-17,0,0,False,False,26556.722499999996,Current,DEBT_CONSOLIDATION
LN-509783,CUST-107557,2025-05-17,0,0,False,False,19896.58499999999,Current,DEBT_CONSOLIDATION
LN-509784,CUST-101131,2025-05-17,0,0,False,False,8821.81999999999,Current,DEBT_CONSOLIDATION
LN-509785,CUST-101842,2025-05-17,0,0,False,False,18908.094999999987,Current,DEBT_CONSOLIDATION
LN-509786,CUST-101573,2025-05-17,0,0,False,False,45578.290000000015,Current,DEBT_CONSOLIDATION
LN-509787,CUST-106026,2025-05-17,0,0,False,False,18121.37,Current,DEBT_CONSOLIDATION
LN-509788,CUST-105043,2025-05-17,0,0,False,False,21372.33500000001,Current,DEBT_CONSOLIDATION
LN-509789,CUST-104444,2025-05-17,0,0,False,False,16478.709999999985,Current,DEBT_CONSOLIDATION
LN-509790,CUST-100787,2025-05-17,0,0,False,False,31478.74499999999,Current,DEBT_CONSOLIDATION
LN-509791,CUST-104121,2025-05-17,0,0,False,False,58421.76750000001,Current,DEBT_CONSOLIDATION
LN-509792,CUST-105167,2025-05-17,0,0,False,False,17013.120000000014,Current,DEBT_CONSOLIDATION
LN-509793,CUST-104954,2025-05-17,0,0,False,False,26806.749999999993,Current,DEBT_CONSOLIDATION
LN-509794,CUST-100369,2025-05-17,3,82,False,False,11436.369999999999,60-89,DEBT_CONSOLIDATION
LN-509795,CUST-107181,2025-05-17,0,0,False,False,1580.9999999999998,Current,DEBT_CONSOLIDATION
LN-509796,CUST-105731,2025-05-17,0,0,False,False,5547.397500000004,Current,DEBT_CONSOLIDATION
LN-509797,CUST-105306,2025-05-17,0,0,False,False,23234.332499999997,Current,DEBT_CONSOLIDATION
LN-509798,CUST-104979,2025-05-17,0,0,False,False,12613.9125,Current,DEBT_CONSOLIDATION
LN-509799,CUST-106010,2025-05-17,0,0,False,False,32943.784999999996,Current,DEBT_CONSOLIDATION
LN-509800,CUST-104374,2025-05-17,0,0,False,False,31338.5,Current,DEBT_CONSOLIDATION
LN-509801,CUST-106484,2025-05-17,0,0,False,False,8565.3,Current,DEBT_CONSOLIDATION
LN-509802,CUST-105447,2025-05-17,0,0,False,False,407449.81249999994,Current,DEBT_CONSOLIDATION
LN-509803,CUST-101702,2025-05-17,0,0,False,False,4973.05,Current,DEBT_CONSOLIDATION
LN-509804,CUST-101928,2025-05-17,0,0,False,False,20522.61,Current,DEBT_CONSOLIDATION
LN-509805,CUST-104055,2025-05-17,0,0,False,False,635291.0625,Current,DEBT_CONSOLIDATION
LN-509806,CUST-100606,2025-05-17,0,0,False,False,13308.364999999994,Current,DEBT_CONSOLIDATION
LN-509807,CUST-105144,2025-05-17,3,62,False,False,47860.10999999998,60-89,DEBT_CONSOLIDATION
LN-509808,CUST-102576,2025-05-17,0,0,False,False,13142.865000000003,Current,DEBT_CONSOLIDATION
LN-509809,CUST-106569,2025-05-17,0,0,False,False,2967.050000000001,Current,DEBT_CONSOLIDATION
LN-509810,CUST-104124,2025-05-17,0,0,False,False,120189.10999999997,Current,DEBT_CONSOLIDATION
LN-509811,CUST-105051,2025-05-17,0,0,False,False,18049.929999999997,Current,DEBT_CONSOLIDATION
LN-509812,CUST-101876,2025-05-17,0,0,False,False,28176.065,Current,DEBT_CONSOLIDATION
LN-509813,CUST-106456,2025-05-17,0,0,False,False,37893.4825,Current,DEBT_CONSOLIDATION
LN-509814,CUST-100583,2025-05-17,0,0,False,True,6709.1550000000025,Current,DEBT_CONSOLIDATION
LN-509815,CUST-105389,2025-05-17,0,0,False,False,25464.437499999993,Current,DEBT_CONSOLIDATION
LN-509816,CUST-102809,2025-05-17,0,0,False,False,32474.19,Current,DEBT_CONSOLIDATION
LN-509817,CUST-106438,2025-05-17,0,0,False,False,10855.590000000007,Current,DEBT_CONSOLIDATION
LN-509818,CUST-100655,2025-05-17,2,33,False,False,11057.760000000006,30-59,DEBT_CONSOLIDATION
LN-509819,CUST-104881,2025-05-17,0,0,False,False,14000.735000000008,Current,DEBT_CONSOLIDATION
LN-509820,CUST-100222,2025-05-17,0,0,False,False,88730.08750000001,Current,DEBT_CONSOLIDATION
LN-509821,CUST-102122,2025-05-17,0,0,False,False,41267.51000000002,Current,DEBT_CONSOLIDATION
LN-509822,CUST-106245,2025-05-17,0,0,False,False,9650.320000000002,Current,DEBT_CONSOLIDATION
LN-509823,CUST-107699,2025-05-17,0,0,False,False,12869.309999999992,Current,DEBT_CONSOLIDATION
LN-509824,CUST-107796,2025-05-17,0,0,False,False,34114.71,Current,DEBT_CONSOLIDATION
LN-509825,CUST-107853,2025-05-17,0,0,False,False,48441.362499999996,Current,DEBT_CONSOLIDATION
LN-509826,CUST-102220,2025-05-17,0,0,False,False,28461.91,Current,DEBT_CONSOLIDATION
LN-509827,CUST-105123,2025-05-17,0,0,False,False,37436.377499999995,Current,DEBT_CONSOLIDATION
LN-509828,CUST-105779,2025-05-17,0,0,False,False,14005.689999999995,Current,DEBT_CONSOLIDATION
LN-509830,CUST-105745,2025-05-17,0,0,False,False,10590.68500000001,Current,DEBT_CONSOLIDATION
LN-509831,CUST-104928,2025-05-17,0,0,False,False,14949.695,Current,DEBT_CONSOLIDATION
LN-509832,CUST-105099,2025-05-17,0,0,False,False,23529.18000000001,Current,DEBT_CONSOLIDATION
LN-509833,CUST-103985,2025-05-17,0,0,False,False,14917.410000000002,Current,DEBT_CONSOLIDATION
LN-509834,CUST-100166,2025-05-17,0,0,False,False,47539.62250000002,Current,DEBT_CONSOLIDATION
LN-509835,CUST-106443,2025-05-17,0,0,False,False,32225.335,Current,DEBT_CONSOLIDATION
LN-509836,CUST-102016,2025-05-17,0,0,False,False,20766.28,Current,DEBT_CONSOLIDATION
LN-509837,CUST-100117,2025-05-17,0,0,False,False,962.7524999999999,Current,DEBT_CONSOLIDATION
LN-509838,CUST-106755,2025-05-17,0,0,False,False,13696.787499999999,Current,DEBT_CONSOLIDATION
LN-509839,CUST-101809,2025-05-17,0,0,False,False,5391.6525,Current,DEBT_CONSOLIDATION
LN-509840,CUST-107342,2025-05-17,0,0,False,False,16159.004999999988,Current,DEBT_CONSOLIDATION
LN-509841,CUST-102206,2025-05-17,0,0,False,False,18263.71999999998,Current,DEBT_CONSOLIDATION
LN-509842,CUST-105503,2025-05-17,0,0,False,False,12676.909999999994,Current,DEBT_CONSOLIDATION
LN-509843,CUST-101250,2025-05-17,1,17,False,False,45803.64999999998,1-29,DEBT_CONSOLIDATION
LN-509844,CUST-104006,2025-05-17,0,0,False,False,9062.319999999998,Current,DEBT_CONSOLIDATION
LN-509845,CUST-103109,2025-05-17,0,0,False,False,6603.264999999998,Current,DEBT_CONSOLIDATION
LN-509846,CUST-104558,2025-05-17,0,0,False,False,12933.204999999998,Current,DEBT_CONSOLIDATION
LN-509847,CUST-107598,2025-05-17,2,38,False,False,1709.38,30-59,DEBT_CONSOLIDATION
LN-509848,CUST-105829,2025-05-17,0,0,False,False,12986.98,Current,DEBT_CONSOLIDATION
LN-509850,CUST-102151,2025-05-17,0,0,False,False,9372.404999999995,Current,DEBT_CONSOLIDATION
LN-509851,CUST-105077,2025-05-17,0,0,False,False,16837.000000000022,Current,DEBT_CONSOLIDATION
LN-509852,CUST-107360,2025-05-17,0,0,False,False,99941.75000000001,Current,DEBT_CONSOLIDATION
LN-509853,CUST-102297,2025-05-17,0,0,False,False,32597.28,Current,DEBT_CONSOLIDATION
LN-509854,CUST-101036,2025-05-17,0,0,False,False,18215.55,Current,DEBT_CONSOLIDATION
LN-509855,CUST-102614,2025-05-17,0,0,False,False,7902.550000000006,Current,DEBT_CONSOLIDATION
LN-509856,CUST-101879,2025-05-17,0,0,False,False,17412.085,Current,DEBT_CONSOLIDATION
LN-509857,CUST-100596,2025-05-17,0,0,False,False,10555.83500000001,Current,DEBT_CONSOLIDATION
LN-509858,CUST-100620,2025-05-17,0,0,False,False,5635.467500000001,Current,DEBT_CONSOLIDATION
LN-509859,CUST-106698,2025-05-17,0,0,False,False,26184.629999999997,Current,DEBT_CONSOLIDATION
LN-509860,CUST-105507,2025-05-17,0,0,False,False,19345.640000000007,Current,DEBT_CONSOLIDATION
LN-509861,CUST-100070,2025-05-17,1,25,False,False,37225.045000000006,1-29,DEBT_CONSOLIDATION
LN-509862,CUST-105051,2025-05-17,0,0,False,False,331251.68000000017,Current,DEBT_CONSOLIDATION
LN-509863,CUST-101803,2025-05-17,0,0,False,False,9933.207500000006,Current,DEBT_CONSOLIDATION
LN-509864,CUST-107116,2025-05-17,0,0,False,False,39294.69,Current,DEBT_CONSOLIDATION
LN-509865,CUST-104533,2025-05-17,2,34,False,False,3202.042500000001,30-59,DEBT_CONSOLIDATION
LN-509866,CUST-101067,2025-05-17,0,0,False,False,273931.8100000001,Current,DEBT_CONSOLIDATION
LN-509868,CUST-101925,2025-05-17,1,30,False,False,8425.81250000001,1-29,DEBT_CONSOLIDATION
LN-509869,CUST-101037,2025-05-17,0,0,False,False,15876.470000000012,Current,DEBT_CONSOLIDATION
LN-509870,CUST-103442,2025-05-17,0,0,False,False,7657.175000000001,Current,DEBT_CONSOLIDATION
LN-509871,CUST-101402,2025-05-17,0,0,False,False,14705.795000000002,Current,DEBT_CONSOLIDATION
LN-509872,CUST-102361,2025-05-17,0,0,False,False,389416.0125,Current,DEBT_CONSOLIDATION
LN-509873,CUST-101438,2025-05-17,0,0,False,False,20121.485000000004,Current,DEBT_CONSOLIDATION
LN-509874,CUST-103811,2025-05-17,0,0,False,False,31214.49,Current,DEBT_CONSOLIDATION
LN-509875,CUST-100484,2025-05-17,0,0,False,False,36859.63000000002,Current,DEBT_CONSOLIDATION
LN-509876,CUST-104264,2025-05-17,0,0,False,False,7495.960000000001,Current,DEBT_CONSOLIDATION
LN-509877,CUST-107031,2025-05-17,0,0,False,False,12381.630000000012,Current,DEBT_CONSOLIDATION
LN-509878,CUST-104898,2025-05-17,0,0,False,False,18001.270000000008,Current,DEBT_CONSOLIDATION
LN-509879,CUST-106409,2025-05-17,0,0,False,False,23394.357500000013,Current,DEBT_CONSOLIDATION
LN-509880,CUST-104944,2025-05-17,0,0,False,False,17115.120000000003,Current,DEBT_CONSOLIDATION
LN-509883,CUST-105789,2025-05-17,0,0,False,False,4674.64,Current,DEBT_CONSOLIDATION
LN-509884,CUST-103371,2025-05-17,0,0,False,False,9155.784999999994,Current,DEBT_CONSOLIDATION
LN-509885,CUST-101350,2025-05-17,0,0,False,False,14540.489999999998,Current,DEBT_CONSOLIDATION
LN-509886,CUST-100529,2025-05-17,0,0,False,False,137004.4749999998,Current,DEBT_CONSOLIDATION
LN-509887,CUST-105714,2025-05-17,0,0,False,False,21379.9825,Current,DEBT_CONSOLIDATION
LN-509889,CUST-103814,2025-05-17,0,0,False,False,2995.1200000000013,Current,DEBT_CONSOLIDATION
LN-509890,CUST-107147,2025-05-17,0,0,False,False,123097.95000000001,Current,DEBT_CONSOLIDATION
LN-509892,CUST-101788,2025-05-17,0,0,False,False,36562.059999999976,Current,DEBT_CONSOLIDATION
LN-509893,CUST-101702,2025-05-17,0,0,False,False,101510.7975,Current,DEBT_CONSOLIDATION
LN-509894,CUST-103625,2025-05-17,0,0,False,False,4700.590000000002,Current,DEBT_CONSOLIDATION
LN-509895,CUST-103320,2025-05-17,0,0,False,False,24431.54999999999,Current,DEBT_CONSOLIDATION
LN-509896,CUST-100759,2025-05-17,0,0,False,False,211856.21000000008,Current,DEBT_CONSOLIDATION
LN-509897,CUST-101403,2025-05-17,0,0,False,False,39263.46000000002,Current,DEBT_CONSOLIDATION
LN-509898,CUST-100797,2025-05-17,0,0,False,False,16452.124999999996,Current,DEBT_CONSOLIDATION
LN-509899,CUST-100531,2025-05-17,0,0,False,False,34187.065,Current,DEBT_CONSOLIDATION
LN-509900,CUST-101917,2025-05-17,0,0,False,False,17415.472499999996,Current,DEBT_CONSOLIDATION
LN-509901,CUST-104959,2025-05-17,0,0,False,False,12760.027500000002,Current,DEBT_CONSOLIDATION
LN-509902,CUST-107548,2025-05-17,0,0,False,False,27267.79,Current,DEBT_CONSOLIDATION
LN-509903,CUST-104137,2025-05-17,0,0,False,False,31953.137500000004,Current,DEBT_CONSOLIDATION
LN-509904,CUST-103416,2025-05-17,0,0,False,False,90739.76249999992,Current,DEBT_CONSOLIDATION
LN-509905,CUST-100598,2025-05-17,0,0,False,False,121230.50499999989,Current,DEBT_CONSOLIDATION
LN-509906,CUST-107428,2025-05-17,1,6,False,False,52435.505000000005,1-29,DEBT_CONSOLIDATION
LN-509907,CUST-100305,2025-05-17,0,0,False,False,71532.3800000001,Current,DEBT_CONSOLIDATION
LN-509908,CUST-104904,2025-05-17,0,0,False,False,12847.809999999994,Current,DEBT_CONSOLIDATION
LN-509909,CUST-105359,2025-05-17,0,0,False,False,12568.827500000003,Current,DEBT_CONSOLIDATION
LN-509910,CUST-100678,2025-05-17,0,0,False,False,41665.49000000002,Current,DEBT_CONSOLIDATION
LN-509911,CUST-103384,2025-05-17,0,0,False,False,23914.577500000003,Current,DEBT_CONSOLIDATION
LN-509912,CUST-100730,2025-05-17,0,0,False,False,29033.005,Current,DEBT_CONSOLIDATION
LN-509914,CUST-102025,2025-05-17,0,0,False,False,81218.53999999998,Current,DEBT_CONSOLIDATION
LN-509915,CUST-105028,2025-05-17,0,0,False,False,19184.31000000001,Current,DEBT_CONSOLIDATION
LN-509916,CUST-104998,2025-05-17,0,0,False,False,18187.72000000002,Current,DEBT_CONSOLIDATION
LN-509917,CUST-104228,2025-05-17,0,0,False,False,46360.464999999975,Current,DEBT_CONSOLIDATION
LN-509918,CUST-102766,2025-05-17,3,84,False,False,2070.0550000000003,60-89,DEBT_CONSOLIDATION
LN-509919,CUST-102098,2025-05-17,0,0,False,False,39316.04000000001,Current,DEBT_CONSOLIDATION
LN-509920,CUST-106761,2025-05-17,0,0,False,False,7599.830000000002,Current,DEBT_CONSOLIDATION
LN-509921,CUST-100391,2025-05-17,0,0,False,False,13602.989999999998,Current,DEBT_CONSOLIDATION
LN-509922,CUST-102743,2025-05-17,0,0,False,False,64104.89500000001,Current,DEBT_CONSOLIDATION
LN-509923,CUST-103784,2025-05-17,0,0,False,False,8873.074999999997,Current,DEBT_CONSOLIDATION
LN-509924,CUST-106666,2025-05-17,0,0,False,False,120607.21999999999,Current,DEBT_CONSOLIDATION
LN-509925,CUST-103837,2025-05-17,4,111,False,False,29271.380000000005,90+,DEBT_CONSOLIDATION
LN-509926,CUST-104603,2025-05-17,0,0,False,False,6060.620000000003,Current,DEBT_CONSOLIDATION
LN-509927,CUST-101685,2025-05-17,0,0,False,False,290538.08,Current,DEBT_CONSOLIDATION
LN-509928,CUST-106497,2025-05-17,0,0,False,False,30012.447500000017,Current,DEBT_CONSOLIDATION
LN-509929,CUST-102914,2025-05-17,0,0,False,False,222698.10000000003,Current,DEBT_CONSOLIDATION
LN-509930,CUST-107116,2025-05-17,0,0,False,False,25587.745000000003,Current,DEBT_CONSOLIDATION
LN-509931,CUST-101418,2025-05-17,0,0,False,False,10120.7275,Current,DEBT_CONSOLIDATION
LN-509932,CUST-105051,2025-05-17,0,0,False,False,18460.624999999993,Current,DEBT_CONSOLIDATION
LN-509933,CUST-104191,2025-05-17,2,54,False,False,25933.61,30-59,DEBT_CONSOLIDATION
LN-509934,CUST-104201,2025-05-17,0,0,False,False,17587.64999999999,Current,DEBT_CONSOLIDATION
LN-509935,CUST-104090,2025-05-17,0,0,False,False,43360.39499999996,Current,DEBT_CONSOLIDATION
LN-509936,CUST-103726,2025-05-17,0,0,False,False,12311.547499999999,Current,DEBT_CONSOLIDATION
LN-509937,CUST-104773,2025-05-17,0,0,False,False,14716.604999999989,Current,DEBT_CONSOLIDATION
LN-509938,CUST-106656,2025-05-17,0,0,False,False,41540.75000000001,Current,DEBT_CONSOLIDATION
LN-509939,CUST-103629,2025-05-17,0,0,False,False,20803.98249999999,Current,DEBT_CONSOLIDATION
LN-509940,CUST-106058,2025-05-17,0,0,False,False,10987.29,Current,DEBT_CONSOLIDATION
LN-509941,CUST-107655,2025-05-17,0,0,False,False,21655.097499999996,Current,DEBT_CONSOLIDATION
LN-509942,CUST-104885,2025-05-17,0,0,False,False,24311.530000000006,Current,DEBT_CONSOLIDATION
LN-509943,CUST-104610,2025-05-17,0,0,False,False,24354.460000000003,Current,DEBT_CONSOLIDATION
LN-509944,CUST-107821,2025-05-17,0,0,False,False,43459.019999999975,Current,DEBT_CONSOLIDATION
LN-509945,CUST-107041,2025-05-17,0,0,False,False,12704.040000000008,Current,DEBT_CONSOLIDATION
LN-509946,CUST-101084,2025-05-17,0,0,False,False,32814.68999999995,Current,DEBT_CONSOLIDATION
LN-509947,CUST-107583,2025-05-17,0,0,False,False,50270.23000000001,Current,DEBT_CONSOLIDATION
LN-509948,CUST-101007,2025-05-17,0,0,False,False,3866.3699999999963,Current,DEBT_CONSOLIDATION
LN-509949,CUST-101317,2025-05-17,0,0,False,False,10783.390000000003,Current,DEBT_CONSOLIDATION
LN-509950,CUST-106880,2025-05-17,0,0,False,False,32909.11500000001,Current,DEBT_CONSOLIDATION
LN-509951,CUST-102349,2025-05-17,0,0,False,False,10893.79,Current,DEBT_CONSOLIDATION
LN-509952,CUST-107337,2025-05-17,0,0,False,False,3626.954999999999,Current,DEBT_CONSOLIDATION
LN-509953,CUST-102693,2025-05-17,0,0,False,False,34967.84,Current,DEBT_CONSOLIDATION
LN-509955,CUST-105528,2025-05-17,0,0,False,False,14948.05000000001,Current,DEBT_CONSOLIDATION
LN-509956,CUST-103722,2025-05-17,2,41,False,False,6927.16,30-59,DEBT_CONSOLIDATION
LN-509957,CUST-103693,2025-05-17,0,0,False,False,44590.54,Current,DEBT_CONSOLIDATION
LN-509958,CUST-107140,2025-05-17,0,0,False,False,18632.785,Current,DEBT_CONSOLIDATION
LN-509959,CUST-104392,2025-05-17,0,0,False,False,8716.219999999996,Current,DEBT_CONSOLIDATION
LN-509960,CUST-104550,2025-05-17,0,0,False,False,17065.76249999999,Current,DEBT_CONSOLIDATION
LN-509961,CUST-107224,2025-05-17,0,0,False,False,17959.14999999999,Current,DEBT_CONSOLIDATION
LN-509963,CUST-107802,2025-05-17,3,74,False,False,48423.61,60-89,DEBT_CONSOLIDATION
LN-509964,CUST-105717,2025-05-17,0,0,False,False,3611.3775000000014,Current,DEBT_CONSOLIDATION
LN-509965,CUST-103247,2025-05-17,0,0,False,False,2156.284999999998,Current,DEBT_CONSOLIDATION
LN-509966,CUST-102598,2025-05-17,0,0,False,False,24156.000000000022,Current,DEBT_CONSOLIDATION
LN-509967,CUST-102185,2025-05-17,0,0,False,False,35354.66,Current,DEBT_CONSOLIDATION
LN-509968,CUST-104052,2025-05-17,4,145,False,False,596663.1975,90+,DEBT_CONSOLIDATION
LN-509969,CUST-104549,2025-05-17,0,0,False,False,11661.33500000001,Current,DEBT_CONSOLIDATION
LN-509970,CUST-103824,2025-05-17,0,0,False,False,17808.415000000008,Current,DEBT_CONSOLIDATION
LN-509971,CUST-101249,2025-05-17,0,0,False,False,34540.265,Current,DEBT_CONSOLIDATION
LN-509972,CUST-106586,2025-05-17,0,0,False,False,21124.7975,Current,DEBT_CONSOLIDATION
LN-509974,CUST-107843,2025-05-17,0,0,False,False,6509.529999999995,Current,DEBT_CONSOLIDATION
LN-509975,CUST-102074,2025-05-17,0,0,False,False,12780.11,Current,DEBT_CONSOLIDATION
LN-509976,CUST-102504,2025-05-17,0,0,False,False,2704.800000000001,Current,DEBT_CONSOLIDATION
LN-509977,CUST-104790,2025-05-17,0,0,False,False,24583.410000000003,Current,DEBT_CONSOLIDATION
LN-509978,CUST-104805,2025-05-17,0,0,False,False,12387.500000000011,Current,DEBT_CONSOLIDATION
LN-509979,CUST-102014,2025-05-17,0,0,False,False,5762.809999999997,Current,DEBT_CONSOLIDATION
LN-509980,CUST-104944,2025-05-17,4,121,False,False,524729.2200000002,90+,DEBT_CONSOLIDATION
LN-509981,CUST-100948,2025-05-17,0,0,False,False,10143.712500000003,Current,DEBT_CONSOLIDATION
LN-509982,CUST-100106,2025-05-17,0,0,False,False,21304.565,Current,DEBT_CONSOLIDATION
LN-509983,CUST-102491,2025-05-17,0,0,False,False,20226.23749999999,Current,DEBT_CONSOLIDATION
LN-509984,CUST-105820,2025-05-17,0,0,False,False,47661.93000000001,Current,DEBT_CONSOLIDATION
LN-509985,CUST-106179,2025-05-17,1,20,False,False,25829.88,1-29,DEBT_CONSOLIDATION
LN-509986,CUST-104692,2025-05-17,0,0,False,False,41358.49500000001,Current,DEBT_CONSOLIDATION
LN-509987,CUST-100154,2025-05-17,0,0,False,False,10838.625000000002,Current,DEBT_CONSOLIDATION
LN-509988,CUST-103240,2025-05-17,0,0,False,False,20820.654999999995,Current,DEBT_CONSOLIDATION
LN-509989,CUST-101570,2025-05-17,0,0,False,False,28831.007499999996,Current,DEBT_CONSOLIDATION
LN-509990,CUST-105539,2025-05-17,0,0,False,False,24854.32,Current,DEBT_CONSOLIDATION
LN-509991,CUST-105303,2025-05-17,0,0,False,False,14233.635,Current,DEBT_CONSOLIDATION
LN-509992,CUST-101634,2025-05-17,0,0,False,False,3446.8799999999974,Current,DEBT_CONSOLIDATION
LN-509993,CUST-105356,2025-05-17,0,0,False,False,24211.32500000001,Current,DEBT_CONSOLIDATION
LN-509994,CUST-101938,2025-05-17,0,0,False,False,6223.437500000002,Current,DEBT_CONSOLIDATION
LN-509995,CUST-101532,2025-05-17,1,23,False,False,49406.59749999999,1-29,DEBT_CONSOLIDATION
LN-509996,CUST-107608,2025-05-17,0,0,False,False,102435.75499999996,Current,DEBT_CONSOLIDATION
LN-509997,CUST-103028,2025-05-17,0,0,False,False,5242.674999999999,Current,DEBT_CONSOLIDATION
LN-509999,CUST-107702,2025-05-17,0,0,False,False,12307.949999999997,Current,DEBT_CONSOLIDATION
LN-510000,CUST-101398,2025-05-17,0,0,False,False,282264.7575,Current,DEBT_CONSOLIDATION
LN-510001,CUST-103397,2025-05-17,0,0,False,False,3884.9350000000013,Current,DEBT_CONSOLIDATION
LN-510002,CUST-105599,2025-05-17,0,0,False,False,15931.235000000002,Current,DEBT_CONSOLIDATION
LN-510003,CUST-104245,2025-05-17,0,0,False,False,18853.819999999996,Current,DEBT_CONSOLIDATION
LN-510004,CUST-104802,2025-05-17,1,13,False,False,33944.130000000034,1-29,DEBT_CONSOLIDATION
LN-510005,CUST-103042,2025-05-17,2,32,False,False,51497.1475,30-59,DEBT_CONSOLIDATION
LN-510006,CUST-101615,2025-05-17,2,40,False,False,40280.21000000001,30-59,DEBT_CONSOLIDATION
LN-510007,CUST-101513,2025-05-17,0,0,False,False,38011.55750000003,Current,DEBT_CONSOLIDATION
LN-510008,CUST-107994,2025-05-17,0,0,False,False,42963.115000000034,Current,DEBT_CONSOLIDATION
LN-510009,CUST-106296,2025-05-17,0,0,False,False,11039.189999999999,Current,DEBT_CONSOLIDATION
LN-510010,CUST-102598,2025-05-17,0,0,False,False,10710.750000000002,Current,DEBT_CONSOLIDATION
LN-510011,CUST-100844,2025-05-17,0,0,False,False,48562.715000000026,Current,DEBT_CONSOLIDATION
LN-510012,CUST-103419,2025-05-17,0,0,False,False,83455.14499999997,Current,DEBT_CONSOLIDATION
LN-510013,CUST-103530,2025-05-17,2,40,False,False,23417.395000000004,30-59,DEBT_CONSOLIDATION
LN-510014,CUST-107369,2025-05-17,0,0,False,False,187691.66999999998,Current,DEBT_CONSOLIDATION
LN-510015,CUST-107590,2025-05-17,0,0,False,False,20450.122499999994,Current,DEBT_CONSOLIDATION
