loan_id,customer_id,snapshot_date,bucket_index,dpd,restructured_flag,fraud_flag,outstanding_balance,delinquency_bucket,loan_purpose_code
LN-500000,CUST-107530,2025-04-27,0,0,False,False,33593.860000000015,Current,DEBT_CONSOLIDATION
LN-500001,CUST-104707,2025-04-27,0,0,False,False,12694.895000000004,Current,DEBT_CONSOLIDATION
LN-500002,CUST-106152,2025-04-27,0,0,False,False,15692.68,Current,DEBT_CONSOLIDATION
LN-500003,CUST-104109,2025-04-27,0,0,False,False,35802.1725,Current,DEBT_CONSOLIDATION
LN-500004,CUST-105507,2025-04-27,0,0,False,False,18046.225000000002,Current,DEBT_CONSOLIDATION
LN-500006,CUST-104241,2025-04-27,1,10,False,False,16292.795000000006,1-29,DEBT_CONSOLIDATION
LN-500009,CUST-104996,2025-04-27,0,0,False,False,40689.44249999999,Current,DEBT_CONSOLIDATION
LN-500010,CUST-103092,2025-04-27,0,0,False,False,10548.394999999999,Current,DEBT_CONSOLIDATION
LN-500011,CUST-107344,2025-04-27,0,0,False,False,24999.51250000001,Current,DEBT_CONSOLIDATION
LN-500012,CUST-102210,2025-04-27,0,0,False,False,3468.3799999999997,Current,DEBT_CONSOLIDATION
LN-500013,CUST-104867,2025-04-27,0,0,False,False,5236.855,Current,DEBT_CONSOLIDATION
LN-500014,CUST-107938,2025-04-27,0,0,False,False,5137.310000000005,Current,DEBT_CONSOLIDATION
LN-500015,CUST-105329,2025-04-27,0,0,False,False,10893.087499999994,Current,DEBT_CONSOLIDATION
LN-500016,CUST-103631,2025-04-27,0,0,False,False,7976.417500000003,Current,DEBT_CONSOLIDATION
LN-500019,CUST-105349,2025-04-27,3,76,False,False,5310.782500000001,60-89,DEBT_CONSOLIDATION
LN-500020,CUST-103961,2025-04-27,0,0,False,False,28985.9525,Current,DEBT_CONSOLIDATION
LN-500021,CUST-100216,2025-04-27,0,0,False,False,9000.189999999995,Current,DEBT_CONSOLIDATION
LN-500022,CUST-102541,2025-04-27,0,0,False,False,10681.429999999993,Current,DEBT_CONSOLIDATION
LN-500023,CUST-101789,2025-04-27,0,0,False,False,47329.325,Current,DEBT_CONSOLIDATION
LN-500024,CUST-106375,2025-04-27,0,0,False,False,9116.205000000002,Current,DEBT_CONSOLIDATION
LN-500025,CUST-102800,2025-04-27,0,0,False,False,3398.1425,Current,DEBT_CONSOLIDATION
LN-500026,CUST-106068,2025-04-27,1,22,False,False,24486.22,1-29,DEBT_CONSOLIDATION
LN-500027,CUST-103608,2025-04-27,1,21,False,False,18464.019999999997,1-29,DEBT_CONSOLIDATION
LN-500028,CUST-105200,2025-04-27,0,0,False,False,4600.62,Current,DEBT_CONSOLIDATION
LN-500029,CUST-102872,2025-04-27,0,0,False,False,2288.4850000000006,Current,DEBT_CONSOLIDATION
LN-500030,CUST-104122,2025-04-27,0,0,False,False,14869.787500000004,Current,DEBT_CONSOLIDATION
LN-500031,CUST-105559,2025-04-27,0,0,False,False,15934.202499999994,Current,DEBT_CONSOLIDATION
LN-500032,CUST-100299,2025-04-27,0,0,False,False,12576.154999999999,Current,DEBT_CONSOLIDATION
LN-500033,CUST-101498,2025-04-27,0,0,False,False,8199.492499999998,Current,DEBT_CONSOLIDATION
LN-500035,CUST-101844,2025-04-27,0,0,False,False,16914.03749999998,Current,DEBT_CONSOLIDATION
LN-500036,CUST-107229,2025-04-27,0,0,False,False,50900.26250000001,Current,DEBT_CONSOLIDATION
LN-500037,CUST-106505,2025-04-27,0,0,False,False,2652.415,Current,DEBT_CONSOLIDATION
LN-500038,CUST-100918,2025-04-27,0,0,False,False,2644.1199999999985,Current,DEBT_CONSOLIDATION
LN-500039,CUST-100339,2025-04-27,0,0,False,False,21471.824999999997,Current,DEBT_CONSOLIDATION
LN-500040,CUST-102235,2025-04-27,2,54,False,False,12626.960000000003,30-59,DEBT_CONSOLIDATION
LN-500041,CUST-107799,2025-04-27,0,0,False,False,30427.78,Current,DEBT_CONSOLIDATION
LN-500042,CUST-107445,2025-04-27,0,0,False,False,33469.42499999997,Current,DEBT_CONSOLIDATION
LN-500043,CUST-102572,2025-04-27,0,0,False,False,13984.510000000002,Current,DEBT_CONSOLIDATION
LN-500044,CUST-100853,2025-04-27,0,0,False,False,9222.662500000008,Current,DEBT_CONSOLIDATION
LN-500045,CUST-107311,2025-04-27,0,0,False,False,594685.3825000001,Current,DEBT_CONSOLIDATION
LN-500046,CUST-101096,2025-04-27,0,0,False,False,21035.102500000005,Current,DEBT_CONSOLIDATION
LN-500047,CUST-100107,2025-04-27,0,0,False,False,10266.320000000003,Current,DEBT_CONSOLIDATION
LN-500048,CUST-100513,2025-04-27,1,26,False,False,1737.5600000000002,1-29,DEBT_CONSOLIDATION
LN-500049,CUST-101729,2025-04-27,0,0,False,False,7927.67,Current,DEBT_CONSOLIDATION
LN-500050,CUST-101980,2025-04-27,0,0,False,False,10630.214999999995,Current,DEBT_CONSOLIDATION
LN-500051,CUST-100919,2025-04-27,0,0,False,False,93277.87750000003,Current,DEBT_CONSOLIDATION
LN-500052,CUST-107189,2025-04-27,0,0,False,False,46783.66500000001,Current,DEBT_CONSOLIDATION
LN-500053,CUST-100357,2025-04-27,0,0,False,False,3910.302499999998,Current,DEBT_CONSOLIDATION
LN-500054,CUST-106827,2025-04-27,0,0,False,False,1977.8099999999995,Current,DEBT_CONSOLIDATION
LN-500056,CUST-102636,2025-04-27,0,0,False,False,20872.9,Current,DEBT_CONSOLIDATION
LN-500057,CUST-104604,2025-04-27,0,0,False,False,16946.304999999993,Current,DEBT_CONSOLIDATION
LN-500058,CUST-104228,2025-04-27,0,0,False,False,19148.58000000002,Current,DEBT_CONSOLIDATION
LN-500060,CUST-101162,2025-04-27,1,16,False,False,31542.62,1-29,DEBT_CONSOLIDATION
LN-500061,CUST-103487,2025-04-27,0,0,False,False,48356.82249999997,Current,DEBT_CONSOLIDATION
LN-500062,CUST-101479,2025-04-27,0,0,False,False,19291.72,Current,DEBT_CONSOLIDATION
LN-500063,CUST-104045,2025-04-27,0,0,False,False,11549.892500000004,Current,DEBT_CONSOLIDATION
LN-500064,CUST-107021,2025-04-27,0,0,False,False,3296.1499999999996,Current,DEBT_CONSOLIDATION
LN-500065,CUST-102639,2025-04-27,0,0,False,False,5150.23,Current,DEBT_CONSOLIDATION
LN-500066,CUST-101369,2025-04-27,0,0,False,False,18009.580000000013,Current,DEBT_CONSOLIDATION
LN-500067,CUST-105071,2025-04-27,0,0,False,False,19961.27,Current,DEBT_CONSOLIDATION
LN-500069,CUST-101492,2025-04-27,0,0,False,False,24148.10500000001,Current,DEBT_CONSOLIDATION
LN-500070,CUST-107422,2025-04-27,0,0,False,False,5259.0300000000025,Current,DEBT_CONSOLIDATION
LN-500071,CUST-103632,2025-04-27,1,5,False,False,17303.182500000003,1-29,DEBT_CONSOLIDATION
LN-500072,CUST-105355,2025-04-27,0,0,False,False,10477.752500000008,Current,DEBT_CONSOLIDATION
LN-500074,CUST-100430,2025-04-27,1,25,False,False,35037.072499999995,1-29,DEBT_CONSOLIDATION
LN-500075,CUST-102249,2025-04-27,0,0,False,False,1469.9674999999993,Current,DEBT_CONSOLIDATION
LN-500076,CUST-100715,2025-04-27,0,0,False,False,12546.259999999987,Current,DEBT_CONSOLIDATION
LN-500077,CUST-105629,2025-04-27,0,0,False,False,26966.04250000002,Current,DEBT_CONSOLIDATION
LN-500078,CUST-106085,2025-04-27,0,0,False,False,12964.14,Current,DEBT_CONSOLIDATION
LN-500079,CUST-103910,2025-04-27,0,0,False,False,57329.83000000002,Current,DEBT_CONSOLIDATION
LN-500083,CUST-101689,2025-04-27,0,0,False,False,41084.22000000002,Current,DEBT_CONSOLIDATION
LN-500084,CUST-100431,2025-04-27,0,0,False,False,30307.405000000002,Current,DEBT_CONSOLIDATION
LN-500086,CUST-102086,2025-04-27,0,0,False,False,23296.562500000004,Current,DEBT_CONSOLIDATION
LN-500087,CUST-101210,2025-04-27,0,0,False,False,4469.760000000004,Current,DEBT_CONSOLIDATION
LN-500088,CUST-105727,2025-04-27,0,0,False,False,24143.420000000002,Current,DEBT_CONSOLIDATION
LN-500089,CUST-106512,2025-04-27,0,0,False,False,6123.722499999999,Current,DEBT_CONSOLIDATION
LN-500090,CUST-101465,2025-04-27,0,0,False,False,42322.01250000001,Current,DEBT_CONSOLIDATION
LN-500091,CUST-101474,2025-04-27,0,0,False,False,41864.15999999998,Current,DEBT_CONSOLIDATION
LN-500092,CUST-102555,2025-04-27,0,0,False,False,54516.42250000002,Current,DEBT_CONSOLIDATION
LN-500093,CUST-107444,2025-04-27,4,157,False,False,14148.655000000002,90+,DEBT_CONSOLIDATION
LN-500095,CUST-103414,2025-04-27,0,0,False,False,32987.090000000004,Current,DEBT_CONSOLIDATION
LN-500097,CUST-106482,2025-04-27,0,0,False,False,19920.780000000002,Current,DEBT_CONSOLIDATION
LN-500098,CUST-103528,2025-04-27,0,0,False,False,39623.50000000001,Current,DEBT_CONSOLIDATION
LN-500099,CUST-102530,2025-04-27,0,0,False,False,52459.575000000004,Current,DEBT_CONSOLIDATION
LN-500100,CUST-102182,2025-04-27,0,0,False,False,42924.735,Current,DEBT_CONSOLIDATION
LN-500101,CUST-107675,2025-04-27,0,0,False,False,21310.86,Current,DEBT_CONSOLIDATION
LN-500102,CUST-107178,2025-04-27,0,0,False,False,7096.405,Current,DEBT_CONSOLIDATION
LN-500103,CUST-103489,2025-04-27,0,0,False,False,17528.33999999999,Current,DEBT_CONSOLIDATION
LN-500104,CUST-101226,2025-04-27,0,0,False,False,7808.864999999997,Current,DEBT_CONSOLIDATION
LN-500105,CUST-100146,2025-04-27,0,0,False,False,40073.52000000004,Current,DEBT_CONSOLIDATION
LN-500106,CUST-107420,2025-04-27,0,0,False,False,35690.95,Current,DEBT_CONSOLIDATION
LN-500107,CUST-104318,2025-04-27,0,0,False,False,49123.909999999996,Current,DEBT_CONSOLIDATION
LN-500109,CUST-107381,2025-04-27,0,0,False,False,28775.91000000001,Current,DEBT_CONSOLIDATION
LN-500110,CUST-107321,2025-04-27,0,0,False,False,51071.16,Current,DEBT_CONSOLIDATION
LN-500111,CUST-103769,2025-04-27,0,0,False,False,12480.010000000006,Current,DEBT_CONSOLIDATION
LN-500112,CUST-102449,2025-04-27,0,0,False,False,14104.96,Current,DEBT_CONSOLIDATION
LN-500113,CUST-101074,2025-04-27,0,0,False,False,318287.9149999998,Current,DEBT_CONSOLIDATION
LN-500114,CUST-104832,2025-04-27,0,0,False,False,6840.904999999999,Current,DEBT_CONSOLIDATION
LN-500115,CUST-103800,2025-04-27,0,0,False,False,41928.29999999999,Current,DEBT_CONSOLIDATION
LN-500116,CUST-105367,2025-04-27,0,0,False,False,38915.96,Current,DEBT_CONSOLIDATION
LN-500117,CUST-106238,2025-04-27,0,0,False,False,9884.174999999997,Current,DEBT_CONSOLIDATION
LN-500119,CUST-103247,2025-04-27,0,0,False,False,27010.874999999993,Current,DEBT_CONSOLIDATION
LN-500120,CUST-107859,2025-04-27,0,0,False,False,17916.45,Current,DEBT_CONSOLIDATION
LN-500121,CUST-105306,2025-04-27,0,0,False,False,19961.41,Current,DEBT_CONSOLIDATION
LN-500122,CUST-100099,2025-04-27,0,0,False,False,4784.502500000001,Current,DEBT_CONSOLIDATION
LN-500123,CUST-105563,2025-04-27,0,0,False,False,14917.739999999989,Current,DEBT_CONSOLIDATION
LN-500124,CUST-106486,2025-04-27,1,23,False,False,2969.3999999999996,1-29,DEBT_CONSOLIDATION
LN-500125,CUST-103212,2025-04-27,0,0,False,False,12611.440000000006,Current,DEBT_CONSOLIDATION
LN-500128,CUST-104704,2025-04-27,0,0,False,False,43359.907500000016,Current,DEBT_CONSOLIDATION
LN-500130,CUST-105311,2025-04-27,0,0,False,False,21933.784999999996,Current,DEBT_CONSOLIDATION
LN-500131,CUST-104688,2025-04-27,0,0,False,False,28045.219999999994,Current,DEBT_CONSOLIDATION
LN-500133,CUST-104975,2025-04-27,0,0,False,False,206313.85499999995,Current,DEBT_CONSOLIDATION
LN-500134,CUST-107347,2025-04-27,0,0,False,False,2960.4525,Current,DEBT_CONSOLIDATION
LN-500135,CUST-101244,2025-04-27,0,0,False,False,76506.96749999991,Current,DEBT_CONSOLIDATION
LN-500136,CUST-101257,2025-04-27,0,0,False,False,46491.28,Current,DEBT_CONSOLIDATION
LN-500137,CUST-100206,2025-04-27,0,0,False,False,3379.4600000000005,Current,DEBT_CONSOLIDATION
LN-500138,CUST-106409,2025-04-27,0,0,False,False,13687.264999999996,Current,DEBT_CONSOLIDATION
LN-500139,CUST-107541,2025-04-27,0,0,False,False,16970.999999999978,Current,DEBT_CONSOLIDATION
LN-500140,CUST-107546,2025-04-27,0,0,False,False,66445.63499999995,Current,DEBT_CONSOLIDATION
LN-500141,CUST-102791,2025-04-27,0,0,False,False,6566.420000000004,Current,DEBT_CONSOLIDATION
LN-500142,CUST-106534,2025-04-27,0,0,False,False,10606.975000000002,Current,DEBT_CONSOLIDATION
LN-500144,CUST-101406,2025-04-27,0,0,False,False,14838.090000000011,Current,DEBT_CONSOLIDATION
LN-500145,CUST-105191,2025-04-27,0,0,False,False,23104.685,Current,DEBT_CONSOLIDATION
LN-500146,CUST-107574,2025-04-27,0,0,False,False,10814.119999999999,Current,DEBT_CONSOLIDATION
LN-500147,CUST-104528,2025-04-27,0,0,False,False,44849.7,Current,DEBT_CONSOLIDATION
LN-500148,CUST-100699,2025-04-27,0,0,False,False,7869.364999999998,Current,DEBT_CONSOLIDATION
LN-500149,CUST-100560,2025-04-27,0,0,False,False,23183.95,Current,DEBT_CONSOLIDATION
LN-500150,CUST-104542,2025-04-27,1,20,False,False,2967.0750000000003,1-29,DEBT_CONSOLIDATION
LN-500151,CUST-106701,2025-04-27,0,0,False,False,40954.08999999996,Current,DEBT_CONSOLIDATION
LN-500152,CUST-105503,2025-04-27,0,0,False,False,26561.632499999992,Current,DEBT_CONSOLIDATION
LN-500153,CUST-102850,2025-04-27,0,0,False,False,23190.105,Current,DEBT_CONSOLIDATION
LN-500154,CUST-105313,2025-04-27,0,0,False,False,10006.627499999997,Current,DEBT_CONSOLIDATION
LN-500155,CUST-105467,2025-04-27,0,0,False,False,48160.8975,Current,DEBT_CONSOLIDATION
LN-500156,CUST-106597,2025-04-27,3,68,False,False,45772.00249999998,60-89,DEBT_CONSOLIDATION
LN-500157,CUST-103741,2025-04-27,0,0,False,False,19852.364999999983,Current,DEBT_CONSOLIDATION
LN-500160,CUST-107095,2025-04-27,0,0,False,False,59769.51000000001,Current,DEBT_CONSOLIDATION
LN-500161,CUST-105816,2025-04-27,0,0,False,False,269819.1374999999,Current,DEBT_CONSOLIDATION
LN-500162,CUST-103245,2025-04-27,0,0,False,False,10500.959999999988,Current,DEBT_CONSOLIDATION
LN-500163,CUST-104815,2025-04-27,0,0,False,False,5916.58,Current,DEBT_CONSOLIDATION
LN-500164,CUST-100191,2025-04-27,0,0,False,False,1329.1499999999996,Current,DEBT_CONSOLIDATION
LN-500165,CUST-106950,2025-04-27,0,0,False,False,13018.497500000014,Current,DEBT_CONSOLIDATION
LN-500167,CUST-106671,2025-04-27,0,0,False,False,12551.900000000001,Current,DEBT_CONSOLIDATION
LN-500168,CUST-107937,2025-04-27,0,0,False,False,44505.0,Current,DEBT_CONSOLIDATION
LN-500169,CUST-104618,2025-04-27,0,0,False,False,15086.430000000002,Current,DEBT_CONSOLIDATION
LN-500171,CUST-105832,2025-04-27,0,0,True,False,5731.222500000003,Current,DEBT_CONSOLIDATION
LN-500172,CUST-107462,2025-04-27,0,0,False,False,8375.245000000006,Current,DEBT_CONSOLIDATION
LN-500173,CUST-101117,2025-04-27,0,0,False,False,18339.07,Current,DEBT_CONSOLIDATION
LN-500174,CUST-100151,2025-04-27,0,0,False,False,40701.88249999998,Current,DEBT_CONSOLIDATION
LN-500175,CUST-101728,2025-04-27,0,0,False,False,11679.415,Current,DEBT_CONSOLIDATION
LN-500176,CUST-100750,2025-04-27,0,0,False,False,21287.757500000014,Current,DEBT_CONSOLIDATION
LN-500177,CUST-102030,2025-04-27,0,0,False,False,22291.51,Current,DEBT_CONSOLIDATION
LN-500178,CUST-101366,2025-04-27,0,0,False,False,142280.87249999997,Current,DEBT_CONSOLIDATION
LN-500179,CUST-106006,2025-04-27,0,0,False,False,22707.705,Current,DEBT_CONSOLIDATION
LN-500180,CUST-107695,2025-04-27,0,0,False,False,8831.329999999994,Current,DEBT_CONSOLIDATION
LN-500181,CUST-107618,2025-04-27,0,0,False,False,11856.2125,Current,DEBT_CONSOLIDATION
LN-500182,CUST-101885,2025-04-27,0,0,False,False,232219.89500000002,Current,DEBT_CONSOLIDATION
LN-500184,CUST-105514,2025-04-27,0,0,False,False,178670.21000000005,Current,DEBT_CONSOLIDATION
LN-500185,CUST-106609,2025-04-27,0,0,False,False,8358.129999999996,Current,DEBT_CONSOLIDATION
LN-500186,CUST-104409,2025-04-27,0,0,False,False,31346.120000000003,Current,DEBT_CONSOLIDATION
LN-500187,CUST-101483,2025-04-27,0,0,False,False,1876.0149999999999,Current,DEBT_CONSOLIDATION
LN-500189,CUST-101815,2025-04-27,0,0,False,False,35074.41749999999,Current,DEBT_CONSOLIDATION
LN-500190,CUST-101438,2025-04-27,0,0,False,False,42151.92,Current,DEBT_CONSOLIDATION
LN-500191,CUST-107837,2025-04-27,0,0,False,False,3807.7650000000003,Current,DEBT_CONSOLIDATION
LN-500192,CUST-103371,2025-04-27,0,0,False,False,20225.60000000001,Current,DEBT_CONSOLIDATION
LN-500193,CUST-102684,2025-04-27,0,0,False,False,1727.3249999999998,Current,DEBT_CONSOLIDATION
LN-500194,CUST-103339,2025-04-27,0,0,False,False,10769.66,Current,DEBT_CONSOLIDATION
LN-500195,CUST-105033,2025-04-27,0,0,False,False,13808.760000000007,Current,DEBT_CONSOLIDATION
LN-500196,CUST-103844,2025-04-27,0,0,False,False,43869.232500000006,Current,DEBT_CONSOLIDATION
LN-500198,CUST-106796,2025-04-27,0,0,False,False,15867.980000000005,Current,DEBT_CONSOLIDATION
LN-500199,CUST-107657,2025-04-27,0,0,False,False,7699.930000000002,Current,DEBT_CONSOLIDATION
LN-500200,CUST-102563,2025-04-27,0,0,False,False,7665.917499999996,Current,DEBT_CONSOLIDATION
LN-500201,CUST-100687,2025-04-27,0,0,False,False,15843.127500000002,Current,DEBT_CONSOLIDATION
LN-500202,CUST-101775,2025-04-27,0,0,False,False,23080.125,Current,DEBT_CONSOLIDATION
LN-500203,CUST-102447,2025-04-27,0,0,False,False,39028.85,Current,DEBT_CONSOLIDATION
LN-500205,CUST-104919,2025-04-27,0,0,True,False,28957.185000000005,Current,DEBT_CONSOLIDATION
LN-500206,CUST-100591,2025-04-27,0,0,False,False,10685.320000000002,Current,DEBT_CONSOLIDATION
LN-500207,CUST-100001,2025-04-27,0,0,False,False,431.01250000000005,Current,DEBT_CONSOLIDATION
LN-500208,CUST-103849,2025-04-27,0,0,False,False,8904.644999999995,Current,DEBT_CONSOLIDATION
LN-500209,CUST-107182,2025-04-27,0,0,False,False,135404.64999999997,Current,DEBT_CONSOLIDATION
LN-500210,CUST-104226,2025-04-27,0,0,False,False,8066.1425,Current,DEBT_CONSOLIDATION
LN-500211,CUST-107222,2025-04-27,3,91,False,False,10032.455000000004,60-89,DEBT_CONSOLIDATION
LN-500212,CUST-100656,2025-04-27,0,0,False,False,10917.100000000002,Current,DEBT_CONSOLIDATION
LN-500214,CUST-104378,2025-04-27,0,0,False,False,4370.059999999995,Current,DEBT_CONSOLIDATION
LN-500215,CUST-102880,2025-04-27,0,0,False,False,24250.885,Current,DEBT_CONSOLIDATION
LN-500216,CUST-102500,2025-04-27,0,0,False,False,9964.194999999996,Current,DEBT_CONSOLIDATION
LN-500217,CUST-105487,2025-04-27,0,0,False,False,16774.5425,Current,DEBT_CONSOLIDATION
LN-500218,CUST-106769,2025-04-27,0,0,False,False,45938.26999999996,Current,DEBT_CONSOLIDATION
LN-500219,CUST-105222,2025-04-27,0,0,False,False,36786.68750000001,Current,DEBT_CONSOLIDATION
LN-500220,CUST-105258,2025-04-27,0,0,False,False,26904.730000000018,Current,DEBT_CONSOLIDATION
LN-500221,CUST-101291,2025-04-27,0,0,False,False,7835.35,Current,DEBT_CONSOLIDATION
LN-500222,CUST-102469,2025-04-27,0,0,False,False,11385.407499999996,Current,DEBT_CONSOLIDATION
LN-500223,CUST-100203,2025-04-27,0,0,False,False,11623.58,Current,DEBT_CONSOLIDATION
LN-500224,CUST-105099,2025-04-27,0,0,False,False,10499.5575,Current,DEBT_CONSOLIDATION
LN-500225,CUST-103980,2025-04-27,0,0,False,False,14826.654999999997,Current,DEBT_CONSOLIDATION
LN-500226,CUST-103029,2025-04-27,0,0,False,False,12366.985000000004,Current,DEBT_CONSOLIDATION
LN-500227,CUST-102869,2025-04-27,0,0,False,False,15365.445,Current,DEBT_CONSOLIDATION
LN-500228,CUST-102870,2025-04-27,0,0,False,False,5168.232500000002,Current,DEBT_CONSOLIDATION
LN-500231,CUST-104740,2025-04-27,0,0,False,False,24111.094999999987,Current,DEBT_CONSOLIDATION
LN-500232,CUST-106855,2025-04-27,0,0,False,False,450469.92250000004,Current,DEBT_CONSOLIDATION
LN-500233,CUST-105377,2025-04-27,2,44,False,False,23409.65,30-59,DEBT_CONSOLIDATION
LN-500234,CUST-103762,2025-04-27,0,0,False,False,10613.51,Current,DEBT_CONSOLIDATION
LN-500235,CUST-102463,2025-04-27,0,0,False,False,31298.325,Current,DEBT_CONSOLIDATION
LN-500236,CUST-105684,2025-04-27,1,24,False,False,5582.0325,1-29,DEBT_CONSOLIDATION
LN-500237,CUST-103827,2025-04-27,0,0,False,False,12797.414999999997,Current,DEBT_CONSOLIDATION
LN-500238,CUST-102630,2025-04-27,0,0,False,False,44536.54,Current,DEBT_CONSOLIDATION
LN-500239,CUST-106761,2025-04-27,1,18,False,False,22997.787499999995,1-29,DEBT_CONSOLIDATION
LN-500240,CUST-106766,2025-04-27,0,0,False,False,8243.159999999996,Current,DEBT_CONSOLIDATION
LN-500241,CUST-104678,2025-04-27,0,0,False,False,8336.390000000003,Current,DEBT_CONSOLIDATION
LN-500242,CUST-103837,2025-04-27,0,0,False,False,27340.895,Current,DEBT_CONSOLIDATION
LN-500243,CUST-104204,2025-04-27,0,0,False,False,27819.047499999997,Current,DEBT_CONSOLIDATION
LN-500244,CUST-105395,2025-04-27,0,0,False,False,20428.979999999996,Current,DEBT_CONSOLIDATION
LN-500245,CUST-107237,2025-04-27,0,0,False,False,444893.385,Current,DEBT_CONSOLIDATION
LN-500246,CUST-103962,2025-04-27,0,0,False,False,28594.7725,Current,DEBT_CONSOLIDATION
LN-500247,CUST-106503,2025-04-27,0,0,False,False,24310.25,Current,DEBT_CONSOLIDATION
LN-500248,CUST-100186,2025-04-27,0,0,False,False,577304.3574999998,Current,DEBT_CONSOLIDATION
LN-500249,CUST-102992,2025-04-27,0,0,False,False,9668.38,Current,DEBT_CONSOLIDATION
LN-500250,CUST-103894,2025-04-27,0,0,False,False,105723.30500000002,Current,DEBT_CONSOLIDATION
LN-500251,CUST-105073,2025-04-27,0,0,False,False,23327.5775,Current,DEBT_CONSOLIDATION
LN-500252,CUST-103103,2025-04-27,0,0,False,False,91223.61000000004,Current,DEBT_CONSOLIDATION
LN-500253,CUST-102585,2025-04-27,0,0,False,False,39023.1,Current,DEBT_CONSOLIDATION
LN-500254,CUST-102097,2025-04-27,0,0,False,False,49788.19249999999,Current,DEBT_CONSOLIDATION
LN-500255,CUST-101809,2025-04-27,0,0,False,False,8729.9625,Current,DEBT_CONSOLIDATION
LN-500256,CUST-104548,2025-04-27,0,0,False,False,17968.84249999999,Current,DEBT_CONSOLIDATION
LN-500257,CUST-101792,2025-04-27,0,0,False,False,471654.27,Current,DEBT_CONSOLIDATION
LN-500258,CUST-104634,2025-04-27,0,0,False,False,17716.28999999999,Current,DEBT_CONSOLIDATION
LN-500259,CUST-105082,2025-04-27,0,0,False,False,24868.039999999994,Current,DEBT_CONSOLIDATION
LN-500260,CUST-106555,2025-04-27,0,0,False,False,12210.692500000006,Current,DEBT_CONSOLIDATION
LN-500262,CUST-106242,2025-04-27,0,0,False,False,27557.622499999998,Current,DEBT_CONSOLIDATION
LN-500264,CUST-106962,2025-04-27,0,0,False,False,259392.00499999998,Current,DEBT_CONSOLIDATION
LN-500265,CUST-100983,2025-04-27,1,24,False,False,19129.149999999994,1-29,DEBT_CONSOLIDATION
LN-500266,CUST-103606,2025-04-27,0,0,False,False,11901.565,Current,DEBT_CONSOLIDATION
LN-500267,CUST-102510,2025-04-27,0,0,False,False,4774.42,Current,DEBT_CONSOLIDATION
LN-500268,CUST-105404,2025-04-27,0,0,False,False,13547.654999999993,Current,DEBT_CONSOLIDATION
LN-500269,CUST-102799,2025-04-27,0,0,False,False,42420.63749999999,Current,DEBT_CONSOLIDATION
LN-500270,CUST-103325,2025-04-27,0,0,True,False,24873.084999999992,Current,DEBT_CONSOLIDATION
LN-500271,CUST-100758,2025-04-27,0,0,False,False,2345.8125,Current,DEBT_CONSOLIDATION
LN-500272,CUST-105541,2025-04-27,0,0,False,False,22129.489999999994,Current,DEBT_CONSOLIDATION
LN-500273,CUST-100608,2025-04-27,0,0,False,False,21007.95749999999,Current,DEBT_CONSOLIDATION
LN-500274,CUST-102810,2025-04-27,0,0,False,False,46876.31249999998,Current,DEBT_CONSOLIDATION
LN-500276,CUST-100044,2025-04-27,0,0,False,False,11368.035000000005,Current,DEBT_CONSOLIDATION
LN-500277,CUST-105267,2025-04-27,0,0,False,False,4998.110000000004,Current,DEBT_CONSOLIDATION
LN-500278,CUST-101308,2025-04-27,0,0,False,False,34547.862499999996,Current,DEBT_CONSOLIDATION
LN-500279,CUST-105582,2025-04-27,0,0,False,False,2360.9549999999995,Current,DEBT_CONSOLIDATION
LN-500280,CUST-107817,2025-04-27,0,0,False,False,35722.77750000001,Current,DEBT_CONSOLIDATION
LN-500281,CUST-101221,2025-04-27,0,0,False,False,1557.6,Current,DEBT_CONSOLIDATION
LN-500282,CUST-105662,2025-04-27,0,0,False,False,12669.830000000005,Current,DEBT_CONSOLIDATION
LN-500283,CUST-102743,2025-04-27,0,0,False,False,1542.7975,Current,DEBT_CONSOLIDATION
LN-500284,CUST-102704,2025-04-27,0,0,False,False,1215.4850000000013,Current,DEBT_CONSOLIDATION
LN-500285,CUST-105329,2025-04-27,4,138,False,False,103923.36,90+,DEBT_CONSOLIDATION
LN-500286,CUST-101328,2025-04-27,0,0,False,False,12806.487499999994,Current,DEBT_CONSOLIDATION
LN-500287,CUST-100152,2025-04-27,0,0,False,False,48304.49249999998,Current,DEBT_CONSOLIDATION
LN-500288,CUST-101279,2025-04-27,0,0,False,False,19498.985000000008,Current,DEBT_CONSOLIDATION
LN-500289,CUST-106907,2025-04-27,0,0,False,False,9339.662499999997,Current,DEBT_CONSOLIDATION
LN-500291,CUST-105904,2025-04-27,0,0,False,False,15812.330000000005,Current,DEBT_CONSOLIDATION
LN-500292,CUST-101553,2025-04-27,0,0,False,False,12401.605,Current,DEBT_CONSOLIDATION
LN-500293,CUST-102529,2025-04-27,0,0,False,False,10888.314999999999,Current,DEBT_CONSOLIDATION
LN-500294,CUST-107666,2025-04-27,0,0,False,False,11537.16,Current,DEBT_CONSOLIDATION
LN-500295,CUST-104111,2025-04-27,0,0,False,False,24898.197499999987,Current,DEBT_CONSOLIDATION
LN-500296,CUST-104743,2025-04-27,0,0,False,False,16344.314999999986,Current,DEBT_CONSOLIDATION
LN-500297,CUST-107582,2025-04-27,0,0,False,False,15211.892499999998,Current,DEBT_CONSOLIDATION
LN-500298,CUST-101825,2025-04-27,0,0,True,False,2203.91,Current,DEBT_CONSOLIDATION
LN-500299,CUST-105354,2025-04-27,0,0,False,False,10875.902499999997,Current,DEBT_CONSOLIDATION
LN-500300,CUST-103009,2025-04-27,0,0,False,False,36977.79499999998,Current,DEBT_CONSOLIDATION
LN-500302,CUST-100532,2025-04-27,0,0,True,False,78548.29499999995,Current,DEBT_CONSOLIDATION
LN-500304,CUST-106100,2025-04-27,0,0,False,False,25380.135000000017,Current,DEBT_CONSOLIDATION
LN-500305,CUST-105399,2025-04-27,0,0,False,False,60293.13749999998,Current,DEBT_CONSOLIDATION
LN-500306,CUST-107248,2025-04-27,0,0,False,False,16674.249999999996,Current,DEBT_CONSOLIDATION
LN-500307,CUST-104440,2025-04-27,0,0,False,False,116091.39499999997,Current,DEBT_CONSOLIDATION
LN-500308,CUST-103737,2025-04-27,0,0,False,False,28884.999999999996,Current,DEBT_CONSOLIDATION
LN-500309,CUST-100412,2025-04-27,0,0,False,False,9312.405000000002,Current,DEBT_CONSOLIDATION
LN-500310,CUST-106088,2025-04-27,0,0,False,False,10626.557500000004,Current,DEBT_CONSOLIDATION
LN-500311,CUST-100956,2025-04-27,0,0,False,False,22140.7,Current,DEBT_CONSOLIDATION
LN-500312,CUST-100269,2025-04-27,0,0,False,False,18625.857500000002,Current,DEBT_CONSOLIDATION
LN-500313,CUST-107185,2025-04-27,0,0,False,False,29726.617499999997,Current,DEBT_CONSOLIDATION
LN-500314,CUST-102690,2025-04-27,0,0,False,False,39746.052499999976,Current,DEBT_CONSOLIDATION
LN-500315,CUST-100729,2025-04-27,0,0,False,False,4604.579999999999,Current,DEBT_CONSOLIDATION
LN-500316,CUST-104046,2025-04-27,0,0,False,False,32580.250000000033,Current,DEBT_CONSOLIDATION
LN-500317,CUST-102210,2025-04-27,4,127,False,False,20473.32,90+,DEBT_CONSOLIDATION
LN-500319,CUST-104728,2025-04-27,0,0,False,False,16197.705000000014,Current,DEBT_CONSOLIDATION
LN-500320,CUST-102839,2025-04-27,0,0,False,False,12976.795000000002,Current,DEBT_CONSOLIDATION
LN-500321,CUST-100368,2025-04-27,0,0,False,False,205741.20249999984,Current,DEBT_CONSOLIDATION
LN-500322,CUST-104946,2025-04-27,0,0,False,False,31387.54,Current,DEBT_CONSOLIDATION
LN-500323,CUST-107608,2025-04-27,2,37,False,False,25627.77,30-59,DEBT_CONSOLIDATION
LN-500324,CUST-105274,2025-04-27,0,0,False,False,10736.964999999997,Current,DEBT_CONSOLIDATION
LN-500325,CUST-100070,2025-04-27,0,0,False,False,22834.640000000003,Current,DEBT_CONSOLIDATION
LN-500326,CUST-107171,2025-04-27,0,0,False,False,4003.1799999999985,Current,DEBT_CONSOLIDATION
LN-500327,CUST-103794,2025-04-27,0,0,False,False,26507.98,Current,DEBT_CONSOLIDATION
LN-500329,CUST-103032,2025-04-27,2,50,False,False,7072.070000000001,30-59,DEBT_CONSOLIDATION
LN-500330,CUST-107172,2025-04-27,0,0,False,False,15816.284999999994,Current,DEBT_CONSOLIDATION
LN-500331,CUST-102249,2025-04-27,0,0,False,True,14941.08999999999,Current,DEBT_CONSOLIDATION
LN-500332,CUST-102224,2025-04-27,0,0,False,False,20893.16000000001,Current,DEBT_CONSOLIDATION
LN-500333,CUST-101118,2025-04-27,1,31,False,False,1574.9100000000003,1-29,DEBT_CONSOLIDATION
LN-500334,CUST-107363,2025-04-27,0,0,False,False,18616.9,Current,DEBT_CONSOLIDATION
LN-500335,CUST-101643,2025-04-27,0,0,False,False,49908.37000000001,Current,DEBT_CONSOLIDATION
LN-500336,CUST-100097,2025-04-27,0,0,False,False,110346.69249999996,Current,DEBT_CONSOLIDATION
LN-500337,CUST-105683,2025-04-27,0,0,False,False,12012.904999999999,Current,DEBT_CONSOLIDATION
LN-500338,CUST-105481,2025-04-27,0,0,False,False,8437.920000000004,Current,DEBT_CONSOLIDATION
LN-500339,CUST-103578,2025-04-27,2,38,False,False,33731.340000000004,30-59,DEBT_CONSOLIDATION
LN-500340,CUST-101013,2025-04-27,0,0,False,False,28481.520000000004,Current,DEBT_CONSOLIDATION
LN-500341,CUST-100871,2025-04-27,0,0,False,False,124511.9075,Current,DEBT_CONSOLIDATION
LN-500342,CUST-106338,2025-04-27,0,0,False,False,4402.259999999999,Current,DEBT_CONSOLIDATION
LN-500343,CUST-101858,2025-04-27,0,0,False,False,6144.150000000003,Current,DEBT_CONSOLIDATION
LN-500344,CUST-102160,2025-04-27,0,0,False,False,12367.3825,Current,DEBT_CONSOLIDATION
LN-500345,CUST-101427,2025-04-27,1,15,False,False,7950.265000000005,1-29,DEBT_CONSOLIDATION
LN-500348,CUST-103742,2025-04-27,0,0,False,False,19099.114999999998,Current,DEBT_CONSOLIDATION
LN-500349,CUST-107781,2025-04-27,0,0,False,False,36913.62499999999,Current,DEBT_CONSOLIDATION
LN-500350,CUST-107326,2025-04-27,0,0,False,False,12879.73,Current,DEBT_CONSOLIDATION
LN-500351,CUST-100138,2025-04-27,0,0,False,False,22966.094999999998,Current,DEBT_CONSOLIDATION
LN-500352,CUST-103228,2025-04-27,0,0,False,False,266928.4050000001,Current,DEBT_CONSOLIDATION
LN-500354,CUST-102598,2025-04-27,1,6,False,False,37875.899999999965,1-29,DEBT_CONSOLIDATION
LN-500355,CUST-104021,2025-04-27,0,0,False,False,14229.44000000001,Current,DEBT_CONSOLIDATION
LN-500356,CUST-104358,2025-04-27,0,0,False,False,19602.085,Current,DEBT_CONSOLIDATION
LN-500357,CUST-106386,2025-04-27,0,0,False,False,24313.39000000001,Current,DEBT_CONSOLIDATION
LN-500359,CUST-102628,2025-04-27,0,0,False,False,14119.520000000002,Current,DEBT_CONSOLIDATION
LN-500360,CUST-106354,2025-04-27,0,0,False,False,39945.97,Current,DEBT_CONSOLIDATION
LN-500361,CUST-101109,2025-04-27,0,0,False,False,16465.832499999993,Current,DEBT_CONSOLIDATION
LN-500362,CUST-105095,2025-04-27,0,0,False,False,11444.019999999993,Current,DEBT_CONSOLIDATION
LN-500364,CUST-106234,2025-04-27,0,0,False,False,16340.882499999996,Current,DEBT_CONSOLIDATION
LN-500365,CUST-106295,2025-04-27,0,0,False,False,14129.939999999999,Current,DEBT_CONSOLIDATION
LN-500366,CUST-101583,2025-04-27,0,0,False,False,29871.53499999999,Current,DEBT_CONSOLIDATION
LN-500368,CUST-101964,2025-04-27,0,0,False,False,125987.05000000005,Current,DEBT_CONSOLIDATION
LN-500369,CUST-107932,2025-04-27,0,0,False,True,17559.030000000002,Current,DEBT_CONSOLIDATION
LN-500370,CUST-100394,2025-04-27,0,0,False,False,60152.20250000003,Current,DEBT_CONSOLIDATION
LN-500371,CUST-103694,2025-04-27,0,0,False,False,8415.602500000003,Current,DEBT_CONSOLIDATION
LN-500372,CUST-107292,2025-04-27,0,0,False,False,10859.570000000012,Current,DEBT_CONSOLIDATION
LN-500373,CUST-101807,2025-04-27,0,0,False,False,24052.8025,Current,DEBT_CONSOLIDATION
LN-500374,CUST-102539,2025-04-27,0,0,False,False,478307.185,Current,DEBT_CONSOLIDATION
LN-500376,CUST-105808,2025-04-27,0,0,False,False,29942.535,Current,DEBT_CONSOLIDATION
LN-500377,CUST-105758,2025-04-27,1,27,False,False,36432.967499999984,1-29,DEBT_CONSOLIDATION
LN-500378,CUST-100940,2025-04-27,0,0,False,False,22692.449999999986,Current,DEBT_CONSOLIDATION
LN-500380,CUST-107642,2025-04-27,0,0,False,False,37213.29000000001,Current,DEBT_CONSOLIDATION
LN-500381,CUST-107578,2025-04-27,0,0,False,False,17649.997499999983,Current,DEBT_CONSOLIDATION
LN-500382,CUST-102505,2025-04-27,0,0,False,False,26877.265,Current,DEBT_CONSOLIDATION
LN-500383,CUST-101274,2025-04-27,0,0,False,False,8573.2,Current,DEBT_CONSOLIDATION
LN-500384,CUST-102196,2025-04-27,0,0,False,False,34760.1325,Current,DEBT_CONSOLIDATION
LN-500387,CUST-106025,2025-04-27,0,0,False,False,77497.03000000001,Current,DEBT_CONSOLIDATION
LN-500388,CUST-102278,2025-04-27,0,0,False,False,7220.475,Current,DEBT_CONSOLIDATION
LN-500389,CUST-101944,2025-04-27,0,0,False,False,10102.4125,Current,DEBT_CONSOLIDATION
LN-500390,CUST-105142,2025-04-27,0,0,False,False,15858.814999999999,Current,DEBT_CONSOLIDATION
LN-500391,CUST-107605,2025-04-27,0,0,False,False,7517.1174999999985,Current,DEBT_CONSOLIDATION
LN-500392,CUST-105201,2025-04-27,0,0,False,False,36119.57499999998,Current,DEBT_CONSOLIDATION
LN-500393,CUST-103364,2025-04-27,0,0,False,False,11390.489999999998,Current,DEBT_CONSOLIDATION
LN-500394,CUST-105134,2025-04-27,0,0,False,False,24133.317499999997,Current,DEBT_CONSOLIDATION
LN-500395,CUST-102078,2025-04-27,0,0,False,False,40726.39000000001,Current,DEBT_CONSOLIDATION
LN-500396,CUST-106964,2025-04-27,0,0,False,False,6198.2175,Current,DEBT_CONSOLIDATION
LN-500398,CUST-104131,2025-04-27,0,0,False,False,15603.305,Current,DEBT_CONSOLIDATION
LN-500399,CUST-100554,2025-04-27,2,50,False,False,20017.795,30-59,DEBT_CONSOLIDATION
LN-500400,CUST-103823,2025-04-27,0,0,False,False,12463.945,Current,DEBT_CONSOLIDATION
LN-500401,CUST-100371,2025-04-27,0,0,False,False,13655.940000000002,Current,DEBT_CONSOLIDATION
LN-500402,CUST-101722,2025-04-27,0,0,False,False,20942.734999999982,Current,DEBT_CONSOLIDATION
LN-500403,CUST-104906,2025-04-27,0,0,False,False,6997.265000000003,Current,DEBT_CONSOLIDATION
LN-500404,CUST-102382,2025-04-27,0,0,False,False,26038.710000000003,Current,DEBT_CONSOLIDATION
LN-500405,CUST-101418,2025-04-27,0,0,False,False,14494.43,Current,DEBT_CONSOLIDATION
LN-500406,CUST-105255,2025-04-27,0,0,False,False,7049.22,Current,DEBT_CONSOLIDATION
LN-500407,CUST-107433,2025-04-27,0,0,False,False,24018.75000000001,Current,DEBT_CONSOLIDATION
LN-500408,CUST-100126,2025-04-27,0,0,False,False,19415.665,Current,DEBT_CONSOLIDATION
LN-500409,CUST-104948,2025-04-27,0,0,False,False,9975.122500000007,Current,DEBT_CONSOLIDATION
LN-500410,CUST-106296,2025-04-27,0,0,False,False,101181.26000000002,Current,DEBT_CONSOLIDATION
LN-500411,CUST-102443,2025-04-27,0,0,False,False,19080.842500000002,Current,DEBT_CONSOLIDATION
LN-500412,CUST-106820,2025-04-27,0,0,False,False,25530.865000000013,Current,DEBT_CONSOLIDATION
LN-500413,CUST-105734,2025-04-27,0,0,False,False,14186.295000000002,Current,DEBT_CONSOLIDATION
LN-500414,CUST-107333,2025-04-27,0,0,False,False,38786.369999999995,Current,DEBT_CONSOLIDATION
LN-500415,CUST-101437,2025-04-27,0,0,False,False,26317.659999999996,Current,DEBT_CONSOLIDATION
LN-500416,CUST-102302,2025-04-27,0,0,False,False,22152.55000000001,Current,DEBT_CONSOLIDATION
LN-500417,CUST-103310,2025-04-27,0,0,False,False,19051.165,Current,DEBT_CONSOLIDATION
LN-500418,CUST-100945,2025-04-27,0,0,False,False,189549.95000000013,Current,DEBT_CONSOLIDATION
LN-500419,CUST-102745,2025-04-27,0,0,False,False,22129.994999999988,Current,DEBT_CONSOLIDATION
LN-500420,CUST-106369,2025-04-27,0,0,False,False,95852.09999999993,Current,DEBT_CONSOLIDATION
LN-500421,CUST-104332,2025-04-27,0,0,False,False,4612.340000000003,Current,DEBT_CONSOLIDATION
LN-500422,CUST-101943,2025-04-27,0,0,False,False,33847.61499999998,Current,DEBT_CONSOLIDATION
LN-500423,CUST-102843,2025-04-27,0,0,False,False,37617.4675,Current,DEBT_CONSOLIDATION
LN-500424,CUST-106787,2025-04-27,0,0,False,False,7803.029999999997,Current,DEBT_CONSOLIDATION
LN-500425,CUST-107638,2025-04-27,0,0,False,False,206802.12,Current,DEBT_CONSOLIDATION
LN-500426,CUST-104783,2025-04-27,0,0,False,False,22927.945,Current,DEBT_CONSOLIDATION
LN-500427,CUST-101099,2025-04-27,0,0,False,False,23779.65,Current,DEBT_CONSOLIDATION
LN-500428,CUST-104328,2025-04-27,2,55,False,False,49116.945,30-59,DEBT_CONSOLIDATION
LN-500429,CUST-106715,2025-04-27,0,0,False,False,158794.56999999998,Current,DEBT_CONSOLIDATION
LN-500430,CUST-107763,2025-04-27,0,0,False,False,15741.465000000004,Current,DEBT_CONSOLIDATION
LN-500431,CUST-102798,2025-04-27,0,0,False,False,28499.3225,Current,DEBT_CONSOLIDATION
LN-500432,CUST-100676,2025-04-27,0,0,False,False,4816.135000000003,Current,DEBT_CONSOLIDATION
LN-500433,CUST-103381,2025-04-27,0,0,False,False,32238.919999999984,Current,DEBT_CONSOLIDATION
LN-500434,CUST-105474,2025-04-27,0,0,False,False,14692.740000000002,Current,DEBT_CONSOLIDATION
LN-500435,CUST-101921,2025-04-27,0,0,False,False,103612.83,Current,DEBT_CONSOLIDATION
LN-500436,CUST-102589,2025-04-27,0,0,False,False,27588.722499999996,Current,DEBT_CONSOLIDATION
LN-500437,CUST-100272,2025-04-27,0,0,False,False,24234.719999999983,Current,DEBT_CONSOLIDATION
LN-500439,CUST-106696,2025-04-27,1,20,False,False,7962.529999999999,1-29,DEBT_CONSOLIDATION
LN-500440,CUST-105618,2025-04-27,0,0,False,False,43523.025,Current,DEBT_CONSOLIDATION
LN-500441,CUST-100647,2025-04-27,0,0,False,False,10920.5,Current,DEBT_CONSOLIDATION
LN-500442,CUST-106316,2025-04-27,0,0,False,False,29129.760000000017,Current,DEBT_CONSOLIDATION
LN-500443,CUST-101587,2025-04-27,0,0,False,False,55661.25250000003,Current,DEBT_CONSOLIDATION
LN-500445,CUST-104701,2025-04-27,0,0,False,False,19440.54,Current,DEBT_CONSOLIDATION
LN-500446,CUST-102089,2025-04-27,0,0,False,False,32597.33999999998,Current,DEBT_CONSOLIDATION
LN-500449,CUST-105601,2025-04-27,0,0,False,False,30424.940000000013,Current,DEBT_CONSOLIDATION
LN-500450,CUST-107067,2025-04-27,0,0,False,False,19657.39,Current,DEBT_CONSOLIDATION
LN-500452,CUST-103402,2025-04-27,0,0,False,False,11926.977499999997,Current,DEBT_CONSOLIDATION
LN-500453,CUST-103973,2025-04-27,0,0,False,False,276452.3350000001,Current,DEBT_CONSOLIDATION
LN-500454,CUST-107066,2025-04-27,0,0,False,False,9832.955,Current,DEBT_CONSOLIDATION
LN-500456,CUST-102443,2025-04-27,0,0,False,False,12387.297499999997,Current,DEBT_CONSOLIDATION
LN-500457,CUST-105151,2025-04-27,0,0,False,False,41091.417499999996,Current,DEBT_CONSOLIDATION
LN-500458,CUST-100654,2025-04-27,0,0,False,False,55895.84500000001,Current,DEBT_CONSOLIDATION
LN-500459,CUST-104562,2025-04-27,0,0,False,False,43255.48500000002,Current,DEBT_CONSOLIDATION
LN-500460,CUST-103289,2025-04-27,0,0,False,False,68074.08,Current,DEBT_CONSOLIDATION
LN-500461,CUST-103951,2025-04-27,0,0,False,False,19293.02999999999,Current,DEBT_CONSOLIDATION
LN-500462,CUST-104785,2025-04-27,0,0,False,False,31009.315000000006,Current,DEBT_CONSOLIDATION
LN-500463,CUST-100864,2025-04-27,0,0,False,False,110162.01499999996,Current,DEBT_CONSOLIDATION
LN-500464,CUST-100289,2025-04-27,0,0,False,False,12559.240000000009,Current,DEBT_CONSOLIDATION
LN-500465,CUST-103868,2025-04-27,0,0,False,False,51491.8825,Current,DEBT_CONSOLIDATION
LN-500466,CUST-104215,2025-04-27,1,15,False,False,27506.437499999996,1-29,DEBT_CONSOLIDATION
LN-500467,CUST-105623,2025-04-27,4,117,False,False,4203.1449999999995,90+,DEBT_CONSOLIDATION
LN-500468,CUST-101395,2025-04-27,0,0,False,False,9587.24,Current,DEBT_CONSOLIDATION
LN-500469,CUST-106379,2025-04-27,0,0,False,False,23404.70500000001,Current,DEBT_CONSOLIDATION
LN-500470,CUST-101174,2025-04-27,0,0,False,False,43317.99249999999,Current,DEBT_CONSOLIDATION
LN-500471,CUST-102483,2025-04-27,0,0,False,False,19418.3,Current,DEBT_CONSOLIDATION
LN-500472,CUST-102406,2025-04-27,0,0,False,False,5288.185,Current,DEBT_CONSOLIDATION
LN-500473,CUST-103029,2025-04-27,0,0,False,False,36612.43,Current,DEBT_CONSOLIDATION
LN-500475,CUST-101602,2025-04-27,0,0,False,False,11306.845000000001,Current,DEBT_CONSOLIDATION
LN-500476,CUST-102662,2025-04-27,0,0,False,False,54784.30750000001,Current,DEBT_CONSOLIDATION
LN-500477,CUST-106174,2025-04-27,0,0,False,False,10382.335000000003,Current,DEBT_CONSOLIDATION
LN-500478,CUST-104987,2025-04-27,0,0,False,False,17645.184999999998,Current,DEBT_CONSOLIDATION
LN-500479,CUST-106542,2025-04-27,0,0,False,False,3383.2800000000007,Current,DEBT_CONSOLIDATION
LN-500480,CUST-105582,2025-04-27,0,0,False,False,31109.7,Current,DEBT_CONSOLIDATION
LN-500481,CUST-105351,2025-04-27,0,0,False,False,18735.86499999999,Current,DEBT_CONSOLIDATION
LN-500482,CUST-105289,2025-04-27,0,0,False,False,9614.235000000002,Current,DEBT_CONSOLIDATION
LN-500484,CUST-104592,2025-04-27,0,0,False,False,5698.074999999999,Current,DEBT_CONSOLIDATION
LN-500486,CUST-102016,2025-04-27,0,0,False,False,44230.7125,Current,DEBT_CONSOLIDATION
LN-500487,CUST-102404,2025-04-27,0,0,False,False,28089.357500000002,Current,DEBT_CONSOLIDATION
LN-500488,CUST-102954,2025-04-27,0,0,False,False,18697.37,Current,DEBT_CONSOLIDATION
LN-500489,CUST-104924,2025-04-27,0,0,False,False,48237.740000000005,Current,DEBT_CONSOLIDATION
LN-500490,CUST-103615,2025-04-27,0,0,False,False,33446.9,Current,DEBT_CONSOLIDATION
LN-500491,CUST-102931,2025-04-27,0,0,False,False,37518.56,Current,DEBT_CONSOLIDATION
LN-500492,CUST-107284,2025-04-27,0,0,False,False,3467.9725000000008,Current,DEBT_CONSOLIDATION
LN-500493,CUST-106419,2025-04-27,0,0,False,False,15638.01,Current,DEBT_CONSOLIDATION
LN-500494,CUST-104340,2025-04-27,0,0,False,False,16635.079999999994,Current,DEBT_CONSOLIDATION
LN-500497,CUST-104835,2025-04-27,0,0,False,False,97536.16000000009,Current,DEBT_CONSOLIDATION
LN-500498,CUST-107245,2025-04-27,0,0,False,False,23060.18,Current,DEBT_CONSOLIDATION
LN-500499,CUST-102034,2025-04-27,0,0,False,False,23524.149999999987,Current,DEBT_CONSOLIDATION
LN-500500,CUST-102779,2025-04-27,0,0,False,False,138418.1950000001,Current,DEBT_CONSOLIDATION
LN-500501,CUST-104067,2025-04-27,0,0,False,False,18054.009999999995,Current,DEBT_CONSOLIDATION
LN-500502,CUST-107890,2025-04-27,0,0,False,False,19037.96,Current,DEBT_CONSOLIDATION
LN-500503,CUST-106125,2025-04-27,0,0,False,False,21407.6925,Current,DEBT_CONSOLIDATION
LN-500504,CUST-106874,2025-04-27,0,0,False,False,7415.754999999997,Current,DEBT_CONSOLIDATION
LN-500507,CUST-105515,2025-04-27,0,0,False,False,23302.425,Current,DEBT_CONSOLIDATION
LN-500508,CUST-104059,2025-04-27,0,0,False,False,17836.8775,Current,DEBT_CONSOLIDATION
LN-500509,CUST-105409,2025-04-27,0,0,False,False,13823.777500000002,Current,DEBT_CONSOLIDATION
LN-500510,CUST-104067,2025-04-27,0,0,False,False,35255.77499999997,Current,DEBT_CONSOLIDATION
LN-500511,CUST-103359,2025-04-27,0,0,False,False,16350.009999999998,Current,DEBT_CONSOLIDATION
LN-500512,CUST-107982,2025-04-27,0,0,False,False,603371.1750000004,Current,DEBT_CONSOLIDATION
LN-500513,CUST-103158,2025-04-27,0,0,False,False,11499.657500000001,Current,DEBT_CONSOLIDATION
LN-500514,CUST-100315,2025-04-27,0,0,False,False,116429.47,Current,DEBT_CONSOLIDATION
LN-500517,CUST-101929,2025-04-27,0,0,False,False,18829.17,Current,DEBT_CONSOLIDATION
LN-500518,CUST-100041,2025-04-27,0,0,False,False,36485.89999999999,Current,DEBT_CONSOLIDATION
LN-500520,CUST-107180,2025-04-27,0,0,False,False,50286.79500000001,Current,DEBT_CONSOLIDATION
LN-500521,CUST-105437,2025-04-27,0,0,False,False,16671.134999999977,Current,DEBT_CONSOLIDATION
LN-500522,CUST-106827,2025-04-27,0,0,False,False,18030.362499999996,Current,DEBT_CONSOLIDATION
LN-500523,CUST-104306,2025-04-27,1,14,False,False,12651.65,1-29,DEBT_CONSOLIDATION
LN-500524,CUST-105959,2025-04-27,0,0,False,False,24889.514999999996,Current,DEBT_CONSOLIDATION
LN-500526,CUST-102546,2025-04-27,0,0,False,False,2736.505,Current,DEBT_CONSOLIDATION
LN-500527,CUST-102383,2025-04-27,0,0,False,False,9843.27,Current,DEBT_CONSOLIDATION
LN-500528,CUST-101107,2025-04-27,0,0,False,False,35126.90000000003,Current,DEBT_CONSOLIDATION
LN-500529,CUST-102756,2025-04-27,0,0,False,False,29200.685000000012,Current,DEBT_CONSOLIDATION
LN-500530,CUST-104635,2025-04-27,0,0,False,False,65742.56749999999,Current,DEBT_CONSOLIDATION
LN-500531,CUST-107288,2025-04-27,0,0,False,False,22266.7875,Current,DEBT_CONSOLIDATION
LN-500532,CUST-107059,2025-04-27,0,0,False,False,16262.52000000001,Current,DEBT_CONSOLIDATION
LN-500533,CUST-101376,2025-04-27,0,0,False,False,14266.430000000004,Current,DEBT_CONSOLIDATION
LN-500535,CUST-105062,2025-04-27,0,0,False,False,37577.992499999986,Current,DEBT_CONSOLIDATION
LN-500536,CUST-100396,2025-04-27,0,0,False,False,11437.060000000001,Current,DEBT_CONSOLIDATION
LN-500537,CUST-101332,2025-04-27,0,0,False,False,17330.157499999998,Current,DEBT_CONSOLIDATION
LN-500538,CUST-102514,2025-04-27,0,0,False,False,13955.082500000002,Current,DEBT_CONSOLIDATION
LN-500539,CUST-105443,2025-04-27,0,0,False,False,13995.72,Current,DEBT_CONSOLIDATION
LN-500540,CUST-105297,2025-04-27,0,0,False,False,32196.22,Current,DEBT_CONSOLIDATION
LN-500541,CUST-100770,2025-04-27,0,0,False,False,43243.2025,Current,DEBT_CONSOLIDATION
LN-500544,CUST-104382,2025-04-27,1,2,False,False,3630.4849999999988,1-29,DEBT_CONSOLIDATION
LN-500545,CUST-105174,2025-04-27,0,0,False,False,22136.665000000008,Current,DEBT_CONSOLIDATION
LN-500546,CUST-100274,2025-04-27,0,0,False,False,21769.8175,Current,DEBT_CONSOLIDATION
LN-500547,CUST-101617,2025-04-27,0,0,False,False,129862.17000000004,Current,DEBT_CONSOLIDATION
LN-500548,CUST-102486,2025-04-27,0,0,False,False,20254.765,Current,DEBT_CONSOLIDATION
LN-500549,CUST-104163,2025-04-27,0,0,False,False,2779.205,Current,DEBT_CONSOLIDATION
LN-500550,CUST-103803,2025-04-27,0,0,False,False,16299.92,Current,DEBT_CONSOLIDATION
LN-500551,CUST-107840,2025-04-27,0,0,False,False,16295.395000000008,Current,DEBT_CONSOLIDATION
LN-500552,CUST-100032,2025-04-27,0,0,False,False,8720.745,Current,DEBT_CONSOLIDATION
LN-500553,CUST-105949,2025-04-27,0,0,False,False,19109.369999999988,Current,DEBT_CONSOLIDATION
LN-500554,CUST-104960,2025-04-27,0,0,False,False,16246.677499999998,Current,DEBT_CONSOLIDATION
LN-500555,CUST-107001,2025-04-27,0,0,False,False,116384.16000000005,Current,DEBT_CONSOLIDATION
LN-500556,CUST-102635,2025-04-27,0,0,False,False,7797.412499999999,Current,DEBT_CONSOLIDATION
LN-500557,CUST-106231,2025-04-27,0,0,False,False,8663.022500000006,Current,DEBT_CONSOLIDATION
LN-500558,CUST-107980,2025-04-27,1,1,False,False,26704.044999999987,1-29,DEBT_CONSOLIDATION
LN-500559,CUST-105585,2025-04-27,0,0,False,False,11625.2325,Current,DEBT_CONSOLIDATION
LN-500560,CUST-107726,2025-04-27,0,0,False,False,9971.137500000008,Current,DEBT_CONSOLIDATION
LN-500561,CUST-103643,2025-04-27,0,0,False,False,44175.64999999999,Current,DEBT_CONSOLIDATION
LN-500562,CUST-104478,2025-04-27,0,0,False,False,26120.309999999998,Current,DEBT_CONSOLIDATION
LN-500563,CUST-102534,2025-04-27,0,0,False,False,6163.244999999998,Current,DEBT_CONSOLIDATION
LN-500564,CUST-107322,2025-04-27,0,0,False,False,20767.13,Current,DEBT_CONSOLIDATION
LN-500565,CUST-101273,2025-04-27,0,0,False,False,68134.28750000003,Current,DEBT_CONSOLIDATION
LN-500566,CUST-101163,2025-04-27,0,0,False,False,12714.892499999998,Current,DEBT_CONSOLIDATION
LN-500567,CUST-106494,2025-04-27,0,0,False,False,32468.700000000044,Current,DEBT_CONSOLIDATION
LN-500568,CUST-102072,2025-04-27,0,0,False,False,36093.40499999999,Current,DEBT_CONSOLIDATION
LN-500569,CUST-103902,2025-04-27,4,134,False,False,42223.58500000001,90+,DEBT_CONSOLIDATION
LN-500570,CUST-107954,2025-04-27,0,0,False,False,15644.945,Current,DEBT_CONSOLIDATION
LN-500572,CUST-100352,2025-04-27,0,0,False,False,33297.94,Current,DEBT_CONSOLIDATION
LN-500573,CUST-101289,2025-04-27,0,0,False,False,9842.652499999998,Current,DEBT_CONSOLIDATION
LN-500574,CUST-107873,2025-04-27,0,0,False,False,44007.34499999999,Current,DEBT_CONSOLIDATION
LN-500575,CUST-103709,2025-04-27,0,0,False,False,28002.030000000002,Current,DEBT_CONSOLIDATION
LN-500577,CUST-102455,2025-04-27,0,0,False,False,1134.77,Current,DEBT_CONSOLIDATION
LN-500578,CUST-103676,2025-04-27,0,0,False,False,22682.94000000001,Current,DEBT_CONSOLIDATION
LN-500579,CUST-107015,2025-04-27,0,0,False,False,8786.7825,Current,DEBT_CONSOLIDATION
LN-500580,CUST-101432,2025-04-27,0,0,False,False,13726.842500000002,Current,DEBT_CONSOLIDATION
LN-500581,CUST-105287,2025-04-27,0,0,False,False,13974.760000000006,Current,DEBT_CONSOLIDATION
LN-500582,CUST-105572,2025-04-27,0,0,False,False,95119.595,Current,DEBT_CONSOLIDATION
LN-500583,CUST-106655,2025-04-27,0,0,False,False,560663.8699999999,Current,DEBT_CONSOLIDATION
LN-500584,CUST-101605,2025-04-27,0,0,False,False,15404.31500000001,Current,DEBT_CONSOLIDATION
LN-500585,CUST-106146,2025-04-27,0,0,False,False,17996.36,Current,DEBT_CONSOLIDATION
LN-500586,CUST-102417,2025-04-27,0,0,True,False,10295.524999999994,Current,DEBT_CONSOLIDATION
LN-500587,CUST-101933,2025-04-27,0,0,False,False,21760.13000000002,Current,DEBT_CONSOLIDATION
LN-500588,CUST-107950,2025-04-27,0,0,False,False,13025.504999999997,Current,DEBT_CONSOLIDATION
LN-500590,CUST-100858,2025-04-27,0,0,False,False,16975.892499999987,Current,DEBT_CONSOLIDATION
LN-500592,CUST-100397,2025-04-27,0,0,False,False,26769.60250000001,Current,DEBT_CONSOLIDATION
LN-500593,CUST-107609,2025-04-27,0,0,False,False,11582.589999999997,Current,DEBT_CONSOLIDATION
LN-500594,CUST-105705,2025-04-27,0,0,False,False,16937.762500000004,Current,DEBT_CONSOLIDATION
LN-500595,CUST-107270,2025-04-27,0,0,False,False,28934.947500000006,Current,DEBT_CONSOLIDATION
LN-500597,CUST-105770,2025-04-27,0,0,False,False,3035.595000000001,Current,DEBT_CONSOLIDATION
LN-500598,CUST-107813,2025-04-27,0,0,False,False,34542.189999999966,Current,DEBT_CONSOLIDATION
LN-500599,CUST-103497,2025-04-27,0,0,False,False,22361.365,Current,DEBT_CONSOLIDATION
LN-500600,CUST-104878,2025-04-27,0,0,False,False,9469.205,Current,DEBT_CONSOLIDATION
LN-500601,CUST-101537,2025-04-27,0,0,False,False,16959.28,Current,DEBT_CONSOLIDATION
LN-500602,CUST-105112,2025-04-27,0,0,False,False,28683.319999999992,Current,DEBT_CONSOLIDATION
LN-500603,CUST-105380,2025-04-27,0,0,False,False,18848.649999999998,Current,DEBT_CONSOLIDATION
LN-500604,CUST-103013,2025-04-27,0,0,False,False,46077.340000000004,Current,DEBT_CONSOLIDATION
LN-500605,CUST-106496,2025-04-27,0,0,False,False,7775.345000000001,Current,DEBT_CONSOLIDATION
LN-500606,CUST-100096,2025-04-27,0,0,False,False,15603.009999999998,Current,DEBT_CONSOLIDATION
LN-500607,CUST-102617,2025-04-27,0,0,False,False,15017.9525,Current,DEBT_CONSOLIDATION
LN-500608,CUST-102328,2025-04-27,0,0,False,False,16929.749999999985,Current,DEBT_CONSOLIDATION
LN-500609,CUST-103093,2025-04-27,0,0,True,False,37028.36000000002,Current,DEBT_CONSOLIDATION
LN-500610,CUST-102453,2025-04-27,0,0,False,False,40414.81999999999,Current,DEBT_CONSOLIDATION
LN-500611,CUST-103236,2025-04-27,0,0,True,False,43768.67,Current,DEBT_CONSOLIDATION
LN-500612,CUST-105174,2025-04-27,0,0,False,False,49757.19,Current,DEBT_CONSOLIDATION
LN-500613,CUST-105035,2025-04-27,0,0,False,False,28756.579999999998,Current,DEBT_CONSOLIDATION
LN-500614,CUST-100523,2025-04-27,0,0,False,False,23619.53,Current,DEBT_CONSOLIDATION
LN-500615,CUST-100123,2025-04-27,0,0,False,False,20024.425000000003,Current,DEBT_CONSOLIDATION
LN-500617,CUST-101429,2025-04-27,0,0,False,False,28599.4975,Current,DEBT_CONSOLIDATION
LN-500618,CUST-101267,2025-04-27,0,0,False,False,9143.79250000001,Current,DEBT_CONSOLIDATION
LN-500619,CUST-104484,2025-04-27,0,0,False,False,10716.5725,Current,DEBT_CONSOLIDATION
LN-500620,CUST-104691,2025-04-27,0,0,False,False,39697.32000000001,Current,DEBT_CONSOLIDATION
LN-500621,CUST-100857,2025-04-27,0,0,False,False,29607.6125,Current,DEBT_CONSOLIDATION
LN-500622,CUST-107597,2025-04-27,0,0,False,False,21637.914999999997,Current,DEBT_CONSOLIDATION
LN-500623,CUST-106665,2025-04-27,0,0,False,False,11935.490000000005,Current,DEBT_CONSOLIDATION
LN-500624,CUST-107791,2025-04-27,0,0,False,False,19441.679999999997,Current,DEBT_CONSOLIDATION
LN-500625,CUST-100607,2025-04-27,0,0,False,False,21229.680000000004,Current,DEBT_CONSOLIDATION
LN-500626,CUST-103630,2025-04-27,2,43,False,False,33608.325000000004,30-59,DEBT_CONSOLIDATION
LN-500627,CUST-101586,2025-04-27,0,0,False,False,15177.890000000009,Current,DEBT_CONSOLIDATION
LN-500628,CUST-103504,2025-04-27,0,0,False,False,19880.7325,Current,DEBT_CONSOLIDATION
LN-500629,CUST-103976,2025-04-27,4,121,False,False,43058.86499999999,90+,DEBT_CONSOLIDATION
LN-500630,CUST-100155,2025-04-27,0,0,False,False,24040.402499999993,Current,DEBT_CONSOLIDATION
LN-500631,CUST-104183,2025-04-27,0,0,False,False,9906.96,Current,DEBT_CONSOLIDATION
LN-500632,CUST-107098,2025-04-27,0,0,False,False,19639.54,Current,DEBT_CONSOLIDATION
LN-500633,CUST-105425,2025-04-27,0,0,False,False,459243.75250000006,Current,DEBT_CONSOLIDATION
LN-500634,CUST-107119,2025-04-27,0,0,False,False,38802.162500000006,Current,DEBT_CONSOLIDATION
LN-500635,CUST-103131,2025-04-27,0,0,False,False,17538.697499999987,Current,DEBT_CONSOLIDATION
LN-500636,CUST-100426,2025-04-27,0,0,False,False,25049.159999999993,Current,DEBT_CONSOLIDATION
LN-500637,CUST-106763,2025-04-27,0,0,False,False,462965.2599999999,Current,DEBT_CONSOLIDATION
LN-500638,CUST-107183,2025-04-27,0,0,False,False,40474.27,Current,DEBT_CONSOLIDATION
LN-500639,CUST-106374,2025-04-27,0,0,False,False,27084.15,Current,DEBT_CONSOLIDATION
LN-500640,CUST-101354,2025-04-27,0,0,False,False,33558.52,Current,DEBT_CONSOLIDATION
LN-500641,CUST-103429,2025-04-27,0,0,False,False,29430.035000000018,Current,DEBT_CONSOLIDATION
LN-500642,CUST-102673,2025-04-27,0,0,False,False,6987.775000000001,Current,DEBT_CONSOLIDATION
LN-500643,CUST-104420,2025-04-27,0,0,False,False,14622.282500000003,Current,DEBT_CONSOLIDATION
LN-500644,CUST-102717,2025-04-27,0,0,False,False,17255.300000000007,Current,DEBT_CONSOLIDATION
LN-500645,CUST-104383,2025-04-27,0,0,False,False,9062.76499999999,Current,DEBT_CONSOLIDATION
LN-500646,CUST-107250,2025-04-27,0,0,False,False,28297.710000000003,Current,DEBT_CONSOLIDATION
LN-500647,CUST-105745,2025-04-27,0,0,False,False,30688.070000000018,Current,DEBT_CONSOLIDATION
LN-500648,CUST-106918,2025-04-27,0,0,False,False,23105.1925,Current,DEBT_CONSOLIDATION
LN-500649,CUST-102141,2025-04-27,0,0,False,False,242915.76000000013,Current,DEBT_CONSOLIDATION
LN-500651,CUST-104300,2025-04-27,0,0,False,False,38014.1875,Current,DEBT_CONSOLIDATION
LN-500652,CUST-103787,2025-04-27,0,0,False,False,17767.135000000002,Current,DEBT_CONSOLIDATION
LN-500653,CUST-102322,2025-04-27,0,0,False,False,45285.92,Current,DEBT_CONSOLIDATION
LN-500654,CUST-100024,2025-04-27,0,0,False,False,1065.9375000000002,Current,DEBT_CONSOLIDATION
LN-500655,CUST-102720,2025-04-27,0,0,False,False,19219.700000000004,Current,DEBT_CONSOLIDATION
LN-500656,CUST-106931,2025-04-27,0,0,False,False,6614.0549999999985,Current,DEBT_CONSOLIDATION
LN-500657,CUST-105503,2025-04-27,0,0,False,False,10643.02,Current,DEBT_CONSOLIDATION
LN-500658,CUST-102936,2025-04-27,0,0,False,False,37230.09000000002,Current,DEBT_CONSOLIDATION
LN-500659,CUST-102703,2025-04-27,0,0,False,False,30277.960000000006,Current,DEBT_CONSOLIDATION
LN-500660,CUST-103992,2025-04-27,0,0,False,False,23418.47,Current,DEBT_CONSOLIDATION
LN-500662,CUST-103290,2025-04-27,0,0,False,False,21098.33,Current,DEBT_CONSOLIDATION
LN-500663,CUST-105273,2025-04-27,0,0,False,False,44862.42500000001,Current,DEBT_CONSOLIDATION
LN-500664,CUST-102352,2025-04-27,0,0,False,False,29446.8,Current,DEBT_CONSOLIDATION
LN-500665,CUST-100377,2025-04-27,0,0,False,False,44559.57750000001,Current,DEBT_CONSOLIDATION
LN-500666,CUST-100883,2025-04-27,0,0,False,False,9199.1375,Current,DEBT_CONSOLIDATION
LN-500667,CUST-104186,2025-04-27,0,0,False,False,28161.710000000014,Current,DEBT_CONSOLIDATION
LN-500668,CUST-107449,2025-04-27,0,0,False,False,26858.995000000003,Current,DEBT_CONSOLIDATION
LN-500670,CUST-106538,2025-04-27,0,0,False,False,11677.349999999999,Current,DEBT_CONSOLIDATION
LN-500671,CUST-104071,2025-04-27,0,0,False,False,15082.619999999995,Current,DEBT_CONSOLIDATION
LN-500672,CUST-107792,2025-04-27,0,0,False,False,6302.06,Current,DEBT_CONSOLIDATION
LN-500673,CUST-106368,2025-04-27,0,0,False,False,12173.1,Current,DEBT_CONSOLIDATION
LN-500675,CUST-105760,2025-04-27,1,2,False,False,38027.03999999997,1-29,DEBT_CONSOLIDATION
LN-500676,CUST-103152,2025-04-27,0,0,False,False,12932.804999999997,Current,DEBT_CONSOLIDATION
LN-500677,CUST-104161,2025-04-27,0,0,False,False,25231.54,Current,DEBT_CONSOLIDATION
LN-500678,CUST-105783,2025-04-27,1,13,False,False,541227.2500000001,1-29,DEBT_CONSOLIDATION
LN-500679,CUST-102903,2025-04-27,0,0,False,False,27724.44000000001,Current,DEBT_CONSOLIDATION
LN-500680,CUST-102085,2025-04-27,0,0,False,False,21272.67,Current,DEBT_CONSOLIDATION
LN-500681,CUST-104514,2025-04-27,0,0,False,False,204725.6025000001,Current,DEBT_CONSOLIDATION
LN-500682,CUST-105984,2025-04-27,0,0,False,False,15455.78,Current,DEBT_CONSOLIDATION
LN-500683,CUST-104202,2025-04-27,0,0,False,False,15137.672499999995,Current,DEBT_CONSOLIDATION
LN-500684,CUST-103766,2025-04-27,3,81,False,False,40082.7925,60-89,DEBT_CONSOLIDATION
LN-500685,CUST-106963,2025-04-27,0,0,False,False,5652.262499999999,Current,DEBT_CONSOLIDATION
LN-500686,CUST-106996,2025-04-27,0,0,False,False,26084.127499999995,Current,DEBT_CONSOLIDATION
LN-500687,CUST-100585,2025-04-27,0,0,False,False,17974.965000000007,Current,DEBT_CONSOLIDATION
LN-500688,CUST-107721,2025-04-27,1,2,False,False,11026.449999999995,1-29,DEBT_CONSOLIDATION
LN-500689,CUST-103214,2025-04-27,0,0,False,False,37272.59000000002,Current,DEBT_CONSOLIDATION
LN-500690,CUST-107636,2025-04-27,0,0,False,False,27826.33,Current,DEBT_CONSOLIDATION
LN-500693,CUST-101423,2025-04-27,0,0,False,False,1981.9000000000017,Current,DEBT_CONSOLIDATION
LN-500694,CUST-103561,2025-04-27,0,0,False,False,25406.969999999998,Current,DEBT_CONSOLIDATION
LN-500695,CUST-107022,2025-04-27,0,0,False,False,9051.649999999994,Current,DEBT_CONSOLIDATION
LN-500696,CUST-103469,2025-04-27,0,0,False,False,29047.190000000006,Current,DEBT_CONSOLIDATION
LN-500697,CUST-105834,2025-04-27,0,0,False,False,2658.5649999999996,Current,DEBT_CONSOLIDATION
LN-500698,CUST-100170,2025-04-27,0,0,False,False,25014.392499999987,Current,DEBT_CONSOLIDATION
LN-500700,CUST-103706,2025-04-27,0,0,False,False,7334.550000000001,Current,DEBT_CONSOLIDATION
LN-500701,CUST-101626,2025-04-27,0,0,False,False,33572.010000000024,Current,DEBT_CONSOLIDATION
LN-500702,CUST-104525,2025-04-27,0,0,False,False,8255.172499999997,Current,DEBT_CONSOLIDATION
LN-500703,CUST-105886,2025-04-27,0,0,False,False,120617.02,Current,DEBT_CONSOLIDATION
LN-500704,CUST-104615,2025-04-27,0,0,False,False,31970.200000000004,Current,DEBT_CONSOLIDATION
LN-500705,CUST-100323,2025-04-27,0,0,False,False,24039.3575,Current,DEBT_CONSOLIDATION
LN-500706,CUST-102767,2025-04-27,0,0,False,False,20543.87,Current,DEBT_CONSOLIDATION
LN-500707,CUST-107554,2025-04-27,0,0,False,False,325.99500000000006,Current,DEBT_CONSOLIDATION
LN-500708,CUST-106339,2025-04-27,0,0,False,False,52229.965000000004,Current,DEBT_CONSOLIDATION
LN-500709,CUST-103506,2025-04-27,0,0,False,False,20706.96249999999,Current,DEBT_CONSOLIDATION
LN-500710,CUST-102699,2025-04-27,0,0,True,False,7954.280000000002,Current,DEBT_CONSOLIDATION
LN-500711,CUST-107076,2025-04-27,0,0,False,False,34513.31500000004,Current,DEBT_CONSOLIDATION
LN-500712,CUST-101647,2025-04-27,0,0,False,False,4076.77,Current,DEBT_CONSOLIDATION
LN-500713,CUST-104956,2025-04-27,1,15,False,False,29082.0225,1-29,DEBT_CONSOLIDATION
LN-500714,CUST-104148,2025-04-27,0,0,False,False,32823.52000000001,Current,DEBT_CONSOLIDATION
LN-500715,CUST-107753,2025-04-27,3,78,False,False,10594.175000000005,60-89,DEBT_CONSOLIDATION
LN-500716,CUST-106360,2025-04-27,0,0,False,False,25703.73,Current,DEBT_CONSOLIDATION
LN-500717,CUST-105901,2025-04-27,0,0,False,False,22192.53250000001,Current,DEBT_CONSOLIDATION
LN-500718,CUST-105189,2025-04-27,0,0,False,False,9486.269999999993,Current,DEBT_CONSOLIDATION
LN-500719,CUST-103759,2025-04-27,0,0,False,False,27161.567500000005,Current,DEBT_CONSOLIDATION
LN-500720,CUST-107699,2025-04-27,0,0,False,False,15227.757499999996,Current,DEBT_CONSOLIDATION
LN-500721,CUST-104246,2025-04-27,0,0,False,False,27878.780000000006,Current,DEBT_CONSOLIDATION
LN-500722,CUST-100485,2025-04-27,0,0,False,False,59526.845,Current,DEBT_CONSOLIDATION
LN-500723,CUST-100638,2025-04-27,0,0,False,False,18330.289999999997,Current,DEBT_CONSOLIDATION
LN-500724,CUST-105199,2025-04-27,0,0,False,False,25933.95,Current,DEBT_CONSOLIDATION
LN-500725,CUST-106924,2025-04-27,0,0,False,False,138198.46749999994,Current,DEBT_CONSOLIDATION
LN-500727,CUST-106817,2025-04-27,0,0,False,False,24083.399999999998,Current,DEBT_CONSOLIDATION
LN-500728,CUST-105654,2025-04-27,0,0,False,False,20214.975000000002,Current,DEBT_CONSOLIDATION
LN-500729,CUST-100673,2025-04-27,0,0,False,False,40005.77,Current,DEBT_CONSOLIDATION
LN-500730,CUST-102833,2025-04-27,0,0,False,False,22181.515000000003,Current,DEBT_CONSOLIDATION
LN-500731,CUST-107016,2025-04-27,0,0,False,False,23372.937499999978,Current,DEBT_CONSOLIDATION
LN-500732,CUST-101398,2025-04-27,1,22,False,False,46240.47749999998,1-29,DEBT_CONSOLIDATION
LN-500733,CUST-100907,2025-04-27,0,0,False,False,18654.242500000008,Current,DEBT_CONSOLIDATION
LN-500734,CUST-100005,2025-04-27,0,0,False,False,51637.799999999996,Current,DEBT_CONSOLIDATION
LN-500735,CUST-106990,2025-04-27,0,0,False,False,60412.89499999999,Current,DEBT_CONSOLIDATION
LN-500736,CUST-105120,2025-04-27,0,0,False,False,12915.664999999999,Current,DEBT_CONSOLIDATION
LN-500737,CUST-100695,2025-04-27,0,0,False,False,15116.447500000006,Current,DEBT_CONSOLIDATION
LN-500738,CUST-105336,2025-04-27,0,0,False,False,23112.84,Current,DEBT_CONSOLIDATION
LN-500739,CUST-102269,2025-04-27,4,113,False,False,11101.220000000001,90+,DEBT_CONSOLIDATION
LN-500740,CUST-101546,2025-04-27,0,0,False,False,14414.362499999996,Current,DEBT_CONSOLIDATION
LN-500741,CUST-102440,2025-04-27,0,0,False,False,8143.300000000005,Current,DEBT_CONSOLIDATION
LN-500742,CUST-107621,2025-04-27,0,0,False,False,14422.245000000006,Current,DEBT_CONSOLIDATION
LN-500744,CUST-100910,2025-04-27,0,0,False,False,4168.899999999997,Current,DEBT_CONSOLIDATION
LN-500745,CUST-101058,2025-04-27,0,0,False,False,7542.174999999999,Current,DEBT_CONSOLIDATION
LN-500746,CUST-105510,2025-04-27,0,0,True,False,33373.12500000002,Current,DEBT_CONSOLIDATION
LN-500747,CUST-106264,2025-04-27,0,0,False,False,25219.317499999986,Current,DEBT_CONSOLIDATION
LN-500748,CUST-104385,2025-04-27,0,0,False,False,43480.549999999996,Current,DEBT_CONSOLIDATION
LN-500749,CUST-106278,2025-04-27,0,0,False,False,5765.070000000002,Current,DEBT_CONSOLIDATION
LN-500750,CUST-100857,2025-04-27,1,13,False,False,14035.7475,1-29,DEBT_CONSOLIDATION
LN-500751,CUST-102450,2025-04-27,0,0,False,False,15761.3575,Current,DEBT_CONSOLIDATION
LN-500752,CUST-106580,2025-04-27,0,0,False,False,6381.32,Current,DEBT_CONSOLIDATION
LN-500753,CUST-107199,2025-04-27,0,0,False,False,588907.6149999999,Current,DEBT_CONSOLIDATION
LN-500754,CUST-103144,2025-04-27,0,0,False,False,2857.689999999999,Current,DEBT_CONSOLIDATION
LN-500755,CUST-105309,2025-04-27,0,0,False,False,18154.9375,Current,DEBT_CONSOLIDATION
LN-500756,CUST-102198,2025-04-27,0,0,False,False,22387.76999999999,Current,DEBT_CONSOLIDATION
LN-500757,CUST-103188,2025-04-27,0,0,False,False,19910.129999999986,Current,DEBT_CONSOLIDATION
LN-500760,CUST-105283,2025-04-27,0,0,False,False,9514.570000000003,Current,DEBT_CONSOLIDATION
LN-500761,CUST-106834,2025-04-27,0,0,False,False,22958.145,Current,DEBT_CONSOLIDATION
LN-500762,CUST-107877,2025-04-27,0,0,False,False,24606.14249999999,Current,DEBT_CONSOLIDATION
LN-500763,CUST-107960,2025-04-27,1,31,False,False,46110.47,1-29,DEBT_CONSOLIDATION
LN-500765,CUST-103987,2025-04-27,0,0,False,False,32330.78999999998,Current,DEBT_CONSOLIDATION
LN-500766,CUST-106787,2025-04-27,0,0,False,False,14598.195000000007,Current,DEBT_CONSOLIDATION
LN-500767,CUST-102002,2025-04-27,0,0,False,False,5731.310000000002,Current,DEBT_CONSOLIDATION
LN-500768,CUST-100356,2025-04-27,1,1,False,False,16664.66,1-29,DEBT_CONSOLIDATION
LN-500769,CUST-107151,2025-04-27,0,0,False,False,34342.42999999999,Current,DEBT_CONSOLIDATION
LN-500770,CUST-101928,2025-04-27,0,0,False,False,3117.5999999999985,Current,DEBT_CONSOLIDATION
LN-500771,CUST-105663,2025-04-27,0,0,False,False,3408.965000000001,Current,DEBT_CONSOLIDATION
LN-500772,CUST-106847,2025-04-27,0,0,False,False,10783.45000000001,Current,DEBT_CONSOLIDATION
LN-500773,CUST-105614,2025-04-27,0,0,False,False,33485.0675,Current,DEBT_CONSOLIDATION
LN-500774,CUST-107615,2025-04-27,0,0,False,False,26850.23499999999,Current,DEBT_CONSOLIDATION
LN-500776,CUST-107894,2025-04-27,0,0,False,False,18527.37250000001,Current,DEBT_CONSOLIDATION
LN-500777,CUST-107683,2025-04-27,0,0,False,False,119361.86999999997,Current,DEBT_CONSOLIDATION
LN-500778,CUST-104910,2025-04-27,0,0,False,False,26055.247500000016,Current,DEBT_CONSOLIDATION
LN-500779,CUST-106487,2025-04-27,0,0,True,False,24320.967500000006,Current,DEBT_CONSOLIDATION
LN-500780,CUST-107114,2025-04-27,0,0,False,False,27771.17749999999,Current,DEBT_CONSOLIDATION
LN-500781,CUST-104782,2025-04-27,0,0,False,False,8975.160000000002,Current,DEBT_CONSOLIDATION
LN-500782,CUST-105234,2025-04-27,0,0,False,False,43128.655,Current,DEBT_CONSOLIDATION
LN-500783,CUST-107867,2025-04-27,0,0,False,False,4785.3099999999995,Current,DEBT_CONSOLIDATION
LN-500784,CUST-103107,2025-04-27,0,0,False,False,26169.735000000004,Current,DEBT_CONSOLIDATION
LN-500785,CUST-104870,2025-04-27,0,0,False,False,24833.52,Current,DEBT_CONSOLIDATION
LN-500786,CUST-104780,2025-04-27,1,2,False,False,14045.78,1-29,DEBT_CONSOLIDATION
LN-500787,CUST-100742,2025-04-27,0,0,False,False,45558.28500000001,Current,DEBT_CONSOLIDATION
LN-500788,CUST-106860,2025-04-27,0,0,False,False,6693.790000000001,Current,DEBT_CONSOLIDATION
LN-500789,CUST-105623,2025-04-27,0,0,False,False,48866.4075,Current,DEBT_CONSOLIDATION
LN-500790,CUST-101536,2025-04-27,2,48,False,False,9896.427500000005,30-59,DEBT_CONSOLIDATION
LN-500791,CUST-106656,2025-04-27,0,0,False,False,10737.300000000001,Current,DEBT_CONSOLIDATION
LN-500792,CUST-100547,2025-04-27,0,0,False,False,29163.215,Current,DEBT_CONSOLIDATION
LN-500793,CUST-106204,2025-04-27,0,0,False,False,28192.235000000008,Current,DEBT_CONSOLIDATION
LN-500794,CUST-100136,2025-04-27,0,0,False,False,13500.740000000002,Current,DEBT_CONSOLIDATION
LN-500795,CUST-106839,2025-04-27,0,0,False,False,6554.02,Current,DEBT_CONSOLIDATION
LN-500796,CUST-101683,2025-04-27,0,0,False,False,41566.48999999998,Current,DEBT_CONSOLIDATION
LN-500797,CUST-102001,2025-04-27,0,0,False,False,13789.172500000004,Current,DEBT_CONSOLIDATION
LN-500799,CUST-103561,2025-04-27,0,0,True,False,47666.965,Current,DEBT_CONSOLIDATION
LN-500800,CUST-103675,2025-04-27,0,0,False,False,3294.194999999998,Current,DEBT_CONSOLIDATION
LN-500801,CUST-106489,2025-04-27,0,0,False,False,21098.480000000007,Current,DEBT_CONSOLIDATION
LN-500802,CUST-101761,2025-04-27,0,0,False,False,9228.774999999994,Current,DEBT_CONSOLIDATION
LN-500803,CUST-101794,2025-04-27,0,0,False,False,101663.88499999998,Current,DEBT_CONSOLIDATION
LN-500804,CUST-107848,2025-04-27,0,0,False,False,13333.577499999992,Current,DEBT_CONSOLIDATION
LN-500805,CUST-105657,2025-04-27,0,0,False,False,7782.369999999994,Current,DEBT_CONSOLIDATION
LN-500806,CUST-107546,2025-04-27,0,0,False,False,21899.762499999997,Current,DEBT_CONSOLIDATION
LN-500807,CUST-106436,2025-04-27,0,0,False,False,6916.389999999998,Current,DEBT_CONSOLIDATION
LN-500808,CUST-101142,2025-04-27,0,0,False,False,23505.2625,Current,DEBT_CONSOLIDATION
LN-500809,CUST-104725,2025-04-27,0,0,False,False,26416.710000000006,Current,DEBT_CONSOLIDATION
LN-500811,CUST-102615,2025-04-27,0,0,False,False,61260.9,Current,DEBT_CONSOLIDATION
LN-500812,CUST-101582,2025-04-27,0,0,False,False,24190.3725,Current,DEBT_CONSOLIDATION
LN-500813,CUST-106414,2025-04-27,0,0,False,False,17846.699999999993,Current,DEBT_CONSOLIDATION
LN-500814,CUST-100897,2025-04-27,0,0,False,False,37985.2425,Current,DEBT_CONSOLIDATION
LN-500816,CUST-103110,2025-04-27,0,0,False,False,22082.46000000002,Current,DEBT_CONSOLIDATION
LN-500817,CUST-105547,2025-04-27,0,0,False,False,15299.68,Current,DEBT_CONSOLIDATION
LN-500818,CUST-104587,2025-04-27,4,263,False,False,9647.480000000001,90+,DEBT_CONSOLIDATION
LN-500819,CUST-104595,2025-04-27,0,0,False,False,31888.750000000015,Current,DEBT_CONSOLIDATION
LN-500820,CUST-103599,2025-04-27,0,0,False,False,9683.685,Current,DEBT_CONSOLIDATION
LN-500821,CUST-102848,2025-04-27,0,0,False,False,137975.63749999998,Current,DEBT_CONSOLIDATION
LN-500822,CUST-101834,2025-04-27,0,0,False,False,2618.670000000001,Current,DEBT_CONSOLIDATION
LN-500824,CUST-100039,2025-04-27,0,0,False,False,24142.46749999999,Current,DEBT_CONSOLIDATION
LN-500825,CUST-102290,2025-04-27,0,0,False,False,94175.82750000001,Current,DEBT_CONSOLIDATION
LN-500826,CUST-102205,2025-04-27,0,0,False,False,12893.765000000001,Current,DEBT_CONSOLIDATION
LN-500827,CUST-107557,2025-04-27,0,0,False,False,11248.334999999988,Current,DEBT_CONSOLIDATION
LN-500828,CUST-101705,2025-04-27,0,0,False,False,5173.295,Current,DEBT_CONSOLIDATION
LN-500829,CUST-101697,2025-04-27,0,0,False,False,7300.187499999998,Current,DEBT_CONSOLIDATION
LN-500831,CUST-102489,2025-04-27,0,0,False,False,16219.932499999986,Current,DEBT_CONSOLIDATION
LN-500832,CUST-101968,2025-04-27,0,0,False,False,19818.73000000001,Current,DEBT_CONSOLIDATION
LN-500833,CUST-106878,2025-04-27,0,0,False,False,15866.715000000007,Current,DEBT_CONSOLIDATION
LN-500834,CUST-106879,2025-04-27,0,0,False,False,27743.295,Current,DEBT_CONSOLIDATION
LN-500835,CUST-106751,2025-04-27,0,0,False,False,33779.18499999999,Current,DEBT_CONSOLIDATION
LN-500836,CUST-102391,2025-04-27,0,0,False,False,13594.445000000003,Current,DEBT_CONSOLIDATION
LN-500837,CUST-104228,2025-04-27,0,0,False,False,11294.1,Current,DEBT_CONSOLIDATION
LN-500838,CUST-101919,2025-04-27,0,0,False,False,41319.50250000002,Current,DEBT_CONSOLIDATION
LN-500839,CUST-101213,2025-04-27,0,0,False,False,26499.732500000002,Current,DEBT_CONSOLIDATION
LN-500840,CUST-106411,2025-04-27,0,0,False,False,25457.18,Current,DEBT_CONSOLIDATION
LN-500841,CUST-105667,2025-04-27,0,0,False,False,9047.160000000003,Current,DEBT_CONSOLIDATION
LN-500842,CUST-100954,2025-04-27,0,0,False,False,99536.76000000007,Current,DEBT_CONSOLIDATION
LN-500843,CUST-106906,2025-04-27,0,0,False,False,4745.1,Current,DEBT_CONSOLIDATION
LN-500844,CUST-107661,2025-04-27,0,0,False,False,39136.6,Current,DEBT_CONSOLIDATION
LN-500845,CUST-100117,2025-04-27,0,0,False,False,17374.775,Current,DEBT_CONSOLIDATION
LN-500846,CUST-103043,2025-04-27,0,0,False,False,138530.39250000002,Current,DEBT_CONSOLIDATION
LN-500847,CUST-106919,2025-04-27,1,5,False,False,46367.89,1-29,DEBT_CONSOLIDATION
LN-500849,CUST-102245,2025-04-27,0,0,False,True,876.9400000000003,Current,DEBT_CONSOLIDATION
LN-500850,CUST-107639,2025-04-27,0,0,False,False,27551.117500000004,Current,DEBT_CONSOLIDATION
LN-500851,CUST-103249,2025-04-27,0,0,False,False,89351.3625,Current,DEBT_CONSOLIDATION
LN-500852,CUST-104873,2025-04-27,0,0,False,False,3921.435000000002,Current,DEBT_CONSOLIDATION
LN-500853,CUST-104201,2025-04-27,0,0,False,False,11674.4,Current,DEBT_CONSOLIDATION
LN-500854,CUST-101648,2025-04-27,0,0,False,False,14890.925000000003,Current,DEBT_CONSOLIDATION
LN-500855,CUST-101097,2025-04-27,0,0,False,False,10976.875000000002,Current,DEBT_CONSOLIDATION
LN-500856,CUST-105988,2025-04-27,0,0,False,False,8165.25,Current,DEBT_CONSOLIDATION
LN-500857,CUST-104770,2025-04-27,0,0,False,False,9766.535000000005,Current,DEBT_CONSOLIDATION
LN-500858,CUST-107963,2025-04-27,0,0,False,False,33294.42499999999,Current,DEBT_CONSOLIDATION
LN-500859,CUST-100650,2025-04-27,0,0,False,False,8088.972500000002,Current,DEBT_CONSOLIDATION
LN-500860,CUST-102934,2025-04-27,0,0,False,False,10233.4375,Current,DEBT_CONSOLIDATION
LN-500861,CUST-101280,2025-04-27,0,0,False,False,38125.6225,Current,DEBT_CONSOLIDATION
LN-500862,CUST-105111,2025-04-27,0,0,False,False,8723.30999999999,Current,DEBT_CONSOLIDATION
LN-500863,CUST-106900,2025-04-27,0,0,False,False,5240.685000000001,Current,DEBT_CONSOLIDATION
LN-500864,CUST-104473,2025-04-27,0,0,False,False,46377.40499999999,Current,DEBT_CONSOLIDATION
LN-500865,CUST-102676,2025-04-27,0,0,False,False,389409.4800000001,Current,DEBT_CONSOLIDATION
LN-500866,CUST-107157,2025-04-27,0,0,False,False,29052.68,Current,DEBT_CONSOLIDATION
LN-500867,CUST-107241,2025-04-27,0,0,False,False,8877.2675,Current,DEBT_CONSOLIDATION
LN-500868,CUST-103469,2025-04-27,0,0,False,False,28744.512499999983,Current,DEBT_CONSOLIDATION
LN-500869,CUST-106031,2025-04-27,0,0,False,False,18353.075000000004,Current,DEBT_CONSOLIDATION
LN-500870,CUST-101629,2025-04-27,0,0,False,False,51039.382499999985,Current,DEBT_CONSOLIDATION
LN-500871,CUST-103185,2025-04-27,0,0,False,False,40119.87,Current,DEBT_CONSOLIDATION
LN-500872,CUST-102797,2025-04-27,0,0,False,False,8655.177500000005,Current,DEBT_CONSOLIDATION
LN-500873,CUST-105850,2025-04-27,0,0,False,False,18115.91,Current,DEBT_CONSOLIDATION
LN-500874,CUST-105796,2025-04-27,0,0,False,False,20495.910000000003,Current,DEBT_CONSOLIDATION
LN-500875,CUST-106354,2025-04-27,0,0,False,False,17326.40500000001,Current,DEBT_CONSOLIDATION
LN-500876,CUST-106735,2025-04-27,0,0,False,False,13473.800000000003,Current,DEBT_CONSOLIDATION
LN-500877,CUST-106843,2025-04-27,0,0,False,False,12214.440000000002,Current,DEBT_CONSOLIDATION
LN-500878,CUST-106716,2025-04-27,1,5,False,False,26489.12,1-29,DEBT_CONSOLIDATION
LN-500879,CUST-101011,2025-04-27,0,0,False,False,23494.7725,Current,DEBT_CONSOLIDATION
LN-500880,CUST-100399,2025-04-27,0,0,False,True,22202.75999999999,Current,DEBT_CONSOLIDATION
LN-500881,CUST-105022,2025-04-27,0,0,False,False,15603.152499999998,Current,DEBT_CONSOLIDATION
LN-500882,CUST-100903,2025-04-27,0,0,False,False,24166.470000000016,Current,DEBT_CONSOLIDATION
LN-500884,CUST-105791,2025-04-27,1,19,False,False,31178.044999999976,1-29,DEBT_CONSOLIDATION
LN-500885,CUST-102697,2025-04-27,0,0,False,False,3307.49,Current,DEBT_CONSOLIDATION
LN-500886,CUST-100090,2025-04-27,0,0,False,False,13330.899999999998,Current,DEBT_CONSOLIDATION
LN-500887,CUST-101199,2025-04-27,0,0,False,False,22645.805,Current,DEBT_CONSOLIDATION
LN-500888,CUST-104917,2025-04-27,0,0,False,False,9318.820000000009,Current,DEBT_CONSOLIDATION
LN-500889,CUST-104612,2025-04-27,0,0,False,False,19363.717500000013,Current,DEBT_CONSOLIDATION
LN-500890,CUST-104028,2025-04-27,0,0,False,False,4565.219999999999,Current,DEBT_CONSOLIDATION
LN-500891,CUST-101040,2025-04-27,0,0,False,False,8284.2075,Current,DEBT_CONSOLIDATION
LN-500892,CUST-107409,2025-04-27,0,0,False,False,41056.49750000001,Current,DEBT_CONSOLIDATION
LN-500893,CUST-102938,2025-04-27,0,0,False,False,39150.03999999999,Current,DEBT_CONSOLIDATION
LN-500894,CUST-105990,2025-04-27,0,0,False,False,15455.279999999999,Current,DEBT_CONSOLIDATION
LN-500895,CUST-105363,2025-04-27,0,0,False,False,18126.334999999992,Current,DEBT_CONSOLIDATION
LN-500896,CUST-107734,2025-04-27,0,0,False,False,6611.490000000002,Current,DEBT_CONSOLIDATION
LN-500897,CUST-102683,2025-04-27,0,0,False,False,9419.174999999988,Current,DEBT_CONSOLIDATION
LN-500898,CUST-107344,2025-04-27,0,0,False,False,16985.097499999993,Current,DEBT_CONSOLIDATION
LN-500899,CUST-101942,2025-04-27,0,0,False,False,31465.76,Current,DEBT_CONSOLIDATION
LN-500900,CUST-102891,2025-04-27,0,0,False,False,52278.935000000005,Current,DEBT_CONSOLIDATION
LN-500901,CUST-105664,2025-04-27,0,0,False,False,122182.48499999999,Current,DEBT_CONSOLIDATION
LN-500903,CUST-101621,2025-04-27,0,0,False,False,41717.94500000002,Current,DEBT_CONSOLIDATION
LN-500904,CUST-100370,2025-04-27,0,0,False,False,15183.49,Current,DEBT_CONSOLIDATION
LN-500905,CUST-106830,2025-04-27,0,0,False,False,23943.18999999999,Current,DEBT_CONSOLIDATION
LN-500906,CUST-105741,2025-04-27,0,0,False,False,636719.5099999999,Current,DEBT_CONSOLIDATION
LN-500907,CUST-106172,2025-04-27,0,0,False,False,3508.6799999999985,Current,DEBT_CONSOLIDATION
LN-500908,CUST-101056,2025-04-27,0,0,False,False,2119.3224999999975,Current,DEBT_CONSOLIDATION
LN-500909,CUST-106127,2025-04-27,0,0,False,False,39237.33,Current,DEBT_CONSOLIDATION
LN-500910,CUST-105567,2025-04-27,0,0,True,False,22921.179999999997,Current,DEBT_CONSOLIDATION
LN-500911,CUST-103075,2025-04-27,0,0,False,False,25188.675,Current,DEBT_CONSOLIDATION
LN-500912,CUST-107148,2025-04-27,0,0,False,False,8877.419999999998,Current,DEBT_CONSOLIDATION
LN-500913,CUST-100294,2025-04-27,0,0,False,False,31607.80999999999,Current,DEBT_CONSOLIDATION
LN-500914,CUST-104251,2025-04-27,1,5,False,False,9670.777500000002,1-29,DEBT_CONSOLIDATION
LN-500915,CUST-102558,2025-04-27,0,0,False,False,11018.717500000008,Current,DEBT_CONSOLIDATION
LN-500916,CUST-106020,2025-04-27,2,48,False,False,29597.857499999995,30-59,DEBT_CONSOLIDATION
LN-500917,CUST-106385,2025-04-27,1,7,False,False,3242.710000000001,1-29,DEBT_CONSOLIDATION
LN-500918,CUST-106512,2025-04-27,0,0,False,False,22369.2,Current,DEBT_CONSOLIDATION
LN-500919,CUST-100982,2025-04-27,0,0,False,False,13318.494999999999,Current,DEBT_CONSOLIDATION
LN-500920,CUST-105828,2025-04-27,0,0,False,False,49888.265,Current,DEBT_CONSOLIDATION
LN-500921,CUST-106828,2025-04-27,0,0,False,False,52950.2575,Current,DEBT_CONSOLIDATION
LN-500922,CUST-101151,2025-04-27,0,0,False,False,478466.68000000017,Current,DEBT_CONSOLIDATION
LN-500923,CUST-102968,2025-04-27,0,0,False,False,32511.274999999987,Current,DEBT_CONSOLIDATION
LN-500924,CUST-103878,2025-04-27,0,0,False,False,20373.87000000001,Current,DEBT_CONSOLIDATION
LN-500925,CUST-105517,2025-04-27,0,0,False,False,23602.890000000003,Current,DEBT_CONSOLIDATION
LN-500926,CUST-106135,2025-04-27,0,0,False,False,5891.884999999999,Current,DEBT_CONSOLIDATION
LN-500927,CUST-106893,2025-04-27,0,0,False,False,11239.46,Current,DEBT_CONSOLIDATION
LN-500928,CUST-104181,2025-04-27,0,0,False,False,5837.897500000003,Current,DEBT_CONSOLIDATION
LN-500929,CUST-102934,2025-04-27,0,0,False,False,22825.4275,Current,DEBT_CONSOLIDATION
LN-500930,CUST-107787,2025-04-27,0,0,False,False,23737.36,Current,DEBT_CONSOLIDATION
LN-500931,CUST-101675,2025-04-27,0,0,False,False,119566.16750000001,Current,DEBT_CONSOLIDATION
LN-500932,CUST-100243,2025-04-27,0,0,False,False,10703.032500000007,Current,DEBT_CONSOLIDATION
LN-500933,CUST-101464,2025-04-27,0,0,False,False,2176.43,Current,DEBT_CONSOLIDATION
LN-500934,CUST-100282,2025-04-27,0,0,False,False,19230.510000000002,Current,DEBT_CONSOLIDATION
LN-500935,CUST-103707,2025-04-27,0,0,False,False,10347.634999999991,Current,DEBT_CONSOLIDATION
LN-500936,CUST-100373,2025-04-27,1,15,False,False,11354.309999999994,1-29,DEBT_CONSOLIDATION
LN-500937,CUST-103056,2025-04-27,0,0,False,False,2407.4425,Current,DEBT_CONSOLIDATION
LN-500938,CUST-101083,2025-04-27,0,0,False,False,27461.6775,Current,DEBT_CONSOLIDATION
LN-500939,CUST-104227,2025-04-27,0,0,False,False,29066.965,Current,DEBT_CONSOLIDATION
LN-500940,CUST-105858,2025-04-27,0,0,False,False,65387.185,Current,DEBT_CONSOLIDATION
LN-500941,CUST-101535,2025-04-27,4,110,False,False,19958.102499999994,90+,DEBT_CONSOLIDATION
LN-500942,CUST-103734,2025-04-27,0,0,False,False,19661.690000000002,Current,DEBT_CONSOLIDATION
LN-500944,CUST-103196,2025-04-27,0,0,False,False,15993.517499999996,Current,DEBT_CONSOLIDATION
LN-500945,CUST-102913,2025-04-27,0,0,False,False,8353.245000000003,Current,DEBT_CONSOLIDATION
LN-500946,CUST-107571,2025-04-27,0,0,False,False,18533.679999999993,Current,DEBT_CONSOLIDATION
LN-500947,CUST-107482,2025-04-27,0,0,False,False,100683.46999999999,Current,DEBT_CONSOLIDATION
LN-500948,CUST-106142,2025-04-27,0,0,False,False,3504.4500000000007,Current,DEBT_CONSOLIDATION
LN-500949,CUST-101312,2025-04-27,0,0,False,False,8294.8825,Current,DEBT_CONSOLIDATION
LN-500950,CUST-106981,2025-04-27,0,0,False,False,19725.715,Current,DEBT_CONSOLIDATION
LN-500951,CUST-107066,2025-04-27,0,0,False,False,35777.209999999985,Current,DEBT_CONSOLIDATION
LN-500952,CUST-104012,2025-04-27,0,0,False,False,9883.5175,Current,DEBT_CONSOLIDATION
LN-500953,CUST-105505,2025-04-27,0,0,False,False,18695.8125,Current,DEBT_CONSOLIDATION
LN-500954,CUST-100385,2025-04-27,0,0,False,False,12130.645000000004,Current,DEBT_CONSOLIDATION
LN-500955,CUST-101494,2025-04-27,2,57,False,False,18585.68000000001,30-59,DEBT_CONSOLIDATION
LN-500957,CUST-107969,2025-04-27,4,95,False,False,45748.375,90+,DEBT_CONSOLIDATION
LN-500958,CUST-101822,2025-04-27,0,0,False,False,45859.71999999998,Current,DEBT_CONSOLIDATION
LN-500959,CUST-106111,2025-04-27,0,0,False,False,32753.98749999997,Current,DEBT_CONSOLIDATION
LN-500960,CUST-105277,2025-04-27,0,0,False,False,11626.107499999995,Current,DEBT_CONSOLIDATION
LN-500961,CUST-102066,2025-04-27,1,25,False,False,24960.570000000014,1-29,DEBT_CONSOLIDATION
LN-500962,CUST-106691,2025-04-27,0,0,False,False,18725.315000000013,Current,DEBT_CONSOLIDATION
LN-500963,CUST-107062,2025-04-27,0,0,False,False,8602.4,Current,DEBT_CONSOLIDATION
LN-500964,CUST-101179,2025-04-27,0,0,False,False,24839.902499999997,Current,DEBT_CONSOLIDATION
LN-500965,CUST-103834,2025-04-27,0,0,False,False,10705.08,Current,DEBT_CONSOLIDATION
LN-500966,CUST-100536,2025-04-27,0,0,False,False,38727.665,Current,DEBT_CONSOLIDATION
LN-500967,CUST-100862,2025-04-27,0,0,False,False,17503.420000000006,Current,DEBT_CONSOLIDATION
LN-500968,CUST-101013,2025-04-27,0,0,False,False,26882.362499999996,Current,DEBT_CONSOLIDATION
LN-500969,CUST-101984,2025-04-27,0,0,False,False,20553.885000000006,Current,DEBT_CONSOLIDATION
LN-500971,CUST-107654,2025-04-27,0,0,False,False,332511.4025000003,Current,DEBT_CONSOLIDATION
LN-500972,CUST-101555,2025-04-27,0,0,False,False,30592.2025,Current,DEBT_CONSOLIDATION
LN-500973,CUST-103053,2025-04-27,0,0,False,False,26429.8625,Current,DEBT_CONSOLIDATION
LN-500974,CUST-102298,2025-04-27,0,0,False,False,21913.09999999999,Current,DEBT_CONSOLIDATION
LN-500976,CUST-104266,2025-04-27,0,0,False,False,17453.574999999997,Current,DEBT_CONSOLIDATION
LN-500977,CUST-104781,2025-04-27,0,0,False,False,38626.55749999999,Current,DEBT_CONSOLIDATION
LN-500978,CUST-101615,2025-04-27,0,0,False,False,12889.12,Current,DEBT_CONSOLIDATION
LN-500979,CUST-105814,2025-04-27,0,0,False,False,14369.74,Current,DEBT_CONSOLIDATION
LN-500980,CUST-105091,2025-04-27,0,0,False,False,135551.91499999998,Current,DEBT_CONSOLIDATION
LN-500981,CUST-100621,2025-04-27,0,0,False,False,10702.54,Current,DEBT_CONSOLIDATION
LN-500982,CUST-101037,2025-04-27,0,0,False,False,10870.032500000003,Current,DEBT_CONSOLIDATION
LN-500983,CUST-100227,2025-04-27,0,0,False,False,8677.785,Current,DEBT_CONSOLIDATION
LN-500984,CUST-100061,2025-04-27,0,0,False,False,11719.500000000002,Current,DEBT_CONSOLIDATION
LN-500985,CUST-101112,2025-04-27,0,0,False,False,52025.91000000002,Current,DEBT_CONSOLIDATION
LN-500987,CUST-103941,2025-04-27,0,0,False,False,13510.854999999994,Current,DEBT_CONSOLIDATION
LN-500988,CUST-101973,2025-04-27,0,0,False,False,16827.274999999987,Current,DEBT_CONSOLIDATION
LN-500989,CUST-100980,2025-04-27,0,0,False,False,16389.499999999993,Current,DEBT_CONSOLIDATION
LN-500991,CUST-104855,2025-04-27,0,0,False,False,14371.389999999983,Current,DEBT_CONSOLIDATION
LN-500992,CUST-103401,2025-04-27,0,0,False,False,17270.155000000006,Current,DEBT_CONSOLIDATION
LN-500993,CUST-100047,2025-04-27,1,11,False,False,20876.214999999986,1-29,DEBT_CONSOLIDATION
LN-500994,CUST-100662,2025-04-27,0,0,False,False,21467.74,Current,DEBT_CONSOLIDATION
LN-500995,CUST-106608,2025-04-27,1,11,False,False,2500.2499999999995,1-29,DEBT_CONSOLIDATION
LN-500997,CUST-100100,2025-04-27,0,0,False,False,2862.340000000001,Current,DEBT_CONSOLIDATION
LN-500998,CUST-107671,2025-04-27,0,0,False,False,15916.3225,Current,DEBT_CONSOLIDATION
LN-500999,CUST-102871,2025-04-27,0,0,False,False,49849.79000000001,Current,DEBT_CONSOLIDATION
LN-501001,CUST-105942,2025-04-27,0,0,False,False,28873.015,Current,DEBT_CONSOLIDATION
LN-501002,CUST-104113,2025-04-27,0,0,False,False,29870.03,Current,DEBT_CONSOLIDATION
LN-501003,CUST-107420,2025-04-27,0,0,False,False,12548.965,Current,DEBT_CONSOLIDATION
LN-501004,CUST-102338,2025-04-27,0,0,False,False,29576.987500000007,Current,DEBT_CONSOLIDATION
LN-501006,CUST-107679,2025-04-27,0,0,False,False,7626.939999999999,Current,DEBT_CONSOLIDATION
LN-501007,CUST-101526,2025-04-27,3,61,False,False,30446.8425,60-89,DEBT_CONSOLIDATION
LN-501008,CUST-103490,2025-04-27,0,0,False,False,103465.26999999996,Current,DEBT_CONSOLIDATION
LN-501010,CUST-100821,2025-04-27,0,0,False,False,48592.45250000001,Current,DEBT_CONSOLIDATION
LN-501011,CUST-106165,2025-04-27,0,0,False,False,27029.249999999996,Current,DEBT_CONSOLIDATION
LN-501012,CUST-102736,2025-04-27,0,0,False,False,14447.220000000008,Current,DEBT_CONSOLIDATION
LN-501013,CUST-106209,2025-04-27,0,0,False,False,36053.450000000026,Current,DEBT_CONSOLIDATION
LN-501014,CUST-100440,2025-04-27,0,0,False,False,30826.544999999987,Current,DEBT_CONSOLIDATION
LN-501016,CUST-103843,2025-04-27,0,0,False,False,25169.469999999983,Current,DEBT_CONSOLIDATION
LN-501017,CUST-105638,2025-04-27,0,0,False,False,13847.135000000002,Current,DEBT_CONSOLIDATION
LN-501019,CUST-107772,2025-04-27,1,4,False,False,24722.657499999998,1-29,DEBT_CONSOLIDATION
LN-501020,CUST-107306,2025-04-27,0,0,False,False,3876.605,Current,DEBT_CONSOLIDATION
LN-501021,CUST-107358,2025-04-27,0,0,False,False,24775.410000000003,Current,DEBT_CONSOLIDATION
LN-501022,CUST-102174,2025-04-27,2,44,False,False,16292.210000000006,30-59,DEBT_CONSOLIDATION
LN-501023,CUST-106021,2025-04-27,0,0,False,False,17154.25,Current,DEBT_CONSOLIDATION
LN-501024,CUST-104982,2025-04-27,0,0,False,False,207743.1225,Current,DEBT_CONSOLIDATION
LN-501025,CUST-104237,2025-04-27,0,0,False,False,170442.74250000005,Current,DEBT_CONSOLIDATION
LN-501026,CUST-107856,2025-04-27,0,0,False,False,27968.685000000005,Current,DEBT_CONSOLIDATION
LN-501027,CUST-101220,2025-04-27,0,0,False,False,35466.53,Current,DEBT_CONSOLIDATION
LN-501028,CUST-101237,2025-04-27,0,0,False,False,13786.009999999998,Current,DEBT_CONSOLIDATION
LN-501029,CUST-101939,2025-04-27,0,0,False,False,40942.68249999998,Current,DEBT_CONSOLIDATION
LN-501032,CUST-103328,2025-04-27,0,0,False,False,36944.28000000002,Current,DEBT_CONSOLIDATION
LN-501033,CUST-101853,2025-04-27,0,0,False,False,26430.685000000005,Current,DEBT_CONSOLIDATION
LN-501034,CUST-104695,2025-04-27,0,0,False,False,110792.31750000006,Current,DEBT_CONSOLIDATION
LN-501035,CUST-104337,2025-04-27,0,0,False,False,7179.9000000000015,Current,DEBT_CONSOLIDATION
LN-501036,CUST-103272,2025-04-27,0,0,False,False,2605.3099999999995,Current,DEBT_CONSOLIDATION
LN-501037,CUST-107481,2025-04-27,0,0,False,False,41819.19000000001,Current,DEBT_CONSOLIDATION
LN-501038,CUST-104149,2025-04-27,0,0,False,False,20883.68249999999,Current,DEBT_CONSOLIDATION
LN-501039,CUST-102491,2025-04-27,2,61,False,False,9410.779999999992,30-59,DEBT_CONSOLIDATION
LN-501040,CUST-100712,2025-04-27,0,0,False,False,223026.67999999993,Current,DEBT_CONSOLIDATION
LN-501041,CUST-106442,2025-04-27,0,0,False,False,16169.029999999999,Current,DEBT_CONSOLIDATION
LN-501042,CUST-101705,2025-04-27,0,0,False,False,47381.77,Current,DEBT_CONSOLIDATION
LN-501043,CUST-105576,2025-04-27,0,0,False,False,17058.82249999999,Current,DEBT_CONSOLIDATION
LN-501044,CUST-103341,2025-04-27,1,1,False,False,36539.664999999986,1-29,DEBT_CONSOLIDATION
LN-501045,CUST-107634,2025-04-27,1,14,False,False,37058.26000000004,1-29,DEBT_CONSOLIDATION
LN-501046,CUST-107054,2025-04-27,0,0,False,False,37186.44,Current,DEBT_CONSOLIDATION
LN-501049,CUST-106410,2025-04-27,0,0,False,False,25105.13,Current,DEBT_CONSOLIDATION
LN-501050,CUST-107324,2025-04-27,0,0,False,False,28783.5975,Current,DEBT_CONSOLIDATION
LN-501051,CUST-102890,2025-04-27,0,0,False,False,28097.16,Current,DEBT_CONSOLIDATION
LN-501052,CUST-101603,2025-04-27,0,0,False,False,2162.412500000001,Current,DEBT_CONSOLIDATION
LN-501053,CUST-101273,2025-04-27,0,0,False,False,11681.4875,Current,DEBT_CONSOLIDATION
LN-501054,CUST-101075,2025-04-27,0,0,False,False,14003.307500000003,Current,DEBT_CONSOLIDATION
LN-501055,CUST-101716,2025-04-27,0,0,False,False,32606.605000000003,Current,DEBT_CONSOLIDATION
LN-501056,CUST-105116,2025-04-27,0,0,False,False,47700.42749999999,Current,DEBT_CONSOLIDATION
LN-501057,CUST-102557,2025-04-27,0,0,False,False,10052.029999999992,Current,DEBT_CONSOLIDATION
LN-501058,CUST-103911,2025-04-27,0,0,False,False,9634.649999999998,Current,DEBT_CONSOLIDATION
LN-501059,CUST-101297,2025-04-27,0,0,False,False,40727.06749999999,Current,DEBT_CONSOLIDATION
LN-501060,CUST-101813,2025-04-27,0,0,False,False,2428.860000000001,Current,DEBT_CONSOLIDATION
LN-501061,CUST-106220,2025-04-27,0,0,False,False,18518.59500000001,Current,DEBT_CONSOLIDATION
LN-501062,CUST-103981,2025-04-27,0,0,False,False,28395.53,Current,DEBT_CONSOLIDATION
LN-501063,CUST-102668,2025-04-27,0,0,False,False,26567.495000000003,Current,DEBT_CONSOLIDATION
LN-501064,CUST-102185,2025-04-27,0,0,True,False,15338.05,Current,DEBT_CONSOLIDATION
LN-501065,CUST-101009,2025-04-27,0,0,False,False,16227.960000000015,Current,DEBT_CONSOLIDATION
LN-501066,CUST-107777,2025-04-27,0,0,False,False,10722.880000000003,Current,DEBT_CONSOLIDATION
LN-501067,CUST-102958,2025-04-27,0,0,False,False,52223.675,Current,DEBT_CONSOLIDATION
LN-501068,CUST-105069,2025-04-27,0,0,False,False,27917.88,Current,DEBT_CONSOLIDATION
LN-501069,CUST-105977,2025-04-27,0,0,False,False,16703.640000000014,Current,DEBT_CONSOLIDATION
LN-501070,CUST-100873,2025-04-27,0,0,False,False,16014.699999999999,Current,DEBT_CONSOLIDATION
LN-501071,CUST-106428,2025-04-27,0,0,False,False,23642.96749999998,Current,DEBT_CONSOLIDATION
LN-501072,CUST-104812,2025-04-27,0,0,False,False,28303.750000000004,Current,DEBT_CONSOLIDATION
LN-501073,CUST-104248,2025-04-27,1,25,False,False,3932.5199999999973,1-29,DEBT_CONSOLIDATION
LN-501074,CUST-104392,2025-04-27,0,0,False,False,12117.010000000011,Current,DEBT_CONSOLIDATION
LN-501075,CUST-105819,2025-04-27,0,0,False,False,6585.980000000003,Current,DEBT_CONSOLIDATION
LN-501076,CUST-104639,2025-04-27,0,0,False,False,17535.884999999987,Current,DEBT_CONSOLIDATION
LN-501078,CUST-106922,2025-04-27,0,0,False,False,274744.1000000001,Current,DEBT_CONSOLIDATION
LN-501079,CUST-107051,2025-04-27,2,38,False,False,38915.219999999994,30-59,DEBT_CONSOLIDATION
LN-501080,CUST-104857,2025-04-27,0,0,False,False,16997.667500000003,Current,DEBT_CONSOLIDATION
LN-501081,CUST-103121,2025-04-27,0,0,False,False,12217.674999999997,Current,DEBT_CONSOLIDATION
LN-501082,CUST-100115,2025-04-27,0,0,False,False,3738.8150000000014,Current,DEBT_CONSOLIDATION
LN-501083,CUST-106493,2025-04-27,0,0,False,False,11948.019999999997,Current,DEBT_CONSOLIDATION
LN-501084,CUST-106719,2025-04-27,0,0,False,False,31278.66999999998,Current,DEBT_CONSOLIDATION
LN-501085,CUST-101543,2025-04-27,0,0,False,False,27778.807500000014,Current,DEBT_CONSOLIDATION
LN-501086,CUST-107290,2025-04-27,0,0,False,False,32363.272500000014,Current,DEBT_CONSOLIDATION
LN-501087,CUST-107652,2025-04-27,0,0,False,False,32209.300000000003,Current,DEBT_CONSOLIDATION
LN-501088,CUST-102208,2025-04-27,0,0,False,False,5861.67,Current,DEBT_CONSOLIDATION
LN-501089,CUST-104105,2025-04-27,0,0,False,False,18095.709999999995,Current,DEBT_CONSOLIDATION
LN-501091,CUST-103164,2025-04-27,0,0,False,False,33179.709999999985,Current,DEBT_CONSOLIDATION
LN-501092,CUST-104403,2025-04-27,0,0,False,False,8256.519999999997,Current,DEBT_CONSOLIDATION
LN-501096,CUST-104753,2025-04-27,0,0,False,False,11067.469999999996,Current,DEBT_CONSOLIDATION
LN-501097,CUST-102608,2025-04-27,0,0,False,False,81165.58249999993,Current,DEBT_CONSOLIDATION
LN-501098,CUST-103855,2025-04-27,0,0,False,False,24216.019999999997,Current,DEBT_CONSOLIDATION
LN-501100,CUST-102408,2025-04-27,0,0,False,False,2979.5049999999987,Current,DEBT_CONSOLIDATION
LN-501101,CUST-105305,2025-04-27,0,0,False,False,10851.255000000006,Current,DEBT_CONSOLIDATION
LN-501102,CUST-103296,2025-04-27,0,0,False,False,39181.650000000016,Current,DEBT_CONSOLIDATION
LN-501103,CUST-102645,2025-04-27,0,0,False,False,20729.79750000001,Current,DEBT_CONSOLIDATION
LN-501104,CUST-107179,2025-04-27,0,0,False,False,22588.020000000004,Current,DEBT_CONSOLIDATION
LN-501105,CUST-104005,2025-04-27,0,0,False,False,5482.33,Current,DEBT_CONSOLIDATION
LN-501106,CUST-102021,2025-04-27,0,0,False,False,28206.640000000007,Current,DEBT_CONSOLIDATION
LN-501107,CUST-101316,2025-04-27,0,0,False,False,732.1749999999998,Current,DEBT_CONSOLIDATION
LN-501108,CUST-100800,2025-04-27,0,0,False,False,11773.235,Current,DEBT_CONSOLIDATION
LN-501109,CUST-101499,2025-04-27,0,0,False,False,11435.525,Current,DEBT_CONSOLIDATION
LN-501110,CUST-103332,2025-04-27,0,0,False,False,11401.800000000003,Current,DEBT_CONSOLIDATION
LN-501111,CUST-107572,2025-04-27,0,0,False,False,9188.92,Current,DEBT_CONSOLIDATION
LN-501113,CUST-106978,2025-04-27,0,0,False,False,27020.299999999985,Current,DEBT_CONSOLIDATION
LN-501114,CUST-104598,2025-04-27,0,0,False,False,86594.25000000006,Current,DEBT_CONSOLIDATION
LN-501115,CUST-103353,2025-04-27,0,0,False,False,2531.6500000000015,Current,DEBT_CONSOLIDATION
LN-501116,CUST-103562,2025-04-27,0,0,False,False,48189.149999999994,Current,DEBT_CONSOLIDATION
LN-501117,CUST-101388,2025-04-27,0,0,False,False,41531.410000000025,Current,DEBT_CONSOLIDATION
LN-501118,CUST-101012,2025-04-27,0,0,False,False,51165.42249999999,Current,DEBT_CONSOLIDATION
LN-501119,CUST-100951,2025-04-27,0,0,False,False,39276.699999999975,Current,DEBT_CONSOLIDATION
LN-501120,CUST-103273,2025-04-27,0,0,False,False,99141.70749999995,Current,DEBT_CONSOLIDATION
LN-501121,CUST-106642,2025-04-27,0,0,False,False,18856.3525,Current,DEBT_CONSOLIDATION
LN-501122,CUST-105908,2025-04-27,3,77,False,False,7699.592499999999,60-89,DEBT_CONSOLIDATION
LN-501123,CUST-102769,2025-04-27,0,0,False,False,9051.242499999995,Current,DEBT_CONSOLIDATION
LN-501124,CUST-102452,2025-04-27,0,0,False,False,25330.997500000005,Current,DEBT_CONSOLIDATION
LN-501125,CUST-106684,2025-04-27,0,0,False,False,38074.46000000001,Current,DEBT_CONSOLIDATION
LN-501126,CUST-100438,2025-04-27,0,0,False,False,668.9699999999999,Current,DEBT_CONSOLIDATION
LN-501127,CUST-102923,2025-04-27,0,0,False,False,29968.38,Current,DEBT_CONSOLIDATION
LN-501129,CUST-103010,2025-04-27,0,0,False,False,88682.97,Current,DEBT_CONSOLIDATION
LN-501131,CUST-102957,2025-04-27,0,0,False,False,11872.085000000001,Current,DEBT_CONSOLIDATION
LN-501132,CUST-104569,2025-04-27,0,0,False,False,38118.185000000005,Current,DEBT_CONSOLIDATION
LN-501133,CUST-103326,2025-04-27,0,0,False,False,27529.462499999998,Current,DEBT_CONSOLIDATION
LN-501134,CUST-101440,2025-04-27,0,0,False,False,18453.92250000002,Current,DEBT_CONSOLIDATION
LN-501135,CUST-103706,2025-04-27,0,0,False,False,8090.405000000005,Current,DEBT_CONSOLIDATION
LN-501136,CUST-107401,2025-04-27,0,0,False,False,49205.76,Current,DEBT_CONSOLIDATION
LN-501139,CUST-101408,2025-04-27,0,0,False,False,39836.75499999998,Current,DEBT_CONSOLIDATION
LN-501140,CUST-102843,2025-04-27,0,0,False,False,17959.665,Current,DEBT_CONSOLIDATION
LN-501141,CUST-101686,2025-04-27,1,15,False,False,44499.95,1-29,DEBT_CONSOLIDATION
LN-501142,CUST-101408,2025-04-27,0,0,False,False,43426.79,Current,DEBT_CONSOLIDATION
LN-501143,CUST-104594,2025-04-27,0,0,False,False,45732.29000000001,Current,DEBT_CONSOLIDATION
LN-501144,CUST-101062,2025-04-27,0,0,False,False,14918.517500000002,Current,DEBT_CONSOLIDATION
LN-501145,CUST-106653,2025-04-27,0,0,False,False,1624.4099999999999,Current,DEBT_CONSOLIDATION
LN-501147,CUST-105720,2025-04-27,0,0,False,False,16624.015000000003,Current,DEBT_CONSOLIDATION
LN-501148,CUST-100578,2025-04-27,0,0,False,False,39980.72249999999,Current,DEBT_CONSOLIDATION
LN-501149,CUST-104909,2025-04-27,0,0,False,False,4519.207499999998,Current,DEBT_CONSOLIDATION
LN-501150,CUST-102752,2025-04-27,0,0,False,False,44814.6675,Current,DEBT_CONSOLIDATION
LN-501151,CUST-105721,2025-04-27,0,0,False,False,18683.807500000014,Current,DEBT_CONSOLIDATION
LN-501152,CUST-102507,2025-04-27,0,0,False,False,6563.247499999998,Current,DEBT_CONSOLIDATION
LN-501153,CUST-101766,2025-04-27,0,0,False,False,10388.299999999992,Current,DEBT_CONSOLIDATION
LN-501154,CUST-102931,2025-04-27,0,0,False,False,7379.889999999996,Current,DEBT_CONSOLIDATION
LN-501156,CUST-103409,2025-04-27,0,0,False,False,38764.53000000001,Current,DEBT_CONSOLIDATION
LN-501159,CUST-106292,2025-04-27,0,0,False,False,507228.5650000002,Current,DEBT_CONSOLIDATION
LN-501160,CUST-104316,2025-04-27,0,0,False,False,11021.27,Current,DEBT_CONSOLIDATION
LN-501161,CUST-104300,2025-04-27,0,0,False,False,22248.53499999999,Current,DEBT_CONSOLIDATION
LN-501162,CUST-107557,2025-04-27,0,0,False,False,447.35000000000053,Current,DEBT_CONSOLIDATION
LN-501163,CUST-100677,2025-04-27,0,0,False,False,9050.300000000001,Current,DEBT_CONSOLIDATION
LN-501164,CUST-100576,2025-04-27,0,0,False,False,20869.270000000004,Current,DEBT_CONSOLIDATION
LN-501165,CUST-104556,2025-04-27,0,0,False,False,44752.990000000005,Current,DEBT_CONSOLIDATION
LN-501166,CUST-100962,2025-04-27,0,0,False,False,9763.255000000003,Current,DEBT_CONSOLIDATION
LN-501167,CUST-100552,2025-04-27,0,0,False,False,3322.17,Current,DEBT_CONSOLIDATION
LN-501168,CUST-105581,2025-04-27,0,0,False,False,13893.449999999993,Current,DEBT_CONSOLIDATION
LN-501169,CUST-100212,2025-04-27,0,0,False,False,21589.254999999994,Current,DEBT_CONSOLIDATION
LN-501170,CUST-100273,2025-04-27,0,0,False,False,7470.192500000003,Current,DEBT_CONSOLIDATION
LN-501172,CUST-103952,2025-04-27,2,37,False,False,32308.017499999994,30-59,DEBT_CONSOLIDATION
LN-501173,CUST-101580,2025-04-27,3,74,False,False,13393.05749999999,60-89,DEBT_CONSOLIDATION
LN-501174,CUST-100554,2025-04-27,0,0,False,False,19266.710000000006,Current,DEBT_CONSOLIDATION
LN-501175,CUST-107156,2025-04-27,0,0,False,False,2205.39,Current,DEBT_CONSOLIDATION
LN-501176,CUST-106413,2025-04-27,0,0,False,False,19554.71,Current,DEBT_CONSOLIDATION
LN-501177,CUST-105671,2025-04-27,0,0,False,False,8068.522500000007,Current,DEBT_CONSOLIDATION
LN-501178,CUST-107771,2025-04-27,0,0,False,False,33120.78749999999,Current,DEBT_CONSOLIDATION
LN-501179,CUST-103894,2025-04-27,0,0,False,False,23067.690000000002,Current,DEBT_CONSOLIDATION
LN-501180,CUST-100852,2025-04-27,0,0,False,False,8221.297499999999,Current,DEBT_CONSOLIDATION
LN-501181,CUST-101419,2025-04-27,0,0,False,False,117427.69750000002,Current,DEBT_CONSOLIDATION
LN-501182,CUST-100434,2025-04-27,0,0,False,False,98551.07,Current,DEBT_CONSOLIDATION
LN-501183,CUST-104564,2025-04-27,0,0,False,False,2306.7899999999995,Current,DEBT_CONSOLIDATION
LN-501184,CUST-104702,2025-04-27,0,0,False,False,33595.20499999998,Current,DEBT_CONSOLIDATION
LN-501185,CUST-103789,2025-04-27,0,0,False,False,17467.51999999998,Current,DEBT_CONSOLIDATION
LN-501186,CUST-106397,2025-04-27,0,0,False,False,45405.020000000004,Current,DEBT_CONSOLIDATION
LN-501187,CUST-105823,2025-04-27,0,0,False,False,75503.94000000008,Current,DEBT_CONSOLIDATION
LN-501188,CUST-106858,2025-04-27,0,0,False,False,10682.28,Current,DEBT_CONSOLIDATION
LN-501189,CUST-102424,2025-04-27,0,0,False,False,7565.77,Current,DEBT_CONSOLIDATION
LN-501190,CUST-105753,2025-04-27,0,0,False,False,8279.464999999998,Current,DEBT_CONSOLIDATION
LN-501191,CUST-102986,2025-04-27,0,0,False,False,11912.5,Current,DEBT_CONSOLIDATION
LN-501193,CUST-102037,2025-04-27,0,0,False,False,25148.879999999994,Current,DEBT_CONSOLIDATION
LN-501194,CUST-104610,2025-04-27,0,0,False,False,1552.1650000000004,Current,DEBT_CONSOLIDATION
LN-501195,CUST-104846,2025-04-27,0,0,False,False,14342.36,Current,DEBT_CONSOLIDATION
LN-501196,CUST-106984,2025-04-27,0,0,False,False,4036.3125000000023,Current,DEBT_CONSOLIDATION
LN-501198,CUST-107003,2025-04-27,2,55,False,False,19090.464999999997,30-59,DEBT_CONSOLIDATION
LN-501199,CUST-102802,2025-04-27,0,0,False,False,47643.34,Current,DEBT_CONSOLIDATION
LN-501200,CUST-100521,2025-04-27,0,0,False,False,1095.1899999999991,Current,DEBT_CONSOLIDATION
LN-501201,CUST-101915,2025-04-27,0,0,False,False,12731.302499999998,Current,DEBT_CONSOLIDATION
LN-501202,CUST-100586,2025-04-27,0,0,False,False,16809.32999999999,Current,DEBT_CONSOLIDATION
LN-501203,CUST-101876,2025-04-27,0,0,False,False,43557.44749999999,Current,DEBT_CONSOLIDATION
LN-501204,CUST-103977,2025-04-27,0,0,False,False,38455.62999999999,Current,DEBT_CONSOLIDATION
LN-501205,CUST-100921,2025-04-27,0,0,True,False,5076.4425,Current,DEBT_CONSOLIDATION
LN-501206,CUST-107242,2025-04-27,0,0,False,False,82920.9725,Current,DEBT_CONSOLIDATION
LN-501208,CUST-107061,2025-04-27,0,0,False,False,28278.395,Current,DEBT_CONSOLIDATION
LN-501209,CUST-100992,2025-04-27,0,0,False,False,23847.99,Current,DEBT_CONSOLIDATION
LN-501210,CUST-101771,2025-04-27,1,27,False,False,10591.100000000002,1-29,DEBT_CONSOLIDATION
LN-501211,CUST-106349,2025-04-27,0,0,False,False,31769.949999999997,Current,DEBT_CONSOLIDATION
LN-501212,CUST-107853,2025-04-27,0,0,False,False,101729.27499999998,Current,DEBT_CONSOLIDATION
LN-501213,CUST-103551,2025-04-27,0,0,False,False,23604.025000000016,Current,DEBT_CONSOLIDATION
LN-501214,CUST-101039,2025-04-27,0,0,False,False,43118.51999999997,Current,DEBT_CONSOLIDATION
LN-501215,CUST-103176,2025-04-27,0,0,False,False,1151.71,Current,DEBT_CONSOLIDATION
LN-501216,CUST-101066,2025-04-27,0,0,False,False,14312.93,Current,DEBT_CONSOLIDATION
LN-501217,CUST-103008,2025-04-27,0,0,False,False,18536.245000000003,Current,DEBT_CONSOLIDATION
LN-501218,CUST-106274,2025-04-27,0,0,False,False,3489.905,Current,DEBT_CONSOLIDATION
LN-501219,CUST-103102,2025-04-27,0,0,False,False,6904.150000000001,Current,DEBT_CONSOLIDATION
LN-501220,CUST-102774,2025-04-27,0,0,False,False,11315.249999999996,Current,DEBT_CONSOLIDATION
LN-501221,CUST-104810,2025-04-27,0,0,False,False,11978.315000000004,Current,DEBT_CONSOLIDATION
LN-501222,CUST-100310,2025-04-27,0,0,False,False,10257.03,Current,DEBT_CONSOLIDATION
LN-501223,CUST-105761,2025-04-27,0,0,False,False,23979.494999999984,Current,DEBT_CONSOLIDATION
LN-501224,CUST-107912,2025-04-27,0,0,False,False,14874.059999999994,Current,DEBT_CONSOLIDATION
LN-501225,CUST-104782,2025-04-27,0,0,False,False,14093.472499999996,Current,DEBT_CONSOLIDATION
LN-501226,CUST-105711,2025-04-27,0,0,False,False,7384.095000000007,Current,DEBT_CONSOLIDATION
LN-501227,CUST-102452,2025-04-27,0,0,False,False,24262.329999999994,Current,DEBT_CONSOLIDATION
LN-501228,CUST-105988,2025-04-27,0,0,False,False,46839.36499999999,Current,DEBT_CONSOLIDATION
LN-501229,CUST-101073,2025-04-27,0,0,False,False,25308.37999999999,Current,DEBT_CONSOLIDATION
LN-501230,CUST-107368,2025-04-27,0,0,False,False,2533.785,Current,DEBT_CONSOLIDATION
LN-501231,CUST-101373,2025-04-27,0,0,False,False,8287.900000000003,Current,DEBT_CONSOLIDATION
LN-501232,CUST-100958,2025-04-27,0,0,False,False,21202.239999999987,Current,DEBT_CONSOLIDATION
LN-501233,CUST-101335,2025-04-27,0,0,False,False,29723.44749999999,Current,DEBT_CONSOLIDATION
LN-501234,CUST-103635,2025-04-27,0,0,False,False,23851.252500000013,Current,DEBT_CONSOLIDATION
LN-501235,CUST-107164,2025-04-27,0,0,False,False,6712.83,Current,DEBT_CONSOLIDATION
LN-501236,CUST-100953,2025-04-27,0,0,False,False,18409.790000000015,Current,DEBT_CONSOLIDATION
LN-501237,CUST-106115,2025-04-27,0,0,False,False,20885.042499999992,Current,DEBT_CONSOLIDATION
LN-501238,CUST-103464,2025-04-27,0,0,False,False,26437.07000000002,Current,DEBT_CONSOLIDATION
LN-501239,CUST-106520,2025-04-27,0,0,False,False,42023.09,Current,DEBT_CONSOLIDATION
LN-501241,CUST-102761,2025-04-27,0,0,False,False,38927.48500000001,Current,DEBT_CONSOLIDATION
LN-501242,CUST-107653,2025-04-27,0,0,False,False,8545.485000000002,Current,DEBT_CONSOLIDATION
LN-501243,CUST-107516,2025-04-27,0,0,False,False,48600.417499999974,Current,DEBT_CONSOLIDATION
LN-501244,CUST-107736,2025-04-27,0,0,False,False,2749.535,Current,DEBT_CONSOLIDATION
LN-501245,CUST-103563,2025-04-27,0,0,False,False,696.4249999999998,Current,DEBT_CONSOLIDATION
LN-501246,CUST-105081,2025-04-27,0,0,False,False,22840.21,Current,DEBT_CONSOLIDATION
LN-501247,CUST-103513,2025-04-27,0,0,False,False,23607.295,Current,DEBT_CONSOLIDATION
LN-501248,CUST-100679,2025-04-27,0,0,False,False,14638.82,Current,DEBT_CONSOLIDATION
LN-501249,CUST-105488,2025-04-27,0,0,False,False,13836.43,Current,DEBT_CONSOLIDATION
LN-501250,CUST-102233,2025-04-27,0,0,False,False,29716.29500000003,Current,DEBT_CONSOLIDATION
LN-501251,CUST-105444,2025-04-27,0,0,False,False,17341.402499999997,Current,DEBT_CONSOLIDATION
LN-501252,CUST-102678,2025-04-27,0,0,False,False,34696.52000000002,Current,DEBT_CONSOLIDATION
LN-501253,CUST-102729,2025-04-27,0,0,False,False,15702.484999999993,Current,DEBT_CONSOLIDATION
LN-501254,CUST-102388,2025-04-27,0,0,False,False,18764.26,Current,DEBT_CONSOLIDATION
LN-501255,CUST-105521,2025-04-27,0,0,False,False,6938.064999999993,Current,DEBT_CONSOLIDATION
LN-501256,CUST-104638,2025-04-27,0,0,False,False,13988.544999999998,Current,DEBT_CONSOLIDATION
LN-501257,CUST-100993,2025-04-27,0,0,False,False,721.1200000000006,Current,DEBT_CONSOLIDATION
LN-501258,CUST-101239,2025-04-27,0,0,False,False,36008.64999999997,Current,DEBT_CONSOLIDATION
LN-501259,CUST-103154,2025-04-27,0,0,False,False,5767.12,Current,DEBT_CONSOLIDATION
LN-501260,CUST-107506,2025-04-27,0,0,False,False,31940.595,Current,DEBT_CONSOLIDATION
LN-501261,CUST-104175,2025-04-27,0,0,False,False,51972.71,Current,DEBT_CONSOLIDATION
LN-501262,CUST-105119,2025-04-27,0,0,False,False,121305.46,Current,DEBT_CONSOLIDATION
LN-501263,CUST-105785,2025-04-27,0,0,False,False,62161.11,Current,DEBT_CONSOLIDATION
LN-501264,CUST-103079,2025-04-27,0,0,False,False,1201.3800000000003,Current,DEBT_CONSOLIDATION
LN-501265,CUST-105841,2025-04-27,0,0,False,False,13407.77,Current,DEBT_CONSOLIDATION
LN-501266,CUST-102688,2025-04-27,0,0,False,False,47297.36000000002,Current,DEBT_CONSOLIDATION
LN-501267,CUST-104187,2025-04-27,4,99,False,False,11524.614999999994,90+,DEBT_CONSOLIDATION
LN-501268,CUST-103983,2025-04-27,0,0,False,False,10995.9225,Current,DEBT_CONSOLIDATION
LN-501270,CUST-102864,2025-04-27,0,0,False,False,32467.31,Current,DEBT_CONSOLIDATION
LN-501271,CUST-103787,2025-04-27,0,0,False,False,11566.832499999999,Current,DEBT_CONSOLIDATION
LN-501272,CUST-107165,2025-04-27,0,0,False,False,2975.822500000001,Current,DEBT_CONSOLIDATION
LN-501273,CUST-105307,2025-04-27,0,0,False,False,23109.769999999997,Current,DEBT_CONSOLIDATION
LN-501274,CUST-101557,2025-04-27,0,0,False,False,43955.35750000001,Current,DEBT_CONSOLIDATION
LN-501275,CUST-106380,2025-04-27,0,0,False,False,14308.6675,Current,DEBT_CONSOLIDATION
LN-501277,CUST-101186,2025-04-27,0,0,False,False,8923.949999999999,Current,DEBT_CONSOLIDATION
LN-501278,CUST-102580,2025-04-27,0,0,False,False,17104.96999999999,Current,DEBT_CONSOLIDATION
LN-501280,CUST-105299,2025-04-27,0,0,False,False,30241.64500000001,Current,DEBT_CONSOLIDATION
LN-501281,CUST-102914,2025-04-27,0,0,False,False,112475.585,Current,DEBT_CONSOLIDATION
LN-501282,CUST-100940,2025-04-27,0,0,False,False,15059.105,Current,DEBT_CONSOLIDATION
LN-501283,CUST-106977,2025-04-27,0,0,False,False,8190.5674999999965,Current,DEBT_CONSOLIDATION
LN-501284,CUST-106893,2025-04-27,0,0,False,False,15432.26500000001,Current,DEBT_CONSOLIDATION
LN-501285,CUST-104265,2025-04-27,0,0,False,False,10018.062500000004,Current,DEBT_CONSOLIDATION
LN-501287,CUST-105357,2025-04-27,0,0,False,False,41619.07,Current,DEBT_CONSOLIDATION
LN-501289,CUST-104030,2025-04-27,0,0,False,False,50291.310000000005,Current,DEBT_CONSOLIDATION
LN-501291,CUST-107933,2025-04-27,0,0,False,False,7251.752500000006,Current,DEBT_CONSOLIDATION
LN-501292,CUST-106639,2025-04-27,0,0,False,False,2643.3125,Current,DEBT_CONSOLIDATION
LN-501293,CUST-101056,2025-04-27,0,0,False,False,17050.675000000003,Current,DEBT_CONSOLIDATION
LN-501294,CUST-103425,2025-04-27,0,0,False,False,43233.97000000001,Current,DEBT_CONSOLIDATION
LN-501296,CUST-102985,2025-04-27,0,0,False,False,134389.93000000008,Current,DEBT_CONSOLIDATION
LN-501297,CUST-101052,2025-04-27,0,0,False,False,43785.71249999998,Current,DEBT_CONSOLIDATION
LN-501298,CUST-104196,2025-04-27,0,0,False,False,43472.99749999999,Current,DEBT_CONSOLIDATION
LN-501299,CUST-104355,2025-04-27,0,0,False,False,33083.82000000002,Current,DEBT_CONSOLIDATION
LN-501301,CUST-100565,2025-04-27,0,0,False,False,11669.404999999997,Current,DEBT_CONSOLIDATION
LN-501302,CUST-103609,2025-04-27,0,0,False,False,6285.209999999997,Current,DEBT_CONSOLIDATION
LN-501303,CUST-102766,2025-04-27,0,0,False,False,52841.55,Current,DEBT_CONSOLIDATION
LN-501304,CUST-103636,2025-04-27,1,12,False,False,2114.067500000001,1-29,DEBT_CONSOLIDATION
LN-501305,CUST-104336,2025-04-27,0,0,False,False,142621.27000000005,Current,DEBT_CONSOLIDATION
LN-501306,CUST-102250,2025-04-27,0,0,False,False,9930.97,Current,DEBT_CONSOLIDATION
LN-501307,CUST-107247,2025-04-27,0,0,False,False,9600.65,Current,DEBT_CONSOLIDATION
LN-501308,CUST-106632,2025-04-27,4,144,False,False,31728.035,90+,DEBT_CONSOLIDATION
LN-501309,CUST-103713,2025-04-27,0,0,False,False,46682.85500000002,Current,DEBT_CONSOLIDATION
LN-501310,CUST-104074,2025-04-27,0,0,False,False,32216.125,Current,DEBT_CONSOLIDATION
LN-501311,CUST-101778,2025-04-27,0,0,False,False,11664.895000000006,Current,DEBT_CONSOLIDATION
LN-501312,CUST-100720,2025-04-27,0,0,False,False,12256.687499999998,Current,DEBT_CONSOLIDATION
LN-501313,CUST-106122,2025-04-27,0,0,False,False,39880.68499999999,Current,DEBT_CONSOLIDATION
LN-501314,CUST-102613,2025-04-27,0,0,False,False,27284.719999999994,Current,DEBT_CONSOLIDATION
LN-501315,CUST-105709,2025-04-27,0,0,False,False,137153.3400000001,Current,DEBT_CONSOLIDATION
LN-501316,CUST-100794,2025-04-27,0,0,False,False,13666.1875,Current,DEBT_CONSOLIDATION
LN-501317,CUST-102203,2025-04-27,0,0,False,False,8630.704999999998,Current,DEBT_CONSOLIDATION
LN-501318,CUST-101438,2025-04-27,1,17,False,False,36457.63,1-29,DEBT_CONSOLIDATION
LN-501319,CUST-100019,2025-04-27,0,0,False,False,16305.249999999987,Current,DEBT_CONSOLIDATION
LN-501320,CUST-106620,2025-04-27,0,0,False,False,327148.78500000015,Current,DEBT_CONSOLIDATION
LN-501321,CUST-100443,2025-04-27,1,5,False,False,2290.5400000000022,1-29,DEBT_CONSOLIDATION
LN-501322,CUST-104503,2025-04-27,0,0,False,False,1298.6949999999997,Current,DEBT_CONSOLIDATION
LN-501323,CUST-106039,2025-04-27,0,0,False,False,6104.440000000001,Current,DEBT_CONSOLIDATION
LN-501324,CUST-104043,2025-04-27,0,0,False,False,48627.14499999998,Current,DEBT_CONSOLIDATION
LN-501325,CUST-103146,2025-04-27,0,0,False,False,18284.33,Current,DEBT_CONSOLIDATION
LN-501326,CUST-104115,2025-04-27,0,0,False,False,13856.470000000001,Current,DEBT_CONSOLIDATION
LN-501327,CUST-101708,2025-04-27,0,0,False,False,19032.629999999994,Current,DEBT_CONSOLIDATION
LN-501328,CUST-104341,2025-04-27,0,0,False,False,3913.6499999999996,Current,DEBT_CONSOLIDATION
LN-501329,CUST-101963,2025-04-27,0,0,False,False,31978.485,Current,DEBT_CONSOLIDATION
LN-501330,CUST-104266,2025-04-27,0,0,False,False,45499.78999999997,Current,DEBT_CONSOLIDATION
LN-501331,CUST-105388,2025-04-27,0,0,False,True,38949.375,Current,DEBT_CONSOLIDATION
LN-501332,CUST-100043,2025-04-27,0,0,False,False,107946.65500000004,Current,DEBT_CONSOLIDATION
LN-501333,CUST-104009,2025-04-27,0,0,False,False,8200.529999999995,Current,DEBT_CONSOLIDATION
LN-501334,CUST-100524,2025-04-27,0,0,False,False,20767.375,Current,DEBT_CONSOLIDATION
LN-501335,CUST-105121,2025-04-27,0,0,False,False,424969.35250000004,Current,DEBT_CONSOLIDATION
LN-501336,CUST-107866,2025-04-27,0,0,False,False,10495.647500000005,Current,DEBT_CONSOLIDATION
LN-501337,CUST-104970,2025-04-27,0,0,False,False,11507.092500000008,Current,DEBT_CONSOLIDATION
LN-501338,CUST-102700,2025-04-27,0,0,False,False,10272.865,Current,DEBT_CONSOLIDATION
LN-501339,CUST-104859,2025-04-27,0,0,False,False,97264.05750000002,Current,DEBT_CONSOLIDATION
LN-501340,CUST-107878,2025-04-27,0,0,False,False,9000.154999999999,Current,DEBT_CONSOLIDATION
LN-501341,CUST-104130,2025-04-27,0,0,False,False,14552.484999999997,Current,DEBT_CONSOLIDATION
LN-501342,CUST-104093,2025-04-27,0,0,False,False,17971.612500000007,Current,DEBT_CONSOLIDATION
LN-501343,CUST-105815,2025-04-27,0,0,False,False,30537.089999999997,Current,DEBT_CONSOLIDATION
LN-501344,CUST-101527,2025-04-27,0,0,False,False,18480.232500000006,Current,DEBT_CONSOLIDATION
LN-501345,CUST-107182,2025-04-27,0,0,False,False,13774.262500000008,Current,DEBT_CONSOLIDATION
LN-501347,CUST-101067,2025-04-27,0,0,False,False,37664.79499999997,Current,DEBT_CONSOLIDATION
LN-501348,CUST-105095,2025-04-27,0,0,False,False,23728.675,Current,DEBT_CONSOLIDATION
LN-501350,CUST-107762,2025-04-27,0,0,False,False,30125.700000000004,Current,DEBT_CONSOLIDATION
LN-501351,CUST-103227,2025-04-27,0,0,False,False,6295.245000000001,Current,DEBT_CONSOLIDATION
LN-501352,CUST-104734,2025-04-27,0,0,False,False,53862.81,Current,DEBT_CONSOLIDATION
LN-501353,CUST-105685,2025-04-27,1,23,False,False,11914.91,1-29,DEBT_CONSOLIDATION
LN-501354,CUST-102918,2025-04-27,0,0,False,False,6430.115000000003,Current,DEBT_CONSOLIDATION
LN-501355,CUST-106692,2025-04-27,0,0,False,False,9285.419999999998,Current,DEBT_CONSOLIDATION
LN-501356,CUST-101265,2025-04-27,0,0,False,False,11457.287499999997,Current,DEBT_CONSOLIDATION
LN-501357,CUST-103545,2025-04-27,0,0,False,False,11683.930000000004,Current,DEBT_CONSOLIDATION
LN-501358,CUST-101045,2025-04-27,0,0,False,False,47477.82250000001,Current,DEBT_CONSOLIDATION
LN-501359,CUST-107718,2025-04-27,0,0,False,False,10817.33,Current,DEBT_CONSOLIDATION
LN-501360,CUST-104822,2025-04-27,1,21,False,False,43179.865,1-29,DEBT_CONSOLIDATION
LN-501361,CUST-105903,2025-04-27,0,0,False,False,15876.899999999998,Current,DEBT_CONSOLIDATION
LN-501362,CUST-107765,2025-04-27,0,0,False,False,7099.197499999997,Current,DEBT_CONSOLIDATION
LN-501363,CUST-100833,2025-04-27,0,0,False,False,10223.782500000001,Current,DEBT_CONSOLIDATION
LN-501364,CUST-104058,2025-04-27,0,0,False,False,6224.995,Current,DEBT_CONSOLIDATION
LN-501365,CUST-105124,2025-04-27,2,32,False,False,619511.05,30-59,DEBT_CONSOLIDATION
LN-501366,CUST-102804,2025-04-27,0,0,False,False,32948.025000000016,Current,DEBT_CONSOLIDATION
LN-501367,CUST-104551,2025-04-27,0,0,False,False,15462.3475,Current,DEBT_CONSOLIDATION
LN-501368,CUST-104313,2025-04-27,0,0,False,False,86546.29250000004,Current,DEBT_CONSOLIDATION
LN-501369,CUST-106415,2025-04-27,0,0,False,False,13732.20000000001,Current,DEBT_CONSOLIDATION
LN-501370,CUST-105661,2025-04-27,0,0,False,False,11216.0075,Current,DEBT_CONSOLIDATION
LN-501371,CUST-101485,2025-04-27,0,0,False,False,16615.34499999999,Current,DEBT_CONSOLIDATION
LN-501372,CUST-103369,2025-04-27,0,0,False,False,20296.037499999995,Current,DEBT_CONSOLIDATION
LN-501373,CUST-105870,2025-04-27,0,0,False,False,49258.24750000001,Current,DEBT_CONSOLIDATION
LN-501374,CUST-100701,2025-04-27,0,0,False,False,16654.46499999999,Current,DEBT_CONSOLIDATION
LN-501375,CUST-102811,2025-04-27,0,0,False,False,38368.24000000002,Current,DEBT_CONSOLIDATION
LN-501376,CUST-103059,2025-04-27,0,0,False,False,15004.580000000016,Current,DEBT_CONSOLIDATION
LN-501377,CUST-106329,2025-04-27,0,0,False,False,36575.23500000003,Current,DEBT_CONSOLIDATION
LN-501378,CUST-106823,2025-04-27,0,0,False,False,366579.31250000023,Current,DEBT_CONSOLIDATION
LN-501379,CUST-102679,2025-04-27,0,0,False,False,27115.460000000003,Current,DEBT_CONSOLIDATION
LN-501380,CUST-106650,2025-04-27,0,0,False,False,61913.615000000005,Current,DEBT_CONSOLIDATION
LN-501382,CUST-103424,2025-04-27,0,0,False,False,16729.0525,Current,DEBT_CONSOLIDATION
LN-501383,CUST-106747,2025-04-27,4,116,False,False,10409.335,90+,DEBT_CONSOLIDATION
LN-501384,CUST-106937,2025-04-27,2,37,False,False,12159.330000000005,30-59,DEBT_CONSOLIDATION
LN-501385,CUST-103674,2025-04-27,0,0,False,False,22400.982499999995,Current,DEBT_CONSOLIDATION
LN-501386,CUST-103690,2025-04-27,3,67,False,False,9482.657500000001,60-89,DEBT_CONSOLIDATION
LN-501387,CUST-103865,2025-04-27,0,0,False,False,1869.1049999999998,Current,DEBT_CONSOLIDATION
LN-501388,CUST-105648,2025-04-27,0,0,False,False,17658.102500000008,Current,DEBT_CONSOLIDATION
LN-501389,CUST-104262,2025-04-27,0,0,False,False,23415.899999999998,Current,DEBT_CONSOLIDATION
LN-501390,CUST-107529,2025-04-27,0,0,False,False,6065.150000000001,Current,DEBT_CONSOLIDATION
LN-501391,CUST-101647,2025-04-27,0,0,False,False,25272.510000000002,Current,DEBT_CONSOLIDATION
LN-501392,CUST-103655,2025-04-27,0,0,False,False,43773.907499999994,Current,DEBT_CONSOLIDATION
LN-501393,CUST-105393,2025-04-27,0,0,False,False,96581.05000000006,Current,DEBT_CONSOLIDATION
LN-501394,CUST-100156,2025-04-27,0,0,False,False,26045.59,Current,DEBT_CONSOLIDATION
LN-501395,CUST-105329,2025-04-27,0,0,False,False,10569.880000000005,Current,DEBT_CONSOLIDATION
LN-501396,CUST-107084,2025-04-27,0,0,False,False,32185.81,Current,DEBT_CONSOLIDATION
LN-501397,CUST-100176,2025-04-27,2,55,False,False,32994.462499999994,30-59,DEBT_CONSOLIDATION
LN-501398,CUST-101662,2025-04-27,0,0,False,False,123384.1075,Current,DEBT_CONSOLIDATION
LN-501399,CUST-105361,2025-04-27,0,0,False,False,24633.53500000001,Current,DEBT_CONSOLIDATION
LN-501400,CUST-102831,2025-04-27,0,0,False,False,15693.735,Current,DEBT_CONSOLIDATION
LN-501401,CUST-104798,2025-04-27,0,0,False,False,21354.969999999983,Current,DEBT_CONSOLIDATION
LN-501402,CUST-107028,2025-04-27,0,0,False,False,29856.45499999999,Current,DEBT_CONSOLIDATION
LN-501403,CUST-102719,2025-04-27,0,0,False,False,16482.810000000012,Current,DEBT_CONSOLIDATION
LN-501404,CUST-107241,2025-04-27,0,0,False,False,37525.15249999999,Current,DEBT_CONSOLIDATION
LN-501405,CUST-107843,2025-04-27,0,0,False,False,28755.46499999999,Current,DEBT_CONSOLIDATION
LN-501406,CUST-103383,2025-04-27,0,0,False,False,38498.634999999995,Current,DEBT_CONSOLIDATION
LN-501407,CUST-106197,2025-04-27,0,0,False,False,47521.4025,Current,DEBT_CONSOLIDATION
LN-501408,CUST-100783,2025-04-27,0,0,False,False,16248.597500000007,Current,DEBT_CONSOLIDATION
LN-501409,CUST-105737,2025-04-27,0,0,False,False,39650.36,Current,DEBT_CONSOLIDATION
LN-501410,CUST-105716,2025-04-27,0,0,False,False,29547.50500000002,Current,DEBT_CONSOLIDATION
LN-501411,CUST-105027,2025-04-27,0,0,False,False,4142.710000000001,Current,DEBT_CONSOLIDATION
LN-501412,CUST-104428,2025-04-27,0,0,False,False,7511.920000000002,Current,DEBT_CONSOLIDATION
LN-501413,CUST-106528,2025-04-27,0,0,False,False,80385.73,Current,DEBT_CONSOLIDATION
LN-501414,CUST-104777,2025-04-27,0,0,False,False,23359.65000000001,Current,DEBT_CONSOLIDATION
LN-501415,CUST-102351,2025-04-27,0,0,False,False,15307.34,Current,DEBT_CONSOLIDATION
LN-501417,CUST-103484,2025-04-27,0,0,False,False,51329.8,Current,DEBT_CONSOLIDATION
LN-501418,CUST-101907,2025-04-27,0,0,False,False,13728.619999999992,Current,DEBT_CONSOLIDATION
LN-501419,CUST-100931,2025-04-27,0,0,True,False,23780.322499999995,Current,DEBT_CONSOLIDATION
LN-501420,CUST-105350,2025-04-27,0,0,False,False,117550.63500000004,Current,DEBT_CONSOLIDATION
LN-501422,CUST-105040,2025-04-27,0,0,False,False,12599.527499999995,Current,DEBT_CONSOLIDATION
LN-501423,CUST-101281,2025-04-27,2,38,False,False,48079.389999999985,30-59,DEBT_CONSOLIDATION
LN-501424,CUST-106587,2025-04-27,0,0,False,False,14311.2275,Current,DEBT_CONSOLIDATION
LN-501427,CUST-106823,2025-04-27,0,0,False,False,10397.1075,Current,DEBT_CONSOLIDATION
LN-501428,CUST-101091,2025-04-27,0,0,False,False,1561.2249999999997,Current,DEBT_CONSOLIDATION
LN-501429,CUST-104593,2025-04-27,0,0,False,False,42719.19,Current,DEBT_CONSOLIDATION
LN-501430,CUST-100206,2025-04-27,0,0,False,False,17606.437500000004,Current,DEBT_CONSOLIDATION
LN-501431,CUST-106499,2025-04-27,0,0,False,False,43006.584999999985,Current,DEBT_CONSOLIDATION
LN-501432,CUST-105492,2025-04-27,1,14,False,False,251182.40999999997,1-29,DEBT_CONSOLIDATION
LN-501434,CUST-105775,2025-04-27,0,0,False,False,214801.78,Current,DEBT_CONSOLIDATION
LN-501435,CUST-102785,2025-04-27,0,0,False,False,43515.68,Current,DEBT_CONSOLIDATION
LN-501436,CUST-106688,2025-04-27,0,0,False,False,57982.21,Current,DEBT_CONSOLIDATION
LN-501437,CUST-107295,2025-04-27,0,0,False,False,18257.249999999993,Current,DEBT_CONSOLIDATION
LN-501438,CUST-104715,2025-04-27,0,0,False,False,8834.007500000005,Current,DEBT_CONSOLIDATION
LN-501439,CUST-103108,2025-04-27,0,0,False,False,15785.777500000011,Current,DEBT_CONSOLIDATION
LN-501440,CUST-100849,2025-04-27,0,0,False,False,48504.520000000004,Current,DEBT_CONSOLIDATION
LN-501441,CUST-105390,2025-04-27,0,0,False,False,32960.930000000015,Current,DEBT_CONSOLIDATION
LN-501442,CUST-105412,2025-04-27,0,0,False,False,605386.5975000004,Current,DEBT_CONSOLIDATION
LN-501443,CUST-100685,2025-04-27,0,0,False,False,20215.260000000013,Current,DEBT_CONSOLIDATION
LN-501444,CUST-104444,2025-04-27,0,0,False,False,26298.925,Current,DEBT_CONSOLIDATION
LN-501445,CUST-103546,2025-04-27,0,0,False,False,4987.827499999999,Current,DEBT_CONSOLIDATION
LN-501446,CUST-105798,2025-04-27,1,4,False,False,92480.29999999996,1-29,DEBT_CONSOLIDATION
LN-501447,CUST-102497,2025-04-27,0,0,False,False,132556.68999999997,Current,DEBT_CONSOLIDATION
LN-501448,CUST-103089,2025-04-27,0,0,False,False,9358.864999999994,Current,DEBT_CONSOLIDATION
LN-501449,CUST-107844,2025-04-27,0,0,True,False,6075.680000000004,Current,DEBT_CONSOLIDATION
LN-501453,CUST-100790,2025-04-27,0,0,False,False,8562.790000000005,Current,DEBT_CONSOLIDATION
LN-501454,CUST-106225,2025-04-27,0,0,False,False,8720.504999999996,Current,DEBT_CONSOLIDATION
LN-501455,CUST-102213,2025-04-27,0,0,False,False,41465.95499999999,Current,DEBT_CONSOLIDATION
LN-501456,CUST-100336,2025-04-27,0,0,False,False,36236.87500000002,Current,DEBT_CONSOLIDATION
LN-501457,CUST-102873,2025-04-27,0,0,False,False,18612.03,Current,DEBT_CONSOLIDATION
LN-501458,CUST-107608,2025-04-27,0,0,False,False,59348.14,Current,DEBT_CONSOLIDATION
LN-501459,CUST-101249,2025-04-27,0,0,False,False,127341.33499999998,Current,DEBT_CONSOLIDATION
LN-501462,CUST-106515,2025-04-27,0,0,False,False,50249.58499999999,Current,DEBT_CONSOLIDATION
LN-501463,CUST-101581,2025-04-27,0,0,False,False,39125.46499999999,Current,DEBT_CONSOLIDATION
LN-501464,CUST-106838,2025-04-27,0,0,False,False,18058.585000000006,Current,DEBT_CONSOLIDATION
LN-501465,CUST-101196,2025-04-27,0,0,False,False,28059.905,Current,DEBT_CONSOLIDATION
LN-501466,CUST-103508,2025-04-27,0,0,False,False,23748.730000000018,Current,DEBT_CONSOLIDATION
LN-501468,CUST-106700,2025-04-27,0,0,False,False,32157.94,Current,DEBT_CONSOLIDATION
LN-501469,CUST-107784,2025-04-27,0,0,False,False,151433.40500000003,Current,DEBT_CONSOLIDATION
LN-501470,CUST-103138,2025-04-27,0,0,False,False,17896.719999999998,Current,DEBT_CONSOLIDATION
LN-501471,CUST-104486,2025-04-27,0,0,False,False,37978.5925,Current,DEBT_CONSOLIDATION
LN-501472,CUST-102337,2025-04-27,0,0,False,False,11966.392499999998,Current,DEBT_CONSOLIDATION
LN-501473,CUST-103347,2025-04-27,0,0,False,False,23125.8775,Current,DEBT_CONSOLIDATION
LN-501474,CUST-105083,2025-04-27,0,0,False,False,14009.3825,Current,DEBT_CONSOLIDATION
LN-501475,CUST-100968,2025-04-27,0,0,False,False,17192.902500000004,Current,DEBT_CONSOLIDATION
LN-501476,CUST-104467,2025-04-27,0,0,False,False,38548.12500000001,Current,DEBT_CONSOLIDATION
LN-501477,CUST-106403,2025-04-27,0,0,False,False,41769.039999999986,Current,DEBT_CONSOLIDATION
LN-501480,CUST-104572,2025-04-27,0,0,False,False,26757.587499999998,Current,DEBT_CONSOLIDATION
LN-501481,CUST-101628,2025-04-27,0,0,True,False,14676.419999999995,Current,DEBT_CONSOLIDATION
LN-501482,CUST-102538,2025-04-27,0,0,False,False,6726.187499999997,Current,DEBT_CONSOLIDATION
LN-501483,CUST-100623,2025-04-27,0,0,False,False,230827.80000000002,Current,DEBT_CONSOLIDATION
LN-501484,CUST-107244,2025-04-27,2,37,False,False,78375.25249999997,30-59,DEBT_CONSOLIDATION
LN-501485,CUST-102638,2025-04-27,0,0,False,False,8777.429999999997,Current,DEBT_CONSOLIDATION
LN-501486,CUST-107447,2025-04-27,0,0,False,False,39128.78000000001,Current,DEBT_CONSOLIDATION
LN-501488,CUST-103068,2025-04-27,0,0,False,False,2097.91,Current,DEBT_CONSOLIDATION
LN-501489,CUST-107681,2025-04-27,0,0,False,False,21507.50000000002,Current,DEBT_CONSOLIDATION
LN-501490,CUST-101809,2025-04-27,2,55,False,False,34572.82499999999,30-59,DEBT_CONSOLIDATION
LN-501492,CUST-105061,2025-04-27,0,0,False,False,56978.97,Current,DEBT_CONSOLIDATION
LN-501493,CUST-105158,2025-04-27,0,0,False,False,18285.467500000006,Current,DEBT_CONSOLIDATION
LN-501494,CUST-101649,2025-04-27,0,0,False,False,26407.437500000004,Current,DEBT_CONSOLIDATION
LN-501495,CUST-103617,2025-04-27,0,0,False,False,11107.839999999995,Current,DEBT_CONSOLIDATION
LN-501496,CUST-106491,2025-04-27,0,0,False,False,3813.5999999999985,Current,DEBT_CONSOLIDATION
LN-501498,CUST-104068,2025-04-27,0,0,False,False,14729.095000000014,Current,DEBT_CONSOLIDATION
LN-501499,CUST-105211,2025-04-27,0,0,False,False,31698.320000000014,Current,DEBT_CONSOLIDATION
LN-501500,CUST-106534,2025-04-27,0,0,False,False,19974.934999999994,Current,DEBT_CONSOLIDATION
LN-501501,CUST-102079,2025-04-27,0,0,False,False,21346.579999999984,Current,DEBT_CONSOLIDATION
LN-501502,CUST-105137,2025-04-27,0,0,False,False,39783.42500000002,Current,DEBT_CONSOLIDATION
LN-501503,CUST-103955,2025-04-27,4,167,False,False,24170.252500000013,90+,DEBT_CONSOLIDATION
LN-501504,CUST-102543,2025-04-27,0,0,False,False,9328.560000000009,Current,DEBT_CONSOLIDATION
LN-501505,CUST-100401,2025-04-27,0,0,False,False,40599.29000000002,Current,DEBT_CONSOLIDATION
LN-501506,CUST-106829,2025-04-27,0,0,False,False,15703.13,Current,DEBT_CONSOLIDATION
LN-501507,CUST-106911,2025-04-27,0,0,False,False,5445.944999999997,Current,DEBT_CONSOLIDATION
LN-501508,CUST-104541,2025-04-27,0,0,False,False,44998.42499999999,Current,DEBT_CONSOLIDATION
LN-501509,CUST-105086,2025-04-27,0,0,False,False,24069.8425,Current,DEBT_CONSOLIDATION
LN-501510,CUST-102702,2025-04-27,0,0,False,False,8792.8,Current,DEBT_CONSOLIDATION
LN-501511,CUST-104331,2025-04-27,0,0,False,False,23665.79,Current,DEBT_CONSOLIDATION
LN-501512,CUST-107011,2025-04-27,0,0,False,False,46733.354999999996,Current,DEBT_CONSOLIDATION
LN-501513,CUST-102950,2025-04-27,0,0,False,False,17805.709999999992,Current,DEBT_CONSOLIDATION
LN-501514,CUST-105140,2025-04-27,0,0,False,False,12786.987499999997,Current,DEBT_CONSOLIDATION
LN-501515,CUST-105179,2025-04-27,0,0,False,False,62118.969999999994,Current,DEBT_CONSOLIDATION
LN-501516,CUST-104322,2025-04-27,0,0,False,False,10236.257499999998,Current,DEBT_CONSOLIDATION
LN-501518,CUST-102433,2025-04-27,0,0,False,False,3532.8175000000006,Current,DEBT_CONSOLIDATION
LN-501519,CUST-102902,2025-04-27,0,0,False,False,18845.05,Current,DEBT_CONSOLIDATION
LN-501520,CUST-102218,2025-04-27,0,0,False,False,12620.555000000002,Current,DEBT_CONSOLIDATION
LN-501521,CUST-106797,2025-04-27,0,0,False,False,15754.087500000001,Current,DEBT_CONSOLIDATION
LN-501522,CUST-106281,2025-04-27,0,0,False,False,697.7399999999996,Current,DEBT_CONSOLIDATION
LN-501524,CUST-105517,2025-04-27,0,0,False,False,7980.29249999999,Current,DEBT_CONSOLIDATION
LN-501525,CUST-102878,2025-04-27,0,0,False,False,78456.85750000009,Current,DEBT_CONSOLIDATION
LN-501526,CUST-105214,2025-04-27,0,0,False,False,20316.6,Current,DEBT_CONSOLIDATION
LN-501527,CUST-103984,2025-04-27,1,10,False,False,10662.01,1-29,DEBT_CONSOLIDATION
LN-501528,CUST-103294,2025-04-27,0,0,False,False,34087.63249999999,Current,DEBT_CONSOLIDATION
LN-501529,CUST-100766,2025-04-27,0,0,False,False,9802.57,Current,DEBT_CONSOLIDATION
LN-501530,CUST-101876,2025-04-27,1,16,False,False,22496.380000000012,1-29,DEBT_CONSOLIDATION
LN-501531,CUST-101292,2025-04-27,0,0,False,False,20505.51,Current,DEBT_CONSOLIDATION
LN-501532,CUST-107022,2025-04-27,0,0,False,False,18869.355,Current,DEBT_CONSOLIDATION
LN-501533,CUST-103483,2025-04-27,0,0,False,False,21867.812499999993,Current,DEBT_CONSOLIDATION
LN-501534,CUST-103064,2025-04-27,0,0,False,False,21258.160000000003,Current,DEBT_CONSOLIDATION
LN-501535,CUST-104096,2025-04-27,0,0,False,False,29654.645,Current,DEBT_CONSOLIDATION
LN-501536,CUST-107915,2025-04-27,0,0,True,False,4703.597499999998,Current,DEBT_CONSOLIDATION
LN-501537,CUST-100694,2025-04-27,2,45,False,False,25340.004999999997,30-59,DEBT_CONSOLIDATION
LN-501538,CUST-103541,2025-04-27,0,0,False,False,7737.895000000002,Current,DEBT_CONSOLIDATION
LN-501540,CUST-101719,2025-04-27,2,36,False,False,116858.46,30-59,DEBT_CONSOLIDATION
LN-501541,CUST-100112,2025-04-27,0,0,False,False,9064.904999999997,Current,DEBT_CONSOLIDATION
LN-501542,CUST-100355,2025-04-27,0,0,False,False,39520.83749999997,Current,DEBT_CONSOLIDATION
LN-501543,CUST-105392,2025-04-27,0,0,False,False,27196.430000000008,Current,DEBT_CONSOLIDATION
LN-501544,CUST-104821,2025-04-27,0,0,False,False,20171.565000000002,Current,DEBT_CONSOLIDATION
LN-501546,CUST-105316,2025-04-27,0,0,False,False,34928.24499999996,Current,DEBT_CONSOLIDATION
LN-501547,CUST-105806,2025-04-27,0,0,False,False,32143.68,Current,DEBT_CONSOLIDATION
LN-501548,CUST-104164,2025-04-27,0,0,False,False,30535.814999999995,Current,DEBT_CONSOLIDATION
LN-501549,CUST-100526,2025-04-27,0,0,False,False,4974.002499999993,Current,DEBT_CONSOLIDATION
LN-501550,CUST-107195,2025-04-27,0,0,False,False,16185.090000000017,Current,DEBT_CONSOLIDATION
LN-501551,CUST-106792,2025-04-27,0,0,False,False,18122.9025,Current,DEBT_CONSOLIDATION
LN-501553,CUST-105501,2025-04-27,0,0,False,False,14370.44,Current,DEBT_CONSOLIDATION
LN-501554,CUST-101835,2025-04-27,1,20,False,False,29369.89,1-29,DEBT_CONSOLIDATION
LN-501555,CUST-101803,2025-04-27,0,0,False,False,5141.229999999999,Current,DEBT_CONSOLIDATION
LN-501556,CUST-106860,2025-04-27,0,0,False,False,108379.05000000002,Current,DEBT_CONSOLIDATION
LN-501557,CUST-105132,2025-04-27,0,0,False,False,14864.869999999999,Current,DEBT_CONSOLIDATION
LN-501558,CUST-106221,2025-04-27,0,0,False,False,17484.657499999994,Current,DEBT_CONSOLIDATION
LN-501559,CUST-107486,2025-04-27,0,0,False,False,15867.97249999999,Current,DEBT_CONSOLIDATION
LN-501560,CUST-102326,2025-04-27,0,0,False,False,3215.982500000001,Current,DEBT_CONSOLIDATION
LN-501561,CUST-101850,2025-04-27,0,0,False,False,3172.3450000000003,Current,DEBT_CONSOLIDATION
LN-501562,CUST-103954,2025-04-27,2,45,False,False,31018.179999999993,30-59,DEBT_CONSOLIDATION
LN-501564,CUST-100407,2025-04-27,0,0,False,False,31240.284999999963,Current,DEBT_CONSOLIDATION
LN-501565,CUST-100181,2025-04-27,0,0,False,False,24450.222500000007,Current,DEBT_CONSOLIDATION
LN-501566,CUST-105943,2025-04-27,0,0,False,False,36232.49750000001,Current,DEBT_CONSOLIDATION
LN-501567,CUST-105143,2025-04-27,0,0,False,False,50467.235000000015,Current,DEBT_CONSOLIDATION
LN-501568,CUST-101364,2025-04-27,0,0,False,False,114348.34999999992,Current,DEBT_CONSOLIDATION
LN-501569,CUST-105008,2025-04-27,0,0,False,False,13866.79250000001,Current,DEBT_CONSOLIDATION
LN-501570,CUST-107195,2025-04-27,0,0,False,False,31809.14,Current,DEBT_CONSOLIDATION
LN-501572,CUST-102386,2025-04-27,0,0,False,False,1772.435,Current,DEBT_CONSOLIDATION
LN-501573,CUST-103000,2025-04-27,0,0,False,False,23515.759999999987,Current,DEBT_CONSOLIDATION
LN-501574,CUST-107903,2025-04-27,0,0,False,False,4551.199999999999,Current,DEBT_CONSOLIDATION
LN-501575,CUST-104800,2025-04-27,0,0,False,False,18979.360000000004,Current,DEBT_CONSOLIDATION
LN-501576,CUST-100249,2025-04-27,0,0,False,True,39037.564999999995,Current,DEBT_CONSOLIDATION
LN-501577,CUST-105382,2025-04-27,1,11,False,False,15406.542499999985,1-29,DEBT_CONSOLIDATION
LN-501578,CUST-101375,2025-04-27,0,0,False,False,15217.325000000003,Current,DEBT_CONSOLIDATION
LN-501579,CUST-102171,2025-04-27,0,0,False,False,21189.824999999986,Current,DEBT_CONSOLIDATION
LN-501580,CUST-105018,2025-04-27,0,0,False,False,1908.4199999999987,Current,DEBT_CONSOLIDATION
LN-501581,CUST-107162,2025-04-27,0,0,False,False,6742.409999999997,Current,DEBT_CONSOLIDATION
LN-501582,CUST-102813,2025-04-27,1,5,False,False,41919.80499999999,1-29,DEBT_CONSOLIDATION
LN-501583,CUST-102593,2025-04-27,0,0,False,False,30801.517499999998,Current,DEBT_CONSOLIDATION
LN-501584,CUST-106333,2025-04-27,0,0,False,False,26524.549999999992,Current,DEBT_CONSOLIDATION
LN-501585,CUST-106897,2025-04-27,0,0,False,False,527193.8600000002,Current,DEBT_CONSOLIDATION
LN-501586,CUST-106073,2025-04-27,0,0,False,False,6981.3575,Current,DEBT_CONSOLIDATION
LN-501587,CUST-105418,2025-04-27,0,0,False,False,21110.0,Current,DEBT_CONSOLIDATION
LN-501588,CUST-107730,2025-04-27,0,0,False,False,32107.589999999993,Current,DEBT_CONSOLIDATION
LN-501589,CUST-102650,2025-04-27,0,0,False,False,6135.49,Current,DEBT_CONSOLIDATION
LN-501590,CUST-101716,2025-04-27,4,97,False,False,2368.2249999999995,90+,DEBT_CONSOLIDATION
LN-501591,CUST-104267,2025-04-27,0,0,True,False,2834.5075000000006,Current,DEBT_CONSOLIDATION
LN-501592,CUST-101548,2025-04-27,0,0,False,False,90878.66000000003,Current,DEBT_CONSOLIDATION
LN-501593,CUST-105457,2025-04-27,0,0,False,False,11513.830000000004,Current,DEBT_CONSOLIDATION
LN-501594,CUST-106162,2025-04-27,0,0,False,False,44509.679999999964,Current,DEBT_CONSOLIDATION
LN-501595,CUST-106103,2025-04-27,0,0,False,False,14475.099999999993,Current,DEBT_CONSOLIDATION
LN-501596,CUST-102237,2025-04-27,4,98,False,False,18957.295000000016,90+,DEBT_CONSOLIDATION
LN-501597,CUST-102470,2025-04-27,0,0,False,False,288759.2325,Current,DEBT_CONSOLIDATION
LN-501598,CUST-105825,2025-04-27,0,0,False,False,13410.1975,Current,DEBT_CONSOLIDATION
LN-501599,CUST-105586,2025-04-27,0,0,False,False,98724.915,Current,DEBT_CONSOLIDATION
LN-501600,CUST-107767,2025-04-27,1,22,False,False,34686.889999999985,1-29,DEBT_CONSOLIDATION
LN-501601,CUST-100964,2025-04-27,0,0,False,False,26452.52,Current,DEBT_CONSOLIDATION
LN-501602,CUST-100169,2025-04-27,0,0,False,False,8370.494999999999,Current,DEBT_CONSOLIDATION
LN-501603,CUST-103676,2025-04-27,0,0,False,False,130728.17,Current,DEBT_CONSOLIDATION
LN-501604,CUST-101307,2025-04-27,0,0,False,False,18871.785,Current,DEBT_CONSOLIDATION
LN-501605,CUST-105733,2025-04-27,3,80,False,False,16299.13,60-89,DEBT_CONSOLIDATION
LN-501606,CUST-101632,2025-04-27,0,0,False,False,41642.44249999998,Current,DEBT_CONSOLIDATION
LN-501607,CUST-102815,2025-04-27,0,0,False,False,57640.44750000003,Current,DEBT_CONSOLIDATION
LN-501608,CUST-104447,2025-04-27,0,0,False,False,162474.27749999982,Current,DEBT_CONSOLIDATION
LN-501611,CUST-102777,2025-04-27,0,0,False,False,23716.75749999998,Current,DEBT_CONSOLIDATION
LN-501612,CUST-101658,2025-04-27,0,0,False,False,13451.872499999996,Current,DEBT_CONSOLIDATION
LN-501613,CUST-104003,2025-04-27,0,0,False,False,10528.6,Current,DEBT_CONSOLIDATION
LN-501614,CUST-102562,2025-04-27,0,0,False,False,12583.420000000004,Current,DEBT_CONSOLIDATION
LN-501615,CUST-106205,2025-04-27,0,0,False,False,14905.182499999999,Current,DEBT_CONSOLIDATION
LN-501616,CUST-102999,2025-04-27,0,0,False,False,3044.97,Current,DEBT_CONSOLIDATION
LN-501617,CUST-103150,2025-04-27,0,0,False,False,314644.4724999999,Current,DEBT_CONSOLIDATION
LN-501618,CUST-107341,2025-04-27,0,0,False,False,7267.490000000002,Current,DEBT_CONSOLIDATION
LN-501619,CUST-107693,2025-04-27,0,0,False,False,49293.620000000024,Current,DEBT_CONSOLIDATION
LN-501620,CUST-100042,2025-04-27,0,0,False,False,26718.235,Current,DEBT_CONSOLIDATION
LN-501621,CUST-103901,2025-04-27,0,0,False,False,12948.47249999999,Current,DEBT_CONSOLIDATION
LN-501622,CUST-105369,2025-04-27,1,6,False,False,11596.664999999999,1-29,DEBT_CONSOLIDATION
LN-501623,CUST-107631,2025-04-27,0,0,False,False,138513.17,Current,DEBT_CONSOLIDATION
LN-501624,CUST-103111,2025-04-27,0,0,False,False,37289.340000000004,Current,DEBT_CONSOLIDATION
LN-501625,CUST-105989,2025-04-27,0,0,False,False,3510.304999999999,Current,DEBT_CONSOLIDATION
LN-501626,CUST-100555,2025-04-27,0,0,False,False,39660.38499999996,Current,DEBT_CONSOLIDATION
LN-501627,CUST-100277,2025-04-27,0,0,False,False,11224.7975,Current,DEBT_CONSOLIDATION
LN-501628,CUST-104035,2025-04-27,0,0,False,False,4119.04,Current,DEBT_CONSOLIDATION
LN-501629,CUST-100302,2025-04-27,0,0,False,False,27398.85250000001,Current,DEBT_CONSOLIDATION
LN-501630,CUST-100118,2025-04-27,0,0,False,False,14575.284999999983,Current,DEBT_CONSOLIDATION
LN-501631,CUST-106390,2025-04-27,0,0,False,False,103167.45000000001,Current,DEBT_CONSOLIDATION
LN-501632,CUST-101968,2025-04-27,0,0,False,False,12814.6425,Current,DEBT_CONSOLIDATION
LN-501633,CUST-101927,2025-04-27,3,67,False,False,120864.01,60-89,DEBT_CONSOLIDATION
LN-501634,CUST-107670,2025-04-27,3,61,False,False,3527.0149999999994,60-89,DEBT_CONSOLIDATION
LN-501635,CUST-106768,2025-04-27,0,0,False,False,38822.88,Current,DEBT_CONSOLIDATION
LN-501636,CUST-106490,2025-04-27,0,0,False,False,40074.34000000002,Current,DEBT_CONSOLIDATION
LN-501637,CUST-104582,2025-04-27,0,0,False,False,35064.075,Current,DEBT_CONSOLIDATION
LN-501638,CUST-100453,2025-04-27,0,0,False,False,2200.9550000000017,Current,DEBT_CONSOLIDATION
LN-501639,CUST-104365,2025-04-27,0,0,False,False,4855.484999999997,Current,DEBT_CONSOLIDATION
LN-501640,CUST-100091,2025-04-27,0,0,False,False,29262.49000000002,Current,DEBT_CONSOLIDATION
LN-501641,CUST-106967,2025-04-27,0,0,False,False,1705.542500000001,Current,DEBT_CONSOLIDATION
LN-501642,CUST-105596,2025-04-27,0,0,False,False,51774.86,Current,DEBT_CONSOLIDATION
LN-501643,CUST-103783,2025-04-27,0,0,False,False,2978.0849999999996,Current,DEBT_CONSOLIDATION
LN-501644,CUST-101895,2025-04-27,0,0,False,False,12885.549999999997,Current,DEBT_CONSOLIDATION
LN-501645,CUST-104387,2025-04-27,0,0,False,False,26042.939999999988,Current,DEBT_CONSOLIDATION
LN-501646,CUST-105376,2025-04-27,0,0,False,False,23142.40999999998,Current,DEBT_CONSOLIDATION
LN-501647,CUST-103466,2025-04-27,0,0,False,False,27411.00250000001,Current,DEBT_CONSOLIDATION
LN-501648,CUST-106350,2025-04-27,0,0,False,False,42749.34500000001,Current,DEBT_CONSOLIDATION
LN-501649,CUST-106318,2025-04-27,0,0,False,False,21003.182500000003,Current,DEBT_CONSOLIDATION
LN-501650,CUST-102156,2025-04-27,0,0,False,False,22325.924999999996,Current,DEBT_CONSOLIDATION
LN-501651,CUST-103898,2025-04-27,0,0,False,False,29254.485,Current,DEBT_CONSOLIDATION
LN-501653,CUST-102691,2025-04-27,0,0,False,False,20924.179999999993,Current,DEBT_CONSOLIDATION
LN-501655,CUST-106037,2025-04-27,0,0,False,False,7566.067499999999,Current,DEBT_CONSOLIDATION
LN-501656,CUST-102336,2025-04-27,0,0,False,False,24722.059999999998,Current,DEBT_CONSOLIDATION
LN-501657,CUST-102068,2025-04-27,0,0,False,False,23509.2675,Current,DEBT_CONSOLIDATION
LN-501658,CUST-101206,2025-04-27,0,0,False,False,20304.849999999988,Current,DEBT_CONSOLIDATION
LN-501659,CUST-107921,2025-04-27,0,0,False,False,79393.67999999995,Current,DEBT_CONSOLIDATION
LN-501660,CUST-102403,2025-04-27,0,0,False,False,21563.209999999995,Current,DEBT_CONSOLIDATION
LN-501661,CUST-107273,2025-04-27,0,0,False,False,12843.385,Current,DEBT_CONSOLIDATION
LN-501662,CUST-107844,2025-04-27,0,0,False,False,11427.894999999997,Current,DEBT_CONSOLIDATION
LN-501663,CUST-106455,2025-04-27,0,0,False,False,591435.6600000008,Current,DEBT_CONSOLIDATION
LN-501665,CUST-104978,2025-04-27,1,9,False,False,21145.065000000006,1-29,DEBT_CONSOLIDATION
LN-501667,CUST-100420,2025-04-27,0,0,False,False,7641.76,Current,DEBT_CONSOLIDATION
LN-501668,CUST-106915,2025-04-27,0,0,False,False,51752.5975,Current,DEBT_CONSOLIDATION
LN-501669,CUST-104526,2025-04-27,0,0,False,False,552158.9850000001,Current,DEBT_CONSOLIDATION
LN-501670,CUST-104537,2025-04-27,0,0,True,False,582060.9625000001,Current,DEBT_CONSOLIDATION
LN-501671,CUST-103893,2025-04-27,0,0,True,False,132775.38000000003,Current,DEBT_CONSOLIDATION
LN-501672,CUST-105963,2025-04-27,0,0,False,False,18475.31499999998,Current,DEBT_CONSOLIDATION
LN-501673,CUST-106790,2025-04-27,3,84,False,False,42474.122500000005,60-89,DEBT_CONSOLIDATION
LN-501675,CUST-104736,2025-04-27,0,0,False,False,10678.58,Current,DEBT_CONSOLIDATION
LN-501676,CUST-106749,2025-04-27,0,0,False,False,17225.899999999998,Current,DEBT_CONSOLIDATION
LN-501677,CUST-101148,2025-04-27,0,0,False,False,6363.167500000001,Current,DEBT_CONSOLIDATION
LN-501678,CUST-102773,2025-04-27,0,0,False,False,19024.4,Current,DEBT_CONSOLIDATION
LN-501679,CUST-107879,2025-04-27,0,0,False,False,37532.64,Current,DEBT_CONSOLIDATION
LN-501681,CUST-105348,2025-04-27,0,0,False,False,107466.35999999999,Current,DEBT_CONSOLIDATION
LN-501682,CUST-106466,2025-04-27,0,0,False,False,10441.4925,Current,DEBT_CONSOLIDATION
LN-501683,CUST-106191,2025-04-27,0,0,False,False,8766.279999999999,Current,DEBT_CONSOLIDATION
LN-501684,CUST-105560,2025-04-27,0,0,False,False,15213.550000000014,Current,DEBT_CONSOLIDATION
LN-501685,CUST-102421,2025-04-27,0,0,False,False,50881.840000000004,Current,DEBT_CONSOLIDATION
LN-501686,CUST-107598,2025-04-27,0,0,False,False,25323.995,Current,DEBT_CONSOLIDATION
LN-501688,CUST-101375,2025-04-27,0,0,False,False,14117.250000000002,Current,DEBT_CONSOLIDATION
LN-501689,CUST-100837,2025-04-27,0,0,False,False,46342.285,Current,DEBT_CONSOLIDATION
LN-501690,CUST-100404,2025-04-27,0,0,False,False,38063.2,Current,DEBT_CONSOLIDATION
LN-501691,CUST-100835,2025-04-27,0,0,False,False,13042.779999999999,Current,DEBT_CONSOLIDATION
LN-501692,CUST-101855,2025-04-27,0,0,False,False,85795.95999999998,Current,DEBT_CONSOLIDATION
LN-501693,CUST-107641,2025-04-27,0,0,False,False,6956.940000000005,Current,DEBT_CONSOLIDATION
LN-501694,CUST-106852,2025-04-27,0,0,True,False,1528.0449999999996,Current,DEBT_CONSOLIDATION
LN-501696,CUST-100563,2025-04-27,0,0,False,False,222539.355,Current,DEBT_CONSOLIDATION
LN-501697,CUST-104754,2025-04-27,0,0,False,False,82181.13749999998,Current,DEBT_CONSOLIDATION
LN-501698,CUST-107334,2025-04-27,0,0,False,False,8775.552499999987,Current,DEBT_CONSOLIDATION
LN-501699,CUST-100753,2025-04-27,0,0,False,False,29415.5175,Current,DEBT_CONSOLIDATION
LN-501700,CUST-104209,2025-04-27,0,0,False,False,15479.032500000012,Current,DEBT_CONSOLIDATION
LN-501701,CUST-104772,2025-04-27,3,81,False,False,8809.669999999996,60-89,DEBT_CONSOLIDATION
LN-501702,CUST-104124,2025-04-27,0,0,False,False,138257.39499999981,Current,DEBT_CONSOLIDATION
LN-501703,CUST-107640,2025-04-27,0,0,False,False,17082.7,Current,DEBT_CONSOLIDATION
LN-501704,CUST-100220,2025-04-27,0,0,False,False,12933.314999999999,Current,DEBT_CONSOLIDATION
LN-501705,CUST-101350,2025-04-27,0,0,False,False,110457.79749999997,Current,DEBT_CONSOLIDATION
LN-501706,CUST-101692,2025-04-27,0,0,False,False,10987.527500000004,Current,DEBT_CONSOLIDATION
LN-501707,CUST-100630,2025-04-27,0,0,False,False,5360.2175,Current,DEBT_CONSOLIDATION
LN-501708,CUST-100588,2025-04-27,0,0,False,False,15864.719999999996,Current,DEBT_CONSOLIDATION
LN-501709,CUST-105509,2025-04-27,0,0,False,False,23898.657500000005,Current,DEBT_CONSOLIDATION
LN-501710,CUST-101295,2025-04-27,0,0,False,False,45633.465,Current,DEBT_CONSOLIDATION
LN-501711,CUST-104940,2025-04-27,0,0,False,False,3492.31,Current,DEBT_CONSOLIDATION
LN-501712,CUST-101735,2025-04-27,0,0,False,False,29132.62250000002,Current,DEBT_CONSOLIDATION
LN-501713,CUST-102126,2025-04-27,0,0,False,False,11004.109999999995,Current,DEBT_CONSOLIDATION
LN-501714,CUST-104015,2025-04-27,4,96,False,False,35433.807499999995,90+,DEBT_CONSOLIDATION
LN-501715,CUST-103517,2025-04-27,0,0,False,False,2722.7150000000015,Current,DEBT_CONSOLIDATION
LN-501716,CUST-102560,2025-04-27,0,0,False,False,146081.6175,Current,DEBT_CONSOLIDATION
LN-501717,CUST-103819,2025-04-27,0,0,False,False,13438.290000000006,Current,DEBT_CONSOLIDATION
LN-501718,CUST-105164,2025-04-27,0,0,False,False,507413.2250000001,Current,DEBT_CONSOLIDATION
LN-501719,CUST-105415,2025-04-27,1,19,False,False,11595.81,1-29,DEBT_CONSOLIDATION
LN-501721,CUST-106448,2025-04-27,0,0,False,False,4040.839999999998,Current,DEBT_CONSOLIDATION
LN-501722,CUST-106453,2025-04-27,0,0,False,False,23724.907499999998,Current,DEBT_CONSOLIDATION
LN-501723,CUST-103565,2025-04-27,0,0,False,False,17182.91500000001,Current,DEBT_CONSOLIDATION
LN-501724,CUST-105504,2025-04-27,0,0,False,False,19749.93999999999,Current,DEBT_CONSOLIDATION
LN-501725,CUST-105101,2025-04-27,0,0,False,False,17287.52,Current,DEBT_CONSOLIDATION
LN-501726,CUST-100868,2025-04-27,0,0,False,False,39313.65,Current,DEBT_CONSOLIDATION
LN-501727,CUST-102226,2025-04-27,4,98,False,False,8238.155,90+,DEBT_CONSOLIDATION
LN-501728,CUST-104286,2025-04-27,2,31,False,False,12223.879999999997,30-59,DEBT_CONSOLIDATION
LN-501729,CUST-103313,2025-04-27,0,0,False,False,6468.344999999999,Current,DEBT_CONSOLIDATION
LN-501730,CUST-104652,2025-04-27,0,0,False,False,15268.595000000001,Current,DEBT_CONSOLIDATION
LN-501731,CUST-100877,2025-04-27,0,0,False,False,17125.57499999999,Current,DEBT_CONSOLIDATION
LN-501732,CUST-104390,2025-04-27,0,0,False,False,24867.280000000002,Current,DEBT_CONSOLIDATION
LN-501733,CUST-105756,2025-04-27,0,0,False,False,351431.01000000007,Current,DEBT_CONSOLIDATION
LN-501734,CUST-104786,2025-04-27,0,0,False,False,20867.87000000001,Current,DEBT_CONSOLIDATION
LN-501735,CUST-107090,2025-04-27,0,0,False,False,10900.872500000001,Current,DEBT_CONSOLIDATION
LN-501736,CUST-107111,2025-04-27,0,0,False,False,16615.204999999984,Current,DEBT_CONSOLIDATION
LN-501737,CUST-104312,2025-04-27,0,0,False,False,10361.229999999996,Current,DEBT_CONSOLIDATION
LN-501739,CUST-104955,2025-04-27,0,0,False,False,28397.975000000006,Current,DEBT_CONSOLIDATION
LN-501740,CUST-104643,2025-04-27,0,0,False,False,24964.2375,Current,DEBT_CONSOLIDATION
LN-501741,CUST-106074,2025-04-27,0,0,False,False,24090.765000000003,Current,DEBT_CONSOLIDATION
LN-501743,CUST-100346,2025-04-27,0,0,False,False,2914.1849999999995,Current,DEBT_CONSOLIDATION
LN-501744,CUST-105595,2025-04-27,1,14,False,False,9775.55750000001,1-29,DEBT_CONSOLIDATION
LN-501745,CUST-101178,2025-04-27,1,10,False,False,46052.47,1-29,DEBT_CONSOLIDATION
LN-501746,CUST-101812,2025-04-27,0,0,False,False,143563.53749999998,Current,DEBT_CONSOLIDATION
LN-501747,CUST-104020,2025-04-27,1,4,False,False,35802.814999999995,1-29,DEBT_CONSOLIDATION
LN-501748,CUST-100600,2025-04-27,0,0,False,False,31719.865,Current,DEBT_CONSOLIDATION
LN-501749,CUST-105085,2025-04-27,0,0,True,False,10253.910000000002,Current,DEBT_CONSOLIDATION
LN-501751,CUST-100476,2025-04-27,0,0,False,False,12223.444999999998,Current,DEBT_CONSOLIDATION
LN-501752,CUST-106470,2025-04-27,0,0,False,False,41395.71,Current,DEBT_CONSOLIDATION
LN-501754,CUST-100467,2025-04-27,0,0,False,False,10167.269999999997,Current,DEBT_CONSOLIDATION
LN-501755,CUST-107127,2025-04-27,1,31,False,False,17177.857499999995,1-29,DEBT_CONSOLIDATION
LN-501756,CUST-103664,2025-04-27,0,0,False,False,47280.24,Current,DEBT_CONSOLIDATION
LN-501757,CUST-106446,2025-04-27,0,0,False,False,20617.159999999985,Current,DEBT_CONSOLIDATION
LN-501759,CUST-105026,2025-04-27,0,0,False,False,50877.229999999996,Current,DEBT_CONSOLIDATION
LN-501760,CUST-107092,2025-04-27,0,0,False,False,26463.159999999978,Current,DEBT_CONSOLIDATION
LN-501761,CUST-104180,2025-04-27,0,0,False,False,48667.71,Current,DEBT_CONSOLIDATION
LN-501762,CUST-104203,2025-04-27,0,0,False,False,35664.91250000002,Current,DEBT_CONSOLIDATION
LN-501763,CUST-103521,2025-04-27,0,0,False,False,22450.39250000001,Current,DEBT_CONSOLIDATION
LN-501764,CUST-100184,2025-04-27,0,0,False,False,9114.542499999996,Current,DEBT_CONSOLIDATION
LN-501765,CUST-106192,2025-04-27,0,0,False,False,7116.517500000004,Current,DEBT_CONSOLIDATION
LN-501766,CUST-102665,2025-04-27,0,0,False,False,46578.512500000004,Current,DEBT_CONSOLIDATION
LN-501767,CUST-104091,2025-04-27,0,0,False,False,5950.395000000002,Current,DEBT_CONSOLIDATION
LN-501768,CUST-101338,2025-04-27,0,0,False,False,22871.53999999998,Current,DEBT_CONSOLIDATION
LN-501769,CUST-102962,2025-04-27,0,0,False,False,18735.682500000014,Current,DEBT_CONSOLIDATION
LN-501770,CUST-107707,2025-04-27,0,0,False,False,20711.96,Current,DEBT_CONSOLIDATION
LN-501771,CUST-101826,2025-04-27,0,0,False,False,27348.330000000016,Current,DEBT_CONSOLIDATION
LN-501772,CUST-101171,2025-04-27,4,204,False,False,28115.385,90+,DEBT_CONSOLIDATION
LN-501773,CUST-101355,2025-04-27,0,0,False,False,39055.65000000004,Current,DEBT_CONSOLIDATION
LN-501774,CUST-100787,2025-04-27,0,0,False,False,85975.03500000006,Current,DEBT_CONSOLIDATION
LN-501775,CUST-103957,2025-04-27,0,0,False,False,18703.32,Current,DEBT_CONSOLIDATION
LN-501776,CUST-104377,2025-04-27,0,0,False,False,32927.07,Current,DEBT_CONSOLIDATION
LN-501777,CUST-103831,2025-04-27,0,0,False,False,36074.08500000001,Current,DEBT_CONSOLIDATION
LN-501778,CUST-107889,2025-04-27,0,0,False,False,1696.7450000000003,Current,DEBT_CONSOLIDATION
LN-501779,CUST-102126,2025-04-27,0,0,False,False,13089.899999999998,Current,DEBT_CONSOLIDATION
LN-501780,CUST-105927,2025-04-27,0,0,False,False,5002.679999999995,Current,DEBT_CONSOLIDATION
LN-501781,CUST-106277,2025-04-27,0,0,False,False,3603.9999999999995,Current,DEBT_CONSOLIDATION
LN-501783,CUST-107299,2025-04-27,0,0,False,False,42393.020000000004,Current,DEBT_CONSOLIDATION
LN-501784,CUST-101924,2025-04-27,1,24,False,False,20022.0825,1-29,DEBT_CONSOLIDATION
LN-501785,CUST-104509,2025-04-27,0,0,False,False,140416.21750000006,Current,DEBT_CONSOLIDATION
LN-501786,CUST-107694,2025-04-27,0,0,False,False,12205.030000000004,Current,DEBT_CONSOLIDATION
LN-501787,CUST-104897,2025-04-27,0,0,False,False,2252.11,Current,DEBT_CONSOLIDATION
LN-501789,CUST-107801,2025-04-27,0,0,False,False,586961.24,Current,DEBT_CONSOLIDATION
LN-501790,CUST-100529,2025-04-27,0,0,False,False,421373.07499999995,Current,DEBT_CONSOLIDATION
LN-501791,CUST-102335,2025-04-27,0,0,False,False,491924.4224999997,Current,DEBT_CONSOLIDATION
LN-501792,CUST-106356,2025-04-27,0,0,False,False,2723.9974999999977,Current,DEBT_CONSOLIDATION
LN-501793,CUST-105068,2025-04-27,0,0,False,False,10875.385000000004,Current,DEBT_CONSOLIDATION
LN-501794,CUST-101874,2025-04-27,0,0,False,False,19050.8,Current,DEBT_CONSOLIDATION
LN-501795,CUST-105738,2025-04-27,0,0,False,False,16440.86000000002,Current,DEBT_CONSOLIDATION
LN-501797,CUST-102945,2025-04-27,0,0,False,False,21617.197500000002,Current,DEBT_CONSOLIDATION
LN-501798,CUST-103579,2025-04-27,0,0,False,False,36172.39500000001,Current,DEBT_CONSOLIDATION
LN-501799,CUST-103754,2025-04-27,0,0,False,False,65709.88499999997,Current,DEBT_CONSOLIDATION
LN-501800,CUST-104417,2025-04-27,0,0,False,False,70706.05000000003,Current,DEBT_CONSOLIDATION
LN-501801,CUST-105224,2025-04-27,0,0,False,False,21205.559999999998,Current,DEBT_CONSOLIDATION
LN-501802,CUST-103218,2025-04-27,0,0,False,False,5411.034999999999,Current,DEBT_CONSOLIDATION
LN-501804,CUST-103749,2025-04-27,0,0,False,False,42262.23999999999,Current,DEBT_CONSOLIDATION
LN-501805,CUST-103427,2025-04-27,0,0,False,False,27799.027500000015,Current,DEBT_CONSOLIDATION
LN-501806,CUST-100870,2025-04-27,0,0,False,False,54396.29,Current,DEBT_CONSOLIDATION
LN-501807,CUST-100815,2025-04-27,0,0,False,False,36497.56000000002,Current,DEBT_CONSOLIDATION
LN-501808,CUST-106734,2025-04-27,0,0,False,False,26617.375000000015,Current,DEBT_CONSOLIDATION
LN-501809,CUST-101746,2025-04-27,0,0,False,False,19926.655000000002,Current,DEBT_CONSOLIDATION
LN-501810,CUST-100943,2025-04-27,0,0,False,False,89778.10499999995,Current,DEBT_CONSOLIDATION
LN-501811,CUST-100455,2025-04-27,0,0,False,False,362754.9525,Current,DEBT_CONSOLIDATION
LN-501812,CUST-103079,2025-04-27,0,0,False,False,16563.962499999994,Current,DEBT_CONSOLIDATION
LN-501813,CUST-101365,2025-04-27,0,0,False,False,576.3300000000004,Current,DEBT_CONSOLIDATION
LN-501814,CUST-100484,2025-04-27,0,0,False,False,20262.159999999985,Current,DEBT_CONSOLIDATION
LN-501815,CUST-105819,2025-04-27,0,0,False,False,19824.25,Current,DEBT_CONSOLIDATION
LN-501816,CUST-104138,2025-04-27,0,0,False,False,35025.902500000004,Current,DEBT_CONSOLIDATION
LN-501817,CUST-107399,2025-04-27,0,0,False,False,129158.28,Current,DEBT_CONSOLIDATION
LN-501818,CUST-100803,2025-04-27,0,0,False,False,72292.72,Current,DEBT_CONSOLIDATION
LN-501819,CUST-104716,2025-04-27,0,0,False,False,18684.022500000003,Current,DEBT_CONSOLIDATION
LN-501820,CUST-101534,2025-04-27,0,0,False,False,11417.235000000004,Current,DEBT_CONSOLIDATION
LN-501821,CUST-101803,2025-04-27,0,0,False,False,29690.56500000001,Current,DEBT_CONSOLIDATION
LN-501822,CUST-105486,2025-04-27,0,0,False,False,9144.580000000002,Current,DEBT_CONSOLIDATION
LN-501823,CUST-107364,2025-04-27,0,0,False,False,16282.410000000003,Current,DEBT_CONSOLIDATION
LN-501824,CUST-107739,2025-04-27,0,0,False,False,9786.790000000012,Current,DEBT_CONSOLIDATION
LN-501825,CUST-100588,2025-04-27,1,31,False,False,2877.2325,1-29,DEBT_CONSOLIDATION
LN-501826,CUST-107847,2025-04-27,0,0,False,False,22110.854999999992,Current,DEBT_CONSOLIDATION
LN-501827,CUST-101822,2025-04-27,0,0,False,False,15543.722500000007,Current,DEBT_CONSOLIDATION
LN-501828,CUST-107049,2025-04-27,1,14,True,False,8702.965000000004,1-29,DEBT_CONSOLIDATION
LN-501829,CUST-100966,2025-04-27,0,0,False,False,39201.22000000001,Current,DEBT_CONSOLIDATION
LN-501830,CUST-105171,2025-04-27,0,0,False,False,23921.57500000002,Current,DEBT_CONSOLIDATION
LN-501831,CUST-103309,2025-04-27,0,0,False,False,2206.2750000000024,Current,DEBT_CONSOLIDATION
LN-501832,CUST-106966,2025-04-27,0,0,False,False,6175.457500000003,Current,DEBT_CONSOLIDATION
LN-501833,CUST-100697,2025-04-27,0,0,False,False,42628.75749999998,Current,DEBT_CONSOLIDATION
LN-501834,CUST-101415,2025-04-27,0,0,False,False,25408.974999999995,Current,DEBT_CONSOLIDATION
LN-501836,CUST-107497,2025-04-27,0,0,False,False,50328.939999999995,Current,DEBT_CONSOLIDATION
LN-501837,CUST-101180,2025-04-27,0,0,False,False,17659.152500000007,Current,DEBT_CONSOLIDATION
LN-501838,CUST-104354,2025-04-27,1,6,False,False,155151.8225,1-29,DEBT_CONSOLIDATION
LN-501839,CUST-107895,2025-04-27,0,0,False,False,23861.62,Current,DEBT_CONSOLIDATION
LN-501841,CUST-104738,2025-04-27,0,0,False,False,77261.06499999996,Current,DEBT_CONSOLIDATION
LN-501842,CUST-104788,2025-04-27,0,0,False,False,37024.28499999999,Current,DEBT_CONSOLIDATION
LN-501843,CUST-106317,2025-04-27,0,0,False,False,22763.39750000001,Current,DEBT_CONSOLIDATION
LN-501844,CUST-107387,2025-04-27,0,0,False,False,16950.890000000003,Current,DEBT_CONSOLIDATION
LN-501846,CUST-105002,2025-04-27,0,0,False,False,281150.47250000003,Current,DEBT_CONSOLIDATION
LN-501847,CUST-105058,2025-04-27,0,0,False,False,8538.96,Current,DEBT_CONSOLIDATION
LN-501848,CUST-102088,2025-04-27,0,0,False,False,15379.807499999995,Current,DEBT_CONSOLIDATION
LN-501851,CUST-106547,2025-04-27,0,0,False,False,11101.4025,Current,DEBT_CONSOLIDATION
LN-501852,CUST-102378,2025-04-27,0,0,False,False,21978.080000000013,Current,DEBT_CONSOLIDATION
LN-501853,CUST-107239,2025-04-27,0,0,False,False,85983.94749999994,Current,DEBT_CONSOLIDATION
LN-501854,CUST-101183,2025-04-27,0,0,False,False,10359.4775,Current,DEBT_CONSOLIDATION
LN-501856,CUST-101468,2025-04-27,0,0,False,False,28426.152499999997,Current,DEBT_CONSOLIDATION
LN-501857,CUST-106526,2025-04-27,0,0,False,False,15068.110000000011,Current,DEBT_CONSOLIDATION
LN-501858,CUST-104165,2025-04-27,0,0,False,False,18378.0175,Current,DEBT_CONSOLIDATION
LN-501859,CUST-100062,2025-04-27,0,0,False,False,39010.73999999998,Current,DEBT_CONSOLIDATION
LN-501860,CUST-101896,2025-04-27,0,0,False,False,20749.1275,Current,DEBT_CONSOLIDATION
LN-501861,CUST-101570,2025-04-27,0,0,False,False,39651.605,Current,DEBT_CONSOLIDATION
LN-501862,CUST-106877,2025-04-27,0,0,False,False,16789.45,Current,DEBT_CONSOLIDATION
LN-501863,CUST-101899,2025-04-27,0,0,False,False,19463.382500000003,Current,DEBT_CONSOLIDATION
LN-501864,CUST-103481,2025-04-27,0,0,False,False,6243.910000000001,Current,DEBT_CONSOLIDATION
LN-501865,CUST-106563,2025-04-27,0,0,False,False,25319.3275,Current,DEBT_CONSOLIDATION
LN-501866,CUST-100350,2025-04-27,0,0,False,False,109390.12999999999,Current,DEBT_CONSOLIDATION
LN-501867,CUST-107260,2025-04-27,0,0,False,False,23561.67,Current,DEBT_CONSOLIDATION
LN-501868,CUST-104393,2025-04-27,0,0,False,False,28572.134999999995,Current,DEBT_CONSOLIDATION
LN-501869,CUST-100950,2025-04-27,3,63,False,False,14151.515000000007,60-89,DEBT_CONSOLIDATION
LN-501870,CUST-100899,2025-04-27,0,0,False,False,15934.677499999998,Current,DEBT_CONSOLIDATION
LN-501871,CUST-101486,2025-04-27,0,0,False,False,28362.297499999997,Current,DEBT_CONSOLIDATION
LN-501872,CUST-105335,2025-04-27,0,0,False,False,31581.124999999993,Current,DEBT_CONSOLIDATION
LN-501873,CUST-104297,2025-04-27,3,84,False,False,138157.96999999997,60-89,DEBT_CONSOLIDATION
LN-501874,CUST-103231,2025-04-27,0,0,False,False,7359.67,Current,DEBT_CONSOLIDATION
LN-501875,CUST-105225,2025-04-27,0,0,False,False,20862.030000000002,Current,DEBT_CONSOLIDATION
LN-501876,CUST-101201,2025-04-27,0,0,False,False,12723.630000000001,Current,DEBT_CONSOLIDATION
LN-501877,CUST-102416,2025-04-27,0,0,False,False,13908.080000000002,Current,DEBT_CONSOLIDATION
LN-501878,CUST-102188,2025-04-27,0,0,False,False,22989.127499999984,Current,DEBT_CONSOLIDATION
LN-501880,CUST-102145,2025-04-27,0,0,False,False,18169.550000000003,Current,DEBT_CONSOLIDATION
LN-501881,CUST-104091,2025-04-27,0,0,False,False,13094.515,Current,DEBT_CONSOLIDATION
LN-501882,CUST-101913,2025-04-27,0,0,False,False,34285.925000000025,Current,DEBT_CONSOLIDATION
LN-501884,CUST-102877,2025-04-27,0,0,False,False,2819.2799999999993,Current,DEBT_CONSOLIDATION
LN-501885,CUST-103294,2025-04-27,0,0,False,False,40016.74999999997,Current,DEBT_CONSOLIDATION
LN-501887,CUST-104668,2025-04-27,0,0,False,False,347987.35,Current,DEBT_CONSOLIDATION
LN-501888,CUST-103041,2025-04-27,0,0,False,False,5273.370000000002,Current,DEBT_CONSOLIDATION
LN-501889,CUST-100920,2025-04-27,0,0,False,False,467155.83,Current,DEBT_CONSOLIDATION
LN-501890,CUST-100355,2025-04-27,0,0,False,False,25003.8675,Current,DEBT_CONSOLIDATION
LN-501891,CUST-106695,2025-04-27,0,0,False,False,14526.379999999997,Current,DEBT_CONSOLIDATION
LN-501894,CUST-106784,2025-04-27,1,23,False,False,46354.759999999995,1-29,DEBT_CONSOLIDATION
LN-501895,CUST-101494,2025-04-27,0,0,False,False,526.375,Current,DEBT_CONSOLIDATION
LN-501896,CUST-103220,2025-04-27,0,0,False,False,43774.42749999998,Current,DEBT_CONSOLIDATION
LN-501897,CUST-101367,2025-04-27,0,0,False,False,2923.4775000000004,Current,DEBT_CONSOLIDATION
LN-501898,CUST-100622,2025-04-27,0,0,True,False,16045.98,Current,DEBT_CONSOLIDATION
LN-501899,CUST-100684,2025-04-27,0,0,False,False,33745.06,Current,DEBT_CONSOLIDATION
LN-501900,CUST-107146,2025-04-27,1,11,False,False,8359.345000000003,1-29,DEBT_CONSOLIDATION
LN-501901,CUST-104927,2025-04-27,0,0,False,False,1860.2275000000006,Current,DEBT_CONSOLIDATION
LN-501902,CUST-103188,2025-04-27,0,0,False,False,17901.519999999997,Current,DEBT_CONSOLIDATION
LN-501903,CUST-101066,2025-04-27,0,0,False,False,15700.800000000001,Current,DEBT_CONSOLIDATION
LN-501904,CUST-104801,2025-04-27,0,0,False,False,26982.16999999999,Current,DEBT_CONSOLIDATION
LN-501905,CUST-103933,2025-04-27,0,0,False,False,38007.33499999999,Current,DEBT_CONSOLIDATION
LN-501906,CUST-104412,2025-04-27,0,0,False,False,32682.962499999976,Current,DEBT_CONSOLIDATION
LN-501907,CUST-101669,2025-04-27,0,0,False,False,43095.70749999998,Current,DEBT_CONSOLIDATION
LN-501908,CUST-101107,2025-04-27,0,0,False,False,17034.450000000004,Current,DEBT_CONSOLIDATION
LN-501909,CUST-105362,2025-04-27,0,0,False,False,419.1149999999998,Current,DEBT_CONSOLIDATION
LN-501911,CUST-103421,2025-04-27,0,0,False,False,20406.815000000006,Current,DEBT_CONSOLIDATION
LN-501912,CUST-100141,2025-04-27,0,0,False,False,9652.395,Current,DEBT_CONSOLIDATION
LN-501915,CUST-101871,2025-04-27,0,0,False,False,5806.254999999999,Current,DEBT_CONSOLIDATION
LN-501916,CUST-106132,2025-04-27,1,17,False,False,38912.37999999998,1-29,DEBT_CONSOLIDATION
LN-501917,CUST-104836,2025-04-27,0,0,False,False,16887.975000000006,Current,DEBT_CONSOLIDATION
LN-501919,CUST-104463,2025-04-27,0,0,False,False,66369.21999999997,Current,DEBT_CONSOLIDATION
LN-501920,CUST-107408,2025-04-27,0,0,False,False,13966.015,Current,DEBT_CONSOLIDATION
LN-501921,CUST-100245,2025-04-27,0,0,False,False,18814.89,Current,DEBT_CONSOLIDATION
LN-501922,CUST-103449,2025-04-27,0,0,False,False,8236.990000000002,Current,DEBT_CONSOLIDATION
LN-501924,CUST-105113,2025-04-27,0,0,False,False,35006.98500000001,Current,DEBT_CONSOLIDATION
LN-501925,CUST-107893,2025-04-27,0,0,False,False,9656.907500000005,Current,DEBT_CONSOLIDATION
LN-501926,CUST-103083,2025-04-27,0,0,False,False,48678.265,Current,DEBT_CONSOLIDATION
LN-501927,CUST-100540,2025-04-27,0,0,False,False,38901.860000000044,Current,DEBT_CONSOLIDATION
LN-501928,CUST-107929,2025-04-27,0,0,False,False,19410.30500000001,Current,DEBT_CONSOLIDATION
LN-501929,CUST-103324,2025-04-27,0,0,False,False,17938.615,Current,DEBT_CONSOLIDATION
LN-501930,CUST-107562,2025-04-27,0,0,False,False,23948.81,Current,DEBT_CONSOLIDATION
LN-501931,CUST-104184,2025-04-27,0,0,False,False,20387.934999999994,Current,DEBT_CONSOLIDATION
LN-501932,CUST-107974,2025-04-27,0,0,False,False,6097.924999999999,Current,DEBT_CONSOLIDATION
LN-501933,CUST-106010,2025-04-27,0,0,False,False,11075.279999999999,Current,DEBT_CONSOLIDATION
LN-501934,CUST-101387,2025-04-27,0,0,False,False,11244.209999999995,Current,DEBT_CONSOLIDATION
LN-501935,CUST-103506,2025-04-27,0,0,False,False,45186.2025,Current,DEBT_CONSOLIDATION
LN-501936,CUST-106516,2025-04-27,0,0,False,False,21026.46999999999,Current,DEBT_CONSOLIDATION
LN-501937,CUST-106451,2025-04-27,0,0,False,False,12621.12999999999,Current,DEBT_CONSOLIDATION
LN-501938,CUST-106138,2025-04-27,0,0,False,False,6953.1550000000025,Current,DEBT_CONSOLIDATION
LN-501940,CUST-107677,2025-04-27,0,0,False,False,20798.910000000003,Current,DEBT_CONSOLIDATION
LN-501941,CUST-101368,2025-04-27,2,47,False,False,48951.09,30-59,DEBT_CONSOLIDATION
LN-501942,CUST-105075,2025-04-27,0,0,False,False,23950.58,Current,DEBT_CONSOLIDATION
LN-501943,CUST-106799,2025-04-27,0,0,False,False,9514.162499999999,Current,DEBT_CONSOLIDATION
LN-501944,CUST-104233,2025-04-27,0,0,False,False,16559.750000000022,Current,DEBT_CONSOLIDATION
LN-501945,CUST-105972,2025-04-27,0,0,False,False,28750.810000000005,Current,DEBT_CONSOLIDATION
LN-501946,CUST-101806,2025-04-27,0,0,False,False,13315.635000000004,Current,DEBT_CONSOLIDATION
LN-501948,CUST-107048,2025-04-27,0,0,False,False,79286.32,Current,DEBT_CONSOLIDATION
LN-501950,CUST-106388,2025-04-27,0,0,False,False,14902.904999999999,Current,DEBT_CONSOLIDATION
LN-501951,CUST-102194,2025-04-27,0,0,False,False,7379.549999999997,Current,DEBT_CONSOLIDATION
LN-501952,CUST-103808,2025-04-27,0,0,False,False,20717.340000000007,Current,DEBT_CONSOLIDATION
LN-501954,CUST-101990,2025-04-27,0,0,False,False,2398.535,Current,DEBT_CONSOLIDATION
LN-501955,CUST-105888,2025-04-27,0,0,False,False,375922.76000000007,Current,DEBT_CONSOLIDATION
LN-501956,CUST-107994,2025-04-27,0,0,False,False,27426.829999999998,Current,DEBT_CONSOLIDATION
LN-501957,CUST-106085,2025-04-27,0,0,False,False,14221.08249999999,Current,DEBT_CONSOLIDATION
LN-501960,CUST-107700,2025-04-27,0,0,False,False,3109.7075,Current,DEBT_CONSOLIDATION
LN-501961,CUST-100307,2025-04-27,0,0,False,False,46100.965000000004,Current,DEBT_CONSOLIDATION
LN-501962,CUST-107407,2025-04-27,0,0,False,False,857.5799999999999,Current,DEBT_CONSOLIDATION
LN-501963,CUST-103184,2025-04-27,0,0,False,False,43082.23,Current,DEBT_CONSOLIDATION
LN-501964,CUST-107158,2025-04-27,0,0,False,False,5323.4975,Current,DEBT_CONSOLIDATION
LN-501965,CUST-106255,2025-04-27,0,0,False,False,5267.750000000003,Current,DEBT_CONSOLIDATION
LN-501966,CUST-100973,2025-04-27,0,0,False,False,3947.7950000000014,Current,DEBT_CONSOLIDATION
LN-501967,CUST-104883,2025-04-27,0,0,False,False,5546.160000000001,Current,DEBT_CONSOLIDATION
LN-501968,CUST-102542,2025-04-27,0,0,False,False,192494.15249999985,Current,DEBT_CONSOLIDATION
LN-501969,CUST-105365,2025-04-27,0,0,False,False,474608.97,Current,DEBT_CONSOLIDATION
LN-501970,CUST-107000,2025-04-27,0,0,False,False,14258.634999999995,Current,DEBT_CONSOLIDATION
LN-501971,CUST-106227,2025-04-27,0,0,False,False,21478.14,Current,DEBT_CONSOLIDATION
LN-501972,CUST-103580,2025-04-27,1,26,True,False,17046.4675,1-29,DEBT_CONSOLIDATION
LN-501973,CUST-100366,2025-04-27,0,0,False,False,10457.28,Current,DEBT_CONSOLIDATION
LN-501974,CUST-105161,2025-04-27,0,0,False,False,30141.554999999993,Current,DEBT_CONSOLIDATION
LN-501975,CUST-106723,2025-04-27,0,0,False,False,3509.169999999999,Current,DEBT_CONSOLIDATION
LN-501976,CUST-103764,2025-04-27,0,0,False,False,24760.215000000004,Current,DEBT_CONSOLIDATION
LN-501977,CUST-101929,2025-04-27,0,0,False,False,7196.679999999995,Current,DEBT_CONSOLIDATION
LN-501978,CUST-104473,2025-04-27,0,0,False,False,18705.052500000005,Current,DEBT_CONSOLIDATION
LN-501979,CUST-106647,2025-04-27,0,0,False,False,4454.8399999999965,Current,DEBT_CONSOLIDATION
LN-501980,CUST-106556,2025-04-27,0,0,False,False,16651.670000000002,Current,DEBT_CONSOLIDATION
LN-501981,CUST-104565,2025-04-27,0,0,False,False,9064.207499999995,Current,DEBT_CONSOLIDATION
LN-501982,CUST-100007,2025-04-27,0,0,False,False,19804.32,Current,DEBT_CONSOLIDATION
LN-501983,CUST-102867,2025-04-27,0,0,False,False,16191.082499999988,Current,DEBT_CONSOLIDATION
LN-501984,CUST-106644,2025-04-27,1,27,False,False,8884.765000000001,1-29,DEBT_CONSOLIDATION
LN-501985,CUST-101594,2025-04-27,0,0,False,False,10762.469999999996,Current,DEBT_CONSOLIDATION
LN-501986,CUST-101756,2025-04-27,0,0,False,False,19855.26,Current,DEBT_CONSOLIDATION
LN-501987,CUST-104279,2025-04-27,0,0,False,False,41719.194999999985,Current,DEBT_CONSOLIDATION
LN-501989,CUST-101331,2025-04-27,0,0,False,False,13452.030000000006,Current,DEBT_CONSOLIDATION
LN-501990,CUST-102315,2025-04-27,0,0,False,False,51802.145000000004,Current,DEBT_CONSOLIDATION
LN-501991,CUST-102133,2025-04-27,0,0,False,False,37821.51499999999,Current,DEBT_CONSOLIDATION
LN-501993,CUST-100881,2025-04-27,0,0,False,False,5594.852500000003,Current,DEBT_CONSOLIDATION
LN-501994,CUST-101029,2025-04-27,0,0,False,False,7643.010000000002,Current,DEBT_CONSOLIDATION
LN-501995,CUST-106975,2025-04-27,0,0,False,False,126176.30000000002,Current,DEBT_CONSOLIDATION
LN-501996,CUST-105773,2025-04-27,0,0,False,False,25614.51999999999,Current,DEBT_CONSOLIDATION
LN-501997,CUST-107470,2025-04-27,0,0,False,False,538.6699999999996,Current,DEBT_CONSOLIDATION
LN-501998,CUST-101249,2025-04-27,0,0,False,False,15931.889999999996,Current,DEBT_CONSOLIDATION
LN-501999,CUST-101490,2025-04-27,0,0,False,False,12284.6725,Current,DEBT_CONSOLIDATION
LN-502000,CUST-102009,2025-04-27,0,0,False,False,17888.320000000003,Current,DEBT_CONSOLIDATION
LN-502001,CUST-106713,2025-04-27,0,0,False,False,2048.235,Current,DEBT_CONSOLIDATION
LN-502002,CUST-106437,2025-04-27,0,0,False,False,43763.41,Current,DEBT_CONSOLIDATION
LN-502003,CUST-100202,2025-04-27,0,0,False,False,24326.227499999997,Current,DEBT_CONSOLIDATION
LN-502004,CUST-106179,2025-04-27,0,0,False,False,51018.2,Current,DEBT_CONSOLIDATION
LN-502005,CUST-106271,2025-04-27,0,0,False,False,6368.115000000003,Current,DEBT_CONSOLIDATION
LN-502006,CUST-104459,2025-04-27,0,0,False,False,3402.6249999999995,Current,DEBT_CONSOLIDATION
LN-502008,CUST-100486,2025-04-27,3,87,False,False,34420.85000000003,60-89,DEBT_CONSOLIDATION
LN-502009,CUST-104110,2025-04-27,0,0,False,False,17355.49,Current,DEBT_CONSOLIDATION
LN-502010,CUST-101389,2025-04-27,0,0,False,False,39461.337499999994,Current,DEBT_CONSOLIDATION
LN-502011,CUST-106610,2025-04-27,0,0,False,False,19585.67000000001,Current,DEBT_CONSOLIDATION
LN-502012,CUST-104411,2025-04-27,0,0,False,False,23186.925000000003,Current,DEBT_CONSOLIDATION
LN-502013,CUST-101386,2025-04-27,3,77,False,False,3119.2299999999987,60-89,DEBT_CONSOLIDATION
LN-502014,CUST-107930,2025-04-27,0,0,False,False,20120.664999999994,Current,DEBT_CONSOLIDATION
LN-502015,CUST-104044,2025-04-27,0,0,False,False,15437.964999999995,Current,DEBT_CONSOLIDATION
LN-502016,CUST-101424,2025-04-27,0,0,False,False,408516.09,Current,DEBT_CONSOLIDATION
LN-502017,CUST-104051,2025-04-27,0,0,False,False,20337.73,Current,DEBT_CONSOLIDATION
LN-502018,CUST-100113,2025-04-27,0,0,False,False,27365.495000000003,Current,DEBT_CONSOLIDATION
LN-502019,CUST-101042,2025-04-27,1,11,False,False,40505.34999999997,1-29,DEBT_CONSOLIDATION
LN-502020,CUST-107401,2025-04-27,0,0,False,False,41506.02000000001,Current,DEBT_CONSOLIDATION
LN-502021,CUST-104584,2025-04-27,0,0,False,False,34948.72,Current,DEBT_CONSOLIDATION
LN-502022,CUST-106529,2025-04-27,0,0,False,False,22576.56,Current,DEBT_CONSOLIDATION
LN-502023,CUST-101598,2025-04-27,0,0,False,False,2222.3250000000016,Current,DEBT_CONSOLIDATION
LN-502024,CUST-106640,2025-04-27,0,0,False,False,27882.189999999995,Current,DEBT_CONSOLIDATION
LN-502027,CUST-101383,2025-04-27,0,0,False,False,20610.5575,Current,DEBT_CONSOLIDATION
LN-502028,CUST-101937,2025-04-27,0,0,False,False,12049.56,Current,DEBT_CONSOLIDATION
LN-502029,CUST-106809,2025-04-27,0,0,False,False,17232.065000000002,Current,DEBT_CONSOLIDATION
LN-502030,CUST-106217,2025-04-27,1,8,False,False,53454.32,1-29,DEBT_CONSOLIDATION
LN-502031,CUST-101449,2025-04-27,0,0,False,False,4415.307499999995,Current,DEBT_CONSOLIDATION
LN-502032,CUST-101508,2025-04-27,0,0,False,False,23497.530000000002,Current,DEBT_CONSOLIDATION
LN-502033,CUST-102329,2025-04-27,1,2,False,False,20959.840000000004,1-29,DEBT_CONSOLIDATION
LN-502034,CUST-103040,2025-04-27,0,0,True,False,2544.7999999999984,Current,DEBT_CONSOLIDATION
LN-502035,CUST-101965,2025-04-27,0,0,False,False,23681.380000000005,Current,DEBT_CONSOLIDATION
LN-502036,CUST-104205,2025-04-27,0,0,False,False,15746.127499999999,Current,DEBT_CONSOLIDATION
LN-502037,CUST-105102,2025-04-27,0,0,False,False,36609.51250000001,Current,DEBT_CONSOLIDATION
LN-502038,CUST-100919,2025-04-27,0,0,False,False,8290.697499999997,Current,DEBT_CONSOLIDATION
LN-502039,CUST-100096,2025-04-27,0,0,False,False,27312.560000000005,Current,DEBT_CONSOLIDATION
LN-502040,CUST-104405,2025-04-27,0,0,False,False,65869.85250000001,Current,DEBT_CONSOLIDATION
LN-502041,CUST-104937,2025-04-27,0,0,False,False,24575.522500000006,Current,DEBT_CONSOLIDATION
LN-502043,CUST-106301,2025-04-27,0,0,False,False,67148.86500000002,Current,DEBT_CONSOLIDATION
LN-502044,CUST-101103,2025-04-27,0,0,False,False,21166.9,Current,DEBT_CONSOLIDATION
LN-502045,CUST-103792,2025-04-27,0,0,False,False,35292.18749999998,Current,DEBT_CONSOLIDATION
LN-502046,CUST-106412,2025-04-27,0,0,False,False,211087.26750000007,Current,DEBT_CONSOLIDATION
LN-502047,CUST-104949,2025-04-27,0,0,False,False,20790.3225,Current,DEBT_CONSOLIDATION
LN-502048,CUST-100581,2025-04-27,0,0,False,False,2613.7600000000016,Current,DEBT_CONSOLIDATION
LN-502049,CUST-103090,2025-04-27,0,0,False,False,21295.867499999993,Current,DEBT_CONSOLIDATION
LN-502050,CUST-101914,2025-04-27,0,0,False,False,13919.950000000004,Current,DEBT_CONSOLIDATION
LN-502051,CUST-102445,2025-04-27,0,0,False,False,6667.830000000001,Current,DEBT_CONSOLIDATION
LN-502052,CUST-104097,2025-04-27,0,0,False,False,28675.24000000001,Current,DEBT_CONSOLIDATION
LN-502053,CUST-101020,2025-04-27,0,0,False,False,11992.489999999993,Current,DEBT_CONSOLIDATION
LN-502054,CUST-106987,2025-04-27,0,0,False,False,11911.184999999987,Current,DEBT_CONSOLIDATION
LN-502056,CUST-105811,2025-04-27,0,0,False,False,30427.234999999986,Current,DEBT_CONSOLIDATION
LN-502057,CUST-100627,2025-04-27,0,0,False,False,21422.69,Current,DEBT_CONSOLIDATION
LN-502058,CUST-103554,2025-04-27,0,0,False,False,18623.690000000002,Current,DEBT_CONSOLIDATION
LN-502059,CUST-107180,2025-04-27,0,0,False,False,8794.71,Current,DEBT_CONSOLIDATION
LN-502061,CUST-102138,2025-04-27,0,0,False,False,45318.759999999995,Current,DEBT_CONSOLIDATION
LN-502062,CUST-100933,2025-04-27,0,0,False,False,17527.442500000023,Current,DEBT_CONSOLIDATION
LN-502064,CUST-106096,2025-04-27,0,0,False,False,17392.309999999998,Current,DEBT_CONSOLIDATION
LN-502065,CUST-104099,2025-04-27,0,0,False,False,12387.394999999997,Current,DEBT_CONSOLIDATION
LN-502066,CUST-105714,2025-04-27,0,0,False,False,6578.25,Current,DEBT_CONSOLIDATION
LN-502067,CUST-105946,2025-04-27,0,0,False,False,21658.87,Current,DEBT_CONSOLIDATION
LN-502068,CUST-103689,2025-04-27,0,0,False,False,16376.099999999993,Current,DEBT_CONSOLIDATION
LN-502069,CUST-102340,2025-04-27,0,0,False,False,46216.99250000002,Current,DEBT_CONSOLIDATION
LN-502070,CUST-105003,2025-04-27,0,0,False,False,28548.902499999997,Current,DEBT_CONSOLIDATION
LN-502071,CUST-105301,2025-04-27,0,0,False,False,2237.210000000001,Current,DEBT_CONSOLIDATION
LN-502072,CUST-100068,2025-04-27,0,0,False,False,52009.725,Current,DEBT_CONSOLIDATION
LN-502073,CUST-106619,2025-04-27,0,0,False,False,14280.675000000005,Current,DEBT_CONSOLIDATION
LN-502074,CUST-104454,2025-04-27,0,0,False,False,119355.19750000001,Current,DEBT_CONSOLIDATION
LN-502075,CUST-100756,2025-04-27,0,0,False,False,35345.805,Current,DEBT_CONSOLIDATION
LN-502076,CUST-106985,2025-04-27,0,0,False,False,33452.32,Current,DEBT_CONSOLIDATION
LN-502077,CUST-101108,2025-04-27,0,0,False,False,1609.9949999999985,Current,DEBT_CONSOLIDATION
LN-502078,CUST-106401,2025-04-27,0,0,False,False,30937.94,Current,DEBT_CONSOLIDATION
LN-502079,CUST-102739,2025-04-27,1,31,False,False,28950.98,1-29,DEBT_CONSOLIDATION
LN-502080,CUST-100296,2025-04-27,0,0,False,False,16998.150000000005,Current,DEBT_CONSOLIDATION
LN-502082,CUST-104745,2025-04-27,2,35,False,False,16782.06,30-59,DEBT_CONSOLIDATION
LN-502083,CUST-107934,2025-04-27,0,0,False,False,17483.292500000003,Current,DEBT_CONSOLIDATION
LN-502084,CUST-105394,2025-04-27,0,0,False,False,3313.900000000003,Current,DEBT_CONSOLIDATION
LN-502085,CUST-105273,2025-04-27,0,0,False,False,105655.24000000003,Current,DEBT_CONSOLIDATION
LN-502086,CUST-105490,2025-04-27,0,0,False,False,22291.0125,Current,DEBT_CONSOLIDATION
LN-502087,CUST-100174,2025-04-27,0,0,False,False,11643.740000000002,Current,DEBT_CONSOLIDATION
LN-502088,CUST-103809,2025-04-27,0,0,False,False,26708.44499999999,Current,DEBT_CONSOLIDATION
LN-502089,CUST-100986,2025-04-27,0,0,False,False,18718.220000000012,Current,DEBT_CONSOLIDATION
LN-502090,CUST-105127,2025-04-27,0,0,False,False,7879.1600000000035,Current,DEBT_CONSOLIDATION
LN-502091,CUST-102025,2025-04-27,0,0,False,False,13198.999999999998,Current,DEBT_CONSOLIDATION
LN-502092,CUST-105473,2025-04-27,0,0,False,False,14332.037499999999,Current,DEBT_CONSOLIDATION
LN-502093,CUST-107830,2025-04-27,0,0,False,False,3092.0899999999974,Current,DEBT_CONSOLIDATION
LN-502094,CUST-105027,2025-04-27,0,0,False,False,12793.05999999999,Current,DEBT_CONSOLIDATION
LN-502096,CUST-100929,2025-04-27,0,0,False,False,6487.544999999999,Current,DEBT_CONSOLIDATION
LN-502097,CUST-107941,2025-04-27,0,0,False,False,34404.61,Current,DEBT_CONSOLIDATION
LN-502098,CUST-100921,2025-04-27,0,0,False,False,14438.914999999999,Current,DEBT_CONSOLIDATION
LN-502099,CUST-104763,2025-04-27,0,0,False,False,30809.685,Current,DEBT_CONSOLIDATION
LN-502100,CUST-101047,2025-04-27,0,0,False,False,537721.08,Current,DEBT_CONSOLIDATION
LN-502101,CUST-102065,2025-04-27,0,0,False,False,30544.230000000003,Current,DEBT_CONSOLIDATION
LN-502102,CUST-106807,2025-04-27,0,0,False,False,15991.070000000005,Current,DEBT_CONSOLIDATION
LN-502104,CUST-104399,2025-04-27,0,0,False,False,2195.4375,Current,DEBT_CONSOLIDATION
LN-502105,CUST-101927,2025-04-27,0,0,False,False,613523.95,Current,DEBT_CONSOLIDATION
LN-502106,CUST-102126,2025-04-27,0,0,False,False,8766.02000000001,Current,DEBT_CONSOLIDATION
LN-502107,CUST-103064,2025-04-27,0,0,False,False,10248.4,Current,DEBT_CONSOLIDATION
LN-502108,CUST-102497,2025-04-27,0,0,False,False,24603.690000000002,Current,DEBT_CONSOLIDATION
LN-502109,CUST-100941,2025-04-27,0,0,False,False,11585.49,Current,DEBT_CONSOLIDATION
LN-502110,CUST-104476,2025-04-27,0,0,False,False,9073.145,Current,DEBT_CONSOLIDATION
LN-502111,CUST-103951,2025-04-27,0,0,False,False,12670.849999999991,Current,DEBT_CONSOLIDATION
LN-502112,CUST-106562,2025-04-27,0,0,False,False,11364.244999999997,Current,DEBT_CONSOLIDATION
LN-502113,CUST-104349,2025-04-27,0,0,False,False,3513.154999999999,Current,DEBT_CONSOLIDATION
LN-502114,CUST-103446,2025-04-27,3,66,True,False,26384.817499999997,60-89,DEBT_CONSOLIDATION
LN-502115,CUST-103069,2025-04-27,0,0,False,False,34847.53,Current,DEBT_CONSOLIDATION
LN-502116,CUST-101974,2025-04-27,0,0,False,False,10370.977499999994,Current,DEBT_CONSOLIDATION
LN-502117,CUST-107755,2025-04-27,0,0,False,False,321450.06,Current,DEBT_CONSOLIDATION
LN-502118,CUST-101027,2025-04-27,0,0,False,False,19668.210000000003,Current,DEBT_CONSOLIDATION
LN-502119,CUST-106322,2025-04-27,0,0,False,False,9603.825000000003,Current,DEBT_CONSOLIDATION
LN-502120,CUST-101377,2025-04-27,0,0,False,False,31281.934999999998,Current,DEBT_CONSOLIDATION
LN-502121,CUST-106069,2025-04-27,0,0,False,False,22295.297500000008,Current,DEBT_CONSOLIDATION
LN-502122,CUST-105915,2025-04-27,0,0,False,False,11665.870000000004,Current,DEBT_CONSOLIDATION
LN-502123,CUST-107863,2025-04-27,0,0,False,False,23534.619999999995,Current,DEBT_CONSOLIDATION
LN-502124,CUST-106025,2025-04-27,0,0,False,False,2504.0600000000004,Current,DEBT_CONSOLIDATION
LN-502125,CUST-107975,2025-04-27,1,13,False,False,31861.59500000001,1-29,DEBT_CONSOLIDATION
LN-502126,CUST-100885,2025-04-27,0,0,False,False,18611.9,Current,DEBT_CONSOLIDATION
LN-502128,CUST-103099,2025-04-27,0,0,False,False,7136.215,Current,DEBT_CONSOLIDATION
LN-502129,CUST-106936,2025-04-27,0,0,False,False,16406.3025,Current,DEBT_CONSOLIDATION
LN-502130,CUST-100247,2025-04-27,0,0,False,False,45417.83,Current,DEBT_CONSOLIDATION
LN-502131,CUST-100723,2025-04-27,0,0,False,False,12590.2175,Current,DEBT_CONSOLIDATION
LN-502132,CUST-105854,2025-04-27,0,0,False,False,30966.035000000003,Current,DEBT_CONSOLIDATION
LN-502133,CUST-104287,2025-04-27,0,0,False,False,17916.920000000006,Current,DEBT_CONSOLIDATION
LN-502134,CUST-102695,2025-04-27,0,0,False,False,45906.030000000035,Current,DEBT_CONSOLIDATION
LN-502136,CUST-107577,2025-04-27,0,0,False,False,26357.37,Current,DEBT_CONSOLIDATION
LN-502137,CUST-105849,2025-04-27,0,0,False,False,11363.022499999997,Current,DEBT_CONSOLIDATION
LN-502138,CUST-103399,2025-04-27,0,0,False,False,31160.5225,Current,DEBT_CONSOLIDATION
LN-502139,CUST-106045,2025-04-27,0,0,True,False,29861.89,Current,DEBT_CONSOLIDATION
LN-502140,CUST-103284,2025-04-27,1,2,False,False,12145.459999999994,1-29,DEBT_CONSOLIDATION
LN-502141,CUST-102073,2025-04-27,0,0,False,False,27282.115000000005,Current,DEBT_CONSOLIDATION
LN-502142,CUST-105451,2025-04-27,0,0,False,False,14316.912499999991,Current,DEBT_CONSOLIDATION
LN-502143,CUST-102249,2025-04-27,0,0,False,False,18744.17000000001,Current,DEBT_CONSOLIDATION
LN-502145,CUST-101985,2025-04-27,0,0,False,False,12524.99249999999,Current,DEBT_CONSOLIDATION
LN-502146,CUST-103109,2025-04-27,0,0,False,False,15204.915000000012,Current,DEBT_CONSOLIDATION
LN-502147,CUST-102727,2025-04-27,0,0,False,False,20868.257499999992,Current,DEBT_CONSOLIDATION
LN-502149,CUST-107676,2025-04-27,0,0,False,False,8766.3675,Current,DEBT_CONSOLIDATION
LN-502150,CUST-106422,2025-04-27,0,0,False,False,34336.545,Current,DEBT_CONSOLIDATION
LN-502152,CUST-101702,2025-04-27,4,102,False,False,49306.545,90+,DEBT_CONSOLIDATION
LN-502153,CUST-100703,2025-04-27,0,0,False,False,9259.349999999999,Current,DEBT_CONSOLIDATION
LN-502154,CUST-105388,2025-04-27,0,0,False,False,2342.0399999999995,Current,DEBT_CONSOLIDATION
LN-502155,CUST-104696,2025-04-27,0,0,False,False,30223.317499999994,Current,DEBT_CONSOLIDATION
LN-502156,CUST-103922,2025-04-27,0,0,False,False,14687.9,Current,DEBT_CONSOLIDATION
LN-502158,CUST-102433,2025-04-27,0,0,False,False,9368.382500000003,Current,DEBT_CONSOLIDATION
LN-502159,CUST-104602,2025-04-27,0,0,False,False,30894.44999999998,Current,DEBT_CONSOLIDATION
LN-502160,CUST-103971,2025-04-27,0,0,False,False,6695.1425,Current,DEBT_CONSOLIDATION
LN-502163,CUST-107145,2025-04-27,0,0,False,False,37690.19999999997,Current,DEBT_CONSOLIDATION
LN-502164,CUST-100989,2025-04-27,0,0,False,False,33190.145000000026,Current,DEBT_CONSOLIDATION
LN-502165,CUST-100541,2025-04-27,0,0,False,False,36967.85,Current,DEBT_CONSOLIDATION
LN-502166,CUST-101541,2025-04-27,2,43,False,False,144130.76750000002,30-59,DEBT_CONSOLIDATION
LN-502168,CUST-104710,2025-04-27,0,0,False,False,13400.560000000001,Current,DEBT_CONSOLIDATION
LN-502169,CUST-106815,2025-04-27,2,39,False,False,10017.562499999995,30-59,DEBT_CONSOLIDATION
LN-502170,CUST-103605,2025-04-27,0,0,False,False,12992.73250000001,Current,DEBT_CONSOLIDATION
LN-502171,CUST-107527,2025-04-27,0,0,False,False,4490.41,Current,DEBT_CONSOLIDATION
LN-502172,CUST-103287,2025-04-27,0,0,False,False,8727.880000000003,Current,DEBT_CONSOLIDATION
LN-502173,CUST-101707,2025-04-27,0,0,False,False,19323.39,Current,DEBT_CONSOLIDATION
LN-502174,CUST-107345,2025-04-27,0,0,False,False,33017.9825,Current,DEBT_CONSOLIDATION
LN-502175,CUST-107679,2025-04-27,0,0,False,False,18340.599999999995,Current,DEBT_CONSOLIDATION
LN-502176,CUST-106518,2025-04-27,2,55,False,False,41106.74,30-59,DEBT_CONSOLIDATION
LN-502177,CUST-107004,2025-04-27,0,0,False,False,23973.365000000016,Current,DEBT_CONSOLIDATION
LN-502178,CUST-105235,2025-04-27,0,0,False,False,27888.59,Current,DEBT_CONSOLIDATION
LN-502180,CUST-107600,2025-04-27,0,0,False,False,10474.69000000001,Current,DEBT_CONSOLIDATION
LN-502181,CUST-104262,2025-04-27,0,0,False,False,3883.77,Current,DEBT_CONSOLIDATION
LN-502182,CUST-100841,2025-04-27,0,0,False,False,30115.18,Current,DEBT_CONSOLIDATION
LN-502183,CUST-103244,2025-04-27,0,0,False,False,21760.110000000004,Current,DEBT_CONSOLIDATION
LN-502185,CUST-100259,2025-04-27,0,0,False,False,28864.41500000001,Current,DEBT_CONSOLIDATION
LN-502186,CUST-100731,2025-04-27,0,0,False,False,7965.417499999991,Current,DEBT_CONSOLIDATION
LN-502187,CUST-103274,2025-04-27,0,0,False,False,21588.42,Current,DEBT_CONSOLIDATION
LN-502189,CUST-104089,2025-04-27,0,0,False,False,366487.22000000003,Current,DEBT_CONSOLIDATION
LN-502190,CUST-100013,2025-04-27,0,0,False,False,27754.139999999992,Current,DEBT_CONSOLIDATION
LN-502191,CUST-105854,2025-04-27,0,0,False,False,10794.174999999996,Current,DEBT_CONSOLIDATION
LN-502192,CUST-101890,2025-04-27,0,0,False,False,11124.284999999996,Current,DEBT_CONSOLIDATION
LN-502193,CUST-106431,2025-04-27,0,0,False,False,39571.28500000004,Current,DEBT_CONSOLIDATION
LN-502194,CUST-100900,2025-04-27,0,0,False,False,37723.49999999999,Current,DEBT_CONSOLIDATION
LN-502195,CUST-105988,2025-04-27,3,64,False,False,61287.322499999995,60-89,DEBT_CONSOLIDATION
LN-502197,CUST-102397,2025-04-27,0,0,False,False,2059.4,Current,DEBT_CONSOLIDATION
LN-502198,CUST-107614,2025-04-27,0,0,False,False,21568.83999999999,Current,DEBT_CONSOLIDATION
LN-502199,CUST-106579,2025-04-27,0,0,False,False,7632.135,Current,DEBT_CONSOLIDATION
LN-502200,CUST-104700,2025-04-27,0,0,False,False,13823.087500000007,Current,DEBT_CONSOLIDATION
LN-502201,CUST-105139,2025-04-27,0,0,False,False,21301.67,Current,DEBT_CONSOLIDATION
LN-502202,CUST-102495,2025-04-27,0,0,False,False,6061.200000000003,Current,DEBT_CONSOLIDATION
LN-502203,CUST-105771,2025-04-27,0,0,False,False,13523.000000000011,Current,DEBT_CONSOLIDATION
LN-502204,CUST-102217,2025-04-27,4,134,False,False,7958.299999999999,90+,DEBT_CONSOLIDATION
LN-502206,CUST-102431,2025-04-27,0,0,False,False,2305.2900000000004,Current,DEBT_CONSOLIDATION
LN-502207,CUST-107842,2025-04-27,0,0,False,False,57540.86499999999,Current,DEBT_CONSOLIDATION
LN-502208,CUST-105173,2025-04-27,0,0,False,False,12328.742500000008,Current,DEBT_CONSOLIDATION
LN-502209,CUST-102990,2025-04-27,0,0,False,False,24023.947499999995,Current,DEBT_CONSOLIDATION
LN-502210,CUST-101469,2025-04-27,0,0,False,False,9643.174999999997,Current,DEBT_CONSOLIDATION
LN-502211,CUST-100365,2025-04-27,0,0,False,False,22623.710000000014,Current,DEBT_CONSOLIDATION
LN-502212,CUST-100036,2025-04-27,2,43,False,False,179771.2199999999,30-59,DEBT_CONSOLIDATION
LN-502213,CUST-105998,2025-04-27,0,0,False,False,100078.79000000005,Current,DEBT_CONSOLIDATION
LN-502214,CUST-100833,2025-04-27,0,0,False,False,18427.109999999997,Current,DEBT_CONSOLIDATION
LN-502215,CUST-101269,2025-04-27,0,0,False,False,13973.515,Current,DEBT_CONSOLIDATION
LN-502218,CUST-103042,2025-04-27,0,0,False,False,896.6249999999999,Current,DEBT_CONSOLIDATION
LN-502219,CUST-106351,2025-04-27,0,0,False,False,14457.49,Current,DEBT_CONSOLIDATION
LN-502220,CUST-104013,2025-04-27,0,0,False,False,1076.2875,Current,DEBT_CONSOLIDATION
LN-502221,CUST-105223,2025-04-27,0,0,False,False,16863.754999999997,Current,DEBT_CONSOLIDATION
LN-502222,CUST-107928,2025-04-27,0,0,False,False,7789.234999999999,Current,DEBT_CONSOLIDATION
LN-502223,CUST-104665,2025-04-27,0,0,False,False,2862.569999999999,Current,DEBT_CONSOLIDATION
LN-502224,CUST-101728,2025-04-27,0,0,False,False,26773.839999999993,Current,DEBT_CONSOLIDATION
LN-502225,CUST-103955,2025-04-27,0,0,False,False,23715.33,Current,DEBT_CONSOLIDATION
LN-502226,CUST-106907,2025-04-27,0,0,False,False,16305.520000000017,Current,DEBT_CONSOLIDATION
LN-502227,CUST-102119,2025-04-27,0,0,False,False,54839.03000000002,Current,DEBT_CONSOLIDATION
LN-502228,CUST-103043,2025-04-27,0,0,False,False,9913.399999999996,Current,DEBT_CONSOLIDATION
LN-502229,CUST-103509,2025-04-27,0,0,False,False,53807.26,Current,DEBT_CONSOLIDATION
LN-502230,CUST-106311,2025-04-27,0,0,False,False,9446.874999999998,Current,DEBT_CONSOLIDATION
LN-502231,CUST-100586,2025-04-27,0,0,False,False,17621.755000000016,Current,DEBT_CONSOLIDATION
LN-502232,CUST-101699,2025-04-27,0,0,False,False,45526.7025,Current,DEBT_CONSOLIDATION
LN-502233,CUST-101769,2025-04-27,2,52,False,False,7144.705000000002,30-59,DEBT_CONSOLIDATION
LN-502234,CUST-104492,2025-04-27,0,0,False,False,14389.594999999998,Current,DEBT_CONSOLIDATION
LN-502236,CUST-107096,2025-04-27,3,62,False,False,46722.92749999999,60-89,DEBT_CONSOLIDATION
LN-502237,CUST-100557,2025-04-27,0,0,False,False,29979.459999999995,Current,DEBT_CONSOLIDATION
LN-502238,CUST-107925,2025-04-27,0,0,False,False,200161.88249999995,Current,DEBT_CONSOLIDATION
LN-502239,CUST-106699,2025-04-27,0,0,False,False,35504.92999999996,Current,DEBT_CONSOLIDATION
LN-502240,CUST-101284,2025-04-27,0,0,False,False,4954.97,Current,DEBT_CONSOLIDATION
LN-502241,CUST-105893,2025-04-27,0,0,False,False,9825.749999999998,Current,DEBT_CONSOLIDATION
LN-502242,CUST-107134,2025-04-27,0,0,False,False,1688.3975000000005,Current,DEBT_CONSOLIDATION
LN-502243,CUST-106294,2025-04-27,0,0,False,False,5824.8200000000015,Current,DEBT_CONSOLIDATION
LN-502244,CUST-102719,2025-04-27,0,0,False,False,10049.237500000003,Current,DEBT_CONSOLIDATION
LN-502245,CUST-103357,2025-04-27,0,0,False,False,351553.2625,Current,DEBT_CONSOLIDATION
LN-502246,CUST-107200,2025-04-27,0,0,False,False,26648.107499999987,Current,DEBT_CONSOLIDATION
LN-502247,CUST-102837,2025-04-27,0,0,False,False,43652.72,Current,DEBT_CONSOLIDATION
LN-502249,CUST-101802,2025-04-27,0,0,False,False,15580.102500000003,Current,DEBT_CONSOLIDATION
LN-502250,CUST-105261,2025-04-27,0,0,False,False,23501.100000000006,Current,DEBT_CONSOLIDATION
LN-502251,CUST-107034,2025-04-27,0,0,False,False,44288.37000000002,Current,DEBT_CONSOLIDATION
LN-502252,CUST-102268,2025-04-27,0,0,False,False,16343.03999999998,Current,DEBT_CONSOLIDATION
LN-502253,CUST-105256,2025-04-27,0,0,False,False,46499.26,Current,DEBT_CONSOLIDATION
LN-502254,CUST-104576,2025-04-27,0,0,False,False,31379.720000000016,Current,DEBT_CONSOLIDATION
LN-502255,CUST-107559,2025-04-27,0,0,False,False,32577.639999999992,Current,DEBT_CONSOLIDATION
LN-502256,CUST-104290,2025-04-27,0,0,False,False,22704.629999999994,Current,DEBT_CONSOLIDATION
LN-502257,CUST-100275,2025-04-27,0,0,False,False,12436.185000000001,Current,DEBT_CONSOLIDATION
LN-502258,CUST-105896,2025-04-27,0,0,False,False,10470.405,Current,DEBT_CONSOLIDATION
LN-502259,CUST-104076,2025-04-27,0,0,False,False,10843.527500000002,Current,DEBT_CONSOLIDATION
LN-502260,CUST-103736,2025-04-27,0,0,False,False,21930.42000000001,Current,DEBT_CONSOLIDATION
LN-502261,CUST-102446,2025-04-27,0,0,False,False,24716.34250000001,Current,DEBT_CONSOLIDATION
LN-502262,CUST-102854,2025-04-27,0,0,False,True,6074.705000000003,Current,DEBT_CONSOLIDATION
LN-502263,CUST-102243,2025-04-27,0,0,False,False,32924.11999999997,Current,DEBT_CONSOLIDATION
LN-502264,CUST-100291,2025-04-27,0,0,True,False,12055.494999999997,Current,DEBT_CONSOLIDATION
LN-502265,CUST-102778,2025-04-27,0,0,False,False,9315.187499999998,Current,DEBT_CONSOLIDATION
LN-502266,CUST-102417,2025-04-27,0,0,False,False,48151.567500000005,Current,DEBT_CONSOLIDATION
LN-502267,CUST-105310,2025-04-27,0,0,False,False,44291.759999999995,Current,DEBT_CONSOLIDATION
LN-502268,CUST-100333,2025-04-27,0,0,False,False,132126.00250000003,Current,DEBT_CONSOLIDATION
LN-502269,CUST-105743,2025-04-27,0,0,False,False,49678.32499999998,Current,DEBT_CONSOLIDATION
LN-502270,CUST-104441,2025-04-27,0,0,False,False,112579.38000000002,Current,DEBT_CONSOLIDATION
LN-502271,CUST-100666,2025-04-27,0,0,False,False,110154.2575,Current,DEBT_CONSOLIDATION
LN-502272,CUST-103342,2025-04-27,0,0,False,False,24813.617500000008,Current,DEBT_CONSOLIDATION
LN-502273,CUST-105016,2025-04-27,0,0,False,False,89519.7,Current,DEBT_CONSOLIDATION
LN-502274,CUST-105922,2025-04-27,0,0,False,False,34523.189999999995,Current,DEBT_CONSOLIDATION
LN-502275,CUST-105420,2025-04-27,0,0,False,False,42964.84000000001,Current,DEBT_CONSOLIDATION
LN-502276,CUST-100330,2025-04-27,1,17,True,False,14720.855000000003,1-29,DEBT_CONSOLIDATION
LN-502277,CUST-103410,2025-04-27,0,0,False,False,12806.925000000007,Current,DEBT_CONSOLIDATION
LN-502278,CUST-104604,2025-04-27,0,0,False,False,1900.9100000000003,Current,DEBT_CONSOLIDATION
LN-502279,CUST-103712,2025-04-27,0,0,False,False,37299.264999999956,Current,DEBT_CONSOLIDATION
LN-502280,CUST-107348,2025-04-27,0,0,False,False,3518.999999999998,Current,DEBT_CONSOLIDATION
LN-502282,CUST-103961,2025-04-27,0,0,False,False,11913.594999999992,Current,DEBT_CONSOLIDATION
LN-502284,CUST-100018,2025-04-27,0,0,False,False,14026.4,Current,DEBT_CONSOLIDATION
LN-502285,CUST-100718,2025-04-27,0,0,False,False,10497.570000000003,Current,DEBT_CONSOLIDATION
LN-502286,CUST-106429,2025-04-27,0,0,False,False,12593.909999999996,Current,DEBT_CONSOLIDATION
LN-502287,CUST-107838,2025-04-27,0,0,False,False,20423.50000000001,Current,DEBT_CONSOLIDATION
LN-502288,CUST-104431,2025-04-27,0,0,False,False,3173.3375,Current,DEBT_CONSOLIDATION
LN-502289,CUST-107802,2025-04-27,0,0,False,False,7405.8049999999985,Current,DEBT_CONSOLIDATION
LN-502290,CUST-103391,2025-04-27,1,6,False,False,18409.354999999992,1-29,DEBT_CONSOLIDATION
LN-502291,CUST-102081,2025-04-27,0,0,False,False,336143.6925,Current,DEBT_CONSOLIDATION
LN-502292,CUST-105251,2025-04-27,0,0,False,False,6635.299999999999,Current,DEBT_CONSOLIDATION
LN-502293,CUST-105396,2025-04-27,0,0,False,False,28093.5825,Current,DEBT_CONSOLIDATION
LN-502295,CUST-102565,2025-04-27,0,0,False,False,11979.467500000004,Current,DEBT_CONSOLIDATION
LN-502296,CUST-103165,2025-04-27,0,0,False,False,17754.16,Current,DEBT_CONSOLIDATION
LN-502297,CUST-107478,2025-04-27,0,0,False,False,6115.174999999999,Current,DEBT_CONSOLIDATION
LN-502298,CUST-100446,2025-04-27,1,11,False,False,62402.485,1-29,DEBT_CONSOLIDATION
LN-502299,CUST-105569,2025-04-27,0,0,False,False,21534.897500000003,Current,DEBT_CONSOLIDATION
LN-502300,CUST-100298,2025-04-27,0,0,False,False,52032.06000000003,Current,DEBT_CONSOLIDATION
LN-502301,CUST-103710,2025-04-27,0,0,False,False,8525.879999999996,Current,DEBT_CONSOLIDATION
LN-502302,CUST-106199,2025-04-27,0,0,False,False,27758.69000000001,Current,DEBT_CONSOLIDATION
LN-502304,CUST-105818,2025-04-27,0,0,False,False,23232.72999999998,Current,DEBT_CONSOLIDATION
LN-502305,CUST-103640,2025-04-27,0,0,False,False,6277.159999999996,Current,DEBT_CONSOLIDATION
LN-502306,CUST-102428,2025-04-27,1,13,False,False,9936.04999999999,1-29,DEBT_CONSOLIDATION
LN-502308,CUST-102942,2025-04-27,0,0,False,False,41222.86,Current,DEBT_CONSOLIDATION
LN-502309,CUST-103784,2025-04-27,0,0,False,False,28680.374999999985,Current,DEBT_CONSOLIDATION
LN-502310,CUST-104656,2025-04-27,1,26,False,False,2587.7299999999996,1-29,DEBT_CONSOLIDATION
LN-502311,CUST-100037,2025-04-27,0,0,False,False,1131.5475,Current,DEBT_CONSOLIDATION
LN-502312,CUST-105985,2025-04-27,0,0,False,False,42313.18,Current,DEBT_CONSOLIDATION
LN-502313,CUST-102162,2025-04-27,0,0,False,False,47438.95500000002,Current,DEBT_CONSOLIDATION
LN-502314,CUST-106403,2025-04-27,0,0,True,False,28475.655,Current,DEBT_CONSOLIDATION
LN-502316,CUST-101300,2025-04-27,0,0,False,False,7411.342500000001,Current,DEBT_CONSOLIDATION
LN-502317,CUST-105305,2025-04-27,0,0,False,False,12112.315000000004,Current,DEBT_CONSOLIDATION
LN-502318,CUST-102318,2025-04-27,0,0,False,False,1983.68,Current,DEBT_CONSOLIDATION
LN-502319,CUST-103809,2025-04-27,0,0,False,False,82857.7225,Current,DEBT_CONSOLIDATION
LN-502320,CUST-107728,2025-04-27,0,0,False,False,25300.950000000004,Current,DEBT_CONSOLIDATION
LN-502321,CUST-106618,2025-04-27,0,0,False,False,1884.8700000000008,Current,DEBT_CONSOLIDATION
LN-502322,CUST-102774,2025-04-27,0,0,False,False,23920.000000000015,Current,DEBT_CONSOLIDATION
LN-502323,CUST-102698,2025-04-27,0,0,False,False,13290.212499999996,Current,DEBT_CONSOLIDATION
LN-502324,CUST-101858,2025-04-27,0,0,False,False,596614.7075,Current,DEBT_CONSOLIDATION
LN-502325,CUST-101966,2025-04-27,0,0,False,False,7614.102500000001,Current,DEBT_CONSOLIDATION
LN-502326,CUST-107270,2025-04-27,0,0,False,False,11388.320000000002,Current,DEBT_CONSOLIDATION
LN-502327,CUST-107220,2025-04-27,0,0,False,False,10905.079999999994,Current,DEBT_CONSOLIDATION
LN-502328,CUST-104868,2025-04-27,0,0,False,False,21089.057499999988,Current,DEBT_CONSOLIDATION
LN-502329,CUST-104645,2025-04-27,0,0,False,False,91159.37249999998,Current,DEBT_CONSOLIDATION
LN-502330,CUST-104007,2025-04-27,0,0,False,False,9258.349999999999,Current,DEBT_CONSOLIDATION
LN-502331,CUST-101720,2025-04-27,0,0,False,False,33302.457500000026,Current,DEBT_CONSOLIDATION
LN-502332,CUST-105468,2025-04-27,0,0,False,False,17783.649999999998,Current,DEBT_CONSOLIDATION
LN-502333,CUST-100735,2025-04-27,0,0,False,False,26459.072500000013,Current,DEBT_CONSOLIDATION
LN-502334,CUST-106627,2025-04-27,0,0,False,False,212854.42999999993,Current,DEBT_CONSOLIDATION
LN-502335,CUST-106511,2025-04-27,0,0,False,False,33378.09,Current,DEBT_CONSOLIDATION
LN-502336,CUST-105891,2025-04-27,0,0,False,False,271934.3024999999,Current,DEBT_CONSOLIDATION
LN-502337,CUST-100879,2025-04-27,4,129,False,False,41884.53999999998,90+,DEBT_CONSOLIDATION
LN-502338,CUST-101379,2025-04-27,0,0,False,False,38788.6,Current,DEBT_CONSOLIDATION
LN-502339,CUST-107748,2025-04-27,0,0,False,False,35146.097499999996,Current,DEBT_CONSOLIDATION
LN-502340,CUST-100747,2025-04-27,0,0,False,False,16609.46,Current,DEBT_CONSOLIDATION
LN-502341,CUST-103966,2025-04-27,0,0,False,False,18601.302499999998,Current,DEBT_CONSOLIDATION
LN-502342,CUST-106503,2025-04-27,0,0,False,False,24527.359999999986,Current,DEBT_CONSOLIDATION
LN-502343,CUST-102575,2025-04-27,0,0,False,False,9435.657499999998,Current,DEBT_CONSOLIDATION
LN-502344,CUST-102807,2025-04-27,0,0,False,False,24556.27999999999,Current,DEBT_CONSOLIDATION
LN-502345,CUST-100250,2025-04-27,0,0,False,False,6333.360000000001,Current,DEBT_CONSOLIDATION
LN-502346,CUST-103044,2025-04-27,0,0,False,False,3751.2525,Current,DEBT_CONSOLIDATION
LN-502347,CUST-100608,2025-04-27,3,85,False,False,34209.655000000006,60-89,DEBT_CONSOLIDATION
LN-502348,CUST-107610,2025-04-27,0,0,False,False,22676.159999999993,Current,DEBT_CONSOLIDATION
LN-502349,CUST-102894,2025-04-27,0,0,False,False,44489.294999999984,Current,DEBT_CONSOLIDATION
LN-502350,CUST-107796,2025-04-27,0,0,False,False,53697.22750000001,Current,DEBT_CONSOLIDATION
LN-502351,CUST-105160,2025-04-27,0,0,False,False,18288.117499999993,Current,DEBT_CONSOLIDATION
LN-502352,CUST-100934,2025-04-27,0,0,False,False,7025.900000000001,Current,DEBT_CONSOLIDATION
LN-502354,CUST-102146,2025-04-27,3,83,False,False,91139.83,60-89,DEBT_CONSOLIDATION
LN-502355,CUST-102901,2025-04-27,0,0,False,False,33912.01000000001,Current,DEBT_CONSOLIDATION
LN-502356,CUST-100422,2025-04-27,0,0,False,False,19569.89,Current,DEBT_CONSOLIDATION
LN-502357,CUST-106274,2025-04-27,0,0,False,False,20646.449999999997,Current,DEBT_CONSOLIDATION
LN-502358,CUST-105268,2025-04-27,0,0,False,False,18726.470000000016,Current,DEBT_CONSOLIDATION
LN-502359,CUST-107746,2025-04-27,0,0,False,False,20896.71750000001,Current,DEBT_CONSOLIDATION
LN-502360,CUST-106905,2025-04-27,0,0,False,False,6748.600000000002,Current,DEBT_CONSOLIDATION
LN-502361,CUST-107307,2025-04-27,0,0,False,False,21051.680000000004,Current,DEBT_CONSOLIDATION
LN-502362,CUST-103030,2025-04-27,0,0,False,False,820.2200000000004,Current,DEBT_CONSOLIDATION
LN-502363,CUST-103161,2025-04-27,1,31,False,False,13968.737500000001,1-29,DEBT_CONSOLIDATION
LN-502364,CUST-104747,2025-04-27,0,0,False,False,19179.9,Current,DEBT_CONSOLIDATION
LN-502365,CUST-104616,2025-04-27,0,0,False,False,13760.729999999996,Current,DEBT_CONSOLIDATION
LN-502366,CUST-104920,2025-04-27,0,0,False,False,6537.325,Current,DEBT_CONSOLIDATION
LN-502367,CUST-101512,2025-04-27,0,0,False,False,26429.959999999995,Current,DEBT_CONSOLIDATION
LN-502368,CUST-106378,2025-04-27,0,0,False,False,27308.084999999995,Current,DEBT_CONSOLIDATION
LN-502369,CUST-100970,2025-04-27,0,0,False,False,24540.170000000013,Current,DEBT_CONSOLIDATION
LN-502370,CUST-106748,2025-04-27,0,0,False,False,31257.2775,Current,DEBT_CONSOLIDATION
LN-502372,CUST-100305,2025-04-27,0,0,False,False,23895.764999999996,Current,DEBT_CONSOLIDATION
LN-502373,CUST-100889,2025-04-27,0,0,False,False,71733.23,Current,DEBT_CONSOLIDATION
LN-502374,CUST-103671,2025-04-27,0,0,False,False,11212.930000000002,Current,DEBT_CONSOLIDATION
LN-502375,CUST-100348,2025-04-27,0,0,False,False,29990.82,Current,DEBT_CONSOLIDATION
LN-502377,CUST-105712,2025-04-27,0,0,False,False,116869.58499999992,Current,DEBT_CONSOLIDATION
LN-502379,CUST-102768,2025-04-27,0,0,False,False,14399.217500000002,Current,DEBT_CONSOLIDATION
LN-502380,CUST-100302,2025-04-27,0,0,False,False,29352.444999999996,Current,DEBT_CONSOLIDATION
LN-502381,CUST-101092,2025-04-27,0,0,False,False,44908.249999999985,Current,DEBT_CONSOLIDATION
LN-502382,CUST-100423,2025-04-27,2,46,False,False,11645.88,30-59,DEBT_CONSOLIDATION
LN-502383,CUST-100204,2025-04-27,0,0,False,False,23973.259999999987,Current,DEBT_CONSOLIDATION
LN-502384,CUST-106925,2025-04-27,0,0,False,False,19431.484999999982,Current,DEBT_CONSOLIDATION
LN-502386,CUST-104137,2025-04-27,0,0,False,False,15281.174999999996,Current,DEBT_CONSOLIDATION
LN-502387,CUST-105163,2025-04-27,0,0,False,False,79858.83249999999,Current,DEBT_CONSOLIDATION
LN-502388,CUST-105819,2025-04-27,0,0,False,False,38829.34250000003,Current,DEBT_CONSOLIDATION
LN-502389,CUST-104117,2025-04-27,0,0,False,False,9012.48,Current,DEBT_CONSOLIDATION
LN-502390,CUST-104934,2025-04-27,0,0,False,False,7640.9825,Current,DEBT_CONSOLIDATION
LN-502391,CUST-104404,2025-04-27,0,0,False,False,41902.83000000003,Current,DEBT_CONSOLIDATION
LN-502393,CUST-102949,2025-04-27,0,0,False,False,107829.04750000002,Current,DEBT_CONSOLIDATION
LN-502394,CUST-106431,2025-04-27,1,27,False,False,41601.439999999995,1-29,DEBT_CONSOLIDATION
LN-502395,CUST-106279,2025-04-27,0,0,False,False,15092.324999999999,Current,DEBT_CONSOLIDATION
LN-502396,CUST-105786,2025-04-27,2,56,False,False,28343.5475,30-59,DEBT_CONSOLIDATION
LN-502397,CUST-103775,2025-04-27,0,0,False,False,32358.939999999962,Current,DEBT_CONSOLIDATION
LN-502398,CUST-104069,2025-04-27,0,0,False,False,24435.982500000002,Current,DEBT_CONSOLIDATION
LN-502399,CUST-104342,2025-04-27,0,0,False,False,49869.35000000001,Current,DEBT_CONSOLIDATION
LN-502400,CUST-106573,2025-04-27,0,0,False,False,29891.92,Current,DEBT_CONSOLIDATION
LN-502401,CUST-102661,2025-04-27,0,0,False,False,88245.01,Current,DEBT_CONSOLIDATION
LN-502402,CUST-102864,2025-04-27,0,0,False,False,1969.56,Current,DEBT_CONSOLIDATION
LN-502403,CUST-101614,2025-04-27,1,13,False,False,11617.000000000002,1-29,DEBT_CONSOLIDATION
LN-502404,CUST-104929,2025-04-27,0,0,False,False,17175.23,Current,DEBT_CONSOLIDATION
LN-502405,CUST-100166,2025-04-27,0,0,False,False,8422.929999999993,Current,DEBT_CONSOLIDATION
LN-502406,CUST-107274,2025-04-27,0,0,False,False,8873.470000000008,Current,DEBT_CONSOLIDATION
LN-502409,CUST-103002,2025-04-27,0,0,False,False,26507.032499999998,Current,DEBT_CONSOLIDATION
LN-502410,CUST-100804,2025-04-27,0,0,False,False,11441.029999999993,Current,DEBT_CONSOLIDATION
LN-502411,CUST-101983,2025-04-27,0,0,False,False,31971.2,Current,DEBT_CONSOLIDATION
LN-502412,CUST-101950,2025-04-27,0,0,False,False,8964.102500000003,Current,DEBT_CONSOLIDATION
LN-502413,CUST-104299,2025-04-27,0,0,False,False,27129.087499999994,Current,DEBT_CONSOLIDATION
LN-502414,CUST-107795,2025-04-27,0,0,False,False,12447.465000000006,Current,DEBT_CONSOLIDATION
LN-502415,CUST-106793,2025-04-27,0,0,False,False,15541.684999999996,Current,DEBT_CONSOLIDATION
LN-502416,CUST-103143,2025-04-27,0,0,False,False,12628.809999999994,Current,DEBT_CONSOLIDATION
LN-502417,CUST-100125,2025-04-27,0,0,False,False,5077.134999999999,Current,DEBT_CONSOLIDATION
LN-502418,CUST-105198,2025-04-27,0,0,False,False,38992.932499999995,Current,DEBT_CONSOLIDATION
LN-502419,CUST-104844,2025-04-27,0,0,False,False,14466.230000000009,Current,DEBT_CONSOLIDATION
LN-502420,CUST-100145,2025-04-27,0,0,False,False,20511.435,Current,DEBT_CONSOLIDATION
LN-502422,CUST-103351,2025-04-27,0,0,False,False,26191.5825,Current,DEBT_CONSOLIDATION
LN-502424,CUST-101703,2025-04-27,0,0,False,False,8502.15,Current,DEBT_CONSOLIDATION
LN-502425,CUST-105879,2025-04-27,0,0,False,False,262968.8750000001,Current,DEBT_CONSOLIDATION
LN-502426,CUST-103503,2025-04-27,1,2,False,False,10053.879999999997,1-29,DEBT_CONSOLIDATION
LN-502427,CUST-105482,2025-04-27,3,67,False,False,12444.890000000003,60-89,DEBT_CONSOLIDATION
LN-502428,CUST-103720,2025-04-27,0,0,False,False,11748.484999999997,Current,DEBT_CONSOLIDATION
LN-502429,CUST-104871,2025-04-27,0,0,False,False,55679.09,Current,DEBT_CONSOLIDATION
LN-502430,CUST-100584,2025-04-27,0,0,False,False,31452.799999999985,Current,DEBT_CONSOLIDATION
LN-502431,CUST-103879,2025-04-27,0,0,False,False,21102.2,Current,DEBT_CONSOLIDATION
LN-502432,CUST-107394,2025-04-27,0,0,False,False,27345.21,Current,DEBT_CONSOLIDATION
LN-502433,CUST-100975,2025-04-27,0,0,False,False,21680.63500000001,Current,DEBT_CONSOLIDATION
LN-502434,CUST-107042,2025-04-27,0,0,False,False,31475.750000000004,Current,DEBT_CONSOLIDATION
LN-502435,CUST-100766,2025-04-27,0,0,False,False,34354.51249999999,Current,DEBT_CONSOLIDATION
LN-502436,CUST-102307,2025-04-27,0,0,False,False,32324.759999999995,Current,DEBT_CONSOLIDATION
LN-502437,CUST-107747,2025-04-27,0,0,False,False,30385.719999999994,Current,DEBT_CONSOLIDATION
LN-502438,CUST-101245,2025-04-27,0,0,False,False,43719.03999999999,Current,DEBT_CONSOLIDATION
LN-502439,CUST-107576,2025-04-27,2,52,False,False,27357.19499999999,30-59,DEBT_CONSOLIDATION
LN-502440,CUST-100428,2025-04-27,0,0,False,False,13170.277500000002,Current,DEBT_CONSOLIDATION
LN-502441,CUST-104501,2025-04-27,0,0,False,False,12653.14,Current,DEBT_CONSOLIDATION
LN-502443,CUST-100839,2025-04-27,0,0,False,False,7617.084999999999,Current,DEBT_CONSOLIDATION
LN-502444,CUST-105076,2025-04-27,0,0,False,False,32630.300000000017,Current,DEBT_CONSOLIDATION
LN-502445,CUST-106249,2025-04-27,0,0,False,False,21525.020000000004,Current,DEBT_CONSOLIDATION
LN-502446,CUST-106659,2025-04-27,0,0,False,False,7311.02,Current,DEBT_CONSOLIDATION
LN-502447,CUST-100392,2025-04-27,0,0,False,False,8401.234999999999,Current,DEBT_CONSOLIDATION
LN-502448,CUST-101153,2025-04-27,0,0,False,False,10254.26,Current,DEBT_CONSOLIDATION
LN-502449,CUST-105195,2025-04-27,0,0,False,False,19783.17,Current,DEBT_CONSOLIDATION
LN-502450,CUST-103236,2025-04-27,0,0,False,False,15476.727499999999,Current,DEBT_CONSOLIDATION
LN-502451,CUST-100927,2025-04-27,0,0,False,False,11862.7025,Current,DEBT_CONSOLIDATION
LN-502452,CUST-103937,2025-04-27,0,0,False,False,249807.45999999993,Current,DEBT_CONSOLIDATION
LN-502453,CUST-107713,2025-04-27,0,0,False,False,6935.615,Current,DEBT_CONSOLIDATION
LN-502454,CUST-101308,2025-04-27,0,0,False,False,29725.21500000001,Current,DEBT_CONSOLIDATION
LN-502455,CUST-103553,2025-04-27,0,0,False,False,7070.7900000000045,Current,DEBT_CONSOLIDATION
LN-502456,CUST-102606,2025-04-27,0,0,False,False,45500.720000000016,Current,DEBT_CONSOLIDATION
LN-502457,CUST-106900,2025-04-27,0,0,False,False,4583.359999999996,Current,DEBT_CONSOLIDATION
LN-502459,CUST-105442,2025-04-27,0,0,False,False,20979.314999999995,Current,DEBT_CONSOLIDATION
LN-502460,CUST-105047,2025-04-27,2,52,False,False,16942.15000000001,30-59,DEBT_CONSOLIDATION
LN-502461,CUST-102444,2025-04-27,0,0,False,False,38525.152499999975,Current,DEBT_CONSOLIDATION
LN-502462,CUST-105923,2025-04-27,0,0,False,False,1713.6200000000001,Current,DEBT_CONSOLIDATION
LN-502463,CUST-104765,2025-04-27,0,0,False,False,9167.505000000005,Current,DEBT_CONSOLIDATION
LN-502464,CUST-104001,2025-04-27,0,0,False,False,9924.229999999996,Current,DEBT_CONSOLIDATION
LN-502465,CUST-107163,2025-04-27,0,0,False,False,49788.355,Current,DEBT_CONSOLIDATION
LN-502466,CUST-103552,2025-04-27,0,0,False,False,3431.2699999999977,Current,DEBT_CONSOLIDATION
LN-502468,CUST-103345,2025-04-27,0,0,False,False,17499.96999999999,Current,DEBT_CONSOLIDATION
LN-502469,CUST-100629,2025-04-27,0,0,False,False,15077.06749999999,Current,DEBT_CONSOLIDATION
LN-502470,CUST-107586,2025-04-27,0,0,False,False,40425.39000000001,Current,DEBT_CONSOLIDATION
LN-502471,CUST-103258,2025-04-27,0,0,False,False,6996.7800000000025,Current,DEBT_CONSOLIDATION
LN-502472,CUST-103911,2025-04-27,0,0,False,False,9040.31,Current,DEBT_CONSOLIDATION
LN-502473,CUST-103147,2025-04-27,0,0,False,False,30338.680000000004,Current,DEBT_CONSOLIDATION
LN-502474,CUST-106187,2025-04-27,0,0,False,False,12212.859999999997,Current,DEBT_CONSOLIDATION
LN-502475,CUST-106053,2025-04-27,0,0,False,False,13024.640000000001,Current,DEBT_CONSOLIDATION
LN-502476,CUST-102379,2025-04-27,0,0,False,False,16385.559999999994,Current,DEBT_CONSOLIDATION
LN-502477,CUST-100598,2025-04-27,3,86,False,False,26688.087499999987,60-89,DEBT_CONSOLIDATION
LN-502479,CUST-106102,2025-04-27,0,0,False,False,29842.019999999982,Current,DEBT_CONSOLIDATION
LN-502480,CUST-100362,2025-04-27,0,0,False,False,44345.16,Current,DEBT_CONSOLIDATION
LN-502481,CUST-102218,2025-04-27,0,0,False,False,12914.204999999994,Current,DEBT_CONSOLIDATION
LN-502482,CUST-100643,2025-04-27,0,0,False,False,97123.25249999997,Current,DEBT_CONSOLIDATION
LN-502484,CUST-102622,2025-04-27,4,114,False,False,14643.390000000001,90+,DEBT_CONSOLIDATION
LN-502485,CUST-105531,2025-04-27,0,0,False,False,23650.645000000008,Current,DEBT_CONSOLIDATION
LN-502486,CUST-101782,2025-04-27,0,0,False,False,19476.33,Current,DEBT_CONSOLIDATION
LN-502487,CUST-100995,2025-04-27,1,16,False,False,38229.56999999998,1-29,DEBT_CONSOLIDATION
LN-502488,CUST-103964,2025-04-27,0,0,False,False,20887.34,Current,DEBT_CONSOLIDATION
LN-502489,CUST-104714,2025-04-27,0,0,False,False,42531.79999999999,Current,DEBT_CONSOLIDATION
LN-502490,CUST-100534,2025-04-27,0,0,False,False,24153.995,Current,DEBT_CONSOLIDATION
LN-502491,CUST-107413,2025-04-27,0,0,False,False,15766.3975,Current,DEBT_CONSOLIDATION
LN-502492,CUST-100564,2025-04-27,0,0,False,False,30981.399999999998,Current,DEBT_CONSOLIDATION
LN-502495,CUST-105506,2025-04-27,2,32,False,False,43833.189999999995,30-59,DEBT_CONSOLIDATION
LN-502496,CUST-100901,2025-04-27,0,0,False,False,4531.8349999999955,Current,DEBT_CONSOLIDATION
LN-502497,CUST-104185,2025-04-27,0,0,False,False,11432.947500000004,Current,DEBT_CONSOLIDATION
LN-502498,CUST-100261,2025-04-27,0,0,False,False,42373.86,Current,DEBT_CONSOLIDATION
LN-502499,CUST-100599,2025-04-27,1,20,False,False,6632.58,1-29,DEBT_CONSOLIDATION
LN-502500,CUST-100434,2025-04-27,0,0,False,False,9166.082500000004,Current,DEBT_CONSOLIDATION
LN-502501,CUST-104170,2025-04-27,0,0,False,False,35155.70000000002,Current,DEBT_CONSOLIDATION
LN-502502,CUST-105416,2025-04-27,0,0,True,False,12584.99,Current,DEBT_CONSOLIDATION
LN-502503,CUST-103467,2025-04-27,0,0,False,False,108063.08000000007,Current,DEBT_CONSOLIDATION
LN-502504,CUST-101017,2025-04-27,0,0,False,False,4030.220000000002,Current,DEBT_CONSOLIDATION
LN-502505,CUST-101206,2025-04-27,0,0,False,False,17866.9825,Current,DEBT_CONSOLIDATION
LN-502507,CUST-101823,2025-04-27,0,0,False,False,36892.50500000001,Current,DEBT_CONSOLIDATION
LN-502508,CUST-104079,2025-04-27,0,0,False,False,33946.49500000002,Current,DEBT_CONSOLIDATION
LN-502509,CUST-101434,2025-04-27,4,126,False,False,17379.77,90+,DEBT_CONSOLIDATION
LN-502511,CUST-105300,2025-04-27,0,0,False,False,11812.277499999991,Current,DEBT_CONSOLIDATION
LN-502512,CUST-105497,2025-04-27,0,0,False,False,16362.564999999988,Current,DEBT_CONSOLIDATION
LN-502514,CUST-102700,2025-04-27,0,0,False,False,12004.825,Current,DEBT_CONSOLIDATION
LN-502515,CUST-101090,2025-04-27,0,0,False,False,20408.637499999997,Current,DEBT_CONSOLIDATION
LN-502516,CUST-103609,2025-04-27,0,0,False,False,3089.3375,Current,DEBT_CONSOLIDATION
LN-502517,CUST-105250,2025-04-27,0,0,False,False,12523.232499999995,Current,DEBT_CONSOLIDATION
LN-502518,CUST-100088,2025-04-27,1,1,False,False,41724.52,1-29,DEBT_CONSOLIDATION
LN-502519,CUST-102696,2025-04-27,3,84,False,False,10028.799999999997,60-89,DEBT_CONSOLIDATION
LN-502520,CUST-102819,2025-04-27,0,0,False,False,80899.08750000004,Current,DEBT_CONSOLIDATION
LN-502521,CUST-102976,2025-04-27,0,0,False,False,8272.489999999996,Current,DEBT_CONSOLIDATION
LN-502522,CUST-105991,2025-04-27,0,0,False,False,22341.98,Current,DEBT_CONSOLIDATION
LN-502523,CUST-104921,2025-04-27,0,0,False,False,11216.530000000002,Current,DEBT_CONSOLIDATION
LN-502524,CUST-103771,2025-04-27,0,0,False,False,13026.505,Current,DEBT_CONSOLIDATION
LN-502525,CUST-105864,2025-04-27,0,0,False,False,32060.695000000007,Current,DEBT_CONSOLIDATION
LN-502526,CUST-104451,2025-04-27,0,0,False,False,10751.98,Current,DEBT_CONSOLIDATION
LN-502527,CUST-102594,2025-04-27,0,0,False,False,38340.48000000002,Current,DEBT_CONSOLIDATION
LN-502528,CUST-102657,2025-04-27,0,0,False,False,47848.84000000001,Current,DEBT_CONSOLIDATION
LN-502529,CUST-100378,2025-04-27,0,0,False,False,33749.950000000004,Current,DEBT_CONSOLIDATION
LN-502530,CUST-101845,2025-04-27,0,0,False,False,15724.535000000003,Current,DEBT_CONSOLIDATION
LN-502531,CUST-104229,2025-04-27,0,0,False,False,12288.254999999997,Current,DEBT_CONSOLIDATION
LN-502532,CUST-100251,2025-04-27,0,0,False,False,10860.250000000004,Current,DEBT_CONSOLIDATION
LN-502534,CUST-101111,2025-04-27,0,0,False,False,28285.6775,Current,DEBT_CONSOLIDATION
LN-502535,CUST-104826,2025-04-27,0,0,False,False,44700.815,Current,DEBT_CONSOLIDATION
LN-502536,CUST-105398,2025-04-27,0,0,False,False,12284.745,Current,DEBT_CONSOLIDATION
LN-502538,CUST-100594,2025-04-27,0,0,False,False,21594.932500000003,Current,DEBT_CONSOLIDATION
LN-502539,CUST-106602,2025-04-27,0,0,False,False,9780.449999999988,Current,DEBT_CONSOLIDATION
LN-502540,CUST-106183,2025-04-27,0,0,False,False,15530.794999999998,Current,DEBT_CONSOLIDATION
LN-502541,CUST-104722,2025-04-27,0,0,False,False,14906.810000000012,Current,DEBT_CONSOLIDATION
LN-502542,CUST-103863,2025-04-27,0,0,False,False,26215.72000000001,Current,DEBT_CONSOLIDATION
LN-502543,CUST-105673,2025-04-27,0,0,False,False,6895.870000000003,Current,DEBT_CONSOLIDATION
LN-502544,CUST-106451,2025-04-27,0,0,False,False,4279.209999999999,Current,DEBT_CONSOLIDATION
LN-502545,CUST-104981,2025-04-27,0,0,False,False,44204.64500000001,Current,DEBT_CONSOLIDATION
LN-502546,CUST-101951,2025-04-27,0,0,False,False,41061.44250000001,Current,DEBT_CONSOLIDATION
LN-502547,CUST-104472,2025-04-27,0,0,False,False,46887.28000000004,Current,DEBT_CONSOLIDATION
LN-502548,CUST-107587,2025-04-27,0,0,False,False,4704.779999999998,Current,DEBT_CONSOLIDATION
LN-502549,CUST-105865,2025-04-27,0,0,False,False,14257.235000000002,Current,DEBT_CONSOLIDATION
LN-502550,CUST-102333,2025-04-27,0,0,False,False,102579.43749999996,Current,DEBT_CONSOLIDATION
LN-502552,CUST-107920,2025-04-27,0,0,False,False,37462.62000000003,Current,DEBT_CONSOLIDATION
LN-502553,CUST-107667,2025-04-27,0,0,False,False,1788.2325000000005,Current,DEBT_CONSOLIDATION
LN-502554,CUST-101688,2025-04-27,0,0,False,False,24190.139999999996,Current,DEBT_CONSOLIDATION
LN-502555,CUST-101900,2025-04-27,0,0,False,False,25276.740000000005,Current,DEBT_CONSOLIDATION
LN-502556,CUST-104888,2025-04-27,3,64,False,False,18708.17,60-89,DEBT_CONSOLIDATION
LN-502557,CUST-104494,2025-04-27,0,0,False,False,14795.579999999993,Current,DEBT_CONSOLIDATION
LN-502558,CUST-100395,2025-04-27,0,0,False,False,21580.094999999987,Current,DEBT_CONSOLIDATION
LN-502559,CUST-103693,2025-04-27,0,0,False,False,7169.3674999999985,Current,DEBT_CONSOLIDATION
LN-502560,CUST-106116,2025-04-27,0,0,False,False,28813.880000000005,Current,DEBT_CONSOLIDATION
LN-502561,CUST-107773,2025-04-27,0,0,False,False,13188.752499999999,Current,DEBT_CONSOLIDATION
LN-502563,CUST-102772,2025-04-27,0,0,False,False,9295.71999999999,Current,DEBT_CONSOLIDATION
LN-502564,CUST-107473,2025-04-27,0,0,False,False,2675.795000000001,Current,DEBT_CONSOLIDATION
LN-502565,CUST-100046,2025-04-27,0,0,False,False,21109.970000000005,Current,DEBT_CONSOLIDATION
LN-502566,CUST-101431,2025-04-27,0,0,False,False,39069.39000000002,Current,DEBT_CONSOLIDATION
LN-502567,CUST-104776,2025-04-27,0,0,False,False,38811.13999999999,Current,DEBT_CONSOLIDATION
LN-502568,CUST-103798,2025-04-27,0,0,False,False,12772.730000000005,Current,DEBT_CONSOLIDATION
LN-502569,CUST-103668,2025-04-27,2,50,False,False,18118.115,30-59,DEBT_CONSOLIDATION
LN-502570,CUST-102234,2025-04-27,0,0,False,False,18034.564999999984,Current,DEBT_CONSOLIDATION
LN-502571,CUST-104520,2025-04-27,0,0,False,False,16830.982500000002,Current,DEBT_CONSOLIDATION
LN-502572,CUST-106928,2025-04-27,0,0,False,False,31070.1275,Current,DEBT_CONSOLIDATION
LN-502574,CUST-103223,2025-04-27,0,0,False,False,88736.77500000001,Current,DEBT_CONSOLIDATION
LN-502575,CUST-106764,2025-04-27,0,0,False,False,39926.38999999999,Current,DEBT_CONSOLIDATION
LN-502576,CUST-103441,2025-04-27,0,0,False,False,51363.17,Current,DEBT_CONSOLIDATION
LN-502577,CUST-102695,2025-04-27,0,0,False,False,33275.36,Current,DEBT_CONSOLIDATION
LN-502578,CUST-106348,2025-04-27,0,0,False,False,12160.0825,Current,DEBT_CONSOLIDATION
LN-502579,CUST-106935,2025-04-27,0,0,False,False,15199.015000000001,Current,DEBT_CONSOLIDATION
LN-502580,CUST-101539,2025-04-27,0,0,False,False,8207.847500000002,Current,DEBT_CONSOLIDATION
LN-502581,CUST-100543,2025-04-27,0,0,False,False,4193.474999999998,Current,DEBT_CONSOLIDATION
LN-502582,CUST-104732,2025-04-27,0,0,False,False,6892.894999999996,Current,DEBT_CONSOLIDATION
LN-502585,CUST-106035,2025-04-27,0,0,True,False,12842.019999999997,Current,DEBT_CONSOLIDATION
LN-502586,CUST-102098,2025-04-27,2,55,False,False,101760.07,30-59,DEBT_CONSOLIDATION
LN-502587,CUST-106487,2025-04-27,0,0,False,False,2055.2,Current,DEBT_CONSOLIDATION
LN-502589,CUST-106512,2025-04-27,0,0,False,False,14004.889999999998,Current,DEBT_CONSOLIDATION
LN-502591,CUST-107107,2025-04-27,0,0,False,False,32197.88,Current,DEBT_CONSOLIDATION
LN-502592,CUST-106548,2025-04-27,0,0,False,False,13897.522500000003,Current,DEBT_CONSOLIDATION
LN-502593,CUST-103465,2025-04-27,1,18,False,False,4453.014999999997,1-29,DEBT_CONSOLIDATION
LN-502594,CUST-107539,2025-04-27,3,66,False,False,75328.855,60-89,DEBT_CONSOLIDATION
LN-502595,CUST-106384,2025-04-27,0,0,False,False,7592.9400000000005,Current,DEBT_CONSOLIDATION
LN-502596,CUST-106417,2025-04-27,0,0,False,False,20299.810000000016,Current,DEBT_CONSOLIDATION
LN-502597,CUST-102405,2025-04-27,2,34,False,False,18906.440000000006,30-59,DEBT_CONSOLIDATION
LN-502598,CUST-106519,2025-04-27,0,0,False,False,2203.52,Current,DEBT_CONSOLIDATION
LN-502599,CUST-100260,2025-04-27,1,2,False,False,44113.49999999999,1-29,DEBT_CONSOLIDATION
LN-502600,CUST-105937,2025-04-27,0,0,False,False,38257.8375,Current,DEBT_CONSOLIDATION
LN-502601,CUST-106098,2025-04-27,0,0,False,False,288544.2425000001,Current,DEBT_CONSOLIDATION
LN-502602,CUST-104145,2025-04-27,0,0,False,False,12721.694999999998,Current,DEBT_CONSOLIDATION
LN-502603,CUST-107345,2025-04-27,0,0,False,False,14235.145,Current,DEBT_CONSOLIDATION
LN-502605,CUST-107732,2025-04-27,0,0,False,False,33567.655000000006,Current,DEBT_CONSOLIDATION
LN-502606,CUST-106867,2025-04-27,0,0,False,False,43434.019999999975,Current,DEBT_CONSOLIDATION
LN-502607,CUST-105887,2025-04-27,0,0,False,False,12146.155000000002,Current,DEBT_CONSOLIDATION
LN-502608,CUST-107318,2025-04-27,0,0,False,False,21216.475,Current,DEBT_CONSOLIDATION
LN-502609,CUST-106759,2025-04-27,0,0,False,False,26035.59999999999,Current,DEBT_CONSOLIDATION
LN-502612,CUST-106081,2025-04-27,0,0,False,False,27724.08750000001,Current,DEBT_CONSOLIDATION
LN-502613,CUST-100932,2025-04-27,1,27,False,False,14842.035,1-29,DEBT_CONSOLIDATION
LN-502614,CUST-105230,2025-04-27,0,0,False,False,580086.4124999999,Current,DEBT_CONSOLIDATION
LN-502615,CUST-107720,2025-04-27,0,0,False,False,5242.915000000004,Current,DEBT_CONSOLIDATION
LN-502617,CUST-101211,2025-04-27,0,0,False,False,17374.22,Current,DEBT_CONSOLIDATION
LN-502618,CUST-106189,2025-04-27,0,0,False,False,19947.96750000002,Current,DEBT_CONSOLIDATION
LN-502619,CUST-103081,2025-04-27,0,0,False,False,21772.820000000003,Current,DEBT_CONSOLIDATION
LN-502620,CUST-103832,2025-04-27,0,0,False,False,45796.2725,Current,DEBT_CONSOLIDATION
LN-502621,CUST-104200,2025-04-27,0,0,False,False,17275.30999999998,Current,DEBT_CONSOLIDATION
LN-502622,CUST-104070,2025-04-27,0,0,False,False,15092.8625,Current,DEBT_CONSOLIDATION
LN-502623,CUST-105941,2025-04-27,0,0,False,False,16073.92,Current,DEBT_CONSOLIDATION
LN-502624,CUST-105508,2025-04-27,0,0,False,False,17983.889999999996,Current,DEBT_CONSOLIDATION
LN-502625,CUST-103804,2025-04-27,0,0,False,False,46139.874999999985,Current,DEBT_CONSOLIDATION
LN-502626,CUST-103118,2025-04-27,0,0,False,False,3642.009999999998,Current,DEBT_CONSOLIDATION
LN-502627,CUST-105686,2025-04-27,0,0,False,False,38658.85999999997,Current,DEBT_CONSOLIDATION
LN-502628,CUST-101080,2025-04-27,0,0,False,False,15112.130000000005,Current,DEBT_CONSOLIDATION
LN-502629,CUST-101276,2025-04-27,0,0,False,False,22669.407499999987,Current,DEBT_CONSOLIDATION
LN-502630,CUST-103846,2025-04-27,0,0,False,False,26441.11000000001,Current,DEBT_CONSOLIDATION
LN-502631,CUST-102982,2025-04-27,0,0,False,False,4401.63,Current,DEBT_CONSOLIDATION
LN-502632,CUST-104654,2025-04-27,1,21,False,False,15259.397500000001,1-29,DEBT_CONSOLIDATION
LN-502633,CUST-101010,2025-04-27,0,0,False,False,33720.870000000024,Current,DEBT_CONSOLIDATION
LN-502636,CUST-106314,2025-04-27,0,0,False,False,124196.89749999998,Current,DEBT_CONSOLIDATION
LN-502637,CUST-106018,2025-04-27,0,0,False,False,12993.23,Current,DEBT_CONSOLIDATION
LN-502638,CUST-107453,2025-04-27,0,0,False,False,31656.535,Current,DEBT_CONSOLIDATION
LN-502639,CUST-102509,2025-04-27,0,0,False,False,17631.135000000006,Current,DEBT_CONSOLIDATION
LN-502640,CUST-101554,2025-04-27,0,0,False,False,16993.65000000001,Current,DEBT_CONSOLIDATION
LN-502641,CUST-101048,2025-04-27,0,0,False,False,6797.819999999995,Current,DEBT_CONSOLIDATION
LN-502642,CUST-104573,2025-04-27,0,0,False,False,21038.89,Current,DEBT_CONSOLIDATION
LN-502643,CUST-106049,2025-04-27,0,0,False,False,34111.08750000001,Current,DEBT_CONSOLIDATION
LN-502644,CUST-103050,2025-04-27,0,0,False,False,6629.060000000001,Current,DEBT_CONSOLIDATION
LN-502645,CUST-101475,2025-04-27,0,0,False,False,19939.3825,Current,DEBT_CONSOLIDATION
LN-502646,CUST-106424,2025-04-27,0,0,False,False,16976.280000000002,Current,DEBT_CONSOLIDATION
LN-502647,CUST-104102,2025-04-27,0,0,False,False,9822.392500000002,Current,DEBT_CONSOLIDATION
LN-502648,CUST-104918,2025-04-27,0,0,False,False,316637.59,Current,DEBT_CONSOLIDATION
LN-502649,CUST-102865,2025-04-27,0,0,False,False,41089.16750000001,Current,DEBT_CONSOLIDATION
LN-502650,CUST-106628,2025-04-27,0,0,False,False,28294.572499999995,Current,DEBT_CONSOLIDATION
LN-502651,CUST-104904,2025-04-27,0,0,False,False,25185.172500000004,Current,DEBT_CONSOLIDATION
LN-502652,CUST-102426,2025-04-27,0,0,False,False,34593.39,Current,DEBT_CONSOLIDATION
LN-502653,CUST-107140,2025-04-27,0,0,False,False,45485.385,Current,DEBT_CONSOLIDATION
LN-502654,CUST-102753,2025-04-27,0,0,False,False,13024.637500000008,Current,DEBT_CONSOLIDATION
LN-502655,CUST-105024,2025-04-27,0,0,False,False,25167.93,Current,DEBT_CONSOLIDATION
LN-502656,CUST-103938,2025-04-27,4,199,False,False,38449.74,90+,DEBT_CONSOLIDATION
LN-502657,CUST-104560,2025-04-27,0,0,False,False,35131.73,Current,DEBT_CONSOLIDATION
LN-502658,CUST-107599,2025-04-27,0,0,False,False,2774.024999999999,Current,DEBT_CONSOLIDATION
LN-502659,CUST-104873,2025-04-27,0,0,False,False,8521.41000000001,Current,DEBT_CONSOLIDATION
LN-502660,CUST-105501,2025-04-27,0,0,False,False,4771.605000000002,Current,DEBT_CONSOLIDATION
LN-502661,CUST-103031,2025-04-27,0,0,False,False,8671.012499999997,Current,DEBT_CONSOLIDATION
LN-502662,CUST-103666,2025-04-27,0,0,False,False,11029.790000000008,Current,DEBT_CONSOLIDATION
LN-502663,CUST-106510,2025-04-27,0,0,True,False,8296.499999999996,Current,DEBT_CONSOLIDATION
LN-502664,CUST-104771,2025-04-27,0,0,False,False,16240.139999999996,Current,DEBT_CONSOLIDATION
LN-502665,CUST-100432,2025-04-27,0,0,False,False,50961.034999999996,Current,DEBT_CONSOLIDATION
LN-502666,CUST-102202,2025-04-27,0,0,False,False,6024.360000000002,Current,DEBT_CONSOLIDATION
LN-502667,CUST-107894,2025-04-27,0,0,False,False,18123.1175,Current,DEBT_CONSOLIDATION
LN-502668,CUST-106443,2025-04-27,0,0,False,False,42208.77000000001,Current,DEBT_CONSOLIDATION
LN-502669,CUST-100850,2025-04-27,0,0,False,False,12136.3925,Current,DEBT_CONSOLIDATION
LN-502670,CUST-103367,2025-04-27,0,0,False,False,12834.190000000002,Current,DEBT_CONSOLIDATION
LN-502673,CUST-103836,2025-04-27,0,0,False,False,7206.507500000006,Current,DEBT_CONSOLIDATION
LN-502674,CUST-102762,2025-04-27,0,0,False,False,3571.33,Current,DEBT_CONSOLIDATION
LN-502675,CUST-105899,2025-04-27,0,0,False,False,2599.3224999999998,Current,DEBT_CONSOLIDATION
LN-502676,CUST-100793,2025-04-27,3,77,False,False,28170.29,60-89,DEBT_CONSOLIDATION
LN-502677,CUST-107425,2025-04-27,0,0,False,False,15922.065,Current,DEBT_CONSOLIDATION
LN-502678,CUST-100215,2025-04-27,0,0,False,False,31087.550000000017,Current,DEBT_CONSOLIDATION
LN-502679,CUST-100472,2025-04-27,0,0,False,False,15894.307500000003,Current,DEBT_CONSOLIDATION
LN-502680,CUST-100135,2025-04-27,0,0,False,False,116729.86000000004,Current,DEBT_CONSOLIDATION
LN-502683,CUST-102856,2025-04-27,0,0,False,False,16913.060000000012,Current,DEBT_CONSOLIDATION
LN-502684,CUST-106011,2025-04-27,0,0,False,False,23504.92,Current,DEBT_CONSOLIDATION
LN-502685,CUST-102366,2025-04-27,0,0,False,False,629365.8900000001,Current,DEBT_CONSOLIDATION
LN-502686,CUST-100456,2025-04-27,0,0,False,False,581910.6350000001,Current,DEBT_CONSOLIDATION
LN-502687,CUST-105817,2025-04-27,0,0,False,False,13888.55000000001,Current,DEBT_CONSOLIDATION
LN-502688,CUST-104522,2025-04-27,0,0,False,False,29814.252499999988,Current,DEBT_CONSOLIDATION
LN-502689,CUST-102321,2025-04-27,0,0,False,False,25343.992499999997,Current,DEBT_CONSOLIDATION
LN-502690,CUST-101215,2025-04-27,0,0,False,False,9558.284999999994,Current,DEBT_CONSOLIDATION
LN-502692,CUST-102989,2025-04-27,0,0,False,False,25423.269999999997,Current,DEBT_CONSOLIDATION
LN-502693,CUST-107680,2025-04-27,0,0,False,False,4336.599999999999,Current,DEBT_CONSOLIDATION
LN-502694,CUST-101468,2025-04-27,0,0,False,False,14009.094999999994,Current,DEBT_CONSOLIDATION
LN-502695,CUST-100025,2025-04-27,0,0,False,False,141759.23500000002,Current,DEBT_CONSOLIDATION
LN-502696,CUST-101500,2025-04-27,0,0,False,False,8911.664999999999,Current,DEBT_CONSOLIDATION
LN-502697,CUST-101684,2025-04-27,0,0,False,False,4192.227500000001,Current,DEBT_CONSOLIDATION
LN-502698,CUST-101254,2025-04-27,0,0,False,False,8678.99,Current,DEBT_CONSOLIDATION
LN-502699,CUST-102202,2025-04-27,0,0,False,False,501607.91,Current,DEBT_CONSOLIDATION
LN-502700,CUST-104595,2025-04-27,0,0,False,False,17644.609999999993,Current,DEBT_CONSOLIDATION
LN-502701,CUST-103278,2025-04-27,0,0,False,False,120019.24999999999,Current,DEBT_CONSOLIDATION
LN-502702,CUST-102029,2025-04-27,0,0,False,False,170812.53000000006,Current,DEBT_CONSOLIDATION
LN-502703,CUST-102472,2025-04-27,0,0,False,False,9190.890000000007,Current,DEBT_CONSOLIDATION
LN-502704,CUST-101456,2025-04-27,0,0,False,False,30999.629999999997,Current,DEBT_CONSOLIDATION
LN-502705,CUST-103180,2025-04-27,0,0,False,False,113037.9625,Current,DEBT_CONSOLIDATION
LN-502706,CUST-107914,2025-04-27,0,0,False,False,44759.64000000001,Current,DEBT_CONSOLIDATION
LN-502708,CUST-104583,2025-04-27,0,0,False,False,18500.1,Current,DEBT_CONSOLIDATION
LN-502709,CUST-101240,2025-04-27,0,0,False,False,11825.850000000008,Current,DEBT_CONSOLIDATION
LN-502710,CUST-103882,2025-04-27,0,0,False,False,39132.50000000001,Current,DEBT_CONSOLIDATION
LN-502711,CUST-104538,2025-04-27,0,0,False,False,58501.909999999996,Current,DEBT_CONSOLIDATION
LN-502712,CUST-101314,2025-04-27,0,0,False,False,10281.804999999997,Current,DEBT_CONSOLIDATION
LN-502713,CUST-106075,2025-04-27,0,0,False,False,209717.59500000003,Current,DEBT_CONSOLIDATION
LN-502714,CUST-100640,2025-04-27,0,0,False,False,2347.8350000000005,Current,DEBT_CONSOLIDATION
LN-502715,CUST-104253,2025-04-27,0,0,False,False,8388.935000000001,Current,DEBT_CONSOLIDATION
LN-502717,CUST-106394,2025-04-27,0,0,False,False,32111.970000000023,Current,DEBT_CONSOLIDATION
LN-502718,CUST-103011,2025-04-27,0,0,False,False,6551.299999999999,Current,DEBT_CONSOLIDATION
LN-502719,CUST-103623,2025-04-27,0,0,False,False,14757.330000000009,Current,DEBT_CONSOLIDATION
LN-502721,CUST-106411,2025-04-27,0,0,False,False,6067.020000000001,Current,DEBT_CONSOLIDATION
LN-502722,CUST-100828,2025-04-27,0,0,False,False,478420.55000000005,Current,DEBT_CONSOLIDATION
LN-502723,CUST-101033,2025-04-27,1,18,False,False,11915.899999999998,1-29,DEBT_CONSOLIDATION
LN-502725,CUST-103462,2025-04-27,1,23,False,False,14935.000000000004,1-29,DEBT_CONSOLIDATION
LN-502726,CUST-102971,2025-04-27,0,0,False,False,26435.07,Current,DEBT_CONSOLIDATION
LN-502727,CUST-107753,2025-04-27,0,0,False,False,1666.5,Current,DEBT_CONSOLIDATION
LN-502728,CUST-106920,2025-04-27,0,0,False,False,95060.30500000001,Current,DEBT_CONSOLIDATION
LN-502729,CUST-102863,2025-04-27,0,0,False,False,30388.13,Current,DEBT_CONSOLIDATION
LN-502730,CUST-101343,2025-04-27,0,0,False,False,11609.035000000005,Current,DEBT_CONSOLIDATION
LN-502731,CUST-100748,2025-04-27,0,0,False,False,14647.247500000001,Current,DEBT_CONSOLIDATION
LN-502732,CUST-104866,2025-04-27,0,0,False,False,100574.44,Current,DEBT_CONSOLIDATION
LN-502733,CUST-100253,2025-04-27,0,0,False,False,76741.58,Current,DEBT_CONSOLIDATION
LN-502734,CUST-101268,2025-04-27,0,0,False,False,5829.754999999999,Current,DEBT_CONSOLIDATION
LN-502735,CUST-105052,2025-04-27,0,0,False,False,443279.7650000002,Current,DEBT_CONSOLIDATION
LN-502737,CUST-103701,2025-04-27,0,0,False,False,2450.7374999999984,Current,DEBT_CONSOLIDATION
LN-502738,CUST-107901,2025-04-27,0,0,False,False,5107.615000000002,Current,DEBT_CONSOLIDATION
LN-502740,CUST-103034,2025-04-27,0,0,False,False,7220.539999999997,Current,DEBT_CONSOLIDATION
LN-502741,CUST-103501,2025-04-27,0,0,False,False,6596.364999999998,Current,DEBT_CONSOLIDATION
LN-502742,CUST-104687,2025-04-27,0,0,False,False,46444.73000000003,Current,DEBT_CONSOLIDATION
LN-502743,CUST-105511,2025-04-27,0,0,False,False,8518.050000000008,Current,DEBT_CONSOLIDATION
LN-502744,CUST-101851,2025-04-27,0,0,False,False,29990.375,Current,DEBT_CONSOLIDATION
LN-502745,CUST-101009,2025-04-27,0,0,False,False,49608.425,Current,DEBT_CONSOLIDATION
LN-502746,CUST-105801,2025-04-27,0,0,False,False,593429.735,Current,DEBT_CONSOLIDATION
LN-502748,CUST-105169,2025-04-27,0,0,False,False,9940.0175,Current,DEBT_CONSOLIDATION
LN-502749,CUST-100108,2025-04-27,0,0,False,False,15842.715000000011,Current,DEBT_CONSOLIDATION
LN-502750,CUST-107460,2025-04-27,0,0,False,False,6603.070000000002,Current,DEBT_CONSOLIDATION
LN-502751,CUST-100132,2025-04-27,0,0,False,False,18143.684999999994,Current,DEBT_CONSOLIDATION
LN-502752,CUST-101155,2025-04-27,0,0,False,False,30401.909999999996,Current,DEBT_CONSOLIDATION
LN-502753,CUST-106340,2025-04-27,0,0,False,False,37923.16250000001,Current,DEBT_CONSOLIDATION
LN-502755,CUST-101353,2025-04-27,0,0,False,False,16633.639999999992,Current,DEBT_CONSOLIDATION
LN-502756,CUST-100886,2025-04-27,1,10,False,False,14464.4825,1-29,DEBT_CONSOLIDATION
LN-502757,CUST-101944,2025-04-27,0,0,False,False,38710.052500000005,Current,DEBT_CONSOLIDATION
LN-502758,CUST-104508,2025-04-27,0,0,False,False,8484.34000000001,Current,DEBT_CONSOLIDATION
LN-502759,CUST-105340,2025-04-27,0,0,False,False,29496.18,Current,DEBT_CONSOLIDATION
LN-502760,CUST-102081,2025-04-27,0,0,False,False,36240.96999999998,Current,DEBT_CONSOLIDATION
LN-502761,CUST-104494,2025-04-27,4,112,False,False,28746.44999999999,90+,DEBT_CONSOLIDATION
LN-502762,CUST-103114,2025-04-27,0,0,False,False,15005.195000000005,Current,DEBT_CONSOLIDATION
LN-502763,CUST-107611,2025-04-27,0,0,False,False,9988.074999999986,Current,DEBT_CONSOLIDATION
LN-502764,CUST-103519,2025-04-27,0,0,False,False,113089.18500000001,Current,DEBT_CONSOLIDATION
LN-502765,CUST-104227,2025-04-27,0,0,False,False,12582.419999999998,Current,DEBT_CONSOLIDATION
LN-502767,CUST-100210,2025-04-27,0,0,False,False,23639.12,Current,DEBT_CONSOLIDATION
LN-502768,CUST-100742,2025-04-27,0,0,False,False,14481.380000000005,Current,DEBT_CONSOLIDATION
LN-502769,CUST-103914,2025-04-27,0,0,False,False,116466.49,Current,DEBT_CONSOLIDATION
LN-502770,CUST-102592,2025-04-27,0,0,False,False,22702.180000000004,Current,DEBT_CONSOLIDATION
LN-502771,CUST-100053,2025-04-27,0,0,False,False,15331.93,Current,DEBT_CONSOLIDATION
LN-502772,CUST-107052,2025-04-27,0,0,False,False,20194.747499999998,Current,DEBT_CONSOLIDATION
LN-502773,CUST-102478,2025-04-27,0,0,False,False,16464.209999999992,Current,DEBT_CONSOLIDATION
LN-502775,CUST-102105,2025-04-27,0,0,False,False,13365.065000000004,Current,DEBT_CONSOLIDATION
LN-502776,CUST-105565,2025-04-27,0,0,False,False,123735.2375,Current,DEBT_CONSOLIDATION
LN-502777,CUST-104971,2025-04-27,0,0,False,False,113097.78500000009,Current,DEBT_CONSOLIDATION
LN-502778,CUST-104225,2025-04-27,0,0,False,False,6198.449999999999,Current,DEBT_CONSOLIDATION
LN-502779,CUST-100593,2025-04-27,0,0,False,False,2815.9800000000014,Current,DEBT_CONSOLIDATION
LN-502780,CUST-104172,2025-04-27,0,0,False,False,14669.132500000009,Current,DEBT_CONSOLIDATION
LN-502781,CUST-104537,2025-04-27,0,0,False,False,20256.13000000001,Current,DEBT_CONSOLIDATION
LN-502782,CUST-103585,2025-04-27,0,0,False,False,22180.43500000001,Current,DEBT_CONSOLIDATION
LN-502784,CUST-104298,2025-04-27,0,0,False,False,3377.1524999999992,Current,DEBT_CONSOLIDATION
LN-502785,CUST-100144,2025-04-27,0,0,False,False,35347.58500000001,Current,DEBT_CONSOLIDATION
LN-502786,CUST-103754,2025-04-27,0,0,False,False,25826.492500000008,Current,DEBT_CONSOLIDATION
LN-502788,CUST-106036,2025-04-27,0,0,False,False,9267.504999999996,Current,DEBT_CONSOLIDATION
LN-502789,CUST-104026,2025-04-27,0,0,False,False,12912.72,Current,DEBT_CONSOLIDATION
LN-502791,CUST-102135,2025-04-27,0,0,False,False,45788.79749999998,Current,DEBT_CONSOLIDATION
LN-502792,CUST-100239,2025-04-27,0,0,False,False,28966.730000000003,Current,DEBT_CONSOLIDATION
LN-502793,CUST-107372,2025-04-27,0,0,False,False,115267.03999999989,Current,DEBT_CONSOLIDATION
LN-502794,CUST-104730,2025-04-27,0,0,False,False,53487.31,Current,DEBT_CONSOLIDATION
LN-502795,CUST-100256,2025-04-27,0,0,False,False,27251.54999999999,Current,DEBT_CONSOLIDATION
LN-502796,CUST-101540,2025-04-27,0,0,False,False,18620.809999999998,Current,DEBT_CONSOLIDATION
LN-502797,CUST-100224,2025-04-27,0,0,False,False,137919.9975,Current,DEBT_CONSOLIDATION
LN-502798,CUST-104283,2025-04-27,0,0,False,False,52672.092500000006,Current,DEBT_CONSOLIDATION
LN-502799,CUST-104784,2025-04-27,0,0,False,False,15039.22,Current,DEBT_CONSOLIDATION
LN-502800,CUST-100308,2025-04-27,0,0,False,False,7490.34,Current,DEBT_CONSOLIDATION
LN-502801,CUST-107798,2025-04-27,0,0,False,False,21718.41,Current,DEBT_CONSOLIDATION
LN-502802,CUST-104126,2025-04-27,0,0,False,False,13626.170000000006,Current,DEBT_CONSOLIDATION
LN-502803,CUST-106861,2025-04-27,0,0,False,False,11985.919999999998,Current,DEBT_CONSOLIDATION
LN-502805,CUST-100024,2025-04-27,0,0,False,False,36642.71000000004,Current,DEBT_CONSOLIDATION
LN-502806,CUST-103870,2025-04-27,0,0,False,False,10321.694999999987,Current,DEBT_CONSOLIDATION
LN-502807,CUST-102393,2025-04-27,0,0,False,False,33496.9,Current,DEBT_CONSOLIDATION
LN-502808,CUST-102898,2025-04-27,0,0,False,False,22714.924999999996,Current,DEBT_CONSOLIDATION
LN-502809,CUST-103860,2025-04-27,0,0,False,False,28688.79,Current,DEBT_CONSOLIDATION
LN-502810,CUST-105276,2025-04-27,0,0,False,False,14964.354999999989,Current,DEBT_CONSOLIDATION
LN-502812,CUST-102216,2025-04-27,0,0,False,False,12594.375000000007,Current,DEBT_CONSOLIDATION
LN-502813,CUST-107514,2025-04-27,0,0,False,False,308219.0924999997,Current,DEBT_CONSOLIDATION
LN-502814,CUST-102914,2025-04-27,0,0,False,False,22372.075000000004,Current,DEBT_CONSOLIDATION
LN-502815,CUST-100919,2025-04-27,0,0,False,False,7160.197499999999,Current,DEBT_CONSOLIDATION
LN-502816,CUST-102535,2025-04-27,0,0,False,False,54238.93,Current,DEBT_CONSOLIDATION
LN-502817,CUST-100325,2025-04-27,0,0,False,False,36451.06000000005,Current,DEBT_CONSOLIDATION
LN-502818,CUST-103036,2025-04-27,0,0,False,False,83840.74750000008,Current,DEBT_CONSOLIDATION
LN-502819,CUST-103979,2025-04-27,0,0,False,False,27398.82,Current,DEBT_CONSOLIDATION
LN-502820,CUST-104779,2025-04-27,0,0,False,False,10511.73,Current,DEBT_CONSOLIDATION
LN-502821,CUST-104247,2025-04-27,0,0,False,False,41449.24500000005,Current,DEBT_CONSOLIDATION
LN-502822,CUST-106151,2025-04-27,0,0,False,False,16566.465000000004,Current,DEBT_CONSOLIDATION
LN-502823,CUST-106637,2025-04-27,0,0,False,False,11207.807499999995,Current,DEBT_CONSOLIDATION
LN-502825,CUST-106690,2025-04-27,0,0,False,False,28499.60999999999,Current,DEBT_CONSOLIDATION
LN-502826,CUST-101352,2025-04-27,1,18,False,False,3338.485,1-29,DEBT_CONSOLIDATION
LN-502827,CUST-102826,2025-04-27,0,0,False,False,7689.5650000000005,Current,DEBT_CONSOLIDATION
LN-502828,CUST-103224,2025-04-27,0,0,False,False,19736.195,Current,DEBT_CONSOLIDATION
LN-502829,CUST-106167,2025-04-27,0,0,False,False,18859.86750000002,Current,DEBT_CONSOLIDATION
LN-502830,CUST-104712,2025-04-27,0,0,False,False,53009.645000000004,Current,DEBT_CONSOLIDATION
LN-502831,CUST-102604,2025-04-27,0,0,False,False,5293.957500000002,Current,DEBT_CONSOLIDATION
LN-502832,CUST-101072,2025-04-27,0,0,False,False,8889.010000000002,Current,DEBT_CONSOLIDATION
LN-502833,CUST-101883,2025-04-27,0,0,False,False,43442.00999999998,Current,DEBT_CONSOLIDATION
LN-502834,CUST-101271,2025-04-27,0,0,False,False,23334.119999999984,Current,DEBT_CONSOLIDATION
LN-502835,CUST-101962,2025-04-27,0,0,False,False,36940.82500000001,Current,DEBT_CONSOLIDATION
LN-502836,CUST-107216,2025-04-27,0,0,False,False,9946.047500000008,Current,DEBT_CONSOLIDATION
LN-502837,CUST-100360,2025-04-27,0,0,False,False,41403.005000000005,Current,DEBT_CONSOLIDATION
LN-502838,CUST-101250,2025-04-27,0,0,False,False,9709.517500000013,Current,DEBT_CONSOLIDATION
LN-502839,CUST-100059,2025-04-27,0,0,False,False,11968.590000000004,Current,DEBT_CONSOLIDATION
LN-502840,CUST-105217,2025-04-27,0,0,False,False,12241.640000000014,Current,DEBT_CONSOLIDATION
LN-502841,CUST-105748,2025-04-27,0,0,False,False,14237.419999999993,Current,DEBT_CONSOLIDATION
LN-502842,CUST-101141,2025-04-27,0,0,False,False,48500.22,Current,DEBT_CONSOLIDATION
LN-502843,CUST-102780,2025-04-27,0,0,False,False,41386.617499999964,Current,DEBT_CONSOLIDATION
LN-502844,CUST-100140,2025-04-27,0,0,False,False,15850.285,Current,DEBT_CONSOLIDATION
LN-502845,CUST-100507,2025-04-27,0,0,False,False,55169.06499999998,Current,DEBT_CONSOLIDATION
LN-502846,CUST-102205,2025-04-27,0,0,False,False,21790.695,Current,DEBT_CONSOLIDATION
LN-502847,CUST-107225,2025-04-27,0,0,False,False,18834.6325,Current,DEBT_CONSOLIDATION
LN-502848,CUST-101706,2025-04-27,0,0,False,False,30540.42,Current,DEBT_CONSOLIDATION
LN-502849,CUST-100267,2025-04-27,0,0,False,False,5525.23,Current,DEBT_CONSOLIDATION
LN-502850,CUST-103297,2025-04-27,0,0,False,False,42197.70000000002,Current,DEBT_CONSOLIDATION
LN-502851,CUST-100582,2025-04-27,0,0,False,False,31750.78,Current,DEBT_CONSOLIDATION
LN-502852,CUST-103875,2025-04-27,0,0,False,False,87290.27499999998,Current,DEBT_CONSOLIDATION
LN-502854,CUST-107154,2025-04-27,0,0,False,False,5600.389999999994,Current,DEBT_CONSOLIDATION
LN-502855,CUST-105919,2025-04-27,0,0,False,False,42237.07,Current,DEBT_CONSOLIDATION
LN-502856,CUST-102873,2025-04-27,0,0,False,False,14555.959999999995,Current,DEBT_CONSOLIDATION
LN-502857,CUST-105569,2025-04-27,0,0,False,False,239990.78000000003,Current,DEBT_CONSOLIDATION
LN-502858,CUST-105488,2025-04-27,0,0,False,False,22386.250000000004,Current,DEBT_CONSOLIDATION
LN-502859,CUST-105288,2025-04-27,0,0,False,False,22447.702500000003,Current,DEBT_CONSOLIDATION
LN-502860,CUST-105203,2025-04-27,0,0,False,False,4730.675,Current,DEBT_CONSOLIDATION
LN-502861,CUST-102532,2025-04-27,0,0,False,False,18429.352499999994,Current,DEBT_CONSOLIDATION
LN-502862,CUST-102643,2025-04-27,0,0,False,False,27809.320000000007,Current,DEBT_CONSOLIDATION
LN-502863,CUST-101840,2025-04-27,0,0,False,False,435700.33000000013,Current,DEBT_CONSOLIDATION
LN-502864,CUST-105761,2025-04-27,0,0,False,False,13972.075000000004,Current,DEBT_CONSOLIDATION
LN-502865,CUST-106563,2025-04-27,0,0,False,False,29939.190000000017,Current,DEBT_CONSOLIDATION
LN-502866,CUST-104224,2025-04-27,1,18,False,False,19496.230000000018,1-29,DEBT_CONSOLIDATION
LN-502867,CUST-101647,2025-04-27,0,0,False,False,23856.439999999984,Current,DEBT_CONSOLIDATION
LN-502868,CUST-100872,2025-04-27,0,0,False,False,25742.009999999984,Current,DEBT_CONSOLIDATION
LN-502869,CUST-105804,2025-04-27,0,0,False,False,7491.284999999999,Current,DEBT_CONSOLIDATION
LN-502870,CUST-107138,2025-04-27,0,0,False,False,41247.83250000001,Current,DEBT_CONSOLIDATION
LN-502871,CUST-102258,2025-04-27,0,0,False,False,19436.19,Current,DEBT_CONSOLIDATION
LN-502872,CUST-105331,2025-04-27,0,0,False,False,139419.78500000003,Current,DEBT_CONSOLIDATION
LN-502873,CUST-106503,2025-04-27,0,0,False,False,38150.48999999999,Current,DEBT_CONSOLIDATION
LN-502874,CUST-106200,2025-04-27,0,0,False,False,9251.3575,Current,DEBT_CONSOLIDATION
LN-502875,CUST-103510,2025-04-27,0,0,False,False,603334.78,Current,DEBT_CONSOLIDATION
LN-502876,CUST-104973,2025-04-27,0,0,False,False,12516.11,Current,DEBT_CONSOLIDATION
LN-502877,CUST-100469,2025-04-27,0,0,False,False,1883.492499999999,Current,DEBT_CONSOLIDATION
LN-502878,CUST-106782,2025-04-27,0,0,False,False,39873.5025,Current,DEBT_CONSOLIDATION
LN-502879,CUST-103375,2025-04-27,0,0,False,False,21964.11749999999,Current,DEBT_CONSOLIDATION
LN-502880,CUST-100512,2025-04-27,0,0,False,False,11116.359999999999,Current,DEBT_CONSOLIDATION
LN-502881,CUST-107588,2025-04-27,0,0,False,False,39191.82,Current,DEBT_CONSOLIDATION
LN-502882,CUST-106117,2025-04-27,0,0,False,False,13809.879999999997,Current,DEBT_CONSOLIDATION
LN-502884,CUST-104757,2025-04-27,0,0,False,False,8349.265000000001,Current,DEBT_CONSOLIDATION
LN-502885,CUST-103198,2025-04-27,0,0,False,False,51527.810000000005,Current,DEBT_CONSOLIDATION
LN-502886,CUST-107466,2025-04-27,0,0,False,False,30581.2575,Current,DEBT_CONSOLIDATION
LN-502887,CUST-106825,2025-04-27,0,0,False,False,9121.612500000008,Current,DEBT_CONSOLIDATION
LN-502888,CUST-107586,2025-04-27,2,42,False,False,13356.004999999997,30-59,DEBT_CONSOLIDATION
LN-502889,CUST-100893,2025-04-27,0,0,False,False,213570.02999999997,Current,DEBT_CONSOLIDATION
LN-502890,CUST-106862,2025-04-27,0,0,False,False,2653.4649999999997,Current,DEBT_CONSOLIDATION
LN-502891,CUST-105986,2025-04-27,0,0,False,False,69330.94999999998,Current,DEBT_CONSOLIDATION
LN-502892,CUST-105781,2025-04-27,0,0,False,False,32778.2725,Current,DEBT_CONSOLIDATION
LN-502894,CUST-107701,2025-04-27,0,0,False,False,36503.25999999997,Current,DEBT_CONSOLIDATION
LN-502895,CUST-103423,2025-04-27,0,0,False,False,14474.6,Current,DEBT_CONSOLIDATION
LN-502896,CUST-106891,2025-04-27,0,0,False,False,16413.61999999999,Current,DEBT_CONSOLIDATION
LN-502897,CUST-102214,2025-04-27,0,0,False,False,33965.60000000002,Current,DEBT_CONSOLIDATION
LN-502898,CUST-106241,2025-04-27,2,36,False,False,24882.079999999994,30-59,DEBT_CONSOLIDATION
LN-502899,CUST-105783,2025-04-27,0,0,False,False,34159.58,Current,DEBT_CONSOLIDATION
LN-502900,CUST-100198,2025-04-27,0,0,False,False,22108.67999999999,Current,DEBT_CONSOLIDATION
LN-502901,CUST-105971,2025-04-27,0,0,False,False,10539.334999999995,Current,DEBT_CONSOLIDATION
LN-502902,CUST-100330,2025-04-27,3,80,False,False,10309.015000000001,60-89,DEBT_CONSOLIDATION
LN-502903,CUST-106745,2025-04-27,0,0,False,False,9313.974999999999,Current,DEBT_CONSOLIDATION
LN-502904,CUST-107250,2025-04-27,0,0,False,False,41256.86750000003,Current,DEBT_CONSOLIDATION
LN-502905,CUST-107856,2025-04-27,0,0,False,False,27364.505000000016,Current,DEBT_CONSOLIDATION
LN-502909,CUST-103591,2025-04-27,0,0,False,False,24231.400000000005,Current,DEBT_CONSOLIDATION
LN-502910,CUST-101270,2025-04-27,0,0,False,False,6269.149999999998,Current,DEBT_CONSOLIDATION
LN-502911,CUST-106757,2025-04-27,0,0,True,False,28096.605000000003,Current,DEBT_CONSOLIDATION
LN-502912,CUST-105679,2025-04-27,0,0,False,False,15726.88,Current,DEBT_CONSOLIDATION
LN-502913,CUST-101238,2025-04-27,0,0,False,False,72832.90249999998,Current,DEBT_CONSOLIDATION
LN-502914,CUST-107353,2025-04-27,0,0,False,False,8619.5325,Current,DEBT_CONSOLIDATION
LN-502915,CUST-102302,2025-04-27,0,0,False,False,35725.82000000001,Current,DEBT_CONSOLIDATION
LN-502916,CUST-103173,2025-04-27,0,0,False,False,7959.177499999998,Current,DEBT_CONSOLIDATION
LN-502917,CUST-107882,2025-04-27,0,0,False,False,45420.67000000002,Current,DEBT_CONSOLIDATION
LN-502918,CUST-106867,2025-04-27,0,0,False,False,24355.135000000002,Current,DEBT_CONSOLIDATION
LN-502919,CUST-103986,2025-04-27,0,0,False,False,39781.49,Current,DEBT_CONSOLIDATION
LN-502920,CUST-102979,2025-04-27,2,34,False,False,27483.355000000003,30-59,DEBT_CONSOLIDATION
LN-502921,CUST-107203,2025-04-27,0,0,False,False,45783.124999999985,Current,DEBT_CONSOLIDATION
LN-502923,CUST-104315,2025-04-27,0,0,False,False,8427.609999999999,Current,DEBT_CONSOLIDATION
LN-502924,CUST-106821,2025-04-27,0,0,False,False,47531.1,Current,DEBT_CONSOLIDATION
LN-502925,CUST-107136,2025-04-27,0,0,False,False,19988.549999999992,Current,DEBT_CONSOLIDATION
LN-502927,CUST-101680,2025-04-27,0,0,False,False,26173.979999999996,Current,DEBT_CONSOLIDATION
LN-502928,CUST-107426,2025-04-27,0,0,False,False,25396.502500000002,Current,DEBT_CONSOLIDATION
LN-502929,CUST-104219,2025-04-27,0,0,False,False,14951.769999999999,Current,DEBT_CONSOLIDATION
LN-502930,CUST-103993,2025-04-27,0,0,False,False,19093.17,Current,DEBT_CONSOLIDATION
LN-502931,CUST-103793,2025-04-27,0,0,False,False,21381.95,Current,DEBT_CONSOLIDATION
LN-502932,CUST-102752,2025-04-27,0,0,False,False,24270.115,Current,DEBT_CONSOLIDATION
LN-502933,CUST-104464,2025-04-27,0,0,False,False,86551.02000000005,Current,DEBT_CONSOLIDATION
LN-502934,CUST-105236,2025-04-27,0,0,True,False,124453.31999999999,Current,DEBT_CONSOLIDATION
LN-502935,CUST-101711,2025-04-27,0,0,False,False,35848.24249999996,Current,DEBT_CONSOLIDATION
LN-502936,CUST-104252,2025-04-27,0,0,False,False,24579.73000000001,Current,DEBT_CONSOLIDATION
LN-502937,CUST-103852,2025-04-27,0,0,False,False,4644.655000000001,Current,DEBT_CONSOLIDATION
LN-502938,CUST-105697,2025-04-27,0,0,False,False,17065.312499999996,Current,DEBT_CONSOLIDATION
LN-502939,CUST-101101,2025-04-27,0,0,False,False,15350.280000000006,Current,DEBT_CONSOLIDATION
LN-502940,CUST-102998,2025-04-27,0,0,False,False,22215.5625,Current,DEBT_CONSOLIDATION
LN-502941,CUST-102834,2025-04-27,3,72,False,False,78170.47999999998,60-89,DEBT_CONSOLIDATION
LN-502942,CUST-106110,2025-04-27,0,0,False,False,35480.04999999999,Current,DEBT_CONSOLIDATION
LN-502944,CUST-103013,2025-04-27,0,0,False,False,12620.154999999995,Current,DEBT_CONSOLIDATION
LN-502945,CUST-104017,2025-04-27,0,0,False,False,28764.32,Current,DEBT_CONSOLIDATION
LN-502946,CUST-105746,2025-04-27,0,0,False,False,39544.44,Current,DEBT_CONSOLIDATION
LN-502947,CUST-107774,2025-04-27,0,0,False,False,36132.617500000015,Current,DEBT_CONSOLIDATION
LN-502948,CUST-101351,2025-04-27,0,0,False,False,20485.197500000002,Current,DEBT_CONSOLIDATION
LN-502949,CUST-106543,2025-04-27,4,110,False,False,37898.05249999997,90+,DEBT_CONSOLIDATION
LN-502950,CUST-104686,2025-04-27,0,0,False,False,12603.19999999999,Current,DEBT_CONSOLIDATION
LN-502951,CUST-101736,2025-04-27,0,0,False,False,39708.9225,Current,DEBT_CONSOLIDATION
LN-502952,CUST-106991,2025-04-27,0,0,False,False,32508.059999999998,Current,DEBT_CONSOLIDATION
LN-502953,CUST-100604,2025-04-27,0,0,False,False,15798.959999999995,Current,DEBT_CONSOLIDATION
LN-502954,CUST-101829,2025-04-27,0,0,False,False,16520.449999999993,Current,DEBT_CONSOLIDATION
LN-502955,CUST-106565,2025-04-27,0,0,False,False,435626.8850000002,Current,DEBT_CONSOLIDATION
LN-502956,CUST-100482,2025-04-27,0,0,False,False,22590.56,Current,DEBT_CONSOLIDATION
LN-502957,CUST-107908,2025-04-27,0,0,True,False,577068.6424999998,Current,DEBT_CONSOLIDATION
LN-502958,CUST-103457,2025-04-27,0,0,False,False,11384.685,Current,DEBT_CONSOLIDATION
LN-502960,CUST-103920,2025-04-27,0,0,False,False,79376.19500000007,Current,DEBT_CONSOLIDATION
LN-502961,CUST-105063,2025-04-27,0,0,False,False,16284.27,Current,DEBT_CONSOLIDATION
LN-502962,CUST-106796,2025-04-27,0,0,False,False,20971.512499999997,Current,DEBT_CONSOLIDATION
LN-502964,CUST-103104,2025-04-27,0,0,False,False,11225.425,Current,DEBT_CONSOLIDATION
LN-502965,CUST-107849,2025-04-27,0,0,False,False,13144.1275,Current,DEBT_CONSOLIDATION
LN-502967,CUST-106309,2025-04-27,0,0,False,False,18439.20500000001,Current,DEBT_CONSOLIDATION
LN-502968,CUST-105801,2025-04-27,0,0,False,False,13541.677500000009,Current,DEBT_CONSOLIDATION
LN-502969,CUST-103947,2025-04-27,0,0,False,False,31037.845000000023,Current,DEBT_CONSOLIDATION
LN-502970,CUST-107294,2025-04-27,0,0,False,False,16289.649999999981,Current,DEBT_CONSOLIDATION
LN-502971,CUST-103544,2025-04-27,0,0,False,False,29378.1125,Current,DEBT_CONSOLIDATION
LN-502974,CUST-104211,2025-04-27,0,0,False,False,42827.81000000001,Current,DEBT_CONSOLIDATION
LN-502975,CUST-105006,2025-04-27,0,0,False,False,19837.5775,Current,DEBT_CONSOLIDATION
LN-502976,CUST-101975,2025-04-27,0,0,False,False,12211.455000000005,Current,DEBT_CONSOLIDATION
LN-502977,CUST-106263,2025-04-27,0,0,False,False,14654.975,Current,DEBT_CONSOLIDATION
LN-502978,CUST-100413,2025-04-27,0,0,False,False,26600.12750000001,Current,DEBT_CONSOLIDATION
LN-502979,CUST-105151,2025-04-27,0,0,False,False,9259.769999999995,Current,DEBT_CONSOLIDATION
LN-502980,CUST-101288,2025-04-27,0,0,False,False,1615.2899999999997,Current,DEBT_CONSOLIDATION
LN-502981,CUST-104925,2025-04-27,0,0,False,False,9223.032499999998,Current,DEBT_CONSOLIDATION
LN-502982,CUST-103186,2025-04-27,0,0,False,False,35562.69500000001,Current,DEBT_CONSOLIDATION
LN-502983,CUST-102902,2025-04-27,0,0,False,False,14228.170000000002,Current,DEBT_CONSOLIDATION
LN-502984,CUST-102142,2025-04-27,0,0,False,False,6006.425000000001,Current,DEBT_CONSOLIDATION
LN-502985,CUST-105042,2025-04-27,0,0,False,False,7615.587500000007,Current,DEBT_CONSOLIDATION
LN-502986,CUST-102905,2025-04-27,0,0,False,False,41897.55250000002,Current,DEBT_CONSOLIDATION
LN-502987,CUST-106714,2025-04-27,3,84,False,True,39419.82,60-89,DEBT_CONSOLIDATION
LN-502988,CUST-104379,2025-04-27,0,0,False,False,25459.565,Current,DEBT_CONSOLIDATION
LN-502989,CUST-100782,2025-04-27,0,0,False,False,348556.6349999996,Current,DEBT_CONSOLIDATION
LN-502990,CUST-102392,2025-04-27,0,0,False,False,14788.474999999988,Current,DEBT_CONSOLIDATION
LN-502991,CUST-104571,2025-04-27,0,0,False,False,20893.342500000006,Current,DEBT_CONSOLIDATION
LN-502992,CUST-106245,2025-04-27,0,0,False,False,502712.19,Current,DEBT_CONSOLIDATION
LN-502993,CUST-100628,2025-04-27,0,0,False,False,116698.175,Current,DEBT_CONSOLIDATION
LN-502994,CUST-100556,2025-04-27,0,0,False,False,25356.062500000004,Current,DEBT_CONSOLIDATION
LN-502995,CUST-101147,2025-04-27,0,0,False,False,46960.31999999998,Current,DEBT_CONSOLIDATION
LN-502996,CUST-106138,2025-04-27,0,0,False,False,37642.47,Current,DEBT_CONSOLIDATION
LN-502997,CUST-103063,2025-04-27,0,0,False,False,15437.012500000008,Current,DEBT_CONSOLIDATION
LN-502998,CUST-103920,2025-04-27,0,0,False,False,125184.07499999998,Current,DEBT_CONSOLIDATION
LN-502999,CUST-104327,2025-04-27,1,15,False,False,3868.63,1-29,DEBT_CONSOLIDATION
LN-503000,CUST-104928,2025-04-27,0,0,False,False,12530.532499999994,Current,DEBT_CONSOLIDATION
LN-503001,CUST-104259,2025-04-27,0,0,False,False,26845.020000000008,Current,DEBT_CONSOLIDATION
LN-503002,CUST-105207,2025-04-27,0,0,False,False,9149.015000000009,Current,DEBT_CONSOLIDATION
LN-503003,CUST-106364,2025-04-27,0,0,False,False,452047.2599999998,Current,DEBT_CONSOLIDATION
LN-503004,CUST-105152,2025-04-27,0,0,False,False,4702.59,Current,DEBT_CONSOLIDATION
LN-503005,CUST-103461,2025-04-27,0,0,False,False,2401.6200000000003,Current,DEBT_CONSOLIDATION
LN-503007,CUST-102535,2025-04-27,0,0,False,False,58364.11,Current,DEBT_CONSOLIDATION
LN-503010,CUST-104274,2025-04-27,0,0,True,False,31781.730000000018,Current,DEBT_CONSOLIDATION
LN-503011,CUST-106646,2025-04-27,0,0,False,False,9800.93,Current,DEBT_CONSOLIDATION
LN-503012,CUST-103590,2025-04-27,0,0,False,False,21429.38999999998,Current,DEBT_CONSOLIDATION
LN-503013,CUST-102284,2025-04-27,0,0,False,False,18455.95,Current,DEBT_CONSOLIDATION
LN-503014,CUST-107508,2025-04-27,0,0,False,False,17416.750000000004,Current,DEBT_CONSOLIDATION
LN-503015,CUST-100845,2025-04-27,3,61,False,False,48911.8875,60-89,DEBT_CONSOLIDATION
LN-503016,CUST-104562,2025-04-27,0,0,False,False,3850.5800000000027,Current,DEBT_CONSOLIDATION
LN-503017,CUST-102915,2025-04-27,0,0,False,False,4599.185000000001,Current,DEBT_CONSOLIDATION
LN-503018,CUST-105046,2025-04-27,0,0,False,False,15716.767499999998,Current,DEBT_CONSOLIDATION
LN-503019,CUST-103767,2025-04-27,0,0,False,False,361751.2200000001,Current,DEBT_CONSOLIDATION
LN-503020,CUST-107006,2025-04-27,0,0,False,False,9644.464999999993,Current,DEBT_CONSOLIDATION
LN-503021,CUST-102889,2025-04-27,0,0,False,False,25671.6,Current,DEBT_CONSOLIDATION
LN-503022,CUST-103894,2025-04-27,0,0,False,False,32142.08,Current,DEBT_CONSOLIDATION
LN-503023,CUST-102377,2025-04-27,0,0,False,False,9959.625,Current,DEBT_CONSOLIDATION
LN-503024,CUST-105434,2025-04-27,0,0,False,False,40332.98499999999,Current,DEBT_CONSOLIDATION
LN-503025,CUST-105983,2025-04-27,0,0,False,False,8704.567499999988,Current,DEBT_CONSOLIDATION
LN-503026,CUST-102589,2025-04-27,0,0,False,False,17807.48999999998,Current,DEBT_CONSOLIDATION
LN-503027,CUST-101875,2025-04-27,0,0,False,False,2608.92,Current,DEBT_CONSOLIDATION
LN-503028,CUST-104955,2025-04-27,0,0,False,False,22570.535000000007,Current,DEBT_CONSOLIDATION
LN-503029,CUST-104708,2025-04-27,1,3,False,False,13708.470000000005,1-29,DEBT_CONSOLIDATION
LN-503030,CUST-106291,2025-04-27,0,0,False,False,37186.74499999998,Current,DEBT_CONSOLIDATION
LN-503032,CUST-103648,2025-04-27,0,0,False,False,30190.28999999998,Current,DEBT_CONSOLIDATION
LN-503033,CUST-101552,2025-04-27,0,0,False,False,30665.645,Current,DEBT_CONSOLIDATION
LN-503034,CUST-102132,2025-04-27,0,0,False,False,8218.60999999999,Current,DEBT_CONSOLIDATION
LN-503035,CUST-100892,2025-04-27,0,0,False,False,30993.180000000022,Current,DEBT_CONSOLIDATION
LN-503036,CUST-100481,2025-04-27,0,0,False,False,139356.79000000004,Current,DEBT_CONSOLIDATION
LN-503037,CUST-104535,2025-04-27,0,0,False,False,18618.88,Current,DEBT_CONSOLIDATION
LN-503038,CUST-105608,2025-04-27,0,0,False,False,2219.6474999999996,Current,DEBT_CONSOLIDATION
LN-503040,CUST-100480,2025-04-27,0,0,False,False,6870.42,Current,DEBT_CONSOLIDATION
LN-503041,CUST-100890,2025-04-27,0,0,False,False,43713.63000000001,Current,DEBT_CONSOLIDATION
LN-503042,CUST-105247,2025-04-27,0,0,False,False,29407.754999999994,Current,DEBT_CONSOLIDATION
LN-503043,CUST-104087,2025-04-27,0,0,False,False,36123.31249999998,Current,DEBT_CONSOLIDATION
LN-503045,CUST-106512,2025-04-27,1,20,False,False,16502.042500000018,1-29,DEBT_CONSOLIDATION
LN-503046,CUST-103445,2025-04-27,0,0,False,False,23970.192499999997,Current,DEBT_CONSOLIDATION
LN-503047,CUST-107797,2025-04-27,0,0,False,False,10671.227500000005,Current,DEBT_CONSOLIDATION
LN-503048,CUST-101773,2025-04-27,0,0,False,False,31122.637500000004,Current,DEBT_CONSOLIDATION
LN-503049,CUST-100710,2025-04-27,0,0,False,False,29889.670000000002,Current,DEBT_CONSOLIDATION
LN-503050,CUST-104258,2025-04-27,0,0,False,False,53607.44,Current,DEBT_CONSOLIDATION
LN-503051,CUST-103874,2025-04-27,0,0,False,False,27380.03,Current,DEBT_CONSOLIDATION
LN-503052,CUST-102948,2025-04-27,0,0,False,False,11943.300000000003,Current,DEBT_CONSOLIDATION
LN-503053,CUST-107681,2025-04-27,0,0,False,False,6929.935,Current,DEBT_CONSOLIDATION
LN-503054,CUST-103890,2025-04-27,0,0,False,False,29217.087499999998,Current,DEBT_CONSOLIDATION
LN-503055,CUST-107535,2025-04-27,0,0,False,False,11863.1475,Current,DEBT_CONSOLIDATION
LN-503056,CUST-100158,2025-04-27,0,0,False,False,407531.76499999996,Current,DEBT_CONSOLIDATION
LN-503057,CUST-105144,2025-04-27,0,0,False,False,34795.405000000035,Current,DEBT_CONSOLIDATION
LN-503058,CUST-107691,2025-04-27,0,0,False,False,5196.714999999998,Current,DEBT_CONSOLIDATION
LN-503059,CUST-101522,2025-04-27,0,0,False,False,418038.87000000005,Current,DEBT_CONSOLIDATION
LN-503060,CUST-106733,2025-04-27,0,0,False,False,18026.765000000003,Current,DEBT_CONSOLIDATION
LN-503061,CUST-104236,2025-04-27,0,0,False,False,33764.159999999996,Current,DEBT_CONSOLIDATION
LN-503062,CUST-104234,2025-04-27,0,0,False,False,32924.74,Current,DEBT_CONSOLIDATION
LN-503063,CUST-101908,2025-04-27,0,0,False,False,6974.16,Current,DEBT_CONSOLIDATION
LN-503064,CUST-107206,2025-04-27,0,0,False,False,80716.6525,Current,DEBT_CONSOLIDATION
LN-503065,CUST-102641,2025-04-27,0,0,False,False,20957.0525,Current,DEBT_CONSOLIDATION
LN-503066,CUST-104129,2025-04-27,0,0,False,False,10617.624999999996,Current,DEBT_CONSOLIDATION
LN-503067,CUST-104098,2025-04-27,0,0,False,False,9228.417500000001,Current,DEBT_CONSOLIDATION
LN-503068,CUST-105005,2025-04-27,0,0,False,False,103239.54000000004,Current,DEBT_CONSOLIDATION
LN-503069,CUST-101100,2025-04-27,0,0,False,False,18214.229999999992,Current,DEBT_CONSOLIDATION
LN-503070,CUST-106678,2025-04-27,0,0,False,False,7197.66,Current,DEBT_CONSOLIDATION
LN-503072,CUST-101077,2025-04-27,0,0,False,False,11764.74,Current,DEBT_CONSOLIDATION
LN-503074,CUST-106946,2025-04-27,0,0,False,False,11831.217499999999,Current,DEBT_CONSOLIDATION
LN-503075,CUST-103924,2025-04-27,0,0,False,False,20161.17249999999,Current,DEBT_CONSOLIDATION
LN-503076,CUST-106657,2025-04-27,0,0,False,False,25591.07,Current,DEBT_CONSOLIDATION
LN-503077,CUST-103931,2025-04-27,0,0,False,False,28176.29999999998,Current,DEBT_CONSOLIDATION
LN-503079,CUST-101506,2025-04-27,0,0,False,False,126118.5750000001,Current,DEBT_CONSOLIDATION
LN-503080,CUST-105599,2025-04-27,0,0,False,False,7409.745000000003,Current,DEBT_CONSOLIDATION
LN-503081,CUST-107071,2025-04-27,0,0,False,False,22170.6125,Current,DEBT_CONSOLIDATION
LN-503082,CUST-103946,2025-04-27,0,0,False,False,22783.85,Current,DEBT_CONSOLIDATION
LN-503083,CUST-105722,2025-04-27,0,0,False,False,14537.427500000002,Current,DEBT_CONSOLIDATION
LN-503085,CUST-104895,2025-04-27,0,0,False,False,11076.399999999996,Current,DEBT_CONSOLIDATION
LN-503086,CUST-100749,2025-04-27,0,0,False,False,2421.32,Current,DEBT_CONSOLIDATION
LN-503087,CUST-107303,2025-04-27,0,0,False,False,31584.190000000013,Current,DEBT_CONSOLIDATION
LN-503088,CUST-106447,2025-04-27,0,0,False,False,23336.890000000003,Current,DEBT_CONSOLIDATION
LN-503089,CUST-101529,2025-04-27,0,0,False,False,245745.51,Current,DEBT_CONSOLIDATION
LN-503090,CUST-105792,2025-04-27,0,0,False,False,17333.865,Current,DEBT_CONSOLIDATION
LN-503091,CUST-106533,2025-04-27,1,1,False,False,73464.38500000002,1-29,DEBT_CONSOLIDATION
LN-503092,CUST-105161,2025-04-27,0,0,False,False,14516.655,Current,DEBT_CONSOLIDATION
LN-503093,CUST-106389,2025-04-27,0,0,False,False,14119.164999999992,Current,DEBT_CONSOLIDATION
LN-503094,CUST-103781,2025-04-27,0,0,False,False,2155.7549999999997,Current,DEBT_CONSOLIDATION
LN-503095,CUST-106989,2025-04-27,0,0,False,False,10416.832500000011,Current,DEBT_CONSOLIDATION
LN-503096,CUST-103350,2025-04-27,0,0,False,False,39404.885000000024,Current,DEBT_CONSOLIDATION
LN-503097,CUST-105846,2025-04-27,0,0,False,False,25817.539999999994,Current,DEBT_CONSOLIDATION
LN-503098,CUST-102826,2025-04-27,0,0,False,False,7259.199999999999,Current,DEBT_CONSOLIDATION
LN-503099,CUST-100812,2025-04-27,0,0,False,False,10538.565000000006,Current,DEBT_CONSOLIDATION
LN-503100,CUST-105410,2025-04-27,0,0,False,False,370071.46,Current,DEBT_CONSOLIDATION
LN-503101,CUST-103289,2025-04-27,0,0,False,False,8684.24,Current,DEBT_CONSOLIDATION
LN-503103,CUST-100510,2025-04-27,0,0,False,False,6121.77,Current,DEBT_CONSOLIDATION
LN-503104,CUST-104346,2025-04-27,0,0,False,False,13868.155000000002,Current,DEBT_CONSOLIDATION
LN-503105,CUST-102451,2025-04-27,0,0,False,False,8193.964999999998,Current,DEBT_CONSOLIDATION
LN-503106,CUST-101779,2025-04-27,0,0,False,False,2478.1500000000005,Current,DEBT_CONSOLIDATION
LN-503108,CUST-105388,2025-04-27,0,0,False,False,37037.1,Current,DEBT_CONSOLIDATION
LN-503109,CUST-103262,2025-04-27,0,0,False,False,47757.84,Current,DEBT_CONSOLIDATION
LN-503110,CUST-102071,2025-04-27,0,0,False,False,16982.73,Current,DEBT_CONSOLIDATION
LN-503112,CUST-100232,2025-04-27,0,0,False,False,34981.164999999964,Current,DEBT_CONSOLIDATION
LN-503113,CUST-105494,2025-04-27,0,0,False,False,11097.460000000001,Current,DEBT_CONSOLIDATION
LN-503114,CUST-107352,2025-04-27,0,0,False,False,44116.045000000006,Current,DEBT_CONSOLIDATION
LN-503115,CUST-103578,2025-04-27,0,0,False,False,8614.902499999998,Current,DEBT_CONSOLIDATION
LN-503116,CUST-105552,2025-04-27,0,0,False,False,12496.1075,Current,DEBT_CONSOLIDATION
LN-503117,CUST-102869,2025-04-27,4,128,False,False,16751.870000000006,90+,DEBT_CONSOLIDATION
LN-503118,CUST-100566,2025-04-27,0,0,False,False,15575.287500000002,Current,DEBT_CONSOLIDATION
LN-503119,CUST-101915,2025-04-27,0,0,False,False,44909.43750000001,Current,DEBT_CONSOLIDATION
LN-503120,CUST-101378,2025-04-27,0,0,False,False,23832.39,Current,DEBT_CONSOLIDATION
LN-503121,CUST-107638,2025-04-27,0,0,False,False,12909.4,Current,DEBT_CONSOLIDATION
LN-503122,CUST-104974,2025-04-27,0,0,False,False,45102.525,Current,DEBT_CONSOLIDATION
LN-503123,CUST-106399,2025-04-27,0,0,False,False,25572.050000000003,Current,DEBT_CONSOLIDATION
LN-503124,CUST-107836,2025-04-27,0,0,False,False,11299.025,Current,DEBT_CONSOLIDATION
LN-503125,CUST-101858,2025-04-27,0,0,False,False,28767.72,Current,DEBT_CONSOLIDATION
LN-503126,CUST-105922,2025-04-27,0,0,False,False,27660.135000000006,Current,DEBT_CONSOLIDATION
LN-503127,CUST-106459,2025-04-27,0,0,False,False,24218.31750000002,Current,DEBT_CONSOLIDATION
LN-503128,CUST-103189,2025-04-27,0,0,False,False,34218.83999999998,Current,DEBT_CONSOLIDATION
LN-503129,CUST-100949,2025-04-27,3,79,False,False,5532.1974999999975,60-89,DEBT_CONSOLIDATION
LN-503130,CUST-106564,2025-04-27,0,0,False,False,49657.2925,Current,DEBT_CONSOLIDATION
LN-503131,CUST-107499,2025-04-27,0,0,False,False,35763.19250000003,Current,DEBT_CONSOLIDATION
LN-503132,CUST-102207,2025-04-27,0,0,False,False,50637.955,Current,DEBT_CONSOLIDATION
LN-503134,CUST-106944,2025-04-27,0,0,False,False,20663.78500000001,Current,DEBT_CONSOLIDATION
LN-503135,CUST-106948,2025-04-27,0,0,False,False,12057.259999999998,Current,DEBT_CONSOLIDATION
LN-503136,CUST-107227,2025-04-27,0,0,False,False,14433.837500000001,Current,DEBT_CONSOLIDATION
LN-503137,CUST-101806,2025-04-27,0,0,False,False,22445.932499999977,Current,DEBT_CONSOLIDATION
LN-503138,CUST-103598,2025-04-27,0,0,False,False,30073.335,Current,DEBT_CONSOLIDATION
LN-503139,CUST-105812,2025-04-27,0,0,False,False,138195.71500000003,Current,DEBT_CONSOLIDATION
LN-503140,CUST-104018,2025-04-27,0,0,False,False,137072.9925,Current,DEBT_CONSOLIDATION
LN-503141,CUST-101445,2025-04-27,0,0,False,False,29283.68,Current,DEBT_CONSOLIDATION
LN-503142,CUST-105565,2025-04-27,0,0,False,False,40101.1325,Current,DEBT_CONSOLIDATION
LN-503143,CUST-102440,2025-04-27,0,0,False,False,23877.159999999996,Current,DEBT_CONSOLIDATION
LN-503144,CUST-107249,2025-04-27,0,0,False,False,48786.275,Current,DEBT_CONSOLIDATION
LN-503145,CUST-105813,2025-04-27,0,0,False,False,17016.332499999993,Current,DEBT_CONSOLIDATION
LN-503146,CUST-100271,2025-04-27,0,0,False,False,81257.18500000001,Current,DEBT_CONSOLIDATION
LN-503147,CUST-105966,2025-04-27,0,0,False,False,17022.8,Current,DEBT_CONSOLIDATION
LN-503148,CUST-102102,2025-04-27,0,0,False,False,7399.297500000006,Current,DEBT_CONSOLIDATION
LN-503149,CUST-100810,2025-04-27,0,0,False,False,9654.335,Current,DEBT_CONSOLIDATION
LN-503150,CUST-106729,2025-04-27,0,0,False,False,16174.92999999999,Current,DEBT_CONSOLIDATION
LN-503151,CUST-103094,2025-04-27,0,0,False,False,74859.04750000007,Current,DEBT_CONSOLIDATION
LN-503153,CUST-102887,2025-04-27,0,0,False,False,21153.67,Current,DEBT_CONSOLIDATION
LN-503154,CUST-104307,2025-04-27,2,37,False,False,24480.957499999986,30-59,DEBT_CONSOLIDATION
LN-503155,CUST-101425,2025-04-27,0,0,False,False,35688.899999999994,Current,DEBT_CONSOLIDATION
LN-503156,CUST-101135,2025-04-27,0,0,False,False,9094.37,Current,DEBT_CONSOLIDATION
LN-503157,CUST-104106,2025-04-27,0,0,False,False,48828.435,Current,DEBT_CONSOLIDATION
LN-503158,CUST-102119,2025-04-27,0,0,False,False,50741.1325,Current,DEBT_CONSOLIDATION
LN-503159,CUST-102996,2025-04-27,0,0,False,False,28801.925000000007,Current,DEBT_CONSOLIDATION
LN-503160,CUST-100038,2025-04-27,0,0,False,False,29338.92750000001,Current,DEBT_CONSOLIDATION
LN-503161,CUST-105158,2025-04-27,0,0,False,False,18663.52999999999,Current,DEBT_CONSOLIDATION
LN-503162,CUST-100006,2025-04-27,0,0,False,False,10847.557500000004,Current,DEBT_CONSOLIDATION
LN-503163,CUST-100384,2025-04-27,0,0,False,False,34175.05499999999,Current,DEBT_CONSOLIDATION
LN-503164,CUST-100257,2025-04-27,0,0,False,False,14925.494999999999,Current,DEBT_CONSOLIDATION
LN-503165,CUST-101491,2025-04-27,0,0,False,False,15906.192499999988,Current,DEBT_CONSOLIDATION
LN-503166,CUST-107687,2025-04-27,0,0,False,False,23559.339999999993,Current,DEBT_CONSOLIDATION
LN-503167,CUST-100448,2025-04-27,0,0,False,False,36632.060000000005,Current,DEBT_CONSOLIDATION
LN-503168,CUST-105822,2025-04-27,0,0,False,False,43891.56,Current,DEBT_CONSOLIDATION
LN-503169,CUST-104990,2025-04-27,0,0,False,False,232431.48500000007,Current,DEBT_CONSOLIDATION
LN-503171,CUST-102359,2025-04-27,0,0,False,False,36543.95249999996,Current,DEBT_CONSOLIDATION
LN-503172,CUST-102840,2025-04-27,0,0,False,False,25973.520000000008,Current,DEBT_CONSOLIDATION
LN-503174,CUST-101204,2025-04-27,0,0,False,False,612909.5900000001,Current,DEBT_CONSOLIDATION
LN-503175,CUST-103436,2025-04-27,0,0,False,False,13063.02,Current,DEBT_CONSOLIDATION
LN-503176,CUST-106574,2025-04-27,0,0,False,False,15750.505000000005,Current,DEBT_CONSOLIDATION
LN-503177,CUST-101881,2025-04-27,0,0,False,False,9089.060000000001,Current,DEBT_CONSOLIDATION
LN-503178,CUST-107842,2025-04-27,0,0,False,False,18405.64499999999,Current,DEBT_CONSOLIDATION
LN-503179,CUST-106170,2025-04-27,0,0,False,False,1836.4000000000015,Current,DEBT_CONSOLIDATION
LN-503180,CUST-101915,2025-04-27,0,0,False,False,26824.0675,Current,DEBT_CONSOLIDATION
LN-503181,CUST-103627,2025-04-27,0,0,False,False,82073.27,Current,DEBT_CONSOLIDATION
LN-503182,CUST-100076,2025-04-27,0,0,False,False,9490.025000000007,Current,DEBT_CONSOLIDATION
LN-503183,CUST-103451,2025-04-27,0,0,False,False,9224.675000000001,Current,DEBT_CONSOLIDATION
LN-503184,CUST-100711,2025-04-27,0,0,False,False,52324.020000000004,Current,DEBT_CONSOLIDATION
LN-503185,CUST-105173,2025-04-27,0,0,False,False,11784.2325,Current,DEBT_CONSOLIDATION
LN-503187,CUST-102921,2025-04-27,0,0,False,False,19434.774999999994,Current,DEBT_CONSOLIDATION
LN-503188,CUST-101996,2025-04-27,1,20,False,False,38439.47,1-29,DEBT_CONSOLIDATION
LN-503190,CUST-100511,2025-04-27,0,0,False,False,10595.949999999995,Current,DEBT_CONSOLIDATION
LN-503191,CUST-106884,2025-04-27,0,0,False,False,21800.625,Current,DEBT_CONSOLIDATION
LN-503192,CUST-106604,2025-04-27,0,0,False,False,10543.49,Current,DEBT_CONSOLIDATION
LN-503194,CUST-101450,2025-04-27,0,0,False,False,9232.807500000004,Current,DEBT_CONSOLIDATION
LN-503195,CUST-104977,2025-04-27,0,0,False,False,10415.73,Current,DEBT_CONSOLIDATION
LN-503196,CUST-102438,2025-04-27,0,0,False,False,51929.57,Current,DEBT_CONSOLIDATION
LN-503197,CUST-107129,2025-04-27,0,0,False,False,15248.730000000003,Current,DEBT_CONSOLIDATION
LN-503198,CUST-107647,2025-04-27,0,0,False,False,42640.56,Current,DEBT_CONSOLIDATION
LN-503199,CUST-101802,2025-04-27,0,0,False,False,15200.06,Current,DEBT_CONSOLIDATION
LN-503200,CUST-106206,2025-04-27,0,0,False,False,120249.68000000001,Current,DEBT_CONSOLIDATION
LN-503201,CUST-102218,2025-04-27,0,0,False,False,27919.20499999999,Current,DEBT_CONSOLIDATION
LN-503202,CUST-101285,2025-04-27,0,0,False,False,1732.0600000000009,Current,DEBT_CONSOLIDATION
LN-503203,CUST-102003,2025-04-27,0,0,False,False,28762.9025,Current,DEBT_CONSOLIDATION
LN-503205,CUST-102499,2025-04-27,0,0,False,False,7286.590000000002,Current,DEBT_CONSOLIDATION
LN-503206,CUST-104454,2025-04-27,0,0,False,False,7556.075000000003,Current,DEBT_CONSOLIDATION
LN-503208,CUST-102124,2025-04-27,0,0,False,False,29642.054999999993,Current,DEBT_CONSOLIDATION
LN-503209,CUST-102895,2025-04-27,0,0,False,False,33876.62250000003,Current,DEBT_CONSOLIDATION
LN-503210,CUST-106724,2025-04-27,4,221,False,False,19327.745,90+,DEBT_CONSOLIDATION
LN-503212,CUST-105561,2025-04-27,0,0,False,False,13381.249999999998,Current,DEBT_CONSOLIDATION
LN-503214,CUST-101154,2025-04-27,0,0,False,False,31108.87000000001,Current,DEBT_CONSOLIDATION
LN-503215,CUST-101315,2025-04-27,0,0,False,False,6507.640000000005,Current,DEBT_CONSOLIDATION
LN-503216,CUST-100119,2025-04-27,0,0,False,False,9368.16,Current,DEBT_CONSOLIDATION
LN-503217,CUST-104070,2025-04-27,0,0,False,False,16611.3975,Current,DEBT_CONSOLIDATION
LN-503218,CUST-102864,2025-04-27,0,0,False,False,34145.969999999994,Current,DEBT_CONSOLIDATION
LN-503219,CUST-101378,2025-04-27,0,0,False,False,23227.189999999988,Current,DEBT_CONSOLIDATION
LN-503220,CUST-105483,2025-04-27,0,0,False,False,29067.789999999997,Current,DEBT_CONSOLIDATION
LN-503221,CUST-102485,2025-04-27,0,0,False,False,28699.845,Current,DEBT_CONSOLIDATION
LN-503222,CUST-106179,2025-04-27,0,0,False,False,17392.199999999986,Current,DEBT_CONSOLIDATION
LN-503223,CUST-103998,2025-04-27,0,0,False,False,2387.83,Current,DEBT_CONSOLIDATION
LN-503224,CUST-107643,2025-04-27,0,0,False,False,11107.51,Current,DEBT_CONSOLIDATION
LN-503225,CUST-100617,2025-04-27,0,0,False,False,39540.94,Current,DEBT_CONSOLIDATION
LN-503226,CUST-102218,2025-04-27,0,0,False,False,46248.0725,Current,DEBT_CONSOLIDATION
LN-503227,CUST-103420,2025-04-27,2,57,False,False,49045.495,30-59,DEBT_CONSOLIDATION
LN-503228,CUST-106175,2025-04-27,0,0,False,False,4016.2800000000007,Current,DEBT_CONSOLIDATION
LN-503229,CUST-100854,2025-04-27,0,0,False,False,93326.86999999998,Current,DEBT_CONSOLIDATION
LN-503230,CUST-107264,2025-04-27,2,57,False,False,9039.669999999998,30-59,DEBT_CONSOLIDATION
LN-503231,CUST-106370,2025-04-27,0,0,False,False,35817.03999999999,Current,DEBT_CONSOLIDATION
LN-503232,CUST-101105,2025-04-27,0,0,False,False,8391.46,Current,DEBT_CONSOLIDATION
LN-503233,CUST-102838,2025-04-27,0,0,False,False,1182.5825,Current,DEBT_CONSOLIDATION
LN-503234,CUST-106898,2025-04-27,0,0,False,False,566768.7874999997,Current,DEBT_CONSOLIDATION
LN-503235,CUST-106105,2025-04-27,0,0,False,False,17960.75,Current,DEBT_CONSOLIDATION
LN-503236,CUST-102123,2025-04-27,0,0,False,False,633868.1125000002,Current,DEBT_CONSOLIDATION
LN-503237,CUST-103613,2025-04-27,0,0,False,False,27261.48,Current,DEBT_CONSOLIDATION
LN-503238,CUST-104532,2025-04-27,0,0,False,False,14221.419999999998,Current,DEBT_CONSOLIDATION
LN-503239,CUST-105466,2025-04-27,0,0,False,False,11931.949999999997,Current,DEBT_CONSOLIDATION
LN-503240,CUST-103124,2025-04-27,0,0,False,False,11592.580000000007,Current,DEBT_CONSOLIDATION
LN-503241,CUST-107175,2025-04-27,0,0,False,False,19216.02,Current,DEBT_CONSOLIDATION
LN-503242,CUST-102095,2025-04-27,0,0,False,False,23414.607500000006,Current,DEBT_CONSOLIDATION
LN-503243,CUST-103500,2025-04-27,0,0,False,False,118142.54999999999,Current,DEBT_CONSOLIDATION
LN-503244,CUST-107782,2025-04-27,0,0,False,False,29568.15,Current,DEBT_CONSOLIDATION
LN-503245,CUST-102792,2025-04-27,0,0,False,False,30684.859999999986,Current,DEBT_CONSOLIDATION
LN-503246,CUST-104919,2025-04-27,0,0,False,False,47367.22,Current,DEBT_CONSOLIDATION
LN-503247,CUST-107990,2025-04-27,0,0,False,False,3920.6099999999988,Current,DEBT_CONSOLIDATION
LN-503248,CUST-101833,2025-04-27,0,0,False,False,12660.920000000004,Current,DEBT_CONSOLIDATION
LN-503249,CUST-104153,2025-04-27,0,0,False,False,5116.505000000003,Current,DEBT_CONSOLIDATION
LN-503250,CUST-102179,2025-04-27,0,0,False,False,19415.910000000003,Current,DEBT_CONSOLIDATION
LN-503251,CUST-100507,2025-04-27,0,0,False,False,80157.3,Current,DEBT_CONSOLIDATION
LN-503252,CUST-100202,2025-04-27,0,0,False,False,10467.989999999994,Current,DEBT_CONSOLIDATION
LN-503253,CUST-100288,2025-04-27,0,0,False,False,46371.235,Current,DEBT_CONSOLIDATION
LN-503254,CUST-103413,2025-04-27,0,0,False,False,7073.379999999999,Current,DEBT_CONSOLIDATION
LN-503255,CUST-104415,2025-04-27,0,0,False,False,18766.5,Current,DEBT_CONSOLIDATION
LN-503257,CUST-101891,2025-04-27,0,0,False,False,29353.062500000007,Current,DEBT_CONSOLIDATION
LN-503258,CUST-107717,2025-04-27,0,0,False,False,47665.394999999975,Current,DEBT_CONSOLIDATION
LN-503259,CUST-100637,2025-04-27,0,0,False,False,9759.36,Current,DEBT_CONSOLIDATION
LN-503260,CUST-101118,2025-04-27,0,0,False,False,39110.93499999998,Current,DEBT_CONSOLIDATION
LN-503263,CUST-103841,2025-04-27,0,0,False,False,10444.529999999995,Current,DEBT_CONSOLIDATION
LN-503264,CUST-105435,2025-04-27,0,0,False,False,27785.129999999983,Current,DEBT_CONSOLIDATION
LN-503265,CUST-102511,2025-04-27,0,0,False,False,15859.2675,Current,DEBT_CONSOLIDATION
LN-503266,CUST-107056,2025-04-27,0,0,False,False,29501.639999999996,Current,DEBT_CONSOLIDATION
LN-503267,CUST-101529,2025-04-27,0,0,False,False,21555.8,Current,DEBT_CONSOLIDATION
LN-503268,CUST-107578,2025-04-27,0,0,False,False,15971.809999999989,Current,DEBT_CONSOLIDATION
LN-503269,CUST-102675,2025-04-27,0,0,False,False,8063.5399999999945,Current,DEBT_CONSOLIDATION
LN-503270,CUST-103872,2025-04-27,0,0,False,False,38959.174999999974,Current,DEBT_CONSOLIDATION
LN-503271,CUST-103329,2025-04-27,0,0,False,False,18072.34500000001,Current,DEBT_CONSOLIDATION
LN-503272,CUST-100935,2025-04-27,0,0,False,False,2291.4599999999978,Current,DEBT_CONSOLIDATION
LN-503273,CUST-102705,2025-04-27,0,0,False,False,570951.5700000002,Current,DEBT_CONSOLIDATION
LN-503274,CUST-104061,2025-04-27,0,0,False,False,13182.564999999995,Current,DEBT_CONSOLIDATION
LN-503275,CUST-107818,2025-04-27,0,0,False,False,37097.36499999998,Current,DEBT_CONSOLIDATION
LN-503276,CUST-101935,2025-04-27,0,0,False,False,4014.91,Current,DEBT_CONSOLIDATION
LN-503277,CUST-106101,2025-04-27,0,0,False,False,27940.319999999992,Current,DEBT_CONSOLIDATION
LN-503278,CUST-101166,2025-04-27,0,0,False,False,7163.2025,Current,DEBT_CONSOLIDATION
LN-503279,CUST-105295,2025-04-27,0,0,False,False,6910.845000000005,Current,DEBT_CONSOLIDATION
LN-503280,CUST-102753,2025-04-27,3,78,False,False,1782.5825000000004,60-89,DEBT_CONSOLIDATION
LN-503282,CUST-105996,2025-04-27,0,0,False,False,18753.51,Current,DEBT_CONSOLIDATION
LN-503283,CUST-106446,2025-04-27,0,0,False,False,11850.76,Current,DEBT_CONSOLIDATION
LN-503285,CUST-102554,2025-04-27,4,136,False,False,2914.649999999999,90+,DEBT_CONSOLIDATION
LN-503286,CUST-105284,2025-04-27,0,0,False,False,8636.272500000001,Current,DEBT_CONSOLIDATION
LN-503287,CUST-105824,2025-04-27,0,0,False,False,6032.930000000001,Current,DEBT_CONSOLIDATION
LN-503288,CUST-102344,2025-04-27,0,0,False,False,13724.979999999994,Current,DEBT_CONSOLIDATION
LN-503290,CUST-107697,2025-04-27,0,0,False,False,26865.7575,Current,DEBT_CONSOLIDATION
LN-503292,CUST-103594,2025-04-27,0,0,False,False,26145.712500000023,Current,DEBT_CONSOLIDATION
LN-503293,CUST-102272,2025-04-27,1,1,False,False,45463.36249999998,1-29,DEBT_CONSOLIDATION
LN-503294,CUST-105454,2025-04-27,0,0,False,False,106704.93000000001,Current,DEBT_CONSOLIDATION
LN-503295,CUST-101081,2025-04-27,0,0,False,False,29723.14999999998,Current,DEBT_CONSOLIDATION
LN-503296,CUST-100061,2025-04-27,0,0,False,False,5753.550000000003,Current,DEBT_CONSOLIDATION
LN-503297,CUST-102860,2025-04-27,0,0,False,False,43254.77000000001,Current,DEBT_CONSOLIDATION
LN-503298,CUST-104215,2025-04-27,0,0,False,False,16031.7,Current,DEBT_CONSOLIDATION
LN-503299,CUST-100444,2025-04-27,0,0,False,False,338661.85499999975,Current,DEBT_CONSOLIDATION
LN-503300,CUST-102287,2025-04-27,4,94,False,False,6694.8949999999995,90+,DEBT_CONSOLIDATION
LN-503301,CUST-103355,2025-04-27,0,0,False,False,28613.180000000022,Current,DEBT_CONSOLIDATION
LN-503302,CUST-107261,2025-04-27,0,0,False,False,16756.682500000003,Current,DEBT_CONSOLIDATION
LN-503303,CUST-102329,2025-04-27,0,0,False,False,34039.2625,Current,DEBT_CONSOLIDATION
LN-503304,CUST-107478,2025-04-27,0,0,False,False,26106.174999999977,Current,DEBT_CONSOLIDATION
LN-503305,CUST-103148,2025-04-27,0,0,False,False,8091.990000000002,Current,DEBT_CONSOLIDATION
LN-503306,CUST-104780,2025-04-27,0,0,False,False,2321.0499999999993,Current,DEBT_CONSOLIDATION
LN-503307,CUST-104128,2025-04-27,0,0,False,False,17145.4575,Current,DEBT_CONSOLIDATION
LN-503308,CUST-106718,2025-04-27,0,0,False,False,16016.572499999995,Current,DEBT_CONSOLIDATION
LN-503309,CUST-105472,2025-04-27,0,0,False,False,17157.570000000007,Current,DEBT_CONSOLIDATION
LN-503310,CUST-106248,2025-04-27,0,0,False,False,18524.924999999996,Current,DEBT_CONSOLIDATION
LN-503312,CUST-106040,2025-04-27,0,0,False,False,22404.21,Current,DEBT_CONSOLIDATION
LN-503313,CUST-107019,2025-04-27,2,42,False,False,31166.89,30-59,DEBT_CONSOLIDATION
LN-503314,CUST-103257,2025-04-27,0,0,False,False,49312.520000000004,Current,DEBT_CONSOLIDATION
LN-503315,CUST-103548,2025-04-27,0,0,False,False,13858.720000000001,Current,DEBT_CONSOLIDATION
LN-503316,CUST-100408,2025-04-27,0,0,False,False,34383.91,Current,DEBT_CONSOLIDATION
LN-503320,CUST-105987,2025-04-27,0,0,False,False,17625.652500000007,Current,DEBT_CONSOLIDATION
LN-503321,CUST-106894,2025-04-27,0,0,False,False,9467.912500000002,Current,DEBT_CONSOLIDATION
LN-503322,CUST-103431,2025-04-27,0,0,False,False,48215.48,Current,DEBT_CONSOLIDATION
LN-503324,CUST-100512,2025-04-27,0,0,False,False,33195.25500000001,Current,DEBT_CONSOLIDATION
LN-503325,CUST-106469,2025-04-27,0,0,False,False,109771.50000000003,Current,DEBT_CONSOLIDATION
LN-503326,CUST-102422,2025-04-27,0,0,False,False,54169.66,Current,DEBT_CONSOLIDATION
LN-503327,CUST-102953,2025-04-27,2,49,False,False,8058.630000000001,30-59,DEBT_CONSOLIDATION
LN-503328,CUST-100817,2025-04-27,0,0,False,False,39173.11,Current,DEBT_CONSOLIDATION
LN-503329,CUST-105852,2025-04-27,0,0,False,False,5526.637500000004,Current,DEBT_CONSOLIDATION
LN-503330,CUST-102842,2025-04-27,0,0,False,False,4510.5925,Current,DEBT_CONSOLIDATION
LN-503331,CUST-105550,2025-04-27,0,0,False,False,18172.2975,Current,DEBT_CONSOLIDATION
LN-503332,CUST-103077,2025-04-27,0,0,False,False,32699.12500000002,Current,DEBT_CONSOLIDATION
LN-503333,CUST-104241,2025-04-27,0,0,False,False,20911.155,Current,DEBT_CONSOLIDATION
LN-503334,CUST-106344,2025-04-27,0,0,False,False,38519.150000000016,Current,DEBT_CONSOLIDATION
LN-503335,CUST-104081,2025-04-27,0,0,False,False,17828.022500000006,Current,DEBT_CONSOLIDATION
LN-503336,CUST-107301,2025-04-27,0,0,False,True,43377.06749999999,Current,DEBT_CONSOLIDATION
LN-503337,CUST-105072,2025-04-27,0,0,False,False,7684.8425000000025,Current,DEBT_CONSOLIDATION
LN-503338,CUST-104647,2025-04-27,0,0,False,False,21126.420000000013,Current,DEBT_CONSOLIDATION
LN-503339,CUST-104999,2025-04-27,0,0,False,False,7018.845000000001,Current,DEBT_CONSOLIDATION
LN-503340,CUST-107036,2025-04-27,0,0,False,False,19819.38,Current,DEBT_CONSOLIDATION
LN-503341,CUST-106384,2025-04-27,0,0,False,False,38077.33,Current,DEBT_CONSOLIDATION
LN-503342,CUST-107133,2025-04-27,1,18,False,False,27434.055,1-29,DEBT_CONSOLIDATION
LN-503343,CUST-106837,2025-04-27,0,0,False,False,41687.21499999998,Current,DEBT_CONSOLIDATION
LN-503344,CUST-100287,2025-04-27,0,0,False,False,47238.985,Current,DEBT_CONSOLIDATION
LN-503345,CUST-102861,2025-04-27,0,0,False,False,27456.699999999997,Current,DEBT_CONSOLIDATION
LN-503346,CUST-106914,2025-04-27,0,0,False,False,12109.1625,Current,DEBT_CONSOLIDATION
LN-503347,CUST-102906,2025-04-27,0,0,False,False,23714.565000000002,Current,DEBT_CONSOLIDATION
LN-503350,CUST-101753,2025-04-27,0,0,False,False,98732.73,Current,DEBT_CONSOLIDATION
LN-503351,CUST-103921,2025-04-27,0,0,False,False,4755.395,Current,DEBT_CONSOLIDATION
LN-503352,CUST-101873,2025-04-27,0,0,False,False,35013.25500000001,Current,DEBT_CONSOLIDATION
LN-503353,CUST-104333,2025-04-27,0,0,False,False,73402.96,Current,DEBT_CONSOLIDATION
LN-503354,CUST-102383,2025-04-27,0,0,False,False,30664.314999999995,Current,DEBT_CONSOLIDATION
LN-503356,CUST-102350,2025-04-27,0,0,False,False,24325.09,Current,DEBT_CONSOLIDATION
LN-503357,CUST-101231,2025-04-27,0,0,False,False,23432.460000000003,Current,DEBT_CONSOLIDATION
LN-503358,CUST-104534,2025-04-27,4,140,False,False,11241.734999999999,90+,DEBT_CONSOLIDATION
LN-503359,CUST-104096,2025-04-27,0,0,False,False,19925.175,Current,DEBT_CONSOLIDATION
LN-503360,CUST-102342,2025-04-27,0,0,False,False,51589.245,Current,DEBT_CONSOLIDATION
LN-503361,CUST-107430,2025-04-27,0,0,False,False,24876.385000000013,Current,DEBT_CONSOLIDATION
LN-503362,CUST-103965,2025-04-27,0,0,False,False,8304.560000000001,Current,DEBT_CONSOLIDATION
LN-503363,CUST-101649,2025-04-27,0,0,False,False,527327.8350000002,Current,DEBT_CONSOLIDATION
LN-503364,CUST-100345,2025-04-27,0,0,False,False,268791.84,Current,DEBT_CONSOLIDATION
LN-503365,CUST-100406,2025-04-27,1,31,False,False,15156.060000000003,1-29,DEBT_CONSOLIDATION
LN-503367,CUST-107118,2025-04-27,0,0,False,False,30315.71,Current,DEBT_CONSOLIDATION
LN-503368,CUST-104270,2025-04-27,0,0,False,False,31162.904999999973,Current,DEBT_CONSOLIDATION
LN-503369,CUST-102888,2025-04-27,0,0,False,False,111305.345,Current,DEBT_CONSOLIDATION
LN-503370,CUST-104789,2025-04-27,0,0,False,False,4478.5575,Current,DEBT_CONSOLIDATION
LN-503371,CUST-105174,2025-04-27,0,0,False,False,46006.6075,Current,DEBT_CONSOLIDATION
LN-503372,CUST-104731,2025-04-27,0,0,False,False,14404.595000000008,Current,DEBT_CONSOLIDATION
LN-503373,CUST-104182,2025-04-27,0,0,False,False,22133.909999999996,Current,DEBT_CONSOLIDATION
LN-503374,CUST-106066,2025-04-27,0,0,False,False,39150.94000000001,Current,DEBT_CONSOLIDATION
LN-503375,CUST-102266,2025-04-27,0,0,False,False,12725.470000000003,Current,DEBT_CONSOLIDATION
LN-503377,CUST-100688,2025-04-27,0,0,False,False,10133.200000000004,Current,DEBT_CONSOLIDATION
LN-503378,CUST-101317,2025-04-27,0,0,False,False,95230.88749999995,Current,DEBT_CONSOLIDATION
LN-503379,CUST-102343,2025-04-27,1,3,False,False,4548.059999999997,1-29,DEBT_CONSOLIDATION
LN-503380,CUST-100958,2025-04-27,0,0,True,False,352314.68999999977,Current,DEBT_CONSOLIDATION
LN-503381,CUST-105593,2025-04-27,0,0,False,False,16868.19,Current,DEBT_CONSOLIDATION
LN-503382,CUST-107285,2025-04-27,0,0,False,False,85397.78000000003,Current,DEBT_CONSOLIDATION
LN-503384,CUST-103122,2025-04-27,0,0,False,False,13376.574999999997,Current,DEBT_CONSOLIDATION
LN-503385,CUST-105536,2025-04-27,0,0,False,False,21048.960000000006,Current,DEBT_CONSOLIDATION
LN-503386,CUST-103954,2025-04-27,0,0,False,False,21220.1325,Current,DEBT_CONSOLIDATION
LN-503387,CUST-105036,2025-04-27,0,0,False,False,2046.3199999999988,Current,DEBT_CONSOLIDATION
LN-503388,CUST-106388,2025-04-27,0,0,False,False,6676.5099999999975,Current,DEBT_CONSOLIDATION
LN-503389,CUST-104053,2025-04-27,0,0,False,False,14035.419999999996,Current,DEBT_CONSOLIDATION
LN-503390,CUST-101830,2025-04-27,0,0,False,False,9518.827500000001,Current,DEBT_CONSOLIDATION
LN-503391,CUST-103417,2025-04-27,0,0,False,False,41743.3825,Current,DEBT_CONSOLIDATION
LN-503392,CUST-100774,2025-04-27,0,0,False,False,45549.73,Current,DEBT_CONSOLIDATION
LN-503393,CUST-102796,2025-04-27,0,0,False,False,27295.88000000002,Current,DEBT_CONSOLIDATION
LN-503394,CUST-105497,2025-04-27,0,0,False,False,18776.035,Current,DEBT_CONSOLIDATION
LN-503395,CUST-106149,2025-04-27,0,0,False,False,10609.2475,Current,DEBT_CONSOLIDATION
LN-503396,CUST-101897,2025-04-27,1,27,False,False,7927.599999999998,1-29,DEBT_CONSOLIDATION
LN-503397,CUST-107922,2025-04-27,0,0,False,False,14499.260000000002,Current,DEBT_CONSOLIDATION
LN-503398,CUST-106095,2025-04-27,0,0,False,False,39066.33500000001,Current,DEBT_CONSOLIDATION
LN-503399,CUST-106178,2025-04-27,0,0,False,False,108654.13249999998,Current,DEBT_CONSOLIDATION
LN-503400,CUST-106094,2025-04-27,0,0,False,False,17810.77,Current,DEBT_CONSOLIDATION
LN-503401,CUST-106998,2025-04-27,0,0,False,False,33690.204999999994,Current,DEBT_CONSOLIDATION
LN-503402,CUST-100971,2025-04-27,0,0,False,False,5430.600000000001,Current,DEBT_CONSOLIDATION
LN-503403,CUST-103018,2025-04-27,0,0,False,False,33762.80999999999,Current,DEBT_CONSOLIDATION
LN-503404,CUST-105767,2025-04-27,0,0,False,False,35507.142499999994,Current,DEBT_CONSOLIDATION
LN-503405,CUST-102810,2025-04-27,0,0,False,False,1547.8625,Current,DEBT_CONSOLIDATION
LN-503406,CUST-106908,2025-04-27,0,0,False,False,253886.43499999994,Current,DEBT_CONSOLIDATION
LN-503409,CUST-102064,2025-04-27,0,0,False,False,7790.009999999992,Current,DEBT_CONSOLIDATION
LN-503410,CUST-107012,2025-04-27,0,0,False,False,28234.454999999998,Current,DEBT_CONSOLIDATION
LN-503411,CUST-101516,2025-04-27,0,0,False,False,2607.572500000001,Current,DEBT_CONSOLIDATION
LN-503412,CUST-106545,2025-04-27,0,0,False,False,20341.585000000006,Current,DEBT_CONSOLIDATION
LN-503414,CUST-100255,2025-04-27,0,0,False,False,8216.214999999997,Current,DEBT_CONSOLIDATION
LN-503415,CUST-107327,2025-04-27,0,0,False,False,1900.125,Current,DEBT_CONSOLIDATION
LN-503416,CUST-101909,2025-04-27,0,0,False,False,6817.739999999998,Current,DEBT_CONSOLIDATION
LN-503417,CUST-105206,2025-04-27,0,0,False,False,8806.744999999999,Current,DEBT_CONSOLIDATION
LN-503418,CUST-104056,2025-04-27,0,0,False,False,18235.02499999999,Current,DEBT_CONSOLIDATION
LN-503419,CUST-100284,2025-04-27,0,0,False,False,16649.6525,Current,DEBT_CONSOLIDATION
LN-503420,CUST-107296,2025-04-27,0,0,False,False,29213.159999999996,Current,DEBT_CONSOLIDATION
LN-503421,CUST-103661,2025-04-27,0,0,False,False,28744.25,Current,DEBT_CONSOLIDATION
LN-503422,CUST-106483,2025-04-27,0,0,False,False,8564.05,Current,DEBT_CONSOLIDATION
LN-503423,CUST-107309,2025-04-27,0,0,False,False,25115.869999999995,Current,DEBT_CONSOLIDATION
LN-503424,CUST-100777,2025-04-27,0,0,False,False,291734.71,Current,DEBT_CONSOLIDATION
LN-503425,CUST-101789,2025-04-27,0,0,False,False,19564.997500000016,Current,DEBT_CONSOLIDATION
LN-503426,CUST-106504,2025-04-27,0,0,False,False,13899.119999999997,Current,DEBT_CONSOLIDATION
LN-503427,CUST-104804,2025-04-27,0,0,False,False,8999.027499999997,Current,DEBT_CONSOLIDATION
LN-503428,CUST-106341,2025-04-27,0,0,False,False,42940.98,Current,DEBT_CONSOLIDATION
LN-503429,CUST-104673,2025-04-27,0,0,False,False,21707.054999999993,Current,DEBT_CONSOLIDATION
LN-503430,CUST-106497,2025-04-27,0,0,False,False,7630.937500000001,Current,DEBT_CONSOLIDATION
LN-503431,CUST-106955,2025-04-27,0,0,False,False,21208.895000000004,Current,DEBT_CONSOLIDATION
LN-503433,CUST-106860,2025-04-27,0,0,False,False,106289.63,Current,DEBT_CONSOLIDATION
LN-503434,CUST-107724,2025-04-27,0,0,False,False,15681.085000000001,Current,DEBT_CONSOLIDATION
LN-503436,CUST-101234,2025-04-27,0,0,False,False,10837.774999999996,Current,DEBT_CONSOLIDATION
LN-503437,CUST-104194,2025-04-27,0,0,False,False,7260.757499999995,Current,DEBT_CONSOLIDATION
LN-503438,CUST-102099,2025-04-27,0,0,False,False,23548.760000000017,Current,DEBT_CONSOLIDATION
LN-503439,CUST-104897,2025-04-27,0,0,False,False,19343.2525,Current,DEBT_CONSOLIDATION
LN-503440,CUST-105723,2025-04-27,0,0,False,False,23535.94499999998,Current,DEBT_CONSOLIDATION
LN-503441,CUST-105402,2025-04-27,0,0,False,False,16233.319999999996,Current,DEBT_CONSOLIDATION
LN-503442,CUST-100824,2025-04-27,3,72,False,False,27181.31,60-89,DEBT_CONSOLIDATION
LN-503443,CUST-106058,2025-04-27,2,46,False,False,64320.775,30-59,DEBT_CONSOLIDATION
LN-503444,CUST-103160,2025-04-27,0,0,False,False,29276.820000000007,Current,DEBT_CONSOLIDATION
LN-503446,CUST-107065,2025-04-27,0,0,False,False,28083.46,Current,DEBT_CONSOLIDATION
LN-503447,CUST-103320,2025-04-27,0,0,False,False,27080.57500000002,Current,DEBT_CONSOLIDATION
LN-503448,CUST-101999,2025-04-27,0,0,False,False,31232.29,Current,DEBT_CONSOLIDATION
LN-503449,CUST-103479,2025-04-27,0,0,False,False,4774.160000000003,Current,DEBT_CONSOLIDATION
LN-503450,CUST-105853,2025-04-27,0,0,False,False,378939.36999999994,Current,DEBT_CONSOLIDATION
LN-503451,CUST-105878,2025-04-27,0,0,False,False,11449.654999999999,Current,DEBT_CONSOLIDATION
LN-503452,CUST-100301,2025-04-27,0,0,False,False,9126.029999999999,Current,DEBT_CONSOLIDATION
LN-503454,CUST-106917,2025-04-27,0,0,False,False,26268.370000000006,Current,DEBT_CONSOLIDATION
LN-503455,CUST-104995,2025-04-27,0,0,False,False,43240.73499999999,Current,DEBT_CONSOLIDATION
LN-503456,CUST-104781,2025-04-27,0,0,False,False,29286.087499999994,Current,DEBT_CONSOLIDATION
LN-503457,CUST-104705,2025-04-27,0,0,False,False,26940.204999999998,Current,DEBT_CONSOLIDATION
LN-503458,CUST-104158,2025-04-27,0,0,False,False,17816.0225,Current,DEBT_CONSOLIDATION
LN-503460,CUST-101808,2025-04-27,0,0,False,False,22710.237499999996,Current,DEBT_CONSOLIDATION
LN-503461,CUST-103409,2025-04-27,0,0,False,False,6694.177500000002,Current,DEBT_CONSOLIDATION
LN-503462,CUST-106358,2025-04-27,4,286,False,False,91023.63500000001,90+,DEBT_CONSOLIDATION
LN-503463,CUST-107115,2025-04-27,0,0,False,False,31534.960000000017,Current,DEBT_CONSOLIDATION
LN-503464,CUST-100512,2025-04-27,0,0,False,False,17349.855000000003,Current,DEBT_CONSOLIDATION
LN-503465,CUST-102671,2025-04-27,0,0,False,False,15682.41,Current,DEBT_CONSOLIDATION
LN-503466,CUST-100517,2025-04-27,0,0,False,False,18737.865000000005,Current,DEBT_CONSOLIDATION
LN-503467,CUST-103357,2025-04-27,0,0,False,False,15964.147499999995,Current,DEBT_CONSOLIDATION
LN-503468,CUST-102487,2025-04-27,0,0,False,False,7200.835000000006,Current,DEBT_CONSOLIDATION
LN-503469,CUST-101159,2025-04-27,0,0,False,False,31072.949999999997,Current,DEBT_CONSOLIDATION
LN-503470,CUST-106460,2025-04-27,0,0,False,False,18541.385000000006,Current,DEBT_CONSOLIDATION
LN-503471,CUST-107475,2025-04-27,0,0,False,False,21276.88,Current,DEBT_CONSOLIDATION
LN-503472,CUST-104455,2025-04-27,0,0,False,False,43862.16500000001,Current,DEBT_CONSOLIDATION
LN-503473,CUST-106236,2025-04-27,0,0,False,False,25754.240000000013,Current,DEBT_CONSOLIDATION
LN-503474,CUST-101301,2025-04-27,0,0,False,False,6779.762500000001,Current,DEBT_CONSOLIDATION
LN-503475,CUST-103586,2025-04-27,0,0,False,False,21748.804999999993,Current,DEBT_CONSOLIDATION
LN-503476,CUST-107121,2025-04-27,0,0,False,False,14195.62,Current,DEBT_CONSOLIDATION
LN-503477,CUST-104655,2025-04-27,1,8,False,False,6896.55,1-29,DEBT_CONSOLIDATION
LN-503478,CUST-102549,2025-04-27,2,33,False,False,27752.9925,30-59,DEBT_CONSOLIDATION
LN-503479,CUST-103374,2025-04-27,0,0,False,False,381511.9324999999,Current,DEBT_CONSOLIDATION
LN-503480,CUST-104596,2025-04-27,0,0,False,False,42951.355,Current,DEBT_CONSOLIDATION
LN-503481,CUST-103368,2025-04-27,0,0,False,False,18807.100000000002,Current,DEBT_CONSOLIDATION
LN-503482,CUST-107043,2025-04-27,0,0,False,False,1560.187499999999,Current,DEBT_CONSOLIDATION
LN-503483,CUST-100413,2025-04-27,0,0,False,False,15616.337499999994,Current,DEBT_CONSOLIDATION
LN-503484,CUST-101334,2025-04-27,0,0,False,False,38212.30250000003,Current,DEBT_CONSOLIDATION
LN-503486,CUST-106818,2025-04-27,0,0,False,False,11583.442499999997,Current,DEBT_CONSOLIDATION
LN-503487,CUST-100061,2025-04-27,0,0,False,False,42133.73999999998,Current,DEBT_CONSOLIDATION
LN-503488,CUST-105632,2025-04-27,0,0,False,False,620.1225,Current,DEBT_CONSOLIDATION
LN-503490,CUST-105980,2025-04-27,0,0,False,False,31873.8075,Current,DEBT_CONSOLIDATION
LN-503492,CUST-100395,2025-04-27,0,0,False,False,7732.167500000005,Current,DEBT_CONSOLIDATION
LN-503493,CUST-102966,2025-04-27,1,22,False,False,45192.30250000004,1-29,DEBT_CONSOLIDATION
LN-503494,CUST-103769,2025-04-27,0,0,False,False,21390.57,Current,DEBT_CONSOLIDATION
LN-503496,CUST-102254,2025-04-27,0,0,False,False,106541.00999999997,Current,DEBT_CONSOLIDATION
LN-503497,CUST-103252,2025-04-27,0,0,False,False,850.4974999999998,Current,DEBT_CONSOLIDATION
LN-503498,CUST-107580,2025-04-27,0,0,False,False,44449.23,Current,DEBT_CONSOLIDATION
LN-503500,CUST-106609,2025-04-27,0,0,False,False,16902.42000000001,Current,DEBT_CONSOLIDATION
LN-503501,CUST-100894,2025-04-27,0,0,False,False,2285.99,Current,DEBT_CONSOLIDATION
LN-503503,CUST-100081,2025-04-27,0,0,False,False,39707.905,Current,DEBT_CONSOLIDATION
LN-503504,CUST-107365,2025-04-27,1,4,False,False,7638.857500000004,1-29,DEBT_CONSOLIDATION
LN-503505,CUST-101216,2025-04-27,0,0,False,False,12473.134999999997,Current,DEBT_CONSOLIDATION
LN-503507,CUST-106968,2025-04-27,0,0,False,False,9253.910000000002,Current,DEBT_CONSOLIDATION
LN-503508,CUST-104639,2025-04-27,0,0,False,False,49973.062499999985,Current,DEBT_CONSOLIDATION
LN-503509,CUST-103818,2025-04-27,0,0,False,False,30989.727499999994,Current,DEBT_CONSOLIDATION
LN-503510,CUST-102405,2025-04-27,0,0,False,False,64997.795,Current,DEBT_CONSOLIDATION
LN-503511,CUST-107451,2025-04-27,0,0,False,False,20079.729999999974,Current,DEBT_CONSOLIDATION
LN-503512,CUST-103266,2025-04-27,0,0,False,False,42056.21000000002,Current,DEBT_CONSOLIDATION
LN-503513,CUST-104780,2025-04-27,0,0,False,False,535095.3550000006,Current,DEBT_CONSOLIDATION
LN-503514,CUST-102339,2025-04-27,0,0,False,False,26265.844999999998,Current,DEBT_CONSOLIDATION
LN-503515,CUST-100468,2025-04-27,0,0,False,False,5978.249999999997,Current,DEBT_CONSOLIDATION
LN-503516,CUST-104043,2025-04-27,0,0,False,False,4511.629999999999,Current,DEBT_CONSOLIDATION
LN-503517,CUST-104411,2025-04-27,3,64,False,False,5401.639999999994,60-89,DEBT_CONSOLIDATION
LN-503519,CUST-107306,2025-04-27,0,0,False,False,8027.0675,Current,DEBT_CONSOLIDATION
LN-503520,CUST-103565,2025-04-27,0,0,False,False,15076.467499999995,Current,DEBT_CONSOLIDATION
LN-503521,CUST-104871,2025-04-27,0,0,False,False,4827.320000000003,Current,DEBT_CONSOLIDATION
LN-503522,CUST-100182,2025-04-27,0,0,False,False,3256.7450000000017,Current,DEBT_CONSOLIDATION
LN-503523,CUST-105589,2025-04-27,1,3,False,False,35670.82,1-29,DEBT_CONSOLIDATION
LN-503524,CUST-100985,2025-04-27,0,0,False,False,36353.9375,Current,DEBT_CONSOLIDATION
LN-503525,CUST-107949,2025-04-27,0,0,False,False,72272.34,Current,DEBT_CONSOLIDATION
LN-503526,CUST-107570,2025-04-27,0,0,False,False,8326.04,Current,DEBT_CONSOLIDATION
LN-503527,CUST-102557,2025-04-27,0,0,False,False,34459.44,Current,DEBT_CONSOLIDATION
LN-503528,CUST-103175,2025-04-27,0,0,False,False,173674.61,Current,DEBT_CONSOLIDATION
LN-503529,CUST-105205,2025-04-27,0,0,False,False,16548.24,Current,DEBT_CONSOLIDATION
LN-503530,CUST-107645,2025-04-27,0,0,False,False,20879.75,Current,DEBT_CONSOLIDATION
LN-503532,CUST-105772,2025-04-27,0,0,False,False,22440.819999999985,Current,DEBT_CONSOLIDATION
LN-503535,CUST-101349,2025-04-27,0,0,False,False,31326.395,Current,DEBT_CONSOLIDATION
LN-503536,CUST-105188,2025-04-27,0,0,False,False,17981.372499999994,Current,DEBT_CONSOLIDATION
LN-503537,CUST-102586,2025-04-27,1,5,False,False,52201.345,1-29,DEBT_CONSOLIDATION
LN-503538,CUST-105048,2025-04-27,0,0,False,False,104492.04500000001,Current,DEBT_CONSOLIDATION
LN-503539,CUST-106495,2025-04-27,0,0,False,False,1516.7849999999999,Current,DEBT_CONSOLIDATION
LN-503540,CUST-106464,2025-04-27,0,0,False,False,10523.195,Current,DEBT_CONSOLIDATION
LN-503541,CUST-105783,2025-04-27,0,0,False,False,14900.734999999999,Current,DEBT_CONSOLIDATION
LN-503542,CUST-101118,2025-04-27,0,0,False,False,15287.91,Current,DEBT_CONSOLIDATION
LN-503543,CUST-101739,2025-04-27,0,0,False,False,9638.004999999992,Current,DEBT_CONSOLIDATION
LN-503544,CUST-106581,2025-04-27,0,0,False,False,32663.369999999988,Current,DEBT_CONSOLIDATION
LN-503545,CUST-102358,2025-04-27,0,0,False,False,442216.535,Current,DEBT_CONSOLIDATION
LN-503546,CUST-101282,2025-04-27,0,0,False,False,5863.0,Current,DEBT_CONSOLIDATION
LN-503548,CUST-106405,2025-04-27,0,0,False,False,15024.484999999997,Current,DEBT_CONSOLIDATION
LN-503549,CUST-107612,2025-04-27,0,0,False,False,7869.989999999993,Current,DEBT_CONSOLIDATION
LN-503550,CUST-101646,2025-04-27,0,0,False,False,44510.22000000001,Current,DEBT_CONSOLIDATION
LN-503551,CUST-100447,2025-04-27,0,0,False,False,2596.390000000002,Current,DEBT_CONSOLIDATION
LN-503552,CUST-103456,2025-04-27,0,0,False,False,14653.865000000002,Current,DEBT_CONSOLIDATION
LN-503553,CUST-105273,2025-04-27,0,0,False,False,18989.57000000001,Current,DEBT_CONSOLIDATION
LN-503554,CUST-106396,2025-04-27,0,0,False,False,83361.70749999999,Current,DEBT_CONSOLIDATION
LN-503555,CUST-104450,2025-04-27,0,0,False,False,25292.865,Current,DEBT_CONSOLIDATION
LN-503556,CUST-102003,2025-04-27,0,0,False,False,27398.635000000013,Current,DEBT_CONSOLIDATION
LN-503557,CUST-104680,2025-04-27,0,0,False,False,12047.585,Current,DEBT_CONSOLIDATION
LN-503559,CUST-107957,2025-04-27,0,0,False,False,122654.80250000008,Current,DEBT_CONSOLIDATION
LN-503560,CUST-103996,2025-04-27,0,0,False,False,21516.08,Current,DEBT_CONSOLIDATION
LN-503561,CUST-104529,2025-04-27,0,0,False,False,2233.3450000000016,Current,DEBT_CONSOLIDATION
LN-503562,CUST-104545,2025-04-27,0,0,False,False,5488.235000000002,Current,DEBT_CONSOLIDATION
LN-503563,CUST-102490,2025-04-27,0,0,False,False,11218.945000000002,Current,DEBT_CONSOLIDATION
LN-503564,CUST-102739,2025-04-27,0,0,False,False,21749.4175,Current,DEBT_CONSOLIDATION
LN-503565,CUST-106072,2025-04-27,0,0,False,False,31778.47000000001,Current,DEBT_CONSOLIDATION
LN-503567,CUST-103710,2025-04-27,0,0,False,False,51878.475,Current,DEBT_CONSOLIDATION
LN-503568,CUST-106192,2025-04-27,0,0,False,False,122105.97,Current,DEBT_CONSOLIDATION
LN-503569,CUST-106272,2025-04-27,0,0,False,False,33606.280000000035,Current,DEBT_CONSOLIDATION
LN-503570,CUST-106832,2025-04-27,0,0,False,False,20247.3,Current,DEBT_CONSOLIDATION
LN-503571,CUST-104250,2025-04-27,0,0,False,False,21175.89,Current,DEBT_CONSOLIDATION
LN-503572,CUST-106809,2025-04-27,0,0,False,False,7310.754999999999,Current,DEBT_CONSOLIDATION
LN-503573,CUST-102960,2025-04-27,2,48,False,False,28964.33,30-59,DEBT_CONSOLIDATION
LN-503576,CUST-107710,2025-04-27,0,0,False,False,62191.07999999999,Current,DEBT_CONSOLIDATION
LN-503577,CUST-106548,2025-04-27,1,7,False,False,24864.309999999987,1-29,DEBT_CONSOLIDATION
LN-503578,CUST-105754,2025-04-27,0,0,False,False,130626.79500000001,Current,DEBT_CONSOLIDATION
LN-503579,CUST-105055,2025-04-27,0,0,False,False,819.2249999999997,Current,DEBT_CONSOLIDATION
LN-503580,CUST-107037,2025-04-27,0,0,False,False,32370.862500000003,Current,DEBT_CONSOLIDATION
LN-503581,CUST-102664,2025-04-27,0,0,False,False,32523.125,Current,DEBT_CONSOLIDATION
LN-503582,CUST-100418,2025-04-27,0,0,False,False,43793.15000000002,Current,DEBT_CONSOLIDATION
LN-503583,CUST-105777,2025-04-27,0,0,False,False,6948.804999999999,Current,DEBT_CONSOLIDATION
LN-503584,CUST-105232,2025-04-27,0,0,False,False,23437.14,Current,DEBT_CONSOLIDATION
LN-503585,CUST-101619,2025-04-27,0,0,False,False,136699.25000000012,Current,DEBT_CONSOLIDATION
LN-503586,CUST-103490,2025-04-27,0,0,False,False,12153.150000000001,Current,DEBT_CONSOLIDATION
LN-503587,CUST-104333,2025-04-27,0,0,False,False,36344.48250000002,Current,DEBT_CONSOLIDATION
LN-503588,CUST-107665,2025-04-27,0,0,False,False,8085.917500000006,Current,DEBT_CONSOLIDATION
LN-503589,CUST-100942,2025-04-27,0,0,False,False,2139.8275,Current,DEBT_CONSOLIDATION
LN-503590,CUST-104034,2025-04-27,0,0,False,False,6766.697500000004,Current,DEBT_CONSOLIDATION
LN-503591,CUST-102715,2025-04-27,0,0,False,False,8117.88,Current,DEBT_CONSOLIDATION
LN-503592,CUST-102404,2025-04-27,0,0,False,False,22505.364999999998,Current,DEBT_CONSOLIDATION
LN-503593,CUST-104950,2025-04-27,0,0,False,False,12812.0675,Current,DEBT_CONSOLIDATION
LN-503594,CUST-100997,2025-04-27,0,0,False,False,12999.56,Current,DEBT_CONSOLIDATION
LN-503595,CUST-103851,2025-04-27,0,0,False,False,26837.849999999995,Current,DEBT_CONSOLIDATION
LN-503596,CUST-101597,2025-04-27,0,0,False,False,16092.330000000007,Current,DEBT_CONSOLIDATION
LN-503597,CUST-101400,2025-04-27,0,0,False,False,20323.19,Current,DEBT_CONSOLIDATION
LN-503598,CUST-105345,2025-04-27,0,0,False,False,46421.79,Current,DEBT_CONSOLIDATION
LN-503599,CUST-106168,2025-04-27,0,0,False,False,20133.305,Current,DEBT_CONSOLIDATION
LN-503600,CUST-107509,2025-04-27,0,0,False,False,14971.625,Current,DEBT_CONSOLIDATION
LN-503601,CUST-107571,2025-04-27,0,0,False,False,7638.12,Current,DEBT_CONSOLIDATION
LN-503602,CUST-105013,2025-04-27,0,0,False,False,24776.142500000013,Current,DEBT_CONSOLIDATION
LN-503603,CUST-103948,2025-04-27,0,0,False,False,28740.12,Current,DEBT_CONSOLIDATION
LN-503604,CUST-104169,2025-04-27,4,106,False,False,4909.064999999996,90+,DEBT_CONSOLIDATION
LN-503605,CUST-105926,2025-04-27,0,0,False,False,3119.9475,Current,DEBT_CONSOLIDATION
LN-503606,CUST-107780,2025-04-27,0,0,False,False,147813.36,Current,DEBT_CONSOLIDATION
LN-503607,CUST-105218,2025-04-27,0,0,False,False,133831.39999999994,Current,DEBT_CONSOLIDATION
LN-503608,CUST-106404,2025-04-27,0,0,False,False,27536.064999999995,Current,DEBT_CONSOLIDATION
LN-503609,CUST-102090,2025-04-27,0,0,False,False,27090.86,Current,DEBT_CONSOLIDATION
LN-503610,CUST-107664,2025-04-27,0,0,False,False,52723.53,Current,DEBT_CONSOLIDATION
LN-503611,CUST-105660,2025-04-27,0,0,False,False,29058.907500000005,Current,DEBT_CONSOLIDATION
LN-503612,CUST-105094,2025-04-27,4,133,False,False,10688.180000000002,90+,DEBT_CONSOLIDATION
LN-503613,CUST-105006,2025-04-27,0,0,False,False,418893.1499999999,Current,DEBT_CONSOLIDATION
LN-503614,CUST-101116,2025-04-27,0,0,False,False,18562.525,Current,DEBT_CONSOLIDATION
LN-503616,CUST-102751,2025-04-27,3,62,False,False,4575.760000000001,60-89,DEBT_CONSOLIDATION
LN-503617,CUST-104162,2025-04-27,0,0,False,False,7655.410000000001,Current,DEBT_CONSOLIDATION
LN-503618,CUST-104470,2025-04-27,0,0,False,False,39921.94250000003,Current,DEBT_CONSOLIDATION
LN-503619,CUST-105182,2025-04-27,0,0,False,False,20523.815000000013,Current,DEBT_CONSOLIDATION
LN-503620,CUST-101412,2025-04-27,0,0,False,False,34355.32999999999,Current,DEBT_CONSOLIDATION
LN-503621,CUST-102396,2025-04-27,0,0,False,False,6359.78,Current,DEBT_CONSOLIDATION
LN-503622,CUST-104558,2025-04-27,0,0,False,False,10721.78,Current,DEBT_CONSOLIDATION
LN-503623,CUST-105539,2025-04-27,0,0,False,False,21309.834999999995,Current,DEBT_CONSOLIDATION
LN-503624,CUST-103860,2025-04-27,0,0,False,False,14127.550000000001,Current,DEBT_CONSOLIDATION
LN-503625,CUST-105382,2025-04-27,0,0,False,False,14946.342499999999,Current,DEBT_CONSOLIDATION
LN-503626,CUST-102129,2025-04-27,0,0,False,False,398469.3574999999,Current,DEBT_CONSOLIDATION
LN-503627,CUST-105750,2025-04-27,0,0,False,False,19538.870000000003,Current,DEBT_CONSOLIDATION
LN-503628,CUST-102979,2025-04-27,0,0,False,False,9040.05,Current,DEBT_CONSOLIDATION
LN-503630,CUST-103866,2025-04-27,0,0,False,False,48639.85499999999,Current,DEBT_CONSOLIDATION
LN-503631,CUST-100219,2025-04-27,0,0,False,False,19998.687499999996,Current,DEBT_CONSOLIDATION
LN-503632,CUST-107438,2025-04-27,0,0,False,False,46764.95000000002,Current,DEBT_CONSOLIDATION
LN-503634,CUST-102851,2025-04-27,0,0,False,False,21430.469999999998,Current,DEBT_CONSOLIDATION
LN-503635,CUST-101308,2025-04-27,0,0,False,False,15832.205000000002,Current,DEBT_CONSOLIDATION
LN-503636,CUST-106849,2025-04-27,0,0,False,False,36133.277500000004,Current,DEBT_CONSOLIDATION
LN-503637,CUST-107412,2025-04-27,0,0,False,False,142817.18,Current,DEBT_CONSOLIDATION
LN-503638,CUST-100508,2025-04-27,0,0,False,False,18806.759999999987,Current,DEBT_CONSOLIDATION
LN-503639,CUST-101432,2025-04-27,0,0,False,False,14299.525000000009,Current,DEBT_CONSOLIDATION
LN-503640,CUST-103259,2025-04-27,0,0,False,False,16595.00999999999,Current,DEBT_CONSOLIDATION
LN-503641,CUST-102375,2025-04-27,0,0,False,False,27052.92,Current,DEBT_CONSOLIDATION
LN-503642,CUST-102681,2025-04-27,0,0,False,False,39668.27000000001,Current,DEBT_CONSOLIDATION
LN-503643,CUST-103494,2025-04-27,0,0,False,False,17302.182500000003,Current,DEBT_CONSOLIDATION
LN-503644,CUST-103607,2025-04-27,0,0,False,False,17195.67,Current,DEBT_CONSOLIDATION
LN-503645,CUST-102384,2025-04-27,0,0,False,False,515490.1049999999,Current,DEBT_CONSOLIDATION
LN-503646,CUST-101841,2025-04-27,0,0,False,False,2713.409999999998,Current,DEBT_CONSOLIDATION
LN-503647,CUST-106568,2025-04-27,0,0,False,False,35782.970000000016,Current,DEBT_CONSOLIDATION
LN-503648,CUST-107592,2025-04-27,1,3,False,False,19428.339999999993,1-29,DEBT_CONSOLIDATION
LN-503650,CUST-105800,2025-04-27,0,0,False,False,8991.840000000002,Current,DEBT_CONSOLIDATION
LN-503651,CUST-100319,2025-04-27,0,0,False,False,47854.49000000002,Current,DEBT_CONSOLIDATION
LN-503652,CUST-101248,2025-04-27,0,0,False,False,35420.13999999999,Current,DEBT_CONSOLIDATION
LN-503653,CUST-105024,2025-04-27,0,0,False,False,11580.9375,Current,DEBT_CONSOLIDATION
LN-503654,CUST-103537,2025-04-27,0,0,False,False,26935.74750000001,Current,DEBT_CONSOLIDATION
LN-503655,CUST-100280,2025-04-27,0,0,False,False,11644.11499999999,Current,DEBT_CONSOLIDATION
LN-503656,CUST-102336,2025-04-27,0,0,False,False,25784.510000000006,Current,DEBT_CONSOLIDATION
LN-503657,CUST-103499,2025-04-27,0,0,False,False,7239.852499999996,Current,DEBT_CONSOLIDATION
LN-503658,CUST-107698,2025-04-27,0,0,False,False,2684.975,Current,DEBT_CONSOLIDATION
LN-503660,CUST-104296,2025-04-27,0,0,False,False,119527.94250000005,Current,DEBT_CONSOLIDATION
LN-503662,CUST-104380,2025-04-27,0,0,False,False,14003.959999999992,Current,DEBT_CONSOLIDATION
LN-503665,CUST-102515,2025-04-27,0,0,False,False,50153.63500000002,Current,DEBT_CONSOLIDATION
LN-503666,CUST-107490,2025-04-27,0,0,False,False,25287.44,Current,DEBT_CONSOLIDATION
LN-503667,CUST-101428,2025-04-27,0,0,False,False,21218.570000000007,Current,DEBT_CONSOLIDATION
LN-503668,CUST-100276,2025-04-27,0,0,False,False,7597.307499999998,Current,DEBT_CONSOLIDATION
LN-503669,CUST-103282,2025-04-27,0,0,False,False,28349.920000000002,Current,DEBT_CONSOLIDATION
LN-503670,CUST-101724,2025-04-27,0,0,False,False,39047.780000000006,Current,DEBT_CONSOLIDATION
LN-503671,CUST-101241,2025-04-27,0,0,False,False,35733.607500000006,Current,DEBT_CONSOLIDATION
LN-503672,CUST-107834,2025-04-27,3,69,False,False,28883.5225,60-89,DEBT_CONSOLIDATION
LN-503673,CUST-105461,2025-04-27,0,0,False,False,8368.985000000002,Current,DEBT_CONSOLIDATION
LN-503674,CUST-104280,2025-04-27,0,0,False,False,12106.699999999997,Current,DEBT_CONSOLIDATION
LN-503675,CUST-105370,2025-04-27,0,0,False,False,7113.16,Current,DEBT_CONSOLIDATION
LN-503676,CUST-104216,2025-04-27,0,0,False,False,31869.489999999998,Current,DEBT_CONSOLIDATION
LN-503677,CUST-107232,2025-04-27,0,0,False,False,9916.279999999993,Current,DEBT_CONSOLIDATION
LN-503678,CUST-101821,2025-04-27,0,0,False,False,24588.164999999997,Current,DEBT_CONSOLIDATION
LN-503679,CUST-101478,2025-04-27,0,0,False,False,8312.369999999997,Current,DEBT_CONSOLIDATION
LN-503680,CUST-101139,2025-04-27,0,0,False,False,18204.75,Current,DEBT_CONSOLIDATION
LN-503681,CUST-106078,2025-04-27,0,0,False,False,72841.38,Current,DEBT_CONSOLIDATION
LN-503682,CUST-101249,2025-04-27,0,0,False,False,15571.525000000009,Current,DEBT_CONSOLIDATION
LN-503683,CUST-101993,2025-04-27,1,31,False,False,37061.15,1-29,DEBT_CONSOLIDATION
LN-503684,CUST-103677,2025-04-27,0,0,False,False,46482.48999999996,Current,DEBT_CONSOLIDATION
LN-503685,CUST-105952,2025-04-27,0,0,False,False,116801.34,Current,DEBT_CONSOLIDATION
LN-503686,CUST-107645,2025-04-27,0,0,False,False,21919.125,Current,DEBT_CONSOLIDATION
LN-503687,CUST-107727,2025-04-27,0,0,False,False,43217.03500000001,Current,DEBT_CONSOLIDATION
LN-503688,CUST-103204,2025-04-27,1,15,False,False,6397.375000000001,1-29,DEBT_CONSOLIDATION
LN-503690,CUST-101507,2025-04-27,0,0,False,False,33250.64500000001,Current,DEBT_CONSOLIDATION
LN-503691,CUST-105445,2025-04-27,0,0,False,False,48897.72749999999,Current,DEBT_CONSOLIDATION
LN-503692,CUST-103570,2025-04-27,2,47,False,False,203044.11500000017,30-59,DEBT_CONSOLIDATION
LN-503693,CUST-101063,2025-04-27,0,0,False,False,50517.46500000001,Current,DEBT_CONSOLIDATION
LN-503694,CUST-102711,2025-04-27,0,0,False,False,17875.99,Current,DEBT_CONSOLIDATION
LN-503695,CUST-100456,2025-04-27,0,0,False,False,74525.13000000006,Current,DEBT_CONSOLIDATION
LN-503696,CUST-105155,2025-04-27,0,0,False,False,14147.15,Current,DEBT_CONSOLIDATION
LN-503697,CUST-103159,2025-04-27,0,0,False,False,31788.074999999997,Current,DEBT_CONSOLIDATION
LN-503698,CUST-101843,2025-04-27,0,0,False,False,5286.049999999999,Current,DEBT_CONSOLIDATION
LN-503699,CUST-103556,2025-04-27,0,0,False,False,6351.6225,Current,DEBT_CONSOLIDATION
LN-503700,CUST-103302,2025-04-27,0,0,False,False,103310.55750000005,Current,DEBT_CONSOLIDATION
LN-503701,CUST-102300,2025-04-27,0,0,False,False,29193.727500000005,Current,DEBT_CONSOLIDATION
LN-503702,CUST-100459,2025-04-27,0,0,False,False,15861.2,Current,DEBT_CONSOLIDATION
LN-503703,CUST-105663,2025-04-27,0,0,False,False,16230.404999999995,Current,DEBT_CONSOLIDATION
LN-503704,CUST-103960,2025-04-27,0,0,False,False,24272.21249999999,Current,DEBT_CONSOLIDATION
LN-503705,CUST-105911,2025-04-27,0,0,False,False,29070.167500000003,Current,DEBT_CONSOLIDATION
LN-503707,CUST-106631,2025-04-27,0,0,False,False,11575.56999999999,Current,DEBT_CONSOLIDATION
LN-503710,CUST-106661,2025-04-27,2,56,False,False,46734.79,30-59,DEBT_CONSOLIDATION
LN-503712,CUST-107555,2025-04-27,0,0,False,False,4507.7975,Current,DEBT_CONSOLIDATION
LN-503713,CUST-105740,2025-04-27,0,0,False,False,17463.660000000003,Current,DEBT_CONSOLIDATION
LN-503714,CUST-106363,2025-04-27,0,0,False,False,11578.19,Current,DEBT_CONSOLIDATION
LN-503715,CUST-107020,2025-04-27,0,0,False,False,50515.94,Current,DEBT_CONSOLIDATION
LN-503717,CUST-106164,2025-04-27,0,0,False,False,17085.87,Current,DEBT_CONSOLIDATION
LN-503718,CUST-106059,2025-04-27,0,0,False,False,25421.54,Current,DEBT_CONSOLIDATION
LN-503719,CUST-103547,2025-04-27,0,0,False,False,52595.58500000001,Current,DEBT_CONSOLIDATION
LN-503720,CUST-104460,2025-04-27,0,0,False,False,48847.08,Current,DEBT_CONSOLIDATION
LN-503721,CUST-104806,2025-04-27,0,0,False,False,27478.109999999993,Current,DEBT_CONSOLIDATION
LN-503722,CUST-107780,2025-04-27,0,0,False,False,1172.3599999999992,Current,DEBT_CONSOLIDATION
LN-503723,CUST-104083,2025-04-27,0,0,False,False,20191.334999999995,Current,DEBT_CONSOLIDATION
LN-503724,CUST-105067,2025-04-27,0,0,False,False,8030.459999999997,Current,DEBT_CONSOLIDATION
LN-503725,CUST-101156,2025-04-27,0,0,False,False,10597.322500000002,Current,DEBT_CONSOLIDATION
LN-503726,CUST-107523,2025-04-27,0,0,False,False,8599.750000000002,Current,DEBT_CONSOLIDATION
LN-503728,CUST-104458,2025-04-27,0,0,False,False,30491.199999999997,Current,DEBT_CONSOLIDATION
LN-503730,CUST-102366,2025-04-27,0,0,False,False,27857.11000000001,Current,DEBT_CONSOLIDATION
LN-503731,CUST-104418,2025-04-27,0,0,False,False,21672.2,Current,DEBT_CONSOLIDATION
LN-503732,CUST-102044,2025-04-27,0,0,False,False,35019.320000000014,Current,DEBT_CONSOLIDATION
LN-503733,CUST-103354,2025-04-27,0,0,False,False,4717.277499999999,Current,DEBT_CONSOLIDATION
LN-503734,CUST-103035,2025-04-27,0,0,False,False,19546.577499999996,Current,DEBT_CONSOLIDATION
LN-503735,CUST-105064,2025-04-27,0,0,False,False,19587.01,Current,DEBT_CONSOLIDATION
LN-503737,CUST-101157,2025-04-27,1,20,False,False,8396.889999999996,1-29,DEBT_CONSOLIDATION
LN-503738,CUST-100239,2025-04-27,0,0,False,False,8020.137499999999,Current,DEBT_CONSOLIDATION
LN-503739,CUST-105919,2025-04-27,0,0,False,False,10578.522499999995,Current,DEBT_CONSOLIDATION
LN-503740,CUST-106628,2025-04-27,0,0,False,False,13995.840000000004,Current,DEBT_CONSOLIDATION
LN-503741,CUST-105612,2025-04-27,0,0,False,False,35491.5775,Current,DEBT_CONSOLIDATION
LN-503742,CUST-102311,2025-04-27,0,0,False,False,24546.24000000001,Current,DEBT_CONSOLIDATION
LN-503743,CUST-107114,2025-04-27,0,0,False,False,11981.650000000003,Current,DEBT_CONSOLIDATION
LN-503744,CUST-107271,2025-04-27,0,0,False,False,19886.542500000003,Current,DEBT_CONSOLIDATION
LN-503745,CUST-101256,2025-04-27,0,0,False,False,10804.105000000003,Current,DEBT_CONSOLIDATION
LN-503746,CUST-101536,2025-04-27,0,0,False,False,39288.43000000002,Current,DEBT_CONSOLIDATION
LN-503747,CUST-101124,2025-04-27,0,0,False,False,37436.814999999995,Current,DEBT_CONSOLIDATION
LN-503748,CUST-103264,2025-04-27,0,0,False,False,42519.64999999998,Current,DEBT_CONSOLIDATION
LN-503749,CUST-104368,2025-04-27,0,0,False,False,21489.647500000014,Current,DEBT_CONSOLIDATION
LN-503751,CUST-102671,2025-04-27,0,0,False,False,17376.460000000003,Current,DEBT_CONSOLIDATION
LN-503752,CUST-101502,2025-04-27,0,0,False,False,44425.41,Current,DEBT_CONSOLIDATION
LN-503753,CUST-102215,2025-04-27,0,0,False,False,11995.865000000003,Current,DEBT_CONSOLIDATION
LN-503754,CUST-103823,2025-04-27,0,0,False,False,7558.159999999998,Current,DEBT_CONSOLIDATION
LN-503755,CUST-102018,2025-04-27,0,0,False,False,42822.59499999999,Current,DEBT_CONSOLIDATION
LN-503756,CUST-106230,2025-04-27,0,0,False,False,39888.505,Current,DEBT_CONSOLIDATION
LN-503758,CUST-104658,2025-04-27,0,0,False,False,38300.929999999986,Current,DEBT_CONSOLIDATION
LN-503759,CUST-102186,2025-04-27,0,0,False,False,44804.41,Current,DEBT_CONSOLIDATION
LN-503760,CUST-100083,2025-04-27,0,0,False,False,10300.12,Current,DEBT_CONSOLIDATION
LN-503761,CUST-102057,2025-04-27,0,0,False,False,32384.460000000003,Current,DEBT_CONSOLIDATION
LN-503762,CUST-105978,2025-04-27,1,3,False,False,14059.139999999996,1-29,DEBT_CONSOLIDATION
LN-503763,CUST-102970,2025-04-27,0,0,False,False,43810.98499999998,Current,DEBT_CONSOLIDATION
LN-503764,CUST-103001,2025-04-27,4,185,False,False,13460.869999999997,90+,DEBT_CONSOLIDATION
LN-503766,CUST-101644,2025-04-27,1,22,False,False,12430.0425,1-29,DEBT_CONSOLIDATION
LN-503768,CUST-100035,2025-04-27,0,0,False,False,22340.569999999996,Current,DEBT_CONSOLIDATION
LN-503770,CUST-103193,2025-04-27,0,0,False,False,17592.372500000012,Current,DEBT_CONSOLIDATION
LN-503771,CUST-107969,2025-04-27,0,0,False,False,100937.09,Current,DEBT_CONSOLIDATION
LN-503772,CUST-104581,2025-04-27,0,0,False,False,23423.775000000023,Current,DEBT_CONSOLIDATION
LN-503773,CUST-105339,2025-04-27,4,116,False,False,16123.734999999997,90+,DEBT_CONSOLIDATION
LN-503774,CUST-103789,2025-04-27,0,0,False,False,14467.63,Current,DEBT_CONSOLIDATION
LN-503775,CUST-102175,2025-04-27,0,0,False,False,45918.62000000002,Current,DEBT_CONSOLIDATION
LN-503776,CUST-106798,2025-04-27,0,0,False,False,23181.25999999999,Current,DEBT_CONSOLIDATION
LN-503777,CUST-102978,2025-04-27,0,0,False,False,37859.70000000003,Current,DEBT_CONSOLIDATION
LN-503778,CUST-101482,2025-04-27,0,0,False,False,11756.325000000003,Current,DEBT_CONSOLIDATION
LN-503779,CUST-101083,2025-04-27,0,0,False,False,18404.870000000006,Current,DEBT_CONSOLIDATION
LN-503780,CUST-104269,2025-04-27,0,0,False,False,9694.91999999999,Current,DEBT_CONSOLIDATION
LN-503781,CUST-103438,2025-04-27,0,0,False,False,9816.455000000009,Current,DEBT_CONSOLIDATION
LN-503782,CUST-103065,2025-04-27,0,0,False,False,38327.362499999996,Current,DEBT_CONSOLIDATION
LN-503783,CUST-101079,2025-04-27,0,0,False,False,15054.445,Current,DEBT_CONSOLIDATION
LN-503784,CUST-101994,2025-04-27,0,0,False,False,19283.83,Current,DEBT_CONSOLIDATION
LN-503785,CUST-103796,2025-04-27,0,0,False,False,105830.96000000002,Current,DEBT_CONSOLIDATION
LN-503786,CUST-100824,2025-04-27,0,0,False,False,17739.92,Current,DEBT_CONSOLIDATION
LN-503787,CUST-107524,2025-04-27,4,91,False,False,34356.07000000003,90+,DEBT_CONSOLIDATION
LN-503788,CUST-104648,2025-04-27,0,0,False,False,17175.25500000001,Current,DEBT_CONSOLIDATION
LN-503789,CUST-101732,2025-04-27,0,0,False,False,446016.76499999996,Current,DEBT_CONSOLIDATION
LN-503790,CUST-107219,2025-04-27,0,0,False,False,93362.01750000002,Current,DEBT_CONSOLIDATION
LN-503791,CUST-102884,2025-04-27,0,0,False,False,1385.6099999999997,Current,DEBT_CONSOLIDATION
LN-503792,CUST-104480,2025-04-27,0,0,False,False,42898.829999999994,Current,DEBT_CONSOLIDATION
LN-503793,CUST-101094,2025-04-27,0,0,False,False,25939.129999999994,Current,DEBT_CONSOLIDATION
LN-503794,CUST-102285,2025-04-27,0,0,False,False,35253.67000000001,Current,DEBT_CONSOLIDATION
LN-503795,CUST-105414,2025-04-27,0,0,False,False,34367.705,Current,DEBT_CONSOLIDATION
LN-503796,CUST-100354,2025-04-27,0,0,False,False,30788.610000000026,Current,DEBT_CONSOLIDATION
LN-503797,CUST-100743,2025-04-27,3,61,False,False,12080.189999999999,60-89,DEBT_CONSOLIDATION
LN-503798,CUST-104033,2025-04-27,0,0,False,False,13911.55000000001,Current,DEBT_CONSOLIDATION
LN-503799,CUST-100504,2025-04-27,0,0,False,False,49245.93999999997,Current,DEBT_CONSOLIDATION
LN-503801,CUST-100618,2025-04-27,0,0,False,False,20635.2,Current,DEBT_CONSOLIDATION
LN-503802,CUST-103003,2025-04-27,0,0,False,False,19565.505,Current,DEBT_CONSOLIDATION
LN-503803,CUST-104670,2025-04-27,0,0,False,False,46393.16,Current,DEBT_CONSOLIDATION
LN-503804,CUST-104195,2025-04-27,0,0,False,False,45353.7075,Current,DEBT_CONSOLIDATION
LN-503805,CUST-106052,2025-04-27,0,0,False,False,5697.510000000003,Current,DEBT_CONSOLIDATION
LN-503806,CUST-101861,2025-04-27,0,0,False,False,16669.0,Current,DEBT_CONSOLIDATION
LN-503807,CUST-103248,2025-04-27,0,0,False,False,37527.57,Current,DEBT_CONSOLIDATION
LN-503808,CUST-105128,2025-04-27,0,0,False,False,15211.879999999997,Current,DEBT_CONSOLIDATION
LN-503809,CUST-106352,2025-04-27,0,0,False,False,25960.134999999987,Current,DEBT_CONSOLIDATION
LN-503810,CUST-102306,2025-04-27,0,0,False,False,18817.4725,Current,DEBT_CONSOLIDATION
LN-503811,CUST-101979,2025-04-27,0,0,False,False,17143.46,Current,DEBT_CONSOLIDATION
LN-503812,CUST-103816,2025-04-27,0,0,False,False,3853.954999999997,Current,DEBT_CONSOLIDATION
LN-503813,CUST-103046,2025-04-27,0,0,False,False,33117.360000000044,Current,DEBT_CONSOLIDATION
LN-503814,CUST-101862,2025-04-27,0,0,False,False,12415.24,Current,DEBT_CONSOLIDATION
LN-503815,CUST-104063,2025-04-27,0,0,False,False,45747.86499999999,Current,DEBT_CONSOLIDATION
LN-503816,CUST-101431,2025-04-27,0,0,False,False,7033.110000000004,Current,DEBT_CONSOLIDATION
LN-503817,CUST-106993,2025-04-27,0,0,False,False,36424.89,Current,DEBT_CONSOLIDATION
LN-503818,CUST-100967,2025-04-27,0,0,False,False,26225.260000000002,Current,DEBT_CONSOLIDATION
LN-503819,CUST-106309,2025-04-27,0,0,False,False,19952.632500000014,Current,DEBT_CONSOLIDATION
LN-503820,CUST-101497,2025-04-27,0,0,False,False,21356.42,Current,DEBT_CONSOLIDATION
LN-503821,CUST-103584,2025-04-27,0,0,False,False,4160.920000000001,Current,DEBT_CONSOLIDATION
LN-503822,CUST-101665,2025-04-27,3,73,True,False,7610.090000000004,60-89,DEBT_CONSOLIDATION
LN-503823,CUST-105764,2025-04-27,0,0,False,False,7653.32,Current,DEBT_CONSOLIDATION
LN-503824,CUST-102569,2025-04-27,0,0,False,False,42725.14000000002,Current,DEBT_CONSOLIDATION
LN-503826,CUST-101059,2025-04-27,0,0,False,False,51688.82750000001,Current,DEBT_CONSOLIDATION
LN-503827,CUST-107188,2025-04-27,0,0,False,False,8645.65499999999,Current,DEBT_CONSOLIDATION
LN-503829,CUST-104031,2025-04-27,0,0,False,False,1964.7699999999988,Current,DEBT_CONSOLIDATION
LN-503830,CUST-103726,2025-04-27,0,0,False,False,592280.41,Current,DEBT_CONSOLIDATION
LN-503831,CUST-106969,2025-04-27,0,0,False,False,62835.454999999994,Current,DEBT_CONSOLIDATION
LN-503832,CUST-102094,2025-04-27,0,0,False,False,11910.15,Current,DEBT_CONSOLIDATION
LN-503834,CUST-101116,2025-04-27,0,0,False,False,25439.949999999993,Current,DEBT_CONSOLIDATION
LN-503835,CUST-100139,2025-04-27,0,0,False,False,9466.237500000001,Current,DEBT_CONSOLIDATION
LN-503836,CUST-105268,2025-04-27,1,19,False,False,35975.33000000001,1-29,DEBT_CONSOLIDATION
LN-503837,CUST-101259,2025-04-27,0,0,False,False,16669.6575,Current,DEBT_CONSOLIDATION
LN-503838,CUST-106564,2025-04-27,0,0,False,False,11811.734999999993,Current,DEBT_CONSOLIDATION
LN-503839,CUST-101564,2025-04-27,0,0,False,False,23533.890000000003,Current,DEBT_CONSOLIDATION
LN-503840,CUST-107604,2025-04-27,0,0,False,False,19828.500000000015,Current,DEBT_CONSOLIDATION
LN-503841,CUST-104511,2025-04-27,2,57,False,False,39663.567500000005,30-59,DEBT_CONSOLIDATION
LN-503842,CUST-107389,2025-04-27,0,0,False,False,19750.49000000002,Current,DEBT_CONSOLIDATION
LN-503843,CUST-105692,2025-04-27,0,0,False,False,19982.599999999984,Current,DEBT_CONSOLIDATION
LN-503844,CUST-100165,2025-04-27,0,0,False,False,6041.0725,Current,DEBT_CONSOLIDATION
LN-503845,CUST-105694,2025-04-27,0,0,False,False,13402.199999999997,Current,DEBT_CONSOLIDATION
LN-503846,CUST-104657,2025-04-27,0,0,False,False,7672.774999999999,Current,DEBT_CONSOLIDATION
LN-503847,CUST-104325,2025-04-27,0,0,False,False,549051.3700000007,Current,DEBT_CONSOLIDATION
LN-503848,CUST-101960,2025-04-27,0,0,False,False,9034.545000000006,Current,DEBT_CONSOLIDATION
LN-503849,CUST-107741,2025-04-27,0,0,False,False,17282.76499999998,Current,DEBT_CONSOLIDATION
LN-503850,CUST-107105,2025-04-27,1,27,False,False,8354.885000000002,1-29,DEBT_CONSOLIDATION
LN-503851,CUST-102644,2025-04-27,0,0,False,False,7669.410000000005,Current,DEBT_CONSOLIDATION
LN-503852,CUST-101904,2025-04-27,3,62,False,False,20245.980000000003,60-89,DEBT_CONSOLIDATION
LN-503853,CUST-100741,2025-04-27,0,0,False,False,9938.287500000011,Current,DEBT_CONSOLIDATION
LN-503854,CUST-107149,2025-04-27,2,31,False,False,34547.26,30-59,DEBT_CONSOLIDATION
LN-503855,CUST-107512,2025-04-27,0,0,False,False,21371.869999999988,Current,DEBT_CONSOLIDATION
LN-503857,CUST-103678,2025-04-27,0,0,False,False,26041.71499999999,Current,DEBT_CONSOLIDATION
LN-503858,CUST-105655,2025-04-27,0,0,False,False,43096.54999999999,Current,DEBT_CONSOLIDATION
LN-503859,CUST-106267,2025-04-27,0,0,False,False,9044.835000000005,Current,DEBT_CONSOLIDATION
LN-503860,CUST-102263,2025-04-27,0,0,False,False,47925.84249999999,Current,DEBT_CONSOLIDATION
LN-503861,CUST-100732,2025-04-27,0,0,False,False,24361.114999999998,Current,DEBT_CONSOLIDATION
LN-503862,CUST-101071,2025-04-27,0,0,False,False,51245.0,Current,DEBT_CONSOLIDATION
LN-503863,CUST-107367,2025-04-27,0,0,False,False,42613.42999999999,Current,DEBT_CONSOLIDATION
LN-503865,CUST-105212,2025-04-27,0,0,False,False,28332.672499999997,Current,DEBT_CONSOLIDATION
LN-503866,CUST-105390,2025-04-27,0,0,False,False,41273.88750000001,Current,DEBT_CONSOLIDATION
LN-503869,CUST-104169,2025-04-27,0,0,False,False,29068.564999999995,Current,DEBT_CONSOLIDATION
LN-503871,CUST-102861,2025-04-27,0,0,False,False,31223.92,Current,DEBT_CONSOLIDATION
LN-503872,CUST-107628,2025-04-27,0,0,False,False,14257.970000000012,Current,DEBT_CONSOLIDATION
LN-503873,CUST-107861,2025-04-27,0,0,False,False,20282.037500000013,Current,DEBT_CONSOLIDATION
LN-503874,CUST-104414,2025-04-27,0,0,False,False,97550.04499999998,Current,DEBT_CONSOLIDATION
LN-503875,CUST-106265,2025-04-27,0,0,False,False,24767.66000000001,Current,DEBT_CONSOLIDATION
LN-503876,CUST-106041,2025-04-27,0,0,False,False,2662.0399999999972,Current,DEBT_CONSOLIDATION
LN-503877,CUST-105263,2025-04-27,0,0,False,False,4496.4299999999985,Current,DEBT_CONSOLIDATION
LN-503879,CUST-106126,2025-04-27,1,23,False,False,26710.710000000006,1-29,DEBT_CONSOLIDATION
LN-503880,CUST-100313,2025-04-27,0,0,False,False,17080.025000000005,Current,DEBT_CONSOLIDATION
LN-503881,CUST-107715,2025-04-27,0,0,False,False,25325.58,Current,DEBT_CONSOLIDATION
LN-503882,CUST-103887,2025-04-27,0,0,False,False,24973.229999999996,Current,DEBT_CONSOLIDATION
LN-503883,CUST-105476,2025-04-27,0,0,False,False,20853.434999999998,Current,DEBT_CONSOLIDATION
LN-503884,CUST-107259,2025-04-27,4,129,False,False,35954.67500000001,90+,DEBT_CONSOLIDATION
LN-503885,CUST-104421,2025-04-27,0,0,False,False,112592.59499999997,Current,DEBT_CONSOLIDATION
LN-503887,CUST-107992,2025-04-27,0,0,False,False,60726.01,Current,DEBT_CONSOLIDATION
LN-503888,CUST-107330,2025-04-27,0,0,False,False,4716.5775,Current,DEBT_CONSOLIDATION
LN-503889,CUST-107018,2025-04-27,0,0,False,False,19447.507499999996,Current,DEBT_CONSOLIDATION
LN-503890,CUST-101034,2025-04-27,3,65,True,False,33645.66499999999,60-89,DEBT_CONSOLIDATION
LN-503891,CUST-102650,2025-04-27,0,0,False,False,1032.1199999999992,Current,DEBT_CONSOLIDATION
LN-503892,CUST-100934,2025-04-27,0,0,False,False,43499.285000000025,Current,DEBT_CONSOLIDATION
LN-503893,CUST-101302,2025-04-27,0,0,False,False,11883.415,Current,DEBT_CONSOLIDATION
LN-503895,CUST-100475,2025-04-27,0,0,False,False,14005.537500000002,Current,DEBT_CONSOLIDATION
LN-503896,CUST-100332,2025-04-27,0,0,False,False,601064.9100000001,Current,DEBT_CONSOLIDATION
LN-503897,CUST-102361,2025-04-27,0,0,False,False,20142.59500000001,Current,DEBT_CONSOLIDATION
LN-503898,CUST-100723,2025-04-27,0,0,False,False,11110.47,Current,DEBT_CONSOLIDATION
LN-503899,CUST-100998,2025-04-27,0,0,False,False,32545.34500000002,Current,DEBT_CONSOLIDATION
LN-503900,CUST-102612,2025-04-27,0,0,False,False,2023.9524999999983,Current,DEBT_CONSOLIDATION
LN-503901,CUST-101073,2025-04-27,0,0,False,False,15674.15,Current,DEBT_CONSOLIDATION
LN-503903,CUST-105706,2025-04-27,0,0,False,False,25831.434999999998,Current,DEBT_CONSOLIDATION
LN-503904,CUST-105502,2025-04-27,0,0,False,False,252536.49999999994,Current,DEBT_CONSOLIDATION
LN-503906,CUST-102109,2025-04-27,0,0,False,False,136596.0424999999,Current,DEBT_CONSOLIDATION
LN-503907,CUST-104815,2025-04-27,0,0,False,False,26386.612499999996,Current,DEBT_CONSOLIDATION
LN-503908,CUST-101734,2025-04-27,0,0,False,False,38013.50499999999,Current,DEBT_CONSOLIDATION
LN-503909,CUST-103335,2025-04-27,0,0,False,False,28365.950000000004,Current,DEBT_CONSOLIDATION
LN-503910,CUST-102790,2025-04-27,0,0,False,False,276643.2025000001,Current,DEBT_CONSOLIDATION
LN-503912,CUST-106044,2025-04-27,0,0,False,False,26832.7975,Current,DEBT_CONSOLIDATION
LN-503913,CUST-102088,2025-04-27,0,0,False,False,44296.99,Current,DEBT_CONSOLIDATION
LN-503914,CUST-105159,2025-04-27,0,0,False,False,10180.509999999997,Current,DEBT_CONSOLIDATION
LN-503915,CUST-100333,2025-04-27,0,0,False,False,12726.1,Current,DEBT_CONSOLIDATION
LN-503916,CUST-104493,2025-04-27,0,0,False,False,47021.69499999999,Current,DEBT_CONSOLIDATION
LN-503917,CUST-105653,2025-04-27,0,0,False,False,97428.01249999997,Current,DEBT_CONSOLIDATION
LN-503918,CUST-101049,2025-04-27,0,0,False,False,29912.170000000002,Current,DEBT_CONSOLIDATION
LN-503919,CUST-106909,2025-04-27,0,0,False,False,37492.049999999996,Current,DEBT_CONSOLIDATION
LN-503920,CUST-103541,2025-04-27,0,0,False,False,28804.962499999998,Current,DEBT_CONSOLIDATION
LN-503921,CUST-102835,2025-04-27,0,0,False,False,39070.21,Current,DEBT_CONSOLIDATION
LN-503922,CUST-101882,2025-04-27,0,0,False,False,9767.549999999994,Current,DEBT_CONSOLIDATION
LN-503923,CUST-105355,2025-04-27,0,0,False,False,124117.24999999997,Current,DEBT_CONSOLIDATION
LN-503924,CUST-104397,2025-04-27,0,0,False,False,110946.77249999999,Current,DEBT_CONSOLIDATION
LN-503925,CUST-107251,2025-04-27,0,0,False,False,188519.01999999993,Current,DEBT_CONSOLIDATION
LN-503926,CUST-106626,2025-04-27,1,14,False,False,13825.085000000001,1-29,DEBT_CONSOLIDATION
LN-503927,CUST-107990,2025-04-27,0,0,False,False,22585.710000000003,Current,DEBT_CONSOLIDATION
LN-503928,CUST-101441,2025-04-27,0,0,False,False,9952.282500000001,Current,DEBT_CONSOLIDATION
LN-503929,CUST-103645,2025-04-27,0,0,False,False,30447.205,Current,DEBT_CONSOLIDATION
LN-503931,CUST-102402,2025-04-27,0,0,False,False,24701.760000000006,Current,DEBT_CONSOLIDATION
LN-503932,CUST-101284,2025-04-27,0,0,False,False,25858.237500000007,Current,DEBT_CONSOLIDATION
LN-503933,CUST-107230,2025-04-27,0,0,False,False,3788.1099999999988,Current,DEBT_CONSOLIDATION
LN-503935,CUST-107754,2025-04-27,0,0,False,False,35298.570000000036,Current,DEBT_CONSOLIDATION
LN-503936,CUST-101607,2025-04-27,0,0,False,False,14445.020000000006,Current,DEBT_CONSOLIDATION
LN-503937,CUST-101587,2025-04-27,0,0,False,False,51335.549999999996,Current,DEBT_CONSOLIDATION
LN-503938,CUST-106622,2025-04-27,0,0,False,False,17162.717499999988,Current,DEBT_CONSOLIDATION
LN-503939,CUST-103588,2025-04-27,0,0,False,False,169233.7900000001,Current,DEBT_CONSOLIDATION
LN-503940,CUST-107979,2025-04-27,0,0,False,False,9577.239999999994,Current,DEBT_CONSOLIDATION
LN-503941,CUST-107380,2025-04-27,1,8,False,False,11114.697499999998,1-29,DEBT_CONSOLIDATION
LN-503942,CUST-104491,2025-04-27,0,0,False,False,139399.62750000003,Current,DEBT_CONSOLIDATION
LN-503943,CUST-106627,2025-04-27,0,0,False,False,36361.17,Current,DEBT_CONSOLIDATION
LN-503944,CUST-102012,2025-04-27,0,0,False,False,77739.85999999994,Current,DEBT_CONSOLIDATION
LN-503945,CUST-100589,2025-04-27,0,0,False,False,24353.765000000007,Current,DEBT_CONSOLIDATION
LN-503946,CUST-104443,2025-04-27,0,0,False,False,57013.69750000001,Current,DEBT_CONSOLIDATION
LN-503947,CUST-100722,2025-04-27,0,0,False,False,14507.597500000007,Current,DEBT_CONSOLIDATION
LN-503949,CUST-100169,2025-04-27,0,0,False,False,8315.02000000001,Current,DEBT_CONSOLIDATION
LN-503950,CUST-103393,2025-04-27,0,0,False,False,14001.500000000011,Current,DEBT_CONSOLIDATION
LN-503951,CUST-101731,2025-04-27,0,0,False,False,45205.542500000025,Current,DEBT_CONSOLIDATION
LN-503952,CUST-105194,2025-04-27,0,0,False,False,332148.98000000004,Current,DEBT_CONSOLIDATION
LN-503953,CUST-100965,2025-04-27,0,0,False,False,2742.42,Current,DEBT_CONSOLIDATION
LN-503954,CUST-103649,2025-04-27,0,0,False,False,13938.220000000003,Current,DEBT_CONSOLIDATION
LN-503955,CUST-106910,2025-04-27,0,0,False,False,9596.045,Current,DEBT_CONSOLIDATION
LN-503956,CUST-103891,2025-04-27,3,86,False,False,19867.742500000015,60-89,DEBT_CONSOLIDATION
LN-503958,CUST-107845,2025-04-27,0,0,False,False,1593.6524999999995,Current,DEBT_CONSOLIDATION
LN-503959,CUST-103355,2025-04-27,0,0,False,False,39030.829999999994,Current,DEBT_CONSOLIDATION
LN-503960,CUST-103038,2025-04-27,0,0,False,False,25636.049999999974,Current,DEBT_CONSOLIDATION
LN-503961,CUST-101742,2025-04-27,0,0,False,False,14415.562500000007,Current,DEBT_CONSOLIDATION
LN-503962,CUST-102114,2025-04-27,0,0,False,False,6873.412499999995,Current,DEBT_CONSOLIDATION
LN-503963,CUST-104432,2025-04-27,0,0,False,False,26026.34,Current,DEBT_CONSOLIDATION
LN-503964,CUST-106582,2025-04-27,0,0,False,False,394832.12999999995,Current,DEBT_CONSOLIDATION
LN-503965,CUST-103345,2025-04-27,0,0,False,False,19503.605,Current,DEBT_CONSOLIDATION
LN-503966,CUST-107677,2025-04-27,0,0,False,False,2850.5775000000003,Current,DEBT_CONSOLIDATION
LN-503967,CUST-106754,2025-04-27,0,0,False,False,29699.015,Current,DEBT_CONSOLIDATION
LN-503968,CUST-102481,2025-04-27,0,0,False,False,32752.380000000005,Current,DEBT_CONSOLIDATION
LN-503969,CUST-105009,2025-04-27,0,0,False,False,12169.48,Current,DEBT_CONSOLIDATION
LN-503970,CUST-107311,2025-04-27,0,0,False,False,20876.292500000003,Current,DEBT_CONSOLIDATION
LN-503971,CUST-102988,2025-04-27,0,0,False,False,116359.72500000003,Current,DEBT_CONSOLIDATION
LN-503972,CUST-105770,2025-04-27,0,0,False,False,101133.2,Current,DEBT_CONSOLIDATION
LN-503973,CUST-104324,2025-04-27,0,0,False,False,44437.65749999999,Current,DEBT_CONSOLIDATION
LN-503974,CUST-106412,2025-04-27,0,0,False,False,13190.155000000002,Current,DEBT_CONSOLIDATION
LN-503975,CUST-105512,2025-04-27,0,0,False,False,16714.399999999998,Current,DEBT_CONSOLIDATION
LN-503976,CUST-103403,2025-04-27,0,0,False,False,21533.93,Current,DEBT_CONSOLIDATION
LN-503978,CUST-104072,2025-04-27,0,0,False,False,18510.510000000002,Current,DEBT_CONSOLIDATION
LN-503979,CUST-106195,2025-04-27,0,0,False,False,26585.940000000002,Current,DEBT_CONSOLIDATION
LN-503980,CUST-101206,2025-04-27,0,0,False,False,16501.807500000006,Current,DEBT_CONSOLIDATION
LN-503981,CUST-107252,2025-04-27,0,0,False,False,28900.880000000012,Current,DEBT_CONSOLIDATION
LN-503982,CUST-101253,2025-04-27,0,0,False,False,13534.714999999998,Current,DEBT_CONSOLIDATION
LN-503983,CUST-106080,2025-04-27,0,0,False,False,6181.95,Current,DEBT_CONSOLIDATION
LN-503984,CUST-105709,2025-04-27,0,0,False,False,7588.277500000004,Current,DEBT_CONSOLIDATION
LN-503985,CUST-104456,2025-04-27,0,0,False,False,36339.48999999998,Current,DEBT_CONSOLIDATION
LN-503986,CUST-101498,2025-04-27,0,0,False,False,22567.78,Current,DEBT_CONSOLIDATION
LN-503987,CUST-106320,2025-04-27,0,0,False,False,8939.77,Current,DEBT_CONSOLIDATION
LN-503988,CUST-100229,2025-04-27,1,11,False,False,18736.71750000001,1-29,DEBT_CONSOLIDATION
LN-503989,CUST-107449,2025-04-27,0,0,False,False,53593.77999999998,Current,DEBT_CONSOLIDATION
LN-503990,CUST-102134,2025-04-27,0,0,False,False,17802.4025,Current,DEBT_CONSOLIDATION
LN-503991,CUST-100836,2025-04-27,4,125,False,False,13850.477499999995,90+,DEBT_CONSOLIDATION
LN-503993,CUST-101324,2025-04-27,0,0,True,False,2579.787500000001,Current,DEBT_CONSOLIDATION
LN-503994,CUST-105855,2025-04-27,0,0,False,False,3631.3,Current,DEBT_CONSOLIDATION
LN-503995,CUST-105765,2025-04-27,0,0,False,False,3407.862499999999,Current,DEBT_CONSOLIDATION
LN-503996,CUST-105079,2025-04-27,0,0,False,False,70179.96250000001,Current,DEBT_CONSOLIDATION
LN-503997,CUST-104936,2025-04-27,0,0,False,False,21800.449999999997,Current,DEBT_CONSOLIDATION
LN-503998,CUST-106201,2025-04-27,0,0,False,False,12178.364999999989,Current,DEBT_CONSOLIDATION
LN-504000,CUST-104831,2025-04-27,0,0,False,False,8361.8175,Current,DEBT_CONSOLIDATION
LN-504001,CUST-101797,2025-04-27,2,31,False,False,8192.984999999997,30-59,DEBT_CONSOLIDATION
LN-504002,CUST-102024,2025-04-27,0,0,False,False,37433.720000000016,Current,DEBT_CONSOLIDATION
LN-504003,CUST-105665,2025-04-27,1,2,False,False,34837.17999999999,1-29,DEBT_CONSOLIDATION
LN-504004,CUST-101350,2025-04-27,0,0,False,False,15083.560000000009,Current,DEBT_CONSOLIDATION
LN-504006,CUST-103299,2025-04-27,0,0,False,False,9939.987500000001,Current,DEBT_CONSOLIDATION
LN-504007,CUST-106967,2025-04-27,0,0,False,False,11050.805000000006,Current,DEBT_CONSOLIDATION
LN-504010,CUST-104727,2025-04-27,0,0,False,False,41152.14,Current,DEBT_CONSOLIDATION
LN-504011,CUST-100403,2025-04-27,0,0,False,False,5551.27,Current,DEBT_CONSOLIDATION
LN-504012,CUST-105600,2025-04-27,0,0,False,False,77791.00749999998,Current,DEBT_CONSOLIDATION
LN-504013,CUST-103945,2025-04-27,0,0,False,False,6807.955000000003,Current,DEBT_CONSOLIDATION
LN-504014,CUST-106355,2025-04-27,0,0,False,False,4287.495000000001,Current,DEBT_CONSOLIDATION
LN-504015,CUST-101335,2025-04-27,0,0,False,False,3348.7725,Current,DEBT_CONSOLIDATION
LN-504016,CUST-103527,2025-04-27,0,0,False,False,16846.417499999996,Current,DEBT_CONSOLIDATION
LN-504018,CUST-105001,2025-04-27,0,0,False,False,10515.862499999996,Current,DEBT_CONSOLIDATION
LN-504019,CUST-103524,2025-04-27,0,0,False,False,43769.345000000016,Current,DEBT_CONSOLIDATION
LN-504020,CUST-107492,2025-04-27,0,0,True,False,11888.71,Current,DEBT_CONSOLIDATION
LN-504021,CUST-106276,2025-04-27,0,0,False,False,19643.950000000008,Current,DEBT_CONSOLIDATION
LN-504022,CUST-107424,2025-04-27,0,0,False,False,37160.30999999996,Current,DEBT_CONSOLIDATION
LN-504023,CUST-107064,2025-04-27,0,0,False,False,10274.24,Current,DEBT_CONSOLIDATION
LN-504024,CUST-104217,2025-04-27,0,0,False,False,13609.605,Current,DEBT_CONSOLIDATION
LN-504025,CUST-103820,2025-04-27,0,0,False,False,9196.955,Current,DEBT_CONSOLIDATION
LN-504026,CUST-100310,2025-04-27,0,0,False,False,48069.83,Current,DEBT_CONSOLIDATION
LN-504028,CUST-107222,2025-04-27,0,0,False,False,50648.93,Current,DEBT_CONSOLIDATION
LN-504029,CUST-107983,2025-04-27,0,0,False,False,18048.9525,Current,DEBT_CONSOLIDATION
LN-504030,CUST-103729,2025-04-27,0,0,False,False,5341.8150000000005,Current,DEBT_CONSOLIDATION
LN-504031,CUST-104549,2025-04-27,0,0,False,False,38936.487499999974,Current,DEBT_CONSOLIDATION
LN-504032,CUST-105897,2025-04-27,0,0,False,False,19684.947500000006,Current,DEBT_CONSOLIDATION
LN-504033,CUST-101327,2025-04-27,0,0,False,False,25871.7325,Current,DEBT_CONSOLIDATION
LN-504034,CUST-103774,2025-04-27,0,0,False,False,27368.9,Current,DEBT_CONSOLIDATION
LN-504035,CUST-106030,2025-04-27,0,0,False,False,49239.05000000003,Current,DEBT_CONSOLIDATION
LN-504036,CUST-104199,2025-04-27,0,0,False,False,34318.69999999998,Current,DEBT_CONSOLIDATION
LN-504037,CUST-107337,2025-04-27,0,0,False,False,9882.735000000004,Current,DEBT_CONSOLIDATION
LN-504038,CUST-105639,2025-04-27,0,0,False,False,21909.66,Current,DEBT_CONSOLIDATION
LN-504040,CUST-102131,2025-04-27,0,0,False,False,41048.48,Current,DEBT_CONSOLIDATION
LN-504041,CUST-103773,2025-04-27,0,0,False,False,16958.047499999993,Current,DEBT_CONSOLIDATION
LN-504042,CUST-103920,2025-04-27,0,0,False,False,33989.002499999995,Current,DEBT_CONSOLIDATION
LN-504043,CUST-102243,2025-04-27,1,23,False,False,74409.13,1-29,DEBT_CONSOLIDATION
LN-504045,CUST-103126,2025-04-27,0,0,False,False,7073.695000000001,Current,DEBT_CONSOLIDATION
LN-504046,CUST-106378,2025-04-27,0,0,False,False,44952.31,Current,DEBT_CONSOLIDATION
LN-504047,CUST-107525,2025-04-27,0,0,False,False,509728.0999999999,Current,DEBT_CONSOLIDATION
LN-504048,CUST-105237,2025-04-27,0,0,False,False,13177.859999999991,Current,DEBT_CONSOLIDATION
LN-504049,CUST-106407,2025-04-27,0,0,False,False,4754.690000000004,Current,DEBT_CONSOLIDATION
LN-504050,CUST-101687,2025-04-27,0,0,False,False,17627.70249999998,Current,DEBT_CONSOLIDATION
LN-504052,CUST-106441,2025-04-27,0,0,False,False,13924.989999999987,Current,DEBT_CONSOLIDATION
LN-504053,CUST-107924,2025-04-27,0,0,False,False,11899.740000000003,Current,DEBT_CONSOLIDATION
LN-504054,CUST-100039,2025-04-27,0,0,False,False,5544.77,Current,DEBT_CONSOLIDATION
LN-504055,CUST-100899,2025-04-27,3,76,False,False,50403.65,60-89,DEBT_CONSOLIDATION
LN-504056,CUST-107863,2025-04-27,0,0,False,False,10285.81,Current,DEBT_CONSOLIDATION
LN-504057,CUST-106421,2025-04-27,0,0,False,False,5033.449999999999,Current,DEBT_CONSOLIDATION
LN-504058,CUST-105154,2025-04-27,0,0,False,False,48032.21999999997,Current,DEBT_CONSOLIDATION
LN-504059,CUST-104898,2025-04-27,0,0,False,False,3481.0275,Current,DEBT_CONSOLIDATION
LN-504060,CUST-101260,2025-04-27,0,0,False,False,2106.165,Current,DEBT_CONSOLIDATION
LN-504063,CUST-107623,2025-04-27,0,0,False,False,31975.469999999972,Current,DEBT_CONSOLIDATION
LN-504064,CUST-104842,2025-04-27,0,0,False,False,49490.725,Current,DEBT_CONSOLIDATION
LN-504065,CUST-104284,2025-04-27,0,0,False,False,13104.220000000014,Current,DEBT_CONSOLIDATION
LN-504067,CUST-101253,2025-04-27,0,0,False,False,180998.77999999994,Current,DEBT_CONSOLIDATION
LN-504068,CUST-102724,2025-04-27,0,0,False,False,28079.81,Current,DEBT_CONSOLIDATION
LN-504069,CUST-103817,2025-04-27,0,0,False,False,34217.37499999996,Current,DEBT_CONSOLIDATION
LN-504070,CUST-106501,2025-04-27,0,0,False,False,4385.092499999998,Current,DEBT_CONSOLIDATION
LN-504071,CUST-100349,2025-04-27,0,0,False,False,32670.06750000001,Current,DEBT_CONSOLIDATION
LN-504072,CUST-102787,2025-04-27,0,0,False,False,50136.54499999999,Current,DEBT_CONSOLIDATION
LN-504073,CUST-105157,2025-04-27,0,0,False,False,18324.41500000001,Current,DEBT_CONSOLIDATION
LN-504074,CUST-100249,2025-04-27,0,0,False,False,10283.26,Current,DEBT_CONSOLIDATION
LN-504075,CUST-102195,2025-04-27,1,12,False,False,46232.77,1-29,DEBT_CONSOLIDATION
LN-504076,CUST-107068,2025-04-27,0,0,False,False,11493.6,Current,DEBT_CONSOLIDATION
LN-504077,CUST-104217,2025-04-27,0,0,False,False,26189.329999999998,Current,DEBT_CONSOLIDATION
LN-504078,CUST-103797,2025-04-27,0,0,False,False,17255.74499999999,Current,DEBT_CONSOLIDATION
LN-504080,CUST-102150,2025-04-27,0,0,False,False,47005.4925,Current,DEBT_CONSOLIDATION
LN-504081,CUST-106566,2025-04-27,0,0,False,False,132577.66000000006,Current,DEBT_CONSOLIDATION
LN-504082,CUST-101470,2025-04-27,0,0,False,False,46362.36,Current,DEBT_CONSOLIDATION
LN-504083,CUST-100374,2025-04-27,0,0,False,False,13227.887500000008,Current,DEBT_CONSOLIDATION
LN-504085,CUST-101524,2025-04-27,0,0,False,False,20777.249999999996,Current,DEBT_CONSOLIDATION
LN-504086,CUST-102865,2025-04-27,0,0,False,False,47022.73999999998,Current,DEBT_CONSOLIDATION
LN-504088,CUST-106468,2025-04-27,0,0,False,False,7226.679999999997,Current,DEBT_CONSOLIDATION
LN-504089,CUST-101133,2025-04-27,0,0,False,False,38674.745000000024,Current,DEBT_CONSOLIDATION
LN-504090,CUST-103010,2025-04-27,0,0,False,False,9425.647500000008,Current,DEBT_CONSOLIDATION
LN-504091,CUST-107487,2025-04-27,0,0,False,False,16302.550000000001,Current,DEBT_CONSOLIDATION
LN-504092,CUST-105672,2025-04-27,0,0,False,False,11001.90999999999,Current,DEBT_CONSOLIDATION
LN-504093,CUST-103028,2025-04-27,0,0,True,False,28781.89,Current,DEBT_CONSOLIDATION
LN-504094,CUST-103614,2025-04-27,0,0,False,False,8820.369999999999,Current,DEBT_CONSOLIDATION
LN-504095,CUST-105945,2025-04-27,0,0,False,False,18353.82250000001,Current,DEBT_CONSOLIDATION
LN-504096,CUST-103459,2025-04-27,0,0,False,False,123393.44000000005,Current,DEBT_CONSOLIDATION
LN-504097,CUST-104136,2025-04-27,0,0,False,False,32964.11500000002,Current,DEBT_CONSOLIDATION
LN-504098,CUST-103097,2025-04-27,0,0,False,False,9527.329999999996,Current,DEBT_CONSOLIDATION
LN-504099,CUST-104861,2025-04-27,0,0,False,False,21921.19000000001,Current,DEBT_CONSOLIDATION
LN-504100,CUST-106612,2025-04-27,0,0,False,False,12557.78,Current,DEBT_CONSOLIDATION
LN-504101,CUST-106320,2025-04-27,0,0,False,False,7412.785,Current,DEBT_CONSOLIDATION
LN-504102,CUST-102314,2025-04-27,0,0,False,False,38062.85750000003,Current,DEBT_CONSOLIDATION
LN-504104,CUST-100176,2025-04-27,0,0,False,False,22731.32999999998,Current,DEBT_CONSOLIDATION
LN-504105,CUST-102498,2025-04-27,0,0,False,False,3664.63,Current,DEBT_CONSOLIDATION
LN-504106,CUST-104553,2025-04-27,0,0,False,False,11915.837499999998,Current,DEBT_CONSOLIDATION
LN-504107,CUST-101012,2025-04-27,0,0,False,False,18173.5,Current,DEBT_CONSOLIDATION
LN-504108,CUST-102425,2025-04-27,0,0,False,False,18879.71,Current,DEBT_CONSOLIDATION
LN-504109,CUST-107850,2025-04-27,0,0,False,False,55576.587499999994,Current,DEBT_CONSOLIDATION
LN-504110,CUST-102830,2025-04-27,0,0,False,False,17401.75999999999,Current,DEBT_CONSOLIDATION
LN-504111,CUST-101364,2025-04-27,0,0,False,False,437070.545,Current,DEBT_CONSOLIDATION
LN-504112,CUST-103359,2025-04-27,0,0,False,False,16581.42750000001,Current,DEBT_CONSOLIDATION
LN-504113,CUST-105136,2025-04-27,0,0,False,False,28199.96,Current,DEBT_CONSOLIDATION
LN-504114,CUST-101638,2025-04-27,0,0,False,False,24793.555,Current,DEBT_CONSOLIDATION
LN-504115,CUST-103569,2025-04-27,2,31,False,False,25083.060000000012,30-59,DEBT_CONSOLIDATION
LN-504116,CUST-106116,2025-04-27,0,0,False,False,8579.862499999996,Current,DEBT_CONSOLIDATION
LN-504117,CUST-101282,2025-04-27,0,0,False,False,8407.900000000005,Current,DEBT_CONSOLIDATION
LN-504118,CUST-104724,2025-04-27,1,3,False,False,18546.350000000002,1-29,DEBT_CONSOLIDATION
LN-504119,CUST-106810,2025-04-27,0,0,False,False,18998.11749999999,Current,DEBT_CONSOLIDATION
LN-504120,CUST-105271,2025-04-27,0,0,False,False,15758.770000000017,Current,DEBT_CONSOLIDATION
LN-504121,CUST-100405,2025-04-27,0,0,False,False,34423.73,Current,DEBT_CONSOLIDATION
LN-504122,CUST-100763,2025-04-27,0,0,False,False,26696.09249999999,Current,DEBT_CONSOLIDATION
LN-504124,CUST-100385,2025-04-27,0,0,False,False,19321.484999999997,Current,DEBT_CONSOLIDATION
LN-504125,CUST-100976,2025-04-27,0,0,False,False,9181.365000000002,Current,DEBT_CONSOLIDATION
LN-504126,CUST-100463,2025-04-27,0,0,False,False,7615.305000000004,Current,DEBT_CONSOLIDATION
LN-504127,CUST-107319,2025-04-27,0,0,False,False,7421.549999999998,Current,DEBT_CONSOLIDATION
LN-504128,CUST-102757,2025-04-27,2,39,False,False,13704.98,30-59,DEBT_CONSOLIDATION
LN-504129,CUST-105517,2025-04-27,0,0,False,False,4061.527499999999,Current,DEBT_CONSOLIDATION
LN-504131,CUST-102547,2025-04-27,0,0,False,False,525.9700000000003,Current,DEBT_CONSOLIDATION
LN-504132,CUST-100324,2025-04-27,2,45,False,False,521041.3400000001,30-59,DEBT_CONSOLIDATION
LN-504133,CUST-101291,2025-04-27,0,0,False,False,5177.8225,Current,DEBT_CONSOLIDATION
LN-504134,CUST-103007,2025-04-27,0,0,False,False,45529.897500000014,Current,DEBT_CONSOLIDATION
LN-504135,CUST-102965,2025-04-27,0,0,False,False,4548.27,Current,DEBT_CONSOLIDATION
LN-504136,CUST-102582,2025-04-27,0,0,False,False,35679.215,Current,DEBT_CONSOLIDATION
LN-504137,CUST-107846,2025-04-27,1,22,False,False,18520.094999999998,1-29,DEBT_CONSOLIDATION
LN-504138,CUST-100321,2025-04-27,0,0,False,False,32534.0625,Current,DEBT_CONSOLIDATION
LN-504139,CUST-106571,2025-04-27,0,0,False,False,6752.204999999999,Current,DEBT_CONSOLIDATION
LN-504140,CUST-101595,2025-04-27,0,0,False,False,12016.145,Current,DEBT_CONSOLIDATION
LN-504141,CUST-107433,2025-04-27,0,0,False,False,40855.82000000001,Current,DEBT_CONSOLIDATION
LN-504143,CUST-103349,2025-04-27,0,0,False,False,28139.407499999998,Current,DEBT_CONSOLIDATION
LN-504144,CUST-101727,2025-04-27,3,71,False,False,28044.932500000006,60-89,DEBT_CONSOLIDATION
LN-504145,CUST-101032,2025-04-27,0,0,False,False,38961.20500000001,Current,DEBT_CONSOLIDATION
LN-504146,CUST-101906,2025-04-27,0,0,False,False,16503.129999999994,Current,DEBT_CONSOLIDATION
LN-504147,CUST-104579,2025-04-27,0,0,False,False,131883.28000000003,Current,DEBT_CONSOLIDATION
LN-504148,CUST-101069,2025-04-27,0,0,False,False,12252.187500000004,Current,DEBT_CONSOLIDATION
LN-504149,CUST-102000,2025-04-27,0,0,False,False,7349.085000000001,Current,DEBT_CONSOLIDATION
LN-504150,CUST-102833,2025-04-27,0,0,False,False,101069.56999999998,Current,DEBT_CONSOLIDATION
LN-504152,CUST-105220,2025-04-27,0,0,False,False,15956.282499999994,Current,DEBT_CONSOLIDATION
LN-504153,CUST-107677,2025-04-27,0,0,False,False,10384.345,Current,DEBT_CONSOLIDATION
LN-504154,CUST-105164,2025-04-27,3,63,False,False,15831.929999999993,60-89,DEBT_CONSOLIDATION
LN-504155,CUST-103495,2025-04-27,1,31,False,True,77445.95250000001,1-29,DEBT_CONSOLIDATION
LN-504156,CUST-107747,2025-04-27,0,0,False,False,19694.5225,Current,DEBT_CONSOLIDATION
LN-504157,CUST-105695,2025-04-27,0,0,False,False,29542.150000000005,Current,DEBT_CONSOLIDATION
LN-504158,CUST-104584,2025-04-27,0,0,False,False,14920.925000000001,Current,DEBT_CONSOLIDATION
LN-504159,CUST-101005,2025-04-27,0,0,False,False,3845.187500000002,Current,DEBT_CONSOLIDATION
LN-504160,CUST-102437,2025-04-27,0,0,False,False,12141.710000000001,Current,DEBT_CONSOLIDATION
LN-504161,CUST-106147,2025-04-27,0,0,False,False,106292.74000000002,Current,DEBT_CONSOLIDATION
LN-504162,CUST-104651,2025-04-27,0,0,False,False,314645.5525000001,Current,DEBT_CONSOLIDATION
LN-504163,CUST-104719,2025-04-27,0,0,False,False,24319.394999999997,Current,DEBT_CONSOLIDATION
LN-504164,CUST-107344,2025-04-27,2,38,False,False,48696.04000000001,30-59,DEBT_CONSOLIDATION
LN-504166,CUST-106019,2025-04-27,0,0,False,False,18612.32,Current,DEBT_CONSOLIDATION
LN-504167,CUST-107948,2025-04-27,0,0,False,False,44034.32500000002,Current,DEBT_CONSOLIDATION
LN-504168,CUST-102687,2025-04-27,0,0,False,False,36132.437500000015,Current,DEBT_CONSOLIDATION
LN-504169,CUST-107933,2025-04-27,0,0,False,False,14861.3,Current,DEBT_CONSOLIDATION
LN-504170,CUST-103624,2025-04-27,0,0,False,False,4609.097499999997,Current,DEBT_CONSOLIDATION
LN-504171,CUST-100321,2025-04-27,0,0,False,False,33990.53500000002,Current,DEBT_CONSOLIDATION
LN-504172,CUST-100520,2025-04-27,1,26,False,False,13788.670000000004,1-29,DEBT_CONSOLIDATION
LN-504173,CUST-103959,2025-04-27,0,0,False,False,40180.369999999995,Current,DEBT_CONSOLIDATION
LN-504174,CUST-104737,2025-04-27,0,0,False,False,35444.164999999986,Current,DEBT_CONSOLIDATION
LN-504176,CUST-101333,2025-04-27,1,24,False,False,18451.47500000001,1-29,DEBT_CONSOLIDATION
LN-504177,CUST-107886,2025-04-27,0,0,False,False,2252.885,Current,DEBT_CONSOLIDATION
LN-504178,CUST-101791,2025-04-27,2,37,False,False,24812.135000000002,30-59,DEBT_CONSOLIDATION
LN-504179,CUST-105451,2025-04-27,0,0,False,False,2596.95,Current,DEBT_CONSOLIDATION
LN-504180,CUST-107513,2025-04-27,0,0,False,False,203541.41000000018,Current,DEBT_CONSOLIDATION
LN-504181,CUST-106481,2025-04-27,0,0,False,False,41642.744999999995,Current,DEBT_CONSOLIDATION
LN-504182,CUST-105755,2025-04-27,4,104,False,False,3940.580000000003,90+,DEBT_CONSOLIDATION
LN-504183,CUST-105405,2025-04-27,0,0,False,False,31563.744999999984,Current,DEBT_CONSOLIDATION
LN-504184,CUST-103451,2025-04-27,0,0,False,False,36474.72500000002,Current,DEBT_CONSOLIDATION
LN-504185,CUST-104467,2025-04-27,0,0,False,False,12865.150000000001,Current,DEBT_CONSOLIDATION
LN-504186,CUST-102745,2025-04-27,0,0,False,False,44855.5,Current,DEBT_CONSOLIDATION
LN-504187,CUST-107495,2025-04-27,0,0,False,False,14010.03,Current,DEBT_CONSOLIDATION
LN-504188,CUST-101920,2025-04-27,0,0,False,False,35687.94250000002,Current,DEBT_CONSOLIDATION
LN-504189,CUST-100879,2025-04-27,0,0,False,False,434238.03000000014,Current,DEBT_CONSOLIDATION
LN-504190,CUST-102706,2025-04-27,2,53,False,False,15808.470000000005,30-59,DEBT_CONSOLIDATION
LN-504191,CUST-104630,2025-04-27,0,0,False,False,19215.82,Current,DEBT_CONSOLIDATION
LN-504192,CUST-104889,2025-04-27,0,0,False,False,42258.56750000001,Current,DEBT_CONSOLIDATION
LN-504193,CUST-105632,2025-04-27,0,0,False,False,12794.430000000004,Current,DEBT_CONSOLIDATION
LN-504194,CUST-106843,2025-04-27,0,0,False,False,7086.940000000004,Current,DEBT_CONSOLIDATION
LN-504195,CUST-104623,2025-04-27,0,0,False,False,9890.419999999998,Current,DEBT_CONSOLIDATION
LN-504196,CUST-106222,2025-04-27,0,0,False,False,87991.22,Current,DEBT_CONSOLIDATION
LN-504198,CUST-106625,2025-04-27,0,0,False,False,6871.775000000001,Current,DEBT_CONSOLIDATION
LN-504199,CUST-106859,2025-04-27,0,0,False,False,45859.034999999996,Current,DEBT_CONSOLIDATION
LN-504200,CUST-104029,2025-04-27,0,0,False,False,22848.74,Current,DEBT_CONSOLIDATION
LN-504201,CUST-107684,2025-04-27,0,0,False,False,10262.677499999998,Current,DEBT_CONSOLIDATION
LN-504202,CUST-107094,2025-04-27,0,0,False,False,1383.5974999999996,Current,DEBT_CONSOLIDATION
LN-504203,CUST-103673,2025-04-27,0,0,False,False,28873.185000000012,Current,DEBT_CONSOLIDATION
LN-504204,CUST-105044,2025-04-27,0,0,False,False,35398.24500000002,Current,DEBT_CONSOLIDATION
LN-504205,CUST-102396,2025-04-27,0,0,False,False,11509.145,Current,DEBT_CONSOLIDATION
LN-504206,CUST-103275,2025-04-27,0,0,False,False,5140.349999999999,Current,DEBT_CONSOLIDATION
LN-504207,CUST-103746,2025-04-27,0,0,False,False,16769.22500000001,Current,DEBT_CONSOLIDATION
LN-504208,CUST-101745,2025-04-27,0,0,False,False,20311.54,Current,DEBT_CONSOLIDATION
LN-504210,CUST-105774,2025-04-27,0,0,False,False,8586.079999999998,Current,DEBT_CONSOLIDATION
LN-504211,CUST-107942,2025-04-27,0,0,False,False,39115.37000000001,Current,DEBT_CONSOLIDATION
LN-504212,CUST-105988,2025-04-27,0,0,False,False,23463.9225,Current,DEBT_CONSOLIDATION
LN-504213,CUST-106144,2025-04-27,0,0,False,False,45440.3,Current,DEBT_CONSOLIDATION
LN-504214,CUST-103760,2025-04-27,0,0,False,False,39914.52999999999,Current,DEBT_CONSOLIDATION
LN-504215,CUST-106896,2025-04-27,0,0,False,False,2355.3900000000017,Current,DEBT_CONSOLIDATION
LN-504216,CUST-102689,2025-04-27,0,0,False,False,21377.44,Current,DEBT_CONSOLIDATION
LN-504217,CUST-105102,2025-04-27,0,0,False,False,18527.570000000003,Current,DEBT_CONSOLIDATION
LN-504218,CUST-101443,2025-04-27,0,0,False,False,21967.41,Current,DEBT_CONSOLIDATION
LN-504219,CUST-106156,2025-04-27,1,22,False,False,123761.87000000008,1-29,DEBT_CONSOLIDATION
LN-504220,CUST-105241,2025-04-27,0,0,False,False,39604.270000000004,Current,DEBT_CONSOLIDATION
LN-504221,CUST-101116,2025-04-27,0,0,False,False,18722.689999999995,Current,DEBT_CONSOLIDATION
LN-504222,CUST-102186,2025-04-27,0,0,False,False,9508.33,Current,DEBT_CONSOLIDATION
LN-504223,CUST-106873,2025-04-27,0,0,False,False,122101.12000000002,Current,DEBT_CONSOLIDATION
LN-504224,CUST-102710,2025-04-27,0,0,False,False,10463.58,Current,DEBT_CONSOLIDATION
LN-504225,CUST-101360,2025-04-27,0,0,False,False,7961.139999999999,Current,DEBT_CONSOLIDATION
LN-504226,CUST-104108,2025-04-27,1,6,False,False,40081.435000000034,1-29,DEBT_CONSOLIDATION
LN-504229,CUST-100719,2025-04-27,0,0,False,False,110918.24749999997,Current,DEBT_CONSOLIDATION
LN-504230,CUST-103239,2025-04-27,0,0,False,False,381242.39999999997,Current,DEBT_CONSOLIDATION
LN-504232,CUST-107681,2025-04-27,0,0,False,False,13595.922499999997,Current,DEBT_CONSOLIDATION
LN-504234,CUST-100342,2025-04-27,0,0,False,False,41870.559999999976,Current,DEBT_CONSOLIDATION
LN-504235,CUST-101995,2025-04-27,0,0,False,False,787.1024999999998,Current,DEBT_CONSOLIDATION
LN-504236,CUST-105509,2025-04-27,0,0,False,False,1734.1175000000007,Current,DEBT_CONSOLIDATION
LN-504237,CUST-100468,2025-04-27,0,0,False,False,7197.330000000002,Current,DEBT_CONSOLIDATION
LN-504238,CUST-100648,2025-04-27,0,0,False,False,476841.9475000001,Current,DEBT_CONSOLIDATION
LN-504239,CUST-106251,2025-04-27,0,0,False,False,16057.98,Current,DEBT_CONSOLIDATION
LN-504240,CUST-104690,2025-04-27,0,0,False,False,24228.222499999993,Current,DEBT_CONSOLIDATION
LN-504241,CUST-100079,2025-04-27,0,0,False,False,9907.179999999997,Current,DEBT_CONSOLIDATION
LN-504242,CUST-104302,2025-04-27,0,0,False,False,19113.624999999993,Current,DEBT_CONSOLIDATION
LN-504243,CUST-100514,2025-04-27,0,0,False,False,434668.0599999999,Current,DEBT_CONSOLIDATION
LN-504244,CUST-101742,2025-04-27,2,55,False,False,15586.56,30-59,DEBT_CONSOLIDATION
LN-504245,CUST-100455,2025-04-27,0,0,False,False,9658.957499999997,Current,DEBT_CONSOLIDATION
LN-504246,CUST-102525,2025-04-27,0,0,False,False,21238.7175,Current,DEBT_CONSOLIDATION
LN-504247,CUST-101299,2025-04-27,0,0,False,False,23024.805000000004,Current,DEBT_CONSOLIDATION
LN-504248,CUST-100843,2025-04-27,0,0,False,False,10459.562500000004,Current,DEBT_CONSOLIDATION
LN-504249,CUST-107459,2025-04-27,1,26,False,False,11535.439999999997,1-29,DEBT_CONSOLIDATION
LN-504250,CUST-103694,2025-04-27,0,0,False,False,17518.857500000024,Current,DEBT_CONSOLIDATION
LN-504251,CUST-101497,2025-04-27,0,0,False,False,19875.715,Current,DEBT_CONSOLIDATION
LN-504252,CUST-106870,2025-04-27,0,0,False,False,30944.53,Current,DEBT_CONSOLIDATION
LN-504253,CUST-103972,2025-04-27,0,0,False,False,7546.342499999997,Current,DEBT_CONSOLIDATION
LN-504254,CUST-103681,2025-04-27,0,0,False,False,2469.062499999999,Current,DEBT_CONSOLIDATION
LN-504255,CUST-102501,2025-04-27,0,0,False,False,13729.2,Current,DEBT_CONSOLIDATION
LN-504256,CUST-102597,2025-04-27,0,0,False,False,5508.3624999999965,Current,DEBT_CONSOLIDATION
LN-504257,CUST-100014,2025-04-27,0,0,False,False,10844.325000000003,Current,DEBT_CONSOLIDATION
LN-504258,CUST-100112,2025-04-27,0,0,False,False,14014.865,Current,DEBT_CONSOLIDATION
LN-504259,CUST-100242,2025-04-27,0,0,False,False,24557.539999999997,Current,DEBT_CONSOLIDATION
LN-504260,CUST-105882,2025-04-27,2,41,False,False,8420.222499999998,30-59,DEBT_CONSOLIDATION
LN-504261,CUST-105497,2025-04-27,0,0,False,False,15910.237500000012,Current,DEBT_CONSOLIDATION
LN-504262,CUST-105366,2025-04-27,0,0,False,False,8386.395,Current,DEBT_CONSOLIDATION
LN-504263,CUST-103235,2025-04-27,0,0,False,False,6891.165000000003,Current,DEBT_CONSOLIDATION
LN-504264,CUST-103471,2025-04-27,0,0,False,False,10842.119999999997,Current,DEBT_CONSOLIDATION
LN-504265,CUST-107662,2025-04-27,0,0,False,False,16288.097500000013,Current,DEBT_CONSOLIDATION
LN-504266,CUST-105175,2025-04-27,0,0,False,False,24108.595000000016,Current,DEBT_CONSOLIDATION
LN-504267,CUST-105467,2025-04-27,0,0,False,False,28618.36,Current,DEBT_CONSOLIDATION
LN-504268,CUST-105764,2025-04-27,0,0,False,False,25168.040000000008,Current,DEBT_CONSOLIDATION
LN-504269,CUST-105427,2025-04-27,1,8,False,False,39704.56249999996,1-29,DEBT_CONSOLIDATION
LN-504270,CUST-102768,2025-04-27,0,0,True,False,25180.99499999999,Current,DEBT_CONSOLIDATION
LN-504271,CUST-102852,2025-04-27,0,0,False,False,237984.11000000004,Current,DEBT_CONSOLIDATION
LN-504272,CUST-102092,2025-04-27,0,0,False,False,10118.072499999991,Current,DEBT_CONSOLIDATION
LN-504273,CUST-105324,2025-04-27,0,0,False,False,29579.342500000006,Current,DEBT_CONSOLIDATION
LN-504275,CUST-107002,2025-04-27,0,0,False,False,17690.449999999983,Current,DEBT_CONSOLIDATION
LN-504276,CUST-100318,2025-04-27,0,0,False,False,14234.6575,Current,DEBT_CONSOLIDATION
LN-504277,CUST-100240,2025-04-27,0,0,False,False,1750.0550000000012,Current,DEBT_CONSOLIDATION
LN-504278,CUST-106421,2025-04-27,0,0,False,False,12125.559999999998,Current,DEBT_CONSOLIDATION
LN-504279,CUST-105222,2025-04-27,0,0,False,False,6208.68,Current,DEBT_CONSOLIDATION
LN-504280,CUST-106206,2025-04-27,0,0,False,False,4883.289999999997,Current,DEBT_CONSOLIDATION
LN-504281,CUST-106305,2025-04-27,0,0,False,False,4458.192500000003,Current,DEBT_CONSOLIDATION
LN-504282,CUST-106214,2025-04-27,0,0,False,False,5291.725,Current,DEBT_CONSOLIDATION
LN-504283,CUST-104894,2025-04-27,0,0,False,False,2971.2300000000005,Current,DEBT_CONSOLIDATION
LN-504284,CUST-107597,2025-04-27,0,0,False,False,14640.487500000003,Current,DEBT_CONSOLIDATION
LN-504285,CUST-100380,2025-04-27,0,0,False,False,8809.449999999999,Current,DEBT_CONSOLIDATION
LN-504286,CUST-102584,2025-04-27,0,0,False,False,9360.285000000003,Current,DEBT_CONSOLIDATION
LN-504287,CUST-107603,2025-04-27,0,0,False,False,14853.7975,Current,DEBT_CONSOLIDATION
LN-504288,CUST-104524,2025-04-27,0,0,False,False,13299.612500000003,Current,DEBT_CONSOLIDATION
LN-504289,CUST-106256,2025-04-27,1,18,False,False,17562.240000000013,1-29,DEBT_CONSOLIDATION
LN-504290,CUST-107945,2025-04-27,0,0,False,False,43054.660000000025,Current,DEBT_CONSOLIDATION
LN-504291,CUST-102091,2025-04-27,0,0,False,False,45300.81500000003,Current,DEBT_CONSOLIDATION
LN-504292,CUST-100914,2025-04-27,0,0,False,False,13924.265000000003,Current,DEBT_CONSOLIDATION
LN-504293,CUST-103404,2025-04-27,0,0,False,False,25754.395,Current,DEBT_CONSOLIDATION
LN-504294,CUST-105878,2025-04-27,0,0,False,False,24398.81499999999,Current,DEBT_CONSOLIDATION
LN-504295,CUST-100772,2025-04-27,0,0,False,False,15589.67,Current,DEBT_CONSOLIDATION
LN-504296,CUST-107367,2025-04-27,0,0,False,False,31589.57,Current,DEBT_CONSOLIDATION
LN-504297,CUST-104032,2025-04-27,2,42,False,False,13090.359999999997,30-59,DEBT_CONSOLIDATION
LN-504298,CUST-106330,2025-04-27,0,0,False,False,10912.935000000005,Current,DEBT_CONSOLIDATION
LN-504299,CUST-103385,2025-04-27,0,0,False,False,16369.54249999999,Current,DEBT_CONSOLIDATION
LN-504300,CUST-100754,2025-04-27,0,0,False,False,29875.479999999996,Current,DEBT_CONSOLIDATION
LN-504301,CUST-104064,2025-04-27,0,0,False,False,7296.169999999998,Current,DEBT_CONSOLIDATION
LN-504302,CUST-107489,2025-04-27,0,0,False,False,22142.09500000001,Current,DEBT_CONSOLIDATION
LN-504303,CUST-101141,2025-04-27,0,0,False,False,19347.515,Current,DEBT_CONSOLIDATION
LN-504304,CUST-106055,2025-04-27,1,15,False,False,573750.245,1-29,DEBT_CONSOLIDATION
LN-504305,CUST-107175,2025-04-27,0,0,False,False,26369.975000000006,Current,DEBT_CONSOLIDATION
LN-504307,CUST-102478,2025-04-27,0,0,False,False,39080.26749999999,Current,DEBT_CONSOLIDATION
LN-504308,CUST-107281,2025-04-27,0,0,False,False,18775.07000000001,Current,DEBT_CONSOLIDATION
LN-504309,CUST-107361,2025-04-27,0,0,False,False,25060.72,Current,DEBT_CONSOLIDATION
LN-504311,CUST-104157,2025-04-27,0,0,False,False,10204.400000000001,Current,DEBT_CONSOLIDATION
LN-504312,CUST-100799,2025-04-27,0,0,False,False,13114.122499999998,Current,DEBT_CONSOLIDATION
LN-504313,CUST-100579,2025-04-27,0,0,False,False,458670.09,Current,DEBT_CONSOLIDATION
LN-504314,CUST-101107,2025-04-27,0,0,False,False,19427.235,Current,DEBT_CONSOLIDATION
LN-504315,CUST-106687,2025-04-27,3,87,False,False,16915.829999999987,60-89,DEBT_CONSOLIDATION
LN-504317,CUST-104989,2025-04-27,0,0,False,False,26000.11999999999,Current,DEBT_CONSOLIDATION
LN-504319,CUST-107441,2025-04-27,0,0,False,False,26338.210000000006,Current,DEBT_CONSOLIDATION
LN-504320,CUST-104487,2025-04-27,0,0,False,False,9318.345000000005,Current,DEBT_CONSOLIDATION
LN-504321,CUST-103040,2025-04-27,0,0,False,False,23040.965,Current,DEBT_CONSOLIDATION
LN-504322,CUST-107820,2025-04-27,0,0,False,False,13628.220000000001,Current,DEBT_CONSOLIDATION
LN-504323,CUST-104557,2025-04-27,0,0,False,False,43379.54999999998,Current,DEBT_CONSOLIDATION
LN-504324,CUST-102704,2025-04-27,0,0,False,False,20436.22500000001,Current,DEBT_CONSOLIDATION
LN-504325,CUST-105524,2025-04-27,0,0,False,False,14814.43,Current,DEBT_CONSOLIDATION
LN-504326,CUST-105327,2025-04-27,1,3,False,False,2937.7000000000025,1-29,DEBT_CONSOLIDATION
LN-504327,CUST-103488,2025-04-27,4,237,False,False,49302.337500000016,90+,DEBT_CONSOLIDATION
LN-504328,CUST-107070,2025-04-27,0,0,False,False,372850.05999999976,Current,DEBT_CONSOLIDATION
LN-504329,CUST-102652,2025-04-27,0,0,False,False,5079.6,Current,DEBT_CONSOLIDATION
LN-504330,CUST-102803,2025-04-27,0,0,False,False,46116.994999999995,Current,DEBT_CONSOLIDATION
LN-504331,CUST-100388,2025-04-27,0,0,False,False,611133.0500000002,Current,DEBT_CONSOLIDATION
LN-504332,CUST-103568,2025-04-27,0,0,False,False,4804.100000000002,Current,DEBT_CONSOLIDATION
LN-504333,CUST-100494,2025-04-27,0,0,False,False,20246.789999999994,Current,DEBT_CONSOLIDATION
LN-504335,CUST-102148,2025-04-27,0,0,False,False,49346.76,Current,DEBT_CONSOLIDATION
LN-504336,CUST-106793,2025-04-27,0,0,False,False,25843.039999999997,Current,DEBT_CONSOLIDATION
LN-504337,CUST-105759,2025-04-27,0,0,False,False,1803.4900000000007,Current,DEBT_CONSOLIDATION
LN-504338,CUST-100915,2025-04-27,0,0,False,False,43803.80750000002,Current,DEBT_CONSOLIDATION
LN-504339,CUST-103543,2025-04-27,0,0,False,False,6547.705,Current,DEBT_CONSOLIDATION
LN-504340,CUST-107516,2025-04-27,2,44,False,False,5261.772499999999,30-59,DEBT_CONSOLIDATION
LN-504341,CUST-105605,2025-04-27,0,0,False,False,8054.385000000007,Current,DEBT_CONSOLIDATION
LN-504343,CUST-107143,2025-04-27,0,0,False,False,20963.46,Current,DEBT_CONSOLIDATION
LN-504344,CUST-101903,2025-04-27,0,0,False,False,19188.73500000001,Current,DEBT_CONSOLIDATION
LN-504345,CUST-100246,2025-04-27,0,0,False,False,1441.5499999999997,Current,DEBT_CONSOLIDATION
LN-504346,CUST-107757,2025-04-27,0,0,False,False,12950.919999999998,Current,DEBT_CONSOLIDATION
LN-504347,CUST-105004,2025-04-27,0,0,False,False,37187.652500000004,Current,DEBT_CONSOLIDATION
LN-504349,CUST-107989,2025-04-27,0,0,False,False,22165.35,Current,DEBT_CONSOLIDATION
LN-504350,CUST-107166,2025-04-27,0,0,False,False,27782.069999999985,Current,DEBT_CONSOLIDATION
LN-504351,CUST-101348,2025-04-27,0,0,False,False,16987.422499999997,Current,DEBT_CONSOLIDATION
LN-504352,CUST-100119,2025-04-27,0,0,False,False,46169.304999999986,Current,DEBT_CONSOLIDATION
LN-504353,CUST-105495,2025-04-27,0,0,False,False,107048.59999999998,Current,DEBT_CONSOLIDATION
LN-504354,CUST-103319,2025-04-27,0,0,False,False,42579.67999999998,Current,DEBT_CONSOLIDATION
LN-504355,CUST-105713,2025-04-27,0,0,False,False,22618.26,Current,DEBT_CONSOLIDATION
LN-504356,CUST-105999,2025-04-27,0,0,False,False,44635.705,Current,DEBT_CONSOLIDATION
LN-504357,CUST-106769,2025-04-27,0,0,False,False,39405.545,Current,DEBT_CONSOLIDATION
LN-504359,CUST-104951,2025-04-27,0,0,False,False,17663.290000000008,Current,DEBT_CONSOLIDATION
LN-504360,CUST-106077,2025-04-27,0,0,False,False,11670.679999999997,Current,DEBT_CONSOLIDATION
LN-504361,CUST-103267,2025-04-27,0,0,False,False,13769.999999999996,Current,DEBT_CONSOLIDATION
LN-504362,CUST-104562,2025-04-27,0,0,False,False,15408.24,Current,DEBT_CONSOLIDATION
LN-504363,CUST-107447,2025-04-27,0,0,False,False,1297.7549999999999,Current,DEBT_CONSOLIDATION
LN-504364,CUST-103237,2025-04-27,0,0,False,False,11640.689999999999,Current,DEBT_CONSOLIDATION
LN-504366,CUST-104407,2025-04-27,0,0,False,False,135128.95000000007,Current,DEBT_CONSOLIDATION
LN-504367,CUST-100238,2025-04-27,0,0,False,False,26792.587499999998,Current,DEBT_CONSOLIDATION
LN-504368,CUST-102616,2025-04-27,0,0,False,False,4852.669999999994,Current,DEBT_CONSOLIDATION
LN-504369,CUST-107431,2025-04-27,1,4,False,False,20337.730000000003,1-29,DEBT_CONSOLIDATION
LN-504370,CUST-103697,2025-04-27,0,0,False,False,17805.995000000006,Current,DEBT_CONSOLIDATION
LN-504371,CUST-106833,2025-04-27,0,0,False,False,9398.385000000011,Current,DEBT_CONSOLIDATION
LN-504372,CUST-103848,2025-04-27,0,0,False,False,34004.82,Current,DEBT_CONSOLIDATION
LN-504373,CUST-104188,2025-04-27,0,0,False,False,13497.499999999995,Current,DEBT_CONSOLIDATION
LN-504374,CUST-106732,2025-04-27,0,0,False,False,1868.0425000000002,Current,DEBT_CONSOLIDATION
LN-504375,CUST-107575,2025-04-27,0,0,False,False,24885.46500000001,Current,DEBT_CONSOLIDATION
LN-504376,CUST-106371,2025-04-27,0,0,False,False,42698.8375,Current,DEBT_CONSOLIDATION
LN-504377,CUST-107080,2025-04-27,2,57,False,False,12051.474999999999,30-59,DEBT_CONSOLIDATION
LN-504378,CUST-102516,2025-04-27,0,0,False,False,21151.717500000002,Current,DEBT_CONSOLIDATION
LN-504379,CUST-107997,2025-04-27,0,0,False,False,15240.929999999993,Current,DEBT_CONSOLIDATION
LN-504380,CUST-107656,2025-04-27,0,0,False,False,24942.032499999998,Current,DEBT_CONSOLIDATION
LN-504381,CUST-106244,2025-04-27,3,67,False,False,17079.34750000001,60-89,DEBT_CONSOLIDATION
LN-504382,CUST-102427,2025-04-27,0,0,False,False,10879.299999999997,Current,DEBT_CONSOLIDATION
LN-504383,CUST-100689,2025-04-27,2,50,False,False,21190.7925,30-59,DEBT_CONSOLIDATION
LN-504384,CUST-103540,2025-04-27,0,0,False,False,28527.149999999994,Current,DEBT_CONSOLIDATION
LN-504385,CUST-102313,2025-04-27,0,0,False,False,35811.66,Current,DEBT_CONSOLIDATION
LN-504386,CUST-106964,2025-04-27,0,0,False,False,31218.162500000002,Current,DEBT_CONSOLIDATION
LN-504389,CUST-103452,2025-04-27,0,0,False,False,45191.03,Current,DEBT_CONSOLIDATION
LN-504390,CUST-104487,2025-04-27,0,0,False,False,28523.135000000002,Current,DEBT_CONSOLIDATION
LN-504391,CUST-103221,2025-04-27,0,0,False,False,14596.2425,Current,DEBT_CONSOLIDATION
LN-504393,CUST-105607,2025-04-27,0,0,False,False,25763.7225,Current,DEBT_CONSOLIDATION
LN-504394,CUST-102828,2025-04-27,0,0,False,False,6551.71,Current,DEBT_CONSOLIDATION
LN-504395,CUST-106853,2025-04-27,0,0,False,False,32183.754999999997,Current,DEBT_CONSOLIDATION
LN-504396,CUST-100458,2025-04-27,0,0,False,False,136137.13000000012,Current,DEBT_CONSOLIDATION
LN-504397,CUST-101280,2025-04-27,0,0,False,False,38817.420000000006,Current,DEBT_CONSOLIDATION
LN-504398,CUST-102714,2025-04-27,0,0,False,False,18870.239999999987,Current,DEBT_CONSOLIDATION
LN-504399,CUST-102836,2025-04-27,0,0,False,False,26214.39,Current,DEBT_CONSOLIDATION
LN-504400,CUST-103646,2025-04-27,0,0,False,False,15592.510000000002,Current,DEBT_CONSOLIDATION
LN-504401,CUST-100383,2025-04-27,0,0,False,False,26632.109999999997,Current,DEBT_CONSOLIDATION
LN-504402,CUST-100270,2025-04-27,0,0,False,False,7162.579999999996,Current,DEBT_CONSOLIDATION
LN-504403,CUST-105262,2025-04-27,0,0,False,False,17001.345000000005,Current,DEBT_CONSOLIDATION
LN-504404,CUST-105691,2025-04-27,0,0,False,False,47219.86999999997,Current,DEBT_CONSOLIDATION
LN-504405,CUST-106014,2025-04-27,1,7,False,False,15257.220000000012,1-29,DEBT_CONSOLIDATION
LN-504406,CUST-105031,2025-04-27,4,102,False,False,110326.03,90+,DEBT_CONSOLIDATION
LN-504407,CUST-100258,2025-04-27,0,0,False,False,28284.339999999993,Current,DEBT_CONSOLIDATION
LN-504408,CUST-106158,2025-04-27,0,0,False,False,14663.41,Current,DEBT_CONSOLIDATION
LN-504409,CUST-106894,2025-04-27,0,0,False,False,25134.66,Current,DEBT_CONSOLIDATION
LN-504410,CUST-100814,2025-04-27,0,0,False,False,88648.04,Current,DEBT_CONSOLIDATION
LN-504411,CUST-104073,2025-04-27,0,0,False,False,6513.8625,Current,DEBT_CONSOLIDATION
LN-504412,CUST-101881,2025-04-27,0,0,False,False,38147.81999999999,Current,DEBT_CONSOLIDATION
LN-504413,CUST-105053,2025-04-27,0,0,False,False,91785.325,Current,DEBT_CONSOLIDATION
LN-504414,CUST-101863,2025-04-27,0,0,False,False,18462.959999999995,Current,DEBT_CONSOLIDATION
LN-504416,CUST-102953,2025-04-27,0,0,False,False,4504.884999999997,Current,DEBT_CONSOLIDATION
LN-504417,CUST-106450,2025-04-27,0,0,False,False,13734.235000000002,Current,DEBT_CONSOLIDATION
LN-504420,CUST-101783,2025-04-27,0,0,False,False,8880.225000000002,Current,DEBT_CONSOLIDATION
LN-504421,CUST-102275,2025-04-27,0,0,False,False,26064.27500000001,Current,DEBT_CONSOLIDATION
LN-504422,CUST-103396,2025-04-27,0,0,False,False,14653.509999999997,Current,DEBT_CONSOLIDATION
LN-504423,CUST-105092,2025-04-27,0,0,True,False,527060.7924999997,Current,DEBT_CONSOLIDATION
LN-504424,CUST-107494,2025-04-27,0,0,False,False,8834.31,Current,DEBT_CONSOLIDATION
LN-504425,CUST-105756,2025-04-27,1,19,False,False,5929.740000000003,1-29,DEBT_CONSOLIDATION
LN-504426,CUST-102713,2025-04-27,0,0,False,False,13014.545000000004,Current,DEBT_CONSOLIDATION
LN-504427,CUST-104947,2025-04-27,0,0,False,False,6071.467499999997,Current,DEBT_CONSOLIDATION
LN-504428,CUST-103080,2025-04-27,0,0,False,False,12377.199999999999,Current,DEBT_CONSOLIDATION
LN-504429,CUST-103094,2025-04-27,0,0,False,False,12397.432500000003,Current,DEBT_CONSOLIDATION
LN-504430,CUST-106124,2025-04-27,0,0,False,False,324748.91749999975,Current,DEBT_CONSOLIDATION
LN-504431,CUST-103908,2025-04-27,0,0,False,False,11572.319999999996,Current,DEBT_CONSOLIDATION
LN-504434,CUST-100818,2025-04-27,0,0,False,False,47253.05750000003,Current,DEBT_CONSOLIDATION
LN-504436,CUST-103355,2025-04-27,0,0,False,False,46205.55500000001,Current,DEBT_CONSOLIDATION
LN-504437,CUST-103073,2025-04-27,0,0,False,False,12807.042500000007,Current,DEBT_CONSOLIDATION
LN-504438,CUST-104255,2025-04-27,0,0,False,False,1621.090000000001,Current,DEBT_CONSOLIDATION
LN-504439,CUST-107678,2025-04-27,0,0,False,False,32678.209999999992,Current,DEBT_CONSOLIDATION
LN-504441,CUST-106317,2025-04-27,0,0,False,False,31516.7225,Current,DEBT_CONSOLIDATION
LN-504442,CUST-105375,2025-04-27,0,0,False,False,108737.04499999998,Current,DEBT_CONSOLIDATION
LN-504443,CUST-107776,2025-04-27,0,0,False,False,18133.17249999998,Current,DEBT_CONSOLIDATION
LN-504444,CUST-104954,2025-04-27,0,0,False,False,13628.475,Current,DEBT_CONSOLIDATION
LN-504445,CUST-104135,2025-04-27,0,0,False,False,102947.91500000001,Current,DEBT_CONSOLIDATION
LN-504446,CUST-101218,2025-04-27,0,0,False,False,20385.90749999999,Current,DEBT_CONSOLIDATION
LN-504448,CUST-107831,2025-04-27,1,26,False,False,27724.850000000006,1-29,DEBT_CONSOLIDATION
LN-504449,CUST-102909,2025-04-27,0,0,False,False,376774.4525000001,Current,DEBT_CONSOLIDATION
LN-504450,CUST-105165,2025-04-27,0,0,False,False,126103.54500000004,Current,DEBT_CONSOLIDATION
LN-504451,CUST-104427,2025-04-27,0,0,False,False,30115.91999999999,Current,DEBT_CONSOLIDATION
LN-504452,CUST-107204,2025-04-27,0,0,False,False,26563.56,Current,DEBT_CONSOLIDATION
LN-504453,CUST-102693,2025-04-27,0,0,False,False,30953.699999999993,Current,DEBT_CONSOLIDATION
LN-504454,CUST-104950,2025-04-27,0,0,False,False,40070.1175,Current,DEBT_CONSOLIDATION
LN-504455,CUST-105491,2025-04-27,0,0,False,False,25947.67999999999,Current,DEBT_CONSOLIDATION
LN-504456,CUST-103014,2025-04-27,0,0,False,False,31883.532499999994,Current,DEBT_CONSOLIDATION
LN-504457,CUST-104552,2025-04-27,0,0,False,False,47827.56499999999,Current,DEBT_CONSOLIDATION
LN-504458,CUST-102958,2025-04-27,0,0,False,False,6945.72,Current,DEBT_CONSOLIDATION
LN-504459,CUST-106695,2025-04-27,0,0,False,False,92132.885,Current,DEBT_CONSOLIDATION
LN-504460,CUST-101714,2025-04-27,0,0,False,False,16187.0825,Current,DEBT_CONSOLIDATION
LN-504461,CUST-100101,2025-04-27,0,0,False,False,78969.41500000001,Current,DEBT_CONSOLIDATION
LN-504463,CUST-103491,2025-04-27,0,0,False,False,624194.12,Current,DEBT_CONSOLIDATION
LN-504464,CUST-105947,2025-04-27,0,0,False,False,20498.245000000003,Current,DEBT_CONSOLIDATION
LN-504465,CUST-100778,2025-04-27,0,0,False,False,1196.6925000000008,Current,DEBT_CONSOLIDATION
LN-504466,CUST-101725,2025-04-27,0,0,False,False,2671.9300000000007,Current,DEBT_CONSOLIDATION
LN-504467,CUST-102442,2025-04-27,0,0,False,False,13327.425000000003,Current,DEBT_CONSOLIDATION
LN-504468,CUST-101523,2025-04-27,4,168,False,False,44324.19000000002,90+,DEBT_CONSOLIDATION
LN-504469,CUST-107196,2025-04-27,0,0,False,False,635082.82,Current,DEBT_CONSOLIDATION
LN-504470,CUST-104711,2025-04-27,0,0,False,False,11977.3775,Current,DEBT_CONSOLIDATION
LN-504471,CUST-102585,2025-04-27,0,0,False,False,133000.55999999994,Current,DEBT_CONSOLIDATION
LN-504472,CUST-102609,2025-04-27,0,0,False,False,45313.51000000003,Current,DEBT_CONSOLIDATION
LN-504474,CUST-106933,2025-04-27,0,0,False,False,23428.47,Current,DEBT_CONSOLIDATION
LN-504475,CUST-102769,2025-04-27,0,0,False,False,15870.735000000004,Current,DEBT_CONSOLIDATION
LN-504476,CUST-105116,2025-04-27,0,0,False,False,47983.65749999998,Current,DEBT_CONSOLIDATION
LN-504477,CUST-105367,2025-04-27,0,0,False,False,15965.270000000004,Current,DEBT_CONSOLIDATION
LN-504478,CUST-100073,2025-04-27,0,0,False,False,16871.969999999983,Current,DEBT_CONSOLIDATION
LN-504479,CUST-102130,2025-04-27,0,0,False,False,8846.33,Current,DEBT_CONSOLIDATION
LN-504480,CUST-107497,2025-04-27,0,0,False,False,18864.9825,Current,DEBT_CONSOLIDATION
LN-504481,CUST-107515,2025-04-27,0,0,False,False,29907.354999999967,Current,DEBT_CONSOLIDATION
LN-504482,CUST-104912,2025-04-27,0,0,False,False,11123.292499999994,Current,DEBT_CONSOLIDATION
LN-504483,CUST-103732,2025-04-27,0,0,False,False,59109.28,Current,DEBT_CONSOLIDATION
LN-504485,CUST-101444,2025-04-27,0,0,False,False,9097.782500000003,Current,DEBT_CONSOLIDATION
LN-504487,CUST-104452,2025-04-27,0,0,False,False,26325.049999999996,Current,DEBT_CONSOLIDATION
LN-504488,CUST-106765,2025-04-27,0,0,False,False,47678.84500000003,Current,DEBT_CONSOLIDATION
LN-504490,CUST-100205,2025-04-27,0,0,False,False,16994.95249999999,Current,DEBT_CONSOLIDATION
LN-504491,CUST-107035,2025-04-27,0,0,False,False,19194.0525,Current,DEBT_CONSOLIDATION
LN-504493,CUST-100702,2025-04-27,0,0,False,False,23783.465000000022,Current,DEBT_CONSOLIDATION
LN-504494,CUST-100585,2025-04-27,2,35,False,False,29632.76999999999,30-59,DEBT_CONSOLIDATION
LN-504495,CUST-104212,2025-04-27,0,0,False,False,2171.0950000000003,Current,DEBT_CONSOLIDATION
LN-504496,CUST-100221,2025-04-27,0,0,False,False,14905.382499999998,Current,DEBT_CONSOLIDATION
LN-504497,CUST-104446,2025-04-27,0,0,False,False,22560.76,Current,DEBT_CONSOLIDATION
LN-504498,CUST-103847,2025-04-27,0,0,False,False,3074.385,Current,DEBT_CONSOLIDATION
LN-504499,CUST-102808,2025-04-27,0,0,False,False,14108.59,Current,DEBT_CONSOLIDATION
LN-504500,CUST-106953,2025-04-27,0,0,False,False,538647.97,Current,DEBT_CONSOLIDATION
LN-504501,CUST-104762,2025-04-27,0,0,False,False,59373.66,Current,DEBT_CONSOLIDATION
LN-504502,CUST-102089,2025-04-27,0,0,False,False,3707.5824999999986,Current,DEBT_CONSOLIDATION
LN-504503,CUST-102963,2025-04-27,0,0,False,False,30622.03,Current,DEBT_CONSOLIDATION
LN-504504,CUST-103915,2025-04-27,0,0,False,False,18011.215000000004,Current,DEBT_CONSOLIDATION
LN-504505,CUST-105178,2025-04-27,0,0,False,False,8435.217499999995,Current,DEBT_CONSOLIDATION
LN-504506,CUST-100199,2025-04-27,0,0,False,False,67481.4375,Current,DEBT_CONSOLIDATION
LN-504507,CUST-101087,2025-04-27,0,0,False,False,26919.21000000001,Current,DEBT_CONSOLIDATION
LN-504508,CUST-105548,2025-04-27,0,0,False,False,22360.09,Current,DEBT_CONSOLIDATION
LN-504509,CUST-100221,2025-04-27,2,48,False,False,3417.6324999999993,30-59,DEBT_CONSOLIDATION
LN-504510,CUST-107077,2025-04-27,0,0,False,False,18055.22000000001,Current,DEBT_CONSOLIDATION
LN-504511,CUST-102039,2025-04-27,0,0,False,False,7162.750000000005,Current,DEBT_CONSOLIDATION
LN-504512,CUST-106040,2025-04-27,0,0,False,False,143660.02,Current,DEBT_CONSOLIDATION
LN-504514,CUST-101790,2025-04-27,0,0,False,False,6641.979999999997,Current,DEBT_CONSOLIDATION
LN-504515,CUST-100731,2025-04-27,0,0,False,False,48876.277500000004,Current,DEBT_CONSOLIDATION
LN-504516,CUST-105432,2025-04-27,0,0,False,False,121394.09,Current,DEBT_CONSOLIDATION
LN-504517,CUST-107909,2025-04-27,0,0,False,False,5126.310000000004,Current,DEBT_CONSOLIDATION
LN-504518,CUST-102997,2025-04-27,0,0,False,False,23736.1525,Current,DEBT_CONSOLIDATION
LN-504520,CUST-104474,2025-04-27,0,0,False,False,29715.750000000004,Current,DEBT_CONSOLIDATION
LN-504521,CUST-102461,2025-04-27,0,0,False,False,6694.539999999999,Current,DEBT_CONSOLIDATION
LN-504522,CUST-106286,2025-04-27,0,0,False,False,12229.319999999992,Current,DEBT_CONSOLIDATION
LN-504524,CUST-104353,2025-04-27,0,0,False,False,9725.505,Current,DEBT_CONSOLIDATION
LN-504525,CUST-105880,2025-04-27,0,0,False,False,253427.345,Current,DEBT_CONSOLIDATION
LN-504526,CUST-101134,2025-04-27,0,0,False,False,28634.12,Current,DEBT_CONSOLIDATION
LN-504527,CUST-102339,2025-04-27,0,0,False,False,52090.81,Current,DEBT_CONSOLIDATION
LN-504528,CUST-103765,2025-04-27,0,0,False,False,8553.935,Current,DEBT_CONSOLIDATION
LN-504529,CUST-101949,2025-04-27,0,0,False,False,26446.74999999999,Current,DEBT_CONSOLIDATION
LN-504530,CUST-102116,2025-04-27,0,0,False,False,9680.660000000005,Current,DEBT_CONSOLIDATION
LN-504531,CUST-107277,2025-04-27,0,0,False,False,17512.065000000006,Current,DEBT_CONSOLIDATION
LN-504532,CUST-100773,2025-04-27,0,0,False,False,20428.270000000004,Current,DEBT_CONSOLIDATION
LN-504533,CUST-103435,2025-04-27,0,0,False,False,46581.4375,Current,DEBT_CONSOLIDATION
LN-504534,CUST-106731,2025-04-27,0,0,False,False,29698.022500000006,Current,DEBT_CONSOLIDATION
LN-504535,CUST-101062,2025-04-27,0,0,False,False,141072.25249999997,Current,DEBT_CONSOLIDATION
LN-504536,CUST-104225,2025-04-27,0,0,False,False,18369.440000000006,Current,DEBT_CONSOLIDATION
LN-504537,CUST-104527,2025-04-27,0,0,False,False,87797.1725,Current,DEBT_CONSOLIDATION
LN-504538,CUST-105732,2025-04-27,0,0,False,False,49062.76,Current,DEBT_CONSOLIDATION
LN-504540,CUST-107112,2025-04-27,0,0,False,False,23236.207500000008,Current,DEBT_CONSOLIDATION
LN-504541,CUST-106445,2025-04-27,0,0,False,False,11474.664999999995,Current,DEBT_CONSOLIDATION
LN-504542,CUST-106589,2025-04-27,0,0,False,False,19044.48,Current,DEBT_CONSOLIDATION
LN-504543,CUST-107130,2025-04-27,0,0,False,False,31565.85,Current,DEBT_CONSOLIDATION
LN-504544,CUST-102842,2025-04-27,0,0,False,False,2186.8000000000006,Current,DEBT_CONSOLIDATION
LN-504545,CUST-101773,2025-04-27,0,0,False,False,17540.45500000001,Current,DEBT_CONSOLIDATION
LN-504546,CUST-106498,2025-04-27,0,0,False,False,12884.797499999999,Current,DEBT_CONSOLIDATION
LN-504547,CUST-102083,2025-04-27,0,0,False,False,11875.4075,Current,DEBT_CONSOLIDATION
LN-504548,CUST-102520,2025-04-27,0,0,False,False,17321.054999999997,Current,DEBT_CONSOLIDATION
LN-504550,CUST-100512,2025-04-27,0,0,False,False,14658.650000000001,Current,DEBT_CONSOLIDATION
LN-504551,CUST-104151,2025-04-27,0,0,False,False,33931.859999999986,Current,DEBT_CONSOLIDATION
LN-504552,CUST-105025,2025-04-27,0,0,False,False,24479.382500000007,Current,DEBT_CONSOLIDATION
LN-504553,CUST-104223,2025-04-27,0,0,False,False,36367.240000000005,Current,DEBT_CONSOLIDATION
LN-504554,CUST-105881,2025-04-27,0,0,False,False,31767.359999999993,Current,DEBT_CONSOLIDATION
LN-504556,CUST-101592,2025-04-27,0,0,False,False,62539.16,Current,DEBT_CONSOLIDATION
LN-504559,CUST-101733,2025-04-27,0,0,False,False,23031.5925,Current,DEBT_CONSOLIDATION
LN-504560,CUST-106676,2025-04-27,0,0,False,False,26745.420000000006,Current,DEBT_CONSOLIDATION
LN-504561,CUST-101606,2025-04-27,0,0,False,False,16552.14749999998,Current,DEBT_CONSOLIDATION
LN-504562,CUST-106720,2025-04-27,0,0,False,False,415956.98999999993,Current,DEBT_CONSOLIDATION
LN-504563,CUST-101219,2025-04-27,0,0,False,False,15791.125000000004,Current,DEBT_CONSOLIDATION
LN-504564,CUST-104935,2025-04-27,0,0,False,False,80449.07000000005,Current,DEBT_CONSOLIDATION
LN-504565,CUST-105071,2025-04-27,3,91,False,False,3923.3950000000004,60-89,DEBT_CONSOLIDATION
LN-504566,CUST-100725,2025-04-27,0,0,False,False,2204.8900000000026,Current,DEBT_CONSOLIDATION
LN-504567,CUST-100571,2025-04-27,0,0,False,False,33949.135,Current,DEBT_CONSOLIDATION
LN-504568,CUST-107476,2025-04-27,0,0,False,False,16884.660000000007,Current,DEBT_CONSOLIDATION
LN-504569,CUST-100479,2025-04-27,0,0,False,False,25696.479999999996,Current,DEBT_CONSOLIDATION
LN-504570,CUST-106148,2025-04-27,4,130,False,False,15751.01,90+,DEBT_CONSOLIDATION
LN-504571,CUST-102496,2025-04-27,2,32,False,False,17623.05499999999,30-59,DEBT_CONSOLIDATION
LN-504572,CUST-101577,2025-04-27,0,0,False,False,17687.930000000015,Current,DEBT_CONSOLIDATION
LN-504573,CUST-100387,2025-04-27,0,0,False,False,21610.22,Current,DEBT_CONSOLIDATION
LN-504574,CUST-106323,2025-04-27,0,0,False,False,1773.8725000000015,Current,DEBT_CONSOLIDATION
LN-504575,CUST-104374,2025-04-27,0,0,False,False,27626.31,Current,DEBT_CONSOLIDATION
LN-504576,CUST-100795,2025-04-27,0,0,False,False,1450.28,Current,DEBT_CONSOLIDATION
LN-504577,CUST-104066,2025-04-27,0,0,False,False,28176.719999999994,Current,DEBT_CONSOLIDATION
LN-504578,CUST-101877,2025-04-27,0,0,False,False,20381.329999999994,Current,DEBT_CONSOLIDATION
LN-504579,CUST-103904,2025-04-27,0,0,False,False,31522.617500000008,Current,DEBT_CONSOLIDATION
LN-504580,CUST-106660,2025-04-27,0,0,False,False,18474.19750000001,Current,DEBT_CONSOLIDATION
LN-504581,CUST-104282,2025-04-27,0,0,False,False,42311.480000000025,Current,DEBT_CONSOLIDATION
LN-504582,CUST-107356,2025-04-27,0,0,False,False,18437.749999999996,Current,DEBT_CONSOLIDATION
LN-504583,CUST-106863,2025-04-27,0,0,False,False,14757.032499999988,Current,DEBT_CONSOLIDATION
LN-504585,CUST-104520,2025-04-27,0,0,False,False,15849.532499999992,Current,DEBT_CONSOLIDATION
LN-504586,CUST-101453,2025-04-27,0,0,False,False,28139.094999999998,Current,DEBT_CONSOLIDATION
LN-504587,CUST-105888,2025-04-27,0,0,False,False,41943.24000000002,Current,DEBT_CONSOLIDATION
LN-504588,CUST-103206,2025-04-27,0,0,False,False,12373.030000000004,Current,DEBT_CONSOLIDATION
LN-504589,CUST-105500,2025-04-27,0,0,False,False,25841.06000000001,Current,DEBT_CONSOLIDATION
LN-504590,CUST-107897,2025-04-27,4,137,False,False,15471.570000000003,90+,DEBT_CONSOLIDATION
LN-504592,CUST-105290,2025-04-27,0,0,False,False,14037.5925,Current,DEBT_CONSOLIDATION
LN-504593,CUST-101003,2025-04-27,0,0,False,False,65090.43999999996,Current,DEBT_CONSOLIDATION
LN-504594,CUST-103698,2025-04-27,0,0,False,False,21892.210000000014,Current,DEBT_CONSOLIDATION
LN-504595,CUST-100717,2025-04-27,0,0,False,False,112857.65000000001,Current,DEBT_CONSOLIDATION
LN-504596,CUST-106507,2025-04-27,0,0,False,False,1600.6225000000009,Current,DEBT_CONSOLIDATION
LN-504597,CUST-103582,2025-04-27,0,0,False,False,46967.020000000026,Current,DEBT_CONSOLIDATION
LN-504598,CUST-104433,2025-04-27,0,0,False,False,19224.6,Current,DEBT_CONSOLIDATION
LN-504600,CUST-104760,2025-04-27,0,0,False,False,129597.37499999999,Current,DEBT_CONSOLIDATION
LN-504601,CUST-101918,2025-04-27,0,0,False,False,30035.334999999992,Current,DEBT_CONSOLIDATION
LN-504603,CUST-106353,2025-04-27,0,0,False,False,26407.45,Current,DEBT_CONSOLIDATION
LN-504604,CUST-103468,2025-04-27,0,0,False,False,50455.83,Current,DEBT_CONSOLIDATION
LN-504605,CUST-106327,2025-04-27,0,0,False,False,32011.810000000005,Current,DEBT_CONSOLIDATION
LN-504606,CUST-103956,2025-04-27,0,0,False,False,39515.110000000044,Current,DEBT_CONSOLIDATION
LN-504607,CUST-105705,2025-04-27,0,0,False,False,28489.729999999985,Current,DEBT_CONSOLIDATION
LN-504608,CUST-106131,2025-04-27,0,0,False,False,47578.79999999999,Current,DEBT_CONSOLIDATION
LN-504609,CUST-107083,2025-04-27,0,0,False,False,47571.5,Current,DEBT_CONSOLIDATION
LN-504610,CUST-101316,2025-04-27,0,0,False,False,22055.55,Current,DEBT_CONSOLIDATION
LN-504611,CUST-101763,2025-04-27,0,0,False,False,26811.854999999996,Current,DEBT_CONSOLIDATION
LN-504612,CUST-107658,2025-04-27,0,0,False,False,23007.33500000001,Current,DEBT_CONSOLIDATION
LN-504613,CUST-100389,2025-04-27,1,16,False,False,33417.175,1-29,DEBT_CONSOLIDATION
LN-504614,CUST-107338,2025-04-27,0,0,False,False,24850.895000000008,Current,DEBT_CONSOLIDATION
LN-504615,CUST-102588,2025-04-27,0,0,False,False,15992.095000000005,Current,DEBT_CONSOLIDATION
LN-504616,CUST-105862,2025-04-27,0,0,False,False,23779.029999999995,Current,DEBT_CONSOLIDATION
LN-504617,CUST-104461,2025-04-27,0,0,False,False,41544.78749999999,Current,DEBT_CONSOLIDATION
LN-504618,CUST-105761,2025-04-27,0,0,False,False,1172.1600000000003,Current,DEBT_CONSOLIDATION
LN-504619,CUST-102777,2025-04-27,0,0,False,False,507462.505,Current,DEBT_CONSOLIDATION
LN-504620,CUST-103850,2025-04-27,0,0,False,False,15980.449999999997,Current,DEBT_CONSOLIDATION
LN-504621,CUST-105635,2025-04-27,0,0,False,False,12925.280000000002,Current,DEBT_CONSOLIDATION
LN-504622,CUST-107705,2025-04-27,0,0,False,False,8286.522500000003,Current,DEBT_CONSOLIDATION
LN-504624,CUST-104292,2025-04-27,0,0,False,False,28341.79000000001,Current,DEBT_CONSOLIDATION
LN-504625,CUST-102551,2025-04-27,0,0,False,False,1707.65,Current,DEBT_CONSOLIDATION
LN-504626,CUST-103384,2025-04-27,0,0,False,False,12213.520000000002,Current,DEBT_CONSOLIDATION
LN-504627,CUST-105159,2025-04-27,1,20,False,False,36415.140000000014,1-29,DEBT_CONSOLIDATION
LN-504628,CUST-104617,2025-04-27,0,0,False,False,13144.76,Current,DEBT_CONSOLIDATION
LN-504629,CUST-102265,2025-04-27,0,0,False,False,5564.757500000003,Current,DEBT_CONSOLIDATION
LN-504630,CUST-100942,2025-04-27,0,0,False,False,12477.129999999996,Current,DEBT_CONSOLIDATION
LN-504631,CUST-103104,2025-04-27,0,0,False,False,3174.6225,Current,DEBT_CONSOLIDATION
LN-504632,CUST-107164,2025-04-27,0,0,False,False,212881.46000000002,Current,DEBT_CONSOLIDATION
LN-504633,CUST-106980,2025-04-27,0,0,False,False,27136.53000000001,Current,DEBT_CONSOLIDATION
LN-504634,CUST-103215,2025-04-27,0,0,False,False,48843.1725,Current,DEBT_CONSOLIDATION
LN-504635,CUST-104144,2025-04-27,0,0,False,False,13649.147499999995,Current,DEBT_CONSOLIDATION
LN-504636,CUST-102401,2025-04-27,0,0,False,False,31063.024999999998,Current,DEBT_CONSOLIDATION
LN-504637,CUST-101718,2025-04-27,0,0,False,False,10519.820000000003,Current,DEBT_CONSOLIDATION
LN-504638,CUST-101624,2025-04-27,0,0,False,False,7897.134999999998,Current,DEBT_CONSOLIDATION
LN-504640,CUST-100855,2025-04-27,0,0,False,False,25268.655000000017,Current,DEBT_CONSOLIDATION
LN-504641,CUST-101698,2025-04-27,0,0,False,False,11423.440000000006,Current,DEBT_CONSOLIDATION
LN-504643,CUST-101814,2025-04-27,0,0,False,False,5460.75,Current,DEBT_CONSOLIDATION
LN-504644,CUST-100262,2025-04-27,0,0,False,False,19833.49,Current,DEBT_CONSOLIDATION
LN-504645,CUST-106617,2025-04-27,0,0,False,False,19436.12499999999,Current,DEBT_CONSOLIDATION
LN-504646,CUST-105642,2025-04-27,0,0,False,False,37916.23,Current,DEBT_CONSOLIDATION
LN-504647,CUST-104166,2025-04-27,0,0,False,False,636.66,Current,DEBT_CONSOLIDATION
LN-504648,CUST-106056,2025-04-27,0,0,False,False,38316.66,Current,DEBT_CONSOLIDATION
LN-504649,CUST-107477,2025-04-27,1,22,False,False,26936.17250000001,1-29,DEBT_CONSOLIDATION
LN-504650,CUST-100551,2025-04-27,3,71,False,False,4577.0675,60-89,DEBT_CONSOLIDATION
LN-504651,CUST-102719,2025-04-27,0,0,False,False,15885.080000000013,Current,DEBT_CONSOLIDATION
LN-504652,CUST-107832,2025-04-27,0,0,False,False,46678.009999999995,Current,DEBT_CONSOLIDATION
LN-504653,CUST-101843,2025-04-27,0,0,False,False,17427.80999999999,Current,DEBT_CONSOLIDATION
LN-504655,CUST-106584,2025-04-27,0,0,False,False,12827.719999999996,Current,DEBT_CONSOLIDATION
LN-504656,CUST-100001,2025-04-27,0,0,False,False,15263.949999999993,Current,DEBT_CONSOLIDATION
LN-504657,CUST-104331,2025-04-27,0,0,False,False,14754.627500000006,Current,DEBT_CONSOLIDATION
LN-504658,CUST-104794,2025-04-27,0,0,False,False,31782.135000000002,Current,DEBT_CONSOLIDATION
LN-504659,CUST-105686,2025-04-27,0,0,False,False,15009.170000000002,Current,DEBT_CONSOLIDATION
LN-504660,CUST-107178,2025-04-27,0,0,False,False,5516.6299999999965,Current,DEBT_CONSOLIDATION
LN-504661,CUST-106510,2025-04-27,0,0,False,False,17848.899999999998,Current,DEBT_CONSOLIDATION
LN-504662,CUST-103071,2025-04-27,1,20,False,False,3958.535,1-29,DEBT_CONSOLIDATION
LN-504663,CUST-101933,2025-04-27,0,0,False,False,17470.144999999997,Current,DEBT_CONSOLIDATION
LN-504664,CUST-107968,2025-04-27,2,36,False,False,19221.090000000007,30-59,DEBT_CONSOLIDATION
LN-504665,CUST-104024,2025-04-27,0,0,False,False,17959.34,Current,DEBT_CONSOLIDATION
LN-504666,CUST-100144,2025-04-27,0,0,False,False,13246.769999999997,Current,DEBT_CONSOLIDATION
LN-504667,CUST-102385,2025-04-27,3,84,False,False,66352.52000000002,60-89,DEBT_CONSOLIDATION
LN-504668,CUST-100913,2025-04-27,0,0,False,False,8100.39,Current,DEBT_CONSOLIDATION
LN-504669,CUST-102228,2025-04-27,0,0,False,False,9348.4475,Current,DEBT_CONSOLIDATION
LN-504670,CUST-106266,2025-04-27,0,0,False,False,38906.76999999999,Current,DEBT_CONSOLIDATION
LN-504671,CUST-107247,2025-04-27,0,0,False,False,35551.1025,Current,DEBT_CONSOLIDATION
LN-504672,CUST-103660,2025-04-27,0,0,False,False,11645.144999999999,Current,DEBT_CONSOLIDATION
LN-504673,CUST-102047,2025-04-27,0,0,False,False,13034.369999999997,Current,DEBT_CONSOLIDATION
LN-504674,CUST-107202,2025-04-27,0,0,False,False,12891.869999999997,Current,DEBT_CONSOLIDATION
LN-504675,CUST-105158,2025-04-27,0,0,False,False,18567.58999999999,Current,DEBT_CONSOLIDATION
LN-504676,CUST-107157,2025-04-27,0,0,False,False,21633.310000000012,Current,DEBT_CONSOLIDATION
LN-504677,CUST-103142,2025-04-27,0,0,False,False,2513.025,Current,DEBT_CONSOLIDATION
LN-504678,CUST-105126,2025-04-27,0,0,False,False,28465.77000000001,Current,DEBT_CONSOLIDATION
LN-504679,CUST-107760,2025-04-27,0,0,False,False,14024.169999999991,Current,DEBT_CONSOLIDATION
LN-504680,CUST-100867,2025-04-27,0,0,False,False,13678.489999999987,Current,DEBT_CONSOLIDATION
LN-504682,CUST-107378,2025-04-27,0,0,False,False,17670.57,Current,DEBT_CONSOLIDATION
LN-504683,CUST-104136,2025-04-27,0,0,False,False,13396.225000000015,Current,DEBT_CONSOLIDATION
LN-504685,CUST-106081,2025-04-27,0,0,False,False,39474.66999999999,Current,DEBT_CONSOLIDATION
LN-504686,CUST-101065,2025-04-27,3,65,False,False,8167.400000000004,60-89,DEBT_CONSOLIDATION
LN-504687,CUST-102321,2025-04-27,1,17,False,False,32745.765000000003,1-29,DEBT_CONSOLIDATION
LN-504688,CUST-104605,2025-04-27,0,0,False,False,18766.48,Current,DEBT_CONSOLIDATION
LN-504690,CUST-107665,2025-04-27,0,0,False,False,26896.0975,Current,DEBT_CONSOLIDATION
LN-504691,CUST-102605,2025-04-27,0,0,False,False,11365.820000000003,Current,DEBT_CONSOLIDATION
LN-504692,CUST-102001,2025-04-27,0,0,False,False,3347.2974999999997,Current,DEBT_CONSOLIDATION
LN-504693,CUST-103728,2025-04-27,4,143,False,False,59004.07,90+,DEBT_CONSOLIDATION
LN-504694,CUST-106492,2025-04-27,0,0,False,False,3625.9525000000012,Current,DEBT_CONSOLIDATION
LN-504695,CUST-106575,2025-04-27,0,0,False,False,53528.65,Current,DEBT_CONSOLIDATION
LN-504696,CUST-107060,2025-04-27,0,0,False,False,43904.980000000025,Current,DEBT_CONSOLIDATION
LN-504697,CUST-107874,2025-04-27,0,0,False,False,20503.559999999998,Current,DEBT_CONSOLIDATION
LN-504698,CUST-103658,2025-04-27,0,0,False,False,7060.460000000001,Current,DEBT_CONSOLIDATION
LN-504699,CUST-105464,2025-04-27,0,0,False,False,6483.724999999997,Current,DEBT_CONSOLIDATION
LN-504700,CUST-102789,2025-04-27,0,0,False,False,1983.6699999999996,Current,DEBT_CONSOLIDATION
LN-504701,CUST-105231,2025-04-27,0,0,False,False,13756.370000000003,Current,DEBT_CONSOLIDATION
LN-504704,CUST-100740,2025-04-27,0,0,False,False,11582.339999999993,Current,DEBT_CONSOLIDATION
LN-504705,CUST-102492,2025-04-27,0,0,False,False,132613.6699999999,Current,DEBT_CONSOLIDATION
LN-504706,CUST-103611,2025-04-27,0,0,False,False,45960.36499999996,Current,DEBT_CONSOLIDATION
LN-504708,CUST-107987,2025-04-27,0,0,False,False,11082.970000000001,Current,DEBT_CONSOLIDATION
LN-504709,CUST-102994,2025-04-27,0,0,False,False,14131.370000000003,Current,DEBT_CONSOLIDATION
LN-504710,CUST-104389,2025-04-27,2,46,False,False,20025.002500000002,30-59,DEBT_CONSOLIDATION
LN-504711,CUST-105020,2025-04-27,0,0,False,False,303940.16000000027,Current,DEBT_CONSOLIDATION
LN-504712,CUST-100562,2025-04-27,0,0,False,False,42643.44000000001,Current,DEBT_CONSOLIDATION
LN-504714,CUST-107187,2025-04-27,0,0,False,False,26508.342499999984,Current,DEBT_CONSOLIDATION
LN-504715,CUST-105619,2025-04-27,0,0,False,False,9774.21749999999,Current,DEBT_CONSOLIDATION
LN-504716,CUST-106333,2025-04-27,0,0,False,False,48879.01,Current,DEBT_CONSOLIDATION
LN-504718,CUST-101053,2025-04-27,0,0,False,False,19130.717499999988,Current,DEBT_CONSOLIDATION
LN-504719,CUST-107450,2025-04-27,0,0,False,False,36681.625,Current,DEBT_CONSOLIDATION
LN-504721,CUST-102022,2025-04-27,0,0,False,False,100623.84999999999,Current,DEBT_CONSOLIDATION
LN-504722,CUST-101471,2025-04-27,0,0,False,False,15985.410000000003,Current,DEBT_CONSOLIDATION
LN-504723,CUST-104553,2025-04-27,0,0,False,False,42950.780000000035,Current,DEBT_CONSOLIDATION
LN-504724,CUST-100192,2025-04-27,0,0,False,False,14123.762499999997,Current,DEBT_CONSOLIDATION
LN-504725,CUST-105093,2025-04-27,0,0,False,False,385004.6574999998,Current,DEBT_CONSOLIDATION
LN-504727,CUST-100085,2025-04-27,0,0,False,False,34713.72999999998,Current,DEBT_CONSOLIDATION
LN-504729,CUST-106152,2025-04-27,0,0,False,False,34108.37500000002,Current,DEBT_CONSOLIDATION
LN-504730,CUST-102527,2025-04-27,0,0,False,False,15565.634999999998,Current,DEBT_CONSOLIDATION
LN-504731,CUST-104664,2025-04-27,0,0,False,False,24493.3275,Current,DEBT_CONSOLIDATION
LN-504732,CUST-102160,2025-04-27,0,0,False,False,22958.447500000006,Current,DEBT_CONSOLIDATION
LN-504733,CUST-101120,2025-04-27,0,0,True,False,5999.400000000001,Current,DEBT_CONSOLIDATION
LN-504734,CUST-104156,2025-04-27,0,0,False,False,22349.56,Current,DEBT_CONSOLIDATION
LN-504735,CUST-101926,2025-04-27,0,0,False,False,23383.52000000001,Current,DEBT_CONSOLIDATION
LN-504736,CUST-100968,2025-04-27,0,0,False,False,13552.560000000001,Current,DEBT_CONSOLIDATION
LN-504737,CUST-100721,2025-04-27,0,0,False,False,20925.38,Current,DEBT_CONSOLIDATION
LN-504738,CUST-106100,2025-04-27,0,0,False,False,59276.979999999996,Current,DEBT_CONSOLIDATION
LN-504739,CUST-103280,2025-04-27,4,113,False,False,28074.6125,90+,DEBT_CONSOLIDATION
LN-504740,CUST-106396,2025-04-27,0,0,False,False,29407.505,Current,DEBT_CONSOLIDATION
LN-504741,CUST-107710,2025-04-27,0,0,False,False,11701.44,Current,DEBT_CONSOLIDATION
LN-504742,CUST-103072,2025-04-27,0,0,False,False,18885.8425,Current,DEBT_CONSOLIDATION
LN-504743,CUST-102554,2025-04-27,0,0,False,False,3844.5175000000027,Current,DEBT_CONSOLIDATION
LN-504745,CUST-100416,2025-04-27,0,0,False,False,695.8225,Current,DEBT_CONSOLIDATION
LN-504747,CUST-104052,2025-04-27,0,0,False,False,531408.7074999996,Current,DEBT_CONSOLIDATION
LN-504748,CUST-105622,2025-04-27,1,22,False,False,16255.749999999996,1-29,DEBT_CONSOLIDATION
LN-504749,CUST-102865,2025-04-27,0,0,False,False,14371.794999999998,Current,DEBT_CONSOLIDATION
LN-504750,CUST-100848,2025-04-27,0,0,False,False,5055.37,Current,DEBT_CONSOLIDATION
LN-504751,CUST-101391,2025-04-27,0,0,False,False,13376.637499999995,Current,DEBT_CONSOLIDATION
LN-504752,CUST-102943,2025-04-27,0,0,False,False,26729.809999999998,Current,DEBT_CONSOLIDATION
LN-504753,CUST-105484,2025-04-27,0,0,False,False,1813.3849999999998,Current,DEBT_CONSOLIDATION
LN-504754,CUST-107289,2025-04-27,0,0,False,False,12464.877500000006,Current,DEBT_CONSOLIDATION
LN-504755,CUST-104037,2025-04-27,0,0,False,False,27596.620000000003,Current,DEBT_CONSOLIDATION
LN-504756,CUST-101837,2025-04-27,0,0,False,False,16744.035,Current,DEBT_CONSOLIDATION
LN-504757,CUST-101130,2025-04-27,0,0,False,False,26161.29250000001,Current,DEBT_CONSOLIDATION
LN-504758,CUST-107025,2025-04-27,0,0,False,False,15127.49,Current,DEBT_CONSOLIDATION
LN-504759,CUST-107967,2025-04-27,0,0,False,False,65601.00749999998,Current,DEBT_CONSOLIDATION
LN-504761,CUST-103407,2025-04-27,0,0,False,False,33060.99500000001,Current,DEBT_CONSOLIDATION
LN-504762,CUST-103285,2025-04-27,0,0,False,False,32479.64499999999,Current,DEBT_CONSOLIDATION
LN-504763,CUST-106000,2025-04-27,0,0,False,False,8128.474999999996,Current,DEBT_CONSOLIDATION
LN-504764,CUST-103006,2025-04-27,0,0,False,False,2669.580000000001,Current,DEBT_CONSOLIDATION
LN-504765,CUST-106520,2025-04-27,0,0,False,False,45903.94000000003,Current,DEBT_CONSOLIDATION
LN-504766,CUST-106050,2025-04-27,0,0,False,False,31362.4125,Current,DEBT_CONSOLIDATION
LN-504767,CUST-106956,2025-04-27,0,0,False,False,24581.920000000016,Current,DEBT_CONSOLIDATION
LN-504768,CUST-107204,2025-04-27,0,0,False,False,18604.674999999996,Current,DEBT_CONSOLIDATION
LN-504769,CUST-102975,2025-04-27,0,0,False,False,872.7875000000001,Current,DEBT_CONSOLIDATION
LN-504770,CUST-104474,2025-04-27,0,0,False,False,18110.065000000006,Current,DEBT_CONSOLIDATION
LN-504771,CUST-103074,2025-04-27,0,0,False,False,7260.445,Current,DEBT_CONSOLIDATION
LN-504772,CUST-106373,2025-04-27,1,10,True,False,4112.827499999999,1-29,DEBT_CONSOLIDATION
LN-504773,CUST-103936,2025-04-27,0,0,False,False,873.4449999999999,Current,DEBT_CONSOLIDATION
LN-504774,CUST-105710,2025-04-27,0,0,False,False,25707.26000000001,Current,DEBT_CONSOLIDATION
LN-504775,CUST-107493,2025-04-27,0,0,False,False,79947.385,Current,DEBT_CONSOLIDATION
LN-504776,CUST-101750,2025-04-27,0,0,False,False,11470.645000000002,Current,DEBT_CONSOLIDATION
LN-504777,CUST-101579,2025-04-27,2,55,False,False,21857.732500000002,30-59,DEBT_CONSOLIDATION
LN-504778,CUST-101123,2025-04-27,0,0,False,False,39723.04,Current,DEBT_CONSOLIDATION
LN-504780,CUST-106064,2025-04-27,0,0,False,False,17016.859999999982,Current,DEBT_CONSOLIDATION
LN-504781,CUST-103927,2025-04-27,0,0,False,False,12321.69,Current,DEBT_CONSOLIDATION
LN-504782,CUST-106632,2025-04-27,0,0,False,False,519136.50999999995,Current,DEBT_CONSOLIDATION
LN-504784,CUST-101948,2025-04-27,0,0,False,False,341080.94000000024,Current,DEBT_CONSOLIDATION
LN-504785,CUST-101130,2025-04-27,1,17,False,False,41811.52000000003,1-29,DEBT_CONSOLIDATION
LN-504786,CUST-101597,2025-04-27,0,0,False,False,11067.427499999994,Current,DEBT_CONSOLIDATION
LN-504787,CUST-102812,2025-04-27,0,0,False,False,38609.024999999994,Current,DEBT_CONSOLIDATION
LN-504788,CUST-105634,2025-04-27,0,0,False,False,16205.03,Current,DEBT_CONSOLIDATION
LN-504790,CUST-102253,2025-04-27,0,0,False,False,11686.194999999996,Current,DEBT_CONSOLIDATION
LN-504791,CUST-102192,2025-04-27,0,0,False,False,29597.057499999995,Current,DEBT_CONSOLIDATION
LN-504792,CUST-104197,2025-04-27,0,0,False,False,22672.86,Current,DEBT_CONSOLIDATION
LN-504793,CUST-103256,2025-04-27,0,0,True,False,23506.74999999999,Current,DEBT_CONSOLIDATION
LN-504794,CUST-103805,2025-04-27,1,31,False,False,52604.43,1-29,DEBT_CONSOLIDATION
LN-504795,CUST-100706,2025-04-27,0,0,False,False,15655.482499999991,Current,DEBT_CONSOLIDATION
LN-504797,CUST-103219,2025-04-27,1,20,False,False,36115.459999999985,1-29,DEBT_CONSOLIDATION
LN-504799,CUST-107311,2025-04-27,1,5,False,False,61256.37000000003,1-29,DEBT_CONSOLIDATION
LN-504800,CUST-107943,2025-04-27,0,0,False,False,11187.419999999991,Current,DEBT_CONSOLIDATION
LN-504801,CUST-103255,2025-04-27,0,0,False,False,24533.900000000016,Current,DEBT_CONSOLIDATION
LN-504803,CUST-107042,2025-04-27,0,0,False,False,50202.05500000001,Current,DEBT_CONSOLIDATION
LN-504804,CUST-107663,2025-04-27,0,0,False,False,7966.57,Current,DEBT_CONSOLIDATION
LN-504805,CUST-105190,2025-04-27,0,0,False,False,40430.78999999998,Current,DEBT_CONSOLIDATION
LN-504806,CUST-101445,2025-04-27,0,0,False,False,50578.89249999999,Current,DEBT_CONSOLIDATION
LN-504807,CUST-100548,2025-04-27,2,35,False,False,25701.25,30-59,DEBT_CONSOLIDATION
LN-504808,CUST-100152,2025-04-27,0,0,False,False,6326.824999999992,Current,DEBT_CONSOLIDATION
LN-504809,CUST-106254,2025-04-27,0,0,False,False,24751.88,Current,DEBT_CONSOLIDATION
LN-504810,CUST-102788,2025-04-27,0,0,False,False,27973.89,Current,DEBT_CONSOLIDATION
LN-504811,CUST-105279,2025-04-27,0,0,False,False,40245.86000000002,Current,DEBT_CONSOLIDATION
LN-504812,CUST-100104,2025-04-27,0,0,False,False,9031.084999999995,Current,DEBT_CONSOLIDATION
LN-504814,CUST-105166,2025-04-27,0,0,False,False,109332.67999999993,Current,DEBT_CONSOLIDATION
LN-504816,CUST-102611,2025-04-27,0,0,False,False,18432.82749999999,Current,DEBT_CONSOLIDATION
LN-504817,CUST-102556,2025-04-27,0,0,False,False,30879.457499999997,Current,DEBT_CONSOLIDATION
LN-504819,CUST-104647,2025-04-27,2,41,False,False,18145.63,30-59,DEBT_CONSOLIDATION
LN-504820,CUST-101867,2025-04-27,0,0,False,False,7594.972499999999,Current,DEBT_CONSOLIDATION
LN-504821,CUST-101588,2025-04-27,0,0,False,False,4893.429999999996,Current,DEBT_CONSOLIDATION
LN-504822,CUST-104772,2025-04-27,1,14,False,False,13121.549999999996,1-29,DEBT_CONSOLIDATION
LN-504823,CUST-105219,2025-04-27,0,0,False,False,24202.370000000003,Current,DEBT_CONSOLIDATION
LN-504824,CUST-102602,2025-04-27,0,0,False,False,5329.700000000001,Current,DEBT_CONSOLIDATION
LN-504825,CUST-105787,2025-04-27,0,0,False,False,27415.45,Current,DEBT_CONSOLIDATION
LN-504826,CUST-107110,2025-04-27,0,0,False,False,41666.395,Current,DEBT_CONSOLIDATION
LN-504827,CUST-100069,2025-04-27,0,0,False,False,9300.860000000004,Current,DEBT_CONSOLIDATION
LN-504828,CUST-103867,2025-04-27,0,0,False,False,2115.915000000001,Current,DEBT_CONSOLIDATION
LN-504829,CUST-103845,2025-04-27,0,0,False,False,12379.09,Current,DEBT_CONSOLIDATION
LN-504830,CUST-107031,2025-04-27,0,0,False,False,26156.97000000001,Current,DEBT_CONSOLIDATION
LN-504832,CUST-100225,2025-04-27,0,0,False,False,17810.217500000002,Current,DEBT_CONSOLIDATION
LN-504833,CUST-101381,2025-04-27,0,0,False,False,6755.860000000004,Current,DEBT_CONSOLIDATION
LN-504834,CUST-103408,2025-04-27,0,0,False,False,31073.35,Current,DEBT_CONSOLIDATION
LN-504835,CUST-101556,2025-04-27,0,0,False,False,40621.262500000004,Current,DEBT_CONSOLIDATION
LN-504836,CUST-104681,2025-04-27,0,0,False,False,7720.609999999997,Current,DEBT_CONSOLIDATION
LN-504837,CUST-100067,2025-04-27,0,0,False,False,1975.8625000000009,Current,DEBT_CONSOLIDATION
LN-504838,CUST-106456,2025-04-27,0,0,False,False,7466.227499999995,Current,DEBT_CONSOLIDATION
LN-504839,CUST-104219,2025-04-27,0,0,False,False,2138.6100000000024,Current,DEBT_CONSOLIDATION
LN-504840,CUST-106184,2025-04-27,0,0,False,False,16152.322499999998,Current,DEBT_CONSOLIDATION
LN-504841,CUST-103691,2025-04-27,1,20,False,False,1642.7499999999998,1-29,DEBT_CONSOLIDATION
LN-504842,CUST-100230,2025-04-27,0,0,False,False,31043.07,Current,DEBT_CONSOLIDATION
LN-504843,CUST-101170,2025-04-27,0,0,False,False,26992.944999999985,Current,DEBT_CONSOLIDATION
LN-504844,CUST-103144,2025-04-27,0,0,False,False,12700.26000000001,Current,DEBT_CONSOLIDATION
LN-504845,CUST-103953,2025-04-27,0,0,False,False,20321.285000000018,Current,DEBT_CONSOLIDATION
LN-504846,CUST-101872,2025-04-27,0,0,False,False,14019.289999999995,Current,DEBT_CONSOLIDATION
LN-504847,CUST-106603,2025-04-27,0,0,False,False,14612.469999999994,Current,DEBT_CONSOLIDATION
LN-504848,CUST-102053,2025-04-27,0,0,False,False,19495.649999999994,Current,DEBT_CONSOLIDATION
LN-504849,CUST-107896,2025-04-27,0,0,False,False,36339.730000000054,Current,DEBT_CONSOLIDATION
LN-504850,CUST-106557,2025-04-27,0,0,False,False,19994.972499999985,Current,DEBT_CONSOLIDATION
LN-504851,CUST-103920,2025-04-27,0,0,False,False,5108.767500000002,Current,DEBT_CONSOLIDATION
LN-504852,CUST-107626,2025-04-27,1,25,False,False,26226.01999999999,1-29,DEBT_CONSOLIDATION
LN-504853,CUST-104198,2025-04-27,0,0,False,False,7573.317500000003,Current,DEBT_CONSOLIDATION
LN-504854,CUST-103909,2025-04-27,0,0,False,False,1790.9099999999999,Current,DEBT_CONSOLIDATION
LN-504855,CUST-105179,2025-04-27,0,0,False,False,11250.859999999993,Current,DEBT_CONSOLIDATION
LN-504856,CUST-107749,2025-04-27,0,0,False,False,10635.060000000003,Current,DEBT_CONSOLIDATION
LN-504857,CUST-103280,2025-04-27,0,0,False,False,40793.4,Current,DEBT_CONSOLIDATION
LN-504858,CUST-105273,2025-04-27,0,0,False,False,16205.1525,Current,DEBT_CONSOLIDATION
LN-504859,CUST-101019,2025-04-27,0,0,False,False,4505.1975,Current,DEBT_CONSOLIDATION
LN-504861,CUST-107743,2025-04-27,0,0,False,False,98773.11499999999,Current,DEBT_CONSOLIDATION
LN-504862,CUST-102348,2025-04-27,0,0,False,False,469489.41499999975,Current,DEBT_CONSOLIDATION
LN-504863,CUST-103140,2025-04-27,0,0,False,False,12983.984999999995,Current,DEBT_CONSOLIDATION
LN-504864,CUST-100234,2025-04-27,0,0,False,False,19857.64999999999,Current,DEBT_CONSOLIDATION
LN-504865,CUST-106589,2025-04-27,0,0,False,False,17029.979999999996,Current,DEBT_CONSOLIDATION
LN-504866,CUST-104661,2025-04-27,0,0,False,False,24515.65499999999,Current,DEBT_CONSOLIDATION
LN-504867,CUST-104257,2025-04-27,0,0,False,False,30579.945,Current,DEBT_CONSOLIDATION
LN-504869,CUST-104845,2025-04-27,0,0,True,False,5576.099999999998,Current,DEBT_CONSOLIDATION
LN-504870,CUST-107752,2025-04-27,0,0,False,False,13565.762499999997,Current,DEBT_CONSOLIDATION
LN-504871,CUST-100211,2025-04-27,0,0,False,False,3289.9150000000013,Current,DEBT_CONSOLIDATION
LN-504872,CUST-102531,2025-04-27,0,0,False,False,110687.12000000004,Current,DEBT_CONSOLIDATION
LN-504873,CUST-103438,2025-04-27,0,0,False,False,12438.904999999999,Current,DEBT_CONSOLIDATION
LN-504874,CUST-105050,2025-04-27,0,0,False,False,23199.185,Current,DEBT_CONSOLIDATION
LN-504875,CUST-105105,2025-04-27,0,0,False,False,46291.315,Current,DEBT_CONSOLIDATION
LN-504876,CUST-105939,2025-04-27,0,0,False,False,11386.235,Current,DEBT_CONSOLIDATION
LN-504877,CUST-102786,2025-04-27,0,0,False,False,11751.757499999996,Current,DEBT_CONSOLIDATION
LN-504878,CUST-105900,2025-04-27,0,0,False,False,7846.362499999999,Current,DEBT_CONSOLIDATION
LN-504879,CUST-104536,2025-04-27,0,0,False,False,28457.79,Current,DEBT_CONSOLIDATION
LN-504880,CUST-104619,2025-04-27,0,0,False,False,27897.38,Current,DEBT_CONSOLIDATION
LN-504882,CUST-101399,2025-04-27,0,0,False,False,18937.165,Current,DEBT_CONSOLIDATION
LN-504885,CUST-104152,2025-04-27,0,0,False,False,139086.59,Current,DEBT_CONSOLIDATION
LN-504886,CUST-107300,2025-04-27,0,0,False,False,19805.52,Current,DEBT_CONSOLIDATION
LN-504887,CUST-105737,2025-04-27,0,0,False,False,19858.44999999999,Current,DEBT_CONSOLIDATION
LN-504888,CUST-103379,2025-04-27,0,0,False,False,31465.575000000023,Current,DEBT_CONSOLIDATION
LN-504889,CUST-100351,2025-04-27,0,0,False,False,20017.675000000014,Current,DEBT_CONSOLIDATION
LN-504891,CUST-107156,2025-04-27,0,0,False,False,14913.932500000006,Current,DEBT_CONSOLIDATION
LN-504892,CUST-104320,2025-04-27,2,33,False,False,23953.74,30-59,DEBT_CONSOLIDATION
LN-504893,CUST-105322,2025-04-27,0,0,False,False,33607.777500000004,Current,DEBT_CONSOLIDATION
LN-504895,CUST-107823,2025-04-27,0,0,False,False,17562.735000000008,Current,DEBT_CONSOLIDATION
LN-504897,CUST-105763,2025-04-27,0,0,False,False,384660.50500000006,Current,DEBT_CONSOLIDATION
LN-504898,CUST-105421,2025-04-27,0,0,False,False,32510.85,Current,DEBT_CONSOLIDATION
LN-504899,CUST-107607,2025-04-27,0,0,False,False,39526.90250000003,Current,DEBT_CONSOLIDATION
LN-504900,CUST-104757,2025-04-27,0,0,True,False,17654.172499999993,Current,DEBT_CONSOLIDATION
LN-504901,CUST-107144,2025-04-27,0,0,False,False,25115.185000000005,Current,DEBT_CONSOLIDATION
LN-504902,CUST-102423,2025-04-27,0,0,False,False,15048.947499999995,Current,DEBT_CONSOLIDATION
LN-504903,CUST-102879,2025-04-27,0,0,False,False,7285.132499999996,Current,DEBT_CONSOLIDATION
LN-504905,CUST-101046,2025-04-27,0,0,False,False,51584.645000000004,Current,DEBT_CONSOLIDATION
LN-504906,CUST-107996,2025-04-27,4,139,False,False,14601.919999999998,90+,DEBT_CONSOLIDATION
LN-504907,CUST-105629,2025-04-27,0,0,False,False,26387.9225,Current,DEBT_CONSOLIDATION
LN-504908,CUST-100520,2025-04-27,0,0,False,False,12268.784999999996,Current,DEBT_CONSOLIDATION
LN-504909,CUST-105918,2025-04-27,0,0,False,False,53062.994999999995,Current,DEBT_CONSOLIDATION
LN-504910,CUST-104822,2025-04-27,0,0,False,False,32624.579999999987,Current,DEBT_CONSOLIDATION
LN-504911,CUST-105184,2025-04-27,0,0,False,False,4766.585,Current,DEBT_CONSOLIDATION
LN-504912,CUST-103744,2025-04-27,0,0,False,False,4262.269999999999,Current,DEBT_CONSOLIDATION
LN-504913,CUST-101799,2025-04-27,0,0,False,False,9238.889999999996,Current,DEBT_CONSOLIDATION
LN-504914,CUST-101916,2025-04-27,0,0,False,False,7930.382500000007,Current,DEBT_CONSOLIDATION
LN-504916,CUST-106883,2025-04-27,0,0,False,False,22982.370000000014,Current,DEBT_CONSOLIDATION
LN-504917,CUST-104167,2025-04-27,4,117,False,False,5567.6624999999985,90+,DEBT_CONSOLIDATION
LN-504918,CUST-102400,2025-04-27,0,0,False,False,69376.26000000001,Current,DEBT_CONSOLIDATION
LN-504919,CUST-106739,2025-04-27,0,0,False,False,33306.28,Current,DEBT_CONSOLIDATION
LN-504920,CUST-100887,2025-04-27,0,0,False,False,11909.5425,Current,DEBT_CONSOLIDATION
LN-504923,CUST-106365,2025-04-27,0,0,False,False,19219.312500000022,Current,DEBT_CONSOLIDATION
LN-504924,CUST-105471,2025-04-27,0,0,False,False,8280.840000000011,Current,DEBT_CONSOLIDATION
LN-504925,CUST-107047,2025-04-27,0,0,False,False,45988.71000000001,Current,DEBT_CONSOLIDATION
LN-504926,CUST-102139,2025-04-27,0,0,False,False,1922.1075000000003,Current,DEBT_CONSOLIDATION
LN-504927,CUST-102961,2025-04-27,0,0,False,False,28279.5,Current,DEBT_CONSOLIDATION
LN-504928,CUST-101997,2025-04-27,0,0,False,False,16431.56750000001,Current,DEBT_CONSOLIDATION
LN-504929,CUST-104453,2025-04-27,2,39,False,False,7381.580000000002,30-59,DEBT_CONSOLIDATION
LN-504930,CUST-100167,2025-04-27,0,0,False,False,7039.197500000002,Current,DEBT_CONSOLIDATION
LN-504932,CUST-106872,2025-04-27,0,0,False,False,21905.342500000002,Current,DEBT_CONSOLIDATION
LN-504933,CUST-102477,2025-04-27,0,0,False,False,13270.849999999991,Current,DEBT_CONSOLIDATION
LN-504934,CUST-107593,2025-04-27,0,0,False,False,21414.889999999992,Current,DEBT_CONSOLIDATION
LN-504935,CUST-102847,2025-04-27,0,0,False,False,12804.679999999998,Current,DEBT_CONSOLIDATION
LN-504936,CUST-104315,2025-04-27,0,0,False,False,26156.984999999997,Current,DEBT_CONSOLIDATION
LN-504937,CUST-105511,2025-04-27,0,0,False,False,19333.335000000006,Current,DEBT_CONSOLIDATION
LN-504938,CUST-106726,2025-04-27,0,0,False,False,12207.529999999999,Current,DEBT_CONSOLIDATION
LN-504939,CUST-106738,2025-04-27,0,0,False,False,41706.69499999999,Current,DEBT_CONSOLIDATION
LN-504940,CUST-105939,2025-04-27,0,0,False,False,707.69,Current,DEBT_CONSOLIDATION
LN-504941,CUST-101831,2025-04-27,0,0,False,False,25697.5825,Current,DEBT_CONSOLIDATION
LN-504942,CUST-101414,2025-04-27,0,0,False,False,37360.040000000015,Current,DEBT_CONSOLIDATION
LN-504943,CUST-102667,2025-04-27,0,0,False,False,33252.29,Current,DEBT_CONSOLIDATION
LN-504944,CUST-107132,2025-04-27,0,0,False,False,7193.480000000001,Current,DEBT_CONSOLIDATION
LN-504947,CUST-104078,2025-04-27,0,0,False,False,14534.619999999988,Current,DEBT_CONSOLIDATION
LN-504948,CUST-106272,2025-04-27,0,0,False,False,50014.219999999994,Current,DEBT_CONSOLIDATION
LN-504949,CUST-105556,2025-04-27,0,0,False,False,9062.230000000003,Current,DEBT_CONSOLIDATION
LN-504950,CUST-105343,2025-04-27,0,0,False,False,52161.97000000001,Current,DEBT_CONSOLIDATION
LN-504952,CUST-107201,2025-04-27,0,0,False,False,26181.985000000015,Current,DEBT_CONSOLIDATION
LN-504953,CUST-106571,2025-04-27,0,0,False,False,5331.515000000001,Current,DEBT_CONSOLIDATION
LN-504954,CUST-107298,2025-04-27,0,0,False,False,33860.565,Current,DEBT_CONSOLIDATION
LN-504955,CUST-101983,2025-04-27,0,0,False,False,11591.810000000012,Current,DEBT_CONSOLIDATION
LN-504956,CUST-101145,2025-04-27,0,0,False,False,6634.474999999998,Current,DEBT_CONSOLIDATION
LN-504957,CUST-105789,2025-04-27,0,0,False,False,860.6274999999998,Current,DEBT_CONSOLIDATION
LN-504958,CUST-100704,2025-04-27,0,0,False,False,20102.010000000013,Current,DEBT_CONSOLIDATION
LN-504959,CUST-104922,2025-04-27,0,0,False,False,21090.730000000007,Current,DEBT_CONSOLIDATION
LN-504960,CUST-107437,2025-04-27,0,0,False,False,17912.26499999998,Current,DEBT_CONSOLIDATION
LN-504961,CUST-107155,2025-04-27,0,0,False,False,12890.409999999989,Current,DEBT_CONSOLIDATION
LN-504962,CUST-105551,2025-04-27,0,0,False,False,13454.187499999998,Current,DEBT_CONSOLIDATION
LN-504963,CUST-105470,2025-04-27,0,0,False,False,66014.59,Current,DEBT_CONSOLIDATION
LN-504964,CUST-105639,2025-04-27,0,0,False,False,47202.009999999995,Current,DEBT_CONSOLIDATION
LN-504965,CUST-105877,2025-04-27,0,0,False,False,25847.80499999999,Current,DEBT_CONSOLIDATION
LN-504967,CUST-101242,2025-04-27,0,0,False,False,38242.01000000002,Current,DEBT_CONSOLIDATION
LN-504968,CUST-103396,2025-04-27,0,0,False,False,9533.799999999994,Current,DEBT_CONSOLIDATION
LN-504969,CUST-106746,2025-04-27,0,0,False,False,24482.925,Current,DEBT_CONSOLIDATION
LN-504970,CUST-106136,2025-04-27,0,0,False,False,14002.145000000008,Current,DEBT_CONSOLIDATION
LN-504971,CUST-103440,2025-04-27,0,0,False,False,38779.59000000002,Current,DEBT_CONSOLIDATION
LN-504972,CUST-102260,2025-04-27,0,0,False,False,23343.46,Current,DEBT_CONSOLIDATION
LN-504973,CUST-100685,2025-04-27,0,0,False,False,25474.21,Current,DEBT_CONSOLIDATION
LN-504974,CUST-105140,2025-04-27,0,0,False,False,7425.115,Current,DEBT_CONSOLIDATION
LN-504975,CUST-106531,2025-04-27,0,0,False,False,16485.674999999996,Current,DEBT_CONSOLIDATION
LN-504976,CUST-104516,2025-04-27,0,0,False,False,20733.479999999996,Current,DEBT_CONSOLIDATION
LN-504978,CUST-105185,2025-04-27,0,0,False,False,10727.857500000006,Current,DEBT_CONSOLIDATION
LN-504979,CUST-100912,2025-04-27,0,0,False,False,14127.469999999998,Current,DEBT_CONSOLIDATION
LN-504981,CUST-103558,2025-04-27,0,0,False,False,7042.884999999998,Current,DEBT_CONSOLIDATION
LN-504982,CUST-103648,2025-04-27,0,0,False,False,1843.8525000000016,Current,DEBT_CONSOLIDATION
LN-504983,CUST-104395,2025-04-27,0,0,False,False,20388.68750000001,Current,DEBT_CONSOLIDATION
LN-504984,CUST-101328,2025-04-27,0,0,False,False,20974.19,Current,DEBT_CONSOLIDATION
LN-504986,CUST-105441,2025-04-27,0,0,False,False,20065.555,Current,DEBT_CONSOLIDATION
LN-504987,CUST-104285,2025-04-27,0,0,False,False,20875.467499999984,Current,DEBT_CONSOLIDATION
LN-504988,CUST-107780,2025-04-27,0,0,False,False,7885.005,Current,DEBT_CONSOLIDATION
LN-504990,CUST-106002,2025-04-27,0,0,False,False,44217.27999999999,Current,DEBT_CONSOLIDATION
LN-504991,CUST-101452,2025-04-27,0,0,False,False,28975.140000000003,Current,DEBT_CONSOLIDATION
LN-504992,CUST-102698,2025-04-27,0,0,False,False,2313.9825,Current,DEBT_CONSOLIDATION
LN-504993,CUST-107295,2025-04-27,0,0,False,False,22038.8825,Current,DEBT_CONSOLIDATION
LN-504994,CUST-104931,2025-04-27,0,0,False,False,43163.72500000002,Current,DEBT_CONSOLIDATION
LN-504995,CUST-105333,2025-04-27,0,0,False,False,2595.0999999999985,Current,DEBT_CONSOLIDATION
LN-504996,CUST-100042,2025-04-27,0,0,False,False,14239.33,Current,DEBT_CONSOLIDATION
LN-504997,CUST-104585,2025-04-27,0,0,False,False,24380.225000000002,Current,DEBT_CONSOLIDATION
LN-504998,CUST-107913,2025-04-27,0,0,False,False,25496.287500000002,Current,DEBT_CONSOLIDATION
LN-504999,CUST-101200,2025-04-27,0,0,False,False,13785.914999999999,Current,DEBT_CONSOLIDATION
LN-505000,CUST-104639,2025-04-27,0,0,False,False,4670.564999999999,Current,DEBT_CONSOLIDATION
LN-505001,CUST-104200,2025-04-27,0,0,False,False,26329.87000000001,Current,DEBT_CONSOLIDATION
LN-505003,CUST-106228,2025-04-27,0,0,False,False,47950.66999999999,Current,DEBT_CONSOLIDATION
LN-505004,CUST-102170,2025-04-27,0,0,False,False,22736.987500000003,Current,DEBT_CONSOLIDATION
LN-505005,CUST-107168,2025-04-27,0,0,False,False,23961.37,Current,DEBT_CONSOLIDATION
LN-505007,CUST-103252,2025-04-27,0,0,False,False,18048.995000000003,Current,DEBT_CONSOLIDATION
LN-505008,CUST-105158,2025-04-27,0,0,False,False,2814.8650000000002,Current,DEBT_CONSOLIDATION
LN-505009,CUST-107907,2025-04-27,0,0,False,False,181436.38000000012,Current,DEBT_CONSOLIDATION
LN-505010,CUST-100506,2025-04-27,0,0,False,False,5575.085000000003,Current,DEBT_CONSOLIDATION
LN-505014,CUST-101232,2025-04-27,0,0,False,False,366451.6999999998,Current,DEBT_CONSOLIDATION
LN-505015,CUST-100436,2025-04-27,3,75,False,False,11761.457500000004,60-89,DEBT_CONSOLIDATION
LN-505016,CUST-102419,2025-04-27,0,0,False,False,7440.035000000001,Current,DEBT_CONSOLIDATION
LN-505017,CUST-106099,2025-04-27,4,211,False,False,21975.392499999994,90+,DEBT_CONSOLIDATION
LN-505018,CUST-106264,2025-04-27,0,0,False,False,27193.55000000001,Current,DEBT_CONSOLIDATION
LN-505019,CUST-104998,2025-04-27,0,0,False,False,20110.3575,Current,DEBT_CONSOLIDATION
LN-505020,CUST-104591,2025-04-27,0,0,True,False,13077.154999999995,Current,DEBT_CONSOLIDATION
LN-505021,CUST-107894,2025-04-27,0,0,False,False,41756.74,Current,DEBT_CONSOLIDATION
LN-505023,CUST-100128,2025-04-27,0,0,False,False,32337.924999999996,Current,DEBT_CONSOLIDATION
LN-505024,CUST-102195,2025-04-27,0,0,False,False,29440.830000000016,Current,DEBT_CONSOLIDATION
LN-505025,CUST-106819,2025-04-27,0,0,False,False,34307.72000000002,Current,DEBT_CONSOLIDATION
LN-505026,CUST-101225,2025-04-27,0,0,False,False,21090.552499999998,Current,DEBT_CONSOLIDATION
LN-505027,CUST-106535,2025-04-27,0,0,True,False,8777.1,Current,DEBT_CONSOLIDATION
LN-505028,CUST-107254,2025-04-27,0,0,False,False,14526.924999999997,Current,DEBT_CONSOLIDATION
LN-505029,CUST-107596,2025-04-27,0,0,False,False,15663.915000000005,Current,DEBT_CONSOLIDATION
LN-505030,CUST-100112,2025-04-27,0,0,False,False,450978.48,Current,DEBT_CONSOLIDATION
LN-505031,CUST-104987,2025-04-27,0,0,False,False,43878.58499999999,Current,DEBT_CONSOLIDATION
LN-505032,CUST-102910,2025-04-27,0,0,False,False,21328.63500000001,Current,DEBT_CONSOLIDATION
LN-505033,CUST-104908,2025-04-27,0,0,False,False,27025.264999999985,Current,DEBT_CONSOLIDATION
LN-505034,CUST-106097,2025-04-27,0,0,False,False,16130.237499999992,Current,DEBT_CONSOLIDATION
LN-505036,CUST-101612,2025-04-27,0,0,False,False,32088.13,Current,DEBT_CONSOLIDATION
LN-505038,CUST-100111,2025-04-27,2,47,False,False,22238.0525,30-59,DEBT_CONSOLIDATION
LN-505039,CUST-106496,2025-04-27,0,0,False,False,10583.77,Current,DEBT_CONSOLIDATION
LN-505040,CUST-102236,2025-04-27,0,0,False,False,12071.445000000014,Current,DEBT_CONSOLIDATION
LN-505041,CUST-100312,2025-04-27,0,0,False,False,26619.63,Current,DEBT_CONSOLIDATION
LN-505042,CUST-102940,2025-04-27,0,0,False,False,31901.02,Current,DEBT_CONSOLIDATION
LN-505043,CUST-103929,2025-04-27,0,0,False,False,15887.502499999979,Current,DEBT_CONSOLIDATION
LN-505044,CUST-104885,2025-04-27,0,0,False,False,41305.92,Current,DEBT_CONSOLIDATION
LN-505045,CUST-102772,2025-04-27,0,0,False,False,16585.94000000001,Current,DEBT_CONSOLIDATION
LN-505046,CUST-101372,2025-04-27,0,0,False,False,1821.8499999999995,Current,DEBT_CONSOLIDATION
LN-505047,CUST-103799,2025-04-27,0,0,False,False,29564.219999999998,Current,DEBT_CONSOLIDATION
LN-505048,CUST-104397,2025-04-27,0,0,False,False,19435.31,Current,DEBT_CONSOLIDATION
LN-505049,CUST-100222,2025-04-27,0,0,False,False,33932.52250000001,Current,DEBT_CONSOLIDATION
LN-505050,CUST-100247,2025-04-27,0,0,False,False,44714.30999999999,Current,DEBT_CONSOLIDATION
LN-505051,CUST-107638,2025-04-27,0,0,False,False,20134.51,Current,DEBT_CONSOLIDATION
LN-505052,CUST-105653,2025-04-27,0,0,False,False,35967.63999999998,Current,DEBT_CONSOLIDATION
LN-505053,CUST-106850,2025-04-27,0,0,False,False,9556.519999999997,Current,DEBT_CONSOLIDATION
LN-505054,CUST-103687,2025-04-27,0,0,False,False,34989.17500000003,Current,DEBT_CONSOLIDATION
LN-505055,CUST-103268,2025-04-27,0,0,False,False,7961.589999999999,Current,DEBT_CONSOLIDATION
LN-505057,CUST-103106,2025-04-27,0,0,False,False,94911.065,Current,DEBT_CONSOLIDATION
LN-505058,CUST-100462,2025-04-27,0,0,False,False,8229.475,Current,DEBT_CONSOLIDATION
LN-505059,CUST-106054,2025-04-27,0,0,False,False,27280.722499999996,Current,DEBT_CONSOLIDATION
LN-505060,CUST-104767,2025-04-27,0,0,False,False,41719.43,Current,DEBT_CONSOLIDATION
LN-505061,CUST-106663,2025-04-27,0,0,False,False,349205.13499999995,Current,DEBT_CONSOLIDATION
LN-505062,CUST-105374,2025-04-27,0,0,False,False,11432.47,Current,DEBT_CONSOLIDATION
LN-505064,CUST-102536,2025-04-27,0,0,False,False,543853.6549999999,Current,DEBT_CONSOLIDATION
LN-505066,CUST-104314,2025-04-27,0,0,False,False,7085.274999999996,Current,DEBT_CONSOLIDATION
LN-505067,CUST-104505,2025-04-27,0,0,False,False,42270.450000000004,Current,DEBT_CONSOLIDATION
LN-505069,CUST-101164,2025-04-27,0,0,False,False,12232.307500000006,Current,DEBT_CONSOLIDATION
LN-505070,CUST-101726,2025-04-27,0,0,False,False,23210.329999999998,Current,DEBT_CONSOLIDATION
LN-505071,CUST-105805,2025-04-27,0,0,False,False,7815.120000000004,Current,DEBT_CONSOLIDATION
LN-505072,CUST-103123,2025-04-27,0,0,False,False,31022.3325,Current,DEBT_CONSOLIDATION
LN-505073,CUST-103747,2025-04-27,0,0,False,False,59344.72,Current,DEBT_CONSOLIDATION
LN-505074,CUST-100292,2025-04-27,0,0,False,False,26138.53,Current,DEBT_CONSOLIDATION
LN-505075,CUST-100492,2025-04-27,0,0,False,False,4953.050000000007,Current,DEBT_CONSOLIDATION
LN-505076,CUST-106070,2025-04-27,0,0,False,False,20835.87000000002,Current,DEBT_CONSOLIDATION
LN-505077,CUST-104675,2025-04-27,0,0,False,False,16098.069999999994,Current,DEBT_CONSOLIDATION
LN-505078,CUST-101213,2025-04-27,0,0,False,False,28525.215000000004,Current,DEBT_CONSOLIDATION
LN-505079,CUST-101536,2025-04-27,0,0,False,False,276855.3674999998,Current,DEBT_CONSOLIDATION
LN-505080,CUST-100328,2025-04-27,0,0,False,False,30982.53,Current,DEBT_CONSOLIDATION
LN-505081,CUST-106166,2025-04-27,0,0,False,False,16166.235000000004,Current,DEBT_CONSOLIDATION
LN-505083,CUST-104085,2025-04-27,0,0,False,False,24579.060000000005,Current,DEBT_CONSOLIDATION
LN-505084,CUST-104047,2025-04-27,0,0,False,False,527645.7099999997,Current,DEBT_CONSOLIDATION
LN-505087,CUST-100230,2025-04-27,0,0,False,False,6783.865000000003,Current,DEBT_CONSOLIDATION
LN-505088,CUST-103298,2025-04-27,0,0,False,False,8296.510000000004,Current,DEBT_CONSOLIDATION
LN-505089,CUST-103572,2025-04-27,0,0,False,False,18478.785000000014,Current,DEBT_CONSOLIDATION
LN-505090,CUST-102829,2025-04-27,0,0,False,False,28572.840000000004,Current,DEBT_CONSOLIDATION
LN-505091,CUST-105956,2025-04-27,2,56,False,False,112233.43,30-59,DEBT_CONSOLIDATION
LN-505092,CUST-101253,2025-04-27,0,0,False,False,23922.409999999993,Current,DEBT_CONSOLIDATION
LN-505093,CUST-107209,2025-04-27,0,0,False,False,16940.989999999983,Current,DEBT_CONSOLIDATION
LN-505094,CUST-106796,2025-04-27,0,0,False,False,16146.8575,Current,DEBT_CONSOLIDATION
LN-505095,CUST-103633,2025-04-27,0,0,False,False,34066.6225,Current,DEBT_CONSOLIDATION
LN-505096,CUST-105170,2025-04-27,0,0,False,False,12947.19499999999,Current,DEBT_CONSOLIDATION
LN-505097,CUST-106449,2025-04-27,0,0,False,False,22270.58,Current,DEBT_CONSOLIDATION
LN-505098,CUST-105985,2025-04-27,0,0,False,False,28463.2275,Current,DEBT_CONSOLIDATION
LN-505099,CUST-103130,2025-04-27,0,0,False,False,5547.534999999994,Current,DEBT_CONSOLIDATION
LN-505100,CUST-101509,2025-04-27,0,0,False,False,27096.249999999993,Current,DEBT_CONSOLIDATION
LN-505101,CUST-107570,2025-04-27,0,0,False,False,24968.23750000001,Current,DEBT_CONSOLIDATION
LN-505102,CUST-106704,2025-04-27,0,0,False,False,39451.320000000014,Current,DEBT_CONSOLIDATION
LN-505103,CUST-106585,2025-04-27,0,0,False,False,8707.572500000007,Current,DEBT_CONSOLIDATION
LN-505104,CUST-102823,2025-04-27,0,0,False,False,7876.5825,Current,DEBT_CONSOLIDATION
LN-505106,CUST-106702,2025-04-27,0,0,False,False,19404.040000000005,Current,DEBT_CONSOLIDATION
LN-505107,CUST-106941,2025-04-27,0,0,False,False,27721.57,Current,DEBT_CONSOLIDATION
LN-505108,CUST-104023,2025-04-27,0,0,False,False,8863.144999999999,Current,DEBT_CONSOLIDATION
LN-505109,CUST-101284,2025-04-27,0,0,False,False,1849.95,Current,DEBT_CONSOLIDATION
LN-505110,CUST-101818,2025-04-27,0,0,False,False,11939.139999999996,Current,DEBT_CONSOLIDATION
LN-505111,CUST-101865,2025-04-27,0,0,False,False,11950.04,Current,DEBT_CONSOLIDATION
LN-505112,CUST-106083,2025-04-27,0,0,False,False,16468.619999999995,Current,DEBT_CONSOLIDATION
LN-505113,CUST-104547,2025-04-27,0,0,False,False,2258.442499999998,Current,DEBT_CONSOLIDATION
LN-505115,CUST-105939,2025-04-27,0,0,False,False,29689.765000000003,Current,DEBT_CONSOLIDATION
LN-505116,CUST-103829,2025-04-27,1,4,False,False,115212.33499999999,1-29,DEBT_CONSOLIDATION
LN-505117,CUST-102388,2025-04-27,0,0,False,False,3229.5575,Current,DEBT_CONSOLIDATION
LN-505118,CUST-101185,2025-04-27,0,0,False,False,13562.374999999993,Current,DEBT_CONSOLIDATION
LN-505120,CUST-104614,2025-04-27,0,0,False,False,51463.84,Current,DEBT_CONSOLIDATION
LN-505121,CUST-104142,2025-04-27,0,0,False,False,41926.02250000003,Current,DEBT_CONSOLIDATION
LN-505122,CUST-106806,2025-04-27,0,0,False,False,4026.2749999999996,Current,DEBT_CONSOLIDATION
LN-505123,CUST-101601,2025-04-27,0,0,False,False,134434.46000000008,Current,DEBT_CONSOLIDATION
LN-505124,CUST-105479,2025-04-27,0,0,False,False,5888.399999999998,Current,DEBT_CONSOLIDATION
LN-505125,CUST-104693,2025-04-27,0,0,False,False,29149.44249999999,Current,DEBT_CONSOLIDATION
LN-505126,CUST-107616,2025-04-27,0,0,False,False,59196.095,Current,DEBT_CONSOLIDATION
LN-505127,CUST-102664,2025-04-27,0,0,False,False,39947.954999999994,Current,DEBT_CONSOLIDATION
LN-505128,CUST-102125,2025-04-27,0,0,False,False,42222.94999999998,Current,DEBT_CONSOLIDATION
LN-505129,CUST-103250,2025-04-27,0,0,False,False,3751.249999999998,Current,DEBT_CONSOLIDATION
LN-505130,CUST-101634,2025-04-27,0,0,False,False,22468.014999999996,Current,DEBT_CONSOLIDATION
LN-505131,CUST-107515,2025-04-27,0,0,False,False,34624.39000000004,Current,DEBT_CONSOLIDATION
LN-505132,CUST-106569,2025-04-27,0,0,False,False,15251.9,Current,DEBT_CONSOLIDATION
LN-505133,CUST-106906,2025-04-27,0,0,False,False,100221.08999999997,Current,DEBT_CONSOLIDATION
LN-505134,CUST-103895,2025-04-27,0,0,False,False,22550.005000000005,Current,DEBT_CONSOLIDATION
LN-505135,CUST-107581,2025-04-27,0,0,False,False,3636.0649999999987,Current,DEBT_CONSOLIDATION
LN-505136,CUST-103775,2025-04-27,0,0,False,False,46418.52749999999,Current,DEBT_CONSOLIDATION
LN-505137,CUST-100029,2025-04-27,0,0,False,False,3194.0499999999984,Current,DEBT_CONSOLIDATION
LN-505138,CUST-104003,2025-04-27,0,0,False,False,18618.645000000008,Current,DEBT_CONSOLIDATION
LN-505139,CUST-106916,2025-04-27,0,0,False,False,3171.0174999999995,Current,DEBT_CONSOLIDATION
LN-505140,CUST-107887,2025-04-27,0,0,False,False,16278.020000000004,Current,DEBT_CONSOLIDATION
LN-505142,CUST-105221,2025-04-27,0,0,False,False,28820.66250000002,Current,DEBT_CONSOLIDATION
LN-505143,CUST-104515,2025-04-27,0,0,False,False,23477.29999999999,Current,DEBT_CONSOLIDATION
LN-505144,CUST-101294,2025-04-27,1,22,False,False,11076.614999999994,1-29,DEBT_CONSOLIDATION
LN-505145,CUST-107826,2025-04-27,0,0,False,False,50983.18250000001,Current,DEBT_CONSOLIDATION
LN-505146,CUST-106090,2025-04-27,0,0,False,False,17493.984999999997,Current,DEBT_CONSOLIDATION
LN-505147,CUST-103662,2025-04-27,1,21,False,False,613301.9099999998,1-29,DEBT_CONSOLIDATION
LN-505148,CUST-104876,2025-04-27,0,0,False,False,17489.527499999997,Current,DEBT_CONSOLIDATION
LN-505149,CUST-105141,2025-04-27,0,0,False,False,139910.52,Current,DEBT_CONSOLIDATION
LN-505150,CUST-105684,2025-04-27,1,11,False,False,31021.684999999998,1-29,DEBT_CONSOLIDATION
LN-505151,CUST-107966,2025-04-27,4,93,False,False,27380.01000000001,90+,DEBT_CONSOLIDATION
LN-505152,CUST-101605,2025-04-27,0,0,False,False,20940.309999999998,Current,DEBT_CONSOLIDATION
LN-505153,CUST-102874,2025-04-27,0,0,False,False,117620.7525,Current,DEBT_CONSOLIDATION
LN-505154,CUST-105526,2025-04-27,0,0,False,False,6580.030000000004,Current,DEBT_CONSOLIDATION
LN-505155,CUST-104136,2025-04-27,0,0,True,False,9034.3775,Current,DEBT_CONSOLIDATION
LN-505156,CUST-105946,2025-04-27,0,0,False,False,19132.280000000002,Current,DEBT_CONSOLIDATION
LN-505157,CUST-103885,2025-04-27,0,0,False,False,17412.752500000002,Current,DEBT_CONSOLIDATION
LN-505158,CUST-102312,2025-04-27,0,0,False,False,14222.28,Current,DEBT_CONSOLIDATION
LN-505159,CUST-100055,2025-04-27,0,0,False,False,18930.3425,Current,DEBT_CONSOLIDATION
LN-505160,CUST-102010,2025-04-27,0,0,False,False,10330.47,Current,DEBT_CONSOLIDATION
LN-505162,CUST-105803,2025-04-27,0,0,False,False,12879.130000000001,Current,DEBT_CONSOLIDATION
LN-505163,CUST-103426,2025-04-27,0,0,False,False,6713.7874999999985,Current,DEBT_CONSOLIDATION
LN-505165,CUST-105755,2025-04-27,0,0,False,False,54622.89499999997,Current,DEBT_CONSOLIDATION
LN-505166,CUST-106372,2025-04-27,0,0,False,False,46130.83000000004,Current,DEBT_CONSOLIDATION
LN-505167,CUST-107552,2025-04-27,0,0,False,False,19952.230000000003,Current,DEBT_CONSOLIDATION
LN-505168,CUST-104388,2025-04-27,0,0,False,False,14817.37,Current,DEBT_CONSOLIDATION
LN-505169,CUST-101144,2025-04-27,0,0,False,False,14869.622499999998,Current,DEBT_CONSOLIDATION
LN-505170,CUST-101734,2025-04-27,0,0,False,False,12728.27,Current,DEBT_CONSOLIDATION
LN-505171,CUST-102355,2025-04-27,0,0,False,False,6375.794999999998,Current,DEBT_CONSOLIDATION
LN-505172,CUST-103135,2025-04-27,0,0,False,False,106100.58000000005,Current,DEBT_CONSOLIDATION
LN-505173,CUST-107694,2025-04-27,0,0,False,False,26313.48,Current,DEBT_CONSOLIDATION
LN-505174,CUST-104677,2025-04-27,3,77,False,False,6313.4200000000055,60-89,DEBT_CONSOLIDATION
LN-505175,CUST-103758,2025-04-27,0,0,False,False,14886.522500000001,Current,DEBT_CONSOLIDATION
LN-505176,CUST-104438,2025-04-27,0,0,False,False,21051.675000000003,Current,DEBT_CONSOLIDATION
LN-505177,CUST-104086,2025-04-27,0,0,False,False,7871.900000000004,Current,DEBT_CONSOLIDATION
LN-505178,CUST-100004,2025-04-27,0,0,False,False,38360.317500000005,Current,DEBT_CONSOLIDATION
LN-505179,CUST-101690,2025-04-27,0,0,False,False,28179.60000000001,Current,DEBT_CONSOLIDATION
LN-505181,CUST-107970,2025-04-27,0,0,False,False,24419.720000000005,Current,DEBT_CONSOLIDATION
LN-505183,CUST-106747,2025-04-27,0,0,False,False,9167.934999999998,Current,DEBT_CONSOLIDATION
LN-505184,CUST-104310,2025-04-27,0,0,False,False,39034.2125,Current,DEBT_CONSOLIDATION
LN-505185,CUST-104468,2025-04-27,0,0,False,False,39120.33749999996,Current,DEBT_CONSOLIDATION
LN-505186,CUST-106172,2025-04-27,0,0,False,False,5565.715,Current,DEBT_CONSOLIDATION
LN-505187,CUST-107522,2025-04-27,0,0,False,False,33464.6975,Current,DEBT_CONSOLIDATION
LN-505188,CUST-107827,2025-04-27,0,0,False,False,28865.00999999998,Current,DEBT_CONSOLIDATION
LN-505189,CUST-103432,2025-04-27,0,0,False,False,8962.71,Current,DEBT_CONSOLIDATION
LN-505190,CUST-102163,2025-04-27,1,24,False,False,54382.55000000001,1-29,DEBT_CONSOLIDATION
LN-505191,CUST-101701,2025-04-27,0,0,False,False,273393.445,Current,DEBT_CONSOLIDATION
LN-505192,CUST-105304,2025-04-27,0,0,False,False,17552.590000000007,Current,DEBT_CONSOLIDATION
LN-505193,CUST-100218,2025-04-27,0,0,False,False,1115.4400000000003,Current,DEBT_CONSOLIDATION
LN-505194,CUST-102357,2025-04-27,0,0,False,False,8473.819999999998,Current,DEBT_CONSOLIDATION
LN-505195,CUST-100303,2025-04-27,0,0,False,False,10101.780000000002,Current,DEBT_CONSOLIDATION
LN-505196,CUST-102521,2025-04-27,0,0,False,False,32524.065000000002,Current,DEBT_CONSOLIDATION
LN-505197,CUST-106344,2025-04-27,0,0,True,False,43337.23000000001,Current,DEBT_CONSOLIDATION
LN-505199,CUST-105691,2025-04-27,0,0,False,False,25252.949999999997,Current,DEBT_CONSOLIDATION
LN-505200,CUST-103248,2025-04-27,0,0,False,False,5274.9500000000035,Current,DEBT_CONSOLIDATION
LN-505201,CUST-104000,2025-04-27,0,0,False,False,6507.689999999999,Current,DEBT_CONSOLIDATION
LN-505202,CUST-107764,2025-04-27,0,0,False,False,45444.24000000002,Current,DEBT_CONSOLIDATION
LN-505203,CUST-104140,2025-04-27,0,0,False,False,37494.67500000001,Current,DEBT_CONSOLIDATION
LN-505204,CUST-102027,2025-04-27,4,94,False,False,102241.79249999998,90+,DEBT_CONSOLIDATION
LN-505205,CUST-100493,2025-04-27,0,0,False,False,12456.332500000002,Current,DEBT_CONSOLIDATION
LN-505206,CUST-101750,2025-04-27,0,0,False,False,9020.779999999995,Current,DEBT_CONSOLIDATION
LN-505207,CUST-101523,2025-04-27,0,0,False,False,12594.385000000006,Current,DEBT_CONSOLIDATION
LN-505208,CUST-102749,2025-04-27,0,0,False,False,19808.23,Current,DEBT_CONSOLIDATION
LN-505209,CUST-100036,2025-04-27,0,0,False,False,28391.76000000001,Current,DEBT_CONSOLIDATION
LN-505210,CUST-100762,2025-04-27,0,0,False,False,95109.71,Current,DEBT_CONSOLIDATION
LN-505211,CUST-103775,2025-04-27,0,0,False,False,12458.999999999989,Current,DEBT_CONSOLIDATION
LN-505212,CUST-104849,2025-04-27,0,0,False,False,21666.15999999998,Current,DEBT_CONSOLIDATION
LN-505214,CUST-104466,2025-04-27,0,0,False,False,22782.834999999985,Current,DEBT_CONSOLIDATION
LN-505215,CUST-102820,2025-04-27,0,0,False,False,35333.01250000001,Current,DEBT_CONSOLIDATION
LN-505216,CUST-105401,2025-04-27,0,0,False,False,14346.335,Current,DEBT_CONSOLIDATION
LN-505217,CUST-100219,2025-04-27,4,103,False,False,16245.657500000003,90+,DEBT_CONSOLIDATION
LN-505218,CUST-100012,2025-04-27,0,0,False,False,12499.607500000006,Current,DEBT_CONSOLIDATION
LN-505219,CUST-103198,2025-04-27,0,0,False,False,20824.160000000003,Current,DEBT_CONSOLIDATION
LN-505220,CUST-100928,2025-04-27,0,0,False,False,20891.57500000002,Current,DEBT_CONSOLIDATION
LN-505221,CUST-107839,2025-04-27,1,4,False,False,19955.09,1-29,DEBT_CONSOLIDATION
LN-505222,CUST-100678,2025-04-27,0,0,False,False,34788.24500000001,Current,DEBT_CONSOLIDATION
LN-505224,CUST-100127,2025-04-27,0,0,False,False,43437.16499999999,Current,DEBT_CONSOLIDATION
LN-505225,CUST-102680,2025-04-27,4,137,False,False,16511.037500000002,90+,DEBT_CONSOLIDATION
LN-505226,CUST-105039,2025-04-27,4,142,False,False,5547.659999999999,90+,DEBT_CONSOLIDATION
LN-505227,CUST-105617,2025-04-27,0,0,False,False,16817.765000000007,Current,DEBT_CONSOLIDATION
LN-505228,CUST-102598,2025-04-27,0,0,False,False,5090.470000000002,Current,DEBT_CONSOLIDATION
LN-505229,CUST-106550,2025-04-27,0,0,False,False,24369.319999999985,Current,DEBT_CONSOLIDATION
LN-505230,CUST-106346,2025-04-27,0,0,False,False,38283.357499999984,Current,DEBT_CONSOLIDATION
LN-505231,CUST-107854,2025-04-27,0,0,False,False,22581.579999999998,Current,DEBT_CONSOLIDATION
LN-505232,CUST-104795,2025-04-27,0,0,False,False,23471.70000000001,Current,DEBT_CONSOLIDATION
LN-505233,CUST-107305,2025-04-27,0,0,False,False,13642.675,Current,DEBT_CONSOLIDATION
LN-505234,CUST-107914,2025-04-27,0,0,False,False,19077.754999999997,Current,DEBT_CONSOLIDATION
LN-505235,CUST-107898,2025-04-27,2,53,False,False,226395.00250000006,30-59,DEBT_CONSOLIDATION
LN-505236,CUST-104041,2025-04-27,0,0,False,False,31780.69999999999,Current,DEBT_CONSOLIDATION
LN-505237,CUST-101889,2025-04-27,0,0,False,False,17306.464999999993,Current,DEBT_CONSOLIDATION
LN-505238,CUST-100884,2025-04-27,1,20,False,False,16279.554999999997,1-29,DEBT_CONSOLIDATION
LN-505239,CUST-100762,2025-04-27,0,0,False,False,45641.1975,Current,DEBT_CONSOLIDATION
LN-505240,CUST-105797,2025-04-27,0,0,False,False,27744.18500000001,Current,DEBT_CONSOLIDATION
LN-505241,CUST-103137,2025-04-27,0,0,False,False,15463.21,Current,DEBT_CONSOLIDATION
LN-505242,CUST-107023,2025-04-27,0,0,False,False,37026.04,Current,DEBT_CONSOLIDATION
LN-505243,CUST-104350,2025-04-27,0,0,False,False,21161.979999999996,Current,DEBT_CONSOLIDATION
LN-505244,CUST-104281,2025-04-27,0,0,False,False,20717.3075,Current,DEBT_CONSOLIDATION
LN-505245,CUST-103758,2025-04-27,0,0,False,False,18116.34499999999,Current,DEBT_CONSOLIDATION
LN-505246,CUST-105055,2025-04-27,0,0,False,False,14504.160000000003,Current,DEBT_CONSOLIDATION
LN-505247,CUST-102948,2025-04-27,0,0,False,False,33387.017500000016,Current,DEBT_CONSOLIDATION
LN-505248,CUST-106144,2025-04-27,0,0,False,False,40904.27000000001,Current,DEBT_CONSOLIDATION
LN-505249,CUST-105023,2025-04-27,0,0,False,False,35229.425000000025,Current,DEBT_CONSOLIDATION
LN-505250,CUST-102026,2025-04-27,0,0,False,False,17355.784999999996,Current,DEBT_CONSOLIDATION
LN-505251,CUST-103735,2025-04-27,0,0,False,False,50174.9925,Current,DEBT_CONSOLIDATION
LN-505252,CUST-100660,2025-04-27,0,0,False,False,35928.49,Current,DEBT_CONSOLIDATION
LN-505253,CUST-101373,2025-04-27,0,0,False,False,31463.04,Current,DEBT_CONSOLIDATION
LN-505254,CUST-102090,2025-04-27,0,0,True,False,47593.48749999998,Current,DEBT_CONSOLIDATION
LN-505255,CUST-105021,2025-04-27,0,0,False,False,8662.007500000007,Current,DEBT_CONSOLIDATION
LN-505256,CUST-104176,2025-04-27,0,0,False,False,18092.855,Current,DEBT_CONSOLIDATION
LN-505258,CUST-100991,2025-04-27,0,0,False,False,112068.79000000001,Current,DEBT_CONSOLIDATION
LN-505259,CUST-107865,2025-04-27,0,0,False,False,39562.8325,Current,DEBT_CONSOLIDATION
LN-505260,CUST-101774,2025-04-27,0,0,False,False,43583.945,Current,DEBT_CONSOLIDATION
LN-505261,CUST-100842,2025-04-27,0,0,False,False,17144.14000000002,Current,DEBT_CONSOLIDATION
LN-505262,CUST-101154,2025-04-27,0,0,False,False,24786.107500000002,Current,DEBT_CONSOLIDATION
LN-505263,CUST-100045,2025-04-27,0,0,False,False,146443.09249999997,Current,DEBT_CONSOLIDATION
LN-505264,CUST-100141,2025-04-27,0,0,False,False,27180.95000000002,Current,DEBT_CONSOLIDATION
LN-505265,CUST-104002,2025-04-27,0,0,False,False,28285.987499999996,Current,DEBT_CONSOLIDATION
LN-505266,CUST-100603,2025-04-27,0,0,False,False,38646.06000000001,Current,DEBT_CONSOLIDATION
LN-505267,CUST-100888,2025-04-27,1,23,False,False,7069.839999999999,1-29,DEBT_CONSOLIDATION
LN-505268,CUST-105794,2025-04-27,0,0,False,False,9688.962500000001,Current,DEBT_CONSOLIDATION
LN-505269,CUST-101558,2025-04-27,0,0,False,False,10439.867499999998,Current,DEBT_CONSOLIDATION
LN-505270,CUST-101235,2025-04-27,0,0,False,False,19967.08000000001,Current,DEBT_CONSOLIDATION
LN-505272,CUST-103366,2025-04-27,1,22,False,False,31261.57,1-29,DEBT_CONSOLIDATION
LN-505274,CUST-103083,2025-04-27,0,0,False,False,424878.11500000017,Current,DEBT_CONSOLIDATION
LN-505275,CUST-104530,2025-04-27,0,0,False,False,17377.094999999998,Current,DEBT_CONSOLIDATION
LN-505276,CUST-104879,2025-04-27,0,0,False,False,26070.187499999993,Current,DEBT_CONSOLIDATION
LN-505277,CUST-105669,2025-04-27,0,0,False,False,18451.6025,Current,DEBT_CONSOLIDATION
LN-505278,CUST-103928,2025-04-27,0,0,False,False,204280.69749999992,Current,DEBT_CONSOLIDATION
LN-505279,CUST-100359,2025-04-27,0,0,False,False,12129.525,Current,DEBT_CONSOLIDATION
LN-505280,CUST-103197,2025-04-27,1,7,False,False,5059.620000000001,1-29,DEBT_CONSOLIDATION
LN-505281,CUST-105070,2025-04-27,0,0,False,False,42522.59,Current,DEBT_CONSOLIDATION
LN-505282,CUST-103708,2025-04-27,0,0,False,False,19476.092500000006,Current,DEBT_CONSOLIDATION
LN-505283,CUST-101088,2025-04-27,1,26,False,False,9380.984999999997,1-29,DEBT_CONSOLIDATION
LN-505284,CUST-106959,2025-04-27,0,0,False,False,15972.609999999997,Current,DEBT_CONSOLIDATION
LN-505286,CUST-101959,2025-04-27,4,92,False,False,21677.504999999997,90+,DEBT_CONSOLIDATION
LN-505287,CUST-103748,2025-04-27,0,0,False,False,7923.520000000003,Current,DEBT_CONSOLIDATION
LN-505288,CUST-101126,2025-04-27,0,0,False,False,756.9600000000004,Current,DEBT_CONSOLIDATION
LN-505289,CUST-106500,2025-04-27,0,0,False,False,23438.55999999998,Current,DEBT_CONSOLIDATION
LN-505290,CUST-107357,2025-04-27,0,0,False,False,24538.135000000013,Current,DEBT_CONSOLIDATION
LN-505291,CUST-103241,2025-04-27,0,0,False,False,17914.43499999999,Current,DEBT_CONSOLIDATION
LN-505292,CUST-101533,2025-04-27,4,164,False,False,318715.97,90+,DEBT_CONSOLIDATION
LN-505293,CUST-104036,2025-04-27,2,34,False,False,14490.53,30-59,DEBT_CONSOLIDATION
LN-505294,CUST-100314,2025-04-27,0,0,False,False,3564.6900000000037,Current,DEBT_CONSOLIDATION
LN-505295,CUST-102327,2025-04-27,0,0,False,False,17775.579999999994,Current,DEBT_CONSOLIDATION
LN-505296,CUST-105197,2025-04-27,0,0,False,False,14838.585000000006,Current,DEBT_CONSOLIDATION
LN-505297,CUST-101419,2025-04-27,0,0,False,False,26341.25,Current,DEBT_CONSOLIDATION
LN-505298,CUST-104775,2025-04-27,0,0,False,False,18868.93,Current,DEBT_CONSOLIDATION
LN-505299,CUST-100487,2025-04-27,0,0,False,False,45863.225,Current,DEBT_CONSOLIDATION
LN-505300,CUST-107635,2025-04-27,0,0,False,False,13859.204999999998,Current,DEBT_CONSOLIDATION
LN-505301,CUST-106502,2025-04-27,0,0,False,False,17199.36,Current,DEBT_CONSOLIDATION
LN-505302,CUST-103463,2025-04-27,0,0,False,False,6246.4699999999975,Current,DEBT_CONSOLIDATION
LN-505303,CUST-107393,2025-04-27,0,0,False,False,41056.56000000002,Current,DEBT_CONSOLIDATION
LN-505304,CUST-102570,2025-04-27,0,0,False,False,443200.61999999976,Current,DEBT_CONSOLIDATION
LN-505305,CUST-104916,2025-04-27,0,0,False,False,29726.215000000004,Current,DEBT_CONSOLIDATION
LN-505306,CUST-102739,2025-04-27,0,0,False,False,548.2025000000007,Current,DEBT_CONSOLIDATION
LN-505307,CUST-106362,2025-04-27,0,0,False,False,5418.2750000000015,Current,DEBT_CONSOLIDATION
LN-505308,CUST-101893,2025-04-27,0,0,False,False,14033.177500000009,Current,DEBT_CONSOLIDATION
LN-505309,CUST-102568,2025-04-27,0,0,False,False,4451.599999999998,Current,DEBT_CONSOLIDATION
LN-505310,CUST-102740,2025-04-27,0,0,False,False,52353.59250000002,Current,DEBT_CONSOLIDATION
LN-505311,CUST-105141,2025-04-27,0,0,False,False,51143.15749999999,Current,DEBT_CONSOLIDATION
LN-505312,CUST-105330,2025-04-27,0,0,False,False,96188.88,Current,DEBT_CONSOLIDATION
LN-505313,CUST-102230,2025-04-27,0,0,False,False,49190.070000000014,Current,DEBT_CONSOLIDATION
LN-505314,CUST-101772,2025-04-27,0,0,False,False,16212.640000000001,Current,DEBT_CONSOLIDATION
LN-505315,CUST-101050,2025-04-27,0,0,False,False,464352.685,Current,DEBT_CONSOLIDATION
LN-505316,CUST-101567,2025-04-27,0,0,False,False,4850.509999999998,Current,DEBT_CONSOLIDATION
LN-505317,CUST-107548,2025-04-27,0,0,False,False,11835.384999999995,Current,DEBT_CONSOLIDATION
LN-505318,CUST-100308,2025-04-27,0,0,False,False,11001.040000000008,Current,DEBT_CONSOLIDATION
LN-505319,CUST-102445,2025-04-27,0,0,False,False,37310.644999999975,Current,DEBT_CONSOLIDATION
LN-505320,CUST-104905,2025-04-27,0,0,False,False,32555.5,Current,DEBT_CONSOLIDATION
LN-505321,CUST-101457,2025-04-27,0,0,False,False,7945.439999999994,Current,DEBT_CONSOLIDATION
LN-505322,CUST-105263,2025-04-27,0,0,False,False,16187.520000000024,Current,DEBT_CONSOLIDATION
LN-505323,CUST-103944,2025-04-27,0,0,False,False,103971.66499999996,Current,DEBT_CONSOLIDATION
LN-505324,CUST-101131,2025-04-27,0,0,False,False,7027.4349999999995,Current,DEBT_CONSOLIDATION
LN-505325,CUST-105083,2025-04-27,0,0,False,False,224176.69,Current,DEBT_CONSOLIDATION
LN-505326,CUST-107227,2025-04-27,0,0,False,False,8024.305000000002,Current,DEBT_CONSOLIDATION
LN-505327,CUST-103795,2025-04-27,0,0,False,False,20246.43000000002,Current,DEBT_CONSOLIDATION
LN-505330,CUST-106997,2025-04-27,0,0,False,False,33067.39000000002,Current,DEBT_CONSOLIDATION
LN-505331,CUST-107990,2025-04-27,0,0,False,False,39120.25,Current,DEBT_CONSOLIDATION
LN-505332,CUST-106001,2025-04-27,0,0,False,False,49143.34,Current,DEBT_CONSOLIDATION
LN-505333,CUST-101503,2025-04-27,0,0,False,False,14230.092499999995,Current,DEBT_CONSOLIDATION
LN-505334,CUST-102249,2025-04-27,0,0,False,False,12288.570000000002,Current,DEBT_CONSOLIDATION
LN-505335,CUST-102215,2025-04-27,1,16,False,False,20849.820000000003,1-29,DEBT_CONSOLIDATION
LN-505336,CUST-103163,2025-04-27,0,0,False,False,40216.380000000005,Current,DEBT_CONSOLIDATION
LN-505337,CUST-102452,2025-04-27,0,0,False,False,45033.604999999996,Current,DEBT_CONSOLIDATION
LN-505338,CUST-106118,2025-04-27,0,0,False,False,15040.474999999991,Current,DEBT_CONSOLIDATION
LN-505339,CUST-104326,2025-04-27,0,0,False,False,3705.704999999999,Current,DEBT_CONSOLIDATION
LN-505340,CUST-100078,2025-04-27,0,0,True,False,37887.169999999984,Current,DEBT_CONSOLIDATION
LN-505341,CUST-106187,2025-04-27,0,0,False,False,25858.784999999985,Current,DEBT_CONSOLIDATION
LN-505343,CUST-107567,2025-04-27,0,0,False,False,41824.290000000015,Current,DEBT_CONSOLIDATION
LN-505344,CUST-103810,2025-04-27,0,0,False,False,19765.910000000014,Current,DEBT_CONSOLIDATION
LN-505345,CUST-105265,2025-04-27,0,0,False,False,17745.77,Current,DEBT_CONSOLIDATION
LN-505346,CUST-102123,2025-04-27,0,0,False,True,3313.9799999999977,Current,DEBT_CONSOLIDATION
LN-505347,CUST-103113,2025-04-27,0,0,False,False,17420.304999999986,Current,DEBT_CONSOLIDATION
LN-505348,CUST-102526,2025-04-27,0,0,False,False,10180.560000000003,Current,DEBT_CONSOLIDATION
LN-505349,CUST-104279,2025-04-27,0,0,False,False,7452.27,Current,DEBT_CONSOLIDATION
LN-505350,CUST-100737,2025-04-27,0,0,False,False,39005.16,Current,DEBT_CONSOLIDATION
LN-505351,CUST-100847,2025-04-27,0,0,False,False,26173.700000000004,Current,DEBT_CONSOLIDATION
LN-505353,CUST-103877,2025-04-27,0,0,False,False,44562.85,Current,DEBT_CONSOLIDATION
LN-505354,CUST-100624,2025-04-27,0,0,False,False,17535.6225,Current,DEBT_CONSOLIDATION
LN-505356,CUST-104726,2025-04-27,3,70,False,False,44494.67250000002,60-89,DEBT_CONSOLIDATION
LN-505357,CUST-107266,2025-04-27,0,0,False,False,8165.912499999995,Current,DEBT_CONSOLIDATION
LN-505358,CUST-105457,2025-04-27,0,0,False,False,13689.477500000008,Current,DEBT_CONSOLIDATION
LN-505359,CUST-103024,2025-04-27,0,0,False,False,31924.382499999978,Current,DEBT_CONSOLIDATION
LN-505360,CUST-104966,2025-04-27,0,0,False,False,9668.910000000005,Current,DEBT_CONSOLIDATION
LN-505361,CUST-105916,2025-04-27,0,0,False,False,14494.785000000009,Current,DEBT_CONSOLIDATION
LN-505362,CUST-102941,2025-04-27,0,0,False,False,14005.515000000003,Current,DEBT_CONSOLIDATION
LN-505363,CUST-101770,2025-04-27,0,0,False,False,24098.954999999998,Current,DEBT_CONSOLIDATION
LN-505364,CUST-100709,2025-04-27,0,0,False,False,29552.802499999998,Current,DEBT_CONSOLIDATION
LN-505365,CUST-106865,2025-04-27,0,0,False,False,14095.459999999992,Current,DEBT_CONSOLIDATION
LN-505366,CUST-107468,2025-04-27,0,0,False,False,4735.27,Current,DEBT_CONSOLIDATION
LN-505367,CUST-103524,2025-04-27,0,0,False,False,5108.255000000006,Current,DEBT_CONSOLIDATION
LN-505368,CUST-107448,2025-04-27,0,0,False,False,29840.175000000003,Current,DEBT_CONSOLIDATION
LN-505369,CUST-101359,2025-04-27,0,0,False,False,19768.03,Current,DEBT_CONSOLIDATION
LN-505370,CUST-102460,2025-04-27,0,0,False,False,35083.844999999994,Current,DEBT_CONSOLIDATION
LN-505371,CUST-104660,2025-04-27,0,0,False,False,18442.37,Current,DEBT_CONSOLIDATION
LN-505372,CUST-107400,2025-04-27,0,0,False,False,44588.174999999974,Current,DEBT_CONSOLIDATION
LN-505373,CUST-104517,2025-04-27,0,0,False,False,29462.350000000002,Current,DEBT_CONSOLIDATION
LN-505374,CUST-100317,2025-04-27,0,0,False,False,9625.164999999999,Current,DEBT_CONSOLIDATION
LN-505375,CUST-106927,2025-04-27,0,0,False,False,27890.279999999988,Current,DEBT_CONSOLIDATION
LN-505376,CUST-104580,2025-04-27,0,0,False,False,13379.160000000002,Current,DEBT_CONSOLIDATION
LN-505377,CUST-102106,2025-04-27,0,0,False,False,17661.3,Current,DEBT_CONSOLIDATION
LN-505378,CUST-102517,2025-04-27,0,0,False,False,22146.254999999986,Current,DEBT_CONSOLIDATION
LN-505379,CUST-103286,2025-04-27,0,0,False,False,8927.150000000003,Current,DEBT_CONSOLIDATION
LN-505380,CUST-105478,2025-04-27,2,53,False,False,17681.775,30-59,DEBT_CONSOLIDATION
LN-505381,CUST-103600,2025-04-27,0,0,False,False,26375.664999999994,Current,DEBT_CONSOLIDATION
LN-505382,CUST-104049,2025-04-27,0,0,False,False,12600.247500000001,Current,DEBT_CONSOLIDATION
LN-505383,CUST-103650,2025-04-27,0,0,True,False,43917.51250000002,Current,DEBT_CONSOLIDATION
LN-505384,CUST-103502,2025-04-27,0,0,False,False,8170.199999999999,Current,DEBT_CONSOLIDATION
LN-505385,CUST-103989,2025-04-27,0,0,False,False,32837.36999999997,Current,DEBT_CONSOLIDATION
LN-505386,CUST-106783,2025-04-27,0,0,False,False,4146.325,Current,DEBT_CONSOLIDATION
LN-505387,CUST-101466,2025-04-27,0,0,False,False,42231.860000000015,Current,DEBT_CONSOLIDATION
LN-505388,CUST-100614,2025-04-27,0,0,False,False,8960.94,Current,DEBT_CONSOLIDATION
LN-505389,CUST-106840,2025-04-27,0,0,False,False,16092.01999999999,Current,DEBT_CONSOLIDATION
LN-505391,CUST-102513,2025-04-27,2,56,True,False,30065.210000000006,30-59,DEBT_CONSOLIDATION
LN-505393,CUST-104987,2025-04-27,0,0,False,False,25660.242499999986,Current,DEBT_CONSOLIDATION
LN-505394,CUST-103114,2025-04-27,1,23,False,False,418263.7600000001,1-29,DEBT_CONSOLIDATION
LN-505395,CUST-102437,2025-04-27,0,0,False,False,36188.72999999996,Current,DEBT_CONSOLIDATION
LN-505396,CUST-102242,2025-04-27,0,0,False,False,33162.47500000002,Current,DEBT_CONSOLIDATION
LN-505397,CUST-106357,2025-04-27,2,42,False,False,16076.880000000008,30-59,DEBT_CONSOLIDATION
LN-505398,CUST-104243,2025-04-27,0,0,False,False,63526.167499999996,Current,DEBT_CONSOLIDATION
LN-505400,CUST-102596,2025-04-27,0,0,False,False,25721.88000000001,Current,DEBT_CONSOLIDATION
LN-505401,CUST-102677,2025-04-27,0,0,False,False,10711.029999999997,Current,DEBT_CONSOLIDATION
LN-505402,CUST-105556,2025-04-27,0,0,False,False,61172.39499999998,Current,DEBT_CONSOLIDATION
LN-505403,CUST-102391,2025-04-27,0,0,False,False,34625.595000000016,Current,DEBT_CONSOLIDATION
LN-505404,CUST-104394,2025-04-27,0,0,False,False,41347.94999999998,Current,DEBT_CONSOLIDATION
LN-505405,CUST-100805,2025-04-27,0,0,False,False,20642.829999999984,Current,DEBT_CONSOLIDATION
LN-505406,CUST-101202,2025-04-27,0,0,False,False,11147.174999999992,Current,DEBT_CONSOLIDATION
LN-505407,CUST-101060,2025-04-27,0,0,False,False,27078.28999999999,Current,DEBT_CONSOLIDATION
LN-505408,CUST-101406,2025-04-27,0,0,False,False,8344.0575,Current,DEBT_CONSOLIDATION
LN-505409,CUST-103398,2025-04-27,0,0,False,False,50305.31500000001,Current,DEBT_CONSOLIDATION
LN-505410,CUST-101727,2025-04-27,0,0,False,False,19616.622499999998,Current,DEBT_CONSOLIDATION
LN-505411,CUST-104316,2025-04-27,0,0,False,False,78741.97499999998,Current,DEBT_CONSOLIDATION
LN-505412,CUST-103900,2025-04-27,0,0,False,False,13355.922499999995,Current,DEBT_CONSOLIDATION
LN-505413,CUST-107653,2025-04-27,0,0,False,False,41007.74000000004,Current,DEBT_CONSOLIDATION
LN-505414,CUST-102108,2025-04-27,0,0,False,False,11473.367500000004,Current,DEBT_CONSOLIDATION
LN-505415,CUST-101370,2025-04-27,0,0,False,False,143714.955,Current,DEBT_CONSOLIDATION
LN-505416,CUST-104997,2025-04-27,0,0,False,False,7601.970000000003,Current,DEBT_CONSOLIDATION
LN-505417,CUST-104588,2025-04-27,0,0,False,False,31873.20000000001,Current,DEBT_CONSOLIDATION
LN-505418,CUST-107880,2025-04-27,0,0,False,False,7456.6975,Current,DEBT_CONSOLIDATION
LN-505419,CUST-101336,2025-04-27,0,0,False,False,43081.89499999995,Current,DEBT_CONSOLIDATION
LN-505420,CUST-103825,2025-04-27,2,48,False,False,7728.975000000002,30-59,DEBT_CONSOLIDATION
LN-505421,CUST-103987,2025-04-27,0,0,False,False,580181.4174999996,Current,DEBT_CONSOLIDATION
LN-505422,CUST-106288,2025-04-27,0,0,False,False,36956.50999999996,Current,DEBT_CONSOLIDATION
LN-505423,CUST-106767,2025-04-27,0,0,False,False,26030.62000000001,Current,DEBT_CONSOLIDATION
LN-505425,CUST-104879,2025-04-27,0,0,False,False,3841.545000000004,Current,DEBT_CONSOLIDATION
LN-505426,CUST-104564,2025-04-27,0,0,False,False,22341.374999999978,Current,DEBT_CONSOLIDATION
LN-505427,CUST-106769,2025-04-27,0,0,False,False,24631.350000000002,Current,DEBT_CONSOLIDATION
LN-505428,CUST-104621,2025-04-27,0,0,False,False,33738.575,Current,DEBT_CONSOLIDATION
LN-505430,CUST-101278,2025-04-27,0,0,False,False,7605.605,Current,DEBT_CONSOLIDATION
LN-505431,CUST-101432,2025-04-27,0,0,False,False,13045.657500000001,Current,DEBT_CONSOLIDATION
LN-505432,CUST-106288,2025-04-27,0,0,False,False,41710.57,Current,DEBT_CONSOLIDATION
LN-505433,CUST-105674,2025-04-27,2,49,True,False,25128.249999999996,30-59,DEBT_CONSOLIDATION
LN-505434,CUST-104367,2025-04-27,0,0,False,False,3198.790000000001,Current,DEBT_CONSOLIDATION
LN-505435,CUST-103403,2025-04-27,0,0,False,False,12854.860000000004,Current,DEBT_CONSOLIDATION
LN-505436,CUST-105459,2025-04-27,0,0,False,False,3795.130000000003,Current,DEBT_CONSOLIDATION
LN-505437,CUST-105491,2025-04-27,0,0,False,False,7616.905000000008,Current,DEBT_CONSOLIDATION
LN-505438,CUST-102992,2025-04-27,0,0,False,False,34150.25,Current,DEBT_CONSOLIDATION
LN-505440,CUST-105365,2025-04-27,0,0,False,False,18922.749999999993,Current,DEBT_CONSOLIDATION
LN-505441,CUST-100700,2025-04-27,0,0,False,False,23053.8725,Current,DEBT_CONSOLIDATION
LN-505442,CUST-103092,2025-04-27,0,0,False,False,3290.7499999999986,Current,DEBT_CONSOLIDATION
LN-505443,CUST-103201,2025-04-27,0,0,False,False,37482.335,Current,DEBT_CONSOLIDATION
LN-505444,CUST-103746,2025-04-27,0,0,False,False,1635.3174999999992,Current,DEBT_CONSOLIDATION
LN-505445,CUST-105045,2025-04-27,0,0,False,False,10470.329999999998,Current,DEBT_CONSOLIDATION
LN-505446,CUST-102432,2025-04-27,0,0,False,False,2347.6175,Current,DEBT_CONSOLIDATION
LN-505447,CUST-101374,2025-04-27,0,0,False,False,34693.560000000005,Current,DEBT_CONSOLIDATION
LN-505448,CUST-106268,2025-04-27,0,0,False,False,8758.53,Current,DEBT_CONSOLIDATION
LN-505449,CUST-103180,2025-04-27,4,138,False,False,44983.98499999999,90+,DEBT_CONSOLIDATION
LN-505450,CUST-100613,2025-04-27,0,0,False,False,9708.474999999999,Current,DEBT_CONSOLIDATION
LN-505452,CUST-105521,2025-04-27,0,0,False,False,20205.450000000008,Current,DEBT_CONSOLIDATION
LN-505453,CUST-103070,2025-04-27,0,0,False,False,45375.45,Current,DEBT_CONSOLIDATION
LN-505454,CUST-100402,2025-04-27,0,0,False,False,53173.365,Current,DEBT_CONSOLIDATION
LN-505455,CUST-103061,2025-04-27,1,18,False,False,11798.314999999991,1-29,DEBT_CONSOLIDATION
LN-505456,CUST-101985,2025-04-27,0,0,False,False,41719.4925,Current,DEBT_CONSOLIDATION
LN-505457,CUST-105056,2025-04-27,0,0,False,False,41063.10000000003,Current,DEBT_CONSOLIDATION
LN-505459,CUST-101605,2025-04-27,0,0,False,False,17085.144999999993,Current,DEBT_CONSOLIDATION
LN-505460,CUST-104653,2025-04-27,3,73,False,False,16654.389999999996,60-89,DEBT_CONSOLIDATION
LN-505461,CUST-102240,2025-04-27,0,0,False,False,17726.687499999996,Current,DEBT_CONSOLIDATION
LN-505462,CUST-105722,2025-04-27,0,0,False,False,12897.652499999998,Current,DEBT_CONSOLIDATION
LN-505463,CUST-107022,2025-04-27,0,0,False,False,29813.660000000003,Current,DEBT_CONSOLIDATION
LN-505464,CUST-101876,2025-04-27,0,0,False,False,18905.502499999973,Current,DEBT_CONSOLIDATION
LN-505465,CUST-100134,2025-04-27,0,0,False,False,31931.260000000002,Current,DEBT_CONSOLIDATION
LN-505466,CUST-101599,2025-04-27,0,0,False,False,110433.21999999997,Current,DEBT_CONSOLIDATION
LN-505467,CUST-103349,2025-04-27,0,0,False,False,11012.429999999998,Current,DEBT_CONSOLIDATION
LN-505469,CUST-102927,2025-04-27,0,0,False,False,8144.525,Current,DEBT_CONSOLIDATION
LN-505471,CUST-104979,2025-04-27,0,0,False,False,14742.3925,Current,DEBT_CONSOLIDATION
LN-505474,CUST-107993,2025-04-27,0,0,False,False,26038.7425,Current,DEBT_CONSOLIDATION
LN-505475,CUST-101656,2025-04-27,0,0,False,False,12606.640000000003,Current,DEBT_CONSOLIDATION
LN-505476,CUST-104994,2025-04-27,0,0,False,False,12041.527499999998,Current,DEBT_CONSOLIDATION
LN-505477,CUST-107423,2025-04-27,0,0,False,False,75212.6925,Current,DEBT_CONSOLIDATION
LN-505478,CUST-103153,2025-04-27,0,0,False,False,52719.712499999994,Current,DEBT_CONSOLIDATION
LN-505479,CUST-105520,2025-04-27,0,0,False,False,29665.74,Current,DEBT_CONSOLIDATION
LN-505481,CUST-100197,2025-04-27,1,12,False,False,412818.32999999984,1-29,DEBT_CONSOLIDATION
LN-505482,CUST-104488,2025-04-27,0,0,False,False,37226.10500000003,Current,DEBT_CONSOLIDATION
LN-505483,CUST-102989,2025-04-27,0,0,False,False,11310.730000000003,Current,DEBT_CONSOLIDATION
LN-505484,CUST-105894,2025-04-27,0,0,False,False,18723.155000000002,Current,DEBT_CONSOLIDATION
LN-505485,CUST-104646,2025-04-27,0,0,False,False,28813.09,Current,DEBT_CONSOLIDATION
LN-505486,CUST-104824,2025-04-27,0,0,False,False,9353.355,Current,DEBT_CONSOLIDATION
LN-505487,CUST-102224,2025-04-27,2,49,False,False,22997.009999999995,30-59,DEBT_CONSOLIDATION
LN-505488,CUST-102947,2025-04-27,0,0,False,False,42901.49250000003,Current,DEBT_CONSOLIDATION
LN-505489,CUST-102206,2025-04-27,0,0,False,False,35981.48000000001,Current,DEBT_CONSOLIDATION
LN-505491,CUST-106434,2025-04-27,0,0,False,False,84587.3125,Current,DEBT_CONSOLIDATION
LN-505492,CUST-102007,2025-04-27,0,0,False,False,35504.73499999999,Current,DEBT_CONSOLIDATION
LN-505493,CUST-104407,2025-04-27,0,0,False,False,21082.21,Current,DEBT_CONSOLIDATION
LN-505495,CUST-105652,2025-04-27,0,0,False,False,18424.03749999999,Current,DEBT_CONSOLIDATION
LN-505497,CUST-101177,2025-04-27,0,0,False,False,6171.379999999999,Current,DEBT_CONSOLIDATION
LN-505498,CUST-104139,2025-04-27,0,0,False,False,27340.839999999993,Current,DEBT_CONSOLIDATION
LN-505499,CUST-103839,2025-04-27,0,0,False,False,21935.95,Current,DEBT_CONSOLIDATION
LN-505500,CUST-100110,2025-04-27,4,101,False,False,18036.81,90+,DEBT_CONSOLIDATION
LN-505501,CUST-107743,2025-04-27,0,0,False,False,23103.555,Current,DEBT_CONSOLIDATION
LN-505502,CUST-107152,2025-04-27,0,0,False,False,6502.5725,Current,DEBT_CONSOLIDATION
LN-505503,CUST-103171,2025-04-27,0,0,False,False,21973.85999999999,Current,DEBT_CONSOLIDATION
LN-505504,CUST-107452,2025-04-27,0,0,False,False,28188.02500000001,Current,DEBT_CONSOLIDATION
LN-505506,CUST-104841,2025-04-27,1,5,False,False,28834.290000000008,1-29,DEBT_CONSOLIDATION
LN-505507,CUST-104488,2025-04-27,0,0,False,False,26370.482499999995,Current,DEBT_CONSOLIDATION
LN-505508,CUST-101017,2025-04-27,0,0,False,False,23810.184999999998,Current,DEBT_CONSOLIDATION
LN-505509,CUST-100427,2025-04-27,0,0,False,False,18246.370000000003,Current,DEBT_CONSOLIDATION
LN-505510,CUST-102642,2025-04-27,0,0,False,False,20010.305,Current,DEBT_CONSOLIDATION
LN-505511,CUST-103531,2025-04-27,0,0,False,False,7639.669999999996,Current,DEBT_CONSOLIDATION
LN-505512,CUST-100610,2025-04-27,0,0,False,False,21135.05999999999,Current,DEBT_CONSOLIDATION
LN-505514,CUST-104277,2025-04-27,0,0,False,False,22832.32,Current,DEBT_CONSOLIDATION
LN-505515,CUST-103060,2025-04-27,0,0,False,False,18045.352499999997,Current,DEBT_CONSOLIDATION
LN-505516,CUST-102221,2025-04-27,0,0,False,False,14407.0275,Current,DEBT_CONSOLIDATION
LN-505517,CUST-100842,2025-04-27,0,0,False,False,321781.46,Current,DEBT_CONSOLIDATION
LN-505518,CUST-103005,2025-04-27,0,0,False,False,127675.17499999999,Current,DEBT_CONSOLIDATION
LN-505519,CUST-106402,2025-04-27,0,0,False,False,81654.2325,Current,DEBT_CONSOLIDATION
LN-505520,CUST-100573,2025-04-27,0,0,False,False,32638.95,Current,DEBT_CONSOLIDATION
LN-505522,CUST-104269,2025-04-27,0,0,False,False,24378.265000000007,Current,DEBT_CONSOLIDATION
LN-505523,CUST-107405,2025-04-27,0,0,False,False,4129.225000000001,Current,DEBT_CONSOLIDATION
LN-505524,CUST-105397,2025-04-27,0,0,False,False,11971.302500000002,Current,DEBT_CONSOLIDATION
LN-505525,CUST-102810,2025-04-27,0,0,False,False,3825.0225000000028,Current,DEBT_CONSOLIDATION
LN-505526,CUST-101988,2025-04-27,0,0,False,False,27866.469999999994,Current,DEBT_CONSOLIDATION
LN-505527,CUST-107971,2025-04-27,0,0,False,False,19202.72,Current,DEBT_CONSOLIDATION
LN-505528,CUST-107773,2025-04-27,0,0,False,False,22787.547499999997,Current,DEBT_CONSOLIDATION
LN-505529,CUST-102748,2025-04-27,0,0,False,False,31093.57499999999,Current,DEBT_CONSOLIDATION
LN-505530,CUST-101804,2025-04-27,0,0,False,False,43293.43500000002,Current,DEBT_CONSOLIDATION
LN-505531,CUST-101114,2025-04-27,0,0,False,False,40733.12500000001,Current,DEBT_CONSOLIDATION
LN-505532,CUST-101369,2025-04-27,0,0,False,False,28291.999999999996,Current,DEBT_CONSOLIDATION
LN-505533,CUST-104774,2025-04-27,0,0,False,False,21267.967500000006,Current,DEBT_CONSOLIDATION
LN-505534,CUST-103876,2025-04-27,0,0,False,False,398030.69500000007,Current,DEBT_CONSOLIDATION
LN-505535,CUST-104149,2025-04-27,0,0,False,False,18413.92000000001,Current,DEBT_CONSOLIDATION
LN-505536,CUST-105518,2025-04-27,0,0,False,False,19284.099999999995,Current,DEBT_CONSOLIDATION
LN-505537,CUST-103434,2025-04-27,0,0,False,False,436866.7550000001,Current,DEBT_CONSOLIDATION
LN-505538,CUST-101308,2025-04-27,0,0,False,False,11361.7075,Current,DEBT_CONSOLIDATION
LN-505540,CUST-103899,2025-04-27,0,0,False,False,29395.49,Current,DEBT_CONSOLIDATION
LN-505541,CUST-104988,2025-04-27,0,0,False,False,20224.4,Current,DEBT_CONSOLIDATION
LN-505542,CUST-100806,2025-04-27,0,0,False,False,6504.94,Current,DEBT_CONSOLIDATION
LN-505543,CUST-107263,2025-04-27,0,0,False,False,12275.809999999994,Current,DEBT_CONSOLIDATION
LN-505545,CUST-103783,2025-04-27,0,0,False,False,27232.00250000002,Current,DEBT_CONSOLIDATION
LN-505546,CUST-106048,2025-04-27,0,0,False,False,47234.5975,Current,DEBT_CONSOLIDATION
LN-505547,CUST-107877,2025-04-27,0,0,False,False,18415.709999999992,Current,DEBT_CONSOLIDATION
LN-505548,CUST-102882,2025-04-27,0,0,False,False,14364.615000000002,Current,DEBT_CONSOLIDATION
LN-505549,CUST-104351,2025-04-27,0,0,False,False,39800.54000000001,Current,DEBT_CONSOLIDATION
LN-505550,CUST-100823,2025-04-27,0,0,False,False,28174.384999999995,Current,DEBT_CONSOLIDATION
LN-505551,CUST-103133,2025-04-27,0,0,False,False,5234.8625,Current,DEBT_CONSOLIDATION
LN-505552,CUST-105294,2025-04-27,0,0,False,False,3826.9974999999995,Current,DEBT_CONSOLIDATION
LN-505553,CUST-105839,2025-04-27,0,0,False,False,2116.449999999999,Current,DEBT_CONSOLIDATION
LN-505554,CUST-104305,2025-04-27,0,0,False,False,43503.24000000003,Current,DEBT_CONSOLIDATION
LN-505555,CUST-103941,2025-04-27,0,0,False,False,29235.995000000006,Current,DEBT_CONSOLIDATION
LN-505556,CUST-106171,2025-04-27,0,0,False,False,6725.1799999999985,Current,DEBT_CONSOLIDATION
LN-505557,CUST-103330,2025-04-27,0,0,False,False,5838.174999999997,Current,DEBT_CONSOLIDATION
LN-505559,CUST-103230,2025-04-27,0,0,False,False,23764.524999999994,Current,DEBT_CONSOLIDATION
LN-505560,CUST-102015,2025-04-27,0,0,False,False,46056.499999999985,Current,DEBT_CONSOLIDATION
LN-505561,CUST-102600,2025-04-27,0,0,False,False,19565.989999999987,Current,DEBT_CONSOLIDATION
LN-505562,CUST-100415,2025-04-27,0,0,False,False,40716.18999999998,Current,DEBT_CONSOLIDATION
LN-505563,CUST-100751,2025-04-27,0,0,False,False,20697.477499999997,Current,DEBT_CONSOLIDATION
LN-505564,CUST-102886,2025-04-27,0,0,False,False,92105.98000000004,Current,DEBT_CONSOLIDATION
LN-505565,CUST-103126,2025-04-27,0,0,False,False,18916.58,Current,DEBT_CONSOLIDATION
LN-505566,CUST-103693,2025-04-27,0,0,False,False,4844.370000000001,Current,DEBT_CONSOLIDATION
LN-505567,CUST-105925,2025-04-27,0,0,False,False,10953.61,Current,DEBT_CONSOLIDATION
LN-505568,CUST-105540,2025-04-27,0,0,False,False,24774.08249999999,Current,DEBT_CONSOLIDATION
LN-505569,CUST-100568,2025-04-27,0,0,False,False,10146.232500000006,Current,DEBT_CONSOLIDATION
LN-505571,CUST-103020,2025-04-27,0,0,False,False,3820.737499999997,Current,DEBT_CONSOLIDATION
LN-505572,CUST-100869,2025-04-27,0,0,False,False,9770.74,Current,DEBT_CONSOLIDATION
LN-505573,CUST-104174,2025-04-27,0,0,False,False,12222.530000000004,Current,DEBT_CONSOLIDATION
LN-505575,CUST-102399,2025-04-27,0,0,False,False,319565.915,Current,DEBT_CONSOLIDATION
LN-505576,CUST-105999,2025-04-27,0,0,False,False,11793.145,Current,DEBT_CONSOLIDATION
LN-505577,CUST-105592,2025-04-27,0,0,False,False,20424.73500000002,Current,DEBT_CONSOLIDATION
LN-505578,CUST-100513,2025-04-27,0,0,False,False,9237.76,Current,DEBT_CONSOLIDATION
LN-505579,CUST-101518,2025-04-27,0,0,False,False,27718.862500000003,Current,DEBT_CONSOLIDATION
LN-505580,CUST-106154,2025-04-27,0,0,False,False,43183.79,Current,DEBT_CONSOLIDATION
LN-505581,CUST-107585,2025-04-27,0,0,False,False,7990.445,Current,DEBT_CONSOLIDATION
LN-505582,CUST-104797,2025-04-27,0,0,False,False,723.925,Current,DEBT_CONSOLIDATION
LN-505583,CUST-100675,2025-04-27,0,0,False,False,20770.649999999998,Current,DEBT_CONSOLIDATION
LN-505584,CUST-105266,2025-04-27,0,0,False,False,444554.91000000003,Current,DEBT_CONSOLIDATION
LN-505585,CUST-107633,2025-04-27,0,0,False,False,30295.895,Current,DEBT_CONSOLIDATION
LN-505587,CUST-103177,2025-04-27,0,0,False,False,20126.03,Current,DEBT_CONSOLIDATION
LN-505588,CUST-100409,2025-04-27,0,0,False,False,19334.67,Current,DEBT_CONSOLIDATION
LN-505589,CUST-104359,2025-04-27,1,24,False,False,21626.035,1-29,DEBT_CONSOLIDATION
LN-505590,CUST-107602,2025-04-27,0,0,False,False,19079.537500000002,Current,DEBT_CONSOLIDATION
LN-505591,CUST-102561,2025-04-27,0,0,False,False,4231.2,Current,DEBT_CONSOLIDATION
LN-505592,CUST-100653,2025-04-27,1,20,False,False,105066.39000000006,1-29,DEBT_CONSOLIDATION
LN-505593,CUST-100763,2025-04-27,0,0,False,False,27774.96,Current,DEBT_CONSOLIDATION
LN-505594,CUST-103199,2025-04-27,0,0,False,False,12670.775000000003,Current,DEBT_CONSOLIDATION
LN-505595,CUST-103383,2025-04-27,0,0,False,False,5748.490000000001,Current,DEBT_CONSOLIDATION
LN-505596,CUST-101044,2025-04-27,0,0,False,False,9613.017500000007,Current,DEBT_CONSOLIDATION
LN-505597,CUST-103254,2025-04-27,0,0,False,False,394422.3949999999,Current,DEBT_CONSOLIDATION
LN-505598,CUST-107822,2025-04-27,1,9,False,False,16680.270000000004,1-29,DEBT_CONSOLIDATION
LN-505599,CUST-101447,2025-04-27,0,0,False,False,135593.88,Current,DEBT_CONSOLIDATION
LN-505600,CUST-102190,2025-04-27,0,0,False,False,6837.770000000006,Current,DEBT_CONSOLIDATION
LN-505601,CUST-107644,2025-04-27,0,0,False,False,2841.250000000002,Current,DEBT_CONSOLIDATION
LN-505602,CUST-105131,2025-04-27,0,0,False,False,17789.129999999997,Current,DEBT_CONSOLIDATION
LN-505603,CUST-103603,2025-04-27,0,0,False,False,7716.8575,Current,DEBT_CONSOLIDATION
LN-505604,CUST-103702,2025-04-27,0,0,False,False,13462.144999999997,Current,DEBT_CONSOLIDATION
LN-505605,CUST-102922,2025-04-27,0,0,False,False,116400.44,Current,DEBT_CONSOLIDATION
LN-505606,CUST-102778,2025-04-27,0,0,False,False,42120.25999999998,Current,DEBT_CONSOLIDATION
LN-505607,CUST-101978,2025-04-27,0,0,False,False,21846.657499999998,Current,DEBT_CONSOLIDATION
LN-505608,CUST-103610,2025-04-27,0,0,False,False,19936.1375,Current,DEBT_CONSOLIDATION
LN-505609,CUST-105834,2025-04-27,0,0,False,False,11456.8275,Current,DEBT_CONSOLIDATION
LN-505610,CUST-103524,2025-04-27,0,0,False,False,16394.2,Current,DEBT_CONSOLIDATION
LN-505611,CUST-103210,2025-04-27,0,0,False,False,17024.55500000001,Current,DEBT_CONSOLIDATION
LN-505612,CUST-106812,2025-04-27,0,0,False,False,26591.409999999985,Current,DEBT_CONSOLIDATION
LN-505613,CUST-100515,2025-04-27,0,0,False,False,30261.849999999995,Current,DEBT_CONSOLIDATION
LN-505615,CUST-107236,2025-04-27,0,0,False,False,21035.689999999995,Current,DEBT_CONSOLIDATION
LN-505616,CUST-100954,2025-04-27,0,0,False,False,13153.445000000002,Current,DEBT_CONSOLIDATION
LN-505617,CUST-101406,2025-04-27,0,0,False,False,42718.10249999997,Current,DEBT_CONSOLIDATION
LN-505619,CUST-100819,2025-04-27,0,0,False,False,11980.617499999993,Current,DEBT_CONSOLIDATION
LN-505620,CUST-104374,2025-04-27,0,0,False,False,13243.965,Current,DEBT_CONSOLIDATION
LN-505621,CUST-100179,2025-04-27,0,0,False,False,39393.529999999955,Current,DEBT_CONSOLIDATION
LN-505622,CUST-106630,2025-04-27,0,0,False,False,5006.584999999999,Current,DEBT_CONSOLIDATION
LN-505623,CUST-105944,2025-04-27,0,0,False,False,22185.03,Current,DEBT_CONSOLIDATION
LN-505624,CUST-101878,2025-04-27,0,0,False,False,44265.710000000036,Current,DEBT_CONSOLIDATION
LN-505625,CUST-105675,2025-04-27,0,0,False,False,62084.81999999998,Current,DEBT_CONSOLIDATION
LN-505626,CUST-102498,2025-04-27,0,0,False,False,9243.82,Current,DEBT_CONSOLIDATION
LN-505627,CUST-107637,2025-04-27,0,0,False,False,12531.935000000001,Current,DEBT_CONSOLIDATION
LN-505628,CUST-102452,2025-04-27,0,0,False,False,402.3249999999998,Current,DEBT_CONSOLIDATION
LN-505629,CUST-102141,2025-04-27,0,0,False,False,19497.439999999995,Current,DEBT_CONSOLIDATION
LN-505632,CUST-105088,2025-04-27,0,0,False,False,39118.990000000005,Current,DEBT_CONSOLIDATION
LN-505633,CUST-102723,2025-04-27,0,0,False,False,256483.11000000007,Current,DEBT_CONSOLIDATION
LN-505635,CUST-105909,2025-04-27,0,0,False,False,131050.12500000001,Current,DEBT_CONSOLIDATION
LN-505636,CUST-105677,2025-04-27,0,0,False,False,20149.94,Current,DEBT_CONSOLIDATION
LN-505637,CUST-100966,2025-04-27,0,0,False,False,16278.927500000003,Current,DEBT_CONSOLIDATION
LN-505638,CUST-106126,2025-04-27,0,0,False,False,330195.95500000025,Current,DEBT_CONSOLIDATION
LN-505639,CUST-103815,2025-04-27,0,0,False,False,42918.935000000005,Current,DEBT_CONSOLIDATION
LN-505640,CUST-103903,2025-04-27,0,0,False,False,345389.57,Current,DEBT_CONSOLIDATION
LN-505641,CUST-106772,2025-04-27,0,0,False,False,2309.975000000002,Current,DEBT_CONSOLIDATION
LN-505643,CUST-104316,2025-04-27,0,0,False,False,25350.490000000005,Current,DEBT_CONSOLIDATION
LN-505644,CUST-107805,2025-04-27,4,135,False,False,14054.32,90+,DEBT_CONSOLIDATION
LN-505645,CUST-105171,2025-04-27,0,0,False,False,22305.377499999984,Current,DEBT_CONSOLIDATION
LN-505646,CUST-104628,2025-04-27,0,0,False,False,47541.38,Current,DEBT_CONSOLIDATION
LN-505647,CUST-105103,2025-04-27,3,75,False,False,12963.5625,60-89,DEBT_CONSOLIDATION
LN-505648,CUST-103888,2025-04-27,0,0,False,False,5168.812500000007,Current,DEBT_CONSOLIDATION
LN-505649,CUST-107719,2025-04-27,0,0,False,False,12822.5225,Current,DEBT_CONSOLIDATION
LN-505650,CUST-100116,2025-04-27,0,0,False,False,5804.237500000002,Current,DEBT_CONSOLIDATION
LN-505651,CUST-105378,2025-04-27,0,0,False,False,30434.9225,Current,DEBT_CONSOLIDATION
LN-505652,CUST-102656,2025-04-27,0,0,False,False,11939.37,Current,DEBT_CONSOLIDATION
LN-505653,CUST-104039,2025-04-27,0,0,False,False,10070.157499999994,Current,DEBT_CONSOLIDATION
LN-505654,CUST-105833,2025-04-27,0,0,False,False,13011.759999999998,Current,DEBT_CONSOLIDATION
LN-505655,CUST-106287,2025-04-27,0,0,False,False,4045.0049999999983,Current,DEBT_CONSOLIDATION
LN-505656,CUST-100246,2025-04-27,0,0,False,False,29205.59999999999,Current,DEBT_CONSOLIDATION
LN-505657,CUST-107125,2025-04-27,0,0,False,False,40039.95,Current,DEBT_CONSOLIDATION
LN-505658,CUST-107403,2025-04-27,0,0,False,False,563059.23,Current,DEBT_CONSOLIDATION
LN-505659,CUST-102219,2025-04-27,0,0,False,False,24254.585,Current,DEBT_CONSOLIDATION
LN-505660,CUST-107218,2025-04-27,0,0,False,False,10362.56500000001,Current,DEBT_CONSOLIDATION
LN-505662,CUST-104065,2025-04-27,0,0,False,False,23013.932500000003,Current,DEBT_CONSOLIDATION
LN-505663,CUST-101159,2025-04-27,0,0,False,False,513795.7975,Current,DEBT_CONSOLIDATION
LN-505664,CUST-107029,2025-04-27,0,0,False,False,8569.02,Current,DEBT_CONSOLIDATION
LN-505665,CUST-104813,2025-04-27,1,3,False,False,23867.28000000001,1-29,DEBT_CONSOLIDATION
LN-505666,CUST-105260,2025-04-27,0,0,False,False,8862.41,Current,DEBT_CONSOLIDATION
LN-505667,CUST-106781,2025-04-27,0,0,False,False,91516.23999999996,Current,DEBT_CONSOLIDATION
LN-505668,CUST-103842,2025-04-27,0,0,False,False,72057.73499999999,Current,DEBT_CONSOLIDATION
LN-505669,CUST-100663,2025-04-27,0,0,False,False,4880.7975,Current,DEBT_CONSOLIDATION
LN-505670,CUST-104210,2025-04-27,0,0,False,False,25274.239999999998,Current,DEBT_CONSOLIDATION
LN-505671,CUST-100538,2025-04-27,0,0,False,False,83717.90999999997,Current,DEBT_CONSOLIDATION
LN-505672,CUST-106532,2025-04-27,0,0,False,False,38710.209999999985,Current,DEBT_CONSOLIDATION
LN-505673,CUST-104150,2025-04-27,0,0,False,False,15141.305000000004,Current,DEBT_CONSOLIDATION
LN-505675,CUST-106483,2025-04-27,0,0,False,False,7785.789999999989,Current,DEBT_CONSOLIDATION
LN-505676,CUST-104306,2025-04-27,0,0,False,False,40254.73000000001,Current,DEBT_CONSOLIDATION
LN-505677,CUST-104499,2025-04-27,0,0,False,False,24269.5475,Current,DEBT_CONSOLIDATION
LN-505678,CUST-105248,2025-04-27,0,0,False,False,21340.684999999987,Current,DEBT_CONSOLIDATION
LN-505680,CUST-102063,2025-04-27,0,0,False,False,205207.10999999996,Current,DEBT_CONSOLIDATION
LN-505681,CUST-104242,2025-04-27,0,0,False,False,41048.109999999986,Current,DEBT_CONSOLIDATION
LN-505682,CUST-105139,2025-04-27,0,0,False,False,9456.079999999996,Current,DEBT_CONSOLIDATION
LN-505683,CUST-105293,2025-04-27,0,0,False,False,20409.48499999999,Current,DEBT_CONSOLIDATION
LN-505684,CUST-100131,2025-04-27,0,0,False,False,25955.929999999997,Current,DEBT_CONSOLIDATION
LN-505685,CUST-102304,2025-04-27,0,0,False,False,48392.832500000004,Current,DEBT_CONSOLIDATION
LN-505686,CUST-102720,2025-04-27,0,0,False,False,140280.81,Current,DEBT_CONSOLIDATION
LN-505687,CUST-106260,2025-04-27,0,0,False,False,3030.4,Current,DEBT_CONSOLIDATION
LN-505688,CUST-107402,2025-04-27,0,0,False,False,30271.690000000017,Current,DEBT_CONSOLIDATION
LN-505689,CUST-101350,2025-04-27,0,0,False,False,11255.82,Current,DEBT_CONSOLIDATION
LN-505690,CUST-102220,2025-04-27,0,0,False,False,20852.140000000007,Current,DEBT_CONSOLIDATION
LN-505691,CUST-102041,2025-04-27,0,0,False,False,25664.929999999997,Current,DEBT_CONSOLIDATION
LN-505692,CUST-105708,2025-04-27,0,0,False,False,26017.917500000003,Current,DEBT_CONSOLIDATION
LN-505693,CUST-101899,2025-04-27,0,0,False,False,19295.952500000003,Current,DEBT_CONSOLIDATION
LN-505694,CUST-106585,2025-04-27,0,0,False,False,27704.780000000013,Current,DEBT_CONSOLIDATION
LN-505695,CUST-107930,2025-04-27,0,0,False,False,18985.464999999997,Current,DEBT_CONSOLIDATION
LN-505696,CUST-103125,2025-04-27,0,0,False,False,17277.739999999994,Current,DEBT_CONSOLIDATION
LN-505697,CUST-106952,2025-04-27,0,0,False,False,1331.2974999999997,Current,DEBT_CONSOLIDATION
LN-505698,CUST-100975,2025-04-27,0,0,False,False,11582.644999999999,Current,DEBT_CONSOLIDATION
LN-505699,CUST-107624,2025-04-27,0,0,False,False,10790.472499999996,Current,DEBT_CONSOLIDATION
LN-505700,CUST-102930,2025-04-27,0,0,False,False,5785.932500000002,Current,DEBT_CONSOLIDATION
LN-505701,CUST-100195,2025-04-27,0,0,False,False,26771.510000000006,Current,DEBT_CONSOLIDATION
LN-505702,CUST-101652,2025-04-27,0,0,False,False,5060.082499999997,Current,DEBT_CONSOLIDATION
LN-505703,CUST-105703,2025-04-27,0,0,False,False,34911.99000000002,Current,DEBT_CONSOLIDATION
LN-505704,CUST-107833,2025-04-27,0,0,False,False,7059.28,Current,DEBT_CONSOLIDATION
LN-505705,CUST-105992,2025-04-27,0,0,False,False,10414.900000000003,Current,DEBT_CONSOLIDATION
LN-505706,CUST-103305,2025-04-27,1,17,False,False,23708.070000000007,1-29,DEBT_CONSOLIDATION
LN-505707,CUST-100570,2025-04-27,0,0,False,False,12348.390000000003,Current,DEBT_CONSOLIDATION
LN-505708,CUST-106707,2025-04-27,0,0,False,False,23738.505,Current,DEBT_CONSOLIDATION
LN-505709,CUST-103994,2025-04-27,0,0,False,False,23197.31,Current,DEBT_CONSOLIDATION
LN-505710,CUST-104577,2025-04-27,0,0,False,False,14407.747500000001,Current,DEBT_CONSOLIDATION
LN-505711,CUST-106351,2025-04-27,0,0,False,False,38377.467499999984,Current,DEBT_CONSOLIDATION
LN-505713,CUST-107808,2025-04-27,0,0,False,False,3997.005000000003,Current,DEBT_CONSOLIDATION
LN-505714,CUST-104596,2025-04-27,0,0,False,False,3629.877499999998,Current,DEBT_CONSOLIDATION
LN-505715,CUST-104402,2025-04-27,0,0,False,False,7955.904999999996,Current,DEBT_CONSOLIDATION
LN-505718,CUST-105359,2025-04-27,0,0,False,False,11167.955,Current,DEBT_CONSOLIDATION
LN-505719,CUST-102325,2025-04-27,0,0,True,False,35169.64500000001,Current,DEBT_CONSOLIDATION
LN-505720,CUST-104323,2025-04-27,0,0,False,False,46074.06,Current,DEBT_CONSOLIDATION
LN-505721,CUST-104894,2025-04-27,0,0,False,False,8781.20000000001,Current,DEBT_CONSOLIDATION
LN-505722,CUST-107438,2025-04-27,0,0,False,False,4142.419999999996,Current,DEBT_CONSOLIDATION
LN-505723,CUST-100347,2025-04-27,0,0,False,False,20497.280000000002,Current,DEBT_CONSOLIDATION
LN-505724,CUST-103838,2025-04-27,0,0,False,False,54104.325000000004,Current,DEBT_CONSOLIDATION
LN-505725,CUST-106638,2025-04-27,0,0,False,False,27101.51,Current,DEBT_CONSOLIDATION
LN-505726,CUST-106292,2025-04-27,0,0,False,False,49795.81,Current,DEBT_CONSOLIDATION
LN-505727,CUST-105782,2025-04-27,0,0,False,False,6518.930000000003,Current,DEBT_CONSOLIDATION
LN-505728,CUST-101460,2025-04-27,0,0,False,False,38334.51749999996,Current,DEBT_CONSOLIDATION
LN-505729,CUST-105087,2025-04-27,0,0,False,False,11904.804999999991,Current,DEBT_CONSOLIDATION
LN-505732,CUST-102746,2025-04-27,0,0,False,False,32300.277500000004,Current,DEBT_CONSOLIDATION
LN-505733,CUST-106443,2025-04-27,0,0,False,False,39554.1575,Current,DEBT_CONSOLIDATION
LN-505734,CUST-100984,2025-04-27,0,0,False,False,14745.375000000007,Current,DEBT_CONSOLIDATION
LN-505736,CUST-106177,2025-04-27,0,0,False,False,15482.527500000004,Current,DEBT_CONSOLIDATION
LN-505737,CUST-106888,2025-04-27,0,0,False,False,27246.167500000003,Current,DEBT_CONSOLIDATION
LN-505738,CUST-104551,2025-04-27,0,0,False,False,5599.835000000005,Current,DEBT_CONSOLIDATION
LN-505739,CUST-101217,2025-04-27,0,0,False,False,599935.2999999999,Current,DEBT_CONSOLIDATION
LN-505740,CUST-101633,2025-04-27,0,0,False,False,3972.4725,Current,DEBT_CONSOLIDATION
LN-505741,CUST-101698,2025-04-27,0,0,False,False,5154.799999999999,Current,DEBT_CONSOLIDATION
LN-505742,CUST-102310,2025-04-27,0,0,False,False,11230.31,Current,DEBT_CONSOLIDATION
LN-505743,CUST-106067,2025-04-27,0,0,False,False,23140.660000000003,Current,DEBT_CONSOLIDATION
LN-505744,CUST-105924,2025-04-27,0,0,False,False,47102.9125,Current,DEBT_CONSOLIDATION
LN-505745,CUST-105994,2025-04-27,0,0,False,False,8624.977499999999,Current,DEBT_CONSOLIDATION
LN-505747,CUST-101138,2025-04-27,0,0,False,False,21649.31250000001,Current,DEBT_CONSOLIDATION
LN-505748,CUST-103448,2025-04-27,0,0,False,False,26670.614999999998,Current,DEBT_CONSOLIDATION
LN-505749,CUST-103811,2025-04-27,0,0,False,False,2857.4450000000015,Current,DEBT_CONSOLIDATION
LN-505750,CUST-102299,2025-04-27,4,175,False,False,12162.065000000004,90+,DEBT_CONSOLIDATION
LN-505752,CUST-101229,2025-04-27,0,0,False,False,606091.36,Current,DEBT_CONSOLIDATION
LN-505753,CUST-101883,2025-04-27,0,0,False,False,42877.700000000004,Current,DEBT_CONSOLIDATION
LN-505754,CUST-100473,2025-04-27,0,0,False,False,22080.955000000005,Current,DEBT_CONSOLIDATION
LN-505755,CUST-106886,2025-04-27,1,7,False,False,11881.139999999998,1-29,DEBT_CONSOLIDATION
LN-505756,CUST-107292,2025-04-27,0,0,False,False,20287.537500000002,Current,DEBT_CONSOLIDATION
LN-505757,CUST-105979,2025-04-27,0,0,False,False,117104.10500000008,Current,DEBT_CONSOLIDATION
LN-505758,CUST-105402,2025-04-27,0,0,False,False,14476.029999999999,Current,DEBT_CONSOLIDATION
LN-505759,CUST-106079,2025-04-27,0,0,False,False,13482.390000000003,Current,DEBT_CONSOLIDATION
LN-505760,CUST-100475,2025-04-27,0,0,False,False,33982.71999999999,Current,DEBT_CONSOLIDATION
LN-505761,CUST-105485,2025-04-27,0,0,False,False,6401.687499999999,Current,DEBT_CONSOLIDATION
LN-505762,CUST-102805,2025-04-27,0,0,False,False,29105.989999999994,Current,DEBT_CONSOLIDATION
LN-505763,CUST-102712,2025-04-27,0,0,False,False,6609.9299999999985,Current,DEBT_CONSOLIDATION
LN-505764,CUST-107458,2025-04-27,0,0,False,False,11184.314999999997,Current,DEBT_CONSOLIDATION
LN-505766,CUST-105677,2025-04-27,0,0,False,False,32904.615,Current,DEBT_CONSOLIDATION
LN-505767,CUST-102116,2025-04-27,0,0,False,False,31050.345,Current,DEBT_CONSOLIDATION
LN-505768,CUST-104519,2025-04-27,0,0,False,False,20155.025,Current,DEBT_CONSOLIDATION
LN-505769,CUST-100448,2025-04-27,0,0,False,False,19095.230000000007,Current,DEBT_CONSOLIDATION
LN-505770,CUST-107140,2025-04-27,0,0,False,False,24171.985000000004,Current,DEBT_CONSOLIDATION
LN-505771,CUST-101002,2025-04-27,0,0,False,False,14649.332499999997,Current,DEBT_CONSOLIDATION
LN-505772,CUST-106049,2025-04-27,0,0,False,False,42324.03000000002,Current,DEBT_CONSOLIDATION
LN-505774,CUST-106680,2025-04-27,0,0,False,False,26894.75999999999,Current,DEBT_CONSOLIDATION
LN-505775,CUST-107483,2025-04-27,0,0,False,False,25733.942500000005,Current,DEBT_CONSOLIDATION
LN-505776,CUST-106082,2025-04-27,0,0,False,False,4656.602500000001,Current,DEBT_CONSOLIDATION
LN-505777,CUST-100341,2025-04-27,0,0,False,False,20377.357500000002,Current,DEBT_CONSOLIDATION
LN-505778,CUST-103876,2025-04-27,0,0,False,False,88899.13000000008,Current,DEBT_CONSOLIDATION
LN-505779,CUST-104937,2025-04-27,0,0,False,False,44679.21000000004,Current,DEBT_CONSOLIDATION
LN-505781,CUST-106919,2025-04-27,0,0,False,False,6886.137499999999,Current,DEBT_CONSOLIDATION
LN-505782,CUST-100425,2025-04-27,0,0,False,False,44450.28250000002,Current,DEBT_CONSOLIDATION
LN-505783,CUST-107865,2025-04-27,0,0,False,False,36494.34,Current,DEBT_CONSOLIDATION
LN-505784,CUST-102899,2025-04-27,0,0,False,False,11953.954999999994,Current,DEBT_CONSOLIDATION
LN-505785,CUST-101876,2025-04-27,0,0,False,False,44290.205,Current,DEBT_CONSOLIDATION
LN-505786,CUST-100072,2025-04-27,0,0,False,False,47428.852499999986,Current,DEBT_CONSOLIDATION
LN-505787,CUST-106650,2025-04-27,0,0,False,False,3758.9825000000005,Current,DEBT_CONSOLIDATION
LN-505788,CUST-102410,2025-04-27,0,0,False,False,11479.420000000004,Current,DEBT_CONSOLIDATION
LN-505789,CUST-100050,2025-04-27,0,0,False,False,8731.599999999997,Current,DEBT_CONSOLIDATION
LN-505790,CUST-101417,2025-04-27,0,0,False,False,11902.380000000005,Current,DEBT_CONSOLIDATION
LN-505791,CUST-101388,2025-04-27,0,0,False,False,40854.04000000004,Current,DEBT_CONSOLIDATION
LN-505792,CUST-102075,2025-04-27,0,0,False,False,2193.6450000000023,Current,DEBT_CONSOLIDATION
LN-505795,CUST-107542,2025-04-27,0,0,False,False,15955.57,Current,DEBT_CONSOLIDATION
LN-505796,CUST-107528,2025-04-27,0,0,False,False,50436.935000000005,Current,DEBT_CONSOLIDATION
LN-505798,CUST-106511,2025-04-27,0,0,False,False,29803.437499999996,Current,DEBT_CONSOLIDATION
LN-505799,CUST-107591,2025-04-27,0,0,False,False,7117.840000000002,Current,DEBT_CONSOLIDATION
LN-505800,CUST-104022,2025-04-27,0,0,False,False,16117.38500000001,Current,DEBT_CONSOLIDATION
LN-505802,CUST-102977,2025-04-27,0,0,False,False,32916.69,Current,DEBT_CONSOLIDATION
LN-505803,CUST-107176,2025-04-27,0,0,False,False,2073.739999999998,Current,DEBT_CONSOLIDATION
LN-505804,CUST-106779,2025-04-27,0,0,False,False,9252.699999999992,Current,DEBT_CONSOLIDATION
LN-505805,CUST-102127,2025-04-27,0,0,False,False,5757.3575,Current,DEBT_CONSOLIDATION
LN-505806,CUST-103350,2025-04-27,0,0,False,False,23039.5975,Current,DEBT_CONSOLIDATION
LN-505807,CUST-105678,2025-04-27,0,0,False,False,23606.45,Current,DEBT_CONSOLIDATION
LN-505808,CUST-102183,2025-04-27,0,0,False,False,2878.8650000000002,Current,DEBT_CONSOLIDATION
LN-505810,CUST-105391,2025-04-27,0,0,False,False,27955.925000000007,Current,DEBT_CONSOLIDATION
LN-505813,CUST-103222,2025-04-27,0,0,False,False,115322.51499999994,Current,DEBT_CONSOLIDATION
LN-505814,CUST-102229,2025-04-27,0,0,False,False,7851.167499999994,Current,DEBT_CONSOLIDATION
LN-505815,CUST-101571,2025-04-27,0,0,False,False,24045.769999999997,Current,DEBT_CONSOLIDATION
LN-505816,CUST-101509,2025-04-27,0,0,False,False,50783.29,Current,DEBT_CONSOLIDATION
LN-505817,CUST-105356,2025-04-27,0,0,False,False,40947.76000000003,Current,DEBT_CONSOLIDATION
LN-505818,CUST-101517,2025-04-27,0,0,False,False,5617.880000000001,Current,DEBT_CONSOLIDATION
LN-505819,CUST-100822,2025-04-27,0,0,False,False,35383.125,Current,DEBT_CONSOLIDATION
LN-505820,CUST-102371,2025-04-27,0,0,False,False,30162.309999999994,Current,DEBT_CONSOLIDATION
LN-505821,CUST-106701,2025-04-27,0,0,False,False,21139.852499999997,Current,DEBT_CONSOLIDATION
LN-505822,CUST-104038,2025-04-27,0,0,False,False,46627.01,Current,DEBT_CONSOLIDATION
LN-505823,CUST-100955,2025-04-27,0,0,False,False,525141.2075,Current,DEBT_CONSOLIDATION
LN-505824,CUST-106872,2025-04-27,0,0,False,False,44157.20500000001,Current,DEBT_CONSOLIDATION
LN-505825,CUST-107532,2025-04-27,0,0,False,False,61691.44,Current,DEBT_CONSOLIDATION
LN-505826,CUST-101930,2025-04-27,0,0,False,False,29268.7375,Current,DEBT_CONSOLIDATION
LN-505827,CUST-107044,2025-04-27,0,0,False,False,12763.979999999998,Current,DEBT_CONSOLIDATION
LN-505828,CUST-104683,2025-04-27,0,0,False,False,16883.640000000018,Current,DEBT_CONSOLIDATION
LN-505829,CUST-107668,2025-04-27,0,0,False,False,2706.2175,Current,DEBT_CONSOLIDATION
LN-505830,CUST-105872,2025-04-27,0,0,False,False,50376.637500000004,Current,DEBT_CONSOLIDATION
LN-505831,CUST-105330,2025-04-27,0,0,False,False,20672.890000000018,Current,DEBT_CONSOLIDATION
LN-505832,CUST-102045,2025-04-27,0,0,False,False,22461.675000000003,Current,DEBT_CONSOLIDATION
LN-505833,CUST-105347,2025-04-27,0,0,False,False,30637.060000000005,Current,DEBT_CONSOLIDATION
LN-505834,CUST-104529,2025-04-27,0,0,False,False,14152.665,Current,DEBT_CONSOLIDATION
LN-505835,CUST-104109,2025-04-27,0,0,False,False,14557.919999999998,Current,DEBT_CONSOLIDATION
LN-505836,CUST-105809,2025-04-27,0,0,False,False,44359.780000000006,Current,DEBT_CONSOLIDATION
LN-505837,CUST-105948,2025-04-27,0,0,False,False,23281.49000000001,Current,DEBT_CONSOLIDATION
LN-505838,CUST-102456,2025-04-27,0,0,False,False,48180.784999999996,Current,DEBT_CONSOLIDATION
LN-505839,CUST-103542,2025-04-27,0,0,False,False,4495.902499999999,Current,DEBT_CONSOLIDATION
LN-505840,CUST-102281,2025-04-27,0,0,False,False,19670.10000000001,Current,DEBT_CONSOLIDATION
LN-505841,CUST-106219,2025-04-27,2,45,False,False,31240.184999999998,30-59,DEBT_CONSOLIDATION
LN-505842,CUST-104299,2025-04-27,0,0,False,False,10563.894999999999,Current,DEBT_CONSOLIDATION
LN-505843,CUST-105123,2025-04-27,0,0,False,False,20710.109999999997,Current,DEBT_CONSOLIDATION
LN-505844,CUST-106893,2025-04-27,1,26,False,False,8631.857500000004,1-29,DEBT_CONSOLIDATION
LN-505845,CUST-100606,2025-04-27,0,0,False,False,23027.06,Current,DEBT_CONSOLIDATION
LN-505846,CUST-100739,2025-04-27,0,0,False,False,6249.277499999998,Current,DEBT_CONSOLIDATION
LN-505847,CUST-100316,2025-04-27,0,0,False,False,82998.75250000003,Current,DEBT_CONSOLIDATION
LN-505848,CUST-103756,2025-04-27,0,0,False,False,19627.125,Current,DEBT_CONSOLIDATION
LN-505849,CUST-102904,2025-04-27,0,0,False,False,14741.110000000011,Current,DEBT_CONSOLIDATION
LN-505850,CUST-100600,2025-04-27,0,0,False,False,16322.755000000008,Current,DEBT_CONSOLIDATION
LN-505851,CUST-100525,2025-04-27,0,0,False,False,9580.139999999992,Current,DEBT_CONSOLIDATION
LN-505852,CUST-107585,2025-04-27,0,0,False,False,20075.04,Current,DEBT_CONSOLIDATION
LN-505853,CUST-103096,2025-04-27,1,24,False,False,13500.504999999997,1-29,DEBT_CONSOLIDATION
LN-505854,CUST-107415,2025-04-27,0,0,False,False,2827.915000000001,Current,DEBT_CONSOLIDATION
LN-505855,CUST-100105,2025-04-27,0,0,False,False,16079.269999999993,Current,DEBT_CONSOLIDATION
LN-505856,CUST-107894,2025-04-27,0,0,False,False,31361.16,Current,DEBT_CONSOLIDATION
LN-505857,CUST-102925,2025-04-27,0,0,False,False,10128.004999999996,Current,DEBT_CONSOLIDATION
LN-505858,CUST-100185,2025-04-27,0,0,False,False,42296.64000000003,Current,DEBT_CONSOLIDATION
LN-505859,CUST-101038,2025-04-27,0,0,False,False,19613.99499999999,Current,DEBT_CONSOLIDATION
LN-505860,CUST-100755,2025-04-27,0,0,False,False,34437.59749999999,Current,DEBT_CONSOLIDATION
LN-505861,CUST-104606,2025-04-27,0,0,False,False,20712.350000000006,Current,DEBT_CONSOLIDATION
LN-505862,CUST-102076,2025-04-27,0,0,False,False,11169.147500000001,Current,DEBT_CONSOLIDATION
LN-505863,CUST-104637,2025-04-27,0,0,False,False,20413.58000000001,Current,DEBT_CONSOLIDATION
LN-505864,CUST-104578,2025-04-27,0,0,False,False,5793.71,Current,DEBT_CONSOLIDATION
LN-505865,CUST-105583,2025-04-27,0,0,False,False,13114.687500000002,Current,DEBT_CONSOLIDATION
LN-505866,CUST-107494,2025-04-27,0,0,False,False,66901.08,Current,DEBT_CONSOLIDATION
LN-505867,CUST-101318,2025-04-27,0,0,False,False,18080.650000000005,Current,DEBT_CONSOLIDATION
LN-505868,CUST-102093,2025-04-27,0,0,False,False,27399.30000000001,Current,DEBT_CONSOLIDATION
LN-505869,CUST-107039,2025-04-27,0,0,False,False,115703.82499999998,Current,DEBT_CONSOLIDATION
LN-505870,CUST-105469,2025-04-27,0,0,False,False,351527.1300000001,Current,DEBT_CONSOLIDATION
LN-505871,CUST-100433,2025-04-27,0,0,False,False,43262.70000000001,Current,DEBT_CONSOLIDATION
LN-505872,CUST-106606,2025-04-27,0,0,False,False,10232.565000000008,Current,DEBT_CONSOLIDATION
LN-505873,CUST-103362,2025-04-27,0,0,False,False,7791.96,Current,DEBT_CONSOLIDATION
LN-505874,CUST-103422,2025-04-27,1,25,False,False,6592.512500000003,1-29,DEBT_CONSOLIDATION
LN-505875,CUST-106024,2025-04-27,0,0,False,False,44782.225,Current,DEBT_CONSOLIDATION
LN-505876,CUST-106139,2025-04-27,0,0,False,False,58645.06,Current,DEBT_CONSOLIDATION
LN-505877,CUST-107617,2025-04-27,0,0,False,False,15529.689999999993,Current,DEBT_CONSOLIDATION
LN-505878,CUST-105426,2025-04-27,0,0,False,False,46419.84,Current,DEBT_CONSOLIDATION
LN-505879,CUST-103672,2025-04-27,1,17,False,False,42855.62000000001,1-29,DEBT_CONSOLIDATION
LN-505880,CUST-104396,2025-04-27,0,0,False,False,28647.26250000001,Current,DEBT_CONSOLIDATION
LN-505881,CUST-102398,2025-04-27,0,0,False,False,41161.0325,Current,DEBT_CONSOLIDATION
LN-505882,CUST-106912,2025-04-27,0,0,False,False,17754.504999999997,Current,DEBT_CONSOLIDATION
LN-505884,CUST-104893,2025-04-27,2,36,False,False,8823.279999999999,30-59,DEBT_CONSOLIDATION
LN-505885,CUST-107858,2025-04-27,0,0,False,False,21555.089999999997,Current,DEBT_CONSOLIDATION
LN-505886,CUST-101739,2025-04-27,0,0,False,False,1318.6999999999994,Current,DEBT_CONSOLIDATION
LN-505887,CUST-106026,2025-04-27,0,0,False,False,28136.414999999997,Current,DEBT_CONSOLIDATION
LN-505888,CUST-105447,2025-04-27,0,0,False,False,33088.76,Current,DEBT_CONSOLIDATION
LN-505889,CUST-105017,2025-04-27,0,0,False,False,15832.600000000011,Current,DEBT_CONSOLIDATION
LN-505890,CUST-102115,2025-04-27,0,0,False,False,57205.90000000001,Current,DEBT_CONSOLIDATION
LN-505891,CUST-106621,2025-04-27,0,0,False,False,27728.9375,Current,DEBT_CONSOLIDATION
LN-505892,CUST-103897,2025-04-27,0,0,False,False,6773.2775,Current,DEBT_CONSOLIDATION
LN-505893,CUST-101998,2025-04-27,0,0,False,False,15060.040000000006,Current,DEBT_CONSOLIDATION
LN-505894,CUST-100022,2025-04-27,0,0,False,False,6554.6425,Current,DEBT_CONSOLIDATION
LN-505895,CUST-103946,2025-04-27,0,0,False,False,19868.260000000002,Current,DEBT_CONSOLIDATION
LN-505896,CUST-106218,2025-04-27,0,0,False,False,2790.7624999999994,Current,DEBT_CONSOLIDATION
LN-505897,CUST-106071,2025-04-27,0,0,False,False,16146.07,Current,DEBT_CONSOLIDATION
LN-505898,CUST-105360,2025-04-27,0,0,False,False,31916.46500000001,Current,DEBT_CONSOLIDATION
LN-505899,CUST-100533,2025-04-27,0,0,False,False,24400.29,Current,DEBT_CONSOLIDATION
LN-505900,CUST-105431,2025-04-27,0,0,False,False,25494.872500000012,Current,DEBT_CONSOLIDATION
LN-505901,CUST-102542,2025-04-27,0,0,False,False,24228.405000000017,Current,DEBT_CONSOLIDATION
LN-505902,CUST-105869,2025-04-27,0,0,False,False,31028.17250000002,Current,DEBT_CONSOLIDATION
LN-505903,CUST-104238,2025-04-27,0,0,False,False,11821.0175,Current,DEBT_CONSOLIDATION
LN-505904,CUST-101004,2025-04-27,0,0,False,False,19530.547499999997,Current,DEBT_CONSOLIDATION
LN-505905,CUST-100518,2025-04-27,0,0,False,False,1185.5925000000009,Current,DEBT_CONSOLIDATION
LN-505906,CUST-102504,2025-04-27,0,0,False,False,41854.42,Current,DEBT_CONSOLIDATION
LN-505907,CUST-105098,2025-04-27,0,0,False,False,21634.26,Current,DEBT_CONSOLIDATION
LN-505908,CUST-100746,2025-04-27,0,0,False,False,26664.749999999996,Current,DEBT_CONSOLIDATION
LN-505909,CUST-107510,2025-04-27,0,0,False,False,12583.259999999998,Current,DEBT_CONSOLIDATION
LN-505910,CUST-105178,2025-04-27,1,17,False,False,19927.239999999998,1-29,DEBT_CONSOLIDATION
LN-505911,CUST-103087,2025-04-27,0,0,False,False,12730.259999999991,Current,DEBT_CONSOLIDATION
LN-505912,CUST-101682,2025-04-27,0,0,False,False,23992.122500000016,Current,DEBT_CONSOLIDATION
LN-505913,CUST-101800,2025-04-27,2,38,False,False,3187.0475,30-59,DEBT_CONSOLIDATION
LN-505914,CUST-103179,2025-04-27,0,0,False,False,629783.1450000004,Current,DEBT_CONSOLIDATION
LN-505915,CUST-107461,2025-04-27,0,0,False,False,12155.122500000005,Current,DEBT_CONSOLIDATION
LN-505916,CUST-100180,2025-04-27,0,0,False,False,28990.952499999996,Current,DEBT_CONSOLIDATION
LN-505917,CUST-104586,2025-04-27,4,157,False,False,21260.749999999996,90+,DEBT_CONSOLIDATION
LN-505918,CUST-107040,2025-04-27,0,0,False,False,19805.759999999987,Current,DEBT_CONSOLIDATION
LN-505919,CUST-101377,2025-04-27,0,0,False,False,6227.092500000006,Current,DEBT_CONSOLIDATION
LN-505920,CUST-100979,2025-04-27,0,0,False,False,11114.699999999995,Current,DEBT_CONSOLIDATION
LN-505921,CUST-105868,2025-04-27,0,0,False,False,39385.34000000002,Current,DEBT_CONSOLIDATION
LN-505922,CUST-107953,2025-04-27,0,0,False,False,19529.92,Current,DEBT_CONSOLIDATION
LN-505926,CUST-104585,2025-04-27,0,0,False,False,22442.420000000013,Current,DEBT_CONSOLIDATION
LN-505927,CUST-102626,2025-04-27,2,37,False,False,41866.05000000001,30-59,DEBT_CONSOLIDATION
LN-505928,CUST-105137,2025-04-27,0,0,False,False,19872.652499999997,Current,DEBT_CONSOLIDATION
LN-505930,CUST-104747,2025-04-27,0,0,False,False,5071.827500000001,Current,DEBT_CONSOLIDATION
LN-505932,CUST-106303,2025-04-27,0,0,False,False,38450.92999999996,Current,DEBT_CONSOLIDATION
LN-505933,CUST-100779,2025-04-27,0,0,False,False,8387.322500000011,Current,DEBT_CONSOLIDATION
LN-505934,CUST-100161,2025-04-27,0,0,False,False,9260.9,Current,DEBT_CONSOLIDATION
LN-505936,CUST-105287,2025-04-27,0,0,False,False,35706.9275,Current,DEBT_CONSOLIDATION
LN-505937,CUST-105898,2025-04-27,0,0,False,False,2594.692499999999,Current,DEBT_CONSOLIDATION
LN-505939,CUST-102901,2025-04-27,0,0,False,False,41167.62,Current,DEBT_CONSOLIDATION
LN-505940,CUST-107100,2025-04-27,0,0,False,False,50023.49,Current,DEBT_CONSOLIDATION
LN-505941,CUST-100431,2025-04-27,0,0,False,False,9477.3975,Current,DEBT_CONSOLIDATION
LN-505942,CUST-106775,2025-04-27,0,0,False,False,2088.9074999999984,Current,DEBT_CONSOLIDATION
LN-505943,CUST-102777,2025-04-27,0,0,False,False,11658.687499999998,Current,DEBT_CONSOLIDATION
LN-505944,CUST-104010,2025-04-27,2,51,False,False,4784.4775,30-59,DEBT_CONSOLIDATION
LN-505945,CUST-102827,2025-04-27,0,0,False,False,2378.0800000000027,Current,DEBT_CONSOLIDATION
LN-505946,CUST-105106,2025-04-27,1,25,False,False,19743.864999999998,1-29,DEBT_CONSOLIDATION
LN-505947,CUST-104766,2025-04-27,0,0,False,False,18693.789999999997,Current,DEBT_CONSOLIDATION
LN-505948,CUST-106264,2025-04-27,0,0,False,False,469533.72000000026,Current,DEBT_CONSOLIDATION
LN-505950,CUST-106246,2025-04-27,0,0,False,False,45247.67,Current,DEBT_CONSOLIDATION
LN-505951,CUST-104636,2025-04-27,0,0,False,False,14455.1175,Current,DEBT_CONSOLIDATION
LN-505952,CUST-101007,2025-04-27,0,0,False,False,30125.454999999994,Current,DEBT_CONSOLIDATION
LN-505953,CUST-101613,2025-04-27,0,0,False,False,45987.119999999995,Current,DEBT_CONSOLIDATION
LN-505954,CUST-106949,2025-04-27,0,0,False,False,9825.43,Current,DEBT_CONSOLIDATION
LN-505955,CUST-103392,2025-04-27,0,0,False,False,32204.377500000002,Current,DEBT_CONSOLIDATION
LN-505956,CUST-103082,2025-04-27,1,19,False,False,552465.6599999999,1-29,DEBT_CONSOLIDATION
LN-505957,CUST-103571,2025-04-27,0,0,False,False,23589.477499999994,Current,DEBT_CONSOLIDATION
LN-505959,CUST-107174,2025-04-27,0,0,False,False,21901.5175,Current,DEBT_CONSOLIDATION
LN-505961,CUST-101627,2025-04-27,0,0,False,False,13218.319999999998,Current,DEBT_CONSOLIDATION
LN-505962,CUST-103297,2025-04-27,0,0,False,False,18839.1325,Current,DEBT_CONSOLIDATION
LN-505963,CUST-106908,2025-04-27,0,0,False,False,24971.56,Current,DEBT_CONSOLIDATION
LN-505965,CUST-102599,2025-04-27,0,0,False,False,38020.17499999998,Current,DEBT_CONSOLIDATION
LN-505966,CUST-100829,2025-04-27,0,0,False,False,14001.669999999996,Current,DEBT_CONSOLIDATION
LN-505967,CUST-104768,2025-04-27,0,0,False,False,33719.1475,Current,DEBT_CONSOLIDATION
LN-505968,CUST-107770,2025-04-27,0,0,False,False,39655.235,Current,DEBT_CONSOLIDATION
LN-505969,CUST-107965,2025-04-27,0,0,False,False,47729.1,Current,DEBT_CONSOLIDATION
LN-505970,CUST-107525,2025-04-27,0,0,False,False,37661.799999999974,Current,DEBT_CONSOLIDATION
LN-505971,CUST-107265,2025-04-27,0,0,False,False,5370.290000000002,Current,DEBT_CONSOLIDATION
LN-505972,CUST-107366,2025-04-27,0,0,False,False,931.5349999999999,Current,DEBT_CONSOLIDATION
LN-505973,CUST-106673,2025-04-27,0,0,False,False,13739.1025,Current,DEBT_CONSOLIDATION
LN-505975,CUST-105246,2025-04-27,0,0,False,False,38018.51,Current,DEBT_CONSOLIDATION
LN-505976,CUST-104125,2025-04-27,0,0,False,False,58435.215,Current,DEBT_CONSOLIDATION
LN-505977,CUST-107788,2025-04-27,0,0,False,False,38743.272499999985,Current,DEBT_CONSOLIDATION
LN-505978,CUST-100061,2025-04-27,0,0,False,False,209712.72,Current,DEBT_CONSOLIDATION
LN-505979,CUST-101067,2025-04-27,0,0,False,False,17769.170000000013,Current,DEBT_CONSOLIDATION
LN-505980,CUST-106864,2025-04-27,0,0,False,False,38886.16500000002,Current,DEBT_CONSOLIDATION
LN-505981,CUST-106745,2025-04-27,0,0,False,False,23411.56,Current,DEBT_CONSOLIDATION
LN-505982,CUST-105757,2025-04-27,0,0,False,False,15697.39500000001,Current,DEBT_CONSOLIDATION
LN-505983,CUST-101704,2025-04-27,0,0,False,False,39298.49000000001,Current,DEBT_CONSOLIDATION
LN-505984,CUST-100122,2025-04-27,0,0,False,False,58014.6375,Current,DEBT_CONSOLIDATION
LN-505985,CUST-101884,2025-04-27,0,0,False,False,45259.020000000004,Current,DEBT_CONSOLIDATION
LN-505986,CUST-105000,2025-04-27,0,0,False,False,20488.332500000004,Current,DEBT_CONSOLIDATION
LN-505987,CUST-107464,2025-04-27,0,0,False,False,16284.255,Current,DEBT_CONSOLIDATION
LN-505988,CUST-103322,2025-04-27,0,0,False,False,30207.17500000001,Current,DEBT_CONSOLIDATION
LN-505989,CUST-105087,2025-04-27,4,205,False,False,8927.139999999996,90+,DEBT_CONSOLIDATION
LN-505990,CUST-105458,2025-04-27,0,0,False,False,8307.855000000001,Current,DEBT_CONSOLIDATION
LN-505991,CUST-102866,2025-04-27,0,0,False,False,11007.929999999995,Current,DEBT_CONSOLIDATION
LN-505992,CUST-106121,2025-04-27,0,0,False,False,90808.47249999999,Current,DEBT_CONSOLIDATION
LN-505993,CUST-106778,2025-04-27,0,0,False,False,36237.33999999999,Current,DEBT_CONSOLIDATION
LN-505994,CUST-104422,2025-04-27,0,0,False,False,10263.080000000009,Current,DEBT_CONSOLIDATION
LN-505995,CUST-105289,2025-04-27,0,0,False,False,7875.790000000003,Current,DEBT_CONSOLIDATION
LN-505996,CUST-107707,2025-04-27,0,0,False,True,14329.332499999997,Current,DEBT_CONSOLIDATION
LN-505997,CUST-103770,2025-04-27,0,0,False,False,30674.600000000006,Current,DEBT_CONSOLIDATION
LN-505998,CUST-100535,2025-04-27,0,0,False,False,18188.509999999995,Current,DEBT_CONSOLIDATION
LN-505999,CUST-102932,2025-04-27,0,0,False,False,2444.6949999999997,Current,DEBT_CONSOLIDATION
LN-506000,CUST-106794,2025-04-27,0,0,False,False,9405.922500000004,Current,DEBT_CONSOLIDATION
LN-506001,CUST-105802,2025-04-27,0,0,False,False,8455.46,Current,DEBT_CONSOLIDATION
LN-506002,CUST-103238,2025-04-27,0,0,False,False,788.2500000000002,Current,DEBT_CONSOLIDATION
LN-506003,CUST-104025,2025-04-27,0,0,False,False,12633.429999999993,Current,DEBT_CONSOLIDATION
LN-506004,CUST-107855,2025-04-27,0,0,False,False,12111.892500000004,Current,DEBT_CONSOLIDATION
LN-506005,CUST-100476,2025-04-27,0,0,False,False,10889.80500000001,Current,DEBT_CONSOLIDATION
LN-506006,CUST-102032,2025-04-27,0,0,False,False,14334.022500000006,Current,DEBT_CONSOLIDATION
LN-506007,CUST-105291,2025-04-27,0,0,False,False,19421.92,Current,DEBT_CONSOLIDATION
LN-506009,CUST-105438,2025-04-27,0,0,False,False,4388.8499999999985,Current,DEBT_CONSOLIDATION
LN-506010,CUST-104684,2025-04-27,0,0,False,False,3744.050000000001,Current,DEBT_CONSOLIDATION
LN-506011,CUST-105608,2025-04-27,0,0,False,False,13476.029999999988,Current,DEBT_CONSOLIDATION
LN-506012,CUST-103835,2025-04-27,0,0,False,False,25939.402500000004,Current,DEBT_CONSOLIDATION
LN-506013,CUST-101842,2025-04-27,0,0,False,False,2260.5075000000006,Current,DEBT_CONSOLIDATION
LN-506014,CUST-101751,2025-04-27,0,0,False,False,12719.3975,Current,DEBT_CONSOLIDATION
LN-506015,CUST-102605,2025-04-27,0,0,False,False,21499.9,Current,DEBT_CONSOLIDATION
LN-506016,CUST-105872,2025-04-27,0,0,False,False,5121.077500000001,Current,DEBT_CONSOLIDATION
LN-506017,CUST-105534,2025-04-27,0,0,False,False,3361.865,Current,DEBT_CONSOLIDATION
LN-506018,CUST-106468,2025-04-27,0,0,False,False,13145.344999999996,Current,DEBT_CONSOLIDATION
LN-506019,CUST-101561,2025-04-27,0,0,False,False,82939.95500000003,Current,DEBT_CONSOLIDATION
LN-506022,CUST-107340,2025-04-27,0,0,False,False,41284.09,Current,DEBT_CONSOLIDATION
LN-506023,CUST-100737,2025-04-27,0,0,False,False,96847.26999999997,Current,DEBT_CONSOLIDATION
LN-506024,CUST-106602,2025-04-27,0,0,False,False,4586.922500000003,Current,DEBT_CONSOLIDATION
LN-506025,CUST-103721,2025-04-27,0,0,False,False,11335.924999999996,Current,DEBT_CONSOLIDATION
LN-506026,CUST-101958,2025-04-27,0,0,False,False,294678.105,Current,DEBT_CONSOLIDATION
LN-506027,CUST-101228,2025-04-27,0,0,False,False,41619.75999999999,Current,DEBT_CONSOLIDATION
LN-506028,CUST-104742,2025-04-27,0,0,False,False,7993.145,Current,DEBT_CONSOLIDATION
LN-506029,CUST-106145,2025-04-27,0,0,False,False,23815.21,Current,DEBT_CONSOLIDATION
LN-506030,CUST-105843,2025-04-27,0,0,False,False,264083.95000000036,Current,DEBT_CONSOLIDATION
LN-506031,CUST-107540,2025-04-27,0,0,False,False,78597.59749999995,Current,DEBT_CONSOLIDATION
LN-506032,CUST-100306,2025-04-27,0,0,True,False,20465.379999999986,Current,DEBT_CONSOLIDATION
LN-506033,CUST-106802,2025-04-27,0,0,False,False,139978.73499999996,Current,DEBT_CONSOLIDATION
LN-506034,CUST-106988,2025-04-27,0,0,False,False,38195.655000000035,Current,DEBT_CONSOLIDATION
LN-506035,CUST-107809,2025-04-27,0,0,False,False,34785.119999999995,Current,DEBT_CONSOLIDATION
LN-506036,CUST-100553,2025-04-27,0,0,False,False,8190.220000000003,Current,DEBT_CONSOLIDATION
LN-506037,CUST-107531,2025-04-27,0,0,False,False,25561.650000000023,Current,DEBT_CONSOLIDATION
LN-506038,CUST-100092,2025-04-27,0,0,False,False,23667.089999999997,Current,DEBT_CONSOLIDATION
LN-506039,CUST-102605,2025-04-27,0,0,False,False,52869.22,Current,DEBT_CONSOLIDATION
LN-506040,CUST-101190,2025-04-27,0,0,False,False,11600.130000000001,Current,DEBT_CONSOLIDATION
LN-506041,CUST-102853,2025-04-27,0,0,True,False,48376.92999999997,Current,DEBT_CONSOLIDATION
LN-506042,CUST-104745,2025-04-27,0,0,False,False,39907.355,Current,DEBT_CONSOLIDATION
LN-506043,CUST-100907,2025-04-27,0,0,False,False,33892.72000000002,Current,DEBT_CONSOLIDATION
LN-506044,CUST-107824,2025-04-27,0,0,False,False,24422.605000000003,Current,DEBT_CONSOLIDATION
LN-506045,CUST-107103,2025-04-27,0,0,False,False,33742.89,Current,DEBT_CONSOLIDATION
LN-506046,CUST-100465,2025-04-27,0,0,False,False,10940.304999999997,Current,DEBT_CONSOLIDATION
LN-506047,CUST-103501,2025-04-27,0,0,False,False,39274.41500000001,Current,DEBT_CONSOLIDATION
LN-506049,CUST-102042,2025-04-27,0,0,False,False,6952.855000000005,Current,DEBT_CONSOLIDATION
LN-506050,CUST-103813,2025-04-27,0,0,False,False,21244.142500000016,Current,DEBT_CONSOLIDATION
LN-506051,CUST-106871,2025-04-27,0,0,False,False,14981.485000000008,Current,DEBT_CONSOLIDATION
LN-506052,CUST-101747,2025-04-27,0,0,False,False,33435.51,Current,DEBT_CONSOLIDATION
LN-506053,CUST-105296,2025-04-27,0,0,False,False,17970.22,Current,DEBT_CONSOLIDATION
LN-506054,CUST-106360,2025-04-27,0,0,False,False,23129.225,Current,DEBT_CONSOLIDATION
LN-506055,CUST-100990,2025-04-27,0,0,False,False,45157.15,Current,DEBT_CONSOLIDATION
LN-506056,CUST-102897,2025-04-27,0,0,False,False,14865.860000000008,Current,DEBT_CONSOLIDATION
LN-506057,CUST-105360,2025-04-27,0,0,False,False,7675.295000000002,Current,DEBT_CONSOLIDATION
LN-506058,CUST-101496,2025-04-27,0,0,False,False,9005.449999999995,Current,DEBT_CONSOLIDATION
LN-506059,CUST-100410,2025-04-27,0,0,False,False,42367.59749999996,Current,DEBT_CONSOLIDATION
LN-506061,CUST-102109,2025-04-27,0,0,False,False,38130.55999999998,Current,DEBT_CONSOLIDATION
LN-506062,CUST-105186,2025-04-27,0,0,False,False,48476.86,Current,DEBT_CONSOLIDATION
LN-506063,CUST-102610,2025-04-27,0,0,False,False,25156.610000000004,Current,DEBT_CONSOLIDATION
LN-506064,CUST-103016,2025-04-27,0,0,False,False,15662.81999999998,Current,DEBT_CONSOLIDATION
LN-506065,CUST-107347,2025-04-27,0,0,False,False,22459.73500000002,Current,DEBT_CONSOLIDATION
LN-506066,CUST-102567,2025-04-27,0,0,False,False,17801.18250000001,Current,DEBT_CONSOLIDATION
LN-506067,CUST-102472,2025-04-27,0,0,False,False,50202.0325,Current,DEBT_CONSOLIDATION
LN-506068,CUST-102536,2025-04-27,1,16,False,False,41077.42,1-29,DEBT_CONSOLIDATION
LN-506069,CUST-100003,2025-04-27,0,0,False,False,41327.52500000004,Current,DEBT_CONSOLIDATION
LN-506071,CUST-105522,2025-04-27,0,0,False,False,18699.69,Current,DEBT_CONSOLIDATION
LN-506072,CUST-100395,2025-04-27,0,0,False,False,8005.257500000004,Current,DEBT_CONSOLIDATION
LN-506073,CUST-104458,2025-04-27,0,0,False,False,10993.119999999999,Current,DEBT_CONSOLIDATION
LN-506074,CUST-106635,2025-04-27,0,0,False,False,7978.4000000000015,Current,DEBT_CONSOLIDATION
LN-506075,CUST-104511,2025-04-27,0,0,False,False,15974.575000000013,Current,DEBT_CONSOLIDATION
LN-506076,CUST-101879,2025-04-27,0,0,False,False,12570.875,Current,DEBT_CONSOLIDATION
LN-506077,CUST-102372,2025-04-27,0,0,False,False,14560.699999999997,Current,DEBT_CONSOLIDATION
LN-506079,CUST-104012,2025-04-27,0,0,False,False,16275.914999999999,Current,DEBT_CONSOLIDATION
LN-506080,CUST-103307,2025-04-27,0,0,False,False,18932.800000000003,Current,DEBT_CONSOLIDATION
LN-506081,CUST-101238,2025-04-27,1,25,False,False,141126.03000000014,1-29,DEBT_CONSOLIDATION
LN-506082,CUST-104008,2025-04-27,0,0,False,False,17220.3125,Current,DEBT_CONSOLIDATION
LN-506083,CUST-107192,2025-04-27,0,0,False,False,132588.03250000003,Current,DEBT_CONSOLIDATION
LN-506084,CUST-107999,2025-04-27,2,54,False,False,11053.752500000004,30-59,DEBT_CONSOLIDATION
LN-506085,CUST-105143,2025-04-27,0,0,False,False,8972.559999999996,Current,DEBT_CONSOLIDATION
LN-506086,CUST-102589,2025-04-27,0,0,False,False,25006.722499999996,Current,DEBT_CONSOLIDATION
LN-506087,CUST-103183,2025-04-27,0,0,False,False,7682.035,Current,DEBT_CONSOLIDATION
LN-506088,CUST-102317,2025-04-27,0,0,False,False,8052.129999999996,Current,DEBT_CONSOLIDATION
LN-506089,CUST-101462,2025-04-27,0,0,False,False,19346.26249999998,Current,DEBT_CONSOLIDATION
LN-506090,CUST-103680,2025-04-27,0,0,False,False,1874.74,Current,DEBT_CONSOLIDATION
LN-506091,CUST-101194,2025-04-27,0,0,False,False,5861.0899999999965,Current,DEBT_CONSOLIDATION
LN-506092,CUST-106848,2025-04-27,0,0,True,False,15824.179999999995,Current,DEBT_CONSOLIDATION
LN-506093,CUST-106707,2025-04-27,0,0,False,False,35352.74,Current,DEBT_CONSOLIDATION
LN-506094,CUST-103406,2025-04-27,0,0,False,False,6507.32,Current,DEBT_CONSOLIDATION
LN-506095,CUST-106229,2025-04-27,0,0,False,False,4763.919999999998,Current,DEBT_CONSOLIDATION
LN-506096,CUST-107194,2025-04-27,0,0,False,False,8714.917499999989,Current,DEBT_CONSOLIDATION
LN-506097,CUST-105463,2025-04-27,0,0,False,False,15725.500000000004,Current,DEBT_CONSOLIDATION
LN-506098,CUST-104222,2025-04-27,0,0,False,False,37825.44,Current,DEBT_CONSOLIDATION
LN-506099,CUST-106753,2025-04-27,0,0,False,False,33912.89,Current,DEBT_CONSOLIDATION
LN-506100,CUST-100309,2025-04-27,0,0,False,False,37046.975,Current,DEBT_CONSOLIDATION
LN-506101,CUST-102332,2025-04-27,0,0,False,False,221735.47,Current,DEBT_CONSOLIDATION
LN-506102,CUST-101767,2025-04-27,0,0,False,False,18409.885,Current,DEBT_CONSOLIDATION
LN-506103,CUST-101950,2025-04-27,0,0,False,False,5252.732500000001,Current,DEBT_CONSOLIDATION
LN-506104,CUST-103276,2025-04-27,0,0,False,False,3628.8899999999985,Current,DEBT_CONSOLIDATION
LN-506105,CUST-107534,2025-04-27,0,0,False,False,8920.425000000005,Current,DEBT_CONSOLIDATION
LN-506106,CUST-101651,2025-04-27,0,0,False,False,13898.900000000009,Current,DEBT_CONSOLIDATION
LN-506107,CUST-102629,2025-04-27,0,0,False,False,17589.6475,Current,DEBT_CONSOLIDATION
LN-506109,CUST-104361,2025-04-27,0,0,False,False,8152.589999999998,Current,DEBT_CONSOLIDATION
LN-506110,CUST-107584,2025-04-27,0,0,False,False,45237.9475,Current,DEBT_CONSOLIDATION
LN-506111,CUST-100956,2025-04-27,0,0,False,False,12180.139999999994,Current,DEBT_CONSOLIDATION
LN-506112,CUST-105962,2025-04-27,0,0,False,False,19757.625,Current,DEBT_CONSOLIDATION
LN-506113,CUST-104869,2025-04-27,0,0,False,False,13530.260000000002,Current,DEBT_CONSOLIDATION
LN-506114,CUST-104840,2025-04-27,0,0,False,False,12446.939999999999,Current,DEBT_CONSOLIDATION
LN-506115,CUST-102122,2025-04-27,0,0,False,False,16944.509999999984,Current,DEBT_CONSOLIDATION
LN-506116,CUST-100706,2025-04-27,0,0,False,False,3114.4149999999986,Current,DEBT_CONSOLIDATION
LN-506117,CUST-107309,2025-04-27,0,0,False,False,3664.7550000000037,Current,DEBT_CONSOLIDATION
LN-506118,CUST-103536,2025-04-27,0,0,False,False,332293.3099999999,Current,DEBT_CONSOLIDATION
LN-506120,CUST-106159,2025-04-27,0,0,False,False,13809.73750000001,Current,DEBT_CONSOLIDATION
LN-506121,CUST-101110,2025-04-27,0,0,True,False,6052.664999999997,Current,DEBT_CONSOLIDATION
LN-506122,CUST-107439,2025-04-27,0,0,False,False,9504.502499999999,Current,DEBT_CONSOLIDATION
LN-506123,CUST-105710,2025-04-27,0,0,False,False,14719.12249999999,Current,DEBT_CONSOLIDATION
LN-506124,CUST-103197,2025-04-27,0,0,False,False,22309.47750000001,Current,DEBT_CONSOLIDATION
LN-506125,CUST-103597,2025-04-27,0,0,False,False,41050.58000000001,Current,DEBT_CONSOLIDATION
LN-506126,CUST-105956,2025-04-27,0,0,False,False,4113.805000000001,Current,DEBT_CONSOLIDATION
LN-506127,CUST-107082,2025-04-27,0,0,False,False,2624.577499999999,Current,DEBT_CONSOLIDATION
LN-506128,CUST-102760,2025-04-27,0,0,False,False,6408.499999999996,Current,DEBT_CONSOLIDATION
LN-506129,CUST-107507,2025-04-27,0,0,False,False,6488.912499999997,Current,DEBT_CONSOLIDATION
LN-506130,CUST-102885,2025-04-27,0,0,False,False,41642.38749999998,Current,DEBT_CONSOLIDATION
LN-506131,CUST-101015,2025-04-27,0,0,False,False,17365.7725,Current,DEBT_CONSOLIDATION
LN-506132,CUST-101705,2025-04-27,0,0,False,False,1994.349999999999,Current,DEBT_CONSOLIDATION
LN-506133,CUST-104213,2025-04-27,0,0,False,False,147412.1700000001,Current,DEBT_CONSOLIDATION
LN-506135,CUST-106224,2025-04-27,0,0,False,False,32514.645,Current,DEBT_CONSOLIDATION
LN-506136,CUST-105746,2025-04-27,0,0,False,False,20057.810000000005,Current,DEBT_CONSOLIDATION
LN-506137,CUST-102660,2025-04-27,0,0,False,False,10973.2425,Current,DEBT_CONSOLIDATION
LN-506138,CUST-107951,2025-04-27,0,0,False,False,116215.23500000004,Current,DEBT_CONSOLIDATION
LN-506139,CUST-107951,2025-04-27,0,0,False,True,12271.224999999997,Current,DEBT_CONSOLIDATION
LN-506141,CUST-101678,2025-04-27,0,0,False,False,43744.825,Current,DEBT_CONSOLIDATION
LN-506142,CUST-100712,2025-04-27,0,0,False,False,5368.6500000000015,Current,DEBT_CONSOLIDATION
LN-506143,CUST-107517,2025-04-27,0,0,False,False,3831.17,Current,DEBT_CONSOLIDATION
LN-506145,CUST-101650,2025-04-27,0,0,False,False,9838.187499999995,Current,DEBT_CONSOLIDATION
LN-506146,CUST-104278,2025-04-27,0,0,False,False,129278.205,Current,DEBT_CONSOLIDATION
LN-506147,CUST-103942,2025-04-27,0,0,False,False,37221.32500000001,Current,DEBT_CONSOLIDATION
LN-506148,CUST-100281,2025-04-27,1,12,False,False,33248.0025,1-29,DEBT_CONSOLIDATION
LN-506150,CUST-103949,2025-04-27,0,0,False,False,6678.545,Current,DEBT_CONSOLIDATION
LN-506151,CUST-100500,2025-04-27,0,0,False,False,7241.97,Current,DEBT_CONSOLIDATION
LN-506152,CUST-105750,2025-04-27,0,0,False,False,32134.390000000003,Current,DEBT_CONSOLIDATION
LN-506153,CUST-102128,2025-04-27,0,0,False,False,11913.874999999995,Current,DEBT_CONSOLIDATION
LN-506154,CUST-102952,2025-04-27,0,0,False,False,14060.18,Current,DEBT_CONSOLIDATION
LN-506155,CUST-101964,2025-04-27,0,0,False,False,33791.12000000002,Current,DEBT_CONSOLIDATION
LN-506156,CUST-102900,2025-04-27,0,0,False,False,24151.81249999999,Current,DEBT_CONSOLIDATION
LN-506157,CUST-101934,2025-04-27,0,0,False,False,118505.26499999998,Current,DEBT_CONSOLIDATION
LN-506158,CUST-106952,2025-04-27,0,0,False,False,28727.499999999993,Current,DEBT_CONSOLIDATION
LN-506159,CUST-103057,2025-04-27,0,0,False,False,27845.24,Current,DEBT_CONSOLIDATION
LN-506160,CUST-100217,2025-04-27,0,0,False,False,53617.587499999994,Current,DEBT_CONSOLIDATION
LN-506161,CUST-102154,2025-04-27,0,0,False,False,27509.135000000017,Current,DEBT_CONSOLIDATION
LN-506162,CUST-106261,2025-04-27,0,0,False,False,19483.270000000015,Current,DEBT_CONSOLIDATION
LN-506163,CUST-107407,2025-04-27,0,0,False,False,11297.86,Current,DEBT_CONSOLIDATION
LN-506164,CUST-100769,2025-04-27,0,0,False,False,10372.954999999994,Current,DEBT_CONSOLIDATION
LN-506165,CUST-102746,2025-04-27,0,0,False,False,27888.33999999999,Current,DEBT_CONSOLIDATION
LN-506166,CUST-106657,2025-04-27,0,0,False,False,407332.59249999997,Current,DEBT_CONSOLIDATION
LN-506167,CUST-103300,2025-04-27,0,0,False,False,30571.234999999993,Current,DEBT_CONSOLIDATION
LN-506168,CUST-107114,2025-04-27,0,0,False,False,24724.0,Current,DEBT_CONSOLIDATION
LN-506169,CUST-106215,2025-04-27,0,0,False,False,18710.88,Current,DEBT_CONSOLIDATION
LN-506170,CUST-104818,2025-04-27,0,0,False,False,140482.525,Current,DEBT_CONSOLIDATION
LN-506171,CUST-104495,2025-04-27,0,0,False,False,16351.41249999999,Current,DEBT_CONSOLIDATION
LN-506172,CUST-100813,2025-04-27,0,0,False,False,41671.20000000001,Current,DEBT_CONSOLIDATION
LN-506173,CUST-107831,2025-04-27,0,0,False,False,8189.250000000004,Current,DEBT_CONSOLIDATION
LN-506174,CUST-101715,2025-04-27,0,0,False,False,4092.6399999999985,Current,DEBT_CONSOLIDATION
LN-506175,CUST-101931,2025-04-27,0,0,False,False,21623.910000000003,Current,DEBT_CONSOLIDATION
LN-506176,CUST-103345,2025-04-27,0,0,False,False,8806.829999999998,Current,DEBT_CONSOLIDATION
LN-506177,CUST-106029,2025-04-27,0,0,False,False,102104.7749999999,Current,DEBT_CONSOLIDATION
LN-506178,CUST-102376,2025-04-27,0,0,False,False,4142.870000000001,Current,DEBT_CONSOLIDATION
LN-506179,CUST-100974,2025-04-27,0,0,False,False,32071.680000000004,Current,DEBT_CONSOLIDATION
LN-506181,CUST-101953,2025-04-27,0,0,False,False,10396.407499999998,Current,DEBT_CONSOLIDATION
LN-506182,CUST-105842,2025-04-27,0,0,False,False,2716.232500000001,Current,DEBT_CONSOLIDATION
LN-506184,CUST-106033,2025-04-27,0,0,False,False,16466.810000000012,Current,DEBT_CONSOLIDATION
LN-506185,CUST-101692,2025-04-27,0,0,False,False,17963.91,Current,DEBT_CONSOLIDATION
LN-506187,CUST-103559,2025-04-27,0,0,False,False,17604.670000000006,Current,DEBT_CONSOLIDATION
LN-506188,CUST-101158,2025-04-27,0,0,False,False,34326.22000000004,Current,DEBT_CONSOLIDATION
LN-506189,CUST-101736,2025-04-27,0,0,False,False,4689.475000000005,Current,DEBT_CONSOLIDATION
LN-506190,CUST-101187,2025-04-27,0,0,False,False,13168.6075,Current,DEBT_CONSOLIDATION
LN-506191,CUST-106932,2025-04-27,0,0,False,False,141644.69499999998,Current,DEBT_CONSOLIDATION
LN-506192,CUST-103943,2025-04-27,0,0,False,False,12312.194999999996,Current,DEBT_CONSOLIDATION
LN-506193,CUST-105449,2025-04-27,0,0,False,False,19933.249999999996,Current,DEBT_CONSOLIDATION
LN-506194,CUST-103229,2025-04-27,0,0,False,False,10473.975000000004,Current,DEBT_CONSOLIDATION
LN-506195,CUST-106134,2025-04-27,0,0,False,False,39389.62749999996,Current,DEBT_CONSOLIDATION
LN-506196,CUST-103629,2025-04-27,0,0,False,False,29254.58,Current,DEBT_CONSOLIDATION
LN-506197,CUST-100285,2025-04-27,0,0,False,False,145484.05250000008,Current,DEBT_CONSOLIDATION
LN-506199,CUST-101477,2025-04-27,0,0,False,False,6245.850000000001,Current,DEBT_CONSOLIDATION
LN-506200,CUST-106169,2025-04-27,0,0,False,False,44164.15,Current,DEBT_CONSOLIDATION
LN-506201,CUST-102303,2025-04-27,0,0,False,False,25850.942500000012,Current,DEBT_CONSOLIDATION
LN-506203,CUST-104042,2025-04-27,0,0,False,False,25065.894999999997,Current,DEBT_CONSOLIDATION
LN-506204,CUST-102270,2025-04-27,0,0,False,False,21987.84999999999,Current,DEBT_CONSOLIDATION
LN-506205,CUST-107807,2025-04-27,0,0,False,False,19415.86250000001,Current,DEBT_CONSOLIDATION
LN-506206,CUST-103022,2025-04-27,0,0,False,False,15531.84,Current,DEBT_CONSOLIDATION
LN-506207,CUST-107488,2025-04-27,0,0,False,False,10054.052499999996,Current,DEBT_CONSOLIDATION
LN-506208,CUST-102659,2025-04-27,0,0,False,False,48133.029999999984,Current,DEBT_CONSOLIDATION
LN-506209,CUST-103083,2025-04-27,0,0,False,False,14199.475000000006,Current,DEBT_CONSOLIDATION
LN-506210,CUST-106570,2025-04-27,0,0,False,False,2902.9249999999993,Current,DEBT_CONSOLIDATION
LN-506211,CUST-106011,2025-04-27,0,0,False,False,17959.53500000002,Current,DEBT_CONSOLIDATION
LN-506212,CUST-106237,2025-04-27,3,81,False,False,47726.37500000002,60-89,DEBT_CONSOLIDATION
LN-506213,CUST-100454,2025-04-27,0,0,False,False,12220.040000000003,Current,DEBT_CONSOLIDATION
LN-506214,CUST-106636,2025-04-27,0,0,False,False,11222.762499999993,Current,DEBT_CONSOLIDATION
LN-506215,CUST-106886,2025-04-27,0,0,False,False,22802.289999999997,Current,DEBT_CONSOLIDATION
LN-506216,CUST-101970,2025-04-27,0,0,False,False,13829.807499999995,Current,DEBT_CONSOLIDATION
LN-506217,CUST-106354,2025-04-27,0,0,False,False,35278.55750000002,Current,DEBT_CONSOLIDATION
LN-506218,CUST-102540,2025-04-27,0,0,False,False,101165.98500000004,Current,DEBT_CONSOLIDATION
LN-506219,CUST-100413,2025-04-27,0,0,False,False,18889.66,Current,DEBT_CONSOLIDATION
LN-506220,CUST-100063,2025-04-27,4,337,False,False,35783.615,90+,DEBT_CONSOLIDATION
LN-506221,CUST-100713,2025-04-27,0,0,False,False,16055.46,Current,DEBT_CONSOLIDATION
LN-506222,CUST-106630,2025-04-27,0,0,False,False,352178.27,Current,DEBT_CONSOLIDATION
LN-506223,CUST-104850,2025-04-27,0,0,False,False,32267.630000000023,Current,DEBT_CONSOLIDATION
LN-506224,CUST-100263,2025-04-27,0,0,False,False,42510.287499999984,Current,DEBT_CONSOLIDATION
LN-506225,CUST-101712,2025-04-27,0,0,False,False,510.90999999999957,Current,DEBT_CONSOLIDATION
LN-506226,CUST-100863,2025-04-27,0,0,False,False,37397.27999999999,Current,DEBT_CONSOLIDATION
LN-506227,CUST-107744,2025-04-27,0,0,False,False,17971.73,Current,DEBT_CONSOLIDATION
LN-506228,CUST-105905,2025-04-27,1,14,False,False,2912.125000000001,1-29,DEBT_CONSOLIDATION
LN-506231,CUST-104470,2025-04-27,0,0,False,False,5360.030000000005,Current,DEBT_CONSOLIDATION
LN-506232,CUST-103876,2025-04-27,0,0,False,False,6889.3724999999995,Current,DEBT_CONSOLIDATION
LN-506233,CUST-100528,2025-04-27,0,0,False,False,29018.464999999982,Current,DEBT_CONSOLIDATION
LN-506234,CUST-104834,2025-04-27,0,0,False,False,30958.94,Current,DEBT_CONSOLIDATION
LN-506235,CUST-101738,2025-04-27,0,0,False,False,40974.52500000002,Current,DEBT_CONSOLIDATION
LN-506236,CUST-104424,2025-04-27,0,0,False,False,9062.887499999997,Current,DEBT_CONSOLIDATION
LN-506237,CUST-101640,2025-04-27,0,0,False,False,184614.7449999999,Current,DEBT_CONSOLIDATION
LN-506238,CUST-100652,2025-04-27,0,0,False,False,34435.23,Current,DEBT_CONSOLIDATION
LN-506239,CUST-107045,2025-04-27,0,0,False,False,7214.344999999999,Current,DEBT_CONSOLIDATION
LN-506241,CUST-100393,2025-04-27,0,0,False,False,292910.14749999996,Current,DEBT_CONSOLIDATION
LN-506242,CUST-106455,2025-04-27,0,0,False,False,56127.88999999999,Current,DEBT_CONSOLIDATION
LN-506243,CUST-100103,2025-04-27,4,159,False,False,20850.28,90+,DEBT_CONSOLIDATION
LN-506244,CUST-101892,2025-04-27,0,0,False,False,26266.635000000002,Current,DEBT_CONSOLIDATION
LN-506245,CUST-104599,2025-04-27,0,0,False,False,20536.92,Current,DEBT_CONSOLIDATION
LN-506246,CUST-102674,2025-04-27,0,0,False,False,5364.82,Current,DEBT_CONSOLIDATION
LN-506247,CUST-105884,2025-04-27,0,0,False,False,12387.387499999997,Current,DEBT_CONSOLIDATION
LN-506248,CUST-102119,2025-04-27,0,0,False,False,12911.45749999999,Current,DEBT_CONSOLIDATION
LN-506249,CUST-106147,2025-04-27,0,0,False,False,17366.18,Current,DEBT_CONSOLIDATION
LN-506251,CUST-103575,2025-04-27,0,0,False,False,14231.752500000006,Current,DEBT_CONSOLIDATION
LN-506252,CUST-103568,2025-04-27,0,0,False,False,32752.10749999998,Current,DEBT_CONSOLIDATION
LN-506253,CUST-100391,2025-04-27,0,0,False,False,13235.515000000009,Current,DEBT_CONSOLIDATION
LN-506255,CUST-106015,2025-04-27,0,0,False,False,38203.1675,Current,DEBT_CONSOLIDATION
LN-506256,CUST-101297,2025-04-27,0,0,False,False,13123.39999999999,Current,DEBT_CONSOLIDATION
LN-506257,CUST-102164,2025-04-27,0,0,False,False,29575.475000000002,Current,DEBT_CONSOLIDATION
LN-506258,CUST-100595,2025-04-27,1,19,False,False,25945.8675,1-29,DEBT_CONSOLIDATION
LN-506259,CUST-104878,2025-04-27,0,0,False,False,6701.807500000003,Current,DEBT_CONSOLIDATION
LN-506260,CUST-107440,2025-04-27,0,0,False,False,47460.41,Current,DEBT_CONSOLIDATION
LN-506261,CUST-107374,2025-04-27,0,0,False,False,16669.360000000015,Current,DEBT_CONSOLIDATION
LN-506262,CUST-103639,2025-04-27,4,205,False,False,11194.605000000001,90+,DEBT_CONSOLIDATION
LN-506263,CUST-103047,2025-04-27,0,0,False,False,23253.22,Current,DEBT_CONSOLIDATION
LN-506264,CUST-100677,2025-04-27,0,0,False,False,21018.1075,Current,DEBT_CONSOLIDATION
LN-506265,CUST-105645,2025-04-27,0,0,False,False,30541.22,Current,DEBT_CONSOLIDATION
LN-506266,CUST-106578,2025-04-27,0,0,False,False,35624.949999999975,Current,DEBT_CONSOLIDATION
LN-506267,CUST-100768,2025-04-27,0,0,False,False,12470.164999999999,Current,DEBT_CONSOLIDATION
LN-506268,CUST-105783,2025-04-27,0,0,False,False,337468.02,Current,DEBT_CONSOLIDATION
LN-506269,CUST-107660,2025-04-27,0,0,False,False,84469.16,Current,DEBT_CONSOLIDATION
LN-506270,CUST-106904,2025-04-27,0,0,False,False,29113.8175,Current,DEBT_CONSOLIDATION
LN-506271,CUST-104751,2025-04-27,0,0,False,False,12833.752499999995,Current,DEBT_CONSOLIDATION
LN-506272,CUST-106967,2025-04-27,0,0,False,False,26826.327499999996,Current,DEBT_CONSOLIDATION
LN-506273,CUST-101968,2025-04-27,0,0,False,False,36347.2475,Current,DEBT_CONSOLIDATION
LN-506274,CUST-104194,2025-04-27,0,0,False,False,207039.38750000007,Current,DEBT_CONSOLIDATION
LN-506275,CUST-107998,2025-04-27,0,0,False,False,10938.205000000013,Current,DEBT_CONSOLIDATION
LN-506276,CUST-106722,2025-04-27,0,0,False,False,15699.674999999996,Current,DEBT_CONSOLIDATION
LN-506278,CUST-101576,2025-04-27,0,0,False,False,40675.27,Current,DEBT_CONSOLIDATION
LN-506279,CUST-104353,2025-04-27,2,42,False,False,87181.38,30-59,DEBT_CONSOLIDATION
LN-506280,CUST-104036,2025-04-27,0,0,False,False,7179.14,Current,DEBT_CONSOLIDATION
LN-506281,CUST-100781,2025-04-27,0,0,False,False,16402.340000000004,Current,DEBT_CONSOLIDATION
LN-506282,CUST-101382,2025-04-27,0,0,False,False,11444.26,Current,DEBT_CONSOLIDATION
LN-506284,CUST-107457,2025-04-27,0,0,False,False,23099.307499999995,Current,DEBT_CONSOLIDATION
LN-506285,CUST-104077,2025-04-27,0,0,False,False,15556.040000000008,Current,DEBT_CONSOLIDATION
LN-506286,CUST-103308,2025-04-27,0,0,False,False,24671.73,Current,DEBT_CONSOLIDATION
LN-506289,CUST-101390,2025-04-27,0,0,False,False,27142.25,Current,DEBT_CONSOLIDATION
LN-506290,CUST-106472,2025-04-27,0,0,False,False,100885.605,Current,DEBT_CONSOLIDATION
LN-506291,CUST-102470,2025-04-27,0,0,False,False,1952.8025000000011,Current,DEBT_CONSOLIDATION
LN-506292,CUST-101466,2025-04-27,0,0,False,False,11164.957500000002,Current,DEBT_CONSOLIDATION
LN-506293,CUST-106625,2025-04-27,0,0,False,False,33848.225,Current,DEBT_CONSOLIDATION
LN-506294,CUST-106821,2025-04-27,0,0,False,False,24465.02500000001,Current,DEBT_CONSOLIDATION
LN-506295,CUST-107397,2025-04-27,0,0,False,False,8081.847499999998,Current,DEBT_CONSOLIDATION
LN-506296,CUST-103778,2025-04-27,0,0,False,False,12832.297500000004,Current,DEBT_CONSOLIDATION
LN-506297,CUST-106345,2025-04-27,0,0,False,False,93456.87499999999,Current,DEBT_CONSOLIDATION
LN-506298,CUST-103557,2025-04-27,0,0,False,False,441851.82000000036,Current,DEBT_CONSOLIDATION
LN-506299,CUST-107221,2025-04-27,0,0,False,False,29682.86,Current,DEBT_CONSOLIDATION
LN-506300,CUST-104319,2025-04-27,0,0,False,False,14675.6,Current,DEBT_CONSOLIDATION
LN-506301,CUST-106476,2025-04-27,0,0,False,False,3315.4900000000002,Current,DEBT_CONSOLIDATION
LN-506302,CUST-103442,2025-04-27,0,0,False,False,6914.765000000005,Current,DEBT_CONSOLIDATION
LN-506303,CUST-107211,2025-04-27,0,0,False,False,30175.097500000003,Current,DEBT_CONSOLIDATION
LN-506304,CUST-101695,2025-04-27,0,0,False,False,17164.39499999999,Current,DEBT_CONSOLIDATION
LN-506305,CUST-102545,2025-04-27,0,0,False,False,16068.0025,Current,DEBT_CONSOLIDATION
LN-506306,CUST-103523,2025-04-27,0,0,False,False,7867.5749999999925,Current,DEBT_CONSOLIDATION
LN-506307,CUST-105743,2025-04-27,0,0,False,False,23516.439999999988,Current,DEBT_CONSOLIDATION
LN-506308,CUST-100123,2025-04-27,0,0,False,False,21852.554999999997,Current,DEBT_CONSOLIDATION
LN-506309,CUST-103247,2025-04-27,2,35,False,False,9921.6475,30-59,DEBT_CONSOLIDATION
LN-506310,CUST-105623,2025-04-27,0,0,False,False,4676.575000000001,Current,DEBT_CONSOLIDATION
LN-506311,CUST-103801,2025-04-27,0,0,False,False,25045.380000000005,Current,DEBT_CONSOLIDATION
LN-506312,CUST-104833,2025-04-27,0,0,False,False,20313.399999999998,Current,DEBT_CONSOLIDATION
LN-506313,CUST-105172,2025-04-27,0,0,False,False,529851.4799999997,Current,DEBT_CONSOLIDATION
LN-506314,CUST-104993,2025-04-27,0,0,False,False,21709.1625,Current,DEBT_CONSOLIDATION
LN-506315,CUST-106578,2025-04-27,1,26,False,False,21348.95,1-29,DEBT_CONSOLIDATION
LN-506316,CUST-107450,2025-04-27,0,0,False,False,10399.2,Current,DEBT_CONSOLIDATION
LN-506317,CUST-106461,2025-04-27,0,0,False,False,2371.3600000000006,Current,DEBT_CONSOLIDATION
LN-506318,CUST-102581,2025-04-27,0,0,False,False,15921.822499999998,Current,DEBT_CONSOLIDATION
LN-506319,CUST-105682,2025-04-27,4,198,False,False,28934.225,90+,DEBT_CONSOLIDATION
LN-506320,CUST-101473,2025-04-27,0,0,False,False,23740.9375,Current,DEBT_CONSOLIDATION
LN-506321,CUST-106391,2025-04-27,0,0,False,False,29592.29,Current,DEBT_CONSOLIDATION
LN-506322,CUST-106268,2025-04-27,0,0,False,False,20520.232500000002,Current,DEBT_CONSOLIDATION
LN-506323,CUST-107968,2025-04-27,0,0,False,False,8997.169999999993,Current,DEBT_CONSOLIDATION
LN-506324,CUST-104203,2025-04-27,0,0,False,False,38876.77999999999,Current,DEBT_CONSOLIDATION
LN-506325,CUST-102801,2025-04-27,0,0,False,False,23607.459999999992,Current,DEBT_CONSOLIDATION
LN-506326,CUST-106359,2025-04-27,0,0,False,False,5785.279999999999,Current,DEBT_CONSOLIDATION
LN-506327,CUST-102276,2025-04-27,0,0,False,False,45753.57499999998,Current,DEBT_CONSOLIDATION
LN-506328,CUST-107396,2025-04-27,0,0,False,False,46267.34500000001,Current,DEBT_CONSOLIDATION
LN-506329,CUST-105602,2025-04-27,0,0,False,False,752.5975000000002,Current,DEBT_CONSOLIDATION
LN-506330,CUST-102577,2025-04-27,0,0,False,False,25489.3,Current,DEBT_CONSOLIDATION
LN-506331,CUST-103486,2025-04-27,0,0,False,False,2292.200000000001,Current,DEBT_CONSOLIDATION
LN-506332,CUST-104758,2025-04-27,0,0,False,False,33163.345,Current,DEBT_CONSOLIDATION
LN-506333,CUST-100309,2025-04-27,0,0,False,False,34349.7225,Current,DEBT_CONSOLIDATION
LN-506334,CUST-101752,2025-04-27,0,0,False,False,1857.9475000000002,Current,DEBT_CONSOLIDATION
LN-506335,CUST-107014,2025-04-27,0,0,False,False,11672.28,Current,DEBT_CONSOLIDATION
LN-506336,CUST-107391,2025-04-27,0,0,False,False,19084.589999999993,Current,DEBT_CONSOLIDATION
LN-506337,CUST-101022,2025-04-27,0,0,False,False,30121.749999999996,Current,DEBT_CONSOLIDATION
LN-506338,CUST-106359,2025-04-27,0,0,False,False,38387.92499999998,Current,DEBT_CONSOLIDATION
LN-506339,CUST-107380,2025-04-27,0,0,False,False,1857.9350000000002,Current,DEBT_CONSOLIDATION
LN-506340,CUST-103318,2025-04-27,0,0,False,False,38568.57,Current,DEBT_CONSOLIDATION
LN-506342,CUST-105736,2025-04-27,0,0,False,False,111619.70999999999,Current,DEBT_CONSOLIDATION
LN-506343,CUST-103301,2025-04-27,0,0,False,False,5491.229999999999,Current,DEBT_CONSOLIDATION
LN-506344,CUST-105982,2025-04-27,0,0,False,False,24334.54,Current,DEBT_CONSOLIDATION
LN-506345,CUST-104720,2025-04-27,0,0,False,False,46071.76,Current,DEBT_CONSOLIDATION
LN-506346,CUST-107663,2025-04-27,0,0,False,False,37745.17,Current,DEBT_CONSOLIDATION
LN-506347,CUST-104732,2025-04-27,0,0,False,False,19313.89,Current,DEBT_CONSOLIDATION
LN-506348,CUST-105554,2025-04-27,1,17,False,False,47692.18,1-29,DEBT_CONSOLIDATION
LN-506349,CUST-101513,2025-04-27,0,0,False,False,8210.259999999993,Current,DEBT_CONSOLIDATION
LN-506350,CUST-107630,2025-04-27,0,0,False,False,59993.27500000001,Current,DEBT_CONSOLIDATION
LN-506351,CUST-100194,2025-04-27,0,0,False,False,18708.38,Current,DEBT_CONSOLIDATION
LN-506352,CUST-103991,2025-04-27,0,0,False,False,41003.749999999985,Current,DEBT_CONSOLIDATION
LN-506353,CUST-106548,2025-04-27,0,0,False,False,12371.76000000001,Current,DEBT_CONSOLIDATION
LN-506354,CUST-102120,2025-04-27,0,0,False,False,599651.1224999998,Current,DEBT_CONSOLIDATION
LN-506357,CUST-105742,2025-04-27,0,0,False,False,23008.78,Current,DEBT_CONSOLIDATION
LN-506360,CUST-100124,2025-04-27,0,0,False,False,19672.19500000001,Current,DEBT_CONSOLIDATION
LN-506361,CUST-103759,2025-04-27,0,0,False,False,29835.46500000001,Current,DEBT_CONSOLIDATION
LN-506365,CUST-104406,2025-04-27,0,0,False,False,33324.50000000001,Current,DEBT_CONSOLIDATION
LN-506366,CUST-103894,2025-04-27,0,0,False,False,6994.857499999998,Current,DEBT_CONSOLIDATION
LN-506367,CUST-106634,2025-04-27,0,0,False,False,46910.99749999998,Current,DEBT_CONSOLIDATION
LN-506368,CUST-105233,2025-04-27,0,0,False,False,21596.41250000002,Current,DEBT_CONSOLIDATION
LN-506369,CUST-103772,2025-04-27,1,8,False,False,5386.285000000001,1-29,DEBT_CONSOLIDATION
LN-506370,CUST-107955,2025-04-27,0,0,False,False,26236.532499999998,Current,DEBT_CONSOLIDATION
LN-506372,CUST-101824,2025-04-27,0,0,False,False,33854.08500000002,Current,DEBT_CONSOLIDATION
LN-506373,CUST-101724,2025-04-27,1,17,False,False,16464.34999999998,1-29,DEBT_CONSOLIDATION
LN-506375,CUST-101694,2025-04-27,0,0,False,False,14852.752499999999,Current,DEBT_CONSOLIDATION
LN-506376,CUST-102670,2025-04-27,0,0,False,False,197915.3,Current,DEBT_CONSOLIDATION
LN-506377,CUST-103940,2025-04-27,0,0,False,False,18800.839999999993,Current,DEBT_CONSOLIDATION
LN-506378,CUST-100780,2025-04-27,0,0,False,False,19521.2925,Current,DEBT_CONSOLIDATION
LN-506379,CUST-101018,2025-04-27,1,25,False,False,8200.140000000001,1-29,DEBT_CONSOLIDATION
LN-506380,CUST-107906,2025-04-27,0,0,False,False,13771.4,Current,DEBT_CONSOLIDATION
LN-506381,CUST-103352,2025-04-27,0,0,False,False,13317.37999999999,Current,DEBT_CONSOLIDATION
LN-506382,CUST-101706,2025-04-27,0,0,False,False,19533.88749999999,Current,DEBT_CONSOLIDATION
LN-506383,CUST-106293,2025-04-27,0,0,False,False,51796.80249999999,Current,DEBT_CONSOLIDATION
LN-506384,CUST-107106,2025-04-27,0,0,False,False,13266.362500000008,Current,DEBT_CONSOLIDATION
LN-506385,CUST-103362,2025-04-27,4,92,False,False,32931.61000000001,90+,DEBT_CONSOLIDATION
LN-506386,CUST-104953,2025-04-27,0,0,False,False,22261.53250000001,Current,DEBT_CONSOLIDATION
LN-506387,CUST-107902,2025-04-27,0,0,False,False,4839.3,Current,DEBT_CONSOLIDATION
LN-506388,CUST-103943,2025-04-27,0,0,False,False,387746.08,Current,DEBT_CONSOLIDATION
LN-506389,CUST-101578,2025-04-27,0,0,False,False,127373.38,Current,DEBT_CONSOLIDATION
LN-506390,CUST-100971,2025-04-27,0,0,False,False,22184.239999999987,Current,DEBT_CONSOLIDATION
LN-506391,CUST-103052,2025-04-27,0,0,False,False,54080.9125,Current,DEBT_CONSOLIDATION
LN-506392,CUST-105347,2025-04-27,0,0,False,False,20998.59,Current,DEBT_CONSOLIDATION
LN-506394,CUST-106576,2025-04-27,0,0,False,False,14967.94500000001,Current,DEBT_CONSOLIDATION
LN-506395,CUST-100846,2025-04-27,0,0,False,False,16701.3725,Current,DEBT_CONSOLIDATION
LN-506396,CUST-106003,2025-04-27,0,0,False,False,11179.575,Current,DEBT_CONSOLIDATION
LN-506397,CUST-102147,2025-04-27,0,0,False,False,320410.8775000002,Current,DEBT_CONSOLIDATION
LN-506398,CUST-103199,2025-04-27,0,0,False,False,11662.817499999996,Current,DEBT_CONSOLIDATION
LN-506399,CUST-104335,2025-04-27,0,0,False,False,53300.38,Current,DEBT_CONSOLIDATION
LN-506400,CUST-102738,2025-04-27,0,0,False,False,22932.114999999987,Current,DEBT_CONSOLIDATION
LN-506401,CUST-106293,2025-04-27,0,0,False,False,26879.635000000002,Current,DEBT_CONSOLIDATION
LN-506402,CUST-102765,2025-04-27,0,0,False,False,18046.51499999998,Current,DEBT_CONSOLIDATION
LN-506403,CUST-103656,2025-04-27,0,0,False,False,11613.479999999998,Current,DEBT_CONSOLIDATION
LN-506404,CUST-102349,2025-04-27,0,0,False,False,522.265,Current,DEBT_CONSOLIDATION
LN-506405,CUST-104764,2025-04-27,0,0,False,False,579.1175,Current,DEBT_CONSOLIDATION
LN-506406,CUST-103192,2025-04-27,0,0,False,False,24485.49,Current,DEBT_CONSOLIDATION
LN-506407,CUST-106847,2025-04-27,0,0,False,False,2880.0175000000027,Current,DEBT_CONSOLIDATION
LN-506408,CUST-100946,2025-04-27,0,0,False,False,23993.62,Current,DEBT_CONSOLIDATION
LN-506409,CUST-103687,2025-04-27,1,10,False,False,13149.45,1-29,DEBT_CONSOLIDATION
LN-506411,CUST-107783,2025-04-27,0,0,False,False,22527.450000000004,Current,DEBT_CONSOLIDATION
LN-506412,CUST-104370,2025-04-27,0,0,False,False,4504.222500000003,Current,DEBT_CONSOLIDATION
LN-506413,CUST-101375,2025-04-27,0,0,False,False,3169.6775000000007,Current,DEBT_CONSOLIDATION
LN-506415,CUST-104111,2025-04-27,0,0,False,False,20086.99,Current,DEBT_CONSOLIDATION
LN-506416,CUST-102619,2025-04-27,0,0,False,False,39483.68999999997,Current,DEBT_CONSOLIDATION
LN-506417,CUST-107467,2025-04-27,1,25,False,False,15807.765,1-29,DEBT_CONSOLIDATION
LN-506418,CUST-102476,2025-04-27,0,0,False,False,7116.8349999999955,Current,DEBT_CONSOLIDATION
LN-506419,CUST-100306,2025-04-27,0,0,False,False,16543.905000000006,Current,DEBT_CONSOLIDATION
LN-506420,CUST-106845,2025-04-27,0,0,False,False,3876.075,Current,DEBT_CONSOLIDATION
LN-506421,CUST-104379,2025-04-27,0,0,False,False,20919.442499999994,Current,DEBT_CONSOLIDATION
LN-506422,CUST-107884,2025-04-27,0,0,False,False,36192.76999999999,Current,DEBT_CONSOLIDATION
LN-506423,CUST-106312,2025-04-27,0,0,False,False,21942.989999999994,Current,DEBT_CONSOLIDATION
LN-506424,CUST-107566,2025-04-27,0,0,False,False,12374.58,Current,DEBT_CONSOLIDATION
LN-506425,CUST-103665,2025-04-27,0,0,False,False,236883.66,Current,DEBT_CONSOLIDATION
LN-506426,CUST-101610,2025-04-27,0,0,False,False,29114.65499999999,Current,DEBT_CONSOLIDATION
LN-506427,CUST-105209,2025-04-27,0,0,False,False,6915.290000000008,Current,DEBT_CONSOLIDATION
LN-506428,CUST-106310,2025-04-27,0,0,False,False,34702.14500000005,Current,DEBT_CONSOLIDATION
LN-506429,CUST-101672,2025-04-27,0,0,False,False,21962.034999999993,Current,DEBT_CONSOLIDATION
LN-506430,CUST-106869,2025-04-27,0,0,False,False,8529.827500000003,Current,DEBT_CONSOLIDATION
LN-506431,CUST-102238,2025-04-27,0,0,False,False,16327.990000000005,Current,DEBT_CONSOLIDATION
LN-506432,CUST-103306,2025-04-27,0,0,False,False,1640.2225,Current,DEBT_CONSOLIDATION
LN-506433,CUST-101886,2025-04-27,0,0,False,False,13004.092499999997,Current,DEBT_CONSOLIDATION
LN-506434,CUST-104460,2025-04-27,0,0,False,False,5965.034999999995,Current,DEBT_CONSOLIDATION
LN-506435,CUST-102682,2025-04-27,0,0,False,False,48384.07999999998,Current,DEBT_CONSOLIDATION
LN-506436,CUST-100018,2025-04-27,0,0,False,False,8531.422499999997,Current,DEBT_CONSOLIDATION
LN-506437,CUST-104942,2025-04-27,0,0,False,False,27680.78,Current,DEBT_CONSOLIDATION
LN-506438,CUST-101296,2025-04-27,0,0,False,False,4810.51,Current,DEBT_CONSOLIDATION
LN-506439,CUST-102764,2025-04-27,0,0,False,False,3960.7974999999997,Current,DEBT_CONSOLIDATION
LN-506440,CUST-100825,2025-04-27,0,0,False,False,13460.655,Current,DEBT_CONSOLIDATION
LN-506441,CUST-107544,2025-04-27,0,0,False,False,229478.47249999983,Current,DEBT_CONSOLIDATION
LN-506443,CUST-101028,2025-04-27,0,0,False,False,38532.54499999998,Current,DEBT_CONSOLIDATION
LN-506444,CUST-105635,2025-04-27,0,0,False,False,14965.159999999996,Current,DEBT_CONSOLIDATION
LN-506445,CUST-101788,2025-04-27,0,0,False,False,13092.885000000007,Current,DEBT_CONSOLIDATION
LN-506446,CUST-104449,2025-04-27,0,0,False,False,4971.320000000005,Current,DEBT_CONSOLIDATION
LN-506447,CUST-104621,2025-04-27,0,0,False,False,23716.920000000002,Current,DEBT_CONSOLIDATION
LN-506448,CUST-103387,2025-04-27,0,0,False,False,38947.875,Current,DEBT_CONSOLIDATION
LN-506449,CUST-106250,2025-04-27,0,0,False,False,133273.0899999999,Current,DEBT_CONSOLIDATION
LN-506450,CUST-100681,2025-04-27,0,0,False,False,14462.855000000003,Current,DEBT_CONSOLIDATION
LN-506451,CUST-103344,2025-04-27,0,0,True,False,23970.49249999999,Current,DEBT_CONSOLIDATION
LN-506452,CUST-104207,2025-04-27,0,0,False,False,16926.485,Current,DEBT_CONSOLIDATION
LN-506453,CUST-102822,2025-04-27,0,0,False,False,11022.99,Current,DEBT_CONSOLIDATION
LN-506454,CUST-100278,2025-04-27,0,0,False,False,45084.255000000005,Current,DEBT_CONSOLIDATION
LN-506455,CUST-101589,2025-04-27,0,0,False,False,8708.06000000001,Current,DEBT_CONSOLIDATION
LN-506456,CUST-103213,2025-04-27,0,0,False,False,36999.622500000005,Current,DEBT_CONSOLIDATION
LN-506457,CUST-102375,2025-04-27,0,0,False,False,21337.770000000008,Current,DEBT_CONSOLIDATION
LN-506458,CUST-105012,2025-04-27,0,0,False,False,13345.11,Current,DEBT_CONSOLIDATION
LN-506459,CUST-100044,2025-04-27,0,0,False,False,143583.08,Current,DEBT_CONSOLIDATION
LN-506460,CUST-100465,2025-04-27,0,0,False,False,16783.69,Current,DEBT_CONSOLIDATION
LN-506461,CUST-101074,2025-04-27,0,0,True,False,26186.33000000001,Current,DEBT_CONSOLIDATION
LN-506463,CUST-103863,2025-04-27,1,21,False,False,1967.1999999999998,1-29,DEBT_CONSOLIDATION
LN-506464,CUST-106616,2025-04-27,0,0,False,False,20156.790000000008,Current,DEBT_CONSOLIDATION
LN-506465,CUST-102383,2025-04-27,0,0,False,False,13028.622499999998,Current,DEBT_CONSOLIDATION
LN-506466,CUST-100931,2025-04-27,0,0,False,False,8408.974999999997,Current,DEBT_CONSOLIDATION
LN-506467,CUST-107955,2025-04-27,0,0,False,False,7870.537500000004,Current,DEBT_CONSOLIDATION
LN-506468,CUST-102194,2025-04-27,0,0,False,False,22415.94749999999,Current,DEBT_CONSOLIDATION
LN-506469,CUST-106389,2025-04-27,0,0,False,False,643297.5499999999,Current,DEBT_CONSOLIDATION
LN-506470,CUST-104502,2025-04-27,0,0,False,False,31858.269999999997,Current,DEBT_CONSOLIDATION
LN-506471,CUST-107813,2025-04-27,0,0,False,False,29970.51,Current,DEBT_CONSOLIDATION
LN-506473,CUST-105444,2025-04-27,0,0,False,False,32615.372499999958,Current,DEBT_CONSOLIDATION
LN-506474,CUST-105886,2025-04-27,0,0,False,False,44503.44499999997,Current,DEBT_CONSOLIDATION
LN-506475,CUST-105204,2025-04-27,0,0,False,False,12726.005,Current,DEBT_CONSOLIDATION
LN-506476,CUST-106750,2025-04-27,0,0,False,False,10662.894999999999,Current,DEBT_CONSOLIDATION
LN-506477,CUST-105212,2025-04-27,0,0,False,False,275605.48749999993,Current,DEBT_CONSOLIDATION
LN-506478,CUST-101481,2025-04-27,0,0,False,False,43688.865,Current,DEBT_CONSOLIDATION
LN-506480,CUST-107478,2025-04-27,0,0,False,False,9983.264999999996,Current,DEBT_CONSOLIDATION
LN-506481,CUST-106253,2025-04-27,0,0,False,False,41032.78,Current,DEBT_CONSOLIDATION
LN-506483,CUST-101298,2025-04-27,0,0,False,False,21256.457499999993,Current,DEBT_CONSOLIDATION
LN-506484,CUST-106343,2025-04-27,0,0,False,False,4718.884999999998,Current,DEBT_CONSOLIDATION
LN-506485,CUST-103806,2025-04-27,0,0,False,False,35482.57000000001,Current,DEBT_CONSOLIDATION
LN-506486,CUST-104644,2025-04-27,0,0,False,False,92065.30500000005,Current,DEBT_CONSOLIDATION
LN-506487,CUST-102116,2025-04-27,0,0,False,False,14481.490000000002,Current,DEBT_CONSOLIDATION
LN-506488,CUST-101584,2025-04-27,0,0,False,False,120351.97749999996,Current,DEBT_CONSOLIDATION
LN-506489,CUST-104008,2025-04-27,0,0,False,False,14052.267499999998,Current,DEBT_CONSOLIDATION
LN-506490,CUST-104134,2025-04-27,0,0,False,False,46769.98,Current,DEBT_CONSOLIDATION
LN-506491,CUST-107008,2025-04-27,0,0,False,False,14461.6725,Current,DEBT_CONSOLIDATION
LN-506492,CUST-102368,2025-04-27,0,0,False,False,1344.059999999999,Current,DEBT_CONSOLIDATION
LN-506493,CUST-102433,2025-04-27,1,5,False,False,33290.112499999996,1-29,DEBT_CONSOLIDATION
LN-506494,CUST-100925,2025-04-27,0,0,False,False,28250.09000000002,Current,DEBT_CONSOLIDATION
LN-506495,CUST-101987,2025-04-27,0,0,False,False,113994.88499999994,Current,DEBT_CONSOLIDATION
LN-506496,CUST-107814,2025-04-27,0,0,False,False,10683.957500000002,Current,DEBT_CONSOLIDATION
LN-506497,CUST-101104,2025-04-27,0,0,False,False,22428.70750000002,Current,DEBT_CONSOLIDATION
LN-506498,CUST-102603,2025-04-27,0,0,False,False,17716.695000000003,Current,DEBT_CONSOLIDATION
LN-506499,CUST-105873,2025-04-27,0,0,False,False,940.4300000000001,Current,DEBT_CONSOLIDATION
LN-506500,CUST-103037,2025-04-27,0,0,False,False,26923.059999999994,Current,DEBT_CONSOLIDATION
LN-506501,CUST-100054,2025-04-27,0,0,False,False,43258.86,Current,DEBT_CONSOLIDATION
LN-506502,CUST-100645,2025-04-27,0,0,False,False,21320.750000000015,Current,DEBT_CONSOLIDATION
LN-506503,CUST-100382,2025-04-27,0,0,False,False,909.06,Current,DEBT_CONSOLIDATION
LN-506504,CUST-104402,2025-04-27,0,0,False,False,14768.174999999996,Current,DEBT_CONSOLIDATION
LN-506505,CUST-100872,2025-04-27,0,0,False,False,23635.48749999999,Current,DEBT_CONSOLIDATION
LN-506506,CUST-100764,2025-04-27,0,0,False,False,25958.720000000012,Current,DEBT_CONSOLIDATION
LN-506507,CUST-105613,2025-04-27,0,0,False,False,4663.459999999996,Current,DEBT_CONSOLIDATION
LN-506508,CUST-105863,2025-04-27,4,95,False,False,2435.2299999999996,90+,DEBT_CONSOLIDATION
LN-506510,CUST-104029,2025-04-27,0,0,False,False,16394.029999999995,Current,DEBT_CONSOLIDATION
LN-506511,CUST-104253,2025-04-27,0,0,False,False,2524.879999999999,Current,DEBT_CONSOLIDATION
LN-506512,CUST-100330,2025-04-27,0,0,False,False,18411.724999999995,Current,DEBT_CONSOLIDATION
LN-506514,CUST-100296,2025-04-27,0,0,False,False,28865.274999999994,Current,DEBT_CONSOLIDATION
LN-506515,CUST-101337,2025-04-27,0,0,False,False,41123.57000000001,Current,DEBT_CONSOLIDATION
LN-506516,CUST-100946,2025-04-27,0,0,False,False,21768.32999999999,Current,DEBT_CONSOLIDATION
LN-506517,CUST-105146,2025-04-27,0,0,False,False,14451.649999999996,Current,DEBT_CONSOLIDATION
LN-506518,CUST-100816,2025-04-27,0,0,False,False,44344.690000000024,Current,DEBT_CONSOLIDATION
LN-506519,CUST-101766,2025-04-27,0,0,False,False,23323.985,Current,DEBT_CONSOLIDATION
LN-506520,CUST-107075,2025-04-27,0,0,False,False,14253.967500000006,Current,DEBT_CONSOLIDATION
LN-506521,CUST-101510,2025-04-27,0,0,False,False,107278.07499999997,Current,DEBT_CONSOLIDATION
LN-506522,CUST-103656,2025-04-27,0,0,False,False,12628.19999999999,Current,DEBT_CONSOLIDATION
LN-506523,CUST-101117,2025-04-27,0,0,False,False,85948.03,Current,DEBT_CONSOLIDATION
LN-506526,CUST-107723,2025-04-27,1,16,False,False,42251.165000000015,1-29,DEBT_CONSOLIDATION
LN-506527,CUST-107113,2025-04-27,0,0,False,False,9110.989999999998,Current,DEBT_CONSOLIDATION
LN-506528,CUST-100163,2025-04-27,0,0,False,False,38096.88749999996,Current,DEBT_CONSOLIDATION
LN-506530,CUST-103029,2025-04-27,0,0,False,False,13432.529999999995,Current,DEBT_CONSOLIDATION
LN-506531,CUST-107222,2025-04-27,0,0,False,False,22782.91,Current,DEBT_CONSOLIDATION
LN-506532,CUST-107795,2025-04-27,0,0,False,False,5959.1399999999985,Current,DEBT_CONSOLIDATION
LN-506533,CUST-102973,2025-04-27,0,0,False,False,13801.694999999998,Current,DEBT_CONSOLIDATION
LN-506534,CUST-106286,2025-04-27,0,0,False,False,37642.72500000001,Current,DEBT_CONSOLIDATION
LN-506535,CUST-102110,2025-04-27,0,0,False,False,21933.26,Current,DEBT_CONSOLIDATION
LN-506536,CUST-102718,2025-04-27,0,0,False,False,632815.755,Current,DEBT_CONSOLIDATION
LN-506537,CUST-106163,2025-04-27,0,0,False,False,39174.86,Current,DEBT_CONSOLIDATION
LN-506538,CUST-106528,2025-04-27,1,2,False,False,23613.565000000002,1-29,DEBT_CONSOLIDATION
LN-506539,CUST-107571,2025-04-27,0,0,False,False,12286.6975,Current,DEBT_CONSOLIDATION
LN-506540,CUST-104667,2025-04-27,0,0,False,False,18303.432500000006,Current,DEBT_CONSOLIDATION
LN-506541,CUST-106883,2025-04-27,0,0,False,False,3633.3500000000026,Current,DEBT_CONSOLIDATION
LN-506543,CUST-102838,2025-04-27,0,0,False,False,185278.99000000002,Current,DEBT_CONSOLIDATION
LN-506544,CUST-101010,2025-04-27,0,0,False,False,21498.350000000006,Current,DEBT_CONSOLIDATION
LN-506545,CUST-102089,2025-04-27,0,0,False,False,5352.810000000001,Current,DEBT_CONSOLIDATION
LN-506546,CUST-105858,2025-04-27,0,0,False,False,22804.499999999996,Current,DEBT_CONSOLIDATION
LN-506547,CUST-101562,2025-04-27,0,0,False,False,39284.14000000003,Current,DEBT_CONSOLIDATION
LN-506548,CUST-102032,2025-04-27,0,0,False,False,35326.225,Current,DEBT_CONSOLIDATION
LN-506549,CUST-105459,2025-04-27,0,0,False,False,5905.1500000000015,Current,DEBT_CONSOLIDATION
LN-506550,CUST-107005,2025-04-27,0,0,False,False,46295.252499999995,Current,DEBT_CONSOLIDATION
LN-506551,CUST-100357,2025-04-27,0,0,False,False,13994.544999999991,Current,DEBT_CONSOLIDATION
LN-506552,CUST-102061,2025-04-27,0,0,False,False,34061.099999999984,Current,DEBT_CONSOLIDATION
LN-506553,CUST-100297,2025-04-27,2,37,False,False,13149.565000000002,30-59,DEBT_CONSOLIDATION
LN-506554,CUST-102821,2025-04-27,0,0,False,False,39370.922500000044,Current,DEBT_CONSOLIDATION
LN-506555,CUST-107650,2025-04-27,0,0,False,False,453909.16,Current,DEBT_CONSOLIDATION
LN-506556,CUST-105387,2025-04-27,0,0,False,False,622460.32,Current,DEBT_CONSOLIDATION
LN-506557,CUST-103280,2025-04-27,0,0,False,False,23790.972500000003,Current,DEBT_CONSOLIDATION
LN-506558,CUST-106652,2025-04-27,0,0,False,False,30683.350000000013,Current,DEBT_CONSOLIDATION
LN-506559,CUST-105580,2025-04-27,0,0,False,False,15569.454999999998,Current,DEBT_CONSOLIDATION
LN-506560,CUST-105745,2025-04-27,0,0,True,False,5597.459999999999,Current,DEBT_CONSOLIDATION
LN-506561,CUST-100861,2025-04-27,0,0,False,False,11085.785000000002,Current,DEBT_CONSOLIDATION
LN-506562,CUST-105662,2025-04-27,0,0,False,False,23689.02499999999,Current,DEBT_CONSOLIDATION
LN-506563,CUST-101590,2025-04-27,0,0,False,False,526122.7949999997,Current,DEBT_CONSOLIDATION
LN-506564,CUST-102117,2025-04-27,0,0,False,False,19096.32,Current,DEBT_CONSOLIDATION
LN-506565,CUST-107786,2025-04-27,0,0,False,False,5005.165000000001,Current,DEBT_CONSOLIDATION
LN-506566,CUST-100379,2025-04-27,0,0,False,False,33952.552500000005,Current,DEBT_CONSOLIDATION
LN-506567,CUST-106046,2025-04-27,0,0,False,False,8242.637500000004,Current,DEBT_CONSOLIDATION
LN-506568,CUST-104799,2025-04-27,0,0,False,False,44465.52999999996,Current,DEBT_CONSOLIDATION
LN-506569,CUST-100057,2025-04-27,0,0,False,False,436.90999999999985,Current,DEBT_CONSOLIDATION
LN-506570,CUST-105439,2025-04-27,0,0,False,False,6250.475,Current,DEBT_CONSOLIDATION
LN-506571,CUST-103791,2025-04-27,0,0,False,False,285462.99500000017,Current,DEBT_CONSOLIDATION
LN-506572,CUST-107669,2025-04-27,0,0,False,False,25151.242500000004,Current,DEBT_CONSOLIDATION
LN-506573,CUST-104796,2025-04-27,1,23,False,False,12099.394999999999,1-29,DEBT_CONSOLIDATION
LN-506574,CUST-102893,2025-04-27,0,0,False,False,13827.27,Current,DEBT_CONSOLIDATION
LN-506577,CUST-101573,2025-04-27,0,0,False,False,34049.795000000006,Current,DEBT_CONSOLIDATION
LN-506578,CUST-104439,2025-04-27,0,0,False,False,26565.29499999999,Current,DEBT_CONSOLIDATION
LN-506579,CUST-105078,2025-04-27,0,0,False,False,16776.38,Current,DEBT_CONSOLIDATION
LN-506581,CUST-104197,2025-04-27,0,0,False,False,41570.27499999999,Current,DEBT_CONSOLIDATION
LN-506582,CUST-107032,2025-04-27,0,0,False,False,11454.635,Current,DEBT_CONSOLIDATION
LN-506584,CUST-100961,2025-04-27,0,0,False,False,11915.88,Current,DEBT_CONSOLIDATION
LN-506585,CUST-106601,2025-04-27,0,0,False,False,10060.500000000005,Current,DEBT_CONSOLIDATION
LN-506587,CUST-105260,2025-04-27,0,0,False,False,11939.074999999997,Current,DEBT_CONSOLIDATION
LN-506588,CUST-107442,2025-04-27,0,0,False,False,10338.785000000003,Current,DEBT_CONSOLIDATION
LN-506589,CUST-100026,2025-04-27,0,0,False,False,14995.68999999999,Current,DEBT_CONSOLIDATION
LN-506590,CUST-101956,2025-04-27,0,0,False,False,35263.99499999999,Current,DEBT_CONSOLIDATION
LN-506591,CUST-106549,2025-04-27,0,0,False,False,9313.0625,Current,DEBT_CONSOLIDATION
LN-506593,CUST-107399,2025-04-27,0,0,False,False,38655.77,Current,DEBT_CONSOLIDATION
LN-506594,CUST-107354,2025-04-27,0,0,False,False,67356.58,Current,DEBT_CONSOLIDATION
LN-506595,CUST-105674,2025-04-27,0,0,False,False,29013.407500000012,Current,DEBT_CONSOLIDATION
LN-506596,CUST-106444,2025-04-27,0,0,False,False,33057.60999999999,Current,DEBT_CONSOLIDATION
LN-506597,CUST-106043,2025-04-27,0,0,False,False,8645.484999999999,Current,DEBT_CONSOLIDATION
LN-506598,CUST-105667,2025-04-27,0,0,False,False,24747.962500000012,Current,DEBT_CONSOLIDATION
LN-506599,CUST-103022,2025-04-27,0,0,False,False,12970.64,Current,DEBT_CONSOLIDATION
LN-506600,CUST-104039,2025-04-27,0,0,False,False,12059.41999999999,Current,DEBT_CONSOLIDATION
LN-506601,CUST-103359,2025-04-27,2,35,False,False,7746.759999999999,30-59,DEBT_CONSOLIDATION
LN-506603,CUST-107120,2025-04-27,0,0,False,False,14056.595000000001,Current,DEBT_CONSOLIDATION
LN-506604,CUST-106814,2025-04-27,0,0,False,False,13706.810000000001,Current,DEBT_CONSOLIDATION
LN-506605,CUST-105257,2025-04-27,0,0,False,False,11663.7875,Current,DEBT_CONSOLIDATION
LN-506608,CUST-100354,2025-04-27,0,0,False,False,12232.430000000004,Current,DEBT_CONSOLIDATION
LN-506609,CUST-101423,2025-04-27,0,0,False,False,132865.95499999996,Current,DEBT_CONSOLIDATION
LN-506610,CUST-107310,2025-04-27,0,0,False,False,14620.129999999997,Current,DEBT_CONSOLIDATION
LN-506611,CUST-105545,2025-04-27,0,0,False,False,44688.54,Current,DEBT_CONSOLIDATION
LN-506612,CUST-105934,2025-04-27,0,0,False,False,16750.69499999999,Current,DEBT_CONSOLIDATION
LN-506613,CUST-107826,2025-04-27,0,0,False,False,42044.460000000014,Current,DEBT_CONSOLIDATION
LN-506614,CUST-107872,2025-04-27,0,0,False,False,542350.5349999999,Current,DEBT_CONSOLIDATION
LN-506615,CUST-105254,2025-04-27,0,0,False,False,23446.48,Current,DEBT_CONSOLIDATION
LN-506616,CUST-100798,2025-04-27,0,0,False,False,38084.264999999985,Current,DEBT_CONSOLIDATION
LN-506617,CUST-100909,2025-04-27,0,0,False,False,26609.62500000001,Current,DEBT_CONSOLIDATION
LN-506618,CUST-105517,2025-04-27,0,0,False,False,14449.477499999999,Current,DEBT_CONSOLIDATION
LN-506619,CUST-101129,2025-04-27,0,0,False,False,18395.44,Current,DEBT_CONSOLIDATION
LN-506620,CUST-105010,2025-04-27,0,0,False,False,28677.434999999998,Current,DEBT_CONSOLIDATION
LN-506621,CUST-102579,2025-04-27,0,0,True,False,4945.415,Current,DEBT_CONSOLIDATION
LN-506622,CUST-100952,2025-04-27,0,0,False,False,28369.632500000003,Current,DEBT_CONSOLIDATION
LN-506623,CUST-106986,2025-04-27,0,0,False,False,42944.82500000002,Current,DEBT_CONSOLIDATION
LN-506624,CUST-101341,2025-04-27,0,0,False,False,12835.025000000001,Current,DEBT_CONSOLIDATION
LN-506625,CUST-104755,2025-04-27,0,0,False,False,6693.71,Current,DEBT_CONSOLIDATION
LN-506626,CUST-107276,2025-04-27,0,0,False,False,7599.700000000001,Current,DEBT_CONSOLIDATION
LN-506627,CUST-107297,2025-04-27,0,0,False,False,14526.927500000014,Current,DEBT_CONSOLIDATION
LN-506628,CUST-105038,2025-04-27,0,0,False,False,38770.39999999999,Current,DEBT_CONSOLIDATION
LN-506629,CUST-101501,2025-04-27,0,0,False,False,21313.829999999994,Current,DEBT_CONSOLIDATION
LN-506630,CUST-101630,2025-04-27,0,0,False,False,22462.25,Current,DEBT_CONSOLIDATION
LN-506631,CUST-105405,2025-04-27,0,0,False,False,18104.19999999999,Current,DEBT_CONSOLIDATION
LN-506633,CUST-105247,2025-04-27,0,0,False,False,21375.825000000015,Current,DEBT_CONSOLIDATION
LN-506634,CUST-106218,2025-04-27,0,0,False,False,14533.210000000003,Current,DEBT_CONSOLIDATION
LN-506636,CUST-100607,2025-04-27,0,0,False,False,13345.759999999997,Current,DEBT_CONSOLIDATION
LN-506637,CUST-101235,2025-04-27,0,0,False,False,21546.23,Current,DEBT_CONSOLIDATION
LN-506638,CUST-105308,2025-04-27,4,285,False,False,19113.01,90+,DEBT_CONSOLIDATION
LN-506639,CUST-101222,2025-04-27,0,0,False,False,13322.982500000002,Current,DEBT_CONSOLIDATION
LN-506641,CUST-107862,2025-04-27,0,0,False,False,7969.575000000006,Current,DEBT_CONSOLIDATION
LN-506642,CUST-105840,2025-04-27,0,0,False,False,32366.519999999986,Current,DEBT_CONSOLIDATION
LN-506644,CUST-106822,2025-04-27,0,0,False,False,9854.62,Current,DEBT_CONSOLIDATION
LN-506645,CUST-101283,2025-04-27,0,0,False,False,8369.4275,Current,DEBT_CONSOLIDATION
LN-506647,CUST-105644,2025-04-27,0,0,False,False,21753.36249999999,Current,DEBT_CONSOLIDATION
LN-506648,CUST-107041,2025-04-27,0,0,False,False,14003.167500000003,Current,DEBT_CONSOLIDATION
LN-506649,CUST-107556,2025-04-27,0,0,False,False,11868.84,Current,DEBT_CONSOLIDATION
LN-506650,CUST-101099,2025-04-27,3,86,False,False,49669.01249999999,60-89,DEBT_CONSOLIDATION
LN-506651,CUST-100483,2025-04-27,0,0,False,False,32864.62,Current,DEBT_CONSOLIDATION
LN-506652,CUST-103253,2025-04-27,0,0,False,False,16702.03999999999,Current,DEBT_CONSOLIDATION
LN-506653,CUST-104926,2025-04-27,3,80,False,False,13114.027499999995,60-89,DEBT_CONSOLIDATION
LN-506654,CUST-107822,2025-04-27,0,0,False,False,12357.442499999997,Current,DEBT_CONSOLIDATION
LN-506655,CUST-106709,2025-04-27,3,65,False,False,10183.359999999999,60-89,DEBT_CONSOLIDATION
LN-506656,CUST-103761,2025-04-27,0,0,False,False,2851.775,Current,DEBT_CONSOLIDATION
LN-506657,CUST-104539,2025-04-27,0,0,False,False,41798.35500000001,Current,DEBT_CONSOLIDATION
LN-506658,CUST-100895,2025-04-27,0,0,False,False,38451.85250000001,Current,DEBT_CONSOLIDATION
LN-506659,CUST-102784,2025-04-27,0,0,False,False,31701.63,Current,DEBT_CONSOLIDATION
LN-506660,CUST-105419,2025-04-27,0,0,False,False,8025.000000000002,Current,DEBT_CONSOLIDATION
LN-506661,CUST-105856,2025-04-27,0,0,False,False,14372.362499999996,Current,DEBT_CONSOLIDATION
LN-506662,CUST-101661,2025-04-27,0,0,False,False,34601.66499999999,Current,DEBT_CONSOLIDATION
LN-506663,CUST-107160,2025-04-27,0,0,False,False,1108.0899999999995,Current,DEBT_CONSOLIDATION
LN-506664,CUST-107379,2025-04-27,0,0,False,False,14568.15999999999,Current,DEBT_CONSOLIDATION
LN-506666,CUST-105218,2025-04-27,0,0,False,False,41319.45,Current,DEBT_CONSOLIDATION
LN-506668,CUST-105578,2025-04-27,0,0,False,False,28893.885,Current,DEBT_CONSOLIDATION
LN-506670,CUST-101026,2025-04-27,0,0,False,False,35496.57000000003,Current,DEBT_CONSOLIDATION
LN-506671,CUST-104729,2025-04-27,3,83,False,False,15535.3775,60-89,DEBT_CONSOLIDATION
LN-506672,CUST-103112,2025-04-27,0,0,False,False,42652.67999999999,Current,DEBT_CONSOLIDATION
LN-506675,CUST-106643,2025-04-27,0,0,False,False,26187.317499999997,Current,DEBT_CONSOLIDATION
LN-506676,CUST-102573,2025-04-27,1,13,False,False,5247.820000000002,1-29,DEBT_CONSOLIDATION
LN-506677,CUST-102651,2025-04-27,0,0,False,False,21901.62000000002,Current,DEBT_CONSOLIDATION
LN-506678,CUST-104272,2025-04-27,0,0,False,False,31987.125000000007,Current,DEBT_CONSOLIDATION
LN-506679,CUST-102227,2025-04-27,0,0,False,False,24480.175,Current,DEBT_CONSOLIDATION
LN-506680,CUST-105428,2025-04-27,0,0,False,False,7371.580000000004,Current,DEBT_CONSOLIDATION
LN-506681,CUST-104390,2025-04-27,0,0,False,False,15628.084999999995,Current,DEBT_CONSOLIDATION
LN-506682,CUST-101455,2025-04-27,0,0,False,False,51254.48000000001,Current,DEBT_CONSOLIDATION
LN-506683,CUST-101608,2025-04-27,0,0,False,False,18395.865,Current,DEBT_CONSOLIDATION
LN-506685,CUST-103408,2025-04-27,1,9,False,False,148773.53,1-29,DEBT_CONSOLIDATION
LN-506686,CUST-101561,2025-04-27,0,0,False,False,24462.32499999999,Current,DEBT_CONSOLIDATION
LN-506687,CUST-103699,2025-04-27,0,0,False,False,35691.93999999999,Current,DEBT_CONSOLIDATION
LN-506688,CUST-104890,2025-04-27,0,0,False,False,17009.24000000001,Current,DEBT_CONSOLIDATION
LN-506689,CUST-107886,2025-04-27,0,0,False,False,29054.200000000004,Current,DEBT_CONSOLIDATION
LN-506690,CUST-101902,2025-04-27,0,0,False,False,77130.77250000005,Current,DEBT_CONSOLIDATION
LN-506691,CUST-105571,2025-04-27,0,0,False,False,45693.38,Current,DEBT_CONSOLIDATION
LN-506692,CUST-105125,2025-04-27,0,0,False,False,16661.629999999986,Current,DEBT_CONSOLIDATION
LN-506693,CUST-106233,2025-04-27,0,0,False,False,45746.77000000003,Current,DEBT_CONSOLIDATION
LN-506694,CUST-107150,2025-04-27,0,0,False,False,39227.212499999965,Current,DEBT_CONSOLIDATION
LN-506695,CUST-100898,2025-04-27,0,0,False,False,16480.869999999995,Current,DEBT_CONSOLIDATION
LN-506696,CUST-106007,2025-04-27,0,0,False,False,31953.89,Current,DEBT_CONSOLIDATION
LN-506697,CUST-106615,2025-04-27,0,0,False,False,39752.210000000014,Current,DEBT_CONSOLIDATION
LN-506698,CUST-106958,2025-04-27,0,0,False,False,24373.86,Current,DEBT_CONSOLIDATION
LN-506699,CUST-102225,2025-04-27,0,0,False,False,32681.58500000002,Current,DEBT_CONSOLIDATION
LN-506700,CUST-107538,2025-04-27,0,0,False,False,19609.689999999988,Current,DEBT_CONSOLIDATION
LN-506701,CUST-101848,2025-04-27,0,0,False,False,143003.19,Current,DEBT_CONSOLIDATION
LN-506703,CUST-103067,2025-04-27,0,0,False,False,22318.80749999998,Current,DEBT_CONSOLIDATION
LN-506704,CUST-103226,2025-04-27,1,14,False,False,17965.07000000001,1-29,DEBT_CONSOLIDATION
LN-506705,CUST-102323,2025-04-27,0,0,False,False,19560.319999999992,Current,DEBT_CONSOLIDATION
LN-506706,CUST-103743,2025-04-27,0,0,False,False,9449.579999999996,Current,DEBT_CONSOLIDATION
LN-506707,CUST-106066,2025-04-27,0,0,False,False,18183.81,Current,DEBT_CONSOLIDATION
LN-506708,CUST-102758,2025-04-27,0,0,False,False,27436.73,Current,DEBT_CONSOLIDATION
LN-506709,CUST-106972,2025-04-27,0,0,False,False,19236.515000000014,Current,DEBT_CONSOLIDATION
LN-506710,CUST-106937,2025-04-27,0,0,False,False,15459.719999999998,Current,DEBT_CONSOLIDATION
LN-506711,CUST-104905,2025-04-27,0,0,False,False,3385.09,Current,DEBT_CONSOLIDATION
LN-506712,CUST-105498,2025-04-27,1,11,False,False,5654.692500000001,1-29,DEBT_CONSOLIDATION
LN-506713,CUST-101922,2025-04-27,0,0,False,False,8336.055,Current,DEBT_CONSOLIDATION
LN-506714,CUST-101997,2025-04-27,0,0,False,False,13365.28,Current,DEBT_CONSOLIDATION
LN-506715,CUST-104843,2025-04-27,0,0,False,False,16850.05499999999,Current,DEBT_CONSOLIDATION
LN-506716,CUST-100733,2025-04-27,0,0,False,False,45900.84000000001,Current,DEBT_CONSOLIDATION
LN-506717,CUST-104787,2025-04-27,0,0,False,False,11624.455000000002,Current,DEBT_CONSOLIDATION
LN-506718,CUST-104014,2025-04-27,0,0,False,False,37710.944999999985,Current,DEBT_CONSOLIDATION
LN-506719,CUST-102073,2025-04-27,0,0,False,False,26573.0,Current,DEBT_CONSOLIDATION
LN-506720,CUST-103840,2025-04-27,0,0,False,False,8132.345000000007,Current,DEBT_CONSOLIDATION
LN-506721,CUST-100757,2025-04-27,1,7,False,False,37628.56999999999,1-29,DEBT_CONSOLIDATION
LN-506724,CUST-102143,2025-04-27,2,45,False,False,21053.730000000007,30-59,DEBT_CONSOLIDATION
LN-506725,CUST-103015,2025-04-27,0,0,False,False,28690.1875,Current,DEBT_CONSOLIDATION
LN-506726,CUST-104789,2025-04-27,0,0,False,False,13315.020000000002,Current,DEBT_CONSOLIDATION
LN-506727,CUST-104718,2025-04-27,0,0,False,False,45852.789999999986,Current,DEBT_CONSOLIDATION
LN-506728,CUST-107572,2025-04-27,0,0,False,False,43350.73250000002,Current,DEBT_CONSOLIDATION
LN-506729,CUST-104775,2025-04-27,0,0,False,False,2690.7925000000005,Current,DEBT_CONSOLIDATION
LN-506730,CUST-104154,2025-04-27,0,0,False,False,1982.5299999999995,Current,DEBT_CONSOLIDATION
LN-506731,CUST-104391,2025-04-27,0,0,False,False,10465.640000000003,Current,DEBT_CONSOLIDATION
LN-506732,CUST-102177,2025-04-27,0,0,False,False,50173.71500000001,Current,DEBT_CONSOLIDATION
LN-506733,CUST-103497,2025-04-27,0,0,False,False,33467.45499999999,Current,DEBT_CONSOLIDATION
LN-506734,CUST-106705,2025-04-27,0,0,False,False,46300.615,Current,DEBT_CONSOLIDATION
LN-506735,CUST-100716,2025-04-27,0,0,False,False,22994.915000000005,Current,DEBT_CONSOLIDATION
LN-506736,CUST-104899,2025-04-27,0,0,False,False,7005.0,Current,DEBT_CONSOLIDATION
LN-506737,CUST-106257,2025-04-27,0,0,False,False,10976.17749999999,Current,DEBT_CONSOLIDATION
LN-506738,CUST-103702,2025-04-27,0,0,False,False,11199.465,Current,DEBT_CONSOLIDATION
LN-506739,CUST-105538,2025-04-27,0,0,False,False,27225.600000000006,Current,DEBT_CONSOLIDATION
LN-506740,CUST-105656,2025-04-27,0,0,False,False,23285.257499999985,Current,DEBT_CONSOLIDATION
LN-506741,CUST-100580,2025-04-27,0,0,False,False,27574.704999999994,Current,DEBT_CONSOLIDATION
LN-506742,CUST-105043,2025-04-27,0,0,False,False,5844.040000000001,Current,DEBT_CONSOLIDATION
LN-506743,CUST-107309,2025-04-27,0,0,False,False,290960.9625,Current,DEBT_CONSOLIDATION
LN-506744,CUST-102427,2025-04-27,0,0,False,False,23207.5,Current,DEBT_CONSOLIDATION
LN-506745,CUST-100872,2025-04-27,0,0,False,False,8168.552500000008,Current,DEBT_CONSOLIDATION
LN-506746,CUST-102933,2025-04-27,0,0,False,False,40202.81,Current,DEBT_CONSOLIDATION
LN-506747,CUST-100661,2025-04-27,0,0,False,False,29419.77,Current,DEBT_CONSOLIDATION
LN-506748,CUST-106721,2025-04-27,0,0,False,False,93076.25749999996,Current,DEBT_CONSOLIDATION
LN-506749,CUST-105586,2025-04-27,0,0,False,False,32713.01,Current,DEBT_CONSOLIDATION
LN-506750,CUST-107602,2025-04-27,0,0,False,False,117083.57499999998,Current,DEBT_CONSOLIDATION
LN-506751,CUST-105371,2025-04-27,0,0,False,False,13868.950000000004,Current,DEBT_CONSOLIDATION
LN-506752,CUST-106890,2025-04-27,0,0,False,False,19640.49,Current,DEBT_CONSOLIDATION
LN-506753,CUST-107116,2025-04-27,0,0,False,False,33421.26,Current,DEBT_CONSOLIDATION
LN-506754,CUST-104429,2025-04-27,0,0,False,False,12936.53,Current,DEBT_CONSOLIDATION
LN-506755,CUST-100563,2025-04-27,0,0,False,False,13714.450000000004,Current,DEBT_CONSOLIDATION
LN-506756,CUST-106479,2025-04-27,0,0,False,False,23210.64,Current,DEBT_CONSOLIDATION
LN-506757,CUST-101804,2025-04-27,0,0,False,False,47509.71249999999,Current,DEBT_CONSOLIDATION
LN-506759,CUST-103205,2025-04-27,0,0,False,False,386467.805,Current,DEBT_CONSOLIDATION
LN-506760,CUST-105110,2025-04-27,0,0,False,False,10780.162499999993,Current,DEBT_CONSOLIDATION
LN-506761,CUST-101888,2025-04-27,0,0,False,False,25624.672499999997,Current,DEBT_CONSOLIDATION
LN-506762,CUST-105932,2025-04-27,0,0,False,False,1247.1325000000008,Current,DEBT_CONSOLIDATION
LN-506763,CUST-100651,2025-04-27,0,0,False,False,85253.79999999997,Current,DEBT_CONSOLIDATION
LN-506764,CUST-105118,2025-04-27,0,0,False,False,21146.65499999999,Current,DEBT_CONSOLIDATION
LN-506765,CUST-101563,2025-04-27,4,140,False,False,9568.055,90+,DEBT_CONSOLIDATION
LN-506766,CUST-105277,2025-04-27,0,0,False,False,7518.1849999999995,Current,DEBT_CONSOLIDATION
LN-506767,CUST-105216,2025-04-27,0,0,False,False,18455.505000000012,Current,DEBT_CONSOLIDATION
LN-506768,CUST-101113,2025-04-27,0,0,False,False,32402.819999999992,Current,DEBT_CONSOLIDATION
LN-506769,CUST-107211,2025-04-27,0,0,False,False,37407.467500000035,Current,DEBT_CONSOLIDATION
LN-506771,CUST-100786,2025-04-27,1,2,False,False,11481.25,1-29,DEBT_CONSOLIDATION
LN-506772,CUST-101847,2025-04-27,0,0,False,False,42211.56749999998,Current,DEBT_CONSOLIDATION
LN-506773,CUST-107546,2025-04-27,0,0,False,False,17995.1,Current,DEBT_CONSOLIDATION
LN-506774,CUST-100904,2025-04-27,0,0,False,False,21162.414999999997,Current,DEBT_CONSOLIDATION
LN-506775,CUST-104600,2025-04-27,0,0,False,False,20283.360000000008,Current,DEBT_CONSOLIDATION
LN-506776,CUST-102341,2025-04-27,0,0,False,False,15508.359999999997,Current,DEBT_CONSOLIDATION
LN-506777,CUST-105291,2025-04-27,0,0,False,False,29137.2325,Current,DEBT_CONSOLIDATION
LN-506778,CUST-105976,2025-04-27,0,0,False,False,29357.019999999975,Current,DEBT_CONSOLIDATION
LN-506779,CUST-102169,2025-04-27,0,0,False,False,26695.980000000007,Current,DEBT_CONSOLIDATION
LN-506780,CUST-105347,2025-04-27,0,0,False,False,4028.3849999999998,Current,DEBT_CONSOLIDATION
LN-506781,CUST-103826,2025-04-27,0,0,False,False,35053.58,Current,DEBT_CONSOLIDATION
LN-506782,CUST-102633,2025-04-27,0,0,False,False,26929.64,Current,DEBT_CONSOLIDATION
LN-506783,CUST-105532,2025-04-27,0,0,False,False,550890.5900000004,Current,DEBT_CONSOLIDATION
LN-506784,CUST-107740,2025-04-27,0,0,False,False,50053.427500000005,Current,DEBT_CONSOLIDATION
LN-506785,CUST-100760,2025-04-27,0,0,False,False,21728.5775,Current,DEBT_CONSOLIDATION
LN-506787,CUST-102288,2025-04-27,0,0,False,False,18411.905,Current,DEBT_CONSOLIDATION
LN-506788,CUST-107173,2025-04-27,0,0,False,False,43752.79499999997,Current,DEBT_CONSOLIDATION
LN-506789,CUST-102079,2025-04-27,3,82,False,False,2865.78,60-89,DEBT_CONSOLIDATION
LN-506790,CUST-105306,2025-04-27,0,0,False,False,61963.674999999945,Current,DEBT_CONSOLIDATION
LN-506791,CUST-105668,2025-04-27,0,0,False,False,80863.78500000008,Current,DEBT_CONSOLIDATION
LN-506793,CUST-104802,2025-04-27,0,0,False,False,27452.120000000003,Current,DEBT_CONSOLIDATION
LN-506794,CUST-101031,2025-04-27,0,0,False,False,13082.989999999994,Current,DEBT_CONSOLIDATION
LN-506795,CUST-101475,2025-04-27,0,0,False,False,53675.3875,Current,DEBT_CONSOLIDATION
LN-506796,CUST-103644,2025-04-27,0,0,False,False,140489.84999999986,Current,DEBT_CONSOLIDATION
LN-506797,CUST-106755,2025-04-27,0,0,False,False,41421.76000000001,Current,DEBT_CONSOLIDATION
LN-506798,CUST-104483,2025-04-27,0,0,False,False,17763.22,Current,DEBT_CONSOLIDATION
LN-506799,CUST-102537,2025-04-27,1,25,False,False,53948.34,1-29,DEBT_CONSOLIDATION
LN-506800,CUST-104369,2025-04-27,0,0,False,False,3766.412499999999,Current,DEBT_CONSOLIDATION
LN-506802,CUST-104099,2025-04-27,0,0,False,False,13704.795,Current,DEBT_CONSOLIDATION
LN-506804,CUST-103206,2025-04-27,0,0,False,False,29454.070000000014,Current,DEBT_CONSOLIDATION
LN-506805,CUST-101821,2025-04-27,0,0,False,False,9866.569999999998,Current,DEBT_CONSOLIDATION
LN-506806,CUST-105913,2025-04-27,2,53,False,False,19540.94000000001,30-59,DEBT_CONSOLIDATION
LN-506807,CUST-102654,2025-04-27,0,0,False,False,4640.3225,Current,DEBT_CONSOLIDATION
LN-506808,CUST-107848,2025-04-27,0,0,False,False,37965.9025,Current,DEBT_CONSOLIDATION
LN-506809,CUST-105084,2025-04-27,0,0,False,False,36624.6725,Current,DEBT_CONSOLIDATION
LN-506810,CUST-104231,2025-04-27,0,0,False,False,15642.67999999999,Current,DEBT_CONSOLIDATION
LN-506811,CUST-100601,2025-04-27,0,0,False,False,13681.332499999999,Current,DEBT_CONSOLIDATION
LN-506812,CUST-100322,2025-04-27,0,0,False,False,14364.402500000002,Current,DEBT_CONSOLIDATION
LN-506814,CUST-106517,2025-04-27,0,0,False,False,6660.789999999999,Current,DEBT_CONSOLIDATION
LN-506815,CUST-103601,2025-04-27,0,0,False,False,42537.78999999998,Current,DEBT_CONSOLIDATION
LN-506817,CUST-106186,2025-04-27,0,0,False,False,11249.98,Current,DEBT_CONSOLIDATION
LN-506818,CUST-104985,2025-04-27,0,0,False,False,23630.780000000002,Current,DEBT_CONSOLIDATION
LN-506819,CUST-103684,2025-04-27,0,0,False,False,16677.625,Current,DEBT_CONSOLIDATION
LN-506820,CUST-100137,2025-04-27,0,0,False,False,39863.812499999985,Current,DEBT_CONSOLIDATION
LN-506821,CUST-100896,2025-04-27,0,0,False,False,16530.06,Current,DEBT_CONSOLIDATION
LN-506822,CUST-103257,2025-04-27,0,0,False,False,12719.575000000004,Current,DEBT_CONSOLIDATION
LN-506823,CUST-102458,2025-04-27,0,0,False,False,22476.91500000002,Current,DEBT_CONSOLIDATION
LN-506824,CUST-100365,2025-04-27,1,15,False,False,11957.842499999999,1-29,DEBT_CONSOLIDATION
LN-506825,CUST-104892,2025-04-27,0,0,False,False,28782.115000000005,Current,DEBT_CONSOLIDATION
LN-506826,CUST-103524,2025-04-27,0,0,False,False,51444.71499999999,Current,DEBT_CONSOLIDATION
LN-506827,CUST-104826,2025-04-27,1,12,False,False,7489.649999999999,1-29,DEBT_CONSOLIDATION
LN-506828,CUST-104792,2025-04-27,0,0,False,False,17899.305000000008,Current,DEBT_CONSOLIDATION
LN-506829,CUST-100632,2025-04-27,0,0,False,False,7348.354999999996,Current,DEBT_CONSOLIDATION
LN-506830,CUST-103583,2025-04-27,2,43,False,False,3430.5900000000006,30-59,DEBT_CONSOLIDATION
LN-506831,CUST-103207,2025-04-27,0,0,False,False,27489.665000000005,Current,DEBT_CONSOLIDATION
LN-506832,CUST-105039,2025-04-27,0,0,False,False,28865.937499999985,Current,DEBT_CONSOLIDATION
LN-506833,CUST-106741,2025-04-27,0,0,False,False,13907.997500000001,Current,DEBT_CONSOLIDATION
LN-506834,CUST-101981,2025-04-27,0,0,False,False,36918.12499999998,Current,DEBT_CONSOLIDATION
LN-506835,CUST-104774,2025-04-27,0,0,False,False,14906.550000000001,Current,DEBT_CONSOLIDATION
LN-506836,CUST-101292,2025-04-27,0,0,False,False,5607.53,Current,DEBT_CONSOLIDATION
LN-506837,CUST-106770,2025-04-27,0,0,False,False,22057.67499999999,Current,DEBT_CONSOLIDATION
LN-506838,CUST-102627,2025-04-27,0,0,False,False,10624.254999999996,Current,DEBT_CONSOLIDATION
LN-506839,CUST-103315,2025-04-27,0,0,False,False,22279.08,Current,DEBT_CONSOLIDATION
LN-506840,CUST-104172,2025-04-27,0,0,False,False,9423.177500000005,Current,DEBT_CONSOLIDATION
LN-506842,CUST-101610,2025-04-27,0,0,False,False,30427.240000000013,Current,DEBT_CONSOLIDATION
LN-506843,CUST-101945,2025-04-27,0,0,False,False,43236.98000000001,Current,DEBT_CONSOLIDATION
LN-506844,CUST-104570,2025-04-27,0,0,False,False,21184.019999999993,Current,DEBT_CONSOLIDATION
LN-506845,CUST-104510,2025-04-27,0,0,False,False,265735.66750000004,Current,DEBT_CONSOLIDATION
LN-506846,CUST-104666,2025-04-27,0,0,False,False,11247.575000000003,Current,DEBT_CONSOLIDATION
LN-506847,CUST-106190,2025-04-27,0,0,False,False,10468.847499999993,Current,DEBT_CONSOLIDATION
LN-506848,CUST-107352,2025-04-27,0,0,False,False,8136.449999999999,Current,DEBT_CONSOLIDATION
LN-506849,CUST-102779,2025-04-27,0,0,False,False,48152.7625,Current,DEBT_CONSOLIDATION
LN-506850,CUST-105347,2025-04-27,0,0,False,False,52429.15,Current,DEBT_CONSOLIDATION
LN-506851,CUST-104183,2025-04-27,0,0,False,False,11940.475000000002,Current,DEBT_CONSOLIDATION
LN-506852,CUST-107342,2025-04-27,0,0,False,False,23730.4825,Current,DEBT_CONSOLIDATION
LN-506853,CUST-103785,2025-04-27,2,54,False,False,8533.23,30-59,DEBT_CONSOLIDATION
LN-506855,CUST-106672,2025-04-27,0,0,False,False,4173.029999999997,Current,DEBT_CONSOLIDATION
LN-506856,CUST-100442,2025-04-27,0,0,False,False,31079.205,Current,DEBT_CONSOLIDATION
LN-506857,CUST-105192,2025-04-27,0,0,False,False,28250.880000000005,Current,DEBT_CONSOLIDATION
LN-506858,CUST-101119,2025-04-27,0,0,False,False,40921.43749999999,Current,DEBT_CONSOLIDATION
LN-506859,CUST-101609,2025-04-27,0,0,False,False,10877.127500000006,Current,DEBT_CONSOLIDATION
LN-506860,CUST-103751,2025-04-27,0,0,False,False,59303.89000000004,Current,DEBT_CONSOLIDATION
LN-506861,CUST-107185,2025-04-27,0,0,False,False,40314.92000000004,Current,DEBT_CONSOLIDATION
LN-506862,CUST-103295,2025-04-27,0,0,False,False,13860.430000000008,Current,DEBT_CONSOLIDATION
LN-506863,CUST-100300,2025-04-27,0,0,False,False,18956.027499999986,Current,DEBT_CONSOLIDATION
LN-506864,CUST-105299,2025-04-27,0,0,False,False,31671.065000000002,Current,DEBT_CONSOLIDATION
LN-506865,CUST-100231,2025-04-27,0,0,False,False,11292.86,Current,DEBT_CONSOLIDATION
LN-506866,CUST-101758,2025-04-27,0,0,False,False,10335.4175,Current,DEBT_CONSOLIDATION
LN-506867,CUST-103428,2025-04-27,0,0,False,False,42429.89499999998,Current,DEBT_CONSOLIDATION
LN-506868,CUST-107302,2025-04-27,0,0,False,False,27357.100000000006,Current,DEBT_CONSOLIDATION
LN-506869,CUST-103885,2025-04-27,0,0,False,False,13720.007499999996,Current,DEBT_CONSOLIDATION
LN-506870,CUST-105460,2025-04-27,0,0,False,False,19780.0575,Current,DEBT_CONSOLIDATION
LN-506871,CUST-107214,2025-04-27,0,0,False,False,2152.044999999998,Current,DEBT_CONSOLIDATION
LN-506872,CUST-103012,2025-04-27,0,0,False,False,2184.77,Current,DEBT_CONSOLIDATION
LN-506873,CUST-104244,2025-04-27,0,0,False,False,1070.4650000000008,Current,DEBT_CONSOLIDATION
LN-506874,CUST-104326,2025-04-27,0,0,False,False,12926.669999999998,Current,DEBT_CONSOLIDATION
LN-506875,CUST-106062,2025-04-27,0,0,False,False,19055.59250000001,Current,DEBT_CONSOLIDATION
LN-506877,CUST-104589,2025-04-27,0,0,False,False,16370.16,Current,DEBT_CONSOLIDATION
LN-506879,CUST-103695,2025-04-27,0,0,False,False,47609.22750000001,Current,DEBT_CONSOLIDATION
LN-506880,CUST-101223,2025-04-27,0,0,False,False,31515.295,Current,DEBT_CONSOLIDATION
LN-506882,CUST-104476,2025-04-27,0,0,False,False,37890.182499999995,Current,DEBT_CONSOLIDATION
LN-506883,CUST-107119,2025-04-27,0,0,False,False,27080.7,Current,DEBT_CONSOLIDATION
LN-506884,CUST-104349,2025-04-27,0,0,False,False,12329.345000000001,Current,DEBT_CONSOLIDATION
LN-506885,CUST-106743,2025-04-27,0,0,False,False,12353.18,Current,DEBT_CONSOLIDATION
LN-506886,CUST-102295,2025-04-27,0,0,False,False,3909.260000000001,Current,DEBT_CONSOLIDATION
LN-506887,CUST-102257,2025-04-27,0,0,False,False,20088.14749999999,Current,DEBT_CONSOLIDATION
LN-506888,CUST-103453,2025-04-27,0,0,False,False,33074.2675,Current,DEBT_CONSOLIDATION
LN-506889,CUST-102331,2025-04-27,0,0,False,False,17680.420000000013,Current,DEBT_CONSOLIDATION
LN-506890,CUST-101362,2025-04-27,0,0,False,False,2180.7649999999994,Current,DEBT_CONSOLIDATION
LN-506891,CUST-102381,2025-04-27,0,0,False,False,23689.202499999992,Current,DEBT_CONSOLIDATION
LN-506892,CUST-100150,2025-04-27,0,0,False,False,25579.902499999997,Current,DEBT_CONSOLIDATION
LN-506894,CUST-105848,2025-04-27,0,0,False,False,17805.1675,Current,DEBT_CONSOLIDATION
LN-506895,CUST-101396,2025-04-27,0,0,False,False,26218.2875,Current,DEBT_CONSOLIDATION
LN-506896,CUST-105508,2025-04-27,0,0,False,False,31869.97,Current,DEBT_CONSOLIDATION
LN-506897,CUST-104533,2025-04-27,0,0,False,False,17027.649999999994,Current,DEBT_CONSOLIDATION
LN-506898,CUST-100386,2025-04-27,0,0,False,False,9777.01,Current,DEBT_CONSOLIDATION
LN-506899,CUST-100278,2025-04-27,0,0,False,False,4581.680000000002,Current,DEBT_CONSOLIDATION
LN-506900,CUST-106595,2025-04-27,0,0,False,False,30544.835000000003,Current,DEBT_CONSOLIDATION
LN-506901,CUST-101175,2025-04-27,0,0,False,False,39210.82,Current,DEBT_CONSOLIDATION
LN-506902,CUST-106561,2025-04-27,0,0,False,False,15158.909999999993,Current,DEBT_CONSOLIDATION
LN-506903,CUST-102096,2025-04-27,0,0,True,False,40928.18750000002,Current,DEBT_CONSOLIDATION
LN-506904,CUST-103359,2025-04-27,0,0,False,False,23386.869999999984,Current,DEBT_CONSOLIDATION
LN-506906,CUST-104537,2025-04-27,0,0,False,False,16394.70000000001,Current,DEBT_CONSOLIDATION
LN-506907,CUST-102753,2025-04-27,0,0,False,False,15157.470000000001,Current,DEBT_CONSOLIDATION
LN-506908,CUST-105917,2025-04-27,0,0,False,False,24636.879999999994,Current,DEBT_CONSOLIDATION
LN-506909,CUST-105805,2025-04-27,0,0,False,False,8727.33249999999,Current,DEBT_CONSOLIDATION
LN-506911,CUST-100401,2025-04-27,0,0,False,False,10260.527500000011,Current,DEBT_CONSOLIDATION
LN-506912,CUST-103889,2025-04-27,0,0,False,False,12833.435000000007,Current,DEBT_CONSOLIDATION
LN-506913,CUST-100625,2025-04-27,0,0,False,False,32193.139999999974,Current,DEBT_CONSOLIDATION
LN-506914,CUST-107385,2025-04-27,0,0,False,False,11766.422500000004,Current,DEBT_CONSOLIDATION
LN-506915,CUST-100911,2025-04-27,0,0,False,False,14910.367500000004,Current,DEBT_CONSOLIDATION
LN-506916,CUST-102195,2025-04-27,1,11,False,False,122456.71250000001,1-29,DEBT_CONSOLIDATION
LN-506917,CUST-105611,2025-04-27,0,0,False,False,23863.06,Current,DEBT_CONSOLIDATION
LN-506918,CUST-103521,2025-04-27,0,0,False,False,40063.61500000003,Current,DEBT_CONSOLIDATION
LN-506919,CUST-107374,2025-04-27,0,0,False,False,16782.05,Current,DEBT_CONSOLIDATION
LN-506920,CUST-107534,2025-04-27,0,0,False,False,31455.947500000035,Current,DEBT_CONSOLIDATION
LN-506921,CUST-105066,2025-04-27,0,0,False,False,40379.955,Current,DEBT_CONSOLIDATION
LN-506922,CUST-100736,2025-04-27,0,0,False,False,2792.6475,Current,DEBT_CONSOLIDATION
LN-506923,CUST-105406,2025-04-27,0,0,False,False,43554.75750000003,Current,DEBT_CONSOLIDATION
LN-506924,CUST-107993,2025-04-27,0,0,False,False,9816.080000000002,Current,DEBT_CONSOLIDATION
LN-506925,CUST-103772,2025-04-27,0,0,False,False,23221.43499999999,Current,DEBT_CONSOLIDATION
LN-506926,CUST-103088,2025-04-27,0,0,False,False,20770.432500000006,Current,DEBT_CONSOLIDATION
LN-506927,CUST-100479,2025-04-27,0,0,False,False,22073.45,Current,DEBT_CONSOLIDATION
LN-506928,CUST-101416,2025-04-27,0,0,False,False,19196.085,Current,DEBT_CONSOLIDATION
LN-506929,CUST-101220,2025-04-27,0,0,False,False,9936.204999999998,Current,DEBT_CONSOLIDATION
LN-506930,CUST-103051,2025-04-27,0,0,False,False,15497.222499999998,Current,DEBT_CONSOLIDATION
LN-506931,CUST-103507,2025-04-27,0,0,False,False,13525.287499999999,Current,DEBT_CONSOLIDATION
LN-506932,CUST-103534,2025-04-27,0,0,False,False,12728.835,Current,DEBT_CONSOLIDATION
LN-506933,CUST-105320,2025-04-27,0,0,False,False,20319.057499999984,Current,DEBT_CONSOLIDATION
LN-506934,CUST-104357,2025-04-27,0,0,False,False,19879.720000000016,Current,DEBT_CONSOLIDATION
LN-506935,CUST-105568,2025-04-27,0,0,False,False,8399.155000000008,Current,DEBT_CONSOLIDATION
LN-506936,CUST-102283,2025-04-27,1,18,False,False,34089.0,1-29,DEBT_CONSOLIDATION
LN-506937,CUST-102658,2025-04-27,0,0,False,False,17142.715,Current,DEBT_CONSOLIDATION
LN-506938,CUST-102789,2025-04-27,0,0,False,False,9568.690000000002,Current,DEBT_CONSOLIDATION
LN-506939,CUST-106939,2025-04-27,0,0,False,False,27280.329999999998,Current,DEBT_CONSOLIDATION
LN-506940,CUST-104147,2025-04-27,0,0,False,False,7130.250000000002,Current,DEBT_CONSOLIDATION
LN-506941,CUST-100814,2025-04-27,0,0,False,False,141651.63999999998,Current,DEBT_CONSOLIDATION
LN-506944,CUST-102387,2025-04-27,0,0,False,False,17759.647500000003,Current,DEBT_CONSOLIDATION
LN-506945,CUST-103711,2025-04-27,0,0,False,False,355.5100000000002,Current,DEBT_CONSOLIDATION
LN-506946,CUST-106264,2025-04-27,0,0,False,False,98389.97250000005,Current,DEBT_CONSOLIDATION
LN-506947,CUST-103569,2025-04-27,0,0,False,False,18620.44,Current,DEBT_CONSOLIDATION
LN-506948,CUST-105557,2025-04-27,0,0,False,False,14843.809999999998,Current,DEBT_CONSOLIDATION
LN-506949,CUST-105954,2025-04-27,0,0,False,False,29259.887499999983,Current,DEBT_CONSOLIDATION
LN-506950,CUST-105424,2025-04-27,0,0,False,False,15225.075000000004,Current,DEBT_CONSOLIDATION
LN-506951,CUST-102949,2025-04-27,0,0,False,False,4494.344999999997,Current,DEBT_CONSOLIDATION
LN-506952,CUST-106196,2025-04-27,0,0,False,False,123762.44499999999,Current,DEBT_CONSOLIDATION
LN-506953,CUST-103555,2025-04-27,0,0,False,False,11844.337499999996,Current,DEBT_CONSOLIDATION
LN-506954,CUST-106262,2025-04-27,0,0,False,False,54334.37,Current,DEBT_CONSOLIDATION
LN-506955,CUST-101181,2025-04-27,0,0,False,False,127606.01,Current,DEBT_CONSOLIDATION
LN-506956,CUST-106080,2025-04-27,0,0,False,False,14951.18,Current,DEBT_CONSOLIDATION
LN-506957,CUST-102655,2025-04-27,0,0,False,False,10780.010000000007,Current,DEBT_CONSOLIDATION
LN-506958,CUST-106085,2025-04-27,0,0,False,False,17257.857499999995,Current,DEBT_CONSOLIDATION
LN-506959,CUST-100577,2025-04-27,3,63,False,False,4922.122499999999,60-89,DEBT_CONSOLIDATION
LN-506960,CUST-104964,2025-04-27,0,0,False,False,29761.990000000013,Current,DEBT_CONSOLIDATION
LN-506961,CUST-105968,2025-04-27,0,0,False,False,10256.282500000001,Current,DEBT_CONSOLIDATION
LN-506962,CUST-105166,2025-04-27,0,0,False,False,13192.73,Current,DEBT_CONSOLIDATION
LN-506963,CUST-101635,2025-04-27,0,0,False,False,24378.715000000004,Current,DEBT_CONSOLIDATION
LN-506964,CUST-107589,2025-04-27,0,0,False,False,19602.842499999984,Current,DEBT_CONSOLIDATION
LN-506965,CUST-106551,2025-04-27,0,0,False,False,26627.579999999998,Current,DEBT_CONSOLIDATION
LN-506966,CUST-105621,2025-04-27,0,0,False,False,21100.825000000004,Current,DEBT_CONSOLIDATION
LN-506967,CUST-102931,2025-04-27,0,0,False,False,50211.3,Current,DEBT_CONSOLIDATION
LN-506968,CUST-105433,2025-04-27,0,0,False,False,19561.704999999987,Current,DEBT_CONSOLIDATION
LN-506969,CUST-101442,2025-04-27,0,0,False,False,187445.99750000006,Current,DEBT_CONSOLIDATION
LN-506970,CUST-106042,2025-04-27,0,0,False,False,21039.804999999997,Current,DEBT_CONSOLIDATION
LN-506971,CUST-100558,2025-04-27,0,0,False,False,10812.304999999998,Current,DEBT_CONSOLIDATION
LN-506972,CUST-107926,2025-04-27,1,8,False,False,84887.15,1-29,DEBT_CONSOLIDATION
LN-506973,CUST-102911,2025-04-27,0,0,False,False,9286.26,Current,DEBT_CONSOLIDATION
LN-506974,CUST-102881,2025-04-27,3,67,False,False,15185.26,60-89,DEBT_CONSOLIDATION
LN-506975,CUST-105100,2025-04-27,0,0,False,False,122279.13999999993,Current,DEBT_CONSOLIDATION
LN-506976,CUST-101422,2025-04-27,0,0,False,False,351880.04000000004,Current,DEBT_CONSOLIDATION
LN-506977,CUST-107166,2025-04-27,0,0,False,False,17722.919999999987,Current,DEBT_CONSOLIDATION
LN-506978,CUST-101152,2025-04-27,0,0,False,False,40837.60249999997,Current,DEBT_CONSOLIDATION
LN-506979,CUST-107321,2025-04-27,0,0,False,False,26223.947499999995,Current,DEBT_CONSOLIDATION
LN-506980,CUST-103975,2025-04-27,0,0,False,False,77359.94,Current,DEBT_CONSOLIDATION
LN-506981,CUST-103602,2025-04-27,0,0,False,False,16274.439999999986,Current,DEBT_CONSOLIDATION
LN-506982,CUST-103522,2025-04-27,0,0,False,False,15576.692500000003,Current,DEBT_CONSOLIDATION
LN-506983,CUST-102069,2025-04-27,2,54,False,False,18342.17499999999,30-59,DEBT_CONSOLIDATION
LN-506984,CUST-102887,2025-04-27,0,0,False,False,23891.234999999997,Current,DEBT_CONSOLIDATION
LN-506985,CUST-106172,2025-04-27,0,0,False,False,6730.267500000001,Current,DEBT_CONSOLIDATION
LN-506986,CUST-100997,2025-04-27,0,0,False,False,10805.995000000003,Current,DEBT_CONSOLIDATION
LN-506988,CUST-107728,2025-04-27,0,0,False,False,5373.22,Current,DEBT_CONSOLIDATION
LN-506989,CUST-105717,2025-04-27,0,0,False,False,22433.690000000006,Current,DEBT_CONSOLIDATION
LN-506990,CUST-103950,2025-04-27,0,0,False,False,23176.89000000001,Current,DEBT_CONSOLIDATION
LN-506991,CUST-107315,2025-04-27,0,0,False,False,428353.72,Current,DEBT_CONSOLIDATION
LN-506992,CUST-106659,2025-04-27,0,0,False,False,23851.285000000003,Current,DEBT_CONSOLIDATION
LN-506993,CUST-107988,2025-04-27,0,0,False,False,5512.2074999999995,Current,DEBT_CONSOLIDATION
LN-506994,CUST-106537,2025-04-27,0,0,False,False,13268.932499999992,Current,DEBT_CONSOLIDATION
LN-506995,CUST-100878,2025-04-27,0,0,False,False,12340.079999999993,Current,DEBT_CONSOLIDATION
LN-506996,CUST-101760,2025-04-27,0,0,False,False,17573.97499999999,Current,DEBT_CONSOLIDATION
LN-506997,CUST-102036,2025-04-27,0,0,False,False,17087.647499999995,Current,DEBT_CONSOLIDATION
LN-506998,CUST-107183,2025-04-27,0,0,False,False,20864.912500000017,Current,DEBT_CONSOLIDATION
LN-506999,CUST-105041,2025-04-27,0,0,False,False,374313.80500000017,Current,DEBT_CONSOLIDATION
LN-507000,CUST-106508,2025-04-27,0,0,False,False,508117.27,Current,DEBT_CONSOLIDATION
LN-507001,CUST-103875,2025-04-27,0,0,False,False,2849.8525000000004,Current,DEBT_CONSOLIDATION
LN-507002,CUST-106522,2025-04-27,0,0,False,False,37489.40000000003,Current,DEBT_CONSOLIDATION
LN-507003,CUST-107503,2025-04-27,2,57,False,False,7741.5425,30-59,DEBT_CONSOLIDATION
LN-507004,CUST-105739,2025-04-27,0,0,False,False,16237.7275,Current,DEBT_CONSOLIDATION
LN-507005,CUST-102672,2025-04-27,0,0,False,False,9370.26999999999,Current,DEBT_CONSOLIDATION
LN-507006,CUST-101723,2025-04-27,0,0,False,False,70868.21000000005,Current,DEBT_CONSOLIDATION
LN-507007,CUST-107414,2025-04-27,0,0,False,False,27151.552500000005,Current,DEBT_CONSOLIDATION
LN-507008,CUST-106544,2025-04-27,0,0,False,False,8604.925000000003,Current,DEBT_CONSOLIDATION
LN-507009,CUST-102851,2025-04-27,0,0,False,False,9181.112499999994,Current,DEBT_CONSOLIDATION
LN-507010,CUST-101467,2025-04-27,0,0,False,False,10501.910000000003,Current,DEBT_CONSOLIDATION
LN-507012,CUST-106788,2025-04-27,0,0,False,False,78980.66000000002,Current,DEBT_CONSOLIDATION
LN-507013,CUST-105675,2025-04-27,0,0,False,False,24252.02999999998,Current,DEBT_CONSOLIDATION
LN-507014,CUST-104944,2025-04-27,0,0,False,False,20316.454999999994,Current,DEBT_CONSOLIDATION
LN-507015,CUST-107745,2025-04-27,0,0,False,False,46325.925,Current,DEBT_CONSOLIDATION
LN-507016,CUST-107255,2025-04-27,0,0,False,False,19271.695000000007,Current,DEBT_CONSOLIDATION
LN-507017,CUST-103215,2025-04-27,0,0,False,False,18423.509999999987,Current,DEBT_CONSOLIDATION
LN-507019,CUST-103560,2025-04-27,0,0,False,False,34590.88499999997,Current,DEBT_CONSOLIDATION
LN-507020,CUST-100747,2025-04-27,0,0,False,False,50138.5175,Current,DEBT_CONSOLIDATION
LN-507023,CUST-105938,2025-04-27,0,0,False,False,53630.685000000005,Current,DEBT_CONSOLIDATION
LN-507024,CUST-104489,2025-04-27,0,0,False,False,87638.125,Current,DEBT_CONSOLIDATION
LN-507025,CUST-100624,2025-04-27,0,0,False,False,156985.76000000004,Current,DEBT_CONSOLIDATION
LN-507026,CUST-103345,2025-04-27,0,0,False,False,11497.665000000012,Current,DEBT_CONSOLIDATION
LN-507027,CUST-100173,2025-04-27,0,0,False,False,6376.277499999998,Current,DEBT_CONSOLIDATION
LN-507028,CUST-105670,2025-04-27,0,0,False,False,31341.339999999997,Current,DEBT_CONSOLIDATION
LN-507030,CUST-102544,2025-04-27,3,83,False,False,23411.597500000007,60-89,DEBT_CONSOLIDATION
LN-507031,CUST-107456,2025-04-27,0,0,False,False,23758.07499999999,Current,DEBT_CONSOLIDATION
LN-507032,CUST-106016,2025-04-27,0,0,False,False,22423.247500000023,Current,DEBT_CONSOLIDATION
LN-507033,CUST-102346,2025-04-27,0,0,False,False,48943.46,Current,DEBT_CONSOLIDATION
LN-507035,CUST-100655,2025-04-27,1,1,False,False,7047.814999999997,1-29,DEBT_CONSOLIDATION
LN-507036,CUST-105516,2025-04-27,0,0,False,False,124023.28999999995,Current,DEBT_CONSOLIDATION
LN-507038,CUST-107404,2025-04-27,0,0,False,False,10234.165,Current,DEBT_CONSOLIDATION
LN-507039,CUST-100876,2025-04-27,0,0,False,False,3964.7875000000035,Current,DEBT_CONSOLIDATION
LN-507041,CUST-100019,2025-04-27,0,0,False,False,9527.322499999995,Current,DEBT_CONSOLIDATION
LN-507042,CUST-101606,2025-04-27,0,0,False,False,39421.39,Current,DEBT_CONSOLIDATION
LN-507043,CUST-102916,2025-04-27,0,0,False,False,15856.197500000006,Current,DEBT_CONSOLIDATION
LN-507044,CUST-106808,2025-04-27,0,0,False,False,9718.340000000004,Current,DEBT_CONSOLIDATION
LN-507045,CUST-105053,2025-04-27,0,0,False,False,16629.410000000007,Current,DEBT_CONSOLIDATION
LN-507046,CUST-102412,2025-04-27,0,0,False,False,21848.13000000001,Current,DEBT_CONSOLIDATION
LN-507047,CUST-102524,2025-04-27,0,0,False,False,33391.57,Current,DEBT_CONSOLIDATION
LN-507048,CUST-101898,2025-04-27,0,0,False,False,3136.7999999999984,Current,DEBT_CONSOLIDATION
LN-507049,CUST-100039,2025-04-27,0,0,False,False,45486.42,Current,DEBT_CONSOLIDATION
LN-507050,CUST-100481,2025-04-27,0,0,False,False,18496.329999999998,Current,DEBT_CONSOLIDATION
LN-507051,CUST-103755,2025-04-27,0,0,False,False,85725.77500000001,Current,DEBT_CONSOLIDATION
LN-507052,CUST-107662,2025-04-27,0,0,False,False,1858.7150000000022,Current,DEBT_CONSOLIDATION
LN-507053,CUST-103602,2025-04-27,0,0,False,False,75490.49,Current,DEBT_CONSOLIDATION
LN-507054,CUST-103812,2025-04-27,0,0,False,False,35583.82250000001,Current,DEBT_CONSOLIDATION
LN-507055,CUST-101441,2025-04-27,0,0,False,False,42700.99999999997,Current,DEBT_CONSOLIDATION
LN-507056,CUST-106797,2025-04-27,1,12,False,False,2758.9600000000014,1-29,DEBT_CONSOLIDATION
LN-507057,CUST-102222,2025-04-27,0,0,False,False,26070.657499999998,Current,DEBT_CONSOLIDATION
LN-507058,CUST-105781,2025-04-27,0,0,False,False,22563.83499999998,Current,DEBT_CONSOLIDATION
LN-507059,CUST-100930,2025-04-27,0,0,False,False,49364.565,Current,DEBT_CONSOLIDATION
LN-507060,CUST-101673,2025-04-27,0,0,False,False,6586.365000000001,Current,DEBT_CONSOLIDATION
LN-507061,CUST-101741,2025-04-27,0,0,False,False,14256.59,Current,DEBT_CONSOLIDATION
LN-507062,CUST-101786,2025-04-27,0,0,False,False,20521.69,Current,DEBT_CONSOLIDATION
LN-507063,CUST-104239,2025-04-27,0,0,False,False,32355.892499999987,Current,DEBT_CONSOLIDATION
LN-507065,CUST-106400,2025-04-27,0,0,False,False,5224.912500000001,Current,DEBT_CONSOLIDATION
LN-507066,CUST-102202,2025-04-27,0,0,False,False,27831.507499999992,Current,DEBT_CONSOLIDATION
LN-507067,CUST-103763,2025-04-27,0,0,False,False,26925.6325,Current,DEBT_CONSOLIDATION
LN-507068,CUST-105749,2025-04-27,0,0,False,False,5821.1449999999995,Current,DEBT_CONSOLIDATION
LN-507069,CUST-107832,2025-04-27,0,0,False,False,8354.250000000002,Current,DEBT_CONSOLIDATION
LN-507070,CUST-106869,2025-04-27,0,0,False,False,32212.445000000014,Current,DEBT_CONSOLIDATION
LN-507071,CUST-104811,2025-04-27,0,0,False,False,26461.070000000003,Current,DEBT_CONSOLIDATION
LN-507072,CUST-105007,2025-04-27,0,0,False,False,17111.479999999996,Current,DEBT_CONSOLIDATION
LN-507073,CUST-106933,2025-04-27,0,0,False,False,11977.865,Current,DEBT_CONSOLIDATION
LN-507077,CUST-104837,2025-04-27,0,0,False,False,50789.505000000005,Current,DEBT_CONSOLIDATION
LN-507078,CUST-106275,2025-04-27,0,0,False,False,18385.127500000006,Current,DEBT_CONSOLIDATION
LN-507079,CUST-107857,2025-04-27,2,33,False,False,76366.51499999993,30-59,DEBT_CONSOLIDATION
LN-507080,CUST-101852,2025-04-27,0,0,False,False,7308.737499999996,Current,DEBT_CONSOLIDATION
LN-507081,CUST-103822,2025-04-27,0,0,False,False,2351.66,Current,DEBT_CONSOLIDATION
LN-507082,CUST-104875,2025-04-27,0,0,False,False,11727.095000000001,Current,DEBT_CONSOLIDATION
LN-507083,CUST-106400,2025-04-27,1,22,False,False,21675.09999999999,1-29,DEBT_CONSOLIDATION
LN-507084,CUST-102354,2025-04-27,0,0,False,False,24449.585,Current,DEBT_CONSOLIDATION
LN-507085,CUST-102724,2025-04-27,0,0,False,False,15329.55,Current,DEBT_CONSOLIDATION
LN-507086,CUST-101732,2025-04-27,0,0,False,False,15637.919999999991,Current,DEBT_CONSOLIDATION
LN-507088,CUST-104559,2025-04-27,0,0,False,False,557458.7175,Current,DEBT_CONSOLIDATION
LN-507089,CUST-102294,2025-04-27,0,0,False,False,32076.959999999992,Current,DEBT_CONSOLIDATION
LN-507090,CUST-106893,2025-04-27,0,0,False,False,8705.960000000005,Current,DEBT_CONSOLIDATION
LN-507091,CUST-103005,2025-04-27,0,0,False,False,32870.775,Current,DEBT_CONSOLIDATION
LN-507092,CUST-105848,2025-04-27,0,0,False,False,23070.25,Current,DEBT_CONSOLIDATION
LN-507093,CUST-104887,2025-04-27,0,0,False,False,4908.150000000003,Current,DEBT_CONSOLIDATION
LN-507094,CUST-103162,2025-04-27,0,0,False,False,39584.319999999956,Current,DEBT_CONSOLIDATION
LN-507096,CUST-103130,2025-04-27,0,0,False,False,29100.659999999996,Current,DEBT_CONSOLIDATION
LN-507097,CUST-101989,2025-04-27,0,0,False,False,27790.795,Current,DEBT_CONSOLIDATION
LN-507098,CUST-101422,2025-04-27,0,0,False,False,8413.482500000002,Current,DEBT_CONSOLIDATION
LN-507099,CUST-102578,2025-04-27,0,0,False,False,25033.839999999997,Current,DEBT_CONSOLIDATION
LN-507100,CUST-106416,2025-04-27,0,0,False,False,15544.204999999984,Current,DEBT_CONSOLIDATION
LN-507101,CUST-103470,2025-04-27,0,0,False,False,14105.149999999994,Current,DEBT_CONSOLIDATION
LN-507102,CUST-104432,2025-04-27,0,0,False,False,34460.03500000002,Current,DEBT_CONSOLIDATION
LN-507103,CUST-107928,2025-04-27,1,16,False,False,8833.402499999997,1-29,DEBT_CONSOLIDATION
LN-507105,CUST-106889,2025-04-27,0,0,False,False,558451.6299999993,Current,DEBT_CONSOLIDATION
LN-507106,CUST-106342,2025-04-27,0,0,False,False,11277.679999999997,Current,DEBT_CONSOLIDATION
LN-507107,CUST-106712,2025-04-27,1,18,False,False,12652.43,1-29,DEBT_CONSOLIDATION
LN-507108,CUST-104455,2025-04-27,0,0,False,False,8347.430000000002,Current,DEBT_CONSOLIDATION
LN-507109,CUST-103370,2025-04-27,0,0,False,False,67443.72499999999,Current,DEBT_CONSOLIDATION
LN-507110,CUST-105383,2025-04-27,0,0,False,False,846.4449999999999,Current,DEBT_CONSOLIDATION
LN-507111,CUST-104512,2025-04-27,0,0,True,False,5525.759999999998,Current,DEBT_CONSOLIDATION
LN-507112,CUST-103780,2025-04-27,0,0,False,False,11177.04,Current,DEBT_CONSOLIDATION
LN-507113,CUST-107991,2025-04-27,0,0,False,False,9218.294999999996,Current,DEBT_CONSOLIDATION
LN-507114,CUST-106578,2025-04-27,3,76,False,False,39886.89499999999,60-89,DEBT_CONSOLIDATION
LN-507115,CUST-105032,2025-04-27,0,0,False,False,21291.884999999995,Current,DEBT_CONSOLIDATION
LN-507118,CUST-104127,2025-04-27,0,0,False,False,20285.047499999997,Current,DEBT_CONSOLIDATION
LN-507119,CUST-106141,2025-04-27,0,0,False,False,62964.37,Current,DEBT_CONSOLIDATION
LN-507120,CUST-105768,2025-04-27,0,0,False,False,35005.78,Current,DEBT_CONSOLIDATION
LN-507121,CUST-104325,2025-04-27,1,24,False,False,4212.240000000001,1-29,DEBT_CONSOLIDATION
LN-507122,CUST-106854,2025-04-27,0,0,False,False,13395.695,Current,DEBT_CONSOLIDATION
LN-507123,CUST-103532,2025-04-27,0,0,False,False,15729.590000000004,Current,DEBT_CONSOLIDATION
LN-507125,CUST-100785,2025-04-27,4,113,False,False,25413.045000000002,90+,DEBT_CONSOLIDATION
LN-507126,CUST-106473,2025-04-27,0,0,False,False,13331.650000000001,Current,DEBT_CONSOLIDATION
LN-507127,CUST-106260,2025-04-27,0,0,False,False,191275.995,Current,DEBT_CONSOLIDATION
LN-507128,CUST-100735,2025-04-27,0,0,False,False,1915.2349999999983,Current,DEBT_CONSOLIDATION
LN-507130,CUST-101340,2025-04-27,0,0,False,False,15210.390000000007,Current,DEBT_CONSOLIDATION
LN-507131,CUST-102708,2025-04-27,0,0,False,False,23205.08,Current,DEBT_CONSOLIDATION
LN-507132,CUST-102418,2025-04-27,0,0,False,False,17611.340000000015,Current,DEBT_CONSOLIDATION
LN-507133,CUST-107197,2025-04-27,0,0,False,False,11805.85,Current,DEBT_CONSOLIDATION
LN-507134,CUST-102663,2025-04-27,0,0,False,False,16741.085,Current,DEBT_CONSOLIDATION
LN-507136,CUST-102572,2025-04-27,0,0,False,False,12488.675000000003,Current,DEBT_CONSOLIDATION
LN-507137,CUST-100653,2025-04-27,0,0,False,False,45398.63,Current,DEBT_CONSOLIDATION
LN-507138,CUST-100509,2025-04-27,0,0,False,False,38436.680000000015,Current,DEBT_CONSOLIDATION
LN-507139,CUST-103443,2025-04-27,0,0,False,False,21045.9125,Current,DEBT_CONSOLIDATION
LN-507140,CUST-106324,2025-04-27,0,0,False,False,41945.119999999995,Current,DEBT_CONSOLIDATION
LN-507141,CUST-100924,2025-04-27,0,0,False,False,14374.51,Current,DEBT_CONSOLIDATION
LN-507142,CUST-103211,2025-04-27,4,147,False,False,9138.470000000001,90+,DEBT_CONSOLIDATION
LN-507143,CUST-104531,2025-04-27,0,0,False,False,81768.91749999992,Current,DEBT_CONSOLIDATION
LN-507144,CUST-106541,2025-04-27,0,0,False,False,10695.4,Current,DEBT_CONSOLIDATION
LN-507145,CUST-101691,2025-04-27,0,0,False,False,24272.619999999988,Current,DEBT_CONSOLIDATION
LN-507146,CUST-101380,2025-04-27,0,0,False,False,12177.105000000003,Current,DEBT_CONSOLIDATION
LN-507147,CUST-105530,2025-04-27,0,0,False,False,72089.33499999999,Current,DEBT_CONSOLIDATION
LN-507148,CUST-107362,2025-04-27,0,0,False,False,17965.0425,Current,DEBT_CONSOLIDATION
LN-507149,CUST-102908,2025-04-27,0,0,False,False,16336.669999999991,Current,DEBT_CONSOLIDATION
LN-507150,CUST-107212,2025-04-27,0,0,False,False,8816.99,Current,DEBT_CONSOLIDATION
LN-507151,CUST-103116,2025-04-27,0,0,False,False,6518.450000000001,Current,DEBT_CONSOLIDATION
LN-507152,CUST-103174,2025-04-27,0,0,False,False,24496.867499999986,Current,DEBT_CONSOLIDATION
LN-507153,CUST-106219,2025-04-27,0,0,False,False,24942.37000000001,Current,DEBT_CONSOLIDATION
LN-507154,CUST-103704,2025-04-27,0,0,True,False,13133.489999999994,Current,DEBT_CONSOLIDATION
LN-507155,CUST-102666,2025-04-27,0,0,False,False,83825.32250000002,Current,DEBT_CONSOLIDATION
LN-507156,CUST-104578,2025-04-27,0,0,False,False,31630.942500000005,Current,DEBT_CONSOLIDATION
LN-507157,CUST-100775,2025-04-27,0,0,False,False,6620.749999999997,Current,DEBT_CONSOLIDATION
LN-507158,CUST-101781,2025-04-27,0,0,False,False,8575.944999999996,Current,DEBT_CONSOLIDATION
LN-507159,CUST-104141,2025-04-27,0,0,False,False,28024.199999999993,Current,DEBT_CONSOLIDATION
LN-507160,CUST-104735,2025-04-27,0,0,False,False,21302.17,Current,DEBT_CONSOLIDATION
LN-507161,CUST-101111,2025-04-27,0,0,False,False,14254.3675,Current,DEBT_CONSOLIDATION
LN-507162,CUST-102484,2025-04-27,0,0,False,False,21820.569999999985,Current,DEBT_CONSOLIDATION
LN-507164,CUST-104887,2025-04-27,0,0,False,False,30341.515000000007,Current,DEBT_CONSOLIDATION
LN-507165,CUST-100781,2025-04-27,0,0,False,False,22622.21999999999,Current,DEBT_CONSOLIDATION
LN-507166,CUST-105967,2025-04-27,0,0,False,False,11058.234999999999,Current,DEBT_CONSOLIDATION
LN-507167,CUST-107774,2025-04-27,3,62,False,False,332422.09249999974,60-89,DEBT_CONSOLIDATION
LN-507168,CUST-104317,2025-04-27,0,0,False,False,10359.639999999996,Current,DEBT_CONSOLIDATION
LN-507169,CUST-103202,2025-04-27,0,0,False,False,4983.232500000005,Current,DEBT_CONSOLIDATION
LN-507170,CUST-103641,2025-04-27,0,0,False,False,15010.942500000001,Current,DEBT_CONSOLIDATION
LN-507171,CUST-101668,2025-04-27,0,0,False,False,33071.37999999997,Current,DEBT_CONSOLIDATION
LN-507172,CUST-107216,2025-04-27,0,0,False,False,1767.0799999999997,Current,DEBT_CONSOLIDATION
LN-507173,CUST-102465,2025-04-27,0,0,False,False,15386.13,Current,DEBT_CONSOLIDATION
LN-507175,CUST-101642,2025-04-27,0,0,False,False,64507.797500000015,Current,DEBT_CONSOLIDATION
LN-507176,CUST-105965,2025-04-27,0,0,False,False,43461.43,Current,DEBT_CONSOLIDATION
LN-507178,CUST-104965,2025-04-27,0,0,False,False,16362.727500000005,Current,DEBT_CONSOLIDATION
LN-507179,CUST-101749,2025-04-27,0,0,False,False,19768.887499999997,Current,DEBT_CONSOLIDATION
LN-507180,CUST-101710,2025-04-27,0,0,False,False,10255.227499999997,Current,DEBT_CONSOLIDATION
LN-507181,CUST-104853,2025-04-27,0,0,False,False,1805.71,Current,DEBT_CONSOLIDATION
LN-507182,CUST-100419,2025-04-27,0,0,False,False,1045.482499999999,Current,DEBT_CONSOLIDATION
LN-507183,CUST-101559,2025-04-27,0,0,False,False,7949.185000000004,Current,DEBT_CONSOLIDATION
LN-507184,CUST-105249,2025-04-27,0,0,False,False,118821.0975,Current,DEBT_CONSOLIDATION
LN-507185,CUST-100054,2025-04-27,0,0,False,False,33216.5925,Current,DEBT_CONSOLIDATION
LN-507186,CUST-105936,2025-04-27,0,0,False,False,21834.36,Current,DEBT_CONSOLIDATION
LN-507187,CUST-100039,2025-04-27,1,25,False,False,7936.852499999999,1-29,DEBT_CONSOLIDATION
LN-507188,CUST-106664,2025-04-27,0,0,False,False,6763.3,Current,DEBT_CONSOLIDATION
LN-507189,CUST-106572,2025-04-27,0,0,False,False,11269.440000000002,Current,DEBT_CONSOLIDATION
LN-507190,CUST-107416,2025-04-27,0,0,False,False,23000.925,Current,DEBT_CONSOLIDATION
LN-507191,CUST-106027,2025-04-27,0,0,False,False,19423.120000000003,Current,DEBT_CONSOLIDATION
LN-507192,CUST-103509,2025-04-27,0,0,False,False,47119.07500000001,Current,DEBT_CONSOLIDATION
LN-507193,CUST-102795,2025-04-27,0,0,False,False,50151.85,Current,DEBT_CONSOLIDATION
LN-507194,CUST-101358,2025-04-27,0,0,False,False,9712.6275,Current,DEBT_CONSOLIDATION
LN-507195,CUST-106129,2025-04-27,0,0,False,False,13608.145,Current,DEBT_CONSOLIDATION
LN-507197,CUST-107153,2025-04-27,0,0,False,False,41799.82,Current,DEBT_CONSOLIDATION
LN-507198,CUST-104268,2025-04-27,0,0,False,False,4024.7549999999997,Current,DEBT_CONSOLIDATION
LN-507199,CUST-101601,2025-04-27,0,0,False,False,7119.569999999996,Current,DEBT_CONSOLIDATION
LN-507200,CUST-101041,2025-04-27,0,0,False,False,10286.89999999999,Current,DEBT_CONSOLIDATION
LN-507201,CUST-104963,2025-04-27,0,0,False,False,35462.8275,Current,DEBT_CONSOLIDATION
LN-507202,CUST-104467,2025-04-27,0,0,False,False,10993.53,Current,DEBT_CONSOLIDATION
LN-507203,CUST-104791,2025-04-27,0,0,False,False,23981.049999999985,Current,DEBT_CONSOLIDATION
LN-507204,CUST-105609,2025-04-27,0,0,False,False,1018.5250000000009,Current,DEBT_CONSOLIDATION
LN-507205,CUST-103686,2025-04-27,0,0,False,False,555.7049999999992,Current,DEBT_CONSOLIDATION
LN-507206,CUST-104599,2025-04-27,0,0,False,False,130650.45499999996,Current,DEBT_CONSOLIDATION
LN-507207,CUST-101198,2025-04-27,0,0,False,False,42641.725000000006,Current,DEBT_CONSOLIDATION
LN-507208,CUST-104981,2025-04-27,0,0,False,False,39629.985000000015,Current,DEBT_CONSOLIDATION
LN-507209,CUST-107531,2025-04-27,0,0,False,False,16332.254999999988,Current,DEBT_CONSOLIDATION
LN-507210,CUST-107404,2025-04-27,0,0,False,False,17721.8925,Current,DEBT_CONSOLIDATION
LN-507211,CUST-102296,2025-04-27,0,0,False,False,13389.849999999999,Current,DEBT_CONSOLIDATION
LN-507212,CUST-106188,2025-04-27,0,0,False,False,13503.932499999999,Current,DEBT_CONSOLIDATION
LN-507213,CUST-105665,2025-04-27,0,0,False,False,2277.629999999999,Current,DEBT_CONSOLIDATION
LN-507214,CUST-103043,2025-04-27,0,0,False,False,38517.975,Current,DEBT_CONSOLIDATION
LN-507215,CUST-104540,2025-04-27,0,0,False,False,32894.39,Current,DEBT_CONSOLIDATION
LN-507216,CUST-106901,2025-04-27,0,0,False,False,16238.394999999991,Current,DEBT_CONSOLIDATION
LN-507217,CUST-105408,2025-04-27,0,0,False,False,148764.3275,Current,DEBT_CONSOLIDATION
LN-507218,CUST-100661,2025-04-27,0,0,False,False,28476.95,Current,DEBT_CONSOLIDATION
LN-507219,CUST-103618,2025-04-27,0,0,False,False,3934.6250000000023,Current,DEBT_CONSOLIDATION
LN-507220,CUST-101946,2025-04-27,0,0,False,False,853.8299999999992,Current,DEBT_CONSOLIDATION
LN-507221,CUST-105423,2025-04-27,1,9,False,False,23733.489999999998,1-29,DEBT_CONSOLIDATION
LN-507222,CUST-106874,2025-04-27,0,0,False,False,5755.78,Current,DEBT_CONSOLIDATION
LN-507224,CUST-102289,2025-04-27,0,0,False,False,45131.24000000001,Current,DEBT_CONSOLIDATION
LN-507225,CUST-102739,2025-04-27,0,0,False,False,14065.929999999998,Current,DEBT_CONSOLIDATION
LN-507227,CUST-105115,2025-04-27,0,0,False,False,26192.269999999993,Current,DEBT_CONSOLIDATION
LN-507228,CUST-107226,2025-04-27,0,0,False,False,14494.277499999993,Current,DEBT_CONSOLIDATION
LN-507229,CUST-102122,2025-04-27,1,5,False,False,18101.78,1-29,DEBT_CONSOLIDATION
LN-507230,CUST-101047,2025-04-27,1,10,False,False,37921.27249999998,1-29,DEBT_CONSOLIDATION
LN-507231,CUST-107419,2025-04-27,0,0,False,False,6939.512500000001,Current,DEBT_CONSOLIDATION
LN-507232,CUST-104597,2025-04-27,0,0,False,False,12945.447500000006,Current,DEBT_CONSOLIDATION
LN-507233,CUST-106723,2025-04-27,0,0,False,False,13089.74,Current,DEBT_CONSOLIDATION
LN-507234,CUST-102159,2025-04-27,0,0,False,False,46333.29500000001,Current,DEBT_CONSOLIDATION
LN-507235,CUST-102441,2025-04-27,0,0,False,False,669.4249999999995,Current,DEBT_CONSOLIDATION
LN-507236,CUST-103913,2025-04-27,0,0,False,False,20969.09,Current,DEBT_CONSOLIDATION
LN-507237,CUST-106481,2025-04-27,0,0,False,False,4414.5275,Current,DEBT_CONSOLIDATION
LN-507238,CUST-101593,2025-04-27,0,0,False,False,43079.77750000001,Current,DEBT_CONSOLIDATION
LN-507239,CUST-103599,2025-04-27,0,0,False,False,21329.44,Current,DEBT_CONSOLIDATION
LN-507240,CUST-101836,2025-04-27,0,0,False,False,26677.4675,Current,DEBT_CONSOLIDATION
LN-507241,CUST-106303,2025-04-27,0,0,False,False,12593.910000000005,Current,DEBT_CONSOLIDATION
LN-507242,CUST-107411,2025-04-27,0,0,False,False,21670.52749999999,Current,DEBT_CONSOLIDATION
LN-507244,CUST-100430,2025-04-27,2,46,False,False,16209.397500000008,30-59,DEBT_CONSOLIDATION
LN-507245,CUST-106813,2025-04-27,0,0,False,False,20925.510000000006,Current,DEBT_CONSOLIDATION
LN-507246,CUST-106297,2025-04-27,0,0,False,False,24358.515000000003,Current,DEBT_CONSOLIDATION
LN-507247,CUST-107655,2025-04-27,0,0,False,False,208465.7649999999,Current,DEBT_CONSOLIDATION
LN-507248,CUST-102892,2025-04-27,0,0,False,False,18662.060000000005,Current,DEBT_CONSOLIDATION
LN-507249,CUST-106960,2025-04-27,1,25,False,False,43191.25499999997,1-29,DEBT_CONSOLIDATION
LN-507250,CUST-106641,2025-04-27,0,0,False,False,11929.435,Current,DEBT_CONSOLIDATION
LN-507251,CUST-102056,2025-04-27,0,0,False,False,25878.465000000007,Current,DEBT_CONSOLIDATION
LN-507252,CUST-104603,2025-04-27,0,0,False,False,299000.36250000005,Current,DEBT_CONSOLIDATION
LN-507253,CUST-107549,2025-04-27,0,0,False,False,41951.715,Current,DEBT_CONSOLIDATION
LN-507254,CUST-105574,2025-04-27,0,0,False,False,8246.56499999999,Current,DEBT_CONSOLIDATION
LN-507255,CUST-107521,2025-04-27,0,0,False,False,14053.5225,Current,DEBT_CONSOLIDATION
LN-507256,CUST-106366,2025-04-27,0,0,False,False,115024.89249999991,Current,DEBT_CONSOLIDATION
LN-507257,CUST-101001,2025-04-27,1,6,False,False,67903.925,1-29,DEBT_CONSOLIDATION
LN-507259,CUST-101121,2025-04-27,0,0,False,False,13717.204999999998,Current,DEBT_CONSOLIDATION
LN-507260,CUST-107883,2025-04-27,0,0,False,False,22652.389999999985,Current,DEBT_CONSOLIDATION
LN-507261,CUST-104862,2025-04-27,0,0,False,False,22850.73,Current,DEBT_CONSOLIDATION
LN-507262,CUST-105901,2025-04-27,0,0,False,False,38721.97499999999,Current,DEBT_CONSOLIDATION
LN-507263,CUST-103412,2025-04-27,0,0,False,False,507290.13000000006,Current,DEBT_CONSOLIDATION
LN-507264,CUST-102319,2025-04-27,0,0,False,False,19108.52999999999,Current,DEBT_CONSOLIDATION
LN-507265,CUST-103255,2025-04-27,0,0,False,False,46253.48999999999,Current,DEBT_CONSOLIDATION
LN-507266,CUST-101093,2025-04-27,0,0,False,False,2959.1050000000014,Current,DEBT_CONSOLIDATION
LN-507267,CUST-102939,2025-04-27,0,0,False,False,5559.830000000002,Current,DEBT_CONSOLIDATION
LN-507268,CUST-103438,2025-04-27,1,12,False,False,161813.05499999993,1-29,DEBT_CONSOLIDATION
LN-507269,CUST-107271,2025-04-27,0,0,False,False,16914.982500000016,Current,DEBT_CONSOLIDATION
LN-507270,CUST-102602,2025-04-27,0,0,False,False,443.9999999999999,Current,DEBT_CONSOLIDATION
LN-507271,CUST-107537,2025-04-27,0,0,False,False,19343.589999999982,Current,DEBT_CONSOLIDATION
LN-507272,CUST-102301,2025-04-27,0,0,False,False,2442.3774999999996,Current,DEBT_CONSOLIDATION
LN-507273,CUST-107738,2025-04-27,0,0,False,False,8852.357500000002,Current,DEBT_CONSOLIDATION
LN-507274,CUST-103131,2025-04-27,1,10,False,False,26237.704999999994,1-29,DEBT_CONSOLIDATION
LN-507275,CUST-106093,2025-04-27,0,0,False,False,22325.884999999995,Current,DEBT_CONSOLIDATION
LN-507276,CUST-106887,2025-04-27,0,0,False,False,6875.459999999998,Current,DEBT_CONSOLIDATION
LN-507279,CUST-103616,2025-04-27,0,0,False,False,15764.2325,Current,DEBT_CONSOLIDATION
LN-507280,CUST-100398,2025-04-27,0,0,False,False,17540.62999999998,Current,DEBT_CONSOLIDATION
LN-507281,CUST-104817,2025-04-27,0,0,False,False,34834.6175,Current,DEBT_CONSOLIDATION
LN-507282,CUST-100204,2025-04-27,0,0,False,False,35367.08,Current,DEBT_CONSOLIDATION
LN-507283,CUST-107014,2025-04-27,0,0,False,False,14182.520000000004,Current,DEBT_CONSOLIDATION
LN-507284,CUST-101075,2025-04-27,0,0,False,False,5137.039999999999,Current,DEBT_CONSOLIDATION
LN-507285,CUST-101958,2025-04-27,3,72,False,False,81097.44000000006,60-89,DEBT_CONSOLIDATION
LN-507287,CUST-103728,2025-04-27,0,0,False,False,13704.074999999993,Current,DEBT_CONSOLIDATION
LN-507288,CUST-103394,2025-04-27,0,0,True,False,16988.95999999999,Current,DEBT_CONSOLIDATION
LN-507290,CUST-103490,2025-04-27,0,0,False,False,33303.049999999996,Current,DEBT_CONSOLIDATION
LN-507291,CUST-104222,2025-04-27,0,0,False,False,36962.08,Current,DEBT_CONSOLIDATION
LN-507292,CUST-106430,2025-04-27,0,0,False,False,14695.489999999996,Current,DEBT_CONSOLIDATION
LN-507294,CUST-103084,2025-04-27,0,0,False,False,16791.665000000005,Current,DEBT_CONSOLIDATION
LN-507295,CUST-105456,2025-04-27,0,0,False,False,28429.410000000014,Current,DEBT_CONSOLIDATION
LN-507296,CUST-106326,2025-04-27,0,0,False,False,5154.589999999998,Current,DEBT_CONSOLIDATION
LN-507297,CUST-106976,2025-04-27,1,26,False,False,22983.7375,1-29,DEBT_CONSOLIDATION
LN-507298,CUST-104445,2025-04-27,0,0,False,False,22252.655,Current,DEBT_CONSOLIDATION
LN-507299,CUST-106119,2025-04-27,0,0,False,False,20759.2775,Current,DEBT_CONSOLIDATION
LN-507300,CUST-100797,2025-04-27,0,0,False,False,31602.96500000002,Current,DEBT_CONSOLIDATION
LN-507301,CUST-104245,2025-04-27,0,0,False,False,11956.5125,Current,DEBT_CONSOLIDATION
LN-507303,CUST-107352,2025-04-27,0,0,False,False,18526.41999999999,Current,DEBT_CONSOLIDATION
LN-507305,CUST-107002,2025-04-27,0,0,False,False,32473.439999999995,Current,DEBT_CONSOLIDATION
LN-507306,CUST-104327,2025-04-27,0,0,False,False,53018.8175,Current,DEBT_CONSOLIDATION
LN-507307,CUST-103591,2025-04-27,0,0,False,False,33792.480000000025,Current,DEBT_CONSOLIDATION
LN-507308,CUST-103942,2025-04-27,0,0,False,False,1334.4700000000005,Current,DEBT_CONSOLIDATION
LN-507309,CUST-103592,2025-04-27,2,40,False,False,15083.07,30-59,DEBT_CONSOLIDATION
LN-507310,CUST-107896,2025-04-27,0,0,False,False,23562.405000000002,Current,DEBT_CONSOLIDATION
LN-507312,CUST-101205,2025-04-27,0,0,False,False,22221.894999999993,Current,DEBT_CONSOLIDATION
LN-507313,CUST-106842,2025-04-27,2,52,False,False,25645.62749999998,30-59,DEBT_CONSOLIDATION
LN-507314,CUST-105553,2025-04-27,0,0,False,False,17419.72,Current,DEBT_CONSOLIDATION
LN-507316,CUST-103234,2025-04-27,0,0,False,False,30485.2825,Current,DEBT_CONSOLIDATION
LN-507317,CUST-105534,2025-04-27,3,82,False,False,96808.85,60-89,DEBT_CONSOLIDATION
LN-507318,CUST-106243,2025-04-27,0,0,False,False,634088.7374999999,Current,DEBT_CONSOLIDATION
LN-507319,CUST-100668,2025-04-27,0,0,False,False,42315.30000000001,Current,DEBT_CONSOLIDATION
LN-507320,CUST-104146,2025-04-27,0,0,False,False,327322.44,Current,DEBT_CONSOLIDATION
LN-507321,CUST-101984,2025-04-27,0,0,False,False,11616.474999999997,Current,DEBT_CONSOLIDATION
LN-507322,CUST-106233,2025-04-27,0,0,False,False,25576.6025,Current,DEBT_CONSOLIDATION
LN-507323,CUST-101798,2025-04-27,0,0,False,True,34193.095,Current,DEBT_CONSOLIDATION
LN-507324,CUST-101280,2025-04-27,0,0,False,False,36452.655,Current,DEBT_CONSOLIDATION
LN-507325,CUST-104261,2025-04-27,0,0,False,False,13951.07,Current,DEBT_CONSOLIDATION
LN-507326,CUST-103366,2025-04-27,0,0,False,False,35219.35749999999,Current,DEBT_CONSOLIDATION
LN-507327,CUST-102304,2025-04-27,0,0,False,False,28057.370000000003,Current,DEBT_CONSOLIDATION
LN-507328,CUST-107087,2025-04-27,0,0,False,False,14731.0,Current,DEBT_CONSOLIDATION
LN-507329,CUST-102541,2025-04-27,0,0,False,False,22611.15000000001,Current,DEBT_CONSOLIDATION
LN-507330,CUST-107359,2025-04-27,0,0,False,False,31130.809999999983,Current,DEBT_CONSOLIDATION
LN-507331,CUST-107892,2025-04-27,0,0,False,False,94181.24500000001,Current,DEBT_CONSOLIDATION
LN-507332,CUST-102110,2025-04-27,0,0,False,False,27652.147500000017,Current,DEBT_CONSOLIDATION
LN-507333,CUST-101214,2025-04-27,0,0,False,False,49696.78500000002,Current,DEBT_CONSOLIDATION
LN-507334,CUST-101167,2025-04-27,0,0,False,False,14308.795000000002,Current,DEBT_CONSOLIDATION
LN-507335,CUST-106107,2025-04-27,0,0,False,False,8464.035,Current,DEBT_CONSOLIDATION
LN-507336,CUST-103715,2025-04-27,0,0,False,False,12466.2575,Current,DEBT_CONSOLIDATION
LN-507337,CUST-100769,2025-04-27,0,0,False,False,14756.724999999991,Current,DEBT_CONSOLIDATION
LN-507338,CUST-105875,2025-04-27,0,0,False,False,6354.410000000002,Current,DEBT_CONSOLIDATION
LN-507339,CUST-106265,2025-04-27,0,0,False,False,42378.5,Current,DEBT_CONSOLIDATION
LN-507340,CUST-105910,2025-04-27,0,0,False,False,30149.4675,Current,DEBT_CONSOLIDATION
LN-507341,CUST-106600,2025-04-27,0,0,False,False,26536.87750000001,Current,DEBT_CONSOLIDATION
LN-507342,CUST-107074,2025-04-27,0,0,False,False,51751.88,Current,DEBT_CONSOLIDATION
LN-507344,CUST-104608,2025-04-27,0,0,False,False,31399.162499999995,Current,DEBT_CONSOLIDATION
LN-507345,CUST-102528,2025-04-27,0,0,False,False,34276.23999999998,Current,DEBT_CONSOLIDATION
LN-507347,CUST-100891,2025-04-27,0,0,False,False,16799.47750000001,Current,DEBT_CONSOLIDATION
LN-507349,CUST-107186,2025-04-27,0,0,False,False,28039.425000000007,Current,DEBT_CONSOLIDATION
LN-507350,CUST-102550,2025-04-27,0,0,False,False,34323.687500000015,Current,DEBT_CONSOLIDATION
LN-507351,CUST-106463,2025-04-27,1,10,False,False,4440.170000000002,1-29,DEBT_CONSOLIDATION
LN-507352,CUST-105945,2025-04-27,0,0,False,False,6676.62,Current,DEBT_CONSOLIDATION
LN-507353,CUST-105772,2025-04-27,0,0,False,False,12582.720000000007,Current,DEBT_CONSOLIDATION
LN-507354,CUST-105978,2025-04-27,0,0,False,False,16726.29,Current,DEBT_CONSOLIDATION
LN-507355,CUST-105895,2025-04-27,0,0,False,False,109503.87999999992,Current,DEBT_CONSOLIDATION
LN-507356,CUST-101874,2025-04-27,0,0,False,False,1501.7974999999992,Current,DEBT_CONSOLIDATION
LN-507357,CUST-100542,2025-04-27,0,0,False,False,40780.06,Current,DEBT_CONSOLIDATION
LN-507359,CUST-102360,2025-04-27,0,0,False,False,7260.220000000001,Current,DEBT_CONSOLIDATION
LN-507360,CUST-103246,2025-04-27,0,0,False,False,8648.375,Current,DEBT_CONSOLIDATION
LN-507362,CUST-106398,2025-04-27,0,0,False,False,30985.844999999994,Current,DEBT_CONSOLIDATION
LN-507363,CUST-107423,2025-04-27,0,0,False,False,27514.30750000001,Current,DEBT_CONSOLIDATION
LN-507364,CUST-107373,2025-04-27,0,0,False,False,33898.19250000001,Current,DEBT_CONSOLIDATION
LN-507365,CUST-106282,2025-04-27,0,0,False,False,510958.345,Current,DEBT_CONSOLIDATION
LN-507366,CUST-103622,2025-04-27,0,0,False,False,20257.305,Current,DEBT_CONSOLIDATION
LN-507368,CUST-107095,2025-04-27,0,0,False,False,8025.28,Current,DEBT_CONSOLIDATION
LN-507369,CUST-104434,2025-04-27,0,0,False,False,8585.715000000004,Current,DEBT_CONSOLIDATION
LN-507370,CUST-100241,2025-04-27,0,0,False,False,28708.004999999983,Current,DEBT_CONSOLIDATION
LN-507371,CUST-104160,2025-04-27,0,0,False,False,4861.177499999998,Current,DEBT_CONSOLIDATION
LN-507372,CUST-101125,2025-04-27,0,0,False,False,32928.775,Current,DEBT_CONSOLIDATION
LN-507373,CUST-104983,2025-04-27,0,0,False,False,4899.640000000003,Current,DEBT_CONSOLIDATION
LN-507374,CUST-106396,2025-04-27,0,0,False,False,8326.454999999998,Current,DEBT_CONSOLIDATION
LN-507377,CUST-105341,2025-04-27,0,0,False,False,134035.53499999986,Current,DEBT_CONSOLIDATION
LN-507378,CUST-101639,2025-04-27,0,0,False,False,5779.167500000002,Current,DEBT_CONSOLIDATION
LN-507379,CUST-106530,2025-04-27,0,0,True,False,28218.239999999994,Current,DEBT_CONSOLIDATION
LN-507380,CUST-102799,2025-04-27,0,0,False,False,23312.6,Current,DEBT_CONSOLIDATION
LN-507381,CUST-102854,2025-04-27,0,0,False,False,36205.80000000003,Current,DEBT_CONSOLIDATION
LN-507383,CUST-100064,2025-04-27,0,0,False,False,11722.5175,Current,DEBT_CONSOLIDATION
LN-507384,CUST-100320,2025-04-27,1,9,False,False,32161.375,1-29,DEBT_CONSOLIDATION
LN-507385,CUST-100977,2025-04-27,0,0,False,False,24689.440000000017,Current,DEBT_CONSOLIDATION
LN-507386,CUST-101912,2025-04-27,0,0,False,False,28902.380000000005,Current,DEBT_CONSOLIDATION
LN-507387,CUST-101252,2025-04-27,0,0,False,False,7174.417499999996,Current,DEBT_CONSOLIDATION
LN-507388,CUST-105322,2025-04-27,0,0,True,False,115808.02000000006,Current,DEBT_CONSOLIDATION
LN-507389,CUST-106213,2025-04-27,0,0,False,False,3618.05,Current,DEBT_CONSOLIDATION
LN-507390,CUST-104181,2025-04-27,0,0,False,False,26371.09,Current,DEBT_CONSOLIDATION
LN-507391,CUST-106554,2025-04-27,0,0,False,False,12295.484999999999,Current,DEBT_CONSOLIDATION
LN-507392,CUST-103055,2025-04-27,0,0,False,False,54317.22,Current,DEBT_CONSOLIDATION
LN-507393,CUST-105518,2025-04-27,0,0,False,False,14432.745000000003,Current,DEBT_CONSOLIDATION
LN-507394,CUST-107217,2025-04-27,0,0,False,False,9317.550000000003,Current,DEBT_CONSOLIDATION
LN-507395,CUST-106719,2025-04-27,0,0,False,False,15764.235,Current,DEBT_CONSOLIDATION
LN-507397,CUST-105437,2025-04-27,0,0,False,False,19214.63249999999,Current,DEBT_CONSOLIDATION
LN-507398,CUST-101073,2025-04-27,0,0,False,False,8097.110000000001,Current,DEBT_CONSOLIDATION
LN-507399,CUST-104430,2025-04-27,0,0,False,False,10070.255000000005,Current,DEBT_CONSOLIDATION
LN-507400,CUST-106009,2025-04-27,0,0,False,False,1596.2299999999996,Current,DEBT_CONSOLIDATION
LN-507402,CUST-105591,2025-04-27,0,0,False,False,18815.99,Current,DEBT_CONSOLIDATION
LN-507403,CUST-105449,2025-04-27,0,0,False,False,124867.50000000006,Current,DEBT_CONSOLIDATION
LN-507404,CUST-101740,2025-04-27,0,0,False,False,2787.8599999999983,Current,DEBT_CONSOLIDATION
LN-507405,CUST-101329,2025-04-27,0,0,False,False,6164.900000000001,Current,DEBT_CONSOLIDATION
LN-507407,CUST-103066,2025-04-27,0,0,False,False,29756.85,Current,DEBT_CONSOLIDATION
LN-507408,CUST-104416,2025-04-27,0,0,False,False,16348.542499999994,Current,DEBT_CONSOLIDATION
LN-507409,CUST-104540,2025-04-27,0,0,False,False,4322.047500000002,Current,DEBT_CONSOLIDATION
LN-507410,CUST-105278,2025-04-27,0,0,False,False,27195.08,Current,DEBT_CONSOLIDATION
LN-507411,CUST-107388,2025-04-27,0,0,False,False,26719.339999999997,Current,DEBT_CONSOLIDATION
LN-507412,CUST-106876,2025-04-27,0,0,False,False,11846.3275,Current,DEBT_CONSOLIDATION
LN-507413,CUST-103705,2025-04-27,0,0,False,False,12482.345000000001,Current,DEBT_CONSOLIDATION
LN-507414,CUST-100335,2025-04-27,0,0,False,False,6502.872500000008,Current,DEBT_CONSOLIDATION
LN-507415,CUST-106213,2025-04-27,1,19,False,False,24360.310000000005,1-29,DEBT_CONSOLIDATION
LN-507419,CUST-101146,2025-04-27,0,0,False,False,22031.04000000001,Current,DEBT_CONSOLIDATION
LN-507420,CUST-103730,2025-04-27,0,0,False,False,40165.594999999994,Current,DEBT_CONSOLIDATION
LN-507421,CUST-101792,2025-04-27,0,0,False,False,21668.0,Current,DEBT_CONSOLIDATION
LN-507422,CUST-104084,2025-04-27,0,0,False,False,7443.122499999998,Current,DEBT_CONSOLIDATION
LN-507423,CUST-100661,2025-04-27,0,0,False,False,24544.995000000003,Current,DEBT_CONSOLIDATION
LN-507425,CUST-101854,2025-04-27,0,0,False,False,21766.735,Current,DEBT_CONSOLIDATION
LN-507426,CUST-104143,2025-04-27,0,0,False,False,7199.300000000001,Current,DEBT_CONSOLIDATION
LN-507427,CUST-106387,2025-04-27,0,0,False,False,20789.6825,Current,DEBT_CONSOLIDATION
LN-507428,CUST-104902,2025-04-27,0,0,False,False,20663.295,Current,DEBT_CONSOLIDATION
LN-507429,CUST-105453,2025-04-27,0,0,False,False,45729.13500000001,Current,DEBT_CONSOLIDATION
LN-507430,CUST-105582,2025-04-27,0,0,False,False,3606.22,Current,DEBT_CONSOLIDATION
LN-507431,CUST-103943,2025-04-27,0,0,False,False,58441.24000000003,Current,DEBT_CONSOLIDATION
LN-507433,CUST-101971,2025-04-27,0,0,False,False,42295.31250000001,Current,DEBT_CONSOLIDATION
LN-507434,CUST-100659,2025-04-27,0,0,False,False,36914.79999999998,Current,DEBT_CONSOLIDATION
LN-507435,CUST-105867,2025-04-27,0,0,False,False,79010.81,Current,DEBT_CONSOLIDATION
LN-507436,CUST-104992,2025-04-27,0,0,False,False,127056.22,Current,DEBT_CONSOLIDATION
LN-507437,CUST-103979,2025-04-27,0,0,False,False,20945.712499999998,Current,DEBT_CONSOLIDATION
LN-507438,CUST-105813,2025-04-27,0,0,False,False,78132.63500000001,Current,DEBT_CONSOLIDATION
LN-507439,CUST-107631,2025-04-27,0,0,False,False,43104.95,Current,DEBT_CONSOLIDATION
LN-507440,CUST-100121,2025-04-27,0,0,False,False,24674.109999999997,Current,DEBT_CONSOLIDATION
LN-507441,CUST-106578,2025-04-27,1,26,False,False,15089.612499999996,1-29,DEBT_CONSOLIDATION
LN-507442,CUST-100950,2025-04-27,0,0,False,False,18519.514999999996,Current,DEBT_CONSOLIDATION
LN-507443,CUST-100708,2025-04-27,0,0,False,False,18195.0,Current,DEBT_CONSOLIDATION
LN-507445,CUST-103076,2025-04-27,0,0,False,False,577856.0300000001,Current,DEBT_CONSOLIDATION
LN-507446,CUST-100448,2025-04-27,0,0,False,False,37010.83500000002,Current,DEBT_CONSOLIDATION
LN-507448,CUST-105107,2025-04-27,0,0,False,False,25670.372499999987,Current,DEBT_CONSOLIDATION
LN-507449,CUST-102924,2025-04-27,1,22,False,False,4999.4,1-29,DEBT_CONSOLIDATION
LN-507450,CUST-106123,2025-04-27,0,0,False,False,47053.46,Current,DEBT_CONSOLIDATION
LN-507451,CUST-104827,2025-04-27,0,0,False,False,46501.72,Current,DEBT_CONSOLIDATION
LN-507452,CUST-100567,2025-04-27,0,0,False,False,5352.73,Current,DEBT_CONSOLIDATION
LN-507453,CUST-103365,2025-04-27,0,0,False,False,22300.48999999998,Current,DEBT_CONSOLIDATION
LN-507454,CUST-103416,2025-04-27,3,79,False,False,11931.569999999998,60-89,DEBT_CONSOLIDATION
LN-507455,CUST-100571,2025-04-27,0,0,False,False,26647.780000000002,Current,DEBT_CONSOLIDATION
LN-507456,CUST-103083,2025-04-27,0,0,False,False,2320.6500000000024,Current,DEBT_CONSOLIDATION
LN-507460,CUST-107761,2025-04-27,0,0,False,False,502231.8575,Current,DEBT_CONSOLIDATION
LN-507462,CUST-100028,2025-04-27,0,0,False,False,12876.1775,Current,DEBT_CONSOLIDATION
LN-507463,CUST-105281,2025-04-27,0,0,False,False,8563.819999999994,Current,DEBT_CONSOLIDATION
LN-507465,CUST-103560,2025-04-27,3,74,False,False,9396.440000000008,60-89,DEBT_CONSOLIDATION
LN-507466,CUST-105148,2025-04-27,0,0,False,False,104881.3,Current,DEBT_CONSOLIDATION
LN-507467,CUST-104625,2025-04-27,0,0,False,False,10577.31,Current,DEBT_CONSOLIDATION
LN-507468,CUST-102951,2025-04-27,0,0,False,False,75218.65000000001,Current,DEBT_CONSOLIDATION
LN-507469,CUST-100505,2025-04-27,0,0,False,False,173129.32000000004,Current,DEBT_CONSOLIDATION
LN-507470,CUST-107809,2025-04-27,0,0,False,False,42704.0025,Current,DEBT_CONSOLIDATION
LN-507471,CUST-100237,2025-04-27,0,0,False,False,8801.577500000003,Current,DEBT_CONSOLIDATION
LN-507472,CUST-107030,2025-04-27,0,0,False,False,10061.689999999997,Current,DEBT_CONSOLIDATION
LN-507473,CUST-105836,2025-04-27,0,0,False,False,35745.14999999998,Current,DEBT_CONSOLIDATION
LN-507474,CUST-107725,2025-04-27,0,0,False,False,26707.46,Current,DEBT_CONSOLIDATION
LN-507475,CUST-103757,2025-04-27,0,0,False,False,37703.539999999986,Current,DEBT_CONSOLIDATION
LN-507478,CUST-106218,2025-04-27,0,0,False,False,20750.742499999997,Current,DEBT_CONSOLIDATION
LN-507479,CUST-102316,2025-04-27,0,0,False,False,3070.1150000000002,Current,DEBT_CONSOLIDATION
LN-507480,CUST-104968,2025-04-27,0,0,False,False,26354.610000000004,Current,DEBT_CONSOLIDATION
LN-507482,CUST-104576,2025-04-27,0,0,False,False,21763.3925,Current,DEBT_CONSOLIDATION
LN-507483,CUST-101606,2025-04-27,0,0,False,False,31374.70999999997,Current,DEBT_CONSOLIDATION
LN-507484,CUST-103734,2025-04-27,0,0,False,False,26863.535,Current,DEBT_CONSOLIDATION
LN-507485,CUST-102434,2025-04-27,0,0,False,True,17245.475,Current,DEBT_CONSOLIDATION
LN-507486,CUST-101982,2025-04-27,0,0,False,False,14787.854999999992,Current,DEBT_CONSOLIDATION
LN-507487,CUST-100401,2025-04-27,0,0,False,False,25309.93,Current,DEBT_CONSOLIDATION
LN-507488,CUST-105068,2025-04-27,0,0,False,False,16765.4,Current,DEBT_CONSOLIDATION
LN-507489,CUST-105187,2025-04-27,0,0,False,False,119813.14000000007,Current,DEBT_CONSOLIDATION
LN-507491,CUST-104366,2025-04-27,0,0,False,False,15136.794999999998,Current,DEBT_CONSOLIDATION
LN-507492,CUST-100971,2025-04-27,0,0,False,False,11064.9075,Current,DEBT_CONSOLIDATION
LN-507493,CUST-106747,2025-04-27,0,0,False,False,23100.775000000012,Current,DEBT_CONSOLIDATION
LN-507494,CUST-102175,2025-04-27,0,0,False,False,18180.144999999982,Current,DEBT_CONSOLIDATION
LN-507495,CUST-102033,2025-04-27,0,0,False,False,19016.17999999999,Current,DEBT_CONSOLIDATION
LN-507496,CUST-100633,2025-04-27,1,4,False,False,5466.305,1-29,DEBT_CONSOLIDATION
LN-507497,CUST-107428,2025-04-27,0,0,False,False,26471.077499999996,Current,DEBT_CONSOLIDATION
LN-507498,CUST-101243,2025-04-27,0,0,False,False,28094.357499999995,Current,DEBT_CONSOLIDATION
LN-507499,CUST-103204,2025-04-27,0,0,False,False,23195.214999999993,Current,DEBT_CONSOLIDATION
LN-507500,CUST-104398,2025-04-27,0,0,False,False,17895.06999999998,Current,DEBT_CONSOLIDATION
LN-507501,CUST-102100,2025-04-27,0,0,False,False,14185.722500000003,Current,DEBT_CONSOLIDATION
LN-507502,CUST-105830,2025-04-27,0,0,False,False,128905.71249999997,Current,DEBT_CONSOLIDATION
LN-507503,CUST-100120,2025-04-27,0,0,False,False,19417.02,Current,DEBT_CONSOLIDATION
LN-507504,CUST-106791,2025-04-27,0,0,False,False,53338.98,Current,DEBT_CONSOLIDATION
LN-507505,CUST-105002,2025-04-27,0,0,False,False,37276.22999999998,Current,DEBT_CONSOLIDATION
LN-507506,CUST-101954,2025-04-27,0,0,False,False,7642.82,Current,DEBT_CONSOLIDATION
LN-507508,CUST-106746,2025-04-27,0,0,False,False,49653.422499999986,Current,DEBT_CONSOLIDATION
LN-507509,CUST-104301,2025-04-27,0,0,False,False,12200.550000000005,Current,DEBT_CONSOLIDATION
LN-507510,CUST-102103,2025-04-27,0,0,False,False,17321.00250000001,Current,DEBT_CONSOLIDATION
LN-507512,CUST-101569,2025-04-27,0,0,False,False,21999.359999999997,Current,DEBT_CONSOLIDATION
LN-507513,CUST-104721,2025-04-27,0,0,False,False,9184.652500000004,Current,DEBT_CONSOLIDATION
LN-507515,CUST-100094,2025-04-27,0,0,False,False,24720.985000000015,Current,DEBT_CONSOLIDATION
LN-507516,CUST-102025,2025-04-27,0,0,False,False,14517.950000000004,Current,DEBT_CONSOLIDATION
LN-507517,CUST-102566,2025-04-27,0,0,False,False,15388.490000000002,Current,DEBT_CONSOLIDATION
LN-507518,CUST-104550,2025-04-27,0,0,False,False,9446.10500000001,Current,DEBT_CONSOLIDATION
LN-507519,CUST-106983,2025-04-27,0,0,False,False,24813.434999999994,Current,DEBT_CONSOLIDATION
LN-507520,CUST-104699,2025-04-27,0,0,False,False,42375.962500000016,Current,DEBT_CONSOLIDATION
LN-507521,CUST-103667,2025-04-27,0,0,False,False,80215.06250000001,Current,DEBT_CONSOLIDATION
LN-507522,CUST-107322,2025-04-27,0,0,False,False,25911.200000000004,Current,DEBT_CONSOLIDATION
LN-507523,CUST-103682,2025-04-27,0,0,False,False,22068.875000000004,Current,DEBT_CONSOLIDATION
LN-507524,CUST-100177,2025-04-27,0,0,False,False,33955.729999999996,Current,DEBT_CONSOLIDATION
LN-507526,CUST-103589,2025-04-27,0,0,False,False,18606.534999999993,Current,DEBT_CONSOLIDATION
LN-507528,CUST-107463,2025-04-27,0,0,False,False,599729.4750000001,Current,DEBT_CONSOLIDATION
LN-507529,CUST-104119,2025-04-27,0,0,False,False,16551.64000000001,Current,DEBT_CONSOLIDATION
LN-507530,CUST-106682,2025-04-27,0,0,False,False,10240.640000000005,Current,DEBT_CONSOLIDATION
LN-507531,CUST-107734,2025-04-27,0,0,False,False,13758.71749999999,Current,DEBT_CONSOLIDATION
LN-507532,CUST-100696,2025-04-27,0,0,False,False,13020.665000000006,Current,DEBT_CONSOLIDATION
LN-507533,CUST-106856,2025-04-27,0,0,False,False,144206.7,Current,DEBT_CONSOLIDATION
LN-507534,CUST-103380,2025-04-27,0,0,False,False,26292.795,Current,DEBT_CONSOLIDATION
LN-507535,CUST-107509,2025-04-27,0,0,False,False,26863.812500000004,Current,DEBT_CONSOLIDATION
LN-507537,CUST-105385,2025-04-27,0,0,False,False,22749.569999999992,Current,DEBT_CONSOLIDATION
LN-507538,CUST-103752,2025-04-27,0,0,False,False,6970.594999999999,Current,DEBT_CONSOLIDATION
LN-507539,CUST-104491,2025-04-27,0,0,False,False,47377.770000000004,Current,DEBT_CONSOLIDATION
LN-507540,CUST-101585,2025-04-27,0,0,False,False,3228.602500000001,Current,DEBT_CONSOLIDATION
LN-507541,CUST-103036,2025-04-27,2,61,False,False,17952.82249999999,30-59,DEBT_CONSOLIDATION
LN-507542,CUST-100034,2025-04-27,0,0,False,False,45424.07500000001,Current,DEBT_CONSOLIDATION
LN-507543,CUST-105819,2025-04-27,0,0,False,False,19830.914999999997,Current,DEBT_CONSOLIDATION
LN-507544,CUST-105821,2025-04-27,0,0,False,False,352841.75,Current,DEBT_CONSOLIDATION
LN-507545,CUST-104352,2025-04-27,0,0,False,False,42645.42750000001,Current,DEBT_CONSOLIDATION
LN-507546,CUST-104629,2025-04-27,0,0,False,False,27834.315000000002,Current,DEBT_CONSOLIDATION
LN-507547,CUST-104793,2025-04-27,3,85,False,False,34071.53999999999,60-89,DEBT_CONSOLIDATION
LN-507548,CUST-103783,2025-04-27,0,0,False,False,18755.550000000003,Current,DEBT_CONSOLIDATION
LN-507549,CUST-102741,2025-04-27,0,0,False,False,326.98750000000007,Current,DEBT_CONSOLIDATION
LN-507551,CUST-103437,2025-04-27,0,0,False,False,11338.684999999994,Current,DEBT_CONSOLIDATION
LN-507553,CUST-105697,2025-04-27,0,0,False,False,49654.305,Current,DEBT_CONSOLIDATION
LN-507554,CUST-105610,2025-04-27,0,0,False,False,25089.5725,Current,DEBT_CONSOLIDATION
LN-507555,CUST-100395,2025-04-27,0,0,False,False,25738.405000000006,Current,DEBT_CONSOLIDATION
LN-507556,CUST-106405,2025-04-27,0,0,False,False,47814.97499999999,Current,DEBT_CONSOLIDATION
LN-507557,CUST-102178,2025-04-27,0,0,False,False,29135.019999999993,Current,DEBT_CONSOLIDATION
LN-507558,CUST-104226,2025-04-27,0,0,False,False,275845.58499999985,Current,DEBT_CONSOLIDATION
LN-507559,CUST-100595,2025-04-27,4,103,False,False,7273.3150000000005,90+,DEBT_CONSOLIDATION
LN-507560,CUST-103358,2025-04-27,0,0,False,False,30496.545000000006,Current,DEBT_CONSOLIDATION
LN-507561,CUST-103776,2025-04-27,0,0,False,False,9705.572499999997,Current,DEBT_CONSOLIDATION
LN-507563,CUST-102247,2025-04-27,0,0,False,False,43651.46,Current,DEBT_CONSOLIDATION
LN-507564,CUST-106169,2025-04-27,0,0,False,True,11539.977499999992,Current,DEBT_CONSOLIDATION
LN-507565,CUST-100207,2025-04-27,0,0,False,False,45590.38,Current,DEBT_CONSOLIDATION
LN-507566,CUST-102690,2025-04-27,0,0,False,False,17837.7,Current,DEBT_CONSOLIDATION
LN-507567,CUST-103388,2025-04-27,0,0,False,False,184127.39749999996,Current,DEBT_CONSOLIDATION
LN-507568,CUST-106057,2025-04-27,0,0,False,False,10779.9325,Current,DEBT_CONSOLIDATION
LN-507569,CUST-104189,2025-04-27,0,0,False,False,4848.175000000003,Current,DEBT_CONSOLIDATION
LN-507571,CUST-100153,2025-04-27,0,0,False,False,17983.50999999999,Current,DEBT_CONSOLIDATION
LN-507572,CUST-103389,2025-04-27,0,0,False,False,17680.08,Current,DEBT_CONSOLIDATION
LN-507573,CUST-100987,2025-04-27,0,0,False,False,11920.425,Current,DEBT_CONSOLIDATION
LN-507574,CUST-103934,2025-04-27,0,0,False,False,5040.699999999997,Current,DEBT_CONSOLIDATION
LN-507575,CUST-104741,2025-04-27,0,0,False,False,46274.43999999997,Current,DEBT_CONSOLIDATION
LN-507577,CUST-105647,2025-04-27,0,0,False,False,16448.680000000015,Current,DEBT_CONSOLIDATION
LN-507578,CUST-104173,2025-04-27,0,0,False,False,9344.629999999988,Current,DEBT_CONSOLIDATION
LN-507579,CUST-102336,2025-04-27,0,0,False,False,6156.129999999999,Current,DEBT_CONSOLIDATION
LN-507580,CUST-106841,2025-04-27,0,0,False,False,27568.394999999997,Current,DEBT_CONSOLIDATION
LN-507581,CUST-100936,2025-04-27,0,0,False,False,36935.399999999965,Current,DEBT_CONSOLIDATION
LN-507582,CUST-107262,2025-04-27,0,0,False,False,7505.625000000003,Current,DEBT_CONSOLIDATION
LN-507583,CUST-107406,2025-04-27,0,0,False,False,32863.805,Current,DEBT_CONSOLIDATION
LN-507584,CUST-100935,2025-04-27,0,0,False,False,29115.16,Current,DEBT_CONSOLIDATION
LN-507585,CUST-107414,2025-04-27,0,0,False,False,29878.58,Current,DEBT_CONSOLIDATION
LN-507586,CUST-101555,2025-04-27,0,0,False,False,13002.1775,Current,DEBT_CONSOLIDATION
LN-507587,CUST-104467,2025-04-27,0,0,False,False,42360.19499999999,Current,DEBT_CONSOLIDATION
LN-507588,CUST-105149,2025-04-27,0,0,False,False,8931.097500000005,Current,DEBT_CONSOLIDATION
LN-507589,CUST-107935,2025-04-27,0,0,False,False,10404.2,Current,DEBT_CONSOLIDATION
LN-507590,CUST-101046,2025-04-27,0,0,False,False,40482.51500000001,Current,DEBT_CONSOLIDATION
LN-507591,CUST-103740,2025-04-27,0,0,False,False,16433.047500000008,Current,DEBT_CONSOLIDATION
LN-507592,CUST-101737,2025-04-27,2,45,False,False,9849.82,30-59,DEBT_CONSOLIDATION
LN-507593,CUST-106703,2025-04-27,0,0,False,False,377145.74749999994,Current,DEBT_CONSOLIDATION
LN-507594,CUST-103741,2025-04-27,0,0,False,False,2385.5699999999993,Current,DEBT_CONSOLIDATION
LN-507595,CUST-101284,2025-04-27,0,0,False,False,31405.6175,Current,DEBT_CONSOLIDATION
LN-507596,CUST-100027,2025-04-27,0,0,False,False,46189.33499999999,Current,DEBT_CONSOLIDATION
LN-507597,CUST-107474,2025-04-27,0,0,False,False,77466.28250000002,Current,DEBT_CONSOLIDATION
LN-507598,CUST-106607,2025-04-27,0,0,False,False,565031.1600000004,Current,DEBT_CONSOLIDATION
LN-507599,CUST-106876,2025-04-27,0,0,False,False,16791.719999999998,Current,DEBT_CONSOLIDATION
LN-507600,CUST-100133,2025-04-27,0,0,False,False,96260.815,Current,DEBT_CONSOLIDATION
LN-507601,CUST-107391,2025-04-27,0,0,False,False,88018.49499999998,Current,DEBT_CONSOLIDATION
LN-507602,CUST-101371,2025-04-27,0,0,False,False,8295.61,Current,DEBT_CONSOLIDATION
LN-507603,CUST-102054,2025-04-27,0,0,False,False,3421.9275000000002,Current,DEBT_CONSOLIDATION
LN-507605,CUST-100388,2025-04-27,3,82,False,False,36883.17000000001,60-89,DEBT_CONSOLIDATION
LN-507606,CUST-104881,2025-04-27,0,0,False,False,12475.55,Current,DEBT_CONSOLIDATION
LN-507607,CUST-105358,2025-04-27,0,0,False,False,600763.1649999998,Current,DEBT_CONSOLIDATION
LN-507608,CUST-104444,2025-04-27,0,0,False,False,10781.800000000001,Current,DEBT_CONSOLIDATION
LN-507609,CUST-101575,2025-04-27,0,0,False,False,30599.155000000006,Current,DEBT_CONSOLIDATION
LN-507610,CUST-103196,2025-04-27,0,0,False,False,38954.11999999999,Current,DEBT_CONSOLIDATION
LN-507611,CUST-106668,2025-04-27,0,0,False,False,18524.6225,Current,DEBT_CONSOLIDATION
LN-507612,CUST-106377,2025-04-27,0,0,False,False,31253.202500000014,Current,DEBT_CONSOLIDATION
LN-507613,CUST-103281,2025-04-27,0,0,False,False,8906.650000000007,Current,DEBT_CONSOLIDATION
LN-507614,CUST-100020,2025-04-27,0,0,False,False,11208.767499999994,Current,DEBT_CONSOLIDATION
LN-507615,CUST-104877,2025-04-27,0,0,False,False,32135.534999999974,Current,DEBT_CONSOLIDATION
LN-507617,CUST-106289,2025-04-27,0,0,False,False,3936.849999999997,Current,DEBT_CONSOLIDATION
LN-507618,CUST-100672,2025-04-27,0,0,False,False,32639.50249999999,Current,DEBT_CONSOLIDATION
LN-507619,CUST-104736,2025-04-27,0,0,False,False,27734.25999999998,Current,DEBT_CONSOLIDATION
LN-507620,CUST-105931,2025-04-27,0,0,False,False,8645.4425,Current,DEBT_CONSOLIDATION
LN-507621,CUST-102561,2025-04-27,0,0,False,False,24293.2,Current,DEBT_CONSOLIDATION
LN-507622,CUST-106742,2025-04-27,0,0,False,False,15272.170000000006,Current,DEBT_CONSOLIDATION
LN-507623,CUST-104058,2025-04-27,0,0,False,False,11393.287500000006,Current,DEBT_CONSOLIDATION
LN-507624,CUST-103244,2025-04-27,0,0,False,False,22235.02,Current,DEBT_CONSOLIDATION
LN-507625,CUST-100137,2025-04-27,0,0,False,False,5179.78,Current,DEBT_CONSOLIDATION
LN-507626,CUST-102230,2025-04-27,0,0,False,False,15929.005000000005,Current,DEBT_CONSOLIDATION
LN-507629,CUST-102825,2025-04-27,1,9,False,False,28305.300000000017,1-29,DEBT_CONSOLIDATION
LN-507630,CUST-106947,2025-04-27,0,0,False,False,8385.435,Current,DEBT_CONSOLIDATION
LN-507631,CUST-105892,2025-04-27,0,0,False,False,3829.9574999999995,Current,DEBT_CONSOLIDATION
LN-507632,CUST-104900,2025-04-27,0,0,True,False,13935.744999999999,Current,DEBT_CONSOLIDATION
LN-507633,CUST-100636,2025-04-27,0,0,False,False,5341.110000000001,Current,DEBT_CONSOLIDATION
LN-507634,CUST-103397,2025-04-27,0,0,False,False,3935.2949999999996,Current,DEBT_CONSOLIDATION
LN-507635,CUST-103629,2025-04-27,0,0,False,False,18189.910000000014,Current,DEBT_CONSOLIDATION
LN-507636,CUST-101319,2025-04-27,0,0,False,False,24089.639999999996,Current,DEBT_CONSOLIDATION
LN-507637,CUST-101330,2025-04-27,0,0,False,False,7134.762499999995,Current,DEBT_CONSOLIDATION
LN-507638,CUST-105643,2025-04-27,0,0,False,False,362883.84000000014,Current,DEBT_CONSOLIDATION
LN-507639,CUST-106220,2025-04-27,0,0,True,False,35099.47499999997,Current,DEBT_CONSOLIDATION
LN-507640,CUST-100716,2025-04-27,0,0,False,False,23909.71250000001,Current,DEBT_CONSOLIDATION
LN-507641,CUST-101484,2025-04-27,0,0,False,False,626341.22,Current,DEBT_CONSOLIDATION
LN-507642,CUST-103480,2025-04-27,0,0,False,False,47457.999999999985,Current,DEBT_CONSOLIDATION
LN-507644,CUST-104778,2025-04-27,0,0,False,False,45017.3475,Current,DEBT_CONSOLIDATION
LN-507645,CUST-107982,2025-04-27,0,0,False,False,30405.405000000013,Current,DEBT_CONSOLIDATION
LN-507648,CUST-103232,2025-04-27,0,0,False,False,8396.767499999994,Current,DEBT_CONSOLIDATION
LN-507649,CUST-102799,2025-04-27,0,0,False,False,35089.16999999998,Current,DEBT_CONSOLIDATION
LN-507650,CUST-103259,2025-04-27,0,0,False,False,32056.3425,Current,DEBT_CONSOLIDATION
LN-507651,CUST-103087,2025-04-27,0,0,False,False,61353.1,Current,DEBT_CONSOLIDATION
LN-507652,CUST-104371,2025-04-27,0,0,False,False,27150.63750000002,Current,DEBT_CONSOLIDATION
LN-507653,CUST-106752,2025-04-27,0,0,False,False,30370.007499999992,Current,DEBT_CONSOLIDATION
LN-507654,CUST-103627,2025-04-27,0,0,False,False,22229.367499999982,Current,DEBT_CONSOLIDATION
LN-507655,CUST-105060,2025-04-27,1,31,False,False,24177.915,1-29,DEBT_CONSOLIDATION
LN-507656,CUST-101911,2025-04-27,0,0,False,False,6008.64,Current,DEBT_CONSOLIDATION
LN-507657,CUST-103637,2025-04-27,0,0,False,False,6624.527500000001,Current,DEBT_CONSOLIDATION
LN-507658,CUST-106273,2025-04-27,0,0,False,False,12208.405000000004,Current,DEBT_CONSOLIDATION
LN-507660,CUST-105703,2025-04-27,0,0,False,False,20754.704999999994,Current,DEBT_CONSOLIDATION
LN-507661,CUST-101009,2025-04-27,0,0,False,False,29931.495,Current,DEBT_CONSOLIDATION
LN-507662,CUST-104958,2025-04-27,0,0,False,False,8626.07,Current,DEBT_CONSOLIDATION
LN-507663,CUST-107501,2025-04-27,0,0,False,False,8685.382500000003,Current,DEBT_CONSOLIDATION
LN-507664,CUST-102143,2025-04-27,0,0,False,False,1059.1675,Current,DEBT_CONSOLIDATION
LN-507665,CUST-106390,2025-04-27,1,27,False,False,16904.719999999998,1-29,DEBT_CONSOLIDATION
LN-507666,CUST-104761,2025-04-27,0,0,False,False,17818.514999999992,Current,DEBT_CONSOLIDATION
LN-507667,CUST-104089,2025-04-27,0,0,False,False,1818.3599999999997,Current,DEBT_CONSOLIDATION
LN-507670,CUST-102246,2025-04-27,1,1,False,False,48602.18,1-29,DEBT_CONSOLIDATION
LN-507671,CUST-101572,2025-04-27,0,0,False,False,4966.26,Current,DEBT_CONSOLIDATION
LN-507672,CUST-107259,2025-04-27,0,0,False,False,365000.3600000001,Current,DEBT_CONSOLIDATION
LN-507673,CUST-103336,2025-04-27,0,0,False,False,22039.879999999997,Current,DEBT_CONSOLIDATION
LN-507674,CUST-101657,2025-04-27,0,0,False,False,45955.68500000002,Current,DEBT_CONSOLIDATION
LN-507675,CUST-101344,2025-04-27,0,0,False,False,36529.01500000001,Current,DEBT_CONSOLIDATION
LN-507676,CUST-100830,2025-04-27,0,0,False,False,15242.84499999999,Current,DEBT_CONSOLIDATION
LN-507677,CUST-105015,2025-04-27,0,0,False,False,46474.339999999975,Current,DEBT_CONSOLIDATION
LN-507678,CUST-101821,2025-04-27,2,44,False,False,25081.437499999996,30-59,DEBT_CONSOLIDATION
LN-507679,CUST-106195,2025-04-27,0,0,False,False,126711.66500000001,Current,DEBT_CONSOLIDATION
LN-507680,CUST-105941,2025-04-27,0,0,False,False,15432.607499999998,Current,DEBT_CONSOLIDATION
LN-507682,CUST-107484,2025-04-27,0,0,False,False,16659.5425,Current,DEBT_CONSOLIDATION
LN-507683,CUST-101324,2025-04-27,0,0,False,False,4890.330000000001,Current,DEBT_CONSOLIDATION
LN-507684,CUST-103321,2025-04-27,3,63,False,False,8392.715000000004,60-89,DEBT_CONSOLIDATION
LN-507685,CUST-102386,2025-04-27,0,0,False,False,15786.919999999995,Current,DEBT_CONSOLIDATION
LN-507686,CUST-100706,2025-04-27,0,0,False,False,13215.33500000001,Current,DEBT_CONSOLIDATION
LN-507688,CUST-101030,2025-04-27,0,0,False,False,7477.049999999999,Current,DEBT_CONSOLIDATION
LN-507689,CUST-102339,2025-04-27,0,0,False,False,85529.63499999994,Current,DEBT_CONSOLIDATION
LN-507690,CUST-106035,2025-04-27,0,0,False,False,26449.49000000001,Current,DEBT_CONSOLIDATION
LN-507691,CUST-102599,2025-04-27,0,0,False,False,15184.787500000004,Current,DEBT_CONSOLIDATION
LN-507692,CUST-103418,2025-04-27,0,0,False,False,21414.525000000016,Current,DEBT_CONSOLIDATION
LN-507693,CUST-103393,2025-04-27,0,0,False,False,10413.210000000003,Current,DEBT_CONSOLIDATION
LN-507694,CUST-101655,2025-04-27,0,0,False,False,132510.825,Current,DEBT_CONSOLIDATION
LN-507695,CUST-101481,2025-04-27,0,0,False,False,6841.795000000004,Current,DEBT_CONSOLIDATION
LN-507697,CUST-104860,2025-04-27,0,0,False,False,38216.545,Current,DEBT_CONSOLIDATION
LN-507698,CUST-105084,2025-04-27,0,0,False,False,39594.93999999999,Current,DEBT_CONSOLIDATION
LN-507699,CUST-103216,2025-04-27,0,0,False,False,69632.5875,Current,DEBT_CONSOLIDATION
LN-507700,CUST-106933,2025-04-27,0,0,False,False,18924.594999999998,Current,DEBT_CONSOLIDATION
LN-507702,CUST-106633,2025-04-27,0,0,False,False,30787.47,Current,DEBT_CONSOLIDATION
LN-507703,CUST-100113,2025-04-27,0,0,False,False,9405.699999999999,Current,DEBT_CONSOLIDATION
LN-507704,CUST-105686,2025-04-27,0,0,False,False,41332.115,Current,DEBT_CONSOLIDATION
LN-507705,CUST-106539,2025-04-27,0,0,False,False,24421.040000000005,Current,DEBT_CONSOLIDATION
LN-507706,CUST-107317,2025-04-27,0,0,False,False,18326.007499999974,Current,DEBT_CONSOLIDATION
LN-507707,CUST-107122,2025-04-27,0,0,False,False,628029.7875000003,Current,DEBT_CONSOLIDATION
LN-507708,CUST-104583,2025-04-27,0,0,False,False,41325.30000000004,Current,DEBT_CONSOLIDATION
LN-507710,CUST-107543,2025-04-27,0,0,False,False,14389.300000000007,Current,DEBT_CONSOLIDATION
LN-507711,CUST-107648,2025-04-27,1,1,False,False,12371.559999999998,1-29,DEBT_CONSOLIDATION
LN-507712,CUST-105668,2025-04-27,0,0,False,False,18174.415,Current,DEBT_CONSOLIDATION
LN-507714,CUST-103512,2025-04-27,0,0,False,False,1330.2299999999996,Current,DEBT_CONSOLIDATION
LN-507717,CUST-104414,2025-04-27,0,0,False,False,21877.33999999999,Current,DEBT_CONSOLIDATION
LN-507718,CUST-104971,2025-04-27,0,0,False,False,8163.792500000005,Current,DEBT_CONSOLIDATION
LN-507719,CUST-102415,2025-04-27,0,0,False,False,15511.599999999999,Current,DEBT_CONSOLIDATION
LN-507720,CUST-103081,2025-04-27,0,0,False,False,30060.269999999997,Current,DEBT_CONSOLIDATION
LN-507722,CUST-103692,2025-04-27,0,0,False,False,35658.48750000002,Current,DEBT_CONSOLIDATION
LN-507723,CUST-106583,2025-04-27,0,0,False,False,10583.740000000002,Current,DEBT_CONSOLIDATION
LN-507724,CUST-102199,2025-04-27,0,0,False,False,592000.2825000001,Current,DEBT_CONSOLIDATION
LN-507725,CUST-103033,2025-04-27,0,0,False,False,23150.572500000002,Current,DEBT_CONSOLIDATION
LN-507726,CUST-102632,2025-04-27,0,0,False,False,46888.93,Current,DEBT_CONSOLIDATION
LN-507727,CUST-106645,2025-04-27,4,168,False,False,73976.35499999995,90+,DEBT_CONSOLIDATION
LN-507728,CUST-100376,2025-04-27,4,122,False,False,88063.28,90+,DEBT_CONSOLIDATION
LN-507729,CUST-107256,2025-04-27,0,0,False,False,31421.440000000002,Current,DEBT_CONSOLIDATION
LN-507730,CUST-105904,2025-04-27,0,0,False,False,5576.352499999998,Current,DEBT_CONSOLIDATION
LN-507731,CUST-106316,2025-04-27,0,0,False,False,23601.744999999995,Current,DEBT_CONSOLIDATION
LN-507732,CUST-105651,2025-04-27,0,0,False,False,5102.11,Current,DEBT_CONSOLIDATION
LN-507733,CUST-104967,2025-04-27,0,0,False,False,14530.564999999995,Current,DEBT_CONSOLIDATION
LN-507734,CUST-103824,2025-04-27,0,0,False,False,24959.25,Current,DEBT_CONSOLIDATION
LN-507735,CUST-107213,2025-04-27,0,0,False,False,18782.3,Current,DEBT_CONSOLIDATION
LN-507736,CUST-104546,2025-04-27,0,0,False,False,12360.020000000015,Current,DEBT_CONSOLIDATION
LN-507737,CUST-106439,2025-04-27,4,104,False,False,18304.4625,90+,DEBT_CONSOLIDATION
LN-507738,CUST-107030,2025-04-27,0,0,False,False,25280.124999999996,Current,DEBT_CONSOLIDATION
LN-507739,CUST-100734,2025-04-27,0,0,False,False,145082.95500000002,Current,DEBT_CONSOLIDATION
LN-507740,CUST-105806,2025-04-27,0,0,False,False,7503.914999999997,Current,DEBT_CONSOLIDATION
LN-507742,CUST-104094,2025-04-27,0,0,False,False,43617.92499999998,Current,DEBT_CONSOLIDATION
LN-507743,CUST-100284,2025-04-27,0,0,False,False,18943.145,Current,DEBT_CONSOLIDATION
LN-507744,CUST-104554,2025-04-27,0,0,False,False,11292.685000000003,Current,DEBT_CONSOLIDATION
LN-507745,CUST-103349,2025-04-27,4,116,False,False,108365.92999999995,90+,DEBT_CONSOLIDATION
LN-507747,CUST-105597,2025-04-27,0,0,False,False,10152.845,Current,DEBT_CONSOLIDATION
LN-507748,CUST-104289,2025-04-27,0,0,False,False,144153.4925,Current,DEBT_CONSOLIDATION
LN-507749,CUST-104474,2025-04-27,0,0,False,False,10967.534999999987,Current,DEBT_CONSOLIDATION
LN-507750,CUST-107168,2025-04-27,1,23,False,False,38998.46,1-29,DEBT_CONSOLIDATION
LN-507751,CUST-103990,2025-04-27,0,0,False,False,21653.717499999995,Current,DEBT_CONSOLIDATION
LN-507752,CUST-101906,2025-04-27,0,0,False,False,41372.062500000015,Current,DEBT_CONSOLIDATION
LN-507753,CUST-100023,2025-04-27,0,0,False,False,48091.625,Current,DEBT_CONSOLIDATION
LN-507754,CUST-104279,2025-04-27,0,0,False,False,24755.910000000014,Current,DEBT_CONSOLIDATION
LN-507755,CUST-100369,2025-04-27,0,0,False,False,65801.14750000006,Current,DEBT_CONSOLIDATION
LN-507756,CUST-103373,2025-04-27,0,0,False,False,50298.67500000002,Current,DEBT_CONSOLIDATION
LN-507759,CUST-102686,2025-04-27,0,0,False,False,22791.789999999994,Current,DEBT_CONSOLIDATION
LN-507760,CUST-107099,2025-04-27,0,0,False,False,8439.007499999994,Current,DEBT_CONSOLIDATION
LN-507761,CUST-100646,2025-04-27,0,0,False,False,600058.19,Current,DEBT_CONSOLIDATION
LN-507762,CUST-102223,2025-04-27,0,0,False,False,6985.404999999997,Current,DEBT_CONSOLIDATION
LN-507763,CUST-105292,2025-04-27,0,0,False,False,31711.86,Current,DEBT_CONSOLIDATION
LN-507764,CUST-102151,2025-04-27,0,0,False,False,29484.180000000015,Current,DEBT_CONSOLIDATION
LN-507766,CUST-104694,2025-04-27,0,0,False,False,7413.43,Current,DEBT_CONSOLIDATION
LN-507767,CUST-106239,2025-04-27,0,0,False,False,38408.470000000016,Current,DEBT_CONSOLIDATION
LN-507769,CUST-107800,2025-04-27,0,0,False,False,88288.65500000003,Current,DEBT_CONSOLIDATION
LN-507770,CUST-104457,2025-04-27,0,0,False,False,31687.61499999999,Current,DEBT_CONSOLIDATION
LN-507771,CUST-101403,2025-04-27,0,0,False,False,14964.924999999992,Current,DEBT_CONSOLIDATION
LN-507772,CUST-101797,2025-04-27,0,0,False,False,16754.26499999999,Current,DEBT_CONSOLIDATION
LN-507773,CUST-103279,2025-04-27,0,0,False,False,19631.15,Current,DEBT_CONSOLIDATION
LN-507774,CUST-102131,2025-04-27,0,0,False,False,48485.685000000005,Current,DEBT_CONSOLIDATION
LN-507775,CUST-107410,2025-04-27,2,39,False,False,5120.655000000001,30-59,DEBT_CONSOLIDATION
LN-507776,CUST-100077,2025-04-27,0,0,False,False,12251.657500000003,Current,DEBT_CONSOLIDATION
LN-507777,CUST-101784,2025-04-27,0,0,False,False,6050.0000000000055,Current,DEBT_CONSOLIDATION
LN-507778,CUST-105259,2025-04-27,0,0,False,False,26005.18499999999,Current,DEBT_CONSOLIDATION
LN-507779,CUST-105641,2025-04-27,0,0,False,False,10023.402499999997,Current,DEBT_CONSOLIDATION
LN-507780,CUST-102408,2025-04-27,0,0,False,False,39988.590000000026,Current,DEBT_CONSOLIDATION
LN-507781,CUST-107243,2025-04-27,0,0,False,False,14965.814999999993,Current,DEBT_CONSOLIDATION
LN-507782,CUST-107109,2025-04-27,0,0,False,False,12409.299999999992,Current,DEBT_CONSOLIDATION
LN-507783,CUST-101410,2025-04-27,0,0,False,False,9552.992500000002,Current,DEBT_CONSOLIDATION
LN-507784,CUST-101393,2025-04-27,0,0,False,False,22092.53500000002,Current,DEBT_CONSOLIDATION
LN-507785,CUST-107483,2025-04-27,0,0,False,False,31373.7675,Current,DEBT_CONSOLIDATION
LN-507786,CUST-104304,2025-04-27,0,0,False,False,35871.24,Current,DEBT_CONSOLIDATION
LN-507787,CUST-105099,2025-04-27,0,0,False,False,36907.18499999998,Current,DEBT_CONSOLIDATION
LN-507788,CUST-105822,2025-04-27,0,0,False,False,12946.01749999999,Current,DEBT_CONSOLIDATION
LN-507790,CUST-107510,2025-04-27,0,0,False,False,21351.4575,Current,DEBT_CONSOLIDATION
LN-507791,CUST-107282,2025-04-27,0,0,False,False,43797.53,Current,DEBT_CONSOLIDATION
LN-507792,CUST-100298,2025-04-27,0,0,False,False,15856.31249999999,Current,DEBT_CONSOLIDATION
LN-507793,CUST-105544,2025-04-27,0,0,False,False,15726.290000000008,Current,DEBT_CONSOLIDATION
LN-507794,CUST-105659,2025-04-27,0,0,False,False,8785.570000000005,Current,DEBT_CONSOLIDATION
LN-507796,CUST-103638,2025-04-27,0,0,False,False,11710.57,Current,DEBT_CONSOLIDATION
LN-507797,CUST-102394,2025-04-27,0,0,False,False,24950.510000000002,Current,DEBT_CONSOLIDATION
LN-507798,CUST-105857,2025-04-27,0,0,False,False,34603.74,Current,DEBT_CONSOLIDATION
LN-507799,CUST-104578,2025-04-27,0,0,False,False,41315.809999999976,Current,DEBT_CONSOLIDATION
LN-507800,CUST-104360,2025-04-27,0,0,False,False,7628.899999999999,Current,DEBT_CONSOLIDATION
LN-507801,CUST-100906,2025-04-27,0,0,False,False,35048.68999999999,Current,DEBT_CONSOLIDATION
LN-507802,CUST-107813,2025-04-27,0,0,False,False,10815.452500000003,Current,DEBT_CONSOLIDATION
LN-507803,CUST-101305,2025-04-27,0,0,False,False,11825.505,Current,DEBT_CONSOLIDATION
LN-507804,CUST-101976,2025-04-27,0,0,False,False,29142.90999999998,Current,DEBT_CONSOLIDATION
LN-507805,CUST-106885,2025-04-27,0,0,False,False,4695.09,Current,DEBT_CONSOLIDATION
LN-507806,CUST-106205,2025-04-27,0,0,False,False,1057.7875000000013,Current,DEBT_CONSOLIDATION
LN-507808,CUST-103661,2025-04-27,0,0,False,False,19184.510000000006,Current,DEBT_CONSOLIDATION
LN-507809,CUST-101140,2025-04-27,0,0,False,False,279546.655,Current,DEBT_CONSOLIDATION
LN-507810,CUST-105698,2025-04-27,0,0,False,False,73619.58,Current,DEBT_CONSOLIDATION
LN-507811,CUST-103258,2025-04-27,0,0,False,False,3084.1550000000007,Current,DEBT_CONSOLIDATION
LN-507812,CUST-104624,2025-04-27,1,2,False,False,23124.955,1-29,DEBT_CONSOLIDATION
LN-507813,CUST-101173,2025-04-27,0,0,False,False,11415.914999999999,Current,DEBT_CONSOLIDATION
LN-507814,CUST-106707,2025-04-27,0,0,False,False,5687.04,Current,DEBT_CONSOLIDATION
LN-507815,CUST-103110,2025-04-27,0,0,False,False,44077.57,Current,DEBT_CONSOLIDATION
LN-507817,CUST-106951,2025-04-27,0,0,False,False,3271.629999999999,Current,DEBT_CONSOLIDATION
LN-507818,CUST-106420,2025-04-27,0,0,False,False,27291.4725,Current,DEBT_CONSOLIDATION
LN-507819,CUST-105713,2025-04-27,0,0,False,False,40931.79999999998,Current,DEBT_CONSOLIDATION
LN-507821,CUST-107211,2025-04-27,0,0,False,False,20410.25999999998,Current,DEBT_CONSOLIDATION
LN-507822,CUST-102468,2025-04-27,1,21,False,False,17786.260000000002,1-29,DEBT_CONSOLIDATION
LN-507824,CUST-100159,2025-04-27,0,0,False,False,14110.900000000001,Current,DEBT_CONSOLIDATION
LN-507825,CUST-103926,2025-04-27,0,0,False,False,46584.09249999999,Current,DEBT_CONSOLIDATION
LN-507826,CUST-100641,2025-04-27,0,0,False,False,47441.40499999998,Current,DEBT_CONSOLIDATION
LN-507827,CUST-101515,2025-04-27,0,0,False,False,5447.3775,Current,DEBT_CONSOLIDATION
LN-507829,CUST-107102,2025-04-27,0,0,False,False,51280.34499999999,Current,DEBT_CONSOLIDATION
LN-507830,CUST-101511,2025-04-27,0,0,False,False,26749.045,Current,DEBT_CONSOLIDATION
LN-507831,CUST-100791,2025-04-27,0,0,False,False,5247.012500000001,Current,DEBT_CONSOLIDATION
LN-507833,CUST-103019,2025-04-27,0,0,False,False,717.7299999999998,Current,DEBT_CONSOLIDATION
LN-507834,CUST-107435,2025-04-27,0,0,False,False,14510.782500000016,Current,DEBT_CONSOLIDATION
LN-507835,CUST-100261,2025-04-27,1,17,False,False,52054.685,1-29,DEBT_CONSOLIDATION
LN-507836,CUST-103257,2025-04-27,0,0,False,False,1975.9825,Current,DEBT_CONSOLIDATION
LN-507837,CUST-107077,2025-04-27,0,0,False,False,18576.789999999997,Current,DEBT_CONSOLIDATION
LN-507838,CUST-103896,2025-04-27,0,0,False,False,3521.1424999999995,Current,DEBT_CONSOLIDATION
LN-507839,CUST-102523,2025-04-27,0,0,False,False,44537.4,Current,DEBT_CONSOLIDATION
LN-507840,CUST-102574,2025-04-27,0,0,False,False,52930.799999999996,Current,DEBT_CONSOLIDATION
LN-507841,CUST-107083,2025-04-27,0,0,False,False,128612.57500000001,Current,DEBT_CONSOLIDATION
LN-507842,CUST-106298,2025-04-27,0,0,False,False,15643.880000000001,Current,DEBT_CONSOLIDATION
LN-507843,CUST-102255,2025-04-27,0,0,False,False,33440.87,Current,DEBT_CONSOLIDATION
LN-507844,CUST-104572,2025-04-27,0,0,False,False,6642.790000000001,Current,DEBT_CONSOLIDATION
LN-507845,CUST-100095,2025-04-27,0,0,True,False,6654.43,Current,DEBT_CONSOLIDATION
LN-507846,CUST-106694,2025-04-27,0,0,False,False,153594.63999999993,Current,DEBT_CONSOLIDATION
LN-507848,CUST-100429,2025-04-27,0,0,False,False,29678.415,Current,DEBT_CONSOLIDATION
LN-507849,CUST-106875,2025-04-27,1,23,False,False,31690.605,1-29,DEBT_CONSOLIDATION
LN-507850,CUST-104991,2025-04-27,0,0,False,False,21299.4975,Current,DEBT_CONSOLIDATION
LN-507851,CUST-105081,2025-04-27,0,0,False,False,20538.97,Current,DEBT_CONSOLIDATION
LN-507852,CUST-103433,2025-04-27,0,0,False,False,22329.609999999986,Current,DEBT_CONSOLIDATION
LN-507853,CUST-101397,2025-04-27,0,0,False,False,106182.9450000001,Current,DEBT_CONSOLIDATION
LN-507855,CUST-104500,2025-04-27,0,0,False,False,46552.48,Current,DEBT_CONSOLIDATION
LN-507856,CUST-103759,2025-04-27,0,0,False,False,16267.554999999988,Current,DEBT_CONSOLIDATION
LN-507857,CUST-107073,2025-04-27,0,0,False,False,17628.98249999999,Current,DEBT_CONSOLIDATION
LN-507858,CUST-104400,2025-04-27,0,0,False,False,25074.379999999986,Current,DEBT_CONSOLIDATION
LN-507859,CUST-101741,2025-04-27,0,0,False,False,15369.999999999998,Current,DEBT_CONSOLIDATION
LN-507861,CUST-100587,2025-04-27,0,0,False,False,17435.24,Current,DEBT_CONSOLIDATION
LN-507862,CUST-104338,2025-04-27,0,0,False,False,30844.519999999997,Current,DEBT_CONSOLIDATION
LN-507863,CUST-103858,2025-04-27,0,0,False,False,11560.550000000003,Current,DEBT_CONSOLIDATION
LN-507864,CUST-106520,2025-04-27,0,0,False,False,41555.58000000001,Current,DEBT_CONSOLIDATION
LN-507865,CUST-104303,2025-04-27,0,0,False,False,1678.529999999999,Current,DEBT_CONSOLIDATION
LN-507866,CUST-101549,2025-04-27,0,0,False,False,10818.81,Current,DEBT_CONSOLIDATION
LN-507867,CUST-106021,2025-04-27,0,0,False,False,23128.382499999985,Current,DEBT_CONSOLIDATION
LN-507869,CUST-104179,2025-04-27,0,0,False,False,87858.3925,Current,DEBT_CONSOLIDATION
LN-507870,CUST-100228,2025-04-27,1,10,False,False,15083.880000000001,1-29,DEBT_CONSOLIDATION
LN-507871,CUST-106816,2025-04-27,0,0,False,False,138460.36499999996,Current,DEBT_CONSOLIDATION
LN-507872,CUST-104277,2025-04-27,0,0,False,False,7555.049999999994,Current,DEBT_CONSOLIDATION
LN-507873,CUST-106157,2025-04-27,0,0,False,False,4457.859999999997,Current,DEBT_CONSOLIDATION
LN-507874,CUST-106332,2025-04-27,2,40,False,False,10355.77,30-59,DEBT_CONSOLIDATION
LN-507875,CUST-101645,2025-04-27,0,0,False,False,6154.259999999997,Current,DEBT_CONSOLIDATION
LN-507877,CUST-101932,2025-04-27,0,0,False,False,11481.45,Current,DEBT_CONSOLIDATION
LN-507878,CUST-101647,2025-04-27,0,0,False,False,48592.994999999995,Current,DEBT_CONSOLIDATION
LN-507879,CUST-102637,2025-04-27,0,0,False,False,15316.27,Current,DEBT_CONSOLIDATION
LN-507880,CUST-103626,2025-04-27,0,0,False,False,3730.9775,Current,DEBT_CONSOLIDATION
LN-507881,CUST-103117,2025-04-27,0,0,False,False,18558.167500000003,Current,DEBT_CONSOLIDATION
LN-507882,CUST-100685,2025-04-27,0,0,False,False,18724.085,Current,DEBT_CONSOLIDATION
LN-507883,CUST-107706,2025-04-27,0,0,False,False,38619.43000000002,Current,DEBT_CONSOLIDATION
LN-507884,CUST-104436,2025-04-27,0,0,False,False,7408.290000000003,Current,DEBT_CONSOLIDATION
LN-507885,CUST-103325,2025-04-27,0,0,False,False,19641.50999999999,Current,DEBT_CONSOLIDATION
LN-507886,CUST-105830,2025-04-27,0,0,False,False,1103.41,Current,DEBT_CONSOLIDATION
LN-507888,CUST-107768,2025-04-27,0,0,False,False,3148.97,Current,DEBT_CONSOLIDATION
LN-507889,CUST-107046,2025-04-27,4,161,False,False,33034.98250000001,90+,DEBT_CONSOLIDATION
LN-507890,CUST-105147,2025-04-27,0,0,False,False,44524.57999999997,Current,DEBT_CONSOLIDATION
LN-507891,CUST-100891,2025-04-27,0,0,False,False,18219.285,Current,DEBT_CONSOLIDATION
LN-507892,CUST-105725,2025-04-27,3,76,False,False,19379.66500000001,60-89,DEBT_CONSOLIDATION
LN-507893,CUST-103468,2025-04-27,0,0,False,False,21243.899999999998,Current,DEBT_CONSOLIDATION
LN-507894,CUST-100938,2025-04-27,0,0,False,False,116052.795,Current,DEBT_CONSOLIDATION
LN-507895,CUST-104669,2025-04-27,0,0,False,False,11829.745,Current,DEBT_CONSOLIDATION
LN-507896,CUST-100115,2025-04-27,0,0,False,False,29024.510000000006,Current,DEBT_CONSOLIDATION
LN-507897,CUST-104066,2025-04-27,0,0,False,False,35748.365000000005,Current,DEBT_CONSOLIDATION
LN-507898,CUST-107126,2025-04-27,0,0,False,False,18893.39999999999,Current,DEBT_CONSOLIDATION
LN-507899,CUST-102292,2025-04-27,4,160,False,False,16807.2925,90+,DEBT_CONSOLIDATION
LN-507900,CUST-106782,2025-04-27,0,0,False,False,16959.137500000008,Current,DEBT_CONSOLIDATION
LN-507901,CUST-102324,2025-04-27,0,0,False,False,4922.702499999998,Current,DEBT_CONSOLIDATION
LN-507903,CUST-102991,2025-04-27,0,0,False,False,3497.104999999999,Current,DEBT_CONSOLIDATION
LN-507905,CUST-103871,2025-04-27,0,0,False,False,24372.7725,Current,DEBT_CONSOLIDATION
LN-507906,CUST-102389,2025-04-27,0,0,False,False,207157.93499999994,Current,DEBT_CONSOLIDATION
LN-507907,CUST-106795,2025-04-27,0,0,False,False,8885.695,Current,DEBT_CONSOLIDATION
LN-507908,CUST-105966,2025-04-27,0,0,False,False,28368.06000000002,Current,DEBT_CONSOLIDATION
LN-507909,CUST-102934,2025-04-27,0,0,False,False,24613.732500000006,Current,DEBT_CONSOLIDATION
LN-507910,CUST-107716,2025-04-27,0,0,False,False,560915.2699999999,Current,DEBT_CONSOLIDATION
LN-507911,CUST-103876,2025-04-27,0,0,False,False,15990.812500000005,Current,DEBT_CONSOLIDATION
LN-507912,CUST-103624,2025-04-27,0,0,False,False,31239.745000000006,Current,DEBT_CONSOLIDATION
LN-507913,CUST-103997,2025-04-27,0,0,False,False,4452.320000000002,Current,DEBT_CONSOLIDATION
LN-507915,CUST-103349,2025-04-27,0,0,False,False,24425.205,Current,DEBT_CONSOLIDATION
LN-507916,CUST-103969,2025-04-27,0,0,False,False,17135.775,Current,DEBT_CONSOLIDATION
LN-507917,CUST-107135,2025-04-27,0,0,False,False,20032.054999999993,Current,DEBT_CONSOLIDATION
LN-507918,CUST-100147,2025-04-27,0,0,False,False,5305.794999999999,Current,DEBT_CONSOLIDATION
LN-507920,CUST-105519,2025-04-27,0,0,False,False,12600.140000000001,Current,DEBT_CONSOLIDATION
LN-507921,CUST-102050,2025-04-27,0,0,False,False,18089.26499999998,Current,DEBT_CONSOLIDATION
LN-507924,CUST-102519,2025-04-27,0,0,False,False,45232.54500000001,Current,DEBT_CONSOLIDATION
LN-507925,CUST-105014,2025-04-27,1,27,False,False,45248.73,1-29,DEBT_CONSOLIDATION
LN-507926,CUST-102732,2025-04-27,0,0,False,False,17025.344999999994,Current,DEBT_CONSOLIDATION
LN-507927,CUST-103260,2025-04-27,0,0,False,False,1679.6349999999998,Current,DEBT_CONSOLIDATION
LN-507928,CUST-102107,2025-04-27,0,0,False,False,5699.950000000002,Current,DEBT_CONSOLIDATION
LN-507929,CUST-100155,2025-04-27,4,112,False,False,74363.27750000001,90+,DEBT_CONSOLIDATION
LN-507930,CUST-102137,2025-04-27,0,0,False,False,266863.0924999999,Current,DEBT_CONSOLIDATION
LN-507931,CUST-107804,2025-04-27,0,0,False,False,45606.86250000001,Current,DEBT_CONSOLIDATION
LN-507932,CUST-100087,2025-04-27,0,0,False,False,52442.67000000004,Current,DEBT_CONSOLIDATION
LN-507933,CUST-101098,2025-04-27,0,0,False,False,1430.9774999999995,Current,DEBT_CONSOLIDATION
LN-507934,CUST-106624,2025-04-27,0,0,False,False,21480.512500000004,Current,DEBT_CONSOLIDATION
LN-507935,CUST-105616,2025-04-27,0,0,False,False,105119.72999999998,Current,DEBT_CONSOLIDATION
LN-507936,CUST-107814,2025-04-27,0,0,False,False,1803.2400000000018,Current,DEBT_CONSOLIDATION
LN-507937,CUST-107238,2025-04-27,0,0,False,False,13051.107499999993,Current,DEBT_CONSOLIDATION
LN-507938,CUST-106706,2025-04-27,0,0,False,False,41017.115,Current,DEBT_CONSOLIDATION
LN-507940,CUST-106514,2025-04-27,0,0,False,False,735.535,Current,DEBT_CONSOLIDATION
LN-507942,CUST-105571,2025-04-27,1,24,False,False,59473.89,1-29,DEBT_CONSOLIDATION
LN-507943,CUST-100427,2025-04-27,0,0,False,False,42758.692500000005,Current,DEBT_CONSOLIDATION
LN-507944,CUST-101758,2025-04-27,0,0,False,False,21848.3525,Current,DEBT_CONSOLIDATION
LN-507946,CUST-102492,2025-04-27,0,0,True,False,10317.760000000002,Current,DEBT_CONSOLIDATION
LN-507948,CUST-106241,2025-04-27,0,0,False,False,29884.0025,Current,DEBT_CONSOLIDATION
LN-507949,CUST-101033,2025-04-27,0,0,False,False,20958.4125,Current,DEBT_CONSOLIDATION
LN-507950,CUST-102665,2025-04-27,0,0,False,False,139814.09499999997,Current,DEBT_CONSOLIDATION
LN-507951,CUST-101677,2025-04-27,0,0,False,False,12782.05,Current,DEBT_CONSOLIDATION
LN-507952,CUST-101072,2025-04-27,0,0,False,False,18418.9225,Current,DEBT_CONSOLIDATION
LN-507953,CUST-105615,2025-04-27,0,0,False,False,29007.11999999999,Current,DEBT_CONSOLIDATION
LN-507955,CUST-105726,2025-04-27,0,0,False,False,39084.3375,Current,DEBT_CONSOLIDATION
LN-507956,CUST-105874,2025-04-27,0,0,False,False,9124.110000000008,Current,DEBT_CONSOLIDATION
LN-507957,CUST-105097,2025-04-27,0,0,False,False,5700.799999999999,Current,DEBT_CONSOLIDATION
LN-507958,CUST-100745,2025-04-27,0,0,False,False,12389.897499999988,Current,DEBT_CONSOLIDATION
LN-507959,CUST-104537,2025-04-27,0,0,False,False,39999.67999999997,Current,DEBT_CONSOLIDATION
LN-507960,CUST-107733,2025-04-27,0,0,False,False,27789.099999999977,Current,DEBT_CONSOLIDATION
LN-507961,CUST-103854,2025-04-27,0,0,False,False,142140.75,Current,DEBT_CONSOLIDATION
LN-507962,CUST-101038,2025-04-27,0,0,False,False,2855.439999999999,Current,DEBT_CONSOLIDATION
LN-507963,CUST-104709,2025-04-27,0,0,False,False,45657.8075,Current,DEBT_CONSOLIDATION
LN-507965,CUST-104329,2025-04-27,0,0,False,False,188582.14750000005,Current,DEBT_CONSOLIDATION
LN-507967,CUST-104600,2025-04-27,1,15,False,False,440353.8275,1-29,DEBT_CONSOLIDATION
LN-507968,CUST-106158,2025-04-27,0,0,False,False,19775.435,Current,DEBT_CONSOLIDATION
LN-507971,CUST-103723,2025-04-27,0,0,False,False,22303.96,Current,DEBT_CONSOLIDATION
LN-507973,CUST-104823,2025-04-27,0,0,False,False,34331.847499999996,Current,DEBT_CONSOLIDATION
LN-507974,CUST-105013,2025-04-27,0,0,False,False,8112.820000000004,Current,DEBT_CONSOLIDATION
LN-507975,CUST-101125,2025-04-27,0,0,False,False,17786.840000000004,Current,DEBT_CONSOLIDATION
LN-507976,CUST-106100,2025-04-27,0,0,False,False,29122.9175,Current,DEBT_CONSOLIDATION
LN-507977,CUST-102493,2025-04-27,0,0,False,False,14465.34,Current,DEBT_CONSOLIDATION
LN-507979,CUST-104008,2025-04-27,0,0,False,False,16199.120000000004,Current,DEBT_CONSOLIDATION
LN-507980,CUST-103202,2025-04-27,0,0,False,False,14148.550000000003,Current,DEBT_CONSOLIDATION
LN-507982,CUST-101596,2025-04-27,1,16,False,False,18190.5475,1-29,DEBT_CONSOLIDATION
LN-507983,CUST-104478,2025-04-27,0,0,False,False,506349.59249999997,Current,DEBT_CONSOLIDATION
LN-507984,CUST-101212,2025-04-27,1,26,False,False,38258.73499999999,1-29,DEBT_CONSOLIDATION
LN-507985,CUST-101095,2025-04-27,0,0,False,False,11589.685,Current,DEBT_CONSOLIDATION
LN-507986,CUST-105821,2025-04-27,0,0,False,False,10712.992499999993,Current,DEBT_CONSOLIDATION
LN-507987,CUST-100268,2025-04-27,0,0,False,False,4228.490000000003,Current,DEBT_CONSOLIDATION
LN-507988,CUST-107473,2025-04-27,0,0,False,False,22092.9625,Current,DEBT_CONSOLIDATION
LN-507989,CUST-100010,2025-04-27,0,0,False,False,23363.32000000001,Current,DEBT_CONSOLIDATION
LN-507990,CUST-100003,2025-04-27,0,0,False,False,4236.824999999999,Current,DEBT_CONSOLIDATION
LN-507991,CUST-102559,2025-04-27,0,0,False,False,48957.5125,Current,DEBT_CONSOLIDATION
LN-507992,CUST-100098,2025-04-27,0,0,False,False,315455.6374999999,Current,DEBT_CONSOLIDATION
LN-507993,CUST-100394,2025-04-27,0,0,False,False,27487.94500000001,Current,DEBT_CONSOLIDATION
LN-507994,CUST-100168,2025-04-27,0,0,False,False,7967.040000000001,Current,DEBT_CONSOLIDATION
LN-507995,CUST-100466,2025-04-27,0,0,False,False,12927.1725,Current,DEBT_CONSOLIDATION
LN-507996,CUST-105303,2025-04-27,0,0,False,False,15123.7,Current,DEBT_CONSOLIDATION
LN-507997,CUST-101568,2025-04-27,0,0,False,False,16957.202499999992,Current,DEBT_CONSOLIDATION
LN-507998,CUST-100726,2025-04-27,0,0,False,False,11818.002499999997,Current,DEBT_CONSOLIDATION
LN-507999,CUST-106321,2025-04-27,0,0,False,False,10156.230000000003,Current,DEBT_CONSOLIDATION
LN-508000,CUST-100498,2025-04-27,0,0,False,False,22234.175,Current,DEBT_CONSOLIDATION
LN-508001,CUST-103299,2025-04-27,0,0,False,False,37806.18750000001,Current,DEBT_CONSOLIDATION
LN-508002,CUST-103814,2025-04-27,0,0,False,False,49426.2625,Current,DEBT_CONSOLIDATION
LN-508003,CUST-102578,2025-04-27,4,134,False,False,20506.41249999999,90+,DEBT_CONSOLIDATION
LN-508004,CUST-103475,2025-04-27,0,0,False,False,2578.5649999999996,Current,DEBT_CONSOLIDATION
LN-508005,CUST-103151,2025-04-27,0,0,False,False,17244.394999999997,Current,DEBT_CONSOLIDATION
LN-508006,CUST-107703,2025-04-27,0,0,False,False,68887.11249999999,Current,DEBT_CONSOLIDATION
LN-508007,CUST-103023,2025-04-27,0,0,False,False,137235.89,Current,DEBT_CONSOLIDATION
LN-508008,CUST-101877,2025-04-27,0,0,False,False,22034.364999999994,Current,DEBT_CONSOLIDATION
LN-508010,CUST-107686,2025-04-27,0,0,False,False,15757.842500000002,Current,DEBT_CONSOLIDATION
LN-508011,CUST-100605,2025-04-27,4,187,False,False,23303.737500000003,90+,DEBT_CONSOLIDATION
LN-508012,CUST-103544,2025-04-27,0,0,False,False,16907.42,Current,DEBT_CONSOLIDATION
LN-508013,CUST-101700,2025-04-27,0,0,False,False,31529.280000000006,Current,DEBT_CONSOLIDATION
LN-508014,CUST-104485,2025-04-27,1,3,False,False,34175.820000000014,1-29,DEBT_CONSOLIDATION
LN-508015,CUST-101968,2025-04-27,0,0,False,False,11369.844999999994,Current,DEBT_CONSOLIDATION
LN-508016,CUST-102640,2025-04-27,0,0,False,False,8492.675000000007,Current,DEBT_CONSOLIDATION
LN-508017,CUST-100644,2025-04-27,0,0,False,False,20546.71499999999,Current,DEBT_CONSOLIDATION
LN-508018,CUST-102820,2025-04-27,0,0,False,False,34171.15,Current,DEBT_CONSOLIDATION
LN-508019,CUST-100063,2025-04-27,0,0,False,False,8421.19,Current,DEBT_CONSOLIDATION
LN-508020,CUST-106226,2025-04-27,0,0,False,False,21470.067500000016,Current,DEBT_CONSOLIDATION
LN-508021,CUST-105872,2025-04-27,0,0,False,False,11382.350000000002,Current,DEBT_CONSOLIDATION
LN-508023,CUST-105533,2025-04-27,0,0,False,False,9922.672499999995,Current,DEBT_CONSOLIDATION
LN-508024,CUST-103647,2025-04-27,0,0,False,False,26206.425,Current,DEBT_CONSOLIDATION
LN-508025,CUST-100799,2025-04-27,0,0,False,False,34360.00000000001,Current,DEBT_CONSOLIDATION
LN-508026,CUST-103548,2025-04-27,0,0,False,False,11485.805000000004,Current,DEBT_CONSOLIDATION
LN-508027,CUST-100233,2025-04-27,0,0,False,False,7554.500000000003,Current,DEBT_CONSOLIDATION
LN-508029,CUST-106851,2025-04-27,0,0,False,False,29523.525,Current,DEBT_CONSOLIDATION
LN-508031,CUST-103430,2025-04-27,0,0,False,False,19585.575000000004,Current,DEBT_CONSOLIDATION
LN-508033,CUST-106994,2025-04-27,0,0,False,False,8707.4075,Current,DEBT_CONSOLIDATION
LN-508034,CUST-101681,2025-04-27,0,0,False,False,30649.859999999997,Current,DEBT_CONSOLIDATION
LN-508035,CUST-101164,2025-04-27,0,0,False,False,45743.40750000001,Current,DEBT_CONSOLIDATION
LN-508036,CUST-102465,2025-04-27,0,0,False,False,111248.94500000002,Current,DEBT_CONSOLIDATION
LN-508037,CUST-103526,2025-04-27,0,0,False,False,10120.585000000003,Current,DEBT_CONSOLIDATION
LN-508038,CUST-103474,2025-04-27,0,0,False,False,19811.17,Current,DEBT_CONSOLIDATION
LN-508039,CUST-103821,2025-04-27,0,0,False,False,44859.03500000002,Current,DEBT_CONSOLIDATION
LN-508040,CUST-101430,2025-04-27,0,0,False,False,4252.202500000002,Current,DEBT_CONSOLIDATION
LN-508041,CUST-100381,2025-04-27,0,0,False,False,403546.765,Current,DEBT_CONSOLIDATION
LN-508042,CUST-103791,2025-04-27,0,0,False,False,35460.3,Current,DEBT_CONSOLIDATION
LN-508043,CUST-104481,2025-04-27,0,0,False,False,19933.49,Current,DEBT_CONSOLIDATION
LN-508044,CUST-105735,2025-04-27,0,0,False,False,49907.9,Current,DEBT_CONSOLIDATION
LN-508045,CUST-102911,2025-04-27,0,0,False,False,31264.192499999997,Current,DEBT_CONSOLIDATION
LN-508046,CUST-103931,2025-04-27,0,0,False,False,8944.929999999995,Current,DEBT_CONSOLIDATION
LN-508047,CUST-101461,2025-04-27,0,0,False,False,14107.242500000004,Current,DEBT_CONSOLIDATION
LN-508048,CUST-101230,2025-04-27,0,0,False,False,8196.060000000005,Current,DEBT_CONSOLIDATION
LN-508049,CUST-106818,2025-04-27,0,0,False,False,10481.749999999998,Current,DEBT_CONSOLIDATION
LN-508050,CUST-102186,2025-04-27,0,0,False,False,10439.529999999995,Current,DEBT_CONSOLIDATION
LN-508051,CUST-107691,2025-04-27,0,0,False,False,17623.6575,Current,DEBT_CONSOLIDATION
LN-508052,CUST-100619,2025-04-27,0,0,False,False,9352.467499999999,Current,DEBT_CONSOLIDATION
LN-508054,CUST-102618,2025-04-27,1,31,False,False,14364.820000000007,1-29,DEBT_CONSOLIDATION
LN-508055,CUST-102355,2025-04-27,0,0,False,False,14614.08,Current,DEBT_CONSOLIDATION
LN-508056,CUST-106963,2025-04-27,0,0,False,False,37692.539999999986,Current,DEBT_CONSOLIDATION
LN-508057,CUST-104178,2025-04-27,0,0,False,False,20814.409999999996,Current,DEBT_CONSOLIDATION
LN-508058,CUST-104773,2025-04-27,0,0,False,False,10866.18,Current,DEBT_CONSOLIDATION
LN-508059,CUST-103076,2025-04-27,3,71,False,False,12971.512499999993,60-89,DEBT_CONSOLIDATION
LN-508060,CUST-104334,2025-04-27,1,20,False,False,53572.88,1-29,DEBT_CONSOLIDATION
LN-508061,CUST-101752,2025-04-27,2,42,False,False,11944.372499999998,30-59,DEBT_CONSOLIDATION
LN-508062,CUST-106509,2025-04-27,0,0,False,False,351746.4575000001,Current,DEBT_CONSOLIDATION
LN-508064,CUST-107864,2025-04-27,0,0,False,False,24552.4025,Current,DEBT_CONSOLIDATION
LN-508065,CUST-107343,2025-04-27,0,0,False,False,38136.904999999984,Current,DEBT_CONSOLIDATION
LN-508066,CUST-103091,2025-04-27,0,0,False,False,3701.2875,Current,DEBT_CONSOLIDATION
LN-508067,CUST-103714,2025-04-27,0,0,False,False,6484.2750000000015,Current,DEBT_CONSOLIDATION
LN-508068,CUST-100724,2025-04-27,0,0,False,False,17211.90749999999,Current,DEBT_CONSOLIDATION
LN-508070,CUST-107293,2025-04-27,0,0,False,False,344.3850000000002,Current,DEBT_CONSOLIDATION
LN-508072,CUST-100065,2025-04-27,0,0,False,False,2710.1925,Current,DEBT_CONSOLIDATION
LN-508073,CUST-106522,2025-04-27,0,0,False,False,352170.1425000001,Current,DEBT_CONSOLIDATION
LN-508074,CUST-100050,2025-04-27,0,0,False,False,13790.7,Current,DEBT_CONSOLIDATION
LN-508075,CUST-100222,2025-04-27,0,0,False,False,27884.425,Current,DEBT_CONSOLIDATION
LN-508078,CUST-102180,2025-04-27,0,0,False,False,8168.345000000001,Current,DEBT_CONSOLIDATION
LN-508079,CUST-104048,2025-04-27,0,0,False,False,6509.004999999996,Current,DEBT_CONSOLIDATION
LN-508080,CUST-104744,2025-04-27,0,0,False,False,46498.16000000002,Current,DEBT_CONSOLIDATION
LN-508081,CUST-106945,2025-04-27,0,0,False,False,16524.655,Current,DEBT_CONSOLIDATION
LN-508082,CUST-103807,2025-04-27,0,0,False,False,45088.895,Current,DEBT_CONSOLIDATION
LN-508083,CUST-106082,2025-04-27,0,0,False,False,11304.13,Current,DEBT_CONSOLIDATION
LN-508084,CUST-104863,2025-04-27,0,0,False,False,40778.24999999999,Current,DEBT_CONSOLIDATION
LN-508085,CUST-100511,2025-04-27,0,0,False,False,25378.644999999997,Current,DEBT_CONSOLIDATION
LN-508086,CUST-104811,2025-04-27,0,0,False,False,13051.460000000005,Current,DEBT_CONSOLIDATION
LN-508087,CUST-105282,2025-04-27,1,8,False,False,23540.124999999993,1-29,DEBT_CONSOLIDATION
LN-508088,CUST-102162,2025-04-27,0,0,False,False,23826.8775,Current,DEBT_CONSOLIDATION
LN-508089,CUST-107873,2025-04-27,0,0,False,False,13781.3,Current,DEBT_CONSOLIDATION
LN-508090,CUST-106269,2025-04-27,0,0,False,False,66421.21999999999,Current,DEBT_CONSOLIDATION
LN-508091,CUST-103905,2025-04-27,0,0,False,False,20079.4775,Current,DEBT_CONSOLIDATION
LN-508092,CUST-101320,2025-04-27,0,0,False,False,24178.820000000003,Current,DEBT_CONSOLIDATION
LN-508093,CUST-104969,2025-04-27,0,0,False,False,29456.1875,Current,DEBT_CONSOLIDATION
LN-508094,CUST-105309,2025-04-27,0,0,False,False,28279.245000000003,Current,DEBT_CONSOLIDATION
LN-508095,CUST-101095,2025-04-27,0,0,False,False,16613.075,Current,DEBT_CONSOLIDATION
LN-508096,CUST-100058,2025-04-27,0,0,False,False,10090.972499999998,Current,DEBT_CONSOLIDATION
LN-508097,CUST-105775,2025-04-27,0,0,False,False,42385.61,Current,DEBT_CONSOLIDATION
LN-508098,CUST-100032,2025-04-27,0,0,False,False,2772.7275,Current,DEBT_CONSOLIDATION
LN-508099,CUST-106896,2025-04-27,0,0,False,False,13036.880000000001,Current,DEBT_CONSOLIDATION
LN-508100,CUST-104101,2025-04-27,0,0,False,False,19942.83999999999,Current,DEBT_CONSOLIDATION
LN-508101,CUST-100948,2025-04-27,0,0,False,False,48282.384999999995,Current,DEBT_CONSOLIDATION
LN-508102,CUST-105183,2025-04-27,4,103,False,False,15993.347499999996,90+,DEBT_CONSOLIDATION
LN-508103,CUST-104940,2025-04-27,4,109,False,False,30614.070000000014,90+,DEBT_CONSOLIDATION
LN-508104,CUST-101787,2025-04-27,0,0,False,False,11035.389999999998,Current,DEBT_CONSOLIDATION
LN-508106,CUST-105844,2025-04-27,0,0,False,False,33266.27500000002,Current,DEBT_CONSOLIDATION
LN-508108,CUST-100114,2025-04-27,4,105,False,False,44463.7325,90+,DEBT_CONSOLIDATION
LN-508109,CUST-101810,2025-04-27,0,0,False,False,3009.85,Current,DEBT_CONSOLIDATION
LN-508110,CUST-103100,2025-04-27,0,0,False,False,12318.135000000004,Current,DEBT_CONSOLIDATION
LN-508112,CUST-107009,2025-04-27,0,0,False,False,20611.742500000004,Current,DEBT_CONSOLIDATION
LN-508113,CUST-105178,2025-04-27,0,0,False,False,26373.740000000013,Current,DEBT_CONSOLIDATION
LN-508116,CUST-100445,2025-04-27,0,0,False,False,5599.719999999996,Current,DEBT_CONSOLIDATION
LN-508119,CUST-103447,2025-04-27,0,0,False,False,19431.799999999996,Current,DEBT_CONSOLIDATION
LN-508120,CUST-106685,2025-04-27,0,0,False,False,7773.3325,Current,DEBT_CONSOLIDATION
LN-508121,CUST-101767,2025-04-27,0,0,False,False,22175.725000000002,Current,DEBT_CONSOLIDATION
LN-508122,CUST-107332,2025-04-27,0,0,False,False,26197.585,Current,DEBT_CONSOLIDATION
LN-508124,CUST-105654,2025-04-27,0,0,False,False,46797.3125,Current,DEBT_CONSOLIDATION
LN-508125,CUST-104849,2025-04-27,0,0,False,False,6251.65,Current,DEBT_CONSOLIDATION
LN-508126,CUST-103935,2025-04-27,0,0,False,False,10337.8775,Current,DEBT_CONSOLIDATION
LN-508127,CUST-101014,2025-04-27,0,0,False,False,4233.800000000001,Current,DEBT_CONSOLIDATION
LN-508128,CUST-104814,2025-04-27,4,104,False,False,47288.482500000006,90+,DEBT_CONSOLIDATION
LN-508129,CUST-106938,2025-04-27,0,0,False,False,33180.17999999998,Current,DEBT_CONSOLIDATION
LN-508130,CUST-100468,2025-04-27,0,0,False,False,31776.44000000001,Current,DEBT_CONSOLIDATION
LN-508131,CUST-105837,2025-04-27,0,0,False,False,2137.0000000000027,Current,DEBT_CONSOLIDATION
LN-508132,CUST-106212,2025-04-27,0,0,False,False,12213.215000000004,Current,DEBT_CONSOLIDATION
LN-508133,CUST-101978,2025-04-27,0,0,False,False,46332.082500000004,Current,DEBT_CONSOLIDATION
LN-508134,CUST-105326,2025-04-27,0,0,False,False,15748.300000000003,Current,DEBT_CONSOLIDATION
LN-508135,CUST-100721,2025-04-27,0,0,False,False,5161.585000000003,Current,DEBT_CONSOLIDATION
LN-508136,CUST-102074,2025-04-27,0,0,False,False,33242.707500000004,Current,DEBT_CONSOLIDATION
LN-508138,CUST-107202,2025-04-27,0,0,False,False,6754.620000000003,Current,DEBT_CONSOLIDATION
LN-508140,CUST-107057,2025-04-27,0,0,False,False,290117.79249999975,Current,DEBT_CONSOLIDATION
LN-508141,CUST-104062,2025-04-27,0,0,False,False,7189.69,Current,DEBT_CONSOLIDATION
LN-508142,CUST-104743,2025-04-27,0,0,False,False,54859.5925,Current,DEBT_CONSOLIDATION
LN-508143,CUST-103652,2025-04-27,0,0,False,False,11194.540000000008,Current,DEBT_CONSOLIDATION
LN-508144,CUST-106331,2025-04-27,0,0,False,False,3633.369999999998,Current,DEBT_CONSOLIDATION
LN-508145,CUST-102522,2025-04-27,1,6,False,False,22725.519999999997,1-29,DEBT_CONSOLIDATION
LN-508146,CUST-105866,2025-04-27,0,0,False,False,38099.88000000004,Current,DEBT_CONSOLIDATION
LN-508147,CUST-104851,2025-04-27,0,0,False,False,8350.720000000001,Current,DEBT_CONSOLIDATION
LN-508148,CUST-105239,2025-04-27,0,0,False,False,38802.7125,Current,DEBT_CONSOLIDATION
LN-508149,CUST-101000,2025-04-27,0,0,False,False,4820.379999999999,Current,DEBT_CONSOLIDATION
LN-508151,CUST-106092,2025-04-27,0,0,False,False,40500.397500000014,Current,DEBT_CONSOLIDATION
LN-508152,CUST-106193,2025-04-27,0,0,False,False,6271.15,Current,DEBT_CONSOLIDATION
LN-508153,CUST-105722,2025-04-27,0,0,False,False,17479.12,Current,DEBT_CONSOLIDATION
LN-508154,CUST-106902,2025-04-27,0,0,False,False,31869.65,Current,DEBT_CONSOLIDATION
LN-508156,CUST-106711,2025-04-27,0,0,False,False,112641.60999999999,Current,DEBT_CONSOLIDATION
LN-508157,CUST-107778,2025-04-27,0,0,False,False,15299.120000000006,Current,DEBT_CONSOLIDATION
LN-508158,CUST-105537,2025-04-27,0,0,False,False,5474.152500000002,Current,DEBT_CONSOLIDATION
LN-508159,CUST-106114,2025-04-27,0,0,False,False,3678.0,Current,DEBT_CONSOLIDATION
LN-508160,CUST-102006,2025-04-27,0,0,False,False,11310.949999999993,Current,DEBT_CONSOLIDATION
LN-508161,CUST-107729,2025-04-27,0,0,False,False,2381.817499999999,Current,DEBT_CONSOLIDATION
LN-508162,CUST-104901,2025-04-27,0,0,False,False,51768.99499999999,Current,DEBT_CONSOLIDATION
LN-508163,CUST-103564,2025-04-27,0,0,False,False,143930.1525,Current,DEBT_CONSOLIDATION
LN-508164,CUST-101679,2025-04-27,0,0,False,False,23318.4,Current,DEBT_CONSOLIDATION
LN-508165,CUST-104275,2025-04-27,0,0,False,False,15534.19500000001,Current,DEBT_CONSOLIDATION
LN-508166,CUST-106736,2025-04-27,0,0,False,False,37203.92,Current,DEBT_CONSOLIDATION
LN-508167,CUST-103823,2025-04-27,0,0,False,False,6440.930000000006,Current,DEBT_CONSOLIDATION
LN-508168,CUST-101624,2025-04-27,0,0,False,False,13310.765000000001,Current,DEBT_CONSOLIDATION
LN-508169,CUST-106162,2025-04-27,0,0,False,False,13372.804999999997,Current,DEBT_CONSOLIDATION
LN-508170,CUST-105594,2025-04-27,0,0,False,False,39834.07749999999,Current,DEBT_CONSOLIDATION
LN-508171,CUST-107777,2025-04-27,0,0,False,False,5563.1174999999985,Current,DEBT_CONSOLIDATION
LN-508172,CUST-103779,2025-04-27,0,0,False,False,19813.320000000014,Current,DEBT_CONSOLIDATION
LN-508174,CUST-106298,2025-04-27,4,140,False,False,49426.215000000026,90+,DEBT_CONSOLIDATION
LN-508175,CUST-103580,2025-04-27,0,0,False,False,53971.56,Current,DEBT_CONSOLIDATION
LN-508176,CUST-100870,2025-04-27,0,0,False,False,7219.44,Current,DEBT_CONSOLIDATION
LN-508177,CUST-106082,2025-04-27,0,0,False,False,30014.517499999998,Current,DEBT_CONSOLIDATION
LN-508178,CUST-105085,2025-04-27,0,0,False,False,33229.149999999965,Current,DEBT_CONSOLIDATION
LN-508179,CUST-105388,2025-04-27,0,0,False,False,4718.120000000002,Current,DEBT_CONSOLIDATION
LN-508180,CUST-105605,2025-04-27,0,0,False,False,4921.545,Current,DEBT_CONSOLIDATION
LN-508181,CUST-105981,2025-04-27,0,0,False,False,8681.159999999998,Current,DEBT_CONSOLIDATION
LN-508182,CUST-101550,2025-04-27,2,35,False,False,27512.480000000007,30-59,DEBT_CONSOLIDATION
LN-508183,CUST-101674,2025-04-27,4,191,False,False,18414.76,90+,DEBT_CONSOLIDATION
LN-508184,CUST-106596,2025-04-27,0,0,False,False,21093.185,Current,DEBT_CONSOLIDATION
LN-508185,CUST-101384,2025-04-27,0,0,False,False,44091.4625,Current,DEBT_CONSOLIDATION
LN-508186,CUST-103641,2025-04-27,0,0,False,False,4330.1349999999975,Current,DEBT_CONSOLIDATION
LN-508187,CUST-106543,2025-04-27,0,0,False,False,40570.765,Current,DEBT_CONSOLIDATION
LN-508188,CUST-103823,2025-04-27,0,0,False,False,25196.35,Current,DEBT_CONSOLIDATION
LN-508190,CUST-107479,2025-04-27,0,0,False,False,4045.925000000002,Current,DEBT_CONSOLIDATION
LN-508191,CUST-105735,2025-04-27,0,0,False,False,16775.909999999993,Current,DEBT_CONSOLIDATION
LN-508192,CUST-103561,2025-04-27,0,0,False,False,6017.730000000001,Current,DEBT_CONSOLIDATION
LN-508193,CUST-102912,2025-04-27,0,0,False,False,606.5799999999995,Current,DEBT_CONSOLIDATION
LN-508194,CUST-106514,2025-04-27,0,0,False,False,13212.570000000003,Current,DEBT_CONSOLIDATION
LN-508195,CUST-105946,2025-04-27,0,0,False,False,14304.995000000003,Current,DEBT_CONSOLIDATION
LN-508196,CUST-102944,2025-04-27,0,0,False,False,2268.575000000002,Current,DEBT_CONSOLIDATION
LN-508197,CUST-104545,2025-04-27,0,0,False,False,13935.842499999997,Current,DEBT_CONSOLIDATION
LN-508198,CUST-102083,2025-04-27,0,0,False,False,6687.0825,Current,DEBT_CONSOLIDATION
LN-508199,CUST-107279,2025-04-27,0,0,False,False,8705.604999999996,Current,DEBT_CONSOLIDATION
LN-508200,CUST-103340,2025-04-27,0,0,False,False,12569.02,Current,DEBT_CONSOLIDATION
LN-508201,CUST-103768,2025-04-27,0,0,False,False,11521.63250000001,Current,DEBT_CONSOLIDATION
LN-508202,CUST-106217,2025-04-27,0,0,False,False,16056.724999999986,Current,DEBT_CONSOLIDATION
LN-508203,CUST-107079,2025-04-27,0,0,False,False,8624.30749999999,Current,DEBT_CONSOLIDATION
LN-508204,CUST-101076,2025-04-27,0,0,False,False,34271.564999999995,Current,DEBT_CONSOLIDATION
LN-508205,CUST-100423,2025-04-27,0,0,False,False,4427.525000000005,Current,DEBT_CONSOLIDATION
LN-508206,CUST-102241,2025-04-27,0,0,False,False,46685.970000000045,Current,DEBT_CONSOLIDATION
LN-508207,CUST-102020,2025-04-27,0,0,False,False,180582.89500000002,Current,DEBT_CONSOLIDATION
LN-508208,CUST-103209,2025-04-27,0,0,False,False,9422.172499999993,Current,DEBT_CONSOLIDATION
LN-508209,CUST-100033,2025-04-27,0,0,False,False,36168.630000000005,Current,DEBT_CONSOLIDATION
LN-508210,CUST-100106,2025-04-27,0,0,False,False,42797.159999999974,Current,DEBT_CONSOLIDATION
LN-508211,CUST-104324,2025-04-27,0,0,False,False,19385.445,Current,DEBT_CONSOLIDATION
LN-508212,CUST-103405,2025-04-27,0,0,False,False,689.6849999999998,Current,DEBT_CONSOLIDATION
LN-508213,CUST-101765,2025-04-27,0,0,False,False,25736.319999999996,Current,DEBT_CONSOLIDATION
LN-508214,CUST-102111,2025-04-27,0,0,False,False,21619.455000000016,Current,DEBT_CONSOLIDATION
LN-508215,CUST-106018,2025-04-27,0,0,False,False,469670.93,Current,DEBT_CONSOLIDATION
LN-508216,CUST-107860,2025-04-27,0,0,False,False,18612.887499999986,Current,DEBT_CONSOLIDATION
LN-508217,CUST-102464,2025-04-27,0,0,False,False,14898.875000000002,Current,DEBT_CONSOLIDATION
LN-508218,CUST-102411,2025-04-27,0,0,False,False,63297.765000000014,Current,DEBT_CONSOLIDATION
LN-508219,CUST-105270,2025-04-27,0,0,False,False,16785.175,Current,DEBT_CONSOLIDATION
LN-508222,CUST-106308,2025-04-27,0,0,False,False,28284.91249999999,Current,DEBT_CONSOLIDATION
LN-508223,CUST-105633,2025-04-27,0,0,False,False,11236.66,Current,DEBT_CONSOLIDATION
LN-508224,CUST-103145,2025-04-27,0,0,False,False,30131.160000000014,Current,DEBT_CONSOLIDATION
LN-508226,CUST-103412,2025-04-27,0,0,False,False,14628.6075,Current,DEBT_CONSOLIDATION
LN-508228,CUST-105529,2025-04-27,0,0,False,False,10352.809999999998,Current,DEBT_CONSOLIDATION
LN-508229,CUST-101869,2025-04-27,0,0,False,False,35297.44749999999,Current,DEBT_CONSOLIDATION
LN-508230,CUST-104817,2025-04-27,0,0,False,False,16325.22000000001,Current,DEBT_CONSOLIDATION
LN-508231,CUST-105904,2025-04-27,0,0,False,False,26496.780000000006,Current,DEBT_CONSOLIDATION
LN-508232,CUST-103862,2025-04-27,3,80,False,False,9200.5,60-89,DEBT_CONSOLIDATION
LN-508233,CUST-101133,2025-04-27,0,0,False,False,102176.94749999998,Current,DEBT_CONSOLIDATION
LN-508234,CUST-103620,2025-04-27,0,0,False,False,20763.27000000001,Current,DEBT_CONSOLIDATION
LN-508235,CUST-106773,2025-04-27,0,0,False,False,24105.965,Current,DEBT_CONSOLIDATION
LN-508236,CUST-105134,2025-04-27,0,0,False,False,385301.47500000003,Current,DEBT_CONSOLIDATION
LN-508237,CUST-107736,2025-04-27,0,0,False,False,1219.0299999999993,Current,DEBT_CONSOLIDATION
LN-508238,CUST-105465,2025-04-27,0,0,False,False,11792.489999999998,Current,DEBT_CONSOLIDATION
LN-508239,CUST-106892,2025-04-27,0,0,False,False,72085.0975,Current,DEBT_CONSOLIDATION
LN-508240,CUST-106897,2025-04-27,0,0,False,False,3525.8899999999994,Current,DEBT_CONSOLIDATION
LN-508241,CUST-107275,2025-04-27,0,0,False,False,14692.265,Current,DEBT_CONSOLIDATION
LN-508242,CUST-102424,2025-04-27,1,24,False,False,20954.475000000024,1-29,DEBT_CONSOLIDATION
LN-508243,CUST-106086,2025-04-27,0,0,False,False,31103.729999999996,Current,DEBT_CONSOLIDATION
LN-508244,CUST-104752,2025-04-27,0,0,False,False,15651.750000000004,Current,DEBT_CONSOLIDATION
LN-508246,CUST-100561,2025-04-27,0,0,False,False,24897.879999999994,Current,DEBT_CONSOLIDATION
LN-508247,CUST-105269,2025-04-27,0,0,False,False,12135.71,Current,DEBT_CONSOLIDATION
LN-508249,CUST-102649,2025-04-27,2,33,False,False,19859.584999999995,30-59,DEBT_CONSOLIDATION
LN-508250,CUST-104803,2025-04-27,0,0,False,False,16370.087499999998,Current,DEBT_CONSOLIDATION
LN-508251,CUST-107311,2025-04-27,0,0,False,False,14039.922500000011,Current,DEBT_CONSOLIDATION
LN-508252,CUST-107583,2025-04-27,4,221,False,True,14199.080000000002,90+,DEBT_CONSOLIDATION
LN-508253,CUST-101597,2025-04-27,0,0,False,False,39250.33499999997,Current,DEBT_CONSOLIDATION
LN-508254,CUST-106442,2025-04-27,0,0,False,False,14486.46,Current,DEBT_CONSOLIDATION
LN-508255,CUST-101068,2025-04-27,0,0,False,False,13207.192500000005,Current,DEBT_CONSOLIDATION
LN-508256,CUST-107871,2025-04-27,0,0,False,False,18243.532500000005,Current,DEBT_CONSOLIDATION
LN-508257,CUST-107434,2025-04-27,0,0,False,False,28333.320000000003,Current,DEBT_CONSOLIDATION
LN-508258,CUST-100441,2025-04-27,0,0,False,False,29320.515,Current,DEBT_CONSOLIDATION
LN-508259,CUST-101625,2025-04-27,0,0,False,False,23615.815,Current,DEBT_CONSOLIDATION
LN-508261,CUST-107469,2025-04-27,0,0,False,False,30247.05,Current,DEBT_CONSOLIDATION
LN-508262,CUST-103593,2025-04-27,1,2,False,False,18609.827499999992,1-29,DEBT_CONSOLIDATION
LN-508263,CUST-100252,2025-04-27,0,0,False,False,14451.225000000008,Current,DEBT_CONSOLIDATION
LN-508264,CUST-105799,2025-04-27,0,0,False,False,50685.06499999999,Current,DEBT_CONSOLIDATION
LN-508265,CUST-101542,2025-04-27,0,0,False,False,16635.860000000022,Current,DEBT_CONSOLIDATION
LN-508266,CUST-107443,2025-04-27,0,0,False,False,18443.545000000006,Current,DEBT_CONSOLIDATION
LN-508267,CUST-103129,2025-04-27,0,0,False,False,17752.537500000006,Current,DEBT_CONSOLIDATION
LN-508268,CUST-102585,2025-04-27,0,0,False,False,37343.48999999996,Current,DEBT_CONSOLIDATION
LN-508269,CUST-104407,2025-04-27,0,0,False,False,9082.224999999999,Current,DEBT_CONSOLIDATION
LN-508270,CUST-106271,2025-04-27,0,0,False,False,17264.82999999999,Current,DEBT_CONSOLIDATION
LN-508271,CUST-106376,2025-04-27,0,0,False,False,26179.92999999998,Current,DEBT_CONSOLIDATION
LN-508273,CUST-106747,2025-04-27,0,0,False,False,7675.149999999998,Current,DEBT_CONSOLIDATION
LN-508274,CUST-100090,2025-04-27,0,0,False,False,17297.622500000027,Current,DEBT_CONSOLIDATION
LN-508275,CUST-100187,2025-04-27,0,0,False,False,16665.850000000002,Current,DEBT_CONSOLIDATION
LN-508276,CUST-102035,2025-04-27,0,0,False,False,22543.337500000005,Current,DEBT_CONSOLIDATION
LN-508277,CUST-106740,2025-04-27,0,0,False,False,11104.532500000005,Current,DEBT_CONSOLIDATION
LN-508278,CUST-104738,2025-04-27,0,0,False,False,7857.859999999999,Current,DEBT_CONSOLIDATION
LN-508280,CUST-102768,2025-04-27,0,0,False,False,6903.2,Current,DEBT_CONSOLIDATION
LN-508281,CUST-100901,2025-04-27,0,0,False,False,19803.409999999996,Current,DEBT_CONSOLIDATION
LN-508282,CUST-100081,2025-04-27,0,0,False,False,5847.580000000002,Current,DEBT_CONSOLIDATION
LN-508283,CUST-103181,2025-04-27,3,75,False,False,38053.925,60-89,DEBT_CONSOLIDATION
LN-508284,CUST-101304,2025-04-27,0,0,False,False,27605.82,Current,DEBT_CONSOLIDATION
LN-508285,CUST-101346,2025-04-27,0,0,False,False,17784.467499999988,Current,DEBT_CONSOLIDATION
LN-508286,CUST-104293,2025-04-27,0,0,False,False,34974.0,Current,DEBT_CONSOLIDATION
LN-508287,CUST-100827,2025-04-27,0,0,False,False,56503.595,Current,DEBT_CONSOLIDATION
LN-508288,CUST-102252,2025-04-27,4,94,False,False,26459.654999999988,90+,DEBT_CONSOLIDATION
LN-508289,CUST-100228,2025-04-27,1,15,False,False,48032.42999999999,1-29,DEBT_CONSOLIDATION
LN-508290,CUST-106995,2025-04-27,0,0,False,False,25877.2325,Current,DEBT_CONSOLIDATION
LN-508291,CUST-107258,2025-04-27,0,0,False,False,20296.192500000012,Current,DEBT_CONSOLIDATION
LN-508292,CUST-102730,2025-04-27,0,0,False,False,24335.59,Current,DEBT_CONSOLIDATION
LN-508293,CUST-107474,2025-04-27,0,0,False,False,20970.51000000001,Current,DEBT_CONSOLIDATION
LN-508294,CUST-105935,2025-04-27,0,0,False,False,11309.425,Current,DEBT_CONSOLIDATION
LN-508295,CUST-102231,2025-04-27,0,0,False,False,5419.910000000001,Current,DEBT_CONSOLIDATION
LN-508296,CUST-106807,2025-04-27,0,0,False,False,22201.975,Current,DEBT_CONSOLIDATION
LN-508298,CUST-100747,2025-04-27,0,0,False,False,49515.62750000001,Current,DEBT_CONSOLIDATION
LN-508299,CUST-102291,2025-04-27,0,0,False,False,722.0399999999997,Current,DEBT_CONSOLIDATION
LN-508300,CUST-107553,2025-04-27,0,0,False,False,33645.67,Current,DEBT_CONSOLIDATION
LN-508301,CUST-105818,2025-04-27,0,0,False,False,21454.065000000002,Current,DEBT_CONSOLIDATION
LN-508302,CUST-106465,2025-04-27,1,19,False,False,47418.87,1-29,DEBT_CONSOLIDATION
LN-508303,CUST-104230,2025-04-27,0,0,False,False,2134.9550000000013,Current,DEBT_CONSOLIDATION
LN-508304,CUST-106999,2025-04-27,0,0,False,False,46420.17999999998,Current,DEBT_CONSOLIDATION
LN-508305,CUST-102373,2025-04-27,0,0,True,False,5216.539999999995,Current,DEBT_CONSOLIDATION
LN-508306,CUST-100398,2025-04-27,0,0,False,False,10533.4875,Current,DEBT_CONSOLIDATION
LN-508307,CUST-107329,2025-04-27,0,0,False,False,25069.395,Current,DEBT_CONSOLIDATION
LN-508308,CUST-101309,2025-04-27,0,0,False,False,9412.875000000011,Current,DEBT_CONSOLIDATION
LN-508309,CUST-106651,2025-04-27,0,0,False,False,12210.057499999992,Current,DEBT_CONSOLIDATION
LN-508310,CUST-105522,2025-04-27,0,0,False,False,17855.862500000003,Current,DEBT_CONSOLIDATION
LN-508311,CUST-106824,2025-04-27,0,0,False,False,7318.775,Current,DEBT_CONSOLIDATION
LN-508312,CUST-104308,2025-04-27,0,0,False,False,39525.53999999998,Current,DEBT_CONSOLIDATION
LN-508313,CUST-105193,2025-04-27,1,9,False,False,41819.48249999998,1-29,DEBT_CONSOLIDATION
LN-508314,CUST-102581,2025-04-27,0,0,False,False,60567.12,Current,DEBT_CONSOLIDATION
LN-508315,CUST-103883,2025-04-27,0,0,False,False,9443.325000000004,Current,DEBT_CONSOLIDATION
LN-508316,CUST-101631,2025-04-27,0,0,False,False,10724.412499999991,Current,DEBT_CONSOLIDATION
LN-508317,CUST-100254,2025-04-27,0,0,False,False,4935.172500000001,Current,DEBT_CONSOLIDATION
LN-508318,CUST-102153,2025-04-27,0,0,False,False,44349.835,Current,DEBT_CONSOLIDATION
LN-508319,CUST-104819,2025-04-27,0,0,False,False,21611.584999999995,Current,DEBT_CONSOLIDATION
LN-508320,CUST-101247,2025-04-27,0,0,False,False,12687.88,Current,DEBT_CONSOLIDATION
LN-508321,CUST-100539,2025-04-27,0,0,False,False,8862.13,Current,DEBT_CONSOLIDATION
LN-508322,CUST-101917,2025-04-27,0,0,False,False,39673.355,Current,DEBT_CONSOLIDATION
LN-508323,CUST-103669,2025-04-27,0,0,False,False,6664.5075,Current,DEBT_CONSOLIDATION
LN-508324,CUST-106008,2025-04-27,0,0,False,False,13774.4375,Current,DEBT_CONSOLIDATION
LN-508325,CUST-105594,2025-04-27,0,0,False,False,95393.71000000002,Current,DEBT_CONSOLIDATION
LN-508326,CUST-105776,2025-04-27,0,0,False,False,29176.424999999992,Current,DEBT_CONSOLIDATION
LN-508329,CUST-103127,2025-04-27,1,15,False,False,27777.305000000008,1-29,DEBT_CONSOLIDATION
LN-508330,CUST-102018,2025-04-27,0,0,False,False,469098.57999999984,Current,DEBT_CONSOLIDATION
LN-508331,CUST-102475,2025-04-27,0,0,False,False,7727.664999999997,Current,DEBT_CONSOLIDATION
LN-508333,CUST-107662,2025-04-27,0,0,False,False,13562.4575,Current,DEBT_CONSOLIDATION
LN-508334,CUST-100944,2025-04-27,0,0,False,False,17572.89,Current,DEBT_CONSOLIDATION
LN-508335,CUST-100002,2025-04-27,0,0,True,False,11656.025,Current,DEBT_CONSOLIDATION
LN-508336,CUST-106477,2025-04-27,1,21,False,False,41036.310000000005,1-29,DEBT_CONSOLIDATION
LN-508337,CUST-101525,2025-04-27,0,0,False,False,5317.572500000001,Current,DEBT_CONSOLIDATION
LN-508338,CUST-102876,2025-04-27,0,0,False,False,20177.984999999993,Current,DEBT_CONSOLIDATION
LN-508339,CUST-106895,2025-04-27,0,0,False,False,10452.404999999997,Current,DEBT_CONSOLIDATION
LN-508340,CUST-105411,2025-04-27,0,0,False,False,8796.057499999997,Current,DEBT_CONSOLIDATION
LN-508341,CUST-102621,2025-04-27,0,0,False,False,50328.75,Current,DEBT_CONSOLIDATION
LN-508342,CUST-101476,2025-04-27,0,0,False,False,2010.0699999999977,Current,DEBT_CONSOLIDATION
LN-508343,CUST-101917,2025-04-27,0,0,False,False,28255.5,Current,DEBT_CONSOLIDATION
LN-508346,CUST-101531,2025-04-27,0,0,False,False,46571.009999999966,Current,DEBT_CONSOLIDATION
LN-508347,CUST-100040,2025-04-27,0,0,False,False,24244.425,Current,DEBT_CONSOLIDATION
LN-508348,CUST-102407,2025-04-27,0,0,False,False,7449.954999999991,Current,DEBT_CONSOLIDATION
LN-508349,CUST-100947,2025-04-27,0,0,False,False,9028.342499999995,Current,DEBT_CONSOLIDATION
LN-508350,CUST-101903,2025-04-27,0,0,False,False,16004.630000000005,Current,DEBT_CONSOLIDATION
LN-508351,CUST-100950,2025-04-27,0,0,False,False,32499.25,Current,DEBT_CONSOLIDATION
LN-508352,CUST-107211,2025-04-27,0,0,False,False,3234.43,Current,DEBT_CONSOLIDATION
LN-508353,CUST-101025,2025-04-27,0,0,False,False,19576.487500000003,Current,DEBT_CONSOLIDATION
LN-508354,CUST-104672,2025-04-27,0,0,False,False,13996.885,Current,DEBT_CONSOLIDATION
LN-508355,CUST-107117,2025-04-27,0,0,False,False,10530.700000000004,Current,DEBT_CONSOLIDATION
LN-508356,CUST-104507,2025-04-27,0,0,False,False,6727.880000000002,Current,DEBT_CONSOLIDATION
LN-508357,CUST-100872,2025-04-27,0,0,False,False,22312.100000000002,Current,DEBT_CONSOLIDATION
LN-508359,CUST-103695,2025-04-27,0,0,False,False,25104.695,Current,DEBT_CONSOLIDATION
LN-508360,CUST-103058,2025-04-27,0,0,False,False,41080.56000000002,Current,DEBT_CONSOLIDATION
LN-508361,CUST-104343,2025-04-27,0,0,False,False,537280.99,Current,DEBT_CONSOLIDATION
LN-508363,CUST-105135,2025-04-27,0,0,False,False,10926.945000000009,Current,DEBT_CONSOLIDATION
LN-508364,CUST-104016,2025-04-27,0,0,False,False,17258.090000000004,Current,DEBT_CONSOLIDATION
LN-508365,CUST-106717,2025-04-27,0,0,False,False,463546.41,Current,DEBT_CONSOLIDATION
LN-508366,CUST-101221,2025-04-27,0,0,False,False,1340.9399999999998,Current,DEBT_CONSOLIDATION
LN-508367,CUST-105728,2025-04-27,0,0,False,False,29141.860000000008,Current,DEBT_CONSOLIDATION
LN-508368,CUST-101280,2025-04-27,0,0,False,False,16857.042499999992,Current,DEBT_CONSOLIDATION
LN-508369,CUST-106486,2025-04-27,0,0,False,False,16965.81,Current,DEBT_CONSOLIDATION
LN-508371,CUST-100406,2025-04-27,0,0,False,False,34048.90000000001,Current,DEBT_CONSOLIDATION
LN-508372,CUST-100969,2025-04-27,0,0,False,False,42791.99000000001,Current,DEBT_CONSOLIDATION
LN-508375,CUST-100200,2025-04-27,2,56,False,False,4084.3600000000006,30-59,DEBT_CONSOLIDATION
LN-508376,CUST-101282,2025-04-27,0,0,False,False,12931.76,Current,DEBT_CONSOLIDATION
LN-508377,CUST-103714,2025-04-27,0,0,False,False,19655.839999999997,Current,DEBT_CONSOLIDATION
LN-508378,CUST-103724,2025-04-27,0,0,False,False,22119.93,Current,DEBT_CONSOLIDATION
LN-508379,CUST-100607,2025-04-27,0,0,False,False,2201.8950000000004,Current,DEBT_CONSOLIDATION
LN-508380,CUST-101589,2025-04-27,0,0,False,False,6680.315000000004,Current,DEBT_CONSOLIDATION
LN-508384,CUST-105028,2025-04-27,0,0,False,False,26967.34,Current,DEBT_CONSOLIDATION
LN-508385,CUST-101565,2025-04-27,0,0,False,False,11587.25,Current,DEBT_CONSOLIDATION
LN-508386,CUST-102673,2025-04-27,0,0,False,False,5904.329999999998,Current,DEBT_CONSOLIDATION
LN-508387,CUST-100994,2025-04-27,0,0,False,False,5136.947500000002,Current,DEBT_CONSOLIDATION
LN-508388,CUST-107947,2025-04-27,0,0,False,False,23729.607500000002,Current,DEBT_CONSOLIDATION
LN-508389,CUST-106259,2025-04-27,0,0,False,False,25533.320000000003,Current,DEBT_CONSOLIDATION
LN-508391,CUST-102370,2025-04-27,3,85,False,False,28463.065000000002,60-89,DEBT_CONSOLIDATION
LN-508392,CUST-103284,2025-04-27,0,0,False,False,10449.190000000006,Current,DEBT_CONSOLIDATION
LN-508394,CUST-106153,2025-04-27,4,112,False,False,34506.18999999999,90+,DEBT_CONSOLIDATION
LN-508395,CUST-104221,2025-04-27,0,0,False,False,115291.39000000004,Current,DEBT_CONSOLIDATION
LN-508397,CUST-100279,2025-04-27,0,0,False,False,30870.3775,Current,DEBT_CONSOLIDATION
LN-508398,CUST-106757,2025-04-27,0,0,False,False,50701.325,Current,DEBT_CONSOLIDATION
LN-508399,CUST-105493,2025-04-27,0,0,False,False,24973.63,Current,DEBT_CONSOLIDATION
LN-508400,CUST-102353,2025-04-27,0,0,False,False,5300.5250000000015,Current,DEBT_CONSOLIDATION
LN-508401,CUST-100537,2025-04-27,0,0,False,False,29362.810000000005,Current,DEBT_CONSOLIDATION
LN-508402,CUST-100590,2025-04-27,0,0,False,False,573102.6550000003,Current,DEBT_CONSOLIDATION
LN-508403,CUST-100060,2025-04-27,0,0,False,False,10178.48,Current,DEBT_CONSOLIDATION
LN-508404,CUST-105104,2025-04-27,0,0,False,False,31627.5,Current,DEBT_CONSOLIDATION
LN-508405,CUST-107410,2025-04-27,0,0,False,False,45331.63250000001,Current,DEBT_CONSOLIDATION
LN-508406,CUST-103693,2025-04-27,0,0,False,False,16224.912499999999,Current,DEBT_CONSOLIDATION
LN-508407,CUST-106868,2025-04-27,0,0,False,False,926.09,Current,DEBT_CONSOLIDATION
LN-508408,CUST-107629,2025-04-27,0,0,False,False,41055.4,Current,DEBT_CONSOLIDATION
LN-508409,CUST-106793,2025-04-27,1,21,False,False,36208.527499999975,1-29,DEBT_CONSOLIDATION
LN-508410,CUST-107181,2025-04-27,0,0,False,False,23558.630000000012,Current,DEBT_CONSOLIDATION
LN-508411,CUST-105946,2025-04-27,0,0,False,False,110158.21000000002,Current,DEBT_CONSOLIDATION
LN-508412,CUST-107280,2025-04-27,0,0,False,False,24760.03,Current,DEBT_CONSOLIDATION
LN-508413,CUST-106081,2025-04-27,0,0,False,False,113245.3725,Current,DEBT_CONSOLIDATION
LN-508414,CUST-103725,2025-04-27,0,0,False,False,24658.63,Current,DEBT_CONSOLIDATION
LN-508416,CUST-100451,2025-04-27,0,0,False,False,54413.31000000002,Current,DEBT_CONSOLIDATION
LN-508417,CUST-103493,2025-04-27,0,0,False,False,25159.20999999999,Current,DEBT_CONSOLIDATION
LN-508418,CUST-101209,2025-04-27,0,0,False,False,2343.1250000000014,Current,DEBT_CONSOLIDATION
LN-508419,CUST-106422,2025-04-27,0,0,False,False,19486.162499999988,Current,DEBT_CONSOLIDATION
LN-508420,CUST-101538,2025-04-27,0,0,False,False,6397.234999999995,Current,DEBT_CONSOLIDATION
LN-508421,CUST-101467,2025-04-27,0,0,False,False,13140.149999999998,Current,DEBT_CONSOLIDATION
LN-508422,CUST-107662,2025-04-27,0,0,False,False,6573.357499999998,Current,DEBT_CONSOLIDATION
LN-508423,CUST-102980,2025-04-27,0,0,False,False,11243.289999999997,Current,DEBT_CONSOLIDATION
LN-508424,CUST-102518,2025-04-27,0,0,False,False,26057.65,Current,DEBT_CONSOLIDATION
LN-508425,CUST-102101,2025-04-27,1,7,False,False,11898.892499999998,1-29,DEBT_CONSOLIDATION
LN-508426,CUST-106374,2025-04-27,0,0,False,False,46259.07999999997,Current,DEBT_CONSOLIDATION
LN-508427,CUST-104206,2025-04-27,0,0,False,False,49008.31500000001,Current,DEBT_CONSOLIDATION
LN-508428,CUST-103790,2025-04-27,0,0,False,False,16640.32,Current,DEBT_CONSOLIDATION
LN-508429,CUST-101322,2025-04-27,0,0,False,False,107489.1125,Current,DEBT_CONSOLIDATION
LN-508430,CUST-107026,2025-04-27,0,0,False,False,22748.1725,Current,DEBT_CONSOLIDATION
LN-508431,CUST-100139,2025-04-27,0,0,False,False,20432.97250000001,Current,DEBT_CONSOLIDATION
LN-508432,CUST-100714,2025-04-27,0,0,False,False,36404.47999999998,Current,DEBT_CONSOLIDATION
LN-508433,CUST-105582,2025-04-27,0,0,False,False,45846.0175,Current,DEBT_CONSOLIDATION
LN-508434,CUST-107242,2025-04-27,4,108,False,False,3673.8200000000015,90+,DEBT_CONSOLIDATION
LN-508435,CUST-107671,2025-04-27,0,0,False,False,18814.875,Current,DEBT_CONSOLIDATION
LN-508437,CUST-103830,2025-04-27,0,0,False,False,10965.155,Current,DEBT_CONSOLIDATION
LN-508438,CUST-105480,2025-04-27,0,0,False,False,11003.455000000002,Current,DEBT_CONSOLIDATION
LN-508439,CUST-105904,2025-04-27,0,0,False,False,17104.619999999995,Current,DEBT_CONSOLIDATION
LN-508440,CUST-102080,2025-04-27,0,0,False,False,12293.71,Current,DEBT_CONSOLIDATION
LN-508441,CUST-103163,2025-04-27,0,0,False,False,24086.539999999983,Current,DEBT_CONSOLIDATION
LN-508442,CUST-100373,2025-04-27,0,0,False,False,12191.89,Current,DEBT_CONSOLIDATION
LN-508443,CUST-102590,2025-04-27,0,0,False,False,19966.745000000017,Current,DEBT_CONSOLIDATION
LN-508444,CUST-105729,2025-04-27,1,16,False,False,86860.78999999995,1-29,DEBT_CONSOLIDATION
LN-508445,CUST-103119,2025-04-27,0,0,False,False,14375.859999999993,Current,DEBT_CONSOLIDATION
LN-508446,CUST-107350,2025-04-27,0,0,False,False,2593.1025,Current,DEBT_CONSOLIDATION
LN-508447,CUST-104103,2025-04-27,0,0,False,False,3149.09,Current,DEBT_CONSOLIDATION
LN-508448,CUST-101839,2025-04-27,0,0,False,False,19950.08000000001,Current,DEBT_CONSOLIDATION
LN-508449,CUST-107536,2025-04-27,0,0,False,False,29967.53,Current,DEBT_CONSOLIDATION
LN-508451,CUST-104036,2025-04-27,0,0,False,False,15917.624999999998,Current,DEBT_CONSOLIDATION
LN-508452,CUST-103550,2025-04-27,0,0,False,False,5120.13,Current,DEBT_CONSOLIDATION
LN-508453,CUST-105928,2025-04-27,0,0,False,False,11933.609999999995,Current,DEBT_CONSOLIDATION
LN-508454,CUST-104543,2025-04-27,0,0,False,False,1253.4774999999997,Current,DEBT_CONSOLIDATION
LN-508455,CUST-100327,2025-04-27,0,0,False,False,15670.830000000009,Current,DEBT_CONSOLIDATION
LN-508456,CUST-107314,2025-04-27,0,0,False,False,480053.5025000001,Current,DEBT_CONSOLIDATION
LN-508458,CUST-102726,2025-04-27,0,0,False,False,24488.620000000003,Current,DEBT_CONSOLIDATION
LN-508459,CUST-107331,2025-04-27,0,0,False,False,43856.04,Current,DEBT_CONSOLIDATION
LN-508460,CUST-105542,2025-04-27,0,0,False,False,24466.175000000003,Current,DEBT_CONSOLIDATION
LN-508461,CUST-106894,2025-04-27,0,0,False,False,36009.04499999999,Current,DEBT_CONSOLIDATION
LN-508462,CUST-106467,2025-04-27,0,0,False,False,4757.079999999996,Current,DEBT_CONSOLIDATION
LN-508463,CUST-107761,2025-04-27,0,0,False,False,28009.892499999994,Current,DEBT_CONSOLIDATION
LN-508465,CUST-105009,2025-04-27,0,0,False,False,15286.320000000007,Current,DEBT_CONSOLIDATION
LN-508466,CUST-106432,2025-04-27,0,0,False,False,11421.542499999998,Current,DEBT_CONSOLIDATION
LN-508467,CUST-103688,2025-04-27,0,0,False,False,48013.66999999999,Current,DEBT_CONSOLIDATION
LN-508468,CUST-107885,2025-04-27,0,0,False,False,15653.949999999988,Current,DEBT_CONSOLIDATION
LN-508469,CUST-101149,2025-04-27,0,0,False,False,15275.444999999998,Current,DEBT_CONSOLIDATION
LN-508470,CUST-106003,2025-04-27,0,0,False,False,34383.83000000002,Current,DEBT_CONSOLIDATION
LN-508471,CUST-100923,2025-04-27,0,0,False,False,370.52500000000026,Current,DEBT_CONSOLIDATION
LN-508472,CUST-107184,2025-04-27,0,0,False,False,39856.1675,Current,DEBT_CONSOLIDATION
LN-508474,CUST-104113,2025-04-27,0,0,False,False,20386.457499999986,Current,DEBT_CONSOLIDATION
LN-508475,CUST-101905,2025-04-27,0,0,False,False,47867.23499999999,Current,DEBT_CONSOLIDATION
LN-508476,CUST-102347,2025-04-27,0,0,False,False,14646.1875,Current,DEBT_CONSOLIDATION
LN-508477,CUST-107058,2025-04-27,0,0,False,False,9751.015000000003,Current,DEBT_CONSOLIDATION
LN-508478,CUST-103277,2025-04-27,0,0,False,False,2396.270000000001,Current,DEBT_CONSOLIDATION
LN-508479,CUST-106631,2025-04-27,0,0,False,False,18089.55999999999,Current,DEBT_CONSOLIDATION
LN-508480,CUST-107309,2025-04-27,0,0,False,False,12978.130000000001,Current,DEBT_CONSOLIDATION
LN-508481,CUST-100959,2025-04-27,0,0,False,False,28709.829999999994,Current,DEBT_CONSOLIDATION
LN-508482,CUST-106949,2025-04-27,0,0,False,False,30992.929999999997,Current,DEBT_CONSOLIDATION
LN-508483,CUST-106426,2025-04-27,0,0,False,False,6670.384999999997,Current,DEBT_CONSOLIDATION
LN-508484,CUST-105062,2025-04-27,0,0,False,False,9709.512499999999,Current,DEBT_CONSOLIDATION
LN-508485,CUST-103731,2025-04-27,0,0,False,False,36713.9525,Current,DEBT_CONSOLIDATION
LN-508486,CUST-104120,2025-04-27,0,0,False,False,5446.354999999999,Current,DEBT_CONSOLIDATION
LN-508487,CUST-100276,2025-04-27,0,0,False,False,23958.664999999997,Current,DEBT_CONSOLIDATION
LN-508488,CUST-100907,2025-04-27,0,0,False,False,16348.025000000001,Current,DEBT_CONSOLIDATION
LN-508489,CUST-104939,2025-04-27,0,0,False,False,8191.754999999991,Current,DEBT_CONSOLIDATION
LN-508490,CUST-102140,2025-04-27,0,0,False,False,31657.380000000005,Current,DEBT_CONSOLIDATION
LN-508491,CUST-103215,2025-04-27,0,0,False,False,21253.97,Current,DEBT_CONSOLIDATION
LN-508492,CUST-105152,2025-04-27,0,0,False,False,30107.91999999999,Current,DEBT_CONSOLIDATION
LN-508493,CUST-102121,2025-04-27,0,0,False,False,17156.215,Current,DEBT_CONSOLIDATION
LN-508494,CUST-107725,2025-04-27,0,0,False,False,14486.165,Current,DEBT_CONSOLIDATION
LN-508495,CUST-103973,2025-04-27,0,0,False,False,15312.452500000001,Current,DEBT_CONSOLIDATION
LN-508496,CUST-103249,2025-04-27,0,0,False,False,34759.8225,Current,DEBT_CONSOLIDATION
LN-508497,CUST-105702,2025-04-27,0,0,False,False,7033.455000000002,Current,DEBT_CONSOLIDATION
LN-508498,CUST-106564,2025-04-27,0,0,False,False,29398.739999999998,Current,DEBT_CONSOLIDATION
LN-508499,CUST-106613,2025-04-27,0,0,False,False,1973.2475,Current,DEBT_CONSOLIDATION
LN-508500,CUST-100010,2025-04-27,0,0,False,False,29144.6225,Current,DEBT_CONSOLIDATION
LN-508501,CUST-101612,2025-04-27,0,0,True,False,33820.09000000001,Current,DEBT_CONSOLIDATION
LN-508502,CUST-102844,2025-04-27,0,0,False,False,14352.710000000006,Current,DEBT_CONSOLIDATION
LN-508503,CUST-104784,2025-04-27,0,0,False,False,19116.520000000004,Current,DEBT_CONSOLIDATION
LN-508504,CUST-105974,2025-04-27,0,0,False,False,608111.2199999999,Current,DEBT_CONSOLIDATION
LN-508505,CUST-106708,2025-04-27,0,0,False,False,342349.52999999997,Current,DEBT_CONSOLIDATION
LN-508507,CUST-103251,2025-04-27,0,0,False,False,45020.81000000001,Current,DEBT_CONSOLIDATION
LN-508508,CUST-106961,2025-04-27,0,0,False,False,35854.19999999998,Current,DEBT_CONSOLIDATION
LN-508509,CUST-102716,2025-04-27,0,0,False,False,26146.4975,Current,DEBT_CONSOLIDATION
LN-508510,CUST-102824,2025-04-27,0,0,False,False,130861.94000000005,Current,DEBT_CONSOLIDATION
LN-508511,CUST-107485,2025-04-27,0,0,False,False,9922.954999999996,Current,DEBT_CONSOLIDATION
LN-508512,CUST-105461,2025-04-27,0,0,False,False,31560.5,Current,DEBT_CONSOLIDATION
LN-508513,CUST-101016,2025-04-27,0,0,False,False,9804.150000000001,Current,DEBT_CONSOLIDATION
LN-508514,CUST-105065,2025-04-27,0,0,False,False,14154.2775,Current,DEBT_CONSOLIDATION
LN-508516,CUST-106674,2025-04-27,0,0,False,False,37885.96000000001,Current,DEBT_CONSOLIDATION
LN-508517,CUST-101923,2025-04-27,0,0,False,False,13804.242499999998,Current,DEBT_CONSOLIDATION
LN-508518,CUST-106444,2025-04-27,0,0,False,False,3955.7200000000003,Current,DEBT_CONSOLIDATION
LN-508519,CUST-100331,2025-04-27,1,10,False,False,27282.149999999998,1-29,DEBT_CONSOLIDATION
LN-508520,CUST-105718,2025-04-27,0,0,False,False,7758.504999999999,Current,DEBT_CONSOLIDATION
LN-508521,CUST-100683,2025-04-27,0,0,False,False,32525.20249999998,Current,DEBT_CONSOLIDATION
LN-508523,CUST-104748,2025-04-27,0,0,False,False,48608.91,Current,DEBT_CONSOLIDATION
LN-508525,CUST-105857,2025-04-27,0,0,False,False,17790.327499999992,Current,DEBT_CONSOLIDATION
LN-508526,CUST-106485,2025-04-27,0,0,False,False,37785.5475,Current,DEBT_CONSOLIDATION
LN-508527,CUST-101489,2025-04-27,0,0,False,False,11063.485000000004,Current,DEBT_CONSOLIDATION
LN-508528,CUST-106319,2025-04-27,0,0,False,False,88744.56,Current,DEBT_CONSOLIDATION
LN-508529,CUST-106412,2025-04-27,0,0,False,False,38981.69,Current,DEBT_CONSOLIDATION
LN-508530,CUST-106091,2025-04-27,0,0,False,False,2133.752499999999,Current,DEBT_CONSOLIDATION
LN-508531,CUST-102605,2025-04-27,0,0,False,False,27266.892499999994,Current,DEBT_CONSOLIDATION
LN-508532,CUST-107470,2025-04-27,0,0,False,False,22898.832500000008,Current,DEBT_CONSOLIDATION
LN-508534,CUST-105176,2025-04-27,0,0,False,False,25211.23750000001,Current,DEBT_CONSOLIDATION
LN-508535,CUST-107828,2025-04-27,0,0,False,False,18439.05,Current,DEBT_CONSOLIDATION
LN-508536,CUST-107055,2025-04-27,0,0,False,False,3095.4749999999995,Current,DEBT_CONSOLIDATION
LN-508537,CUST-106411,2025-04-27,4,135,False,False,16406.587499999998,90+,DEBT_CONSOLIDATION
LN-508538,CUST-106666,2025-04-27,0,0,False,False,25463.712500000005,Current,DEBT_CONSOLIDATION
LN-508539,CUST-103136,2025-04-27,0,0,False,False,45397.14,Current,DEBT_CONSOLIDATION
LN-508541,CUST-106408,2025-04-27,0,0,False,False,113711.07500000001,Current,DEBT_CONSOLIDATION
LN-508542,CUST-104886,2025-04-27,4,161,False,False,14821.62,90+,DEBT_CONSOLIDATION
LN-508543,CUST-101828,2025-04-27,0,0,False,False,16096.684999999981,Current,DEBT_CONSOLIDATION
LN-508544,CUST-106457,2025-04-27,0,0,False,False,27855.41250000001,Current,DEBT_CONSOLIDATION
LN-508545,CUST-105902,2025-04-27,0,0,False,False,32245.2175,Current,DEBT_CONSOLIDATION
LN-508546,CUST-100183,2025-04-27,0,0,False,False,19693.790000000005,Current,DEBT_CONSOLIDATION
LN-508547,CUST-100657,2025-04-27,0,0,False,False,18184.5725,Current,DEBT_CONSOLIDATION
LN-508549,CUST-105697,2025-04-27,1,23,False,False,12742.455,1-29,DEBT_CONSOLIDATION
LN-508550,CUST-105953,2025-04-27,0,0,False,False,49506.91,Current,DEBT_CONSOLIDATION
LN-508551,CUST-101975,2025-04-27,0,0,False,False,5977.849999999999,Current,DEBT_CONSOLIDATION
LN-508552,CUST-105315,2025-04-27,0,0,False,False,8578.820000000002,Current,DEBT_CONSOLIDATION
LN-508553,CUST-104372,2025-04-27,0,0,False,False,16641.185,Current,DEBT_CONSOLIDATION
LN-508554,CUST-101192,2025-04-27,0,0,False,False,20405.48499999999,Current,DEBT_CONSOLIDATION
LN-508555,CUST-100838,2025-04-27,0,0,False,False,7867.4374999999945,Current,DEBT_CONSOLIDATION
LN-508556,CUST-106087,2025-04-27,0,0,False,False,47256.60000000001,Current,DEBT_CONSOLIDATION
LN-508557,CUST-106514,2025-04-27,0,0,False,False,37192.902500000004,Current,DEBT_CONSOLIDATION
LN-508558,CUST-101952,2025-04-27,0,0,False,False,41811.4075,Current,DEBT_CONSOLIDATION
LN-508559,CUST-105906,2025-04-27,0,0,False,False,18712.85,Current,DEBT_CONSOLIDATION
LN-508561,CUST-100226,2025-04-27,0,0,False,False,29657.36,Current,DEBT_CONSOLIDATION
LN-508562,CUST-107081,2025-04-27,0,0,False,False,21967.465000000004,Current,DEBT_CONSOLIDATION
LN-508563,CUST-106140,2025-04-27,0,0,False,False,38572.815,Current,DEBT_CONSOLIDATION
LN-508564,CUST-102983,2025-04-27,0,0,False,False,10732.899999999994,Current,DEBT_CONSOLIDATION
LN-508565,CUST-102747,2025-04-27,0,0,False,False,25132.39,Current,DEBT_CONSOLIDATION
LN-508566,CUST-104266,2025-04-27,0,0,False,False,34688.827500000014,Current,DEBT_CONSOLIDATION
LN-508568,CUST-102920,2025-04-27,0,0,False,False,5336.177500000001,Current,DEBT_CONSOLIDATION
LN-508569,CUST-107905,2025-04-27,0,0,False,False,42824.79249999999,Current,DEBT_CONSOLIDATION
LN-508570,CUST-102620,2025-04-27,0,0,False,False,2975.7899999999972,Current,DEBT_CONSOLIDATION
LN-508571,CUST-105452,2025-04-27,1,4,False,False,101624.38,1-29,DEBT_CONSOLIDATION
LN-508572,CUST-105381,2025-04-27,0,0,False,False,31337.002499999973,Current,DEBT_CONSOLIDATION
LN-508573,CUST-102087,2025-04-27,0,0,False,False,2160.34,Current,DEBT_CONSOLIDATION
LN-508574,CUST-100640,2025-04-27,1,25,False,False,8097.635000000005,1-29,DEBT_CONSOLIDATION
LN-508575,CUST-104218,2025-04-27,0,0,False,False,10793.4,Current,DEBT_CONSOLIDATION
LN-508576,CUST-100147,2025-04-27,0,0,False,False,6902.729999999999,Current,DEBT_CONSOLIDATION
LN-508577,CUST-106291,2025-04-27,0,0,False,False,40078.55,Current,DEBT_CONSOLIDATION
LN-508578,CUST-101451,2025-04-27,0,0,False,False,31395.57000000002,Current,DEBT_CONSOLIDATION
LN-508579,CUST-101409,2025-04-27,0,0,False,False,12145.452500000001,Current,DEBT_CONSOLIDATION
LN-508581,CUST-106113,2025-04-27,0,0,False,False,14490.667499999998,Current,DEBT_CONSOLIDATION
LN-508582,CUST-100148,2025-04-27,0,0,False,False,110110.72749999998,Current,DEBT_CONSOLIDATION
LN-508583,CUST-105317,2025-04-27,0,0,False,False,12054.935000000009,Current,DEBT_CONSOLIDATION
LN-508584,CUST-105496,2025-04-27,0,0,False,False,12897.947500000004,Current,DEBT_CONSOLIDATION
LN-508585,CUST-107694,2025-04-27,0,0,False,False,28541.83750000001,Current,DEBT_CONSOLIDATION
LN-508586,CUST-106686,2025-04-27,0,0,False,False,51965.3175,Current,DEBT_CONSOLIDATION
LN-508587,CUST-103191,2025-04-27,0,0,False,False,5022.594999999998,Current,DEBT_CONSOLIDATION
LN-508588,CUST-101666,2025-04-27,0,0,False,False,21003.78000000001,Current,DEBT_CONSOLIDATION
LN-508589,CUST-101801,2025-04-27,0,0,False,False,21878.04,Current,DEBT_CONSOLIDATION
LN-508590,CUST-105809,2025-04-27,0,0,False,False,30912.21,Current,DEBT_CONSOLIDATION
LN-508591,CUST-101608,2025-04-27,0,0,False,False,47067.80500000002,Current,DEBT_CONSOLIDATION
LN-508592,CUST-105429,2025-04-27,0,0,False,False,7632.3099999999995,Current,DEBT_CONSOLIDATION
LN-508593,CUST-100922,2025-04-27,0,0,False,False,329634.5125,Current,DEBT_CONSOLIDATION
LN-508594,CUST-102256,2025-04-27,0,0,False,False,11827.630000000006,Current,DEBT_CONSOLIDATION
LN-508595,CUST-106080,2025-04-27,0,0,False,False,40031.93499999999,Current,DEBT_CONSOLIDATION
LN-508596,CUST-103512,2025-04-27,0,0,False,False,18132.6025,Current,DEBT_CONSOLIDATION
LN-508597,CUST-100852,2025-04-27,0,0,False,False,42947.56999999999,Current,DEBT_CONSOLIDATION
LN-508598,CUST-106580,2025-04-27,0,0,False,False,221210.01499999996,Current,DEBT_CONSOLIDATION
LN-508599,CUST-104273,2025-04-27,0,0,False,False,22670.530000000013,Current,DEBT_CONSOLIDATION
LN-508600,CUST-103312,2025-04-27,0,0,False,False,38316.365000000005,Current,DEBT_CONSOLIDATION
LN-508601,CUST-104260,2025-04-27,0,0,False,False,30436.290000000008,Current,DEBT_CONSOLIDATION
LN-508602,CUST-102056,2025-04-27,2,48,False,False,284924.5250000002,30-59,DEBT_CONSOLIDATION
LN-508603,CUST-105206,2025-04-27,0,0,False,False,19281.680000000004,Current,DEBT_CONSOLIDATION
LN-508604,CUST-103265,2025-04-27,0,0,False,False,24706.19,Current,DEBT_CONSOLIDATION
LN-508605,CUST-101128,2025-04-27,0,0,False,False,23201.63000000001,Current,DEBT_CONSOLIDATION
LN-508606,CUST-104291,2025-04-27,0,0,False,False,8214.25250000001,Current,DEBT_CONSOLIDATION
LN-508608,CUST-100089,2025-04-27,0,0,False,False,39382.99500000003,Current,DEBT_CONSOLIDATION
LN-508609,CUST-101500,2025-04-27,0,0,False,False,19095.467500000013,Current,DEBT_CONSOLIDATION
LN-508610,CUST-101456,2025-04-27,0,0,False,False,14756.37,Current,DEBT_CONSOLIDATION
LN-508611,CUST-106462,2025-04-27,0,0,False,False,16100.474999999999,Current,DEBT_CONSOLIDATION
LN-508612,CUST-103439,2025-04-27,0,0,False,False,15999.36,Current,DEBT_CONSOLIDATION
LN-508614,CUST-100917,2025-04-27,0,0,True,False,38471.67000000003,Current,DEBT_CONSOLIDATION
LN-508615,CUST-100771,2025-04-27,0,0,False,False,37165.51499999997,Current,DEBT_CONSOLIDATION
LN-508616,CUST-107316,2025-04-27,0,0,False,False,29800.83,Current,DEBT_CONSOLIDATION
LN-508617,CUST-104874,2025-04-27,0,0,False,False,20040.2375,Current,DEBT_CONSOLIDATION
LN-508618,CUST-100221,2025-04-27,0,0,False,False,3460.242500000005,Current,DEBT_CONSOLIDATION
LN-508619,CUST-103963,2025-04-27,0,0,False,False,12364.650000000009,Current,DEBT_CONSOLIDATION
LN-508620,CUST-102845,2025-04-27,0,0,False,False,19273.654999999995,Current,DEBT_CONSOLIDATION
LN-508621,CUST-107649,2025-04-27,0,0,False,False,38176.622499999976,Current,DEBT_CONSOLIDATION
LN-508623,CUST-100558,2025-04-27,0,0,False,False,131153.2824999999,Current,DEBT_CONSOLIDATION
LN-508624,CUST-101426,2025-04-27,0,0,False,False,20107.58,Current,DEBT_CONSOLIDATION
LN-508626,CUST-104214,2025-04-27,0,0,False,False,6409.91,Current,DEBT_CONSOLIDATION
LN-508627,CUST-107518,2025-04-27,0,0,False,False,11612.085,Current,DEBT_CONSOLIDATION
LN-508628,CUST-102557,2025-04-27,0,0,False,False,7927.467499999995,Current,DEBT_CONSOLIDATION
LN-508629,CUST-105627,2025-04-27,0,0,False,False,13229.755000000001,Current,DEBT_CONSOLIDATION
LN-508630,CUST-101168,2025-04-27,0,0,False,False,31586.762500000008,Current,DEBT_CONSOLIDATION
LN-508631,CUST-106084,2025-04-27,4,107,False,False,22773.869999999995,90+,DEBT_CONSOLIDATION
LN-508632,CUST-102799,2025-04-27,0,0,False,False,19873.19,Current,DEBT_CONSOLIDATION
LN-508633,CUST-103722,2025-04-27,0,0,False,False,32607.105000000036,Current,DEBT_CONSOLIDATION
LN-508634,CUST-100373,2025-04-27,0,0,False,False,24208.329999999998,Current,DEBT_CONSOLIDATION
LN-508635,CUST-103085,2025-04-27,0,0,False,False,36082.10750000001,Current,DEBT_CONSOLIDATION
LN-508636,CUST-103215,2025-04-27,0,0,False,False,44083.065,Current,DEBT_CONSOLIDATION
LN-508637,CUST-102067,2025-04-27,0,0,False,False,61096.435,Current,DEBT_CONSOLIDATION
LN-508638,CUST-102073,2025-04-27,0,0,False,False,50930.07000000001,Current,DEBT_CONSOLIDATION
LN-508639,CUST-101216,2025-04-27,0,0,False,False,30238.399999999994,Current,DEBT_CONSOLIDATION
LN-508640,CUST-106926,2025-04-27,0,0,False,False,29995.200000000004,Current,DEBT_CONSOLIDATION
LN-508641,CUST-101287,2025-04-27,0,0,False,False,29250.024999999998,Current,DEBT_CONSOLIDATION
LN-508642,CUST-104941,2025-04-27,0,0,False,False,112228.77999999997,Current,DEBT_CONSOLIDATION
LN-508643,CUST-101404,2025-04-27,0,0,False,False,29179.6775,Current,DEBT_CONSOLIDATION
LN-508644,CUST-101838,2025-04-27,0,0,False,False,12072.132500000003,Current,DEBT_CONSOLIDATION
LN-508645,CUST-104642,2025-04-27,2,33,False,False,47311.189999999995,30-59,DEBT_CONSOLIDATION
LN-508646,CUST-100612,2025-04-27,1,7,False,False,5026.285000000001,1-29,DEBT_CONSOLIDATION
LN-508647,CUST-102013,2025-04-27,0,0,False,False,7487.030000000001,Current,DEBT_CONSOLIDATION
LN-508648,CUST-105992,2025-04-27,0,0,False,False,53121.104999999996,Current,DEBT_CONSOLIDATION
LN-508649,CUST-101776,2025-04-27,0,0,False,False,44382.65,Current,DEBT_CONSOLIDATION
LN-508650,CUST-105512,2025-04-27,0,0,False,False,1522.6499999999992,Current,DEBT_CONSOLIDATION
LN-508651,CUST-101755,2025-04-27,0,0,False,False,12666.610000000006,Current,DEBT_CONSOLIDATION
LN-508652,CUST-104891,2025-04-27,0,0,False,False,21599.334999999985,Current,DEBT_CONSOLIDATION
LN-508653,CUST-101363,2025-04-27,0,0,False,False,46373.22,Current,DEBT_CONSOLIDATION
LN-508654,CUST-106109,2025-04-27,0,0,False,False,13071.779999999999,Current,DEBT_CONSOLIDATION
LN-508655,CUST-106675,2025-04-27,0,0,False,False,11640.585000000003,Current,DEBT_CONSOLIDATION
LN-508656,CUST-105242,2025-04-27,0,0,False,False,29415.0,Current,DEBT_CONSOLIDATION
LN-508657,CUST-106062,2025-04-27,0,0,False,False,32050.554999999986,Current,DEBT_CONSOLIDATION
LN-508658,CUST-106021,2025-04-27,0,0,False,False,31344.510000000002,Current,DEBT_CONSOLIDATION
LN-508659,CUST-102601,2025-04-27,0,0,False,False,33039.40749999997,Current,DEBT_CONSOLIDATION
LN-508660,CUST-101463,2025-04-27,0,0,False,False,9452.8125,Current,DEBT_CONSOLIDATION
LN-508661,CUST-104384,2025-04-27,0,0,False,False,33163.19,Current,DEBT_CONSOLIDATION
LN-508662,CUST-101576,2025-04-27,0,0,False,False,8233.994999999997,Current,DEBT_CONSOLIDATION
LN-508663,CUST-101061,2025-04-27,0,0,False,False,20192.817500000005,Current,DEBT_CONSOLIDATION
LN-508664,CUST-106728,2025-04-27,0,0,False,False,15135.38,Current,DEBT_CONSOLIDATION
LN-508665,CUST-102167,2025-04-27,0,0,False,False,37300.09999999999,Current,DEBT_CONSOLIDATION
LN-508666,CUST-105498,2025-04-27,0,0,False,False,37031.75000000001,Current,DEBT_CONSOLIDATION
LN-508668,CUST-101427,2025-04-27,0,0,False,False,5818.85,Current,DEBT_CONSOLIDATION
LN-508669,CUST-107559,2025-04-27,0,0,False,False,113215.53249999999,Current,DEBT_CONSOLIDATION
LN-508670,CUST-100152,2025-04-27,0,0,False,False,25833.27250000001,Current,DEBT_CONSOLIDATION
LN-508671,CUST-102599,2025-04-27,0,0,False,False,9028.702500000001,Current,DEBT_CONSOLIDATION
LN-508672,CUST-107022,2025-04-27,0,0,False,False,30705.505000000005,Current,DEBT_CONSOLIDATION
LN-508673,CUST-107868,2025-04-27,0,0,False,False,3068.5999999999995,Current,DEBT_CONSOLIDATION
LN-508674,CUST-102057,2025-04-27,0,0,False,False,27611.505000000005,Current,DEBT_CONSOLIDATION
LN-508675,CUST-100642,2025-04-27,0,0,False,False,1271.6800000000003,Current,DEBT_CONSOLIDATION
LN-508676,CUST-105108,2025-04-27,0,0,False,False,78157.16999999994,Current,DEBT_CONSOLIDATION
LN-508677,CUST-100375,2025-04-27,0,0,False,False,44478.56000000002,Current,DEBT_CONSOLIDATION
LN-508678,CUST-106268,2025-04-27,0,0,False,False,44113.1,Current,DEBT_CONSOLIDATION
LN-508679,CUST-101636,2025-04-27,0,0,False,False,139278.64999999997,Current,DEBT_CONSOLIDATION
LN-508680,CUST-100820,2025-04-27,0,0,False,False,42818.27,Current,DEBT_CONSOLIDATION
LN-508681,CUST-106949,2025-04-27,0,0,False,False,24184.842500000002,Current,DEBT_CONSOLIDATION
LN-508682,CUST-101604,2025-04-27,0,0,False,False,44761.2425,Current,DEBT_CONSOLIDATION
LN-508683,CUST-100372,2025-04-27,0,0,False,False,5245.589999999995,Current,DEBT_CONSOLIDATION
LN-508684,CUST-103853,2025-04-27,0,0,False,False,17220.405000000002,Current,DEBT_CONSOLIDATION
LN-508685,CUST-100612,2025-04-27,0,0,False,False,22799.962499999994,Current,DEBT_CONSOLIDATION
LN-508686,CUST-100658,2025-04-27,0,0,False,False,16284.309999999981,Current,DEBT_CONSOLIDATION
LN-508687,CUST-100927,2025-04-27,0,0,False,False,5822.745000000001,Current,DEBT_CONSOLIDATION
LN-508688,CUST-106982,2025-04-27,0,0,False,False,18567.82000000001,Current,DEBT_CONSOLIDATION
LN-508689,CUST-104595,2025-04-27,0,0,False,False,30889.199999999993,Current,DEBT_CONSOLIDATION
LN-508690,CUST-103386,2025-04-27,0,0,False,True,44284.99500000001,Current,DEBT_CONSOLIDATION
LN-508691,CUST-106173,2025-04-27,0,0,False,False,10069.725,Current,DEBT_CONSOLIDATION
LN-508692,CUST-102927,2025-04-27,0,0,False,False,13878.945000000007,Current,DEBT_CONSOLIDATION
LN-508693,CUST-103974,2025-04-27,4,93,False,False,23076.9575,90+,DEBT_CONSOLIDATION
LN-508694,CUST-101864,2025-04-27,0,0,False,False,26356.87,Current,DEBT_CONSOLIDATION
LN-508695,CUST-105889,2025-04-27,1,31,False,False,21125.74999999998,1-29,DEBT_CONSOLIDATION
LN-508696,CUST-103397,2025-04-27,0,0,False,False,36171.23999999998,Current,DEBT_CONSOLIDATION
LN-508697,CUST-103384,2025-04-27,0,0,False,False,36025.65,Current,DEBT_CONSOLIDATION
LN-508698,CUST-107688,2025-04-27,0,0,False,False,20146.29000000001,Current,DEBT_CONSOLIDATION
LN-508699,CUST-106993,2025-04-27,3,77,False,False,181849.00749999995,60-89,DEBT_CONSOLIDATION
LN-508700,CUST-105178,2025-04-27,0,0,False,False,144445.98500000002,Current,DEBT_CONSOLIDATION
LN-508701,CUST-105227,2025-04-27,0,0,False,False,17972.86250000001,Current,DEBT_CONSOLIDATION
LN-508702,CUST-104009,2025-04-27,0,0,False,False,63549.420000000006,Current,DEBT_CONSOLIDATION
LN-508703,CUST-104220,2025-04-27,0,0,False,False,6078.669999999999,Current,DEBT_CONSOLIDATION
LN-508704,CUST-107315,2025-04-27,0,0,False,False,38030.71,Current,DEBT_CONSOLIDATION
LN-508705,CUST-103200,2025-04-27,0,0,False,False,27484.13,Current,DEBT_CONSOLIDATION
LN-508706,CUST-101877,2025-04-27,0,0,False,False,15611.52,Current,DEBT_CONSOLIDATION
LN-508707,CUST-107819,2025-04-27,1,22,False,False,22791.0125,1-29,DEBT_CONSOLIDATION
LN-508709,CUST-105651,2025-04-27,0,0,False,False,11141.852499999992,Current,DEBT_CONSOLIDATION
LN-508710,CUST-103026,2025-04-27,0,0,False,False,8315.2225,Current,DEBT_CONSOLIDATION
LN-508711,CUST-102878,2025-04-27,0,0,False,False,11115.829999999998,Current,DEBT_CONSOLIDATION
LN-508712,CUST-102008,2025-04-27,0,0,False,False,17289.40000000001,Current,DEBT_CONSOLIDATION
LN-508713,CUST-101008,2025-04-27,0,0,False,False,343981.7250000002,Current,DEBT_CONSOLIDATION
LN-508714,CUST-102397,2025-04-27,0,0,False,False,11877.584999999992,Current,DEBT_CONSOLIDATION
LN-508715,CUST-100203,2025-04-27,0,0,False,False,562762.6450000001,Current,DEBT_CONSOLIDATION
LN-508716,CUST-101143,2025-04-27,0,0,False,False,8775.194999999998,Current,DEBT_CONSOLIDATION
LN-508718,CUST-105689,2025-04-27,0,0,False,False,8561.052500000005,Current,DEBT_CONSOLIDATION
LN-508720,CUST-103733,2025-04-27,0,0,False,False,24468.02999999999,Current,DEBT_CONSOLIDATION
LN-508721,CUST-107981,2025-04-27,0,0,False,False,17469.550000000007,Current,DEBT_CONSOLIDATION
LN-508722,CUST-101282,2025-04-27,0,0,False,False,12165.880000000005,Current,DEBT_CONSOLIDATION
LN-508723,CUST-105973,2025-04-27,0,0,False,False,29545.19750000001,Current,DEBT_CONSOLIDATION
LN-508724,CUST-102195,2025-04-27,0,0,False,False,39713.59500000004,Current,DEBT_CONSOLIDATION
LN-508725,CUST-105138,2025-04-27,0,0,False,False,71212.83999999995,Current,DEBT_CONSOLIDATION
LN-508726,CUST-102149,2025-04-27,4,204,False,False,13105.8325,90+,DEBT_CONSOLIDATION
LN-508727,CUST-102189,2025-04-27,0,0,False,False,30129.1,Current,DEBT_CONSOLIDATION
LN-508728,CUST-101294,2025-04-27,0,0,False,False,52076.55,Current,DEBT_CONSOLIDATION
LN-508729,CUST-102969,2025-04-27,0,0,False,False,28915.224999999995,Current,DEBT_CONSOLIDATION
LN-508730,CUST-100682,2025-04-27,0,0,False,False,11173.025000000005,Current,DEBT_CONSOLIDATION
LN-508731,CUST-101497,2025-04-27,0,0,False,False,20828.9325,Current,DEBT_CONSOLIDATION
LN-508732,CUST-102251,2025-04-27,0,0,False,False,71187.83000000007,Current,DEBT_CONSOLIDATION
LN-508733,CUST-107038,2025-04-27,0,0,False,False,25042.905,Current,DEBT_CONSOLIDATION
LN-508734,CUST-107193,2025-04-27,3,77,True,False,604365.5700000002,60-89,DEBT_CONSOLIDATION
LN-508735,CUST-105795,2025-04-27,0,0,False,False,38613.38499999999,Current,DEBT_CONSOLIDATION
LN-508736,CUST-106886,2025-04-27,0,0,False,False,389313.33,Current,DEBT_CONSOLIDATION
LN-508737,CUST-101721,2025-04-27,0,0,False,False,7357.9025,Current,DEBT_CONSOLIDATION
LN-508738,CUST-100824,2025-04-27,0,0,False,False,26570.579999999984,Current,DEBT_CONSOLIDATION
LN-508739,CUST-104659,2025-04-27,0,0,False,False,24214.342500000002,Current,DEBT_CONSOLIDATION
LN-508740,CUST-107491,2025-04-27,0,0,False,False,25050.019999999997,Current,DEBT_CONSOLIDATION
LN-508741,CUST-100178,2025-04-27,0,0,False,False,6401.339999999999,Current,DEBT_CONSOLIDATION
LN-508742,CUST-107230,2025-04-27,0,0,False,False,25211.96999999999,Current,DEBT_CONSOLIDATION
LN-508743,CUST-107688,2025-04-27,0,0,False,False,20718.479999999996,Current,DEBT_CONSOLIDATION
LN-508744,CUST-100466,2025-04-27,3,72,False,False,9315.82,60-89,DEBT_CONSOLIDATION
LN-508745,CUST-105188,2025-04-27,0,0,False,False,337303.1999999996,Current,DEBT_CONSOLIDATION
LN-508747,CUST-103460,2025-04-27,1,12,False,False,8145.06,1-29,DEBT_CONSOLIDATION
LN-508748,CUST-101264,2025-04-27,0,0,False,False,13121.314999999999,Current,DEBT_CONSOLIDATION
LN-508749,CUST-106594,2025-04-27,0,0,False,False,33004.11000000001,Current,DEBT_CONSOLIDATION
LN-508750,CUST-100955,2025-04-27,0,0,False,False,12916.724999999999,Current,DEBT_CONSOLIDATION
LN-508751,CUST-103366,2025-04-27,0,0,False,False,13104.184999999998,Current,DEBT_CONSOLIDATION
LN-508752,CUST-104055,2025-04-27,0,0,False,False,2035.402499999999,Current,DEBT_CONSOLIDATION
LN-508753,CUST-103244,2025-04-27,0,0,False,False,49794.155,Current,DEBT_CONSOLIDATION
LN-508754,CUST-100030,2025-04-27,0,0,False,False,44666.04,Current,DEBT_CONSOLIDATION
LN-508755,CUST-101866,2025-04-27,0,0,False,False,10883.085000000006,Current,DEBT_CONSOLIDATION
LN-508756,CUST-101727,2025-04-27,0,0,False,False,8045.33,Current,DEBT_CONSOLIDATION
LN-508757,CUST-107639,2025-04-27,0,0,False,False,32346.42,Current,DEBT_CONSOLIDATION
LN-508758,CUST-106242,2025-04-27,0,0,False,False,24109.622500000016,Current,DEBT_CONSOLIDATION
LN-508759,CUST-103242,2025-04-27,1,6,False,False,10626.254999999997,1-29,DEBT_CONSOLIDATION
LN-508760,CUST-102173,2025-04-27,0,0,False,False,34191.329999999965,Current,DEBT_CONSOLIDATION
LN-508761,CUST-107161,2025-04-27,0,0,False,False,48514.66,Current,DEBT_CONSOLIDATION
LN-508762,CUST-104165,2025-04-27,0,0,False,False,11223.7175,Current,DEBT_CONSOLIDATION
LN-508763,CUST-100713,2025-04-27,0,0,False,False,8176.974999999996,Current,DEBT_CONSOLIDATION
LN-508764,CUST-100369,2025-04-27,0,0,False,False,385315.62,Current,DEBT_CONSOLIDATION
LN-508765,CUST-105948,2025-04-27,0,0,False,False,21464.187500000004,Current,DEBT_CONSOLIDATION
LN-508766,CUST-105968,2025-04-27,0,0,False,False,7354.965000000002,Current,DEBT_CONSOLIDATION
LN-508767,CUST-105956,2025-04-27,0,0,False,False,2645.2450000000003,Current,DEBT_CONSOLIDATION
LN-508768,CUST-102522,2025-04-27,3,84,False,False,17893.087499999998,60-89,DEBT_CONSOLIDATION
LN-508769,CUST-107995,2025-04-27,0,0,False,False,4927.070000000001,Current,DEBT_CONSOLIDATION
LN-508770,CUST-101528,2025-04-27,1,13,False,False,37984.540000000015,1-29,DEBT_CONSOLIDATION
LN-508771,CUST-101957,2025-04-27,0,0,False,False,26918.82750000001,Current,DEBT_CONSOLIDATION
LN-508772,CUST-106653,2025-04-27,1,11,False,False,29871.21000000002,1-29,DEBT_CONSOLIDATION
LN-508773,CUST-103043,2025-04-27,0,0,False,False,11513.56,Current,DEBT_CONSOLIDATION
LN-508774,CUST-106112,2025-04-27,0,0,False,False,20655.750000000015,Current,DEBT_CONSOLIDATION
LN-508775,CUST-100066,2025-04-27,0,0,False,False,30773.199999999993,Current,DEBT_CONSOLIDATION
LN-508776,CUST-105730,2025-04-27,0,0,False,False,37175.50499999995,Current,DEBT_CONSOLIDATION
LN-508777,CUST-106934,2025-04-27,0,0,False,False,2837.5899999999997,Current,DEBT_CONSOLIDATION
LN-508778,CUST-104759,2025-04-27,0,0,False,False,15366.887500000008,Current,DEBT_CONSOLIDATION
LN-508779,CUST-107936,2025-04-27,0,0,False,False,33130.38499999999,Current,DEBT_CONSOLIDATION
LN-508780,CUST-107972,2025-04-27,0,0,False,False,46982.49749999999,Current,DEBT_CONSOLIDATION
LN-508781,CUST-103776,2025-04-27,0,0,False,False,15481.555000000002,Current,DEBT_CONSOLIDATION
LN-508782,CUST-105177,2025-04-27,1,10,False,False,8325.317500000003,1-29,DEBT_CONSOLIDATION
LN-508783,CUST-107377,2025-04-27,0,0,False,False,28274.675000000003,Current,DEBT_CONSOLIDATION
LN-508784,CUST-102474,2025-04-27,0,0,False,False,3440.4199999999983,Current,DEBT_CONSOLIDATION
LN-508785,CUST-104660,2025-04-27,0,0,False,False,2420.894999999999,Current,DEBT_CONSOLIDATION
LN-508786,CUST-103240,2025-04-27,0,0,False,False,11649.04,Current,DEBT_CONSOLIDATION
LN-508787,CUST-104348,2025-04-27,0,0,False,False,29118.494999999988,Current,DEBT_CONSOLIDATION
LN-508788,CUST-104311,2025-04-27,0,0,False,False,40167.73,Current,DEBT_CONSOLIDATION
LN-508789,CUST-106800,2025-04-27,4,102,False,False,11322.79,90+,DEBT_CONSOLIDATION
LN-508790,CUST-107702,2025-04-27,0,0,False,False,40849.81999999998,Current,DEBT_CONSOLIDATION
LN-508791,CUST-103137,2025-04-27,0,0,False,False,9429.8425,Current,DEBT_CONSOLIDATION
LN-508792,CUST-101082,2025-04-27,0,0,False,False,49171.9925,Current,DEBT_CONSOLIDATION
LN-508794,CUST-102857,2025-04-27,0,0,False,False,29476.935000000012,Current,DEBT_CONSOLIDATION
LN-508797,CUST-104874,2025-04-27,0,0,False,False,1442.44,Current,DEBT_CONSOLIDATION
LN-508799,CUST-103679,2025-04-27,0,0,False,False,48451.22999999999,Current,DEBT_CONSOLIDATION
LN-508800,CUST-107464,2025-04-27,0,0,False,False,581727.5049999995,Current,DEBT_CONSOLIDATION
LN-508801,CUST-104919,2025-04-27,0,0,False,False,10433.527499999993,Current,DEBT_CONSOLIDATION
LN-508803,CUST-105917,2025-04-27,0,0,False,False,20364.967500000002,Current,DEBT_CONSOLIDATION
LN-508804,CUST-103857,2025-04-27,0,0,False,False,29995.39,Current,DEBT_CONSOLIDATION
LN-508805,CUST-103270,2025-04-27,0,0,False,False,31389.744999999995,Current,DEBT_CONSOLIDATION
LN-508806,CUST-107954,2025-04-27,0,0,False,False,46308.34999999996,Current,DEBT_CONSOLIDATION
LN-508807,CUST-104676,2025-04-27,0,0,False,False,10807.579999999994,Current,DEBT_CONSOLIDATION
LN-508808,CUST-103566,2025-04-27,1,27,False,False,38416.315000000046,1-29,DEBT_CONSOLIDATION
LN-508809,CUST-100369,2025-04-27,0,0,False,False,8504.04749999999,Current,DEBT_CONSOLIDATION
LN-508810,CUST-106299,2025-04-27,0,0,False,False,20301.8925,Current,DEBT_CONSOLIDATION
LN-508811,CUST-103731,2025-04-27,0,0,False,False,50624.955,Current,DEBT_CONSOLIDATION
LN-508812,CUST-100075,2025-04-27,0,0,False,False,5036.175000000002,Current,DEBT_CONSOLIDATION
LN-508813,CUST-103504,2025-04-27,1,19,False,False,32755.07,1-29,DEBT_CONSOLIDATION
LN-508814,CUST-103178,2025-04-27,0,0,False,False,22044.11,Current,DEBT_CONSOLIDATION
LN-508815,CUST-107810,2025-04-27,0,0,True,False,7143.410000000001,Current,DEBT_CONSOLIDATION
LN-508816,CUST-104739,2025-04-27,0,0,False,False,10639.689999999991,Current,DEBT_CONSOLIDATION
LN-508817,CUST-101213,2025-04-27,0,0,False,False,6931.660000000001,Current,DEBT_CONSOLIDATION
LN-508818,CUST-102589,2025-04-27,0,0,False,False,10635.355000000007,Current,DEBT_CONSOLIDATION
LN-508819,CUST-102552,2025-04-27,0,0,False,False,43322.425,Current,DEBT_CONSOLIDATION
LN-508821,CUST-101495,2025-04-27,0,0,False,False,5558.785,Current,DEBT_CONSOLIDATION
LN-508822,CUST-104620,2025-04-27,0,0,False,False,14448.324999999997,Current,DEBT_CONSOLIDATION
LN-508823,CUST-104198,2025-04-27,0,0,False,False,14380.385000000004,Current,DEBT_CONSOLIDATION
LN-508824,CUST-106546,2025-04-27,0,0,False,False,19364.520000000004,Current,DEBT_CONSOLIDATION
LN-508825,CUST-106527,2025-04-27,0,0,False,False,12195.060000000005,Current,DEBT_CONSOLIDATION
LN-508826,CUST-107382,2025-04-27,2,49,False,False,7079.94,30-59,DEBT_CONSOLIDATION
LN-508827,CUST-101417,2025-04-27,0,0,False,False,28874.495,Current,DEBT_CONSOLIDATION
LN-508828,CUST-107370,2025-04-27,0,0,False,False,84995.125,Current,DEBT_CONSOLIDATION
LN-508829,CUST-107333,2025-04-27,0,0,False,False,29004.625,Current,DEBT_CONSOLIDATION
LN-508830,CUST-106412,2025-04-27,0,0,False,False,19968.677499999998,Current,DEBT_CONSOLIDATION
LN-508833,CUST-102946,2025-04-27,0,0,False,False,15704.585000000008,Current,DEBT_CONSOLIDATION
LN-508835,CUST-104856,2025-04-27,0,0,False,False,22180.570000000007,Current,DEBT_CONSOLIDATION
LN-508836,CUST-106500,2025-04-27,0,0,False,False,13279.135,Current,DEBT_CONSOLIDATION
LN-508837,CUST-101961,2025-04-27,0,0,False,False,25491.345,Current,DEBT_CONSOLIDATION
LN-508838,CUST-103343,2025-04-27,0,0,False,False,25631.24750000001,Current,DEBT_CONSOLIDATION
LN-508839,CUST-106942,2025-04-27,0,0,False,False,278474.5000000003,Current,DEBT_CONSOLIDATION
LN-508840,CUST-102488,2025-04-27,0,0,False,False,40627.57500000001,Current,DEBT_CONSOLIDATION
LN-508841,CUST-106949,2025-04-27,0,0,False,False,8161.684999999993,Current,DEBT_CONSOLIDATION
LN-508842,CUST-107413,2025-04-27,0,0,False,False,13385.14,Current,DEBT_CONSOLIDATION
LN-508843,CUST-101472,2025-04-27,0,0,False,False,6404.99,Current,DEBT_CONSOLIDATION
LN-508844,CUST-106970,2025-04-27,0,0,False,False,16999.347499999993,Current,DEBT_CONSOLIDATION
LN-508845,CUST-103529,2025-04-27,0,0,False,False,11636.925,Current,DEBT_CONSOLIDATION
LN-508848,CUST-107619,2025-04-27,0,0,False,False,130580.83999999997,Current,DEBT_CONSOLIDATION
LN-508849,CUST-102157,2025-04-27,0,0,False,False,50357.195000000014,Current,DEBT_CONSOLIDATION
LN-508850,CUST-101357,2025-04-27,0,0,False,False,16556.57000000001,Current,DEBT_CONSOLIDATION
LN-508851,CUST-103194,2025-04-27,0,0,False,False,23612.984999999997,Current,DEBT_CONSOLIDATION
LN-508852,CUST-103505,2025-04-27,0,0,False,False,43364.437500000015,Current,DEBT_CONSOLIDATION
LN-508853,CUST-100146,2025-04-27,1,1,False,False,56671.490000000005,1-29,DEBT_CONSOLIDATION
LN-508854,CUST-107952,2025-04-27,0,0,False,False,35504.79250000005,Current,DEBT_CONSOLIDATION
LN-508855,CUST-103445,2025-04-27,0,0,False,False,8846.892500000004,Current,DEBT_CONSOLIDATION
LN-508856,CUST-107565,2025-04-27,0,0,False,False,39085.16500000001,Current,DEBT_CONSOLIDATION
LN-508858,CUST-104054,2025-04-27,0,0,False,False,48720.98,Current,DEBT_CONSOLIDATION
LN-508859,CUST-107615,2025-04-27,0,0,False,False,43675.63500000004,Current,DEBT_CONSOLIDATION
LN-508860,CUST-107392,2025-04-27,0,0,False,False,47532.667499999996,Current,DEBT_CONSOLIDATION
LN-508861,CUST-104783,2025-04-27,0,0,False,False,8779.862499999994,Current,DEBT_CONSOLIDATION
LN-508862,CUST-104717,2025-04-27,0,0,False,False,45930.70000000003,Current,DEBT_CONSOLIDATION
LN-508863,CUST-102133,2025-04-27,0,0,False,False,17626.64,Current,DEBT_CONSOLIDATION
LN-508865,CUST-103473,2025-04-27,1,12,False,False,10560.140000000007,1-29,DEBT_CONSOLIDATION
LN-508866,CUST-105229,2025-04-27,1,19,False,False,36281.39999999999,1-29,DEBT_CONSOLIDATION
LN-508867,CUST-103663,2025-04-27,0,0,False,False,9889.78,Current,DEBT_CONSOLIDATION
LN-508868,CUST-105579,2025-04-27,0,0,False,False,47170.75500000002,Current,DEBT_CONSOLIDATION
LN-508869,CUST-104139,2025-04-27,0,0,False,False,128567.57,Current,DEBT_CONSOLIDATION
LN-508870,CUST-105333,2025-04-27,0,0,False,False,3581.900000000002,Current,DEBT_CONSOLIDATION
LN-508871,CUST-105240,2025-04-27,0,0,False,False,11768.1575,Current,DEBT_CONSOLIDATION
LN-508873,CUST-103334,2025-04-27,0,0,False,False,4568.13,Current,DEBT_CONSOLIDATION
LN-508874,CUST-103609,2025-04-27,0,0,False,False,2755.6049999999973,Current,DEBT_CONSOLIDATION
LN-508875,CUST-104343,2025-04-27,0,0,False,False,7594.969999999999,Current,DEBT_CONSOLIDATION
LN-508876,CUST-106653,2025-04-27,0,0,False,False,6893.540000000003,Current,DEBT_CONSOLIDATION
LN-508877,CUST-102846,2025-04-27,0,0,False,False,4571.657500000002,Current,DEBT_CONSOLIDATION
LN-508878,CUST-101887,2025-04-27,0,0,False,False,53097.450000000004,Current,DEBT_CONSOLIDATION
LN-508879,CUST-107328,2025-04-27,0,0,False,False,528429.59,Current,DEBT_CONSOLIDATION
LN-508880,CUST-100414,2025-04-27,1,18,False,False,13226.825,1-29,DEBT_CONSOLIDATION
LN-508881,CUST-106210,2025-04-27,0,0,False,False,14927.365000000002,Current,DEBT_CONSOLIDATION
LN-508882,CUST-104202,2025-04-27,0,0,False,False,10284.48,Current,DEBT_CONSOLIDATION
LN-508883,CUST-102956,2025-04-27,0,0,False,False,21348.94499999999,Current,DEBT_CONSOLIDATION
LN-508884,CUST-101992,2025-04-27,0,0,False,False,52673.47,Current,DEBT_CONSOLIDATION
LN-508886,CUST-104321,2025-04-27,0,0,False,False,26334.75000000001,Current,DEBT_CONSOLIDATION
LN-508887,CUST-104544,2025-04-27,0,0,False,False,10141.827500000007,Current,DEBT_CONSOLIDATION
LN-508888,CUST-100963,2025-04-27,0,0,False,False,45645.220000000045,Current,DEBT_CONSOLIDATION
LN-508889,CUST-104423,2025-04-27,0,0,False,False,2841.769999999999,Current,DEBT_CONSOLIDATION
LN-508890,CUST-104547,2025-04-27,0,0,False,False,20039.4975,Current,DEBT_CONSOLIDATION
LN-508891,CUST-100264,2025-04-27,0,0,False,False,83146.11,Current,DEBT_CONSOLIDATION
LN-508892,CUST-106425,2025-04-27,0,0,False,False,30289.134999999995,Current,DEBT_CONSOLIDATION
LN-508893,CUST-107019,2025-04-27,0,0,False,False,19549.802499999994,Current,DEBT_CONSOLIDATION
LN-508894,CUST-104744,2025-04-27,0,0,False,False,13454.199999999999,Current,DEBT_CONSOLIDATION
LN-508895,CUST-105150,2025-04-27,0,0,False,False,8845.090000000011,Current,DEBT_CONSOLIDATION
LN-508896,CUST-102914,2025-04-27,0,0,False,False,18544.00499999999,Current,DEBT_CONSOLIDATION
LN-508897,CUST-104679,2025-04-27,0,0,False,False,28683.0525,Current,DEBT_CONSOLIDATION
LN-508898,CUST-106645,2025-04-27,0,0,False,False,10451.074999999997,Current,DEBT_CONSOLIDATION
LN-508899,CUST-107185,2025-04-27,0,0,False,False,22983.959999999977,Current,DEBT_CONSOLIDATION
LN-508900,CUST-103787,2025-04-27,0,0,False,False,13504.374999999996,Current,DEBT_CONSOLIDATION
LN-508901,CUST-100670,2025-04-27,0,0,False,False,43181.26,Current,DEBT_CONSOLIDATION
LN-508902,CUST-106150,2025-04-27,0,0,False,False,40231.302499999976,Current,DEBT_CONSOLIDATION
LN-508903,CUST-105707,2025-04-27,0,0,False,False,94466.44500000005,Current,DEBT_CONSOLIDATION
LN-508904,CUST-103095,2025-04-27,0,0,False,False,37598.54000000004,Current,DEBT_CONSOLIDATION
LN-508905,CUST-104607,2025-04-27,0,0,False,False,44223.35000000001,Current,DEBT_CONSOLIDATION
LN-508906,CUST-101660,2025-04-27,0,0,False,False,40503.73,Current,DEBT_CONSOLIDATION
LN-508907,CUST-107811,2025-04-27,0,0,False,False,16105.064999999995,Current,DEBT_CONSOLIDATION
LN-508908,CUST-101272,2025-04-27,0,0,False,False,22752.719999999994,Current,DEBT_CONSOLIDATION
LN-508909,CUST-106304,2025-04-27,1,21,False,False,8589.680000000006,1-29,DEBT_CONSOLIDATION
LN-508910,CUST-107369,2025-04-27,2,43,False,False,14331.154999999999,30-59,DEBT_CONSOLIDATION
LN-508911,CUST-101137,2025-04-27,0,0,False,False,2979.94,Current,DEBT_CONSOLIDATION
LN-508912,CUST-105604,2025-04-27,0,0,False,False,13402.52,Current,DEBT_CONSOLIDATION
LN-508913,CUST-104490,2025-04-27,0,0,False,False,14175.124999999996,Current,DEBT_CONSOLIDATION
LN-508914,CUST-104933,2025-04-27,0,0,False,False,32629.49500000001,Current,DEBT_CONSOLIDATION
LN-508915,CUST-100690,2025-04-27,0,0,False,False,15861.225000000019,Current,DEBT_CONSOLIDATION
LN-508916,CUST-102888,2025-04-27,0,0,False,False,19953.2175,Current,DEBT_CONSOLIDATION
LN-508917,CUST-103081,2025-04-27,0,0,False,False,16337.979999999992,Current,DEBT_CONSOLIDATION
LN-508918,CUST-101941,2025-04-27,0,0,False,False,105278.62000000001,Current,DEBT_CONSOLIDATION
LN-508919,CUST-101076,2025-04-27,0,0,False,False,10555.539999999999,Current,DEBT_CONSOLIDATION
LN-508920,CUST-107673,2025-04-27,0,0,False,False,40008.61,Current,DEBT_CONSOLIDATION
LN-508921,CUST-100007,2025-04-27,0,0,False,False,9820.274999999994,Current,DEBT_CONSOLIDATION
LN-508922,CUST-104913,2025-04-27,0,0,False,False,7158.745000000002,Current,DEBT_CONSOLIDATION
LN-508923,CUST-105766,2025-04-27,0,0,False,False,10492.864999999998,Current,DEBT_CONSOLIDATION
LN-508924,CUST-104555,2025-04-27,0,0,False,False,38267.2,Current,DEBT_CONSOLIDATION
LN-508925,CUST-102196,2025-04-27,0,0,False,False,15076.480000000007,Current,DEBT_CONSOLIDATION
LN-508926,CUST-105228,2025-04-27,0,0,False,False,14514.625,Current,DEBT_CONSOLIDATION
LN-508927,CUST-106172,2025-04-27,0,0,False,False,244392.2050000001,Current,DEBT_CONSOLIDATION
LN-508928,CUST-104858,2025-04-27,0,0,False,False,23572.45999999999,Current,DEBT_CONSOLIDATION
LN-508929,CUST-101311,2025-04-27,1,1,False,False,23204.049999999996,1-29,DEBT_CONSOLIDATION
LN-508930,CUST-100293,2025-04-27,0,0,False,False,27203.59000000002,Current,DEBT_CONSOLIDATION
LN-508931,CUST-104534,2025-04-27,0,0,False,False,16411.2,Current,DEBT_CONSOLIDATION
LN-508932,CUST-100639,2025-04-27,0,0,False,False,45432.62999999999,Current,DEBT_CONSOLIDATION
LN-508933,CUST-107417,2025-04-27,0,0,False,False,11882.56,Current,DEBT_CONSOLIDATION
LN-508934,CUST-105080,2025-04-27,0,0,False,False,51166.5075,Current,DEBT_CONSOLIDATION
LN-508935,CUST-103525,2025-04-27,0,0,False,False,45270.84000000001,Current,DEBT_CONSOLIDATION
LN-508936,CUST-107383,2025-04-27,0,0,False,False,22398.787500000002,Current,DEBT_CONSOLIDATION
LN-508937,CUST-101454,2025-04-27,0,0,False,False,15629.085000000008,Current,DEBT_CONSOLIDATION
LN-508938,CUST-102732,2025-04-27,0,0,False,False,10508.245000000003,Current,DEBT_CONSOLIDATION
LN-508939,CUST-101413,2025-04-27,0,0,False,False,6759.007500000001,Current,DEBT_CONSOLIDATION
LN-508940,CUST-105769,2025-04-27,0,0,False,False,40465.435,Current,DEBT_CONSOLIDATION
LN-508941,CUST-100499,2025-04-27,0,0,False,False,116730.04,Current,DEBT_CONSOLIDATION
LN-508942,CUST-101042,2025-04-27,0,0,False,False,32835.780000000006,Current,DEBT_CONSOLIDATION
LN-508943,CUST-106640,2025-04-27,0,0,False,False,4855.597500000003,Current,DEBT_CONSOLIDATION
LN-508944,CUST-101070,2025-04-27,4,225,False,False,17742.654999999995,90+,DEBT_CONSOLIDATION
LN-508945,CUST-107376,2025-04-27,0,0,False,False,32421.652500000004,Current,DEBT_CONSOLIDATION
LN-508946,CUST-106888,2025-04-27,0,0,False,False,9981.415000000006,Current,DEBT_CONSOLIDATION
LN-508947,CUST-103716,2025-04-27,0,0,False,False,21520.500000000004,Current,DEBT_CONSOLIDATION
LN-508948,CUST-107253,2025-04-27,0,0,False,False,542652.86,Current,DEBT_CONSOLIDATION
LN-508949,CUST-103919,2025-04-27,0,0,False,False,15573.010000000007,Current,DEBT_CONSOLIDATION
LN-508950,CUST-101793,2025-04-27,0,0,False,False,29262.93999999999,Current,DEBT_CONSOLIDATION
LN-508952,CUST-104038,2025-04-27,0,0,False,False,3762.659999999999,Current,DEBT_CONSOLIDATION
LN-508953,CUST-100439,2025-04-27,0,0,False,False,24824.2275,Current,DEBT_CONSOLIDATION
LN-508954,CUST-106065,2025-04-27,0,0,False,False,10745.714999999997,Current,DEBT_CONSOLIDATION
LN-508956,CUST-101476,2025-04-27,1,12,False,False,24145.62999999999,1-29,DEBT_CONSOLIDATION
LN-508957,CUST-103766,2025-04-27,0,0,False,False,11826.87499999999,Current,DEBT_CONSOLIDATION
LN-508960,CUST-103027,2025-04-27,0,0,False,False,31064.17499999998,Current,DEBT_CONSOLIDATION
LN-508961,CUST-107885,2025-04-27,0,0,False,False,5257.455000000002,Current,DEBT_CONSOLIDATION
LN-508962,CUST-107643,2025-04-27,0,0,False,False,14666.115000000003,Current,DEBT_CONSOLIDATION
LN-508963,CUST-103291,2025-04-27,0,0,False,False,7655.630000000001,Current,DEBT_CONSOLIDATION
LN-508964,CUST-102459,2025-04-27,0,0,False,False,120356.73,Current,DEBT_CONSOLIDATION
LN-508965,CUST-105475,2025-04-27,0,0,False,False,11642.699999999999,Current,DEBT_CONSOLIDATION
LN-508966,CUST-105167,2025-04-27,0,0,False,False,26899.22,Current,DEBT_CONSOLIDATION
LN-508967,CUST-102239,2025-04-27,0,0,False,False,12082.425000000005,Current,DEBT_CONSOLIDATION
LN-508968,CUST-105631,2025-04-27,0,0,False,False,8521.905000000008,Current,DEBT_CONSOLIDATION
LN-508969,CUST-103628,2025-04-27,0,0,False,False,11972.28,Current,DEBT_CONSOLIDATION
LN-508970,CUST-101780,2025-04-27,0,0,False,False,14074.752499999999,Current,DEBT_CONSOLIDATION
LN-508971,CUST-104750,2025-04-27,0,0,False,False,27179.4675,Current,DEBT_CONSOLIDATION
LN-508972,CUST-101871,2025-04-27,0,0,False,False,15097.072499999998,Current,DEBT_CONSOLIDATION
LN-508973,CUST-100266,2025-04-27,0,0,False,False,18535.660000000003,Current,DEBT_CONSOLIDATION
LN-508974,CUST-105927,2025-04-27,0,0,False,False,8003.4474999999975,Current,DEBT_CONSOLIDATION
LN-508975,CUST-105256,2025-04-27,1,1,False,False,26470.335000000006,1-29,DEBT_CONSOLIDATION
LN-508976,CUST-107651,2025-04-27,0,0,False,False,3231.9799999999996,Current,DEBT_CONSOLIDATION
LN-508977,CUST-106835,2025-04-27,0,0,False,False,11077.845000000003,Current,DEBT_CONSOLIDATION
LN-508978,CUST-101803,2025-04-27,0,0,False,False,21104.080000000005,Current,DEBT_CONSOLIDATION
LN-508979,CUST-105319,2025-04-27,0,0,False,False,27621.99,Current,DEBT_CONSOLIDATION
LN-508980,CUST-106452,2025-04-27,0,0,False,False,20745.752500000006,Current,DEBT_CONSOLIDATION
LN-508981,CUST-106973,2025-04-27,0,0,False,False,46642.18,Current,DEBT_CONSOLIDATION
LN-508982,CUST-104893,2025-04-27,0,0,False,False,15981.544999999998,Current,DEBT_CONSOLIDATION
LN-508983,CUST-103115,2025-04-27,0,0,False,False,11757.829999999998,Current,DEBT_CONSOLIDATION
LN-508984,CUST-103356,2025-04-27,0,0,False,False,33465.9425,Current,DEBT_CONSOLIDATION
LN-508985,CUST-105407,2025-04-27,0,0,False,False,10641.570000000003,Current,DEBT_CONSOLIDATION
LN-508986,CUST-107672,2025-04-27,0,0,False,False,187124.48999999996,Current,DEBT_CONSOLIDATION
LN-508987,CUST-103382,2025-04-27,0,0,False,False,10123.22,Current,DEBT_CONSOLIDATION
LN-508988,CUST-102274,2025-04-27,2,38,False,False,7205.140000000003,30-59,DEBT_CONSOLIDATION
LN-508989,CUST-101423,2025-04-27,0,0,False,False,29547.255000000005,Current,DEBT_CONSOLIDATION
LN-508990,CUST-100343,2025-04-27,0,0,False,False,29061.942499999997,Current,DEBT_CONSOLIDATION
LN-508991,CUST-105512,2025-04-27,0,0,False,False,19410.832499999993,Current,DEBT_CONSOLIDATION
LN-508992,CUST-101768,2025-04-27,0,0,False,False,37787.987499999996,Current,DEBT_CONSOLIDATION
LN-508993,CUST-104811,2025-04-27,0,0,True,False,29429.11,Current,DEBT_CONSOLIDATION
LN-508994,CUST-100263,2025-04-27,0,0,False,False,24467.809999999998,Current,DEBT_CONSOLIDATION
LN-508995,CUST-102809,2025-04-27,0,0,False,False,8393.31000000001,Current,DEBT_CONSOLIDATION
LN-508996,CUST-100798,2025-04-27,0,0,False,False,8631.43,Current,DEBT_CONSOLIDATION
LN-508997,CUST-102754,2025-04-27,2,46,False,False,27296.744999999995,30-59,DEBT_CONSOLIDATION
LN-508998,CUST-104808,2025-04-27,0,0,False,False,43999.28,Current,DEBT_CONSOLIDATION
LN-508999,CUST-101890,2025-04-27,0,0,False,False,21326.385000000002,Current,DEBT_CONSOLIDATION
LN-509000,CUST-102506,2025-04-27,0,0,False,False,21175.395,Current,DEBT_CONSOLIDATION
LN-509001,CUST-106393,2025-04-27,0,0,False,False,19778.424999999996,Current,DEBT_CONSOLIDATION
LN-509002,CUST-107779,2025-04-27,0,0,False,False,10335.84,Current,DEBT_CONSOLIDATION
LN-509003,CUST-100592,2025-04-27,0,0,False,False,6790.150000000001,Current,DEBT_CONSOLIDATION
LN-509004,CUST-104019,2025-04-27,0,0,False,False,10692.689999999995,Current,DEBT_CONSOLIDATION
LN-509005,CUST-100549,2025-04-27,0,0,False,False,10565.367499999998,Current,DEBT_CONSOLIDATION
LN-509006,CUST-105285,2025-04-27,0,0,False,False,41506.75999999999,Current,DEBT_CONSOLIDATION
LN-509007,CUST-105792,2025-04-27,0,0,False,False,28262.12250000001,Current,DEBT_CONSOLIDATION
LN-509008,CUST-107320,2025-04-27,0,0,False,False,99999.81999999998,Current,DEBT_CONSOLIDATION
LN-509009,CUST-103685,2025-04-27,0,0,False,False,26120.03,Current,DEBT_CONSOLIDATION
LN-509010,CUST-106427,2025-04-27,0,0,False,False,42383.3175,Current,DEBT_CONSOLIDATION
LN-509011,CUST-107237,2025-04-27,0,0,False,False,15292.680000000011,Current,DEBT_CONSOLIDATION
LN-509012,CUST-101957,2025-04-27,0,0,False,False,870.1800000000001,Current,DEBT_CONSOLIDATION
LN-509013,CUST-101042,2025-04-27,0,0,False,False,3451.2699999999995,Current,DEBT_CONSOLIDATION
LN-509014,CUST-107263,2025-04-27,0,0,False,False,31569.699999999975,Current,DEBT_CONSOLIDATION
LN-509015,CUST-103423,2025-04-27,0,0,False,False,10117.984999999999,Current,DEBT_CONSOLIDATION
LN-509016,CUST-106950,2025-04-27,0,0,False,False,40174.73999999999,Current,DEBT_CONSOLIDATION
LN-509017,CUST-104313,2025-04-27,0,0,False,False,21827.204999999994,Current,DEBT_CONSOLIDATION
LN-509018,CUST-107267,2025-04-27,0,0,False,False,29075.299999999996,Current,DEBT_CONSOLIDATION
LN-509019,CUST-100802,2025-04-27,0,0,False,False,19815.48,Current,DEBT_CONSOLIDATION
LN-509020,CUST-106727,2025-04-27,0,0,False,False,45643.26999999999,Current,DEBT_CONSOLIDATION
LN-509021,CUST-102769,2025-04-27,0,0,False,False,52004.37499999997,Current,DEBT_CONSOLIDATION
LN-509022,CUST-107257,2025-04-27,0,0,False,False,14886.555000000013,Current,DEBT_CONSOLIDATION
LN-509023,CUST-101743,2025-04-27,0,0,False,False,35855.26000000003,Current,DEBT_CONSOLIDATION
LN-509024,CUST-103120,2025-04-27,0,0,False,False,7182.484999999999,Current,DEBT_CONSOLIDATION
LN-509025,CUST-102821,2025-04-27,0,0,False,False,1573.8899999999985,Current,DEBT_CONSOLIDATION
LN-509026,CUST-102482,2025-04-27,0,0,False,False,45610.159999999996,Current,DEBT_CONSOLIDATION
LN-509027,CUST-104276,2025-04-27,0,0,False,False,2395.81,Current,DEBT_CONSOLIDATION
LN-509028,CUST-107738,2025-04-27,0,0,False,False,37429.05,Current,DEBT_CONSOLIDATION
LN-509029,CUST-104978,2025-04-27,0,0,False,False,9998.910000000003,Current,DEBT_CONSOLIDATION
LN-509030,CUST-101123,2025-04-27,0,0,False,False,1635.4850000000006,Current,DEBT_CONSOLIDATION
LN-509031,CUST-107644,2025-04-27,0,0,False,False,2267.4800000000005,Current,DEBT_CONSOLIDATION
LN-509032,CUST-106214,2025-04-27,0,0,False,False,37515.68,Current,DEBT_CONSOLIDATION
LN-509033,CUST-103581,2025-04-27,0,0,False,False,16301.707500000008,Current,DEBT_CONSOLIDATION
LN-509036,CUST-104363,2025-04-27,0,0,False,False,117263.6425,Current,DEBT_CONSOLIDATION
LN-509037,CUST-102728,2025-04-27,0,0,False,False,24100.382499999992,Current,DEBT_CONSOLIDATION
LN-509038,CUST-101854,2025-04-27,0,0,False,False,21032.709999999992,Current,DEBT_CONSOLIDATION
LN-509040,CUST-104830,2025-04-27,0,0,False,False,24604.985,Current,DEBT_CONSOLIDATION
LN-509041,CUST-104508,2025-04-27,0,0,False,False,17799.100000000013,Current,DEBT_CONSOLIDATION
LN-509042,CUST-100172,2025-04-27,0,0,False,False,12636.167499999998,Current,DEBT_CONSOLIDATION
LN-509043,CUST-100801,2025-04-27,0,0,False,False,15446.82,Current,DEBT_CONSOLIDATION
LN-509044,CUST-106693,2025-04-27,0,0,False,False,25425.38000000001,Current,DEBT_CONSOLIDATION
LN-509045,CUST-100569,2025-04-27,0,0,False,False,20985.594999999998,Current,DEBT_CONSOLIDATION
LN-509047,CUST-102663,2025-04-27,0,0,False,False,42681.287500000035,Current,DEBT_CONSOLIDATION
LN-509048,CUST-103855,2025-04-27,0,0,False,False,206888.80000000005,Current,DEBT_CONSOLIDATION
LN-509049,CUST-101560,2025-04-27,0,0,False,False,31372.80999999999,Current,DEBT_CONSOLIDATION
LN-509050,CUST-103102,2025-04-27,0,0,False,False,17950.859999999997,Current,DEBT_CONSOLIDATION
LN-509051,CUST-103316,2025-04-27,0,0,False,False,19443.699999999993,Current,DEBT_CONSOLIDATION
LN-509052,CUST-106258,2025-04-27,1,4,False,False,359944.13250000024,1-29,DEBT_CONSOLIDATION
LN-509053,CUST-107432,2025-04-27,0,0,False,False,28167.270000000004,Current,DEBT_CONSOLIDATION
LN-509054,CUST-103886,2025-04-27,0,0,False,False,18821.989999999998,Current,DEBT_CONSOLIDATION
LN-509055,CUST-105090,2025-04-27,0,0,False,False,10633.57,Current,DEBT_CONSOLIDATION
LN-509056,CUST-102771,2025-04-27,0,0,False,False,30380.705,Current,DEBT_CONSOLIDATION
LN-509057,CUST-102318,2025-04-27,0,0,False,False,22983.09,Current,DEBT_CONSOLIDATION
LN-509058,CUST-106354,2025-04-27,2,55,False,False,28610.460000000003,30-59,DEBT_CONSOLIDATION
LN-509059,CUST-103927,2025-04-27,0,0,False,False,41904.48,Current,DEBT_CONSOLIDATION
LN-509060,CUST-106899,2025-04-27,0,0,False,False,14697.260000000007,Current,DEBT_CONSOLIDATION
LN-509061,CUST-101991,2025-04-27,0,0,False,False,1002.2300000000002,Current,DEBT_CONSOLIDATION
LN-509062,CUST-104674,2025-04-27,0,0,False,False,29055.547500000022,Current,DEBT_CONSOLIDATION
LN-509064,CUST-107696,2025-04-27,0,0,False,False,23094.759999999987,Current,DEBT_CONSOLIDATION
LN-509065,CUST-104281,2025-04-27,0,0,False,False,10151.519999999999,Current,DEBT_CONSOLIDATION
LN-509066,CUST-104566,2025-04-27,0,0,False,False,12022.812499999993,Current,DEBT_CONSOLIDATION
LN-509067,CUST-106844,2025-04-27,0,0,False,False,26351.24499999998,Current,DEBT_CONSOLIDATION
LN-509068,CUST-100831,2025-04-27,0,0,False,False,123173.08000000002,Current,DEBT_CONSOLIDATION
LN-509069,CUST-105355,2025-04-27,1,12,False,False,3404.319999999999,1-29,DEBT_CONSOLIDATION
LN-509070,CUST-100780,2025-04-27,0,0,False,False,7919.66,Current,DEBT_CONSOLIDATION
LN-509071,CUST-101182,2025-04-27,0,0,False,False,40766.5175,Current,DEBT_CONSOLIDATION
LN-509072,CUST-101023,2025-04-27,0,0,False,False,5622.737500000003,Current,DEBT_CONSOLIDATION
LN-509074,CUST-107124,2025-04-27,0,0,False,False,16950.514999999996,Current,DEBT_CONSOLIDATION
LN-509075,CUST-102647,2025-04-27,0,0,False,False,38433.175,Current,DEBT_CONSOLIDATION
LN-509076,CUST-107568,2025-04-27,0,0,False,False,16236.064999999995,Current,DEBT_CONSOLIDATION
LN-509077,CUST-101671,2025-04-27,0,0,False,False,15708.0125,Current,DEBT_CONSOLIDATION
LN-509078,CUST-103516,2025-04-27,1,4,False,False,131182.76999999984,1-29,DEBT_CONSOLIDATION
LN-509079,CUST-106109,2025-04-27,0,0,False,False,28349.014999999992,Current,DEBT_CONSOLIDATION
LN-509080,CUST-100728,2025-04-27,0,0,False,False,34830.240000000034,Current,DEBT_CONSOLIDATION
LN-509081,CUST-104914,2025-04-27,0,0,False,False,26555.5625,Current,DEBT_CONSOLIDATION
LN-509082,CUST-100175,2025-04-27,0,0,False,False,5085.122500000001,Current,DEBT_CONSOLIDATION
LN-509083,CUST-106570,2025-04-27,0,0,False,False,17416.942499999997,Current,DEBT_CONSOLIDATION
LN-509084,CUST-102308,2025-04-27,0,0,False,False,39997.58999999999,Current,DEBT_CONSOLIDATION
LN-509085,CUST-106567,2025-04-27,0,0,False,False,19281.082499999997,Current,DEBT_CONSOLIDATION
LN-509087,CUST-104662,2025-04-27,1,24,False,False,4516.184999999998,1-29,DEBT_CONSOLIDATION
LN-509088,CUST-103414,2025-04-27,0,0,False,False,4474.160000000001,Current,DEBT_CONSOLIDATION
LN-509089,CUST-105970,2025-04-27,0,0,False,False,10378.1375,Current,DEBT_CONSOLIDATION
LN-509090,CUST-101698,2025-04-27,0,0,False,False,11381.815000000002,Current,DEBT_CONSOLIDATION
LN-509091,CUST-107070,2025-04-27,0,0,False,False,7814.017499999998,Current,DEBT_CONSOLIDATION
LN-509092,CUST-101800,2025-04-27,0,0,False,False,4916.335000000002,Current,DEBT_CONSOLIDATION
LN-509093,CUST-103828,2025-04-27,0,0,False,False,43606.8625,Current,DEBT_CONSOLIDATION
LN-509094,CUST-103017,2025-04-27,0,0,False,False,4936.945000000003,Current,DEBT_CONSOLIDATION
LN-509096,CUST-101616,2025-04-27,0,0,False,False,21407.362499999977,Current,DEBT_CONSOLIDATION
LN-509097,CUST-102334,2025-04-27,0,0,False,False,3526.8949999999986,Current,DEBT_CONSOLIDATION
LN-509098,CUST-107714,2025-04-27,0,0,False,False,36987.399999999994,Current,DEBT_CONSOLIDATION
LN-509099,CUST-102512,2025-04-27,0,0,False,False,19898.075,Current,DEBT_CONSOLIDATION
LN-509100,CUST-100626,2025-04-27,0,0,False,False,33171.11,Current,DEBT_CONSOLIDATION
LN-509101,CUST-106503,2025-04-27,0,0,False,True,18026.27999999999,Current,DEBT_CONSOLIDATION
LN-509102,CUST-105280,2025-04-27,0,0,False,False,15760.7975,Current,DEBT_CONSOLIDATION
LN-509103,CUST-107405,2025-04-27,0,0,False,False,11652.359999999995,Current,DEBT_CONSOLIDATION
LN-509104,CUST-105646,2025-04-27,0,0,False,False,54810.16,Current,DEBT_CONSOLIDATION
LN-509105,CUST-104484,2025-04-27,0,0,False,False,4726.6,Current,DEBT_CONSOLIDATION
LN-509106,CUST-105921,2025-04-27,0,0,False,False,34540.5475,Current,DEBT_CONSOLIDATION
LN-509107,CUST-104107,2025-04-27,0,0,False,False,13878.087500000005,Current,DEBT_CONSOLIDATION
LN-509108,CUST-104249,2025-04-27,0,0,False,False,8107.564999999999,Current,DEBT_CONSOLIDATION
LN-509109,CUST-102028,2025-04-27,0,0,False,False,2546.54,Current,DEBT_CONSOLIDATION
LN-509110,CUST-104232,2025-04-27,0,0,False,False,12551.487499999997,Current,DEBT_CONSOLIDATION
LN-509111,CUST-100189,2025-04-27,0,0,False,False,41333.454999999994,Current,DEBT_CONSOLIDATION
LN-509112,CUST-107024,2025-04-27,0,0,False,False,17014.1925,Current,DEBT_CONSOLIDATION
LN-509113,CUST-103360,2025-04-27,0,0,False,False,357442.1800000001,Current,DEBT_CONSOLIDATION
LN-509114,CUST-100477,2025-04-27,0,0,False,False,21770.3,Current,DEBT_CONSOLIDATION
LN-509115,CUST-107454,2025-04-27,0,0,False,False,45851.455000000016,Current,DEBT_CONSOLIDATION
LN-509116,CUST-106993,2025-04-27,0,0,False,False,21013.307500000006,Current,DEBT_CONSOLIDATION
LN-509117,CUST-102787,2025-04-27,0,0,False,False,38117.24000000002,Current,DEBT_CONSOLIDATION
LN-509118,CUST-103672,2025-04-27,4,97,False,False,22932.110000000015,90+,DEBT_CONSOLIDATION
LN-509119,CUST-100996,2025-04-27,0,0,False,False,21933.687499999996,Current,DEBT_CONSOLIDATION
LN-509120,CUST-102122,2025-04-27,0,0,False,False,34759.94999999997,Current,DEBT_CONSOLIDATION
LN-509121,CUST-107546,2025-04-27,3,67,False,False,16980.279999999984,60-89,DEBT_CONSOLIDATION
LN-509122,CUST-102392,2025-04-27,0,0,False,False,5057.329999999999,Current,DEBT_CONSOLIDATION
LN-509123,CUST-105912,2025-04-27,0,0,False,False,19945.370000000003,Current,DEBT_CONSOLIDATION
LN-509124,CUST-106698,2025-04-27,0,0,False,False,28556.579999999994,Current,DEBT_CONSOLIDATION
LN-509125,CUST-100665,2025-04-27,0,0,False,False,34608.01000000003,Current,DEBT_CONSOLIDATION
LN-509127,CUST-100129,2025-04-27,0,0,False,False,29945.7,Current,DEBT_CONSOLIDATION
LN-509128,CUST-105722,2025-04-27,0,0,False,False,7652.0299999999925,Current,DEBT_CONSOLIDATION
LN-509129,CUST-102944,2025-04-27,1,9,False,False,2849.1675,1-29,DEBT_CONSOLIDATION
LN-509130,CUST-101640,2025-04-27,0,0,False,False,3454.4649999999997,Current,DEBT_CONSOLIDATION
LN-509132,CUST-104210,2025-04-27,0,0,False,False,34308.27750000001,Current,DEBT_CONSOLIDATION
LN-509133,CUST-100691,2025-04-27,0,0,False,False,10050.839999999997,Current,DEBT_CONSOLIDATION
LN-509134,CUST-101964,2025-04-27,0,0,False,False,21044.13,Current,DEBT_CONSOLIDATION
LN-509135,CUST-105267,2025-04-27,0,0,False,False,45874.75499999999,Current,DEBT_CONSOLIDATION
LN-509136,CUST-100121,2025-04-27,2,42,False,False,12530.670000000002,30-59,DEBT_CONSOLIDATION
LN-509137,CUST-101151,2025-04-27,0,0,False,False,9414.542500000005,Current,DEBT_CONSOLIDATION
LN-509138,CUST-104551,2025-04-27,1,11,False,False,24656.620000000014,1-29,DEBT_CONSOLIDATION
LN-509139,CUST-105693,2025-04-27,0,0,False,False,886.4325,Current,DEBT_CONSOLIDATION
LN-509140,CUST-100256,2025-04-27,0,0,False,False,28526.617500000008,Current,DEBT_CONSOLIDATION
LN-509141,CUST-107358,2025-04-27,0,0,True,False,33381.45000000002,Current,DEBT_CONSOLIDATION
LN-509142,CUST-102265,2025-04-27,0,0,False,False,7765.132499999999,Current,DEBT_CONSOLIDATION
LN-509143,CUST-105029,2025-04-27,1,26,False,False,23808.340000000004,1-29,DEBT_CONSOLIDATION
LN-509145,CUST-101361,2025-04-27,0,0,False,False,19466.579999999994,Current,DEBT_CONSOLIDATION
LN-509146,CUST-102818,2025-04-27,0,0,False,False,15664.705,Current,DEBT_CONSOLIDATION
LN-509147,CUST-103549,2025-04-27,0,0,False,False,16127.627500000002,Current,DEBT_CONSOLIDATION
LN-509148,CUST-101313,2025-04-27,0,0,False,False,34435.5825,Current,DEBT_CONSOLIDATION
LN-509149,CUST-102466,2025-04-27,0,0,False,False,6159.0,Current,DEBT_CONSOLIDATION
LN-509150,CUST-105245,2025-04-27,0,0,False,False,22466.66499999999,Current,DEBT_CONSOLIDATION
LN-509151,CUST-105302,2025-04-27,0,0,False,False,7871.380000000009,Current,DEBT_CONSOLIDATION
LN-509152,CUST-101089,2025-04-27,0,0,False,False,23325.71750000002,Current,DEBT_CONSOLIDATION
LN-509154,CUST-107704,2025-04-27,0,0,False,False,19259.3,Current,DEBT_CONSOLIDATION
LN-509155,CUST-103864,2025-04-27,0,0,False,False,29379.517499999998,Current,DEBT_CONSOLIDATION
LN-509157,CUST-100866,2025-04-27,4,220,False,False,21902.05,90+,DEBT_CONSOLIDATION
LN-509158,CUST-104124,2025-04-27,0,0,False,False,52473.26500000001,Current,DEBT_CONSOLIDATION
LN-509160,CUST-103472,2025-04-27,0,0,False,False,18533.1825,Current,DEBT_CONSOLIDATION
LN-509161,CUST-105049,2025-04-27,0,0,False,False,23009.590000000015,Current,DEBT_CONSOLIDATION
LN-509162,CUST-102118,2025-04-27,0,0,False,False,37014.75,Current,DEBT_CONSOLIDATION
LN-509163,CUST-104735,2025-04-27,0,0,False,False,16190.952500000001,Current,DEBT_CONSOLIDATION
LN-509164,CUST-106458,2025-04-27,0,0,False,False,17686.874999999978,Current,DEBT_CONSOLIDATION
LN-509165,CUST-106216,2025-04-27,0,0,False,False,2207.3050000000007,Current,DEBT_CONSOLIDATION
LN-509166,CUST-100119,2025-04-27,0,0,False,False,20489.74,Current,DEBT_CONSOLIDATION
LN-509167,CUST-102562,2025-04-27,0,0,False,False,15605.5075,Current,DEBT_CONSOLIDATION
LN-509168,CUST-104596,2025-04-27,0,0,False,False,22516.152500000004,Current,DEBT_CONSOLIDATION
LN-509170,CUST-106762,2025-04-27,0,0,False,False,37352.73499999999,Current,DEBT_CONSOLIDATION
LN-509171,CUST-100489,2025-04-27,0,0,False,False,29478.69,Current,DEBT_CONSOLIDATION
LN-509173,CUST-102752,2025-04-27,0,0,False,False,3802.1200000000017,Current,DEBT_CONSOLIDATION
LN-509174,CUST-102755,2025-04-27,0,0,False,False,19238.899999999998,Current,DEBT_CONSOLIDATION
LN-509175,CUST-103519,2025-04-27,0,0,False,False,12850.792499999996,Current,DEBT_CONSOLIDATION
LN-509176,CUST-107517,2025-04-27,0,0,False,False,35677.064999999995,Current,DEBT_CONSOLIDATION
LN-509177,CUST-103099,2025-04-27,0,0,False,False,4777.7350000000015,Current,DEBT_CONSOLIDATION
LN-509178,CUST-105528,2025-04-27,0,0,False,False,1663.86,Current,DEBT_CONSOLIDATION
LN-509179,CUST-106146,2025-04-27,0,0,False,False,27530.65999999999,Current,DEBT_CONSOLIDATION
LN-509180,CUST-102585,2025-04-27,0,0,False,False,10816.895,Current,DEBT_CONSOLIDATION
LN-509181,CUST-105440,2025-04-27,0,0,False,False,30091.37500000002,Current,DEBT_CONSOLIDATION
LN-509183,CUST-103346,2025-04-27,0,0,False,False,114295.13250000002,Current,DEBT_CONSOLIDATION
LN-509184,CUST-101248,2025-04-27,0,0,False,False,30877.80999999999,Current,DEBT_CONSOLIDATION
LN-509185,CUST-106290,2025-04-27,0,0,False,False,38810.367499999964,Current,DEBT_CONSOLIDATION
LN-509186,CUST-104626,2025-04-27,0,0,False,False,17617.729999999992,Current,DEBT_CONSOLIDATION
LN-509187,CUST-100495,2025-04-27,0,0,False,False,18033.34500000001,Current,DEBT_CONSOLIDATION
LN-509188,CUST-106185,2025-04-27,0,0,False,False,32485.224999999995,Current,DEBT_CONSOLIDATION
LN-509189,CUST-105838,2025-04-27,0,0,False,False,102825.22,Current,DEBT_CONSOLIDATION
LN-509190,CUST-106831,2025-04-27,0,0,False,False,25030.18,Current,DEBT_CONSOLIDATION
LN-509191,CUST-105264,2025-04-27,0,0,False,False,24726.59999999999,Current,DEBT_CONSOLIDATION
LN-509192,CUST-103657,2025-04-27,0,0,False,False,26596.772500000003,Current,DEBT_CONSOLIDATION
LN-509193,CUST-107231,2025-04-27,1,20,False,False,2538.894999999998,1-29,DEBT_CONSOLIDATION
LN-509194,CUST-102564,2025-04-27,0,0,False,False,10975.454999999989,Current,DEBT_CONSOLIDATION
LN-509195,CUST-107685,2025-04-27,1,19,False,False,40429.77,1-29,DEBT_CONSOLIDATION
LN-509196,CUST-106435,2025-04-27,0,0,False,False,8750.160000000002,Current,DEBT_CONSOLIDATION
LN-509197,CUST-101805,2025-04-27,0,0,False,False,49551.63000000003,Current,DEBT_CONSOLIDATION
LN-509198,CUST-102479,2025-04-27,0,0,False,False,35021.79000000002,Current,DEBT_CONSOLIDATION
LN-509199,CUST-100526,2025-04-27,4,147,False,False,26416.45250000001,90+,DEBT_CONSOLIDATION
LN-509200,CUST-102770,2025-04-27,0,0,False,False,45648.48999999999,Current,DEBT_CONSOLIDATION
LN-509201,CUST-104308,2025-04-27,2,54,False,False,42007.02000000001,30-59,DEBT_CONSOLIDATION
LN-509202,CUST-107549,2025-04-27,0,0,False,False,9518.2,Current,DEBT_CONSOLIDATION
LN-509203,CUST-102279,2025-04-27,0,0,False,False,22397.714999999997,Current,DEBT_CONSOLIDATION
LN-509204,CUST-104829,2025-04-27,0,0,False,False,22026.3225,Current,DEBT_CONSOLIDATION
LN-509205,CUST-101816,2025-04-27,0,0,False,False,41339.27000000002,Current,DEBT_CONSOLIDATION
LN-509206,CUST-105611,2025-04-27,0,0,False,False,15364.43,Current,DEBT_CONSOLIDATION
LN-509207,CUST-107344,2025-04-27,0,0,False,False,25235.11,Current,DEBT_CONSOLIDATION
LN-509208,CUST-102782,2025-04-27,0,0,False,False,14738.507500000002,Current,DEBT_CONSOLIDATION
LN-509210,CUST-107549,2025-04-27,0,0,False,False,18267.965,Current,DEBT_CONSOLIDATION
LN-509211,CUST-104650,2025-04-27,3,67,False,False,10317.362499999996,60-89,DEBT_CONSOLIDATION
LN-509212,CUST-105860,2025-04-27,0,0,False,False,12376.050000000005,Current,DEBT_CONSOLIDATION
LN-509213,CUST-101817,2025-04-27,0,0,False,False,30832.55,Current,DEBT_CONSOLIDATION
LN-509214,CUST-102414,2025-04-27,0,0,False,False,8236.332499999999,Current,DEBT_CONSOLIDATION
LN-509215,CUST-107478,2025-04-27,0,0,False,False,629485.795,Current,DEBT_CONSOLIDATION
LN-509216,CUST-101385,2025-04-27,0,0,False,False,154367.83000000013,Current,DEBT_CONSOLIDATION
LN-509217,CUST-102535,2025-04-27,0,0,False,False,4794.070000000001,Current,DEBT_CONSOLIDATION
LN-509218,CUST-107520,2025-04-27,0,0,False,False,10174.695000000007,Current,DEBT_CONSOLIDATION
LN-509219,CUST-100705,2025-04-27,0,0,False,False,17329.29000000002,Current,DEBT_CONSOLIDATION
LN-509220,CUST-107191,2025-04-27,0,0,False,False,12549.677499999998,Current,DEBT_CONSOLIDATION
LN-509221,CUST-103670,2025-04-27,0,0,False,False,17706.414999999994,Current,DEBT_CONSOLIDATION
LN-509222,CUST-103512,2025-04-27,0,0,False,False,26461.442500000012,Current,DEBT_CONSOLIDATION
LN-509223,CUST-100635,2025-04-27,0,0,False,False,11253.479999999989,Current,DEBT_CONSOLIDATION
LN-509224,CUST-101345,2025-04-27,0,0,False,False,2014.1849999999988,Current,DEBT_CONSOLIDATION
LN-509225,CUST-104931,2025-04-27,0,0,False,False,96202.72999999997,Current,DEBT_CONSOLIDATION
LN-509226,CUST-103595,2025-04-27,0,0,False,False,37317.499999999985,Current,DEBT_CONSOLIDATION
LN-509227,CUST-105723,2025-04-27,1,1,False,False,6184.0250000000015,1-29,DEBT_CONSOLIDATION
LN-509228,CUST-106381,2025-04-27,2,57,False,False,45752.08,30-59,DEBT_CONSOLIDATION
LN-509229,CUST-100881,2025-04-27,0,0,False,False,12468.7,Current,DEBT_CONSOLIDATION
LN-509230,CUST-107245,2025-04-27,0,0,False,False,36243.1475,Current,DEBT_CONSOLIDATION
LN-509231,CUST-106226,2025-04-27,0,0,False,False,8133.054999999992,Current,DEBT_CONSOLIDATION
LN-509232,CUST-106279,2025-04-27,0,0,False,False,8842.562499999998,Current,DEBT_CONSOLIDATION
LN-509233,CUST-101474,2025-04-27,0,0,False,False,24295.799999999992,Current,DEBT_CONSOLIDATION
LN-509234,CUST-105991,2025-04-27,0,0,False,False,44701.04999999999,Current,DEBT_CONSOLIDATION
LN-509235,CUST-101670,2025-04-27,2,50,False,False,26434.47,30-59,DEBT_CONSOLIDATION
LN-509236,CUST-105230,2025-04-27,0,0,False,False,44775.542499999996,Current,DEBT_CONSOLIDATION
LN-509237,CUST-107794,2025-04-27,1,13,False,False,2605.1174999999985,1-29,DEBT_CONSOLIDATION
LN-509238,CUST-104671,2025-04-27,0,0,False,False,21284.547500000008,Current,DEBT_CONSOLIDATION
LN-509241,CUST-107793,2025-04-27,0,0,False,False,31539.275,Current,DEBT_CONSOLIDATION
LN-509242,CUST-107725,2025-04-27,0,0,False,False,7932.720000000004,Current,DEBT_CONSOLIDATION
LN-509243,CUST-101849,2025-04-27,0,0,False,False,122774.36,Current,DEBT_CONSOLIDATION
LN-509246,CUST-105181,2025-04-27,0,0,False,False,16697.007499999996,Current,DEBT_CONSOLIDATION
LN-509247,CUST-100052,2025-04-27,0,0,False,False,32878.8625,Current,DEBT_CONSOLIDATION
LN-509248,CUST-101252,2025-04-27,0,0,False,False,43084.735,Current,DEBT_CONSOLIDATION
LN-509249,CUST-101258,2025-04-27,0,0,False,False,34444.39,Current,DEBT_CONSOLIDATION
LN-509250,CUST-102742,2025-04-27,0,0,False,False,25308.58,Current,DEBT_CONSOLIDATION
LN-509251,CUST-102264,2025-04-27,0,0,False,False,6298.652499999997,Current,DEBT_CONSOLIDATION
LN-509252,CUST-102624,2025-04-27,0,0,False,False,216616.07749999998,Current,DEBT_CONSOLIDATION
LN-509253,CUST-104271,2025-04-27,0,0,False,False,16733.152499999993,Current,DEBT_CONSOLIDATION
LN-509254,CUST-101098,2025-04-27,3,83,False,False,35245.162500000006,60-89,DEBT_CONSOLIDATION
LN-509255,CUST-100796,2025-04-27,0,0,False,False,14834.449999999997,Current,DEBT_CONSOLIDATION
LN-509256,CUST-106306,2025-04-27,0,0,False,False,48532.88,Current,DEBT_CONSOLIDATION
LN-509257,CUST-102126,2025-04-27,0,0,False,False,1929.16,Current,DEBT_CONSOLIDATION
LN-509258,CUST-105167,2025-04-27,0,0,False,False,7061.200000000004,Current,DEBT_CONSOLIDATION
LN-509259,CUST-104521,2025-04-27,0,0,False,False,3877.157500000004,Current,DEBT_CONSOLIDATION
LN-509260,CUST-104949,2025-04-27,2,49,False,False,20726.92,30-59,DEBT_CONSOLIDATION
LN-509262,CUST-102844,2025-04-27,0,0,False,False,8240.54499999999,Current,DEBT_CONSOLIDATION
LN-509263,CUST-100008,2025-04-27,0,0,False,False,14536.579999999993,Current,DEBT_CONSOLIDATION
LN-509266,CUST-103482,2025-04-27,0,0,False,False,1567.145,Current,DEBT_CONSOLIDATION
LN-509267,CUST-100531,2025-04-27,0,0,False,False,29595.335,Current,DEBT_CONSOLIDATION
LN-509268,CUST-100545,2025-04-27,0,0,False,False,482282.4799999998,Current,DEBT_CONSOLIDATION
LN-509269,CUST-106880,2025-04-27,0,0,False,False,24957.26000000001,Current,DEBT_CONSOLIDATION
LN-509270,CUST-101858,2025-04-27,0,0,False,False,13781.079999999998,Current,DEBT_CONSOLIDATION
LN-509271,CUST-106602,2025-04-27,0,0,False,False,32450.605000000003,Current,DEBT_CONSOLIDATION
LN-509272,CUST-104796,2025-04-27,0,0,False,False,25076.3425,Current,DEBT_CONSOLIDATION
LN-509273,CUST-107250,2025-04-27,0,0,False,False,14430.345000000001,Current,DEBT_CONSOLIDATION
LN-509274,CUST-101199,2025-04-27,0,0,False,False,29983.289999999986,Current,DEBT_CONSOLIDATION
LN-509275,CUST-104518,2025-04-27,0,0,False,False,21403.907499999998,Current,DEBT_CONSOLIDATION
LN-509276,CUST-107054,2025-04-27,0,0,False,False,20000.677499999994,Current,DEBT_CONSOLIDATION
LN-509277,CUST-107229,2025-04-27,0,0,False,False,29931.61,Current,DEBT_CONSOLIDATION
LN-509278,CUST-106301,2025-04-27,0,0,False,False,17125.82999999999,Current,DEBT_CONSOLIDATION
LN-509279,CUST-100435,2025-04-27,0,0,False,False,27615.46,Current,DEBT_CONSOLIDATION
LN-509281,CUST-103518,2025-04-27,0,0,False,False,14922.184999999996,Current,DEBT_CONSOLIDATION
LN-509282,CUST-106789,2025-04-27,0,0,False,False,7082.097500000002,Current,DEBT_CONSOLIDATION
LN-509283,CUST-105964,2025-04-27,0,0,False,False,44541.33250000004,Current,DEBT_CONSOLIDATION
LN-509284,CUST-104986,2025-04-27,0,0,False,False,46005.28000000003,Current,DEBT_CONSOLIDATION
LN-509285,CUST-107790,2025-04-27,0,0,False,False,8177.674999999997,Current,DEBT_CONSOLIDATION
LN-509287,CUST-105077,2025-04-27,0,0,False,False,10589.89,Current,DEBT_CONSOLIDATION
LN-509288,CUST-103025,2025-04-27,0,0,False,False,580712.6674999999,Current,DEBT_CONSOLIDATION
LN-509289,CUST-106535,2025-04-27,0,0,False,False,25404.840000000007,Current,DEBT_CONSOLIDATION
LN-509290,CUST-102320,2025-04-27,0,0,False,False,45882.372499999954,Current,DEBT_CONSOLIDATION
LN-509291,CUST-106395,2025-04-27,0,0,False,False,12511.015,Current,DEBT_CONSOLIDATION
LN-509292,CUST-105413,2025-04-27,0,0,False,False,36873.08,Current,DEBT_CONSOLIDATION
LN-509293,CUST-104613,2025-04-27,0,0,False,False,8550.822499999993,Current,DEBT_CONSOLIDATION
LN-509294,CUST-103873,2025-04-27,0,0,False,False,25543.77000000002,Current,DEBT_CONSOLIDATION
LN-509295,CUST-103075,2025-04-27,0,0,False,False,12103.300000000003,Current,DEBT_CONSOLIDATION
LN-509296,CUST-103134,2025-04-27,0,0,False,False,22850.0075,Current,DEBT_CONSOLIDATION
LN-509297,CUST-107360,2025-04-27,0,0,False,False,45402.92000000001,Current,DEBT_CONSOLIDATION
LN-509298,CUST-101827,2025-04-27,0,0,False,False,7908.290000000001,Current,DEBT_CONSOLIDATION
LN-509299,CUST-101042,2025-04-27,0,0,False,False,5444.474999999999,Current,DEBT_CONSOLIDATION
LN-509300,CUST-104636,2025-04-27,0,0,False,False,57425.370000000024,Current,DEBT_CONSOLIDATION
LN-509301,CUST-102027,2025-04-27,0,0,False,False,18518.51749999998,Current,DEBT_CONSOLIDATION
LN-509302,CUST-100575,2025-04-27,0,0,False,False,45323.18,Current,DEBT_CONSOLIDATION
LN-509303,CUST-106577,2025-04-27,0,0,False,False,19999.93,Current,DEBT_CONSOLIDATION
LN-509304,CUST-102619,2025-04-27,0,0,False,False,16477.202499999992,Current,DEBT_CONSOLIDATION
LN-509305,CUST-107708,2025-04-27,0,0,False,False,28327.700000000004,Current,DEBT_CONSOLIDATION
LN-509306,CUST-101246,2025-04-27,0,0,False,False,6285.215000000001,Current,DEBT_CONSOLIDATION
LN-509307,CUST-107632,2025-04-27,0,0,False,False,24735.90000000002,Current,DEBT_CONSOLIDATION
LN-509308,CUST-101251,2025-04-27,0,0,False,False,30085.072500000002,Current,DEBT_CONSOLIDATION
LN-509309,CUST-101940,2025-04-27,0,0,False,False,7634.8699999999935,Current,DEBT_CONSOLIDATION
LN-509310,CUST-101263,2025-04-27,0,0,False,False,11075.277500000011,Current,DEBT_CONSOLIDATION
LN-509311,CUST-101750,2025-04-27,0,0,False,False,21147.71,Current,DEBT_CONSOLIDATION
LN-509312,CUST-100615,2025-04-27,0,0,False,False,11942.1725,Current,DEBT_CONSOLIDATION
LN-509314,CUST-101233,2025-04-27,0,0,False,False,29401.562499999996,Current,DEBT_CONSOLIDATION
LN-509315,CUST-105081,2025-04-27,4,161,False,False,43867.25499999998,90+,DEBT_CONSOLIDATION
LN-509316,CUST-103094,2025-04-27,0,0,False,False,43593.040000000015,Current,DEBT_CONSOLIDATION
LN-509317,CUST-107384,2025-04-27,0,0,False,False,547100.0499999999,Current,DEBT_CONSOLIDATION
LN-509318,CUST-104386,2025-04-27,0,0,False,False,72034.63500000001,Current,DEBT_CONSOLIDATION
LN-509319,CUST-107904,2025-04-27,1,2,False,False,19562.172500000004,1-29,DEBT_CONSOLIDATION
LN-509320,CUST-106943,2025-04-27,0,0,False,False,11990.349999999997,Current,DEBT_CONSOLIDATION
LN-509321,CUST-103444,2025-04-27,0,0,False,False,12028.19999999999,Current,DEBT_CONSOLIDATION
LN-509322,CUST-105430,2025-04-27,0,0,False,False,42469.750000000015,Current,DEBT_CONSOLIDATION
LN-509323,CUST-102734,2025-04-27,0,0,False,False,10835.395000000002,Current,DEBT_CONSOLIDATION
LN-509324,CUST-107937,2025-04-27,0,0,False,False,23737.079999999984,Current,DEBT_CONSOLIDATION
LN-509325,CUST-105196,2025-04-27,0,0,False,False,11714.782500000007,Current,DEBT_CONSOLIDATION
LN-509326,CUST-102665,2025-04-27,0,0,False,False,8088.620000000011,Current,DEBT_CONSOLIDATION
LN-509327,CUST-103718,2025-04-27,0,0,False,False,16013.864999999994,Current,DEBT_CONSOLIDATION
LN-509328,CUST-101115,2025-04-27,0,0,False,False,81471.6,Current,DEBT_CONSOLIDATION
LN-509329,CUST-102248,2025-04-27,0,0,False,False,11102.327499999996,Current,DEBT_CONSOLIDATION
LN-509330,CUST-100361,2025-04-27,0,0,False,False,18212.189999999988,Current,DEBT_CONSOLIDATION
LN-509331,CUST-105588,2025-04-27,0,0,False,False,16308.649999999985,Current,DEBT_CONSOLIDATION
LN-509333,CUST-102374,2025-04-27,0,0,False,False,3723.930000000001,Current,DEBT_CONSOLIDATION
LN-509335,CUST-101446,2025-04-27,0,0,False,False,16709.51,Current,DEBT_CONSOLIDATION
LN-509337,CUST-101969,2025-04-27,0,0,False,False,19538.035000000007,Current,DEBT_CONSOLIDATION
LN-509340,CUST-103081,2025-04-27,0,0,False,False,28683.615,Current,DEBT_CONSOLIDATION
LN-509341,CUST-100283,2025-04-27,0,0,False,False,25512.470000000005,Current,DEBT_CONSOLIDATION
LN-509343,CUST-100457,2025-04-27,1,24,False,False,26069.892500000005,1-29,DEBT_CONSOLIDATION
LN-509344,CUST-101846,2025-04-27,0,0,False,False,81275.12000000002,Current,DEBT_CONSOLIDATION
LN-509346,CUST-107336,2025-04-27,0,0,False,False,10677.349999999995,Current,DEBT_CONSOLIDATION
LN-509347,CUST-101036,2025-04-27,0,0,False,False,30011.42,Current,DEBT_CONSOLIDATION
LN-509348,CUST-106649,2025-04-27,0,0,False,False,49127.599999999984,Current,DEBT_CONSOLIDATION
LN-509349,CUST-105929,2025-04-27,0,0,False,False,129842.20749999999,Current,DEBT_CONSOLIDATION
LN-509351,CUST-107875,2025-04-27,0,0,False,False,12067.775,Current,DEBT_CONSOLIDATION
LN-509352,CUST-103485,2025-04-27,0,0,False,False,10337.18,Current,DEBT_CONSOLIDATION
LN-509353,CUST-101098,2025-04-27,0,0,False,False,19307.47000000001,Current,DEBT_CONSOLIDATION
LN-509355,CUST-104513,2025-04-27,0,0,False,False,15452.264999999996,Current,DEBT_CONSOLIDATION
LN-509356,CUST-106500,2025-04-27,0,0,False,False,136915.465,Current,DEBT_CONSOLIDATION
LN-509357,CUST-107505,2025-04-27,0,0,False,False,44761.33749999999,Current,DEBT_CONSOLIDATION
LN-509358,CUST-106764,2025-04-27,0,0,False,False,19725.189999999995,Current,DEBT_CONSOLIDATION
LN-509359,CUST-101401,2025-04-27,0,0,False,False,24744.59,Current,DEBT_CONSOLIDATION
LN-509360,CUST-104376,2025-04-27,0,0,False,False,20436.007499999992,Current,DEBT_CONSOLIDATION
LN-509361,CUST-107842,2025-04-27,0,0,False,False,2202.5325000000003,Current,DEBT_CONSOLIDATION
LN-509362,CUST-103370,2025-04-27,0,0,False,False,11688.610000000004,Current,DEBT_CONSOLIDATION
LN-509363,CUST-103314,2025-04-27,0,0,False,False,2590.7174999999997,Current,DEBT_CONSOLIDATION
LN-509364,CUST-107742,2025-04-27,0,0,False,False,122477.34750000005,Current,DEBT_CONSOLIDATION
LN-509365,CUST-104523,2025-04-27,0,0,False,False,35362.759999999995,Current,DEBT_CONSOLIDATION
LN-509366,CUST-104962,2025-04-27,1,6,False,False,25044.07,1-29,DEBT_CONSOLIDATION
LN-509368,CUST-103597,2025-04-27,0,0,False,False,14176.285000000003,Current,DEBT_CONSOLIDATION
LN-509369,CUST-101901,2025-04-27,0,0,False,False,15088.060000000001,Current,DEBT_CONSOLIDATION
LN-509370,CUST-100752,2025-04-27,0,0,False,False,19939.165000000005,Current,DEBT_CONSOLIDATION
LN-509371,CUST-102863,2025-04-27,0,0,False,False,31378.94000000001,Current,DEBT_CONSOLIDATION
LN-509372,CUST-105221,2025-04-27,0,0,False,False,23516.259999999987,Current,DEBT_CONSOLIDATION
LN-509373,CUST-104460,2025-04-27,0,0,False,False,27135.244999999995,Current,DEBT_CONSOLIDATION
LN-509374,CUST-100572,2025-04-27,0,0,False,False,6343.764999999999,Current,DEBT_CONSOLIDATION
LN-509375,CUST-104060,2025-04-27,0,0,False,False,39150.31250000002,Current,DEBT_CONSOLIDATION
LN-509376,CUST-105248,2025-04-27,0,0,False,False,33484.342500000006,Current,DEBT_CONSOLIDATION
LN-509377,CUST-101257,2025-04-27,0,0,False,False,34868.15999999997,Current,DEBT_CONSOLIDATION
LN-509378,CUST-104175,2025-04-27,0,0,False,False,140594.15500000003,Current,DEBT_CONSOLIDATION
LN-509379,CUST-103691,2025-04-27,0,0,False,False,9445.5425,Current,DEBT_CONSOLIDATION
LN-509380,CUST-105148,2025-04-27,0,0,False,False,31303.805000000008,Current,DEBT_CONSOLIDATION
LN-509381,CUST-101055,2025-04-27,0,0,False,False,428424.2649999998,Current,DEBT_CONSOLIDATION
LN-509383,CUST-106366,2025-04-27,0,0,False,False,6226.629999999999,Current,DEBT_CONSOLIDATION
LN-509384,CUST-105346,2025-04-27,0,0,False,False,317480.11000000004,Current,DEBT_CONSOLIDATION
LN-509385,CUST-105961,2025-04-27,0,0,False,False,14389.670000000006,Current,DEBT_CONSOLIDATION
LN-509386,CUST-107758,2025-04-27,0,0,False,False,19290.747500000016,Current,DEBT_CONSOLIDATION
LN-509387,CUST-105278,2025-04-27,0,0,False,False,8503.837499999992,Current,DEBT_CONSOLIDATION
LN-509388,CUST-102273,2025-04-27,0,0,False,False,6377.6175,Current,DEBT_CONSOLIDATION
LN-509391,CUST-102059,2025-04-27,0,0,False,False,38501.09000000002,Current,DEBT_CONSOLIDATION
LN-509392,CUST-105742,2025-04-27,0,0,False,False,3948.329999999997,Current,DEBT_CONSOLIDATION
LN-509393,CUST-107093,2025-04-27,0,0,False,False,15192.409999999998,Current,DEBT_CONSOLIDATION
LN-509395,CUST-104479,2025-04-27,0,0,False,False,259048.365,Current,DEBT_CONSOLIDATION
LN-509396,CUST-100074,2025-04-27,0,0,False,False,115904.08999999998,Current,DEBT_CONSOLIDATION
LN-509397,CUST-100236,2025-04-27,0,0,False,False,13455.300000000014,Current,DEBT_CONSOLIDATION
LN-509398,CUST-104241,2025-04-27,0,0,False,False,23256.45000000001,Current,DEBT_CONSOLIDATION
LN-509399,CUST-107964,2025-04-27,1,6,False,False,39359.05250000003,1-29,DEBT_CONSOLIDATION
LN-509400,CUST-105180,2025-04-27,0,0,False,False,22358.320000000003,Current,DEBT_CONSOLIDATION
LN-509401,CUST-107139,2025-04-27,0,0,False,False,37868.32000000004,Current,DEBT_CONSOLIDATION
LN-509402,CUST-101868,2025-04-27,0,0,False,False,23748.264999999978,Current,DEBT_CONSOLIDATION
LN-509403,CUST-106021,2025-04-27,0,0,False,False,16571.13,Current,DEBT_CONSOLIDATION
LN-509404,CUST-106076,2025-04-27,0,0,False,False,543233.5725000004,Current,DEBT_CONSOLIDATION
LN-509405,CUST-101676,2025-04-27,0,0,False,False,31498.485,Current,DEBT_CONSOLIDATION
LN-509407,CUST-107349,2025-04-27,0,0,False,False,52358.1775,Current,DEBT_CONSOLIDATION
LN-509408,CUST-106128,2025-04-27,0,0,False,False,21805.612500000003,Current,DEBT_CONSOLIDATION
LN-509409,CUST-104541,2025-04-27,0,0,False,False,145210.60499999995,Current,DEBT_CONSOLIDATION
LN-509410,CUST-106954,2025-04-27,0,0,False,False,46237.29,Current,DEBT_CONSOLIDATION
LN-509411,CUST-102665,2025-04-27,2,52,False,False,11001.775000000001,30-59,DEBT_CONSOLIDATION
LN-509412,CUST-100487,2025-04-27,4,93,False,False,33153.019999999975,90+,DEBT_CONSOLIDATION
LN-509413,CUST-102429,2025-04-27,0,0,False,False,38754.205000000016,Current,DEBT_CONSOLIDATION
LN-509414,CUST-105465,2025-04-27,0,0,False,False,50452.59999999999,Current,DEBT_CONSOLIDATION
LN-509415,CUST-101579,2025-04-27,0,0,False,False,1886.7149999999995,Current,DEBT_CONSOLIDATION
LN-509416,CUST-106433,2025-04-27,0,0,False,False,48803.235,Current,DEBT_CONSOLIDATION
LN-509418,CUST-100999,2025-04-27,0,0,False,False,7000.220000000005,Current,DEBT_CONSOLIDATION
LN-509419,CUST-104666,2025-04-27,0,0,False,False,15509.140000000018,Current,DEBT_CONSOLIDATION
LN-509420,CUST-105156,2025-04-27,0,0,False,False,631.4950000000001,Current,DEBT_CONSOLIDATION
LN-509421,CUST-107878,2025-04-27,0,0,False,False,33552.74,Current,DEBT_CONSOLIDATION
LN-509422,CUST-104872,2025-04-27,0,0,False,False,42237.91999999997,Current,DEBT_CONSOLIDATION
LN-509423,CUST-105957,2025-04-27,0,0,False,False,32032.48,Current,DEBT_CONSOLIDATION
LN-509424,CUST-106108,2025-04-27,0,0,False,False,22471.23499999999,Current,DEBT_CONSOLIDATION
LN-509425,CUST-107418,2025-04-27,0,0,False,False,8025.839999999996,Current,DEBT_CONSOLIDATION
LN-509426,CUST-102103,2025-04-27,0,0,False,False,12317.63500000001,Current,DEBT_CONSOLIDATION
LN-509427,CUST-102155,2025-04-27,0,0,False,False,20350.19749999999,Current,DEBT_CONSOLIDATION
LN-509428,CUST-102204,2025-04-27,0,0,False,False,20695.235000000004,Current,DEBT_CONSOLIDATION
LN-509429,CUST-100239,2025-04-27,0,0,False,False,15504.0425,Current,DEBT_CONSOLIDATION
LN-509430,CUST-101895,2025-04-27,0,0,False,False,31520.577499999978,Current,DEBT_CONSOLIDATION
LN-509431,CUST-101925,2025-04-27,0,0,False,False,15899.655,Current,DEBT_CONSOLIDATION
LN-509432,CUST-104972,2025-04-27,0,0,False,False,12869.96,Current,DEBT_CONSOLIDATION
LN-509433,CUST-103276,2025-04-27,0,0,False,False,12006.34500000001,Current,DEBT_CONSOLIDATION
LN-509434,CUST-107388,2025-04-27,0,0,False,False,20092.984999999993,Current,DEBT_CONSOLIDATION
LN-509435,CUST-105384,2025-04-27,0,0,False,False,11006.2925,Current,DEBT_CONSOLIDATION
LN-509436,CUST-101600,2025-04-27,0,0,False,False,28428.409999999974,Current,DEBT_CONSOLIDATION
LN-509437,CUST-100031,2025-04-27,0,0,False,False,3336.9700000000003,Current,DEBT_CONSOLIDATION
LN-509438,CUST-105278,2025-04-27,0,0,False,False,2121.2700000000004,Current,DEBT_CONSOLIDATION
LN-509439,CUST-102583,2025-04-27,0,0,False,False,12429.8,Current,DEBT_CONSOLIDATION
LN-509440,CUST-104101,2025-04-27,0,0,False,False,101995.29000000005,Current,DEBT_CONSOLIDATION
LN-509441,CUST-104354,2025-04-27,0,0,False,False,11266.637500000003,Current,DEBT_CONSOLIDATION
LN-509442,CUST-107808,2025-04-27,0,0,False,False,31567.760000000002,Current,DEBT_CONSOLIDATION
LN-509443,CUST-106487,2025-04-27,0,0,False,False,12314.5325,Current,DEBT_CONSOLIDATION
LN-509445,CUST-100379,2025-04-27,0,0,False,False,28199.350000000002,Current,DEBT_CONSOLIDATION
LN-509446,CUST-102571,2025-04-27,0,0,False,False,14523.36,Current,DEBT_CONSOLIDATION
LN-509447,CUST-106631,2025-04-27,0,0,False,False,29582.2225,Current,DEBT_CONSOLIDATION
LN-509450,CUST-102532,2025-04-27,0,0,False,False,475915.77249999996,Current,DEBT_CONSOLIDATION
LN-509451,CUST-106975,2025-04-27,0,0,False,False,28506.924999999996,Current,DEBT_CONSOLIDATION
LN-509453,CUST-100957,2025-04-27,0,0,False,False,30116.715000000004,Current,DEBT_CONSOLIDATION
LN-509454,CUST-107205,2025-04-27,0,0,False,False,19851.114999999998,Current,DEBT_CONSOLIDATION
LN-509455,CUST-101356,2025-04-27,0,0,False,False,7962.382500000005,Current,DEBT_CONSOLIDATION
LN-509456,CUST-104427,2025-04-27,0,0,False,False,11342.789999999999,Current,DEBT_CONSOLIDATION
LN-509457,CUST-103085,2025-04-27,2,40,False,False,46309.2425,30-59,DEBT_CONSOLIDATION
LN-509458,CUST-101039,2025-04-27,0,0,False,False,17909.29,Current,DEBT_CONSOLIDATION
LN-509459,CUST-105351,2025-04-27,0,0,False,False,19592.549999999996,Current,DEBT_CONSOLIDATION
LN-509460,CUST-102364,2025-04-27,0,0,False,False,28104.425,Current,DEBT_CONSOLIDATION
LN-509461,CUST-103098,2025-04-27,0,0,False,False,27795.629999999997,Current,DEBT_CONSOLIDATION
LN-509462,CUST-100982,2025-04-27,0,0,False,False,23592.140000000014,Current,DEBT_CONSOLIDATION
LN-509463,CUST-104159,2025-04-27,0,0,False,False,9395.499999999995,Current,DEBT_CONSOLIDATION
LN-509464,CUST-107414,2025-04-27,0,0,False,False,2360.7850000000003,Current,DEBT_CONSOLIDATION
LN-509465,CUST-103802,2025-04-27,0,0,False,False,18271.265,Current,DEBT_CONSOLIDATION
LN-509466,CUST-100160,2025-04-27,0,0,False,False,7791.975,Current,DEBT_CONSOLIDATION
LN-509467,CUST-102832,2025-04-27,0,0,False,False,13413.410000000007,Current,DEBT_CONSOLIDATION
LN-509468,CUST-106803,2025-04-27,0,0,False,False,17962.405,Current,DEBT_CONSOLIDATION
LN-509469,CUST-106137,2025-04-27,0,0,False,False,1653.099999999999,Current,DEBT_CONSOLIDATION
LN-509470,CUST-103642,2025-04-27,0,0,False,False,30618.757499999992,Current,DEBT_CONSOLIDATION
LN-509472,CUST-102625,2025-04-27,0,0,False,False,4197.32,Current,DEBT_CONSOLIDATION
LN-509475,CUST-105969,2025-04-27,2,41,False,False,10025.482500000004,30-59,DEBT_CONSOLIDATION
LN-509476,CUST-100093,2025-04-27,0,0,False,False,14502.680000000004,Current,DEBT_CONSOLIDATION
LN-509477,CUST-101206,2025-04-27,0,0,False,False,27556.544999999987,Current,DEBT_CONSOLIDATION
LN-509478,CUST-103233,2025-04-27,0,0,False,False,21699.3425,Current,DEBT_CONSOLIDATION
LN-509479,CUST-105575,2025-04-27,0,0,False,False,34077.89,Current,DEBT_CONSOLIDATION
LN-509481,CUST-100646,2025-04-27,0,0,False,False,17388.07000000002,Current,DEBT_CONSOLIDATION
LN-509482,CUST-107190,2025-04-27,0,0,False,False,452487.105,Current,DEBT_CONSOLIDATION
LN-509483,CUST-100875,2025-04-27,0,0,False,False,21762.74,Current,DEBT_CONSOLIDATION
LN-509484,CUST-102430,2025-04-27,0,0,False,False,33613.77999999999,Current,DEBT_CONSOLIDATION
LN-509485,CUST-104900,2025-04-27,0,0,False,False,2310.7300000000014,Current,DEBT_CONSOLIDATION
LN-509486,CUST-100490,2025-04-27,0,0,False,False,24178.5525,Current,DEBT_CONSOLIDATION
LN-509488,CUST-103786,2025-04-27,0,0,False,False,10848.187500000002,Current,DEBT_CONSOLIDATION
LN-509489,CUST-102228,2025-04-27,0,0,False,False,10403.96,Current,DEBT_CONSOLIDATION
LN-509490,CUST-105352,2025-04-27,1,5,False,False,17772.69,1-29,DEBT_CONSOLIDATION
LN-509491,CUST-107400,2025-04-27,0,0,False,False,39617.935,Current,DEBT_CONSOLIDATION
LN-509492,CUST-103149,2025-04-27,0,0,False,False,49366.48,Current,DEBT_CONSOLIDATION
LN-509494,CUST-107961,2025-04-27,0,0,False,False,32280.05,Current,DEBT_CONSOLIDATION
LN-509495,CUST-102735,2025-04-27,0,0,False,False,7248.862499999997,Current,DEBT_CONSOLIDATION
LN-509496,CUST-101622,2025-04-27,0,0,False,False,7848.44,Current,DEBT_CONSOLIDATION
LN-509497,CUST-105883,2025-04-27,0,0,False,False,61830.265,Current,DEBT_CONSOLIDATION
LN-509499,CUST-104880,2025-04-27,0,0,False,False,1909.1850000000022,Current,DEBT_CONSOLIDATION
LN-509501,CUST-103663,2025-04-27,0,0,False,False,13414.379999999997,Current,DEBT_CONSOLIDATION
LN-509502,CUST-105157,2025-04-27,0,0,False,False,27558.480000000003,Current,DEBT_CONSOLIDATION
LN-509503,CUST-103167,2025-04-27,0,0,False,False,28385.520000000004,Current,DEBT_CONSOLIDATION
LN-509504,CUST-105462,2025-04-27,0,0,False,False,39513.26,Current,DEBT_CONSOLIDATION
LN-509505,CUST-102955,2025-04-27,0,0,False,False,18770.934999999998,Current,DEBT_CONSOLIDATION
LN-509506,CUST-101856,2025-04-27,0,0,False,False,32049.76,Current,DEBT_CONSOLIDATION
LN-509507,CUST-104925,2025-04-27,0,0,False,False,16624.45,Current,DEBT_CONSOLIDATION
LN-509508,CUST-102671,2025-04-27,0,0,False,False,15005.78000000001,Current,DEBT_CONSOLIDATION
LN-509509,CUST-107351,2025-04-27,0,0,False,False,29965.5725,Current,DEBT_CONSOLIDATION
LN-509510,CUST-102508,2025-04-27,0,0,False,False,17558.852499999994,Current,DEBT_CONSOLIDATION
LN-509511,CUST-103512,2025-04-27,0,0,False,False,23631.57,Current,DEBT_CONSOLIDATION
LN-509512,CUST-103906,2025-04-27,0,0,False,False,27890.32,Current,DEBT_CONSOLIDATION
LN-509513,CUST-103492,2025-04-27,0,0,False,False,2597.47,Current,DEBT_CONSOLIDATION
LN-509514,CUST-101402,2025-04-27,0,0,False,False,20202.175,Current,DEBT_CONSOLIDATION
LN-509516,CUST-101348,2025-04-27,0,0,False,False,58052.19499999999,Current,DEBT_CONSOLIDATION
LN-509517,CUST-105317,2025-04-27,0,0,False,False,44320.68999999997,Current,DEBT_CONSOLIDATION
LN-509519,CUST-106670,2025-04-27,0,0,False,False,47350.33500000001,Current,DEBT_CONSOLIDATION
LN-509520,CUST-103615,2025-04-27,0,0,False,False,29600.735,Current,DEBT_CONSOLIDATION
LN-509521,CUST-102506,2025-04-27,0,0,False,False,35629.80000000002,Current,DEBT_CONSOLIDATION
LN-509523,CUST-105237,2025-04-27,0,0,False,False,17110.624999999993,Current,DEBT_CONSOLIDATION
LN-509524,CUST-105955,2025-04-27,0,0,False,False,398257.17000000004,Current,DEBT_CONSOLIDATION
LN-509525,CUST-104605,2025-04-27,0,0,False,False,19996.4025,Current,DEBT_CONSOLIDATION
LN-509528,CUST-104005,2025-04-27,0,0,False,False,127640.66000000003,Current,DEBT_CONSOLIDATION
LN-509529,CUST-103884,2025-04-27,0,0,False,False,21654.0725,Current,DEBT_CONSOLIDATION
LN-509530,CUST-105700,2025-04-27,0,0,False,False,29295.15,Current,DEBT_CONSOLIDATION
LN-509531,CUST-104300,2025-04-27,0,0,False,False,124311.27000000003,Current,DEBT_CONSOLIDATION
LN-509532,CUST-101061,2025-04-27,0,0,False,False,10881.96,Current,DEBT_CONSOLIDATION
LN-509533,CUST-104671,2025-04-27,0,0,False,False,25600.93750000001,Current,DEBT_CONSOLIDATION
LN-509534,CUST-104863,2025-04-27,0,0,False,False,4011.3899999999962,Current,DEBT_CONSOLIDATION
LN-509535,CUST-103170,2025-04-27,0,0,False,False,13560.532499999998,Current,DEBT_CONSOLIDATION
LN-509536,CUST-106232,2025-04-27,0,0,False,False,22323.26,Current,DEBT_CONSOLIDATION
LN-509537,CUST-104825,2025-04-27,0,0,False,False,6679.145,Current,DEBT_CONSOLIDATION
LN-509538,CUST-102702,2025-04-27,0,0,False,False,103531.43,Current,DEBT_CONSOLIDATION
LN-509539,CUST-101520,2025-04-27,0,0,False,False,9602.69,Current,DEBT_CONSOLIDATION
LN-509540,CUST-100988,2025-04-27,0,0,False,False,122415.58999999998,Current,DEBT_CONSOLIDATION
LN-509541,CUST-101977,2025-04-27,0,0,False,False,24829.422499999997,Current,DEBT_CONSOLIDATION
LN-509542,CUST-105620,2025-04-27,0,0,False,False,5689.789999999994,Current,DEBT_CONSOLIDATION
LN-509543,CUST-104640,2025-04-27,0,0,False,False,9383.250000000005,Current,DEBT_CONSOLIDATION
LN-509544,CUST-100344,2025-04-27,0,0,False,False,5051.8825,Current,DEBT_CONSOLIDATION
LN-509545,CUST-105724,2025-04-27,0,0,False,False,19268.93999999998,Current,DEBT_CONSOLIDATION
LN-509546,CUST-101458,2025-04-27,0,0,False,False,568446.8649999998,Current,DEBT_CONSOLIDATION
LN-509547,CUST-102871,2025-04-27,0,0,False,False,2207.0325,Current,DEBT_CONSOLIDATION
LN-509548,CUST-106725,2025-04-27,0,0,False,False,3434.3849999999993,Current,DEBT_CONSOLIDATION
LN-509549,CUST-100842,2025-04-27,0,0,False,False,40017.34499999998,Current,DEBT_CONSOLIDATION
LN-509550,CUST-106908,2025-04-27,0,0,False,False,27449.894999999997,Current,DEBT_CONSOLIDATION
LN-509551,CUST-102112,2025-04-27,0,0,False,False,20425.599999999995,Current,DEBT_CONSOLIDATION
LN-509552,CUST-100882,2025-04-27,0,0,False,False,33954.50999999997,Current,DEBT_CONSOLIDATION
LN-509553,CUST-104882,2025-04-27,0,0,False,False,8254.009999999997,Current,DEBT_CONSOLIDATION
LN-509554,CUST-103787,2025-04-27,0,0,False,False,36950.04000000001,Current,DEBT_CONSOLIDATION
LN-509556,CUST-106536,2025-04-27,2,34,False,False,29272.894999999993,30-59,DEBT_CONSOLIDATION
LN-509557,CUST-102588,2025-04-27,0,0,False,False,57465.49749999998,Current,DEBT_CONSOLIDATION
LN-509559,CUST-102722,2025-04-27,0,0,True,False,26189.234999999997,Current,DEBT_CONSOLIDATION
LN-509560,CUST-102261,2025-04-27,0,0,False,False,5303.272500000002,Current,DEBT_CONSOLIDATION
LN-509561,CUST-104595,2025-04-27,0,0,False,False,12753.605000000001,Current,DEBT_CONSOLIDATION
LN-509562,CUST-101778,2025-04-27,0,0,False,False,516.3399999999997,Current,DEBT_CONSOLIDATION
LN-509563,CUST-104903,2025-04-27,2,49,False,False,17725.315,30-59,DEBT_CONSOLIDATION
LN-509564,CUST-102596,2025-04-27,2,57,False,False,34220.159999999996,30-59,DEBT_CONSOLIDATION
LN-509565,CUST-104057,2025-04-27,0,0,False,False,4787.189999999998,Current,DEBT_CONSOLIDATION
LN-509566,CUST-102964,2025-04-27,0,0,False,False,17914.570000000007,Current,DEBT_CONSOLIDATION
LN-509567,CUST-107561,2025-04-27,0,0,False,False,50498.5375,Current,DEBT_CONSOLIDATION
LN-509568,CUST-103243,2025-04-27,0,0,False,False,31021.057499999995,Current,DEBT_CONSOLIDATION
LN-509569,CUST-106284,2025-04-27,0,0,False,False,27154.725,Current,DEBT_CONSOLIDATION
LN-509570,CUST-103567,2025-04-27,0,0,False,False,91044.70000000004,Current,DEBT_CONSOLIDATION
LN-509571,CUST-106496,2025-04-27,0,0,False,False,46424.93500000004,Current,DEBT_CONSOLIDATION
LN-509572,CUST-102048,2025-04-27,0,0,False,False,33219.780000000035,Current,DEBT_CONSOLIDATION
LN-509573,CUST-105688,2025-04-27,0,0,False,False,3687.2075000000004,Current,DEBT_CONSOLIDATION
LN-509574,CUST-103907,2025-04-27,3,72,False,False,4498.170000000001,60-89,DEBT_CONSOLIDATION
LN-509575,CUST-101420,2025-04-27,0,0,False,False,6026.2325,Current,DEBT_CONSOLIDATION
LN-509576,CUST-104940,2025-04-27,2,57,False,False,50778.384999999995,30-59,DEBT_CONSOLIDATION
LN-509577,CUST-102896,2025-04-27,0,0,False,False,42688.36749999998,Current,DEBT_CONSOLIDATION
LN-509579,CUST-104067,2025-04-27,0,0,False,False,2860.500000000001,Current,DEBT_CONSOLIDATION
LN-509580,CUST-107104,2025-04-27,0,0,False,False,32916.9775,Current,DEBT_CONSOLIDATION
LN-509581,CUST-103062,2025-04-27,0,0,False,False,372724.80999999976,Current,DEBT_CONSOLIDATION
LN-509582,CUST-103587,2025-04-27,0,0,False,False,212859.76999999993,Current,DEBT_CONSOLIDATION
LN-509583,CUST-106598,2025-04-27,1,5,False,False,36551.945,1-29,DEBT_CONSOLIDATION
LN-509584,CUST-107027,2025-04-27,0,0,False,False,4141.05,Current,DEBT_CONSOLIDATION
LN-509585,CUST-107638,2025-04-27,0,0,False,False,27943.305,Current,DEBT_CONSOLIDATION
LN-509586,CUST-105744,2025-04-27,0,0,False,False,25263.840000000004,Current,DEBT_CONSOLIDATION
LN-509587,CUST-105323,2025-04-27,0,0,False,False,43999.2,Current,DEBT_CONSOLIDATION
LN-509588,CUST-101535,2025-04-27,0,0,False,False,63263.66750000001,Current,DEBT_CONSOLIDATION
LN-509589,CUST-101790,2025-04-27,0,0,False,False,13042.180000000002,Current,DEBT_CONSOLIDATION
LN-509590,CUST-100126,2025-04-27,0,0,False,False,21808.660000000014,Current,DEBT_CONSOLIDATION
LN-509591,CUST-104945,2025-04-27,0,0,False,False,20393.814999999995,Current,DEBT_CONSOLIDATION
LN-509592,CUST-104263,2025-04-27,0,0,False,False,11085.707499999991,Current,DEBT_CONSOLIDATION
LN-509593,CUST-102158,2025-04-27,0,0,False,False,32762.28,Current,DEBT_CONSOLIDATION
LN-509594,CUST-100049,2025-04-27,1,13,False,False,17308.962499999998,1-29,DEBT_CONSOLIDATION
LN-509595,CUST-106001,2025-04-27,0,0,False,False,17022.2925,Current,DEBT_CONSOLIDATION
LN-509596,CUST-107573,2025-04-27,0,0,False,False,42888.369999999995,Current,DEBT_CONSOLIDATION
LN-509598,CUST-107501,2025-04-27,0,0,False,False,3917.465000000002,Current,DEBT_CONSOLIDATION
LN-509600,CUST-103943,2025-04-27,0,0,False,False,41559.420000000006,Current,DEBT_CONSOLIDATION
LN-509601,CUST-101108,2025-04-27,0,0,False,False,14879.325,Current,DEBT_CONSOLIDATION
LN-509602,CUST-106654,2025-04-27,0,0,False,False,21110.505000000016,Current,DEBT_CONSOLIDATION
LN-509603,CUST-106220,2025-04-27,0,0,False,False,58635.72500000001,Current,DEBT_CONSOLIDATION
LN-509605,CUST-101667,2025-04-27,0,0,False,False,53079.4,Current,DEBT_CONSOLIDATION
LN-509606,CUST-105640,2025-04-27,1,7,False,False,28761.045000000006,1-29,DEBT_CONSOLIDATION
LN-509607,CUST-104114,2025-04-27,0,0,False,False,43943.5825,Current,DEBT_CONSOLIDATION
LN-509608,CUST-106013,2025-04-27,0,0,False,False,25186.925,Current,DEBT_CONSOLIDATION
LN-509609,CUST-101808,2025-04-27,0,0,True,False,42118.74999999997,Current,DEBT_CONSOLIDATION
LN-509610,CUST-106669,2025-04-27,4,155,False,False,27760.170000000002,90+,DEBT_CONSOLIDATION
LN-509611,CUST-105153,2025-04-27,0,0,False,False,9169.414999999999,Current,DEBT_CONSOLIDATION
LN-509612,CUST-101132,2025-04-27,0,0,False,False,117533.46999999999,Current,DEBT_CONSOLIDATION
LN-509613,CUST-105628,2025-04-27,0,0,False,False,13869.404999999999,Current,DEBT_CONSOLIDATION
LN-509615,CUST-101448,2025-04-27,0,0,False,False,23923.927500000005,Current,DEBT_CONSOLIDATION
LN-509617,CUST-104011,2025-04-27,0,0,False,False,17395.030000000006,Current,DEBT_CONSOLIDATION
LN-509618,CUST-104347,2025-04-27,0,0,False,False,7837.177500000005,Current,DEBT_CONSOLIDATION
LN-509619,CUST-100583,2025-04-27,0,0,False,False,9153.779999999995,Current,DEBT_CONSOLIDATION
LN-509620,CUST-101806,2025-04-27,0,0,False,False,31884.435000000012,Current,DEBT_CONSOLIDATION
LN-509621,CUST-105162,2025-04-27,4,99,False,False,18552.460000000014,90+,DEBT_CONSOLIDATION
LN-509622,CUST-102648,2025-04-27,1,23,False,False,46750.58500000002,1-29,DEBT_CONSOLIDATION
LN-509623,CUST-103750,2025-04-27,0,0,False,False,46809.145000000004,Current,DEBT_CONSOLIDATION
LN-509625,CUST-103631,2025-04-27,0,0,False,False,42457.6825,Current,DEBT_CONSOLIDATION
LN-509626,CUST-100619,2025-04-27,0,0,False,False,35399.27,Current,DEBT_CONSOLIDATION
LN-509627,CUST-102286,2025-04-27,0,0,False,False,10738.714999999995,Current,DEBT_CONSOLIDATION
LN-509629,CUST-104191,2025-04-27,1,26,False,False,40578.15499999998,1-29,DEBT_CONSOLIDATION
LN-509630,CUST-107627,2025-04-27,0,0,False,False,38821.81250000003,Current,DEBT_CONSOLIDATION
LN-509631,CUST-103988,2025-04-27,0,0,False,False,11664.254999999994,Current,DEBT_CONSOLIDATION
LN-509632,CUST-101244,2025-04-27,0,0,False,False,2537.0899999999997,Current,DEBT_CONSOLIDATION
LN-509633,CUST-106079,2025-04-27,0,0,False,False,60704.49500000001,Current,DEBT_CONSOLIDATION
LN-509634,CUST-102267,2025-04-27,0,0,False,False,17800.080000000005,Current,DEBT_CONSOLIDATION
LN-509635,CUST-107246,2025-04-27,0,0,False,False,29174.06,Current,DEBT_CONSOLIDATION
LN-509636,CUST-106180,2025-04-27,0,0,False,False,22352.329999999994,Current,DEBT_CONSOLIDATION
LN-509637,CUST-104695,2025-04-27,0,0,False,False,9700.212499999994,Current,DEBT_CONSOLIDATION
LN-509638,CUST-107888,2025-04-27,0,0,False,False,27212.740000000005,Current,DEBT_CONSOLIDATION
LN-509640,CUST-107995,2025-04-27,0,0,False,False,11060.830000000005,Current,DEBT_CONSOLIDATION
LN-509641,CUST-100902,2025-04-27,0,0,False,False,13032.187500000004,Current,DEBT_CONSOLIDATION
LN-509642,CUST-107899,2025-04-27,0,0,False,False,40311.662500000006,Current,DEBT_CONSOLIDATION
LN-509643,CUST-101713,2025-04-27,0,0,False,False,42212.49999999999,Current,DEBT_CONSOLIDATION
LN-509644,CUST-101574,2025-04-27,0,0,False,False,23145.24749999999,Current,DEBT_CONSOLIDATION
LN-509645,CUST-103916,2025-04-27,0,0,False,False,86039.92749999995,Current,DEBT_CONSOLIDATION
LN-509646,CUST-104309,2025-04-27,0,0,False,False,39649.50500000002,Current,DEBT_CONSOLIDATION
LN-509647,CUST-106484,2025-04-27,0,0,False,False,43455.70999999999,Current,DEBT_CONSOLIDATION
LN-509648,CUST-106793,2025-04-27,0,0,False,False,12286.61,Current,DEBT_CONSOLIDATION
LN-509649,CUST-101900,2025-04-27,0,0,False,False,6944.814999999998,Current,DEBT_CONSOLIDATION
LN-509650,CUST-102019,2025-04-27,0,0,False,False,6990.430000000002,Current,DEBT_CONSOLIDATION
LN-509652,CUST-105513,2025-04-27,0,0,False,False,22173.635000000002,Current,DEBT_CONSOLIDATION
LN-509653,CUST-101184,2025-04-27,1,18,False,False,28025.505000000005,1-29,DEBT_CONSOLIDATION
LN-509654,CUST-101307,2025-04-27,0,0,False,False,13026.39,Current,DEBT_CONSOLIDATION
LN-509655,CUST-102721,2025-04-27,0,0,False,False,35954.767499999994,Current,DEBT_CONSOLIDATION
LN-509656,CUST-103519,2025-04-27,0,0,False,False,36443.65000000001,Current,DEBT_CONSOLIDATION
LN-509657,CUST-106593,2025-04-27,0,0,False,False,15168.304999999991,Current,DEBT_CONSOLIDATION
LN-509658,CUST-103257,2025-04-27,0,0,False,False,2376.877500000001,Current,DEBT_CONSOLIDATION
LN-509659,CUST-104482,2025-04-27,0,0,False,False,12962.257500000007,Current,DEBT_CONSOLIDATION
LN-509660,CUST-100000,2025-04-27,0,0,False,False,19906.155000000013,Current,DEBT_CONSOLIDATION
LN-509661,CUST-102106,2025-04-27,0,0,False,False,24297.4225,Current,DEBT_CONSOLIDATION
LN-509662,CUST-100503,2025-04-27,0,0,False,False,3540.552499999999,Current,DEBT_CONSOLIDATION
LN-509664,CUST-106160,2025-04-27,0,0,False,False,449011.35999999987,Current,DEBT_CONSOLIDATION
LN-509665,CUST-107563,2025-04-27,0,0,False,False,29042.305,Current,DEBT_CONSOLIDATION
LN-509666,CUST-102838,2025-04-27,0,0,False,False,548775.9800000002,Current,DEBT_CONSOLIDATION
LN-509667,CUST-102534,2025-04-27,0,0,False,False,13793.120000000004,Current,DEBT_CONSOLIDATION
LN-509668,CUST-107847,2025-04-27,0,0,False,False,6418.2400000000025,Current,DEBT_CONSOLIDATION
LN-509669,CUST-105117,2025-04-27,0,0,False,False,11825.395000000002,Current,DEBT_CONSOLIDATION
LN-509670,CUST-107785,2025-04-27,0,0,False,False,8757.260000000004,Current,DEBT_CONSOLIDATION
LN-509671,CUST-105195,2025-04-27,0,0,False,False,23907.289999999997,Current,DEBT_CONSOLIDATION
LN-509672,CUST-102940,2025-04-27,1,12,False,False,17044.450000000008,1-29,DEBT_CONSOLIDATION
LN-509673,CUST-107170,2025-04-27,0,0,False,False,7214.215000000004,Current,DEBT_CONSOLIDATION
LN-509674,CUST-105995,2025-04-27,0,0,False,False,18375.600000000013,Current,DEBT_CONSOLIDATION
LN-509675,CUST-107978,2025-04-27,0,0,False,False,41327.87,Current,DEBT_CONSOLIDATION
LN-509676,CUST-101967,2025-04-27,0,0,False,False,30123.98499999998,Current,DEBT_CONSOLIDATION
LN-509677,CUST-106613,2025-04-27,0,0,False,False,9937.364999999998,Current,DEBT_CONSOLIDATION
LN-509678,CUST-100488,2025-04-27,0,0,False,False,13620.189999999997,Current,DEBT_CONSOLIDATION
LN-509679,CUST-103293,2025-04-27,0,0,False,False,2616.55,Current,DEBT_CONSOLIDATION
LN-509680,CUST-102480,2025-04-27,0,0,False,False,47737.14,Current,DEBT_CONSOLIDATION
LN-509681,CUST-106764,2025-04-27,0,0,False,False,44749.37249999999,Current,DEBT_CONSOLIDATION
LN-509683,CUST-102576,2025-04-27,4,126,False,False,40147.265,90+,DEBT_CONSOLIDATION
LN-509684,CUST-105598,2025-04-27,0,0,False,False,5744.889999999999,Current,DEBT_CONSOLIDATION
LN-509685,CUST-105332,2025-04-27,0,0,False,False,42801.08500000001,Current,DEBT_CONSOLIDATION
LN-509686,CUST-107007,2025-04-27,0,0,False,False,24310.207500000004,Current,DEBT_CONSOLIDATION
LN-509687,CUST-106143,2025-04-27,0,0,False,False,14929.0275,Current,DEBT_CONSOLIDATION
LN-509688,CUST-106395,2025-04-27,0,0,False,False,10437.092499999997,Current,DEBT_CONSOLIDATION
LN-509689,CUST-100943,2025-04-27,0,0,False,False,7263.92,Current,DEBT_CONSOLIDATION
LN-509690,CUST-106474,2025-04-27,4,114,False,False,33321.529999999984,90+,DEBT_CONSOLIDATION
LN-509691,CUST-105765,2025-04-27,0,0,False,False,42183.362499999996,Current,DEBT_CONSOLIDATION
LN-509692,CUST-106220,2025-04-27,0,0,False,False,457155.6275,Current,DEBT_CONSOLIDATION
LN-509693,CUST-107852,2025-04-27,0,0,False,False,131349.10999999996,Current,DEBT_CONSOLIDATION
LN-509695,CUST-105909,2025-04-27,0,0,False,False,3866.3099999999968,Current,DEBT_CONSOLIDATION
LN-509696,CUST-100363,2025-04-27,0,0,False,False,2152.62,Current,DEBT_CONSOLIDATION
LN-509697,CUST-101679,2025-04-27,0,0,False,False,47128.01499999999,Current,DEBT_CONSOLIDATION
LN-509698,CUST-102830,2025-04-27,0,0,True,False,8441.097500000002,Current,DEBT_CONSOLIDATION
LN-509699,CUST-106992,2025-04-27,0,0,False,False,10437.469999999998,Current,DEBT_CONSOLIDATION
LN-509700,CUST-101602,2025-04-27,0,0,False,False,1479.2299999999998,Current,DEBT_CONSOLIDATION
LN-509701,CUST-107500,2025-04-27,0,0,False,False,25914.917500000003,Current,DEBT_CONSOLIDATION
LN-509702,CUST-102577,2025-04-27,0,0,False,False,34031.790000000015,Current,DEBT_CONSOLIDATION
LN-509703,CUST-106679,2025-04-27,1,19,False,False,50299.145,1-29,DEBT_CONSOLIDATION
LN-509705,CUST-103333,2025-04-27,0,0,False,False,32822.79,Current,DEBT_CONSOLIDATION
LN-509706,CUST-101860,2025-04-27,0,0,False,False,8613.539999999999,Current,DEBT_CONSOLIDATION
LN-509707,CUST-103748,2025-04-27,0,0,True,False,34047.64,Current,DEBT_CONSOLIDATION
LN-509708,CUST-107722,2025-04-27,0,0,False,False,37475.69500000003,Current,DEBT_CONSOLIDATION
LN-509709,CUST-104219,2025-04-27,0,0,False,False,40338.88,Current,DEBT_CONSOLIDATION
LN-509710,CUST-103918,2025-04-27,0,0,False,False,10678.03,Current,DEBT_CONSOLIDATION
LN-509711,CUST-106028,2025-04-27,0,0,False,False,22664.45500000002,Current,DEBT_CONSOLIDATION
LN-509713,CUST-102055,2025-04-27,0,0,False,False,46596.80999999999,Current,DEBT_CONSOLIDATION
LN-509714,CUST-105096,2025-04-27,0,0,False,False,11665.905,Current,DEBT_CONSOLIDATION
LN-509716,CUST-102140,2025-04-27,0,0,False,False,21617.285,Current,DEBT_CONSOLIDATION
LN-509717,CUST-103006,2025-04-27,0,0,False,False,29090.120000000003,Current,DEBT_CONSOLIDATION
LN-509718,CUST-103271,2025-04-27,0,0,False,False,22730.65,Current,DEBT_CONSOLIDATION
LN-509719,CUST-104442,2025-04-27,0,0,False,False,24671.249999999996,Current,DEBT_CONSOLIDATION
LN-509720,CUST-102277,2025-04-27,1,22,False,False,1790.4599999999994,1-29,DEBT_CONSOLIDATION
LN-509721,CUST-104288,2025-04-27,0,0,False,False,19963.352500000005,Current,DEBT_CONSOLIDATION
LN-509722,CUST-102152,2025-04-27,0,0,False,False,17484.412500000006,Current,DEBT_CONSOLIDATION
LN-509723,CUST-106689,2025-04-27,2,32,False,False,10781.929999999995,30-59,DEBT_CONSOLIDATION
LN-509724,CUST-107291,2025-04-27,1,26,False,False,15562.45,1-29,DEBT_CONSOLIDATION
LN-509725,CUST-100502,2025-04-27,0,0,False,False,41168.780000000006,Current,DEBT_CONSOLIDATION
LN-509726,CUST-105431,2025-04-27,0,0,False,False,212083.14500000005,Current,DEBT_CONSOLIDATION
LN-509727,CUST-100171,2025-04-27,0,0,False,False,13350.514999999989,Current,DEBT_CONSOLIDATION
LN-509728,CUST-103051,2025-04-27,0,0,False,False,34857.92999999999,Current,DEBT_CONSOLIDATION
LN-509730,CUST-105726,2025-04-27,0,0,False,False,10673.33,Current,DEBT_CONSOLIDATION
LN-509731,CUST-104578,2025-04-27,0,0,False,False,27069.65750000002,Current,DEBT_CONSOLIDATION
LN-509734,CUST-101894,2025-04-27,3,75,False,False,18622.539999999994,60-89,DEBT_CONSOLIDATION
LN-509735,CUST-107029,2025-04-27,0,0,False,False,19329.579999999998,Current,DEBT_CONSOLIDATION
LN-509737,CUST-102793,2025-04-27,0,0,False,False,39917.8125,Current,DEBT_CONSOLIDATION
LN-509738,CUST-105948,2025-04-27,0,0,False,False,27978.245000000003,Current,DEBT_CONSOLIDATION
LN-509739,CUST-100417,2025-04-27,0,0,False,False,10965.257499999996,Current,DEBT_CONSOLIDATION
LN-509740,CUST-105527,2025-04-27,0,0,False,False,6711.38,Current,DEBT_CONSOLIDATION
LN-509741,CUST-104242,2025-04-27,0,0,False,False,29604.205,Current,DEBT_CONSOLIDATION
LN-509742,CUST-103292,2025-04-27,0,0,False,False,31570.957500000004,Current,DEBT_CONSOLIDATION
LN-509743,CUST-101608,2025-04-27,0,0,False,False,25662.715000000004,Current,DEBT_CONSOLIDATION
LN-509745,CUST-107736,2025-04-27,0,0,False,False,36591.51999999999,Current,DEBT_CONSOLIDATION
LN-509746,CUST-104920,2025-04-27,0,0,False,False,75596.65,Current,DEBT_CONSOLIDATION
LN-509747,CUST-106028,2025-04-27,0,0,False,False,9500.06,Current,DEBT_CONSOLIDATION
LN-509748,CUST-101037,2025-04-27,0,0,False,False,33795.51500000004,Current,DEBT_CONSOLIDATION
LN-509749,CUST-101107,2025-04-27,0,0,False,False,13810.767500000002,Current,DEBT_CONSOLIDATION
LN-509750,CUST-101519,2025-04-27,0,0,False,False,11172.550000000001,Current,DEBT_CONSOLIDATION
LN-509751,CUST-102038,2025-04-27,0,0,False,False,12621.952499999998,Current,DEBT_CONSOLIDATION
LN-509752,CUST-102614,2025-04-27,0,0,False,False,137999.83,Current,DEBT_CONSOLIDATION
LN-509755,CUST-103156,2025-04-27,0,0,False,False,37524.56,Current,DEBT_CONSOLIDATION
LN-509756,CUST-106320,2025-04-27,0,0,False,False,11837.555,Current,DEBT_CONSOLIDATION
LN-509757,CUST-103813,2025-04-27,0,0,False,False,43272.75,Current,DEBT_CONSOLIDATION
LN-509758,CUST-107560,2025-04-27,0,0,False,False,10441.700000000008,Current,DEBT_CONSOLIDATION
LN-509759,CUST-102993,2025-04-27,0,0,False,False,38675.91499999999,Current,DEBT_CONSOLIDATION
LN-509760,CUST-104373,2025-04-27,0,0,False,False,9532.427500000005,Current,DEBT_CONSOLIDATION
LN-509761,CUST-100390,2025-04-27,0,0,False,False,19253.07999999999,Current,DEBT_CONSOLIDATION
LN-509762,CUST-103634,2025-04-27,0,0,False,False,13742.362499999992,Current,DEBT_CONSOLIDATION
LN-509763,CUST-103105,2025-04-27,0,0,False,False,9890.83499999999,Current,DEBT_CONSOLIDATION
LN-509764,CUST-104886,2025-04-27,0,0,False,False,15399.515000000001,Current,DEBT_CONSOLIDATION
LN-509765,CUST-102075,2025-04-27,0,0,False,False,18301.589999999993,Current,DEBT_CONSOLIDATION
LN-509766,CUST-105638,2025-04-27,0,0,False,False,19983.65000000001,Current,DEBT_CONSOLIDATION
LN-509767,CUST-104839,2025-04-27,0,0,False,False,562267.4600000002,Current,DEBT_CONSOLIDATION
LN-509768,CUST-107366,2025-04-27,0,0,False,False,41082.79749999999,Current,DEBT_CONSOLIDATION
LN-509769,CUST-103677,2025-04-27,0,0,False,False,47600.06000000003,Current,DEBT_CONSOLIDATION
LN-509770,CUST-103153,2025-04-27,0,0,False,False,19052.67999999999,Current,DEBT_CONSOLIDATION
LN-509771,CUST-105207,2025-04-27,0,0,False,False,565074.55,Current,DEBT_CONSOLIDATION
LN-509772,CUST-107557,2025-04-27,0,0,False,False,19730.61,Current,DEBT_CONSOLIDATION
LN-509773,CUST-105817,2025-04-27,0,0,False,False,14532.4075,Current,DEBT_CONSOLIDATION
LN-509774,CUST-101778,2025-04-27,0,0,False,False,21685.397500000003,Current,DEBT_CONSOLIDATION
LN-509775,CUST-104675,2025-04-27,0,0,False,False,15060.929999999993,Current,DEBT_CONSOLIDATION
LN-509776,CUST-103894,2025-04-27,0,0,False,False,35914.87499999999,Current,DEBT_CONSOLIDATION
LN-509777,CUST-102498,2025-04-27,0,0,False,False,45720.63000000002,Current,DEBT_CONSOLIDATION
LN-509778,CUST-104528,2025-04-27,0,0,False,False,21033.84500000001,Current,DEBT_CONSOLIDATION
LN-509779,CUST-100373,2025-04-27,2,41,False,False,5199.545,30-59,DEBT_CONSOLIDATION
LN-509780,CUST-106578,2025-04-27,0,0,False,False,22606.927500000013,Current,DEBT_CONSOLIDATION
LN-509782,CUST-106137,2025-04-27,0,0,False,False,26556.722499999996,Current,DEBT_CONSOLIDATION
LN-509783,CUST-107557,2025-04-27,0,0,False,False,20131.58249999999,Current,DEBT_CONSOLIDATION
LN-509784,CUST-101131,2025-04-27,0,0,False,False,8955.484999999991,Current,DEBT_CONSOLIDATION
LN-509785,CUST-101842,2025-04-27,0,0,False,False,19767.557499999988,Current,DEBT_CONSOLIDATION
LN-509786,CUST-101573,2025-04-27,0,0,False,False,46527.835000000014,Current,DEBT_CONSOLIDATION
LN-509788,CUST-105043,2025-04-27,0,0,False,False,21372.33500000001,Current,DEBT_CONSOLIDATION
LN-509789,CUST-104444,2025-04-27,0,0,False,False,16478.709999999985,Current,DEBT_CONSOLIDATION
LN-509790,CUST-100787,2025-04-27,0,0,False,False,31955.69249999999,Current,DEBT_CONSOLIDATION
LN-509791,CUST-104121,2025-04-27,0,0,False,False,58421.76750000001,Current,DEBT_CONSOLIDATION
LN-509792,CUST-105167,2025-04-27,0,0,False,False,17722.005000000012,Current,DEBT_CONSOLIDATION
LN-509793,CUST-104954,2025-04-27,0,0,False,False,27300.129999999994,Current,DEBT_CONSOLIDATION
LN-509794,CUST-100369,2025-04-27,3,62,False,False,11436.369999999999,60-89,DEBT_CONSOLIDATION
LN-509795,CUST-107181,2025-04-27,0,0,False,False,1637.4599999999998,Current,DEBT_CONSOLIDATION
LN-509796,CUST-105731,2025-04-27,0,0,False,False,5547.397500000004,Current,DEBT_CONSOLIDATION
LN-509797,CUST-105306,2025-04-27,0,0,False,False,23632.635,Current,DEBT_CONSOLIDATION
LN-509798,CUST-104979,2025-04-27,0,0,False,False,12613.9125,Current,DEBT_CONSOLIDATION
LN-509799,CUST-106010,2025-04-27,0,0,False,False,32943.784999999996,Current,DEBT_CONSOLIDATION
LN-509800,CUST-104374,2025-04-27,0,0,False,False,31891.535,Current,DEBT_CONSOLIDATION
LN-509801,CUST-106484,2025-04-27,0,0,False,False,8871.2025,Current,DEBT_CONSOLIDATION
LN-509802,CUST-105447,2025-04-27,0,0,False,False,409086.15499999997,Current,DEBT_CONSOLIDATION
LN-509804,CUST-101928,2025-04-27,0,0,False,False,20522.61,Current,DEBT_CONSOLIDATION
LN-509805,CUST-104055,2025-04-27,0,0,False,False,637546.53,Current,DEBT_CONSOLIDATION
LN-509806,CUST-100606,2025-04-27,0,0,False,False,13488.207499999995,Current,DEBT_CONSOLIDATION
LN-509807,CUST-105144,2025-04-27,2,42,False,False,47860.10999999998,30-59,DEBT_CONSOLIDATION
LN-509808,CUST-102576,2025-04-27,0,0,False,False,13142.865000000003,Current,DEBT_CONSOLIDATION
LN-509809,CUST-106569,2025-04-27,0,0,False,False,3085.730000000001,Current,DEBT_CONSOLIDATION
LN-509810,CUST-104124,2025-04-27,0,0,False,False,121072.84999999998,Current,DEBT_CONSOLIDATION
LN-509811,CUST-105051,2025-04-27,0,0,False,False,18049.929999999997,Current,DEBT_CONSOLIDATION
LN-509812,CUST-101876,2025-04-27,0,0,False,False,28673.2925,Current,DEBT_CONSOLIDATION
LN-509813,CUST-106456,2025-04-27,0,0,False,False,38350.03,Current,DEBT_CONSOLIDATION
LN-509814,CUST-100583,2025-04-27,0,0,False,True,6709.1550000000025,Current,DEBT_CONSOLIDATION
LN-509815,CUST-105389,2025-04-27,0,0,False,False,25896.039999999994,Current,DEBT_CONSOLIDATION
LN-509816,CUST-102809,2025-04-27,0,0,False,False,33024.6,Current,DEBT_CONSOLIDATION
LN-509817,CUST-106438,2025-04-27,0,0,False,False,11534.070000000007,Current,DEBT_CONSOLIDATION
LN-509818,CUST-100655,2025-04-27,1,13,False,False,11057.760000000006,1-29,DEBT_CONSOLIDATION
LN-509819,CUST-104881,2025-04-27,0,0,False,False,14240.750000000007,Current,DEBT_CONSOLIDATION
LN-509820,CUST-100222,2025-04-27,0,0,False,False,89140.24,Current,DEBT_CONSOLIDATION
LN-509821,CUST-102122,2025-04-27,0,0,False,False,41267.51000000002,Current,DEBT_CONSOLIDATION
LN-509822,CUST-106245,2025-04-27,0,0,False,False,9939.827500000001,Current,DEBT_CONSOLIDATION
LN-509823,CUST-107699,2025-04-27,0,0,False,False,12869.309999999992,Current,DEBT_CONSOLIDATION
LN-509824,CUST-107796,2025-04-27,0,0,False,False,34713.21,Current,DEBT_CONSOLIDATION
LN-509825,CUST-107853,2025-04-27,0,0,False,False,48985.645,Current,DEBT_CONSOLIDATION
LN-509826,CUST-102220,2025-04-27,0,0,False,False,28853.59,Current,DEBT_CONSOLIDATION
LN-509827,CUST-105123,2025-04-27,0,0,False,False,37968.645,Current,DEBT_CONSOLIDATION
LN-509828,CUST-105779,2025-04-27,0,0,False,False,14705.972499999994,Current,DEBT_CONSOLIDATION
LN-509830,CUST-105745,2025-04-27,0,0,False,False,10590.68500000001,Current,DEBT_CONSOLIDATION
LN-509831,CUST-104928,2025-04-27,0,0,False,False,14949.695,Current,DEBT_CONSOLIDATION
LN-509832,CUST-105099,2025-04-27,0,0,False,False,23934.85500000001,Current,DEBT_CONSOLIDATION
LN-509833,CUST-103985,2025-04-27,0,0,False,False,15087.570000000002,Current,DEBT_CONSOLIDATION
LN-509834,CUST-100166,2025-04-27,3,72,False,False,48509.81500000002,60-89,DEBT_CONSOLIDATION
LN-509835,CUST-106443,2025-04-27,0,0,False,False,32225.335,Current,DEBT_CONSOLIDATION
LN-509836,CUST-102016,2025-04-27,0,0,False,False,21343.12,Current,DEBT_CONSOLIDATION
LN-509837,CUST-100117,2025-04-27,0,0,False,False,962.7524999999999,Current,DEBT_CONSOLIDATION
LN-509838,CUST-106755,2025-04-27,0,0,False,False,13696.787499999999,Current,DEBT_CONSOLIDATION
LN-509839,CUST-101809,2025-04-27,0,0,False,False,5391.6525,Current,DEBT_CONSOLIDATION
LN-509840,CUST-107342,2025-04-27,0,0,False,False,16893.502499999988,Current,DEBT_CONSOLIDATION
LN-509841,CUST-102206,2025-04-27,0,0,False,False,18806.20999999998,Current,DEBT_CONSOLIDATION
LN-509842,CUST-105503,2025-04-27,0,0,False,False,12676.909999999994,Current,DEBT_CONSOLIDATION
LN-509843,CUST-101250,2025-04-27,0,0,False,False,45803.64999999998,Current,DEBT_CONSOLIDATION
LN-509844,CUST-104006,2025-04-27,0,0,False,False,9385.974999999999,Current,DEBT_CONSOLIDATION
LN-509845,CUST-103109,2025-04-27,0,0,False,False,6867.399999999998,Current,DEBT_CONSOLIDATION
LN-509846,CUST-104558,2025-04-27,0,0,False,False,12933.204999999998,Current,DEBT_CONSOLIDATION
LN-509847,CUST-107598,2025-04-27,1,18,False,False,1709.38,1-29,DEBT_CONSOLIDATION
LN-509848,CUST-105829,2025-04-27,0,0,False,False,13159.375,Current,DEBT_CONSOLIDATION
LN-509850,CUST-102151,2025-04-27,0,0,False,False,9372.404999999995,Current,DEBT_CONSOLIDATION
LN-509851,CUST-105077,2025-04-27,0,0,False,False,17197.79500000002,Current,DEBT_CONSOLIDATION
LN-509852,CUST-107360,2025-04-27,0,0,False,False,99941.75000000001,Current,DEBT_CONSOLIDATION
LN-509853,CUST-102297,2025-04-27,0,0,False,False,33172.53,Current,DEBT_CONSOLIDATION
LN-509854,CUST-101036,2025-04-27,0,0,False,False,18215.55,Current,DEBT_CONSOLIDATION
LN-509855,CUST-102614,2025-04-27,0,0,False,False,7902.550000000006,Current,DEBT_CONSOLIDATION
LN-509856,CUST-101879,2025-04-27,0,0,False,False,17681.3425,Current,DEBT_CONSOLIDATION
LN-509857,CUST-100596,2025-04-27,0,0,False,False,11176.76000000001,Current,DEBT_CONSOLIDATION
LN-509858,CUST-100620,2025-04-27,0,0,False,False,5817.26,Current,DEBT_CONSOLIDATION
LN-509859,CUST-106698,2025-04-27,0,0,False,False,26184.629999999997,Current,DEBT_CONSOLIDATION
LN-509860,CUST-105507,2025-04-27,0,0,False,False,19647.912500000006,Current,DEBT_CONSOLIDATION
LN-509861,CUST-100070,2025-04-27,1,5,False,False,37225.045000000006,1-29,DEBT_CONSOLIDATION
LN-509862,CUST-105051,2025-04-27,0,0,False,False,332019.65000000014,Current,DEBT_CONSOLIDATION
LN-509863,CUST-101803,2025-04-27,0,0,False,False,10183.625000000005,Current,DEBT_CONSOLIDATION
LN-509864,CUST-107116,2025-04-27,0,0,False,False,39802.815,Current,DEBT_CONSOLIDATION
LN-509865,CUST-104533,2025-04-27,1,14,False,False,3202.042500000001,1-29,DEBT_CONSOLIDATION
LN-509866,CUST-101067,2025-04-27,0,0,False,False,274760.2300000001,Current,DEBT_CONSOLIDATION
LN-509868,CUST-101925,2025-04-27,1,10,False,False,8425.81250000001,1-29,DEBT_CONSOLIDATION
LN-509869,CUST-101037,2025-04-27,0,0,False,False,16266.875000000013,Current,DEBT_CONSOLIDATION
LN-509870,CUST-103442,2025-04-27,0,0,False,False,7657.175000000001,Current,DEBT_CONSOLIDATION
LN-509871,CUST-101402,2025-04-27,0,0,False,False,14928.612500000001,Current,DEBT_CONSOLIDATION
LN-509872,CUST-102361,2025-04-27,0,0,False,False,389416.0125,Current,DEBT_CONSOLIDATION
LN-509873,CUST-101438,2025-04-27,1,26,False,False,20408.937500000004,1-29,DEBT_CONSOLIDATION
LN-509874,CUST-103811,2025-04-27,0,0,False,False,31214.49,Current,DEBT_CONSOLIDATION
LN-509875,CUST-100484,2025-04-27,0,0,False,False,37303.720000000016,Current,DEBT_CONSOLIDATION
LN-509876,CUST-104264,2025-04-27,0,0,False,False,7495.960000000001,Current,DEBT_CONSOLIDATION
LN-509877,CUST-107031,2025-04-27,0,0,False,False,13155.480000000012,Current,DEBT_CONSOLIDATION
LN-509878,CUST-104898,2025-04-27,0,0,False,False,18392.605000000007,Current,DEBT_CONSOLIDATION
LN-509879,CUST-106409,2025-04-27,0,0,False,False,23914.23500000001,Current,DEBT_CONSOLIDATION
LN-509880,CUST-104944,2025-04-27,0,0,False,False,17115.120000000003,Current,DEBT_CONSOLIDATION
LN-509883,CUST-105789,2025-04-27,0,0,False,False,4854.43,Current,DEBT_CONSOLIDATION
LN-509884,CUST-103371,2025-04-27,0,0,False,False,9155.784999999994,Current,DEBT_CONSOLIDATION
LN-509885,CUST-101350,2025-04-27,0,0,False,False,14540.489999999998,Current,DEBT_CONSOLIDATION
LN-509886,CUST-100529,2025-04-27,0,0,False,False,137004.4749999998,Current,DEBT_CONSOLIDATION
LN-509887,CUST-105714,2025-04-27,0,0,False,False,21379.9825,Current,DEBT_CONSOLIDATION
LN-509889,CUST-103814,2025-04-27,0,0,False,False,2995.1200000000013,Current,DEBT_CONSOLIDATION
LN-509890,CUST-107147,2025-04-27,0,0,False,False,123730.30500000001,Current,DEBT_CONSOLIDATION
LN-509892,CUST-101788,2025-04-27,0,0,False,False,37334.49999999998,Current,DEBT_CONSOLIDATION
LN-509893,CUST-101702,2025-04-27,0,0,False,False,102409.125,Current,DEBT_CONSOLIDATION
LN-509894,CUST-103625,2025-04-27,0,0,False,False,4935.625000000002,Current,DEBT_CONSOLIDATION
LN-509895,CUST-103320,2025-04-27,0,0,False,False,24431.54999999999,Current,DEBT_CONSOLIDATION
LN-509896,CUST-100759,2025-04-27,0,0,False,False,212340.63500000007,Current,DEBT_CONSOLIDATION
LN-509897,CUST-101403,2025-04-27,0,0,False,False,39263.46000000002,Current,DEBT_CONSOLIDATION
LN-509898,CUST-100797,2025-04-27,0,0,False,False,16452.124999999996,Current,DEBT_CONSOLIDATION
LN-509899,CUST-100531,2025-04-27,0,0,False,False,34187.065,Current,DEBT_CONSOLIDATION
LN-509900,CUST-101917,2025-04-27,0,0,False,False,17415.472499999996,Current,DEBT_CONSOLIDATION
LN-509901,CUST-104959,2025-04-27,0,0,False,False,13314.810000000001,Current,DEBT_CONSOLIDATION
LN-509903,CUST-104137,2025-04-27,0,0,False,False,32301.715000000004,Current,DEBT_CONSOLIDATION
LN-509904,CUST-103416,2025-04-27,0,0,False,False,91898.14499999993,Current,DEBT_CONSOLIDATION
LN-509905,CUST-100598,2025-04-27,0,0,False,False,122577.5124999999,Current,DEBT_CONSOLIDATION
LN-509906,CUST-107428,2025-04-27,0,0,False,False,52435.505000000005,Current,DEBT_CONSOLIDATION
LN-509907,CUST-100305,2025-04-27,0,0,False,False,72229.1225000001,Current,DEBT_CONSOLIDATION
LN-509908,CUST-104904,2025-04-27,0,0,False,False,12847.809999999994,Current,DEBT_CONSOLIDATION
LN-509909,CUST-105359,2025-04-27,0,0,False,False,13115.300000000003,Current,DEBT_CONSOLIDATION
LN-509910,CUST-100678,2025-04-27,0,0,False,False,42226.01000000002,Current,DEBT_CONSOLIDATION
LN-509911,CUST-103384,2025-04-27,0,0,False,False,23914.577500000003,Current,DEBT_CONSOLIDATION
LN-509912,CUST-100730,2025-04-27,0,0,False,False,29033.005,Current,DEBT_CONSOLIDATION
LN-509914,CUST-102025,2025-04-27,0,0,False,False,81581.11999999998,Current,DEBT_CONSOLIDATION
LN-509915,CUST-105028,2025-04-27,0,0,False,False,19951.680000000008,Current,DEBT_CONSOLIDATION
LN-509916,CUST-104998,2025-04-27,0,0,False,False,18556.390000000018,Current,DEBT_CONSOLIDATION
LN-509917,CUST-104228,2025-04-27,0,0,False,False,47124.64749999998,Current,DEBT_CONSOLIDATION
LN-509918,CUST-102766,2025-04-27,3,64,False,False,2070.0550000000003,60-89,DEBT_CONSOLIDATION
LN-509919,CUST-102098,2025-04-27,0,0,False,False,39316.04000000001,Current,DEBT_CONSOLIDATION
LN-509920,CUST-106761,2025-04-27,0,0,False,False,7599.830000000002,Current,DEBT_CONSOLIDATION
LN-509921,CUST-100391,2025-04-27,0,0,False,False,13786.814999999999,Current,DEBT_CONSOLIDATION
LN-509922,CUST-102743,2025-04-27,0,0,False,False,64104.89500000001,Current,DEBT_CONSOLIDATION
LN-509923,CUST-103784,2025-04-27,0,0,False,False,8873.074999999997,Current,DEBT_CONSOLIDATION
LN-509924,CUST-106666,2025-04-27,0,0,False,False,121677.69499999999,Current,DEBT_CONSOLIDATION
LN-509925,CUST-103837,2025-04-27,4,91,False,False,29271.380000000005,90+,DEBT_CONSOLIDATION
LN-509926,CUST-104603,2025-04-27,0,0,False,False,6060.620000000003,Current,DEBT_CONSOLIDATION
LN-509928,CUST-106497,2025-04-27,0,0,False,False,30012.447500000017,Current,DEBT_CONSOLIDATION
LN-509929,CUST-102914,2025-04-27,0,0,False,False,223284.15000000002,Current,DEBT_CONSOLIDATION
LN-509930,CUST-107116,2025-04-27,0,0,False,False,26019.002500000002,Current,DEBT_CONSOLIDATION
LN-509931,CUST-101418,2025-04-27,0,0,False,False,10319.17,Current,DEBT_CONSOLIDATION
LN-509932,CUST-105051,2025-04-27,0,0,False,False,19339.699999999993,Current,DEBT_CONSOLIDATION
LN-509933,CUST-104191,2025-04-27,2,34,False,False,25933.61,30-59,DEBT_CONSOLIDATION
LN-509934,CUST-104201,2025-04-27,1,16,False,False,18013.16249999999,1-29,DEBT_CONSOLIDATION
LN-509935,CUST-104090,2025-04-27,0,0,False,False,43634.82749999996,Current,DEBT_CONSOLIDATION
LN-509936,CUST-103726,2025-04-27,0,0,False,False,12311.547499999999,Current,DEBT_CONSOLIDATION
LN-509937,CUST-104773,2025-04-27,0,0,False,False,14911.95749999999,Current,DEBT_CONSOLIDATION
LN-509938,CUST-106656,2025-04-27,0,0,False,False,41540.75000000001,Current,DEBT_CONSOLIDATION
LN-509939,CUST-103629,2025-04-27,0,0,False,False,20803.98249999999,Current,DEBT_CONSOLIDATION
LN-509940,CUST-106058,2025-04-27,0,0,False,False,10987.29,Current,DEBT_CONSOLIDATION
LN-509941,CUST-107655,2025-04-27,0,0,False,False,21849.024999999998,Current,DEBT_CONSOLIDATION
LN-509942,CUST-104885,2025-04-27,0,0,False,False,24311.530000000006,Current,DEBT_CONSOLIDATION
LN-509943,CUST-104610,2025-04-27,1,12,False,False,24835.1425,1-29,DEBT_CONSOLIDATION
LN-509944,CUST-107821,2025-04-27,0,0,False,False,43459.019999999975,Current,DEBT_CONSOLIDATION
LN-509945,CUST-107041,2025-04-27,0,0,False,False,12704.040000000008,Current,DEBT_CONSOLIDATION
LN-509946,CUST-101084,2025-04-27,0,0,False,False,33538.544999999955,Current,DEBT_CONSOLIDATION
LN-509947,CUST-107583,2025-04-27,0,0,False,False,51189.80500000001,Current,DEBT_CONSOLIDATION
LN-509948,CUST-101007,2025-04-27,0,0,False,False,4093.799999999996,Current,DEBT_CONSOLIDATION
LN-509949,CUST-101317,2025-04-27,0,0,False,False,10953.655000000002,Current,DEBT_CONSOLIDATION
LN-509950,CUST-106880,2025-04-27,0,0,False,False,32909.11500000001,Current,DEBT_CONSOLIDATION
LN-509951,CUST-102349,2025-04-27,0,0,False,False,11170.75,Current,DEBT_CONSOLIDATION
LN-509952,CUST-107337,2025-04-27,0,0,False,False,3626.954999999999,Current,DEBT_CONSOLIDATION
LN-509953,CUST-102693,2025-04-27,0,0,False,False,34967.84,Current,DEBT_CONSOLIDATION
LN-509955,CUST-105528,2025-04-27,0,0,False,False,14948.05000000001,Current,DEBT_CONSOLIDATION
LN-509956,CUST-103722,2025-04-27,1,21,False,False,6927.16,1-29,DEBT_CONSOLIDATION
LN-509957,CUST-103693,2025-04-27,0,0,False,False,44590.54,Current,DEBT_CONSOLIDATION
LN-509958,CUST-107140,2025-04-27,0,0,False,False,18632.785,Current,DEBT_CONSOLIDATION
LN-509959,CUST-104392,2025-04-27,0,0,False,False,9079.392499999996,Current,DEBT_CONSOLIDATION
LN-509960,CUST-104550,2025-04-27,0,0,False,False,17065.76249999999,Current,DEBT_CONSOLIDATION
LN-509961,CUST-107224,2025-04-27,0,0,False,False,17959.14999999999,Current,DEBT_CONSOLIDATION
LN-509963,CUST-107802,2025-04-27,2,54,False,False,48423.61,30-59,DEBT_CONSOLIDATION
LN-509964,CUST-105717,2025-04-27,0,0,False,False,3768.3900000000012,Current,DEBT_CONSOLIDATION
LN-509965,CUST-103247,2025-04-27,0,0,False,False,2276.082499999998,Current,DEBT_CONSOLIDATION
LN-509966,CUST-102598,2025-04-27,0,0,False,False,24866.47500000002,Current,DEBT_CONSOLIDATION
LN-509967,CUST-102185,2025-04-27,0,0,False,False,36384.41,Current,DEBT_CONSOLIDATION
LN-509968,CUST-104052,2025-04-27,4,125,False,False,596663.1975,90+,DEBT_CONSOLIDATION
LN-509969,CUST-104549,2025-04-27,0,0,False,False,12309.19250000001,Current,DEBT_CONSOLIDATION
LN-509970,CUST-103824,2025-04-27,0,0,False,False,17909.410000000007,Current,DEBT_CONSOLIDATION
LN-509971,CUST-101249,2025-04-27,0,0,False,False,34975.6475,Current,DEBT_CONSOLIDATION
LN-509972,CUST-106586,2025-04-27,0,0,False,False,21853.235,Current,DEBT_CONSOLIDATION
LN-509973,CUST-107373,2025-04-27,4,103,False,False,29418.495,90+,DEBT_CONSOLIDATION
LN-509974,CUST-107843,2025-04-27,0,0,False,False,6792.549999999996,Current,DEBT_CONSOLIDATION
LN-509975,CUST-102074,2025-04-27,0,0,False,False,13312.61,Current,DEBT_CONSOLIDATION
LN-509976,CUST-102504,2025-04-27,0,0,False,False,2817.502500000001,Current,DEBT_CONSOLIDATION
LN-509977,CUST-104790,2025-04-27,0,0,False,False,25652.250000000004,Current,DEBT_CONSOLIDATION
LN-509978,CUST-104805,2025-04-27,0,0,False,False,12689.63000000001,Current,DEBT_CONSOLIDATION
LN-509979,CUST-102014,2025-04-27,0,0,False,False,5762.809999999997,Current,DEBT_CONSOLIDATION
LN-509980,CUST-104944,2025-04-27,4,101,False,False,524729.2200000002,90+,DEBT_CONSOLIDATION
LN-509981,CUST-100948,2025-04-27,0,0,False,False,10408.335000000003,Current,DEBT_CONSOLIDATION
LN-509982,CUST-100106,2025-04-27,0,0,False,False,22014.7175,Current,DEBT_CONSOLIDATION
LN-509983,CUST-102491,2025-04-27,0,0,False,False,21189.39499999999,Current,DEBT_CONSOLIDATION
LN-509984,CUST-105820,2025-04-27,1,21,False,False,48250.350000000006,1-29,DEBT_CONSOLIDATION
LN-509985,CUST-106179,2025-04-27,0,0,False,False,25829.88,Current,DEBT_CONSOLIDATION
LN-509986,CUST-104692,2025-04-27,0,0,False,False,41985.14250000001,Current,DEBT_CONSOLIDATION
LN-509987,CUST-100154,2025-04-27,0,0,False,False,10838.625000000002,Current,DEBT_CONSOLIDATION
LN-509988,CUST-103240,2025-04-27,0,0,False,False,21199.209999999995,Current,DEBT_CONSOLIDATION
LN-509989,CUST-101570,2025-04-27,0,0,False,False,28831.007499999996,Current,DEBT_CONSOLIDATION
LN-509990,CUST-105539,2025-04-27,0,0,False,False,24854.32,Current,DEBT_CONSOLIDATION
LN-509991,CUST-105303,2025-04-27,0,0,False,False,14492.43,Current,DEBT_CONSOLIDATION
LN-509992,CUST-101634,2025-04-27,0,0,False,False,3662.309999999997,Current,DEBT_CONSOLIDATION
LN-509993,CUST-105356,2025-04-27,0,0,False,False,24806.68250000001,Current,DEBT_CONSOLIDATION
LN-509994,CUST-101938,2025-04-27,0,0,False,False,6438.035000000002,Current,DEBT_CONSOLIDATION
LN-509995,CUST-101532,2025-04-27,1,3,False,False,49406.59749999999,1-29,DEBT_CONSOLIDATION
LN-509996,CUST-107608,2025-04-27,0,0,False,False,102963.77749999997,Current,DEBT_CONSOLIDATION
LN-509997,CUST-103028,2025-04-27,0,0,False,False,5242.674999999999,Current,DEBT_CONSOLIDATION
LN-509999,CUST-107702,2025-04-27,0,0,False,False,12867.404999999997,Current,DEBT_CONSOLIDATION
LN-510000,CUST-101398,2025-04-27,1,27,False,False,283186.185,1-29,DEBT_CONSOLIDATION
LN-510001,CUST-103397,2025-04-27,0,0,False,False,3884.9350000000013,Current,DEBT_CONSOLIDATION
LN-510002,CUST-105599,2025-04-27,0,0,False,False,16462.272500000003,Current,DEBT_CONSOLIDATION
LN-510003,CUST-104245,2025-04-27,0,0,False,False,19503.949999999997,Current,DEBT_CONSOLIDATION
LN-510004,CUST-104802,2025-04-27,0,0,False,False,33944.130000000034,Current,DEBT_CONSOLIDATION
LN-510005,CUST-103042,2025-04-27,1,12,False,False,51497.1475,1-29,DEBT_CONSOLIDATION
LN-510006,CUST-101615,2025-04-27,1,20,False,False,40280.21000000001,1-29,DEBT_CONSOLIDATION
LN-510007,CUST-101513,2025-04-27,0,0,False,False,38011.55750000003,Current,DEBT_CONSOLIDATION
LN-510008,CUST-107994,2025-04-27,0,0,False,False,43543.69750000003,Current,DEBT_CONSOLIDATION
LN-510009,CUST-106296,2025-04-27,0,0,False,False,11039.189999999999,Current,DEBT_CONSOLIDATION
LN-510010,CUST-102598,2025-04-27,0,0,False,False,10710.750000000002,Current,DEBT_CONSOLIDATION
LN-510011,CUST-100844,2025-04-27,0,0,False,False,48562.715000000026,Current,DEBT_CONSOLIDATION
LN-510012,CUST-103419,2025-04-27,0,0,False,False,84054.10249999998,Current,DEBT_CONSOLIDATION
LN-510013,CUST-103530,2025-04-27,1,20,False,False,23417.395000000004,1-29,DEBT_CONSOLIDATION
LN-510014,CUST-107369,2025-04-27,0,0,False,False,187691.66999999998,Current,DEBT_CONSOLIDATION
LN-510015,CUST-107590,2025-04-27,0,0,False,False,20867.474999999995,Current,DEBT_CONSOLIDATION
