loan_id,customer_id,snapshot_date,bucket_index,dpd,restructured_flag,fraud_flag,outstanding_balance,delinquency_bucket
LN-500000,CUST-107530,2025-02-28,0,0,False,False,34219.84000000001,Current
LN-500001,CUST-104707,2025-02-28,0,0,False,False,13848.980000000003,Current
LN-500004,CUST-105507,2025-02-28,0,0,False,False,19249.3,Current
LN-500006,CUST-104241,2025-02-28,0,0,False,False,16991.052500000005,Current
LN-500009,CUST-104996,2025-02-28,0,0,False,False,41226.00749999999,Current
LN-500010,CUST-103092,2025-02-28,1,9,False,False,11221.699999999999,1-29
LN-500011,CUST-107344,2025-02-28,0,0,False,False,26999.477500000008,Current
LN-500012,CUST-102210,2025-02-28,0,0,False,False,3735.1699999999996,Current
LN-500013,CUST-104867,2025-02-28,0,0,False,False,5598.025,Current
LN-500014,CUST-107938,2025-02-28,0,0,False,False,5303.030000000004,Current
LN-500015,CUST-105329,2025-02-28,0,0,False,False,11764.542499999996,Current
LN-500016,CUST-103631,2025-02-28,0,0,False,False,8632.022500000003,Current
LN-500019,CUST-105349,2025-02-28,1,17,False,False,5310.782500000001,1-29
LN-500021,CUST-100216,2025-02-28,0,0,False,False,9465.714999999997,Current
LN-500022,CUST-102541,2025-02-28,0,0,False,False,11571.544999999995,Current
LN-500024,CUST-106375,2025-02-28,0,0,False,False,9464.595000000001,Current
LN-500025,CUST-102800,2025-02-28,0,0,False,False,3669.9875,Current
LN-500027,CUST-103608,2025-02-28,0,0,False,False,18708.039999999997,Current
LN-500029,CUST-102872,2025-02-28,0,0,False,False,2441.05,Current
LN-500030,CUST-104122,2025-02-28,0,0,False,False,15971.252500000004,Current
LN-500031,CUST-105559,2025-02-28,0,0,False,False,16309.127499999993,Current
LN-500032,CUST-100299,2025-02-28,0,0,False,False,12882.89,Current
LN-500033,CUST-101498,2025-02-28,0,0,False,False,8521.047499999999,Current
LN-500035,CUST-101844,2025-02-28,0,0,False,False,18694.462499999983,Current
LN-500036,CUST-107229,2025-02-28,0,0,False,False,52922.787500000006,Current
LN-500037,CUST-106505,2025-02-28,0,0,False,False,2893.54,Current
LN-500038,CUST-100918,2025-02-28,0,0,False,False,2730.339999999999,Current
LN-500039,CUST-100339,2025-02-28,0,0,False,False,22308.39,Current
LN-500040,CUST-102235,2025-02-28,0,0,False,False,12626.960000000003,Current
LN-500042,CUST-107445,2025-02-28,0,0,False,False,34709.03999999997,Current
LN-500043,CUST-102572,2025-02-28,0,0,False,False,14334.115000000002,Current
LN-500044,CUST-100853,2025-02-28,0,0,False,False,10193.477500000006,Current
LN-500045,CUST-107311,2025-02-28,0,0,False,False,598453.1875,Current
LN-500046,CUST-101096,2025-02-28,0,0,False,False,22593.257500000003,Current
LN-500047,CUST-100107,2025-02-28,0,0,False,False,11199.620000000003,Current
LN-500048,CUST-100513,2025-02-28,0,0,False,False,1804.3850000000002,Current
LN-500050,CUST-101980,2025-02-28,0,0,False,False,11044.379999999996,Current
LN-500051,CUST-100919,2025-02-28,0,0,False,False,94212.21250000002,Current
LN-500052,CUST-107189,2025-02-28,0,0,False,False,47938.815,Current
LN-500053,CUST-100357,2025-02-28,0,0,False,False,4223.127499999998,Current
LN-500054,CUST-106827,2025-02-28,0,0,False,False,2129.9399999999996,Current
LN-500056,CUST-102636,2025-02-28,0,0,False,False,22419.04,Current
LN-500057,CUST-104604,2025-02-28,0,0,False,False,17534.034999999996,Current
LN-500058,CUST-104228,2025-02-28,0,0,False,False,20744.295000000016,Current
LN-500060,CUST-101162,2025-02-28,0,0,False,False,31941.89,Current
LN-500061,CUST-103487,2025-02-28,0,0,False,False,49512.76749999998,Current
LN-500062,CUST-101479,2025-02-28,0,0,False,False,19837.72,Current
LN-500063,CUST-104045,2025-02-28,0,0,False,False,11832.747500000003,Current
LN-500064,CUST-107021,2025-02-28,0,0,False,False,3412.49,Current
LN-500065,CUST-102639,2025-02-28,0,0,False,False,5493.58,Current
LN-500066,CUST-101369,2025-02-28,0,0,False,False,18524.14000000001,Current
LN-500067,CUST-105071,2025-02-28,0,0,False,False,21337.91,Current
LN-500069,CUST-101492,2025-02-28,0,0,False,False,24441.40000000001,Current
LN-500070,CUST-107422,2025-02-28,0,0,False,False,5679.750000000002,Current
LN-500071,CUST-103632,2025-02-28,0,0,False,False,17625.600000000002,Current
LN-500072,CUST-105355,2025-02-28,0,0,False,False,10778.547500000006,Current
LN-500074,CUST-100430,2025-02-28,0,0,False,False,35488.189999999995,Current
LN-500075,CUST-102249,2025-02-28,0,0,False,False,1594.1824999999994,Current
LN-500076,CUST-100715,2025-02-28,0,0,False,False,13822.159999999989,Current
LN-500077,CUST-105629,2025-02-28,0,0,False,False,27859.93750000002,Current
LN-500079,CUST-103910,2025-02-28,0,0,False,False,57870.68500000002,Current
LN-500083,CUST-101689,2025-02-28,0,0,False,False,42896.76000000002,Current
LN-500084,CUST-100431,2025-02-28,0,0,False,False,31323.295000000002,Current
LN-500086,CUST-102086,2025-02-28,0,0,False,False,24512.0275,Current
LN-500087,CUST-101210,2025-02-28,0,0,False,False,4535.490000000003,Current
LN-500088,CUST-105727,2025-02-28,0,0,False,False,25752.98,Current
LN-500089,CUST-106512,2025-02-28,0,0,False,False,6768.317499999998,Current
LN-500090,CUST-101465,2025-02-28,0,0,False,False,43317.817500000005,Current
LN-500091,CUST-101474,2025-02-28,0,0,False,False,42856.97999999999,Current
LN-500092,CUST-102555,2025-02-28,0,0,False,False,55581.88750000002,Current
LN-500093,CUST-107444,2025-02-28,4,98,False,False,14148.655000000002,90+
LN-500097,CUST-106482,2025-02-28,0,0,False,False,20696.91,Current
LN-500098,CUST-103528,2025-02-28,0,0,False,False,40944.280000000006,Current
LN-500099,CUST-102530,2025-02-28,0,0,False,False,53679.57,Current
LN-500100,CUST-102182,2025-02-28,0,0,False,False,44199.72,Current
LN-500101,CUST-107675,2025-02-28,0,0,False,False,21874.14,Current
LN-500103,CUST-103489,2025-02-28,0,0,False,False,17962.91999999999,Current
LN-500104,CUST-101226,2025-02-28,0,0,False,False,8138.819999999997,Current
LN-500105,CUST-100146,2025-02-28,0,0,False,False,41325.810000000034,Current
LN-500106,CUST-107420,2025-02-28,0,0,False,False,36610.03,Current
LN-500107,CUST-104318,2025-02-28,0,0,False,False,51063.005,Current
LN-500109,CUST-107381,2025-02-28,0,0,False,False,29594.19000000001,Current
LN-500111,CUST-103769,2025-02-28,0,0,False,False,13520.020000000004,Current
LN-500113,CUST-101074,2025-02-28,0,0,False,False,319810.81999999983,Current
LN-500114,CUST-104832,2025-02-28,0,0,False,False,7367.119999999999,Current
LN-500115,CUST-103800,2025-02-28,0,0,False,False,43061.48999999999,Current
LN-500116,CUST-105367,2025-02-28,0,0,False,False,40017.35,Current
LN-500117,CUST-106238,2025-02-28,0,0,False,False,10063.889999999998,Current
LN-500119,CUST-103247,2025-02-28,0,0,False,False,29171.744999999995,Current
LN-500122,CUST-100099,2025-02-28,0,0,False,False,4946.697500000001,Current
LN-500123,CUST-105563,2025-02-28,0,0,False,False,16196.399999999989,Current
LN-500124,CUST-106486,2025-02-28,1,24,False,False,3083.6099999999997,1-29
LN-500125,CUST-103212,2025-02-28,0,0,False,False,13151.935000000005,Current
LN-500128,CUST-104704,2025-02-28,0,0,False,False,44537.09250000001,Current
LN-500130,CUST-105311,2025-02-28,0,0,False,False,22537.46,Current
LN-500131,CUST-104688,2025-02-28,0,0,False,False,29023.549999999996,Current
LN-500133,CUST-104975,2025-02-28,0,0,False,False,207607.36499999996,Current
LN-500134,CUST-107347,2025-02-28,0,0,False,False,3164.6175,Current
LN-500135,CUST-101244,2025-02-28,0,0,False,False,78350.51249999992,Current
LN-500137,CUST-100206,2025-02-28,0,0,False,False,3493.3700000000003,Current
LN-500138,CUST-106409,2025-02-28,0,0,False,False,14036.734999999997,Current
LN-500139,CUST-107541,2025-02-28,0,0,False,False,17748.29999999998,Current
LN-500140,CUST-107546,2025-02-28,0,0,False,False,67556.14499999996,Current
LN-500141,CUST-102791,2025-02-28,0,0,False,False,7223.060000000003,Current
LN-500142,CUST-106534,2025-02-28,0,0,False,False,11422.900000000001,Current
LN-500144,CUST-101406,2025-02-28,0,0,False,False,15371.19000000001,Current
LN-500145,CUST-105191,2025-02-28,0,0,False,False,23566.7825,Current
LN-500146,CUST-107574,2025-02-28,0,0,False,False,12015.68,Current
LN-500147,CUST-104528,2025-02-28,0,0,False,False,45930.42,Current
LN-500148,CUST-100699,2025-02-28,0,0,False,False,8201.869999999997,Current
LN-500150,CUST-104542,2025-02-28,0,0,False,False,3101.9475,Current
LN-500151,CUST-106701,2025-02-28,0,0,False,False,41957.04999999997,Current
LN-500152,CUST-105503,2025-02-28,0,0,False,False,27836.587499999994,Current
LN-500154,CUST-105313,2025-02-28,0,0,False,False,10285.882499999998,Current
LN-500156,CUST-106597,2025-02-28,1,9,False,False,45772.00249999998,1-29
LN-500157,CUST-103741,2025-02-28,0,0,False,False,20897.219999999987,Current
LN-500160,CUST-107095,2025-02-28,0,0,False,False,60593.91,Current
LN-500161,CUST-105816,2025-02-28,0,0,False,False,271699.4024999999,Current
LN-500162,CUST-103245,2025-02-28,0,0,False,False,11058.53999999999,Current
LN-500163,CUST-104815,2025-02-28,0,0,False,False,6311.02,Current
LN-500164,CUST-100191,2025-02-28,1,9,False,False,1469.0699999999997,1-29
LN-500165,CUST-106950,2025-02-28,0,0,False,False,14550.072500000015,Current
LN-500167,CUST-106671,2025-02-28,0,0,False,False,13230.380000000001,Current
LN-500168,CUST-107937,2025-02-28,0,0,False,False,46285.2,Current
LN-500169,CUST-104618,2025-02-28,0,0,False,False,16246.920000000004,Current
LN-500171,CUST-105832,2025-02-28,0,0,True,False,6189.727500000002,Current
LN-500172,CUST-107462,2025-02-28,0,0,False,False,9305.830000000005,Current
LN-500174,CUST-100151,2025-02-28,0,0,False,False,41806.91749999998,Current
LN-500175,CUST-101728,2025-02-28,0,0,False,False,12458.05,Current
LN-500176,CUST-100750,2025-02-28,0,0,False,False,22379.442500000012,Current
LN-500178,CUST-101366,2025-02-28,0,0,False,False,143519.88749999998,Current
LN-500179,CUST-106006,2025-02-28,0,0,False,False,23564.595,Current
LN-500180,CUST-107695,2025-02-28,0,0,False,False,9215.299999999996,Current
LN-500181,CUST-107618,2025-02-28,0,0,False,False,12367.9975,Current
LN-500182,CUST-101885,2025-02-28,0,0,False,False,233475.14,Current
LN-500184,CUST-105514,2025-02-28,0,0,False,False,179610.57500000004,Current
LN-500185,CUST-106609,2025-02-28,0,0,False,False,8561.169999999996,Current
LN-500186,CUST-104409,2025-02-28,0,0,False,False,33435.86,Current
LN-500187,CUST-101483,2025-02-28,0,0,False,False,2096.725,Current
LN-500189,CUST-101815,2025-02-28,0,0,False,False,36062.42249999999,Current
LN-500190,CUST-101438,2025-02-28,0,0,False,False,43124.655,Current
LN-500191,CUST-107837,2025-02-28,0,0,False,False,3918.135,Current
LN-500192,CUST-103371,2025-02-28,0,0,False,False,20832.37250000001,Current
LN-500193,CUST-102684,2025-02-28,0,0,False,False,1846.455,Current
LN-500194,CUST-103339,2025-02-28,0,0,False,False,11038.91,Current
LN-500195,CUST-105033,2025-02-28,0,0,False,False,14928.390000000009,Current
LN-500196,CUST-103844,2025-02-28,0,0,False,False,45909.6675,Current
LN-500198,CUST-106796,2025-02-28,0,0,False,False,16962.320000000003,Current
LN-500199,CUST-107657,2025-02-28,0,0,False,False,8341.585000000003,Current
LN-500200,CUST-102563,2025-02-28,0,0,False,False,8030.964999999996,Current
LN-500201,CUST-100687,2025-02-28,1,27,False,False,16244.212500000001,1-29
LN-500205,CUST-104919,2025-02-28,0,0,True,False,29804.715000000004,Current
LN-500206,CUST-100591,2025-02-28,0,0,False,False,11397.67,Current
LN-500207,CUST-100001,2025-02-28,0,0,False,False,476.38750000000005,Current
LN-500208,CUST-103849,2025-02-28,0,0,False,False,9714.149999999996,Current
LN-500209,CUST-107182,2025-02-28,0,0,False,False,137477.16999999998,Current
LN-500210,CUST-104226,2025-02-28,0,0,False,False,8262.0875,Current
LN-500211,CUST-107222,2025-02-28,2,31,False,False,10032.455000000004,30-59
LN-500212,CUST-100656,2025-02-28,0,0,False,False,11329.060000000001,Current
LN-500213,CUST-107711,2025-02-28,4,105,False,False,14567.785,90+
LN-500214,CUST-104378,2025-02-28,0,0,False,False,4807.054999999996,Current
LN-500216,CUST-102500,2025-02-28,0,0,False,False,10761.324999999997,Current
LN-500218,CUST-106769,2025-02-28,0,0,False,False,47121.22999999997,Current
LN-500219,CUST-105222,2025-02-28,0,0,False,False,37863.372500000005,Current
LN-500220,CUST-105258,2025-02-28,0,0,False,False,28091.695000000014,Current
LN-500222,CUST-102469,2025-02-28,0,0,False,False,11637.482499999996,Current
LN-500223,CUST-100203,2025-02-28,0,0,False,False,12484.58,Current
LN-500225,CUST-103980,2025-02-28,0,0,False,False,15532.689999999997,Current
LN-500226,CUST-103029,2025-02-28,0,0,False,False,12929.117500000004,Current
LN-500227,CUST-102869,2025-02-28,0,0,False,False,16389.81,Current
LN-500228,CUST-102870,2025-02-28,0,0,False,False,5373.597500000002,Current
LN-500231,CUST-104740,2025-02-28,0,0,False,False,24783.96499999999,Current
LN-500232,CUST-106855,2025-02-28,0,0,False,False,452750.7775,Current
LN-500233,CUST-105377,2025-02-28,0,0,False,False,23409.65,Current
LN-500236,CUST-105684,2025-02-28,0,0,False,False,5762.1,Current
LN-500237,CUST-103827,2025-02-28,0,0,False,False,13366.184999999998,Current
LN-500239,CUST-106761,2025-02-28,0,0,False,False,23654.869999999995,Current
LN-500240,CUST-106766,2025-02-28,0,0,False,False,8550.359999999997,Current
LN-500241,CUST-104678,2025-02-28,0,0,False,False,8676.650000000001,Current
LN-500243,CUST-104204,2025-02-28,0,0,False,False,28868.8225,Current
LN-500244,CUST-105395,2025-02-28,0,0,False,False,21185.609999999997,Current
LN-500245,CUST-107237,2025-02-28,0,0,False,False,447129.03,Current
LN-500248,CUST-100186,2025-02-28,0,0,False,False,582288.2724999998,Current
LN-500249,CUST-102992,2025-02-28,0,0,False,False,10742.65,Current
LN-500250,CUST-103894,2025-02-28,0,0,False,False,107333.30000000002,Current
LN-500252,CUST-103103,2025-02-28,0,0,False,False,91753.98000000004,Current
LN-500254,CUST-102097,2025-02-28,0,0,False,False,51304.587499999994,Current
LN-500255,CUST-101809,2025-02-28,0,0,False,False,9019.3575,Current
LN-500256,CUST-104548,2025-02-28,0,0,False,False,18712.377499999995,Current
LN-500258,CUST-104634,2025-02-28,0,0,False,False,18429.68999999999,Current
LN-500259,CUST-105082,2025-02-28,0,0,False,False,25226.712499999994,Current
LN-500260,CUST-106555,2025-02-28,0,0,False,False,12787.577500000005,Current
LN-500262,CUST-106242,2025-02-28,0,0,False,False,28127.78,Current
LN-500264,CUST-106962,2025-02-28,0,0,False,False,261058.34,Current
LN-500265,CUST-100983,2025-02-28,0,0,False,False,19410.459999999995,Current
LN-500266,CUST-103606,2025-02-28,0,0,False,False,12983.53,Current
LN-500268,CUST-105404,2025-02-28,0,0,False,False,14779.259999999993,Current
LN-500269,CUST-102799,2025-02-28,0,0,False,False,44175.98249999999,Current
LN-500270,CUST-103325,2025-02-28,0,0,True,False,25573.734999999993,Current
LN-500271,CUST-100758,2025-02-28,0,0,False,False,2440.2675,Current
LN-500272,CUST-105541,2025-02-28,0,0,False,False,23064.529999999995,Current
LN-500273,CUST-100608,2025-02-28,0,0,False,False,21568.16249999999,Current
LN-500274,CUST-102810,2025-02-28,0,0,False,False,47953.92749999998,Current
LN-500276,CUST-100044,2025-02-28,0,0,False,False,12356.565000000004,Current
LN-500277,CUST-105267,2025-02-28,0,0,False,False,5497.9100000000035,Current
LN-500278,CUST-101308,2025-02-28,0,0,False,False,35656.347499999996,Current
LN-500279,CUST-105582,2025-02-28,0,0,False,False,2518.35,Current
LN-500280,CUST-107817,2025-02-28,0,0,False,False,36821.93250000001,Current
LN-500282,CUST-105662,2025-02-28,0,0,False,False,13035.305000000004,Current
LN-500283,CUST-102743,2025-02-28,0,0,False,False,1705.2025,Current
LN-500284,CUST-102704,2025-02-28,0,0,False,False,1343.435000000001,Current
LN-500285,CUST-105329,2025-02-28,3,79,False,False,103923.36,60-89
LN-500286,CUST-101328,2025-02-28,1,10,False,False,13123.999999999995,1-29
LN-500287,CUST-100152,2025-02-28,0,0,False,False,49640.107499999984,Current
LN-500288,CUST-101279,2025-02-28,0,0,False,False,20305.835000000006,Current
LN-500289,CUST-106907,2025-02-28,0,0,False,False,10086.827499999998,Current
LN-500291,CUST-105904,2025-02-28,0,0,False,False,16383.860000000004,Current
LN-500292,CUST-101553,2025-02-28,0,0,False,False,13480.015,Current
LN-500293,CUST-102529,2025-02-28,0,0,False,False,11257.404999999999,Current
LN-500294,CUST-107666,2025-02-28,0,0,False,False,11917.5,Current
LN-500295,CUST-104111,2025-02-28,0,0,False,False,25586.62249999999,Current
LN-500296,CUST-104743,2025-02-28,0,0,False,False,17830.169999999987,Current
LN-500297,CUST-107582,2025-02-28,0,0,False,False,15581.4175,Current
LN-500298,CUST-101825,2025-02-28,2,36,False,False,2282.6225,30-59
LN-500299,CUST-105354,2025-02-28,1,21,False,False,11348.769999999997,1-29
LN-500300,CUST-103009,2025-02-28,0,0,False,False,38306.34499999998,Current
LN-500302,CUST-100532,2025-02-28,0,0,True,False,79520.02499999997,Current
LN-500304,CUST-106100,2025-02-28,0,0,False,False,26216.850000000013,Current
LN-500305,CUST-105399,2025-02-28,0,0,False,False,61237.672499999986,Current
LN-500306,CUST-107248,2025-02-28,0,0,False,False,17050.359999999997,Current
LN-500307,CUST-104440,2025-02-28,0,0,False,False,116815.45999999998,Current
LN-500308,CUST-103737,2025-02-28,0,0,False,False,29858.649999999998,Current
LN-500309,CUST-100412,2025-02-28,0,0,False,False,9677.595000000001,Current
LN-500310,CUST-106088,2025-02-28,0,0,False,False,10874.642500000004,Current
LN-500312,CUST-100269,2025-02-28,0,0,False,False,19145.6525,Current
LN-500313,CUST-107185,2025-02-28,0,0,False,False,30632.0025,Current
LN-500314,CUST-102690,2025-02-28,1,16,False,False,40296.80749999998,1-29
LN-500315,CUST-100729,2025-02-28,0,0,False,False,4988.294999999999,Current
LN-500316,CUST-104046,2025-02-28,0,0,False,False,34373.65000000003,Current
LN-500317,CUST-102210,2025-02-28,3,68,False,False,20473.32,60-89
LN-500319,CUST-104728,2025-02-28,0,0,False,False,16633.515000000014,Current
LN-500320,CUST-102839,2025-02-28,0,0,False,False,13510.09,Current
LN-500321,CUST-100368,2025-02-28,0,0,False,False,207367.60749999987,Current
LN-500322,CUST-104946,2025-02-28,0,0,False,False,32782.54,Current
LN-500323,CUST-107608,2025-02-28,0,0,False,False,25627.77,Current
LN-500324,CUST-105274,2025-02-28,0,0,False,False,11074.254999999997,Current
LN-500325,CUST-100070,2025-02-28,0,0,False,False,24526.100000000002,Current
LN-500326,CUST-107171,2025-02-28,0,0,False,False,4336.779999999999,Current
LN-500327,CUST-103794,2025-02-28,0,0,False,False,27353.98,Current
LN-500329,CUST-103032,2025-02-28,0,0,False,False,7072.070000000001,Current
LN-500330,CUST-107172,2025-02-28,0,0,False,False,17032.919999999995,Current
LN-500331,CUST-102249,2025-02-28,0,0,False,True,15664.044999999991,Current
LN-500332,CUST-102224,2025-02-28,0,0,False,False,22172.33000000001,Current
LN-500333,CUST-101118,2025-02-28,0,0,False,False,1574.9100000000003,Current
LN-500334,CUST-107363,2025-02-28,1,17,False,False,19858.03,1-29
LN-500335,CUST-101643,2025-02-28,0,0,False,False,51518.32000000001,Current
LN-500336,CUST-100097,2025-02-28,2,34,False,False,112299.73749999997,30-59
LN-500337,CUST-105683,2025-02-28,0,0,False,False,12402.515,Current
LN-500338,CUST-105481,2025-02-28,2,45,False,False,8773.200000000003,30-59
LN-500339,CUST-103578,2025-02-28,0,0,False,False,33731.340000000004,Current
LN-500340,CUST-101013,2025-02-28,0,0,False,False,29556.300000000003,Current
LN-500341,CUST-100871,2025-02-28,0,0,False,False,125374.58,Current
LN-500342,CUST-106338,2025-02-28,0,0,False,False,4728.36,Current
LN-500343,CUST-101858,2025-02-28,1,27,False,False,6441.450000000003,1-29
LN-500345,CUST-101427,2025-02-28,0,0,False,False,8175.272500000005,Current
LN-500348,CUST-103742,2025-02-28,0,0,False,False,20372.39,Current
LN-500349,CUST-107781,2025-02-28,0,0,False,False,38908.954999999994,Current
LN-500350,CUST-107326,2025-02-28,0,0,False,False,13375.105,Current
LN-500351,CUST-100138,2025-02-28,0,0,False,False,23884.739999999998,Current
LN-500352,CUST-103228,2025-02-28,0,0,False,False,268108.63500000007,Current
LN-500354,CUST-102598,2025-02-28,0,0,False,False,38401.94999999997,Current
LN-500355,CUST-104021,2025-02-28,0,0,False,False,15484.985000000008,Current
LN-500357,CUST-106386,2025-02-28,0,0,False,False,25489.840000000007,Current
LN-500359,CUST-102628,2025-02-28,0,0,False,False,15205.640000000001,Current
LN-500361,CUST-101109,2025-02-28,0,0,False,False,17079.467499999995,Current
LN-500362,CUST-105095,2025-02-28,0,0,False,False,12533.919999999995,Current
LN-500364,CUST-106234,2025-02-28,0,0,False,False,16819.157499999998,Current
LN-500365,CUST-106295,2025-02-28,0,0,False,False,14356.619999999999,Current
LN-500366,CUST-101583,2025-02-28,0,0,False,False,31133.709999999992,Current
LN-500368,CUST-101964,2025-02-28,0,0,False,False,128490.10000000003,Current
LN-500369,CUST-107932,2025-02-28,0,0,False,False,18037.920000000002,Current
LN-500370,CUST-100394,2025-02-28,0,0,False,False,60788.72750000002,Current
LN-500371,CUST-103694,2025-02-28,0,0,False,False,9301.457500000002,Current
LN-500372,CUST-107292,2025-02-28,0,0,False,False,11136.83000000001,Current
LN-500374,CUST-102539,2025-02-28,0,0,False,False,481764.82,Current
LN-500376,CUST-105808,2025-02-28,0,0,False,False,31235.024999999998,Current
LN-500377,CUST-105758,2025-02-28,0,0,False,False,37036.82999999999,Current
LN-500378,CUST-100940,2025-02-28,0,0,False,False,24583.48499999999,Current
LN-500380,CUST-107642,2025-02-28,0,0,False,False,38329.69500000001,Current
LN-500381,CUST-107578,2025-02-28,0,0,False,False,19184.782499999987,Current
LN-500382,CUST-102505,2025-02-28,0,0,False,False,27924.43,Current
LN-500383,CUST-101274,2025-02-28,0,0,False,False,8945.95,Current
LN-500387,CUST-106025,2025-02-28,0,0,False,False,79501.27,Current
LN-500388,CUST-102278,2025-02-28,1,25,False,False,7742.445,1-29
LN-500389,CUST-101944,2025-02-28,0,0,False,False,10572.2875,Current
LN-500391,CUST-107605,2025-02-28,0,0,False,False,8035.532499999999,Current
LN-500392,CUST-105201,2025-02-28,2,37,False,False,37260.18999999999,30-59
LN-500393,CUST-103364,2025-02-28,0,0,False,False,12529.544999999998,Current
LN-500394,CUST-105134,2025-02-28,0,0,False,False,24860.9525,Current
LN-500395,CUST-102078,2025-02-28,0,0,False,False,41912.590000000004,Current
LN-500399,CUST-100554,2025-02-28,0,0,False,False,20017.795,Current
LN-500400,CUST-103823,2025-02-28,0,0,False,False,13848.82,Current
LN-500401,CUST-100371,2025-02-28,0,0,False,False,14063.580000000002,Current
LN-500402,CUST-101722,2025-02-28,0,0,False,False,22937.284999999985,Current
LN-500403,CUST-104906,2025-02-28,0,0,False,False,7633.370000000003,Current
LN-500404,CUST-102382,2025-02-28,0,0,False,False,26844.030000000002,Current
LN-500405,CUST-101418,2025-02-28,0,0,False,False,15460.73,Current
LN-500406,CUST-105255,2025-02-28,0,0,False,False,7236.36,Current
LN-500407,CUST-107433,2025-02-28,0,0,False,False,26202.270000000008,Current
LN-500408,CUST-100126,2025-02-28,0,0,False,False,19938.055,Current
LN-500409,CUST-104948,2025-02-28,0,0,False,False,10453.937500000005,Current
LN-500410,CUST-106296,2025-02-28,0,0,False,False,104044.88000000002,Current
LN-500411,CUST-102443,2025-02-28,0,0,False,False,21089.357500000002,Current
LN-500412,CUST-106820,2025-02-28,0,0,False,False,26587.31500000001,Current
LN-500413,CUST-105734,2025-02-28,0,0,False,False,14562.93,Current
LN-500414,CUST-107333,2025-02-28,0,0,False,False,40864.215,Current
LN-500415,CUST-101437,2025-02-28,0,0,False,False,27779.754999999997,Current
LN-500416,CUST-102302,2025-02-28,0,0,False,False,22557.77500000001,Current
LN-500417,CUST-103310,2025-02-28,0,0,False,False,19237.33,Current
LN-500418,CUST-100945,2025-02-28,0,0,False,False,190365.8000000001,Current
LN-500419,CUST-102745,2025-02-28,0,0,False,False,22825.18499999999,Current
LN-500420,CUST-106369,2025-02-28,0,0,False,False,97795.04999999994,Current
LN-500421,CUST-104332,2025-02-28,2,38,False,False,4859.435000000002,30-59
LN-500422,CUST-101943,2025-02-28,0,0,False,False,34644.02499999999,Current
LN-500423,CUST-102843,2025-02-28,0,0,False,False,38620.5925,Current
LN-500424,CUST-106787,2025-02-28,0,0,False,False,8403.269999999997,Current
LN-500425,CUST-107638,2025-02-28,0,0,False,False,208315.305,Current
LN-500428,CUST-104328,2025-02-28,0,0,False,False,49116.945,Current
LN-500429,CUST-106715,2025-02-28,1,27,False,False,159953.65,1-29
LN-500430,CUST-107763,2025-02-28,0,0,False,False,16425.870000000003,Current
LN-500432,CUST-100676,2025-02-28,0,0,False,False,5289.8650000000025,Current
LN-500433,CUST-103381,2025-02-28,0,0,False,False,33187.12999999998,Current
LN-500434,CUST-105474,2025-02-28,0,0,False,False,15079.395,Current
LN-500436,CUST-102589,2025-02-28,0,0,False,False,28388.387499999997,Current
LN-500437,CUST-100272,2025-02-28,0,0,False,False,25581.089999999986,Current
LN-500439,CUST-106696,2025-02-28,0,0,False,False,8075.209999999999,Current
LN-500441,CUST-100647,2025-02-28,0,0,False,False,11284.52,Current
LN-500442,CUST-106316,2025-02-28,0,0,False,False,30122.820000000014,Current
LN-500443,CUST-101587,2025-02-28,0,0,False,False,56566.307500000024,Current
LN-500446,CUST-102089,2025-02-28,0,0,False,False,32985.40499999998,Current
LN-500449,CUST-105601,2025-02-28,0,0,False,False,30995.405000000013,Current
LN-500452,CUST-103402,2025-02-28,0,0,False,False,12193.002499999999,Current
LN-500453,CUST-103973,2025-02-28,0,0,False,False,277833.44500000007,Current
LN-500456,CUST-102443,2025-02-28,0,0,False,False,13567.032499999998,Current
LN-500458,CUST-100654,2025-02-28,0,0,False,False,56405.530000000006,Current
LN-500459,CUST-104562,2025-02-28,0,0,False,False,44369.35500000002,Current
LN-500460,CUST-103289,2025-02-28,0,0,False,False,69070.29,Current
LN-500461,CUST-103951,2025-02-28,0,0,False,False,20836.469999999994,Current
LN-500462,CUST-104785,2025-02-28,0,0,False,False,31762.585000000003,Current
LN-500463,CUST-100864,2025-02-28,0,0,False,False,111222.96499999997,Current
LN-500464,CUST-100289,2025-02-28,0,0,False,False,13815.160000000007,Current
LN-500465,CUST-103868,2025-02-28,0,0,False,False,52631.9275,Current
LN-500466,CUST-104215,2025-02-28,0,0,False,False,28018.979999999996,Current
LN-500467,CUST-105623,2025-02-28,2,58,False,False,4203.1449999999995,30-59
LN-500468,CUST-101395,2025-02-28,0,0,False,False,10297.4,Current
LN-500469,CUST-106379,2025-02-28,0,0,False,False,24914.695000000007,Current
LN-500470,CUST-101174,2025-02-28,0,0,False,False,44329.307499999995,Current
LN-500472,CUST-102406,2025-02-28,0,0,False,False,5564.095,Current
LN-500475,CUST-101602,2025-02-28,0,0,False,False,12060.64,Current
LN-500476,CUST-102662,2025-02-28,0,0,False,False,55694.85250000001,Current
LN-500477,CUST-106174,2025-02-28,1,19,False,False,10689.205000000002,1-29
LN-500478,CUST-104987,2025-02-28,0,0,False,False,18063.655,Current
LN-500479,CUST-106542,2025-02-28,0,0,False,False,3665.2200000000003,Current
LN-500480,CUST-105582,2025-02-28,0,0,False,False,31994.34,Current
LN-500481,CUST-105351,2025-02-28,0,0,False,False,19187.334999999992,Current
LN-500482,CUST-105289,2025-02-28,0,0,False,False,10143.465000000002,Current
LN-500484,CUST-104592,2025-02-28,0,0,False,False,5953.209999999999,Current
LN-500488,CUST-102954,2025-02-28,0,0,False,False,20255.48,Current
LN-500492,CUST-107284,2025-02-28,0,0,False,False,3798.2575000000006,Current
LN-500494,CUST-104340,2025-02-28,0,0,False,False,17613.619999999995,Current
LN-500497,CUST-104835,2025-02-28,0,0,False,False,98648.74000000008,Current
LN-500499,CUST-102034,2025-02-28,0,0,False,False,25662.69999999999,Current
LN-500500,CUST-102779,2025-02-28,0,0,False,False,139816.36000000007,Current
LN-500501,CUST-104067,2025-02-28,0,0,False,False,18687.489999999998,Current
LN-500503,CUST-106125,2025-02-28,0,0,False,False,21892.3875,Current
LN-500504,CUST-106874,2025-02-28,0,0,False,False,8288.184999999998,Current
LN-500507,CUST-105515,2025-02-28,0,0,False,False,23981.13,Current
LN-500508,CUST-104059,2025-02-28,0,0,False,False,19067.0125,Current
LN-500509,CUST-105409,2025-02-28,0,0,False,False,14420.492500000002,Current
LN-500510,CUST-104067,2025-02-28,0,0,False,False,36393.059999999976,Current
LN-500511,CUST-103359,2025-02-28,0,0,False,False,17658.01,Current
LN-500512,CUST-107982,2025-02-28,0,0,False,False,606726.3450000003,Current
LN-500513,CUST-103158,2025-02-28,0,0,False,False,12594.8525,Current
LN-500517,CUST-101929,2025-02-28,0,0,False,False,19056.03,Current
LN-500518,CUST-100041,2025-02-28,0,0,False,False,37804.66999999999,Current
LN-500520,CUST-107180,2025-02-28,0,0,False,False,51549.225000000006,Current
LN-500521,CUST-105437,2025-02-28,0,0,False,False,17091.41999999998,Current
LN-500522,CUST-106827,2025-02-28,0,0,False,False,18621.527499999997,Current
LN-500523,CUST-104306,2025-02-28,0,0,False,False,12996.695,Current
LN-500524,CUST-105959,2025-02-28,0,0,False,False,26003.969999999998,Current
LN-500528,CUST-101107,2025-02-28,0,0,False,False,35943.800000000025,Current
LN-500529,CUST-102756,2025-02-28,0,0,False,False,30225.27500000001,Current
LN-500530,CUST-104635,2025-02-28,0,0,False,False,66885.91249999999,Current
LN-500532,CUST-107059,2025-02-28,0,0,False,False,17888.76000000001,Current
LN-500533,CUST-101376,2025-02-28,0,0,False,False,15323.210000000003,Current
LN-500535,CUST-105062,2025-02-28,0,0,False,False,38823.66749999999,Current
LN-500536,CUST-100396,2025-02-28,1,26,False,False,11913.61,1-29
LN-500538,CUST-102514,2025-02-28,0,0,False,False,14557.4675,Current
LN-500544,CUST-104382,2025-02-28,1,3,False,False,3775.699999999999,1-29
LN-500545,CUST-105174,2025-02-28,0,0,False,False,22681.007500000007,Current
LN-500546,CUST-100274,2025-02-28,0,0,False,False,22581.1225,Current
LN-500547,CUST-101617,2025-02-28,0,0,False,False,132327.91500000004,Current
LN-500549,CUST-104163,2025-02-28,0,0,False,False,2970.875,Current
LN-500550,CUST-103803,2025-02-28,0,0,False,False,16656.86,Current
LN-500551,CUST-107840,2025-02-28,0,0,False,False,16841.605000000007,Current
LN-500552,CUST-100032,2025-02-28,0,0,False,False,9302.13,Current
LN-500553,CUST-105949,2025-02-28,0,0,False,False,19977.97499999999,Current
LN-500554,CUST-104960,2025-02-28,0,0,False,False,17546.4125,Current
LN-500555,CUST-107001,2025-02-28,0,0,False,False,117478.68000000004,Current
LN-500556,CUST-102635,2025-02-28,0,0,False,False,8111.4075,Current
LN-500557,CUST-106231,2025-02-28,0,0,False,False,9416.337500000005,Current
LN-500558,CUST-107980,2025-02-28,0,0,False,False,27175.29249999999,Current
LN-500560,CUST-107726,2025-02-28,0,0,False,False,10838.182500000006,Current
LN-500561,CUST-103643,2025-02-28,0,0,False,False,45270.91999999999,Current
LN-500563,CUST-102534,2025-02-28,0,0,False,False,6403.379999999998,Current
LN-500565,CUST-101273,2025-02-28,0,0,False,False,68809.99250000002,Current
LN-500566,CUST-101163,2025-02-28,0,0,False,False,13161.037499999999,Current
LN-500567,CUST-106494,2025-02-28,0,0,False,False,33880.38000000004,Current
LN-500568,CUST-102072,2025-02-28,0,0,False,False,36898.454999999994,Current
LN-500569,CUST-103902,2025-02-28,3,75,False,False,42223.58500000001,60-89
LN-500572,CUST-100352,2025-02-28,0,0,False,False,34267.78,Current
LN-500573,CUST-101289,2025-02-28,0,0,False,False,10200.5675,Current
LN-500574,CUST-107873,2025-02-28,0,0,False,False,45218.54999999999,Current
LN-500575,CUST-103709,2025-02-28,1,13,False,False,28945.920000000002,1-29
LN-500577,CUST-102455,2025-02-28,0,0,False,False,1268.27,Current
LN-500578,CUST-103676,2025-02-28,0,0,False,False,24573.180000000008,Current
LN-500579,CUST-107015,2025-02-28,0,0,False,False,9392.7675,Current
LN-500580,CUST-101432,2025-02-28,0,0,False,False,14192.157500000001,Current
LN-500581,CUST-105287,2025-02-28,0,0,False,False,15527.500000000007,Current
LN-500582,CUST-105572,2025-02-28,0,0,False,False,97034.75,Current
LN-500583,CUST-106655,2025-02-28,0,0,False,False,563761.46,Current
LN-500584,CUST-101605,2025-02-28,0,0,False,False,16137.860000000008,Current
LN-500586,CUST-102417,2025-02-28,1,19,True,False,10691.502499999995,1-29
LN-500587,CUST-101933,2025-02-28,0,0,False,False,23015.525000000016,Current
LN-500588,CUST-107950,2025-02-28,0,0,False,False,13496.309999999998,Current
LN-500590,CUST-100858,2025-02-28,0,0,False,False,17910.34749999999,Current
LN-500592,CUST-100397,2025-02-28,0,0,False,False,27862.24750000001,Current
LN-500593,CUST-107609,2025-02-28,0,0,False,False,12473.559999999998,Current
LN-500594,CUST-105705,2025-02-28,0,0,False,False,18257.597500000003,Current
LN-500595,CUST-107270,2025-02-28,0,0,False,False,29863.342500000002,Current
LN-500597,CUST-105770,2025-02-28,0,0,False,False,3131.460000000001,Current
LN-500598,CUST-107813,2025-02-28,0,0,False,False,36392.66499999997,Current
LN-500600,CUST-104878,2025-02-28,0,0,False,False,9931.115,Current
LN-500602,CUST-105112,2025-02-28,0,0,False,False,29689.759999999995,Current
LN-500603,CUST-105380,2025-02-28,0,0,False,False,19414.105,Current
LN-500604,CUST-103013,2025-02-28,0,0,False,False,48171.76,Current
LN-500605,CUST-106496,2025-02-28,0,0,False,False,8020.880000000001,Current
LN-500606,CUST-100096,2025-02-28,0,0,False,False,16160.259999999998,Current
LN-500607,CUST-102617,2025-02-28,0,0,False,False,15379.8275,Current
LN-500608,CUST-102328,2025-02-28,0,0,False,False,18401.90999999999,Current
LN-500609,CUST-103093,2025-02-28,0,0,True,False,38297.900000000016,Current
LN-500610,CUST-102453,2025-02-28,0,0,False,False,41747.17999999999,Current
LN-500611,CUST-103236,2025-02-28,2,34,False,False,43768.67,30-59
LN-500613,CUST-105035,2025-02-28,0,0,False,False,29720.48,Current
LN-500615,CUST-100123,2025-02-28,0,0,False,False,21564.760000000002,Current
LN-500617,CUST-101429,2025-02-28,0,0,False,False,29232.6925,Current
LN-500618,CUST-101267,2025-02-28,0,0,False,False,9569.087500000009,Current
LN-500620,CUST-104691,2025-02-28,0,0,False,False,41328.72,Current
LN-500623,CUST-106665,2025-02-28,0,0,False,False,12310.430000000004,Current
LN-500624,CUST-107791,2025-02-28,0,0,False,False,20042.969999999998,Current
LN-500625,CUST-100607,2025-02-28,0,0,False,False,21842.070000000003,Current
LN-500626,CUST-103630,2025-02-28,0,0,False,False,33608.325000000004,Current
LN-500627,CUST-101586,2025-02-28,0,0,False,False,15761.660000000009,Current
LN-500629,CUST-103976,2025-02-28,3,61,False,False,43058.86499999999,60-89
LN-500630,CUST-100155,2025-02-28,0,0,False,False,24828.607499999995,Current
LN-500632,CUST-107098,2025-02-28,0,0,False,False,20287.0,Current
LN-500633,CUST-105425,2025-02-28,0,0,False,False,461511.61750000005,Current
LN-500634,CUST-107119,2025-02-28,0,0,False,False,40453.317500000005,Current
LN-500635,CUST-103131,2025-02-28,0,0,False,False,18354.44249999999,Current
LN-500636,CUST-100426,2025-02-28,0,0,False,False,25387.664999999994,Current
LN-500637,CUST-106763,2025-02-28,1,25,False,False,465032.06499999994,1-29
LN-500639,CUST-106374,2025-02-28,0,0,False,False,28253.25,Current
LN-500640,CUST-101354,2025-02-28,0,0,False,False,34919.005,Current
LN-500641,CUST-103429,2025-02-28,0,0,False,False,30647.82500000002,Current
LN-500642,CUST-102673,2025-02-28,0,0,False,False,7525.3,Current
LN-500643,CUST-104420,2025-02-28,0,0,False,False,14961.027500000002,Current
LN-500644,CUST-102717,2025-02-28,0,0,False,False,18635.720000000005,Current
LN-500645,CUST-104383,2025-02-28,0,0,False,False,9348.949999999992,Current
LN-500646,CUST-107250,2025-02-28,0,0,False,False,29251.56,Current
LN-500647,CUST-105745,2025-02-28,0,0,False,False,31722.50000000002,Current
LN-500649,CUST-102141,2025-02-28,0,0,False,False,244758.3600000001,Current
LN-500653,CUST-102322,2025-02-28,0,0,False,False,46903.28,Current
LN-500654,CUST-100024,2025-02-28,0,0,False,False,1191.3525000000002,Current
LN-500655,CUST-102720,2025-02-28,0,0,False,False,19753.58,Current
LN-500656,CUST-106931,2025-02-28,0,0,False,False,6887.744999999999,Current
LN-500658,CUST-102936,2025-02-28,0,0,False,False,38471.10000000001,Current
LN-500659,CUST-102703,2025-02-28,0,0,False,False,31575.59500000001,Current
LN-500662,CUST-103290,2025-02-28,0,0,False,False,22856.525,Current
LN-500663,CUST-105273,2025-02-28,0,0,False,False,46221.89000000001,Current
LN-500665,CUST-100377,2025-02-28,0,0,False,False,46123.0725,Current
LN-500667,CUST-104186,2025-02-28,0,0,False,False,29404.14500000001,Current
LN-500669,CUST-103028,2025-02-28,4,145,False,False,8773.170000000004,90+
LN-500670,CUST-106538,2025-02-28,0,0,False,False,12650.46,Current
LN-500671,CUST-104071,2025-02-28,0,0,False,False,15920.534999999996,Current
LN-500672,CUST-107792,2025-02-28,0,0,False,False,6496.97,Current
LN-500673,CUST-106368,2025-02-28,0,0,False,False,13390.410000000002,Current
LN-500675,CUST-105760,2025-02-28,0,0,False,False,38258.909999999974,Current
LN-500676,CUST-103152,2025-02-28,0,0,False,False,14369.789999999997,Current
LN-500677,CUST-104161,2025-02-28,0,0,False,False,26132.665,Current
LN-500678,CUST-105783,2025-02-28,1,14,False,False,542759.0275000001,1-29
LN-500679,CUST-102903,2025-02-28,0,0,False,False,28435.320000000007,Current
LN-500680,CUST-102085,2025-02-28,0,0,False,False,22536.39,Current
LN-500681,CUST-104514,2025-02-28,0,0,False,False,205940.58750000008,Current
LN-500683,CUST-104202,2025-02-28,0,0,False,False,15534.287499999997,Current
LN-500684,CUST-103766,2025-02-28,1,22,False,False,40082.7925,1-29
LN-500685,CUST-106963,2025-02-28,0,0,False,False,6190.567499999999,Current
LN-500686,CUST-106996,2025-02-28,0,0,False,False,26825.862499999996,Current
LN-500687,CUST-100585,2025-02-28,0,0,False,False,19412.955000000005,Current
LN-500688,CUST-107721,2025-02-28,0,0,False,False,11223.354999999996,Current
LN-500689,CUST-103214,2025-02-28,0,0,False,False,38670.320000000014,Current
LN-500693,CUST-101423,2025-02-28,0,0,False,False,2080.9975000000018,Current
LN-500694,CUST-103561,2025-02-28,0,0,False,False,26342.19,Current
LN-500695,CUST-107022,2025-02-28,0,0,False,False,9307.834999999995,Current
LN-500696,CUST-103469,2025-02-28,0,0,False,False,29974.220000000005,Current
LN-500697,CUST-105834,2025-02-28,0,0,False,False,2819.6949999999997,Current
LN-500698,CUST-100170,2025-02-28,0,0,False,False,25746.52749999999,Current
LN-500700,CUST-103706,2025-02-28,0,0,False,False,7823.52,Current
LN-500701,CUST-101626,2025-02-28,0,0,False,False,34147.53000000002,Current
LN-500702,CUST-104525,2025-02-28,0,0,False,False,8587.587499999998,Current
LN-500703,CUST-105886,2025-02-28,0,0,False,False,122552.05,Current
LN-500704,CUST-104615,2025-02-28,0,0,False,False,32737.480000000003,Current
LN-500705,CUST-100323,2025-02-28,0,0,False,False,25123.8425,Current
LN-500707,CUST-107554,2025-02-28,0,0,False,False,362.2200000000001,Current
LN-500708,CUST-106339,2025-02-28,0,0,False,False,53546.68,Current
LN-500709,CUST-103506,2025-02-28,0,0,False,False,22240.817499999994,Current
LN-500710,CUST-102699,2025-02-28,0,0,True,False,8131.700000000002,Current
LN-500711,CUST-107076,2025-02-28,0,0,False,False,35429.59000000003,Current
LN-500713,CUST-104956,2025-02-28,0,0,False,False,29444.04,Current
LN-500714,CUST-104148,2025-02-28,0,0,False,False,33860.05000000001,Current
LN-500715,CUST-107753,2025-02-28,1,19,False,False,10594.175000000005,1-29
LN-500717,CUST-105901,2025-02-28,0,0,False,False,23414.147500000006,Current
LN-500718,CUST-105189,2025-02-28,0,0,False,False,9749.774999999994,Current
LN-500719,CUST-103759,2025-02-28,0,0,False,False,29034.7825,Current
LN-500720,CUST-107699,2025-02-28,0,0,False,False,16114.812499999996,Current
LN-500721,CUST-104246,2025-02-28,0,0,False,False,29870.120000000003,Current
LN-500722,CUST-100485,2025-02-28,0,0,False,False,61053.17,Current
LN-500723,CUST-100638,2025-02-28,0,0,False,False,19144.969999999998,Current
LN-500725,CUST-106924,2025-02-28,0,0,False,False,140287.11249999996,Current
LN-500728,CUST-105654,2025-02-28,2,39,False,False,21609.105,30-59
LN-500729,CUST-100673,2025-02-28,0,0,False,False,41469.395,Current
LN-500730,CUST-102833,2025-02-28,0,0,False,False,22789.225000000002,Current
LN-500731,CUST-107016,2025-02-28,0,0,False,False,24571.54249999998,Current
LN-500732,CUST-101398,2025-02-28,0,0,False,False,46974.44999999998,Current
LN-500733,CUST-100907,2025-02-28,0,0,False,False,20276.357500000006,Current
LN-500734,CUST-100005,2025-02-28,0,0,False,False,52299.825,Current
LN-500735,CUST-106990,2025-02-28,0,0,False,False,61189.08499999999,Current
LN-500736,CUST-105120,2025-02-28,0,0,False,False,13446.44,Current
LN-500737,CUST-100695,2025-02-28,0,0,False,False,15836.275000000005,Current
LN-500739,CUST-102269,2025-02-28,2,54,False,False,11101.220000000001,30-59
LN-500740,CUST-101546,2025-02-28,0,0,False,False,15667.777499999997,Current
LN-500741,CUST-102440,2025-02-28,0,0,False,False,9048.100000000004,Current
LN-500742,CUST-107621,2025-02-28,0,0,False,False,14775.435000000005,Current
LN-500744,CUST-100910,2025-02-28,0,0,False,False,4516.314999999998,Current
LN-500746,CUST-105510,2025-02-28,2,34,False,False,33373.12500000002,30-59
LN-500747,CUST-106264,2025-02-28,0,0,False,False,25987.42249999999,Current
LN-500748,CUST-104385,2025-02-28,0,0,False,False,44528.27,Current
LN-500749,CUST-106278,2025-02-28,0,0,False,False,6017.550000000002,Current
LN-500750,CUST-100857,2025-02-28,0,0,False,False,14597.175,Current
LN-500752,CUST-106580,2025-02-28,0,0,False,False,7019.449999999999,Current
LN-500753,CUST-107199,2025-02-28,0,0,False,False,592348.1649999999,Current
LN-500754,CUST-103144,2025-02-28,0,0,False,False,3143.4549999999995,Current
LN-500755,CUST-105309,2025-02-28,0,0,False,False,18626.4925,Current
LN-500756,CUST-102198,2025-02-28,0,0,False,False,23155.34999999999,Current
LN-500757,CUST-103188,2025-02-28,0,0,False,False,20782.10999999999,Current
LN-500758,CUST-104498,2025-02-28,4,152,False,False,48028.45750000001,90+
LN-500760,CUST-105283,2025-02-28,0,0,False,False,9947.050000000003,Current
LN-500761,CUST-106834,2025-02-28,1,5,False,False,23570.355,1-29
LN-500762,CUST-107877,2025-02-28,0,0,False,False,26128.177499999994,Current
LN-500763,CUST-107960,2025-02-28,0,0,False,False,46110.47,Current
LN-500765,CUST-103987,2025-02-28,0,0,False,False,33159.77999999998,Current
LN-500766,CUST-106787,2025-02-28,0,0,False,False,14992.740000000005,Current
LN-500767,CUST-102002,2025-02-28,0,0,False,False,6304.445000000002,Current
LN-500769,CUST-107151,2025-02-28,0,0,False,False,35333.075,Current
LN-500770,CUST-101928,2025-02-28,0,0,False,False,3273.4799999999987,Current
LN-500771,CUST-105663,2025-02-28,0,0,False,False,3529.2800000000007,Current
LN-500772,CUST-106847,2025-02-28,0,0,False,False,11200.870000000008,Current
LN-500774,CUST-107615,2025-02-28,0,0,False,False,28839.144999999993,Current
LN-500776,CUST-107894,2025-02-28,0,0,False,False,19049.267500000005,Current
LN-500777,CUST-107683,2025-02-28,0,0,False,False,120823.43999999997,Current
LN-500778,CUST-104910,2025-02-28,0,0,False,False,26732.002500000013,Current
LN-500779,CUST-106487,2025-02-28,2,31,False,False,24320.967500000006,30-59
LN-500780,CUST-107114,2025-02-28,0,0,False,False,29043.132499999992,Current
LN-500781,CUST-104782,2025-02-28,0,0,False,False,9320.355000000001,Current
LN-500782,CUST-105234,2025-02-28,0,0,False,False,44116.33,Current
LN-500783,CUST-107867,2025-02-28,0,0,False,False,4941.355,Current
LN-500784,CUST-103107,2025-02-28,0,0,False,False,26861.445000000003,Current
LN-500786,CUST-104780,2025-02-28,0,0,False,False,14289.35,Current
LN-500787,CUST-100742,2025-02-28,0,0,False,False,46601.61000000001,Current
LN-500788,CUST-106860,2025-02-28,0,0,False,False,7251.610000000001,Current
LN-500790,CUST-101536,2025-02-28,0,0,False,False,9896.427500000005,Current
LN-500791,CUST-106656,2025-02-28,0,0,False,False,11011.44,Current
LN-500792,CUST-100547,2025-02-28,0,0,False,False,30369.965,Current
LN-500793,CUST-106204,2025-02-28,0,0,False,False,29290.640000000007,Current
LN-500794,CUST-100136,2025-02-28,0,0,False,False,14465.075,Current
LN-500795,CUST-106839,2025-02-28,0,0,False,False,6788.095,Current
LN-500796,CUST-101683,2025-02-28,0,0,False,False,43360.72999999999,Current
LN-500797,CUST-102001,2025-02-28,0,0,False,False,15102.437500000004,Current
LN-500799,CUST-103561,2025-02-28,2,40,False,False,47666.965,30-59
LN-500800,CUST-103675,2025-02-28,0,0,False,False,3593.6699999999983,Current
LN-500801,CUST-106489,2025-02-28,0,0,False,False,21625.940000000006,Current
LN-500802,CUST-101761,2025-02-28,0,0,False,False,9526.479999999996,Current
LN-500803,CUST-101794,2025-02-28,0,0,False,False,102921.57499999998,Current
LN-500804,CUST-107848,2025-02-28,0,0,False,False,13983.992499999993,Current
LN-500805,CUST-105657,2025-02-28,0,0,False,False,8102.199999999994,Current
LN-500806,CUST-107546,2025-02-28,0,0,False,False,22123.6075,Current
LN-500807,CUST-106436,2025-02-28,0,0,False,False,7230.774999999998,Current
LN-500808,CUST-101142,2025-02-28,0,0,False,False,24090.4575,Current
LN-500809,CUST-104725,2025-02-28,0,0,False,False,27077.130000000005,Current
LN-500811,CUST-102615,2025-02-28,0,0,False,False,61923.18,Current
LN-500812,CUST-101582,2025-02-28,2,48,False,False,24777.9975,30-59
LN-500813,CUST-106414,2025-02-28,0,0,False,False,19219.529999999995,Current
LN-500816,CUST-103110,2025-02-28,0,0,False,False,22910.550000000017,Current
LN-500817,CUST-105547,2025-02-28,0,0,False,False,15659.68,Current
LN-500818,CUST-104587,2025-02-28,4,204,False,False,9647.480000000001,90+
LN-500819,CUST-104595,2025-02-28,0,0,False,False,33236.17000000001,Current
LN-500820,CUST-103599,2025-02-28,0,0,False,False,9996.06,Current
LN-500822,CUST-101834,2025-02-28,0,0,False,False,2812.6500000000005,Current
LN-500824,CUST-100039,2025-02-28,0,0,False,False,25031.142499999994,Current
LN-500825,CUST-102290,2025-02-28,0,0,False,False,94998.32250000001,Current
LN-500826,CUST-102205,2025-02-28,0,0,False,False,13330.835000000001,Current
LN-500827,CUST-107557,2025-02-28,0,0,False,False,12571.66499999999,Current
LN-500828,CUST-101705,2025-02-28,0,0,False,False,5334.125,Current
LN-500829,CUST-101697,2025-02-28,0,0,False,False,7827.902499999998,Current
LN-500831,CUST-102489,2025-02-28,0,0,False,False,16940.817499999986,Current
LN-500832,CUST-101968,2025-02-28,0,0,False,False,21470.290000000008,Current
LN-500833,CUST-106878,2025-02-28,0,0,False,False,16454.370000000006,Current
LN-500834,CUST-106879,2025-02-28,0,0,False,False,28193.19,Current
LN-500835,CUST-106751,2025-02-28,0,0,False,False,34518.88,Current
LN-500836,CUST-102391,2025-02-28,0,0,False,False,14889.155000000002,Current
LN-500838,CUST-101919,2025-02-28,0,0,False,False,43053.187500000015,Current
LN-500839,CUST-101213,2025-02-28,0,0,False,False,27164.9975,Current
LN-500840,CUST-106411,2025-02-28,0,0,False,False,27415.43,Current
LN-500841,CUST-105667,2025-02-28,0,0,False,False,9770.940000000002,Current
LN-500842,CUST-100954,2025-02-28,0,0,False,False,101685.03000000006,Current
LN-500843,CUST-106906,2025-02-28,0,0,False,False,4964.1,Current
LN-500844,CUST-107661,2025-02-28,0,0,False,False,40334.665,Current
LN-500845,CUST-100117,2025-02-28,0,0,False,False,17820.29,Current
LN-500846,CUST-103043,2025-02-28,0,0,False,False,139655.1375,Current
LN-500849,CUST-102245,2025-02-28,0,0,False,True,950.0200000000002,Current
LN-500850,CUST-107639,2025-02-28,0,0,False,False,28552.982500000002,Current
LN-500851,CUST-103249,2025-02-28,0,0,False,False,90127.2075,Current
LN-500852,CUST-104873,2025-02-28,0,0,False,False,4235.145000000002,Current
LN-500854,CUST-101648,2025-02-28,0,0,False,False,15507.095000000001,Current
LN-500855,CUST-101097,2025-02-28,0,0,False,False,12022.285000000002,Current
LN-500856,CUST-105988,2025-02-28,0,0,False,False,8748.48,Current
LN-500857,CUST-104770,2025-02-28,0,0,False,False,10039.085000000005,Current
LN-500858,CUST-107963,2025-02-28,0,0,False,False,34416.70999999999,Current
LN-500859,CUST-100650,2025-02-28,0,0,False,False,8328.0575,Current
LN-500861,CUST-101280,2025-02-28,0,0,False,False,39099.0475,Current
LN-500862,CUST-105111,2025-02-28,0,0,False,False,9641.549999999992,Current
LN-500863,CUST-106900,2025-02-28,0,0,False,False,5417.340000000001,Current
LN-500864,CUST-104473,2025-02-28,0,0,False,False,47513.174999999996,Current
LN-500865,CUST-102676,2025-02-28,0,0,False,False,390278.70000000007,Current
LN-500866,CUST-107157,2025-02-28,0,0,False,False,30363.32,Current
LN-500868,CUST-103469,2025-02-28,0,0,False,False,29802.59749999998,Current
LN-500869,CUST-106031,2025-02-28,0,0,False,False,19354.160000000003,Current
LN-500870,CUST-101629,2025-02-28,0,0,False,False,52310.07749999999,Current
LN-500871,CUST-103185,2025-02-28,0,0,False,False,41335.62,Current
LN-500872,CUST-102797,2025-02-28,0,0,False,False,9225.852500000005,Current
LN-500874,CUST-105796,2025-02-28,0,0,False,False,21049.86,Current
LN-500875,CUST-106354,2025-02-28,0,0,False,False,18271.480000000007,Current
LN-500876,CUST-106735,2025-02-28,0,0,False,False,13992.020000000002,Current
LN-500877,CUST-106843,2025-02-28,0,0,False,False,12505.260000000002,Current
LN-500880,CUST-100399,2025-02-28,0,0,False,False,23025.089999999993,Current
LN-500882,CUST-100903,2025-02-28,0,0,False,False,24813.780000000013,Current
LN-500884,CUST-105791,2025-02-28,0,0,False,False,31731.499999999978,Current
LN-500885,CUST-102697,2025-02-28,0,0,False,False,3425.615,Current
LN-500886,CUST-100090,2025-02-28,0,0,False,False,14441.814999999999,Current
LN-500887,CUST-101199,2025-02-28,0,0,False,False,23332.04,Current
LN-500888,CUST-104917,2025-02-28,0,0,False,False,10165.990000000007,Current
LN-500889,CUST-104612,2025-02-28,0,0,False,False,20872.58250000001,Current
LN-500890,CUST-104028,2025-02-28,0,0,False,False,4755.4349999999995,Current
LN-500892,CUST-107409,2025-02-28,0,0,False,False,42061.96250000001,Current
LN-500893,CUST-102938,2025-02-28,0,0,False,False,40097.215,Current
LN-500894,CUST-105990,2025-02-28,0,0,False,False,16743.21,Current
LN-500895,CUST-105363,2025-02-28,0,0,False,False,18727.204999999994,Current
LN-500896,CUST-107734,2025-02-28,0,0,False,False,6898.950000000002,Current
LN-500897,CUST-102683,2025-02-28,0,0,False,False,9688.28999999999,Current
LN-500898,CUST-107344,2025-02-28,0,0,False,False,17472.702499999996,Current
LN-500903,CUST-101621,2025-02-28,0,0,False,False,43181.735000000015,Current
LN-500904,CUST-100370,2025-02-28,4,277,False,False,16094.499999999998,90+
LN-500905,CUST-106830,2025-02-28,0,0,False,False,25065.519999999993,Current
LN-500906,CUST-105741,2025-02-28,0,0,False,False,639600.59,Current
LN-500907,CUST-106172,2025-02-28,0,0,False,False,3801.074999999999,Current
LN-500908,CUST-101056,2025-02-28,0,0,False,False,2198.297499999998,Current
LN-500909,CUST-106127,2025-02-28,0,0,False,False,40849.83,Current
LN-500910,CUST-105567,2025-02-28,0,0,True,False,23814.219999999998,Current
LN-500912,CUST-107148,2025-02-28,0,0,False,False,9511.515,Current
LN-500913,CUST-100294,2025-02-28,1,22,False,False,32411.389999999992,1-29
LN-500914,CUST-104251,2025-02-28,0,0,False,False,10091.250000000002,Current
LN-500915,CUST-102558,2025-02-28,0,0,False,False,11487.602500000006,Current
LN-500916,CUST-106020,2025-02-28,0,0,False,False,29597.857499999995,Current
LN-500917,CUST-106385,2025-02-28,0,0,False,False,3358.517500000001,Current
LN-500918,CUST-106512,2025-02-28,0,0,False,False,22871.88,Current
LN-500920,CUST-105828,2025-02-28,0,0,False,False,51313.64,Current
LN-500921,CUST-106828,2025-02-28,0,0,False,False,54236.4925,Current
LN-500922,CUST-101151,2025-02-28,0,0,False,False,482453.90500000014,Current
LN-500923,CUST-102968,2025-02-28,0,0,False,False,33803.10499999999,Current
LN-500924,CUST-103878,2025-02-28,0,0,False,False,21119.250000000007,Current
LN-500925,CUST-105517,2025-02-28,0,0,False,False,24076.530000000002,Current
LN-500926,CUST-106135,2025-02-28,0,0,False,False,6427.5199999999995,Current
LN-500927,CUST-106893,2025-02-28,0,0,False,False,11770.46,Current
LN-500928,CUST-104181,2025-02-28,0,0,False,False,6159.242500000002,Current
LN-500931,CUST-101675,2025-02-28,0,0,False,False,120912.1325,Current
LN-500932,CUST-100243,2025-02-28,0,0,False,False,11829.667500000005,Current
LN-500934,CUST-100282,2025-02-28,0,0,False,False,19831.47,Current
LN-500935,CUST-103707,2025-02-28,0,0,False,False,11153.944999999992,Current
LN-500936,CUST-100373,2025-02-28,0,0,False,False,11546.759999999995,Current
LN-500937,CUST-103056,2025-02-28,1,6,False,False,2585.7775,1-29
LN-500938,CUST-101083,2025-02-28,0,0,False,False,28078.7925,Current
LN-500939,CUST-104227,2025-02-28,0,0,False,False,29753.59,Current
LN-500940,CUST-105858,2025-02-28,0,0,False,False,67063.78,Current
LN-500941,CUST-101535,2025-02-28,2,51,False,False,19958.102499999994,30-59
LN-500942,CUST-103734,2025-02-28,0,0,False,False,20422.79,Current
LN-500944,CUST-103196,2025-02-28,0,0,False,False,17096.512499999997,Current
LN-500945,CUST-102913,2025-02-28,0,0,False,False,8804.775000000001,Current
LN-500946,CUST-107571,2025-02-28,0,0,False,False,20592.969999999994,Current
LN-500947,CUST-107482,2025-02-28,0,0,False,False,101646.95,Current
LN-500948,CUST-106142,2025-02-28,0,0,False,False,3610.1100000000006,Current
LN-500950,CUST-106981,2025-02-28,0,0,False,False,20365.465,Current
LN-500951,CUST-107066,2025-02-28,0,0,False,False,37310.50999999999,Current
LN-500953,CUST-105505,2025-02-28,0,0,False,False,19607.7975,Current
LN-500954,CUST-100385,2025-02-28,0,0,False,False,13063.780000000002,Current
LN-500955,CUST-101494,2025-02-28,0,0,False,False,18585.68000000001,Current
LN-500957,CUST-107969,2025-02-28,2,36,False,False,45748.375,30-59
LN-500958,CUST-101822,2025-02-28,0,0,False,False,48026.319999999985,Current
LN-500959,CUST-106111,2025-02-28,0,0,False,False,33685.38249999997,Current
LN-500960,CUST-105277,2025-02-28,0,0,False,False,11860.189999999995,Current
LN-500961,CUST-102066,2025-02-28,0,0,False,False,25386.037500000013,Current
LN-500962,CUST-106691,2025-02-28,0,0,False,False,19342.64000000001,Current
LN-500964,CUST-101179,2025-02-28,0,0,False,False,26553.0075,Current
LN-500966,CUST-100536,2025-02-28,0,0,False,False,39720.68,Current
LN-500967,CUST-100862,2025-02-28,0,0,False,False,18185.380000000005,Current
LN-500968,CUST-101013,2025-02-28,0,0,False,False,28042.747499999998,Current
LN-500969,CUST-101984,2025-02-28,0,0,False,False,21099.570000000003,Current
LN-500971,CUST-107654,2025-02-28,0,0,False,False,334402.46750000026,Current
LN-500974,CUST-102298,2025-02-28,0,0,False,False,22590.829999999994,Current
LN-500976,CUST-104266,2025-02-28,0,0,False,False,18849.864999999998,Current
LN-500977,CUST-104781,2025-02-28,0,0,False,False,40048.392499999994,Current
LN-500979,CUST-105814,2025-02-28,0,0,False,False,14825.92,Current
LN-500982,CUST-101037,2025-02-28,0,0,False,False,10995.207500000002,Current
LN-500983,CUST-100227,2025-02-28,0,0,False,False,9203.715,Current
LN-500984,CUST-100061,2025-02-28,0,0,False,False,12025.230000000001,Current
LN-500985,CUST-101112,2025-02-28,0,0,False,False,53235.81000000001,Current
LN-500987,CUST-103941,2025-02-28,0,0,False,False,13823.844999999996,Current
LN-500988,CUST-101973,2025-02-28,0,0,False,False,18357.01999999999,Current
LN-500989,CUST-100980,2025-02-28,0,0,False,False,16932.799999999996,Current
LN-500990,CUST-103717,2025-02-28,3,69,False,False,44555.24250000001,60-89
LN-500991,CUST-104855,2025-02-28,0,0,False,False,15374.049999999983,Current
LN-500992,CUST-103401,2025-02-28,0,0,False,False,17894.380000000005,Current
LN-500993,CUST-100047,2025-02-28,0,0,False,False,21116.169999999987,Current
LN-500994,CUST-100662,2025-02-28,0,0,False,False,22216.615,Current
LN-500995,CUST-106608,2025-02-28,0,0,False,False,2583.5899999999997,Current
LN-500996,CUST-107247,2025-02-28,4,109,False,False,21580.930000000008,90+
LN-500997,CUST-100100,2025-02-28,0,0,False,False,3014.3200000000006,Current
LN-500998,CUST-107671,2025-02-28,0,0,False,False,17014.0075,Current
LN-500999,CUST-102871,2025-02-28,0,0,False,False,51173.240000000005,Current
LN-501003,CUST-107420,2025-02-28,0,0,False,False,13079.2,Current
LN-501004,CUST-102338,2025-02-28,0,0,False,False,30506.102500000005,Current
LN-501006,CUST-107679,2025-02-28,0,0,False,False,7819.209999999999,Current
LN-501007,CUST-101526,2025-02-28,1,2,False,False,30446.8425,1-29
LN-501008,CUST-103490,2025-02-28,0,0,False,False,104552.46999999997,Current
LN-501010,CUST-100821,2025-02-28,0,0,False,False,50277.747500000005,Current
LN-501011,CUST-106165,2025-02-28,0,0,False,False,27704.984999999997,Current
LN-501012,CUST-102736,2025-02-28,0,0,False,False,15891.945000000007,Current
LN-501013,CUST-106209,2025-02-28,0,0,False,False,37826.57000000002,Current
LN-501014,CUST-100440,2025-02-28,0,0,False,False,32380.814999999984,Current
LN-501015,CUST-101435,2025-02-28,4,98,False,False,7222.39,90+
LN-501016,CUST-103843,2025-02-28,0,0,False,False,26331.129999999986,Current
LN-501017,CUST-105638,2025-02-28,0,0,False,False,14661.68,Current
LN-501019,CUST-107772,2025-02-28,0,0,False,False,25022.934999999998,Current
LN-501021,CUST-107358,2025-02-28,0,0,False,False,25901.565000000002,Current
LN-501022,CUST-102174,2025-02-28,0,0,False,False,16292.210000000006,Current
LN-501023,CUST-106021,2025-02-28,0,0,False,False,17695.96,Current
LN-501025,CUST-104237,2025-02-28,0,0,False,False,171428.91750000004,Current
LN-501026,CUST-107856,2025-02-28,0,0,False,False,29344.200000000004,Current
LN-501027,CUST-101220,2025-02-28,0,0,False,False,37078.64,Current
LN-501028,CUST-101237,2025-02-28,0,0,False,False,14770.73,Current
LN-501029,CUST-101939,2025-02-28,0,0,False,False,42907.937499999985,Current
LN-501032,CUST-103328,2025-02-28,0,0,False,False,38295.900000000016,Current
LN-501033,CUST-101853,2025-02-28,0,0,False,False,27108.4,Current
LN-501034,CUST-104695,2025-02-28,0,0,False,False,112776.65250000005,Current
LN-501035,CUST-104337,2025-02-28,0,0,False,False,7778.220000000001,Current
LN-501036,CUST-103272,2025-02-28,0,0,False,False,2698.3549999999996,Current
LN-501037,CUST-107481,2025-02-28,0,0,False,False,42847.530000000006,Current
LN-501038,CUST-104149,2025-02-28,0,0,False,False,21553.747499999994,Current
LN-501039,CUST-102491,2025-02-28,1,1,False,False,9410.779999999992,1-29
LN-501040,CUST-100712,2025-02-28,0,0,False,False,224019.37999999995,Current
LN-501041,CUST-106442,2025-02-28,0,0,False,False,17246.96,Current
LN-501043,CUST-105576,2025-02-28,0,0,False,False,18015.387499999993,Current
LN-501044,CUST-103341,2025-02-28,0,0,False,False,37216.32249999999,Current
LN-501045,CUST-107634,2025-02-28,0,0,False,False,37736.155000000035,Current
LN-501049,CUST-106410,2025-02-28,0,0,False,False,25719.95,Current
LN-501051,CUST-102890,2025-02-28,0,0,False,False,28421.355,Current
LN-501052,CUST-101603,2025-02-28,0,0,False,False,2345.1575000000007,Current
LN-501053,CUST-101273,2025-02-28,0,0,False,False,12911.1125,Current
LN-501054,CUST-101075,2025-02-28,0,0,False,False,15220.992500000004,Current
LN-501055,CUST-101716,2025-02-28,0,0,False,False,33937.495,Current
LN-501056,CUST-105116,2025-02-28,0,0,False,False,48840.682499999995,Current
LN-501057,CUST-102557,2025-02-28,0,0,False,False,10352.089999999993,Current
LN-501058,CUST-103911,2025-02-28,0,0,False,False,9869.64,Current
LN-501059,CUST-101297,2025-02-28,0,0,False,False,42139.572499999995,Current
LN-501060,CUST-101813,2025-02-28,0,0,False,False,2684.520000000001,Current
LN-501061,CUST-106220,2025-02-28,0,0,False,False,19301.070000000007,Current
LN-501064,CUST-102185,2025-02-28,0,0,True,False,15756.355,Current
LN-501065,CUST-101009,2025-02-28,0,0,False,False,17026.050000000014,Current
LN-501066,CUST-107777,2025-02-28,0,0,False,False,11014.000000000002,Current
LN-501067,CUST-102958,2025-02-28,0,0,False,False,53830.565,Current
LN-501068,CUST-105069,2025-02-28,0,0,False,False,28461.735,Current
LN-501069,CUST-105977,2025-02-28,0,0,False,False,17429.880000000012,Current
LN-501071,CUST-106428,2025-02-28,0,0,False,False,24709.572499999984,Current
LN-501072,CUST-104812,2025-02-28,0,0,False,False,28572.460000000003,Current
LN-501073,CUST-104248,2025-02-28,0,0,False,False,4139.489999999997,Current
LN-501074,CUST-104392,2025-02-28,0,0,False,False,13463.350000000011,Current
LN-501075,CUST-105819,2025-02-28,0,0,False,False,7244.585000000003,Current
LN-501076,CUST-104639,2025-02-28,0,0,False,False,18450.79499999999,Current
LN-501078,CUST-106922,2025-02-28,0,0,False,False,275956.2050000001,Current
LN-501079,CUST-107051,2025-02-28,0,0,False,False,38915.219999999994,Current
LN-501080,CUST-104857,2025-02-28,0,0,False,False,18256.752500000002,Current
LN-501081,CUST-103121,2025-02-28,0,0,False,False,12532.284999999998,Current
LN-501082,CUST-100115,2025-02-28,0,0,False,False,4094.885000000001,Current
LN-501083,CUST-106493,2025-02-28,0,0,False,False,13034.199999999997,Current
LN-501084,CUST-106719,2025-02-28,0,0,False,False,32619.174999999977,Current
LN-501085,CUST-101543,2025-02-28,0,0,False,False,28788.95250000001,Current
LN-501086,CUST-107290,2025-02-28,0,0,False,False,33892.23750000001,Current
LN-501087,CUST-107652,2025-02-28,0,0,False,False,34356.58,Current
LN-501088,CUST-102208,2025-02-28,0,0,False,False,6116.52,Current
LN-501089,CUST-104105,2025-02-28,0,0,False,False,18598.374999999996,Current
LN-501091,CUST-103164,2025-02-28,0,0,False,False,34687.86999999999,Current
LN-501092,CUST-104403,2025-02-28,0,0,False,False,8706.879999999997,Current
LN-501093,CUST-100201,2025-02-28,4,145,False,False,15141.714999999998,90+
LN-501096,CUST-104753,2025-02-28,0,0,False,False,11989.759999999997,Current
LN-501097,CUST-102608,2025-02-28,0,0,False,False,81990.99499999994,Current
LN-501098,CUST-103855,2025-02-28,0,0,False,False,24988.879999999997,Current
LN-501100,CUST-102408,2025-02-28,0,0,False,False,3208.689999999999,Current
LN-501101,CUST-105305,2025-02-28,0,0,False,False,11837.730000000005,Current
LN-501102,CUST-103296,2025-02-28,0,0,False,False,41047.44000000001,Current
LN-501103,CUST-102645,2025-02-28,0,0,False,False,21361.16250000001,Current
LN-501104,CUST-107179,2025-02-28,0,0,False,False,23375.97,Current
LN-501105,CUST-104005,2025-02-28,0,0,False,False,5758.75,Current
LN-501106,CUST-102021,2025-02-28,0,0,False,False,29232.340000000004,Current
LN-501107,CUST-101316,2025-02-28,0,0,False,False,798.7299999999999,Current
LN-501108,CUST-100800,2025-02-28,0,0,False,False,12558.11,Current
LN-501109,CUST-101499,2025-02-28,0,0,False,False,12197.9,Current
LN-501110,CUST-103332,2025-02-28,0,0,False,False,11718.510000000002,Current
LN-501111,CUST-107572,2025-02-28,0,0,False,False,9483.76,Current
LN-501113,CUST-106978,2025-02-28,0,0,False,False,28014.919999999987,Current
LN-501114,CUST-104598,2025-02-28,0,0,False,False,88049.61000000004,Current
LN-501115,CUST-103353,2025-02-28,0,0,False,False,2784.805000000001,Current
LN-501116,CUST-103562,2025-02-28,0,0,False,False,49546.59,Current
LN-501117,CUST-101388,2025-02-28,0,0,False,False,42980.18500000002,Current
LN-501118,CUST-101012,2025-02-28,0,0,False,False,52677.7075,Current
LN-501119,CUST-100951,2025-02-28,0,0,False,False,40662.93999999998,Current
LN-501120,CUST-103273,2025-02-28,0,0,False,False,100817.34249999996,Current
LN-501121,CUST-106642,2025-02-28,0,0,False,False,19419.2275,Current
LN-501122,CUST-105908,2025-02-28,1,18,False,False,7699.592499999999,1-29
LN-501123,CUST-102769,2025-02-28,0,0,False,False,9492.767499999996,Current
LN-501124,CUST-102452,2025-02-28,0,0,False,False,27162.152500000004,Current
LN-501125,CUST-106684,2025-02-28,0,0,False,False,39003.11,Current
LN-501126,CUST-100438,2025-02-28,0,0,False,False,724.7099999999999,Current
LN-501131,CUST-102957,2025-02-28,0,0,False,False,13191.200000000003,Current
LN-501132,CUST-104569,2025-02-28,0,0,False,False,39403.07,Current
LN-501133,CUST-103326,2025-02-28,0,0,False,False,27877.2075,Current
LN-501134,CUST-101440,2025-02-28,0,0,False,False,19368.997500000016,Current
LN-501135,CUST-103706,2025-02-28,0,0,False,False,8606.810000000005,Current
LN-501136,CUST-107401,2025-02-28,0,0,False,False,50425.74,Current
LN-501139,CUST-101408,2025-02-28,0,0,False,False,41879.664999999986,Current
LN-501140,CUST-102843,2025-02-28,0,0,False,False,18453.96,Current
LN-501142,CUST-101408,2025-02-28,0,0,False,False,44421.29,Current
LN-501143,CUST-104594,2025-02-28,0,0,False,False,47811.035,Current
LN-501145,CUST-106653,2025-02-28,0,0,False,False,1795.4099999999999,Current
LN-501147,CUST-105720,2025-02-28,0,0,False,False,18135.280000000002,Current
LN-501148,CUST-100578,2025-02-28,0,0,False,False,41682.03749999999,Current
LN-501149,CUST-104909,2025-02-28,0,0,False,False,4949.602499999998,Current
LN-501150,CUST-102752,2025-02-28,0,0,False,False,46139.2425,Current
LN-501151,CUST-105721,2025-02-28,0,0,False,False,19693.74250000001,Current
LN-501152,CUST-102507,2025-02-28,0,0,False,False,7049.4124999999985,Current
LN-501153,CUST-101766,2025-02-28,0,0,False,False,10690.879999999994,Current
LN-501154,CUST-102931,2025-02-28,0,0,False,False,8117.874999999996,Current
LN-501155,CUST-102262,2025-02-28,4,97,False,False,10501.835,90+
LN-501156,CUST-103409,2025-02-28,0,0,False,False,40752.45000000001,Current
LN-501159,CUST-106292,2025-02-28,0,0,False,False,509233.42000000016,Current
LN-501160,CUST-104316,2025-02-28,0,0,False,False,11268.02,Current
LN-501161,CUST-104300,2025-02-28,0,0,False,False,23237.36499999999,Current
LN-501162,CUST-107557,2025-02-28,0,0,False,False,492.09500000000054,Current
LN-501164,CUST-100576,2025-02-28,0,0,False,False,21433.300000000003,Current
LN-501165,CUST-104556,2025-02-28,0,0,False,False,46296.19,Current
LN-501166,CUST-100962,2025-02-28,0,0,False,False,10486.465000000002,Current
LN-501167,CUST-100552,2025-02-28,0,0,False,False,3654.375,Current
LN-501168,CUST-105581,2025-02-28,0,0,False,False,15282.794999999995,Current
LN-501169,CUST-100212,2025-02-28,0,0,False,False,22124.529999999995,Current
LN-501170,CUST-100273,2025-02-28,0,0,False,False,7859.937500000004,Current
LN-501172,CUST-103952,2025-02-28,0,0,False,False,32308.017499999994,Current
LN-501173,CUST-101580,2025-02-28,1,15,False,False,13393.05749999999,1-29
LN-501174,CUST-100554,2025-02-28,0,0,False,False,19709.630000000005,Current
LN-501177,CUST-105671,2025-02-28,0,0,False,False,8917.837500000007,Current
LN-501178,CUST-107771,2025-02-28,0,0,False,False,34019.99249999999,Current
LN-501179,CUST-103894,2025-02-28,0,0,False,False,23796.15,Current
LN-501180,CUST-100852,2025-02-28,0,0,False,False,8830.2825,Current
LN-501181,CUST-101419,2025-02-28,0,0,False,False,119184.72250000002,Current
LN-501183,CUST-104564,2025-02-28,0,0,False,False,2477.6699999999996,Current
LN-501184,CUST-104702,2025-02-28,0,0,False,False,34930.11499999998,Current
LN-501185,CUST-103789,2025-02-28,0,0,False,False,18122.554999999982,Current
LN-501186,CUST-106397,2025-02-28,0,0,False,False,46371.08,Current
LN-501187,CUST-105823,2025-02-28,0,0,False,False,76242.96000000006,Current
LN-501188,CUST-106858,2025-02-28,0,0,False,False,11160.6,Current
LN-501190,CUST-105753,2025-02-28,0,0,False,False,8850.455,Current
LN-501191,CUST-102986,2025-02-28,0,0,False,False,13103.755000000001,Current
LN-501193,CUST-102037,2025-02-28,1,13,False,False,26021.099999999995,1-29
LN-501194,CUST-104610,2025-02-28,0,0,False,False,1724.6200000000003,Current
LN-501195,CUST-104846,2025-02-28,0,0,False,False,15084.2,Current
LN-501196,CUST-106984,2025-02-28,0,0,False,False,4291.237500000002,Current
LN-501198,CUST-107003,2025-02-28,0,0,False,False,19090.464999999997,Current
LN-501200,CUST-100521,2025-02-28,2,37,False,False,1194.7599999999993,30-59
LN-501201,CUST-101915,2025-02-28,0,0,False,False,13609.3275,Current
LN-501202,CUST-100586,2025-02-28,0,0,False,False,18578.729999999992,Current
LN-501203,CUST-101876,2025-02-28,0,0,False,False,44819.98249999999,Current
LN-501204,CUST-103977,2025-02-28,0,0,False,False,40427.70999999999,Current
LN-501205,CUST-100921,2025-02-28,0,0,True,False,5482.5675,Current
LN-501208,CUST-107061,2025-02-28,0,0,False,False,29003.48,Current
LN-501210,CUST-101771,2025-02-28,0,0,False,False,10652.435000000001,Current
LN-501211,CUST-106349,2025-02-28,0,0,False,False,33214.045,Current
LN-501212,CUST-107853,2025-02-28,0,0,False,False,104210.46999999999,Current
LN-501213,CUST-103551,2025-02-28,0,0,False,False,25110.670000000013,Current
LN-501214,CUST-101039,2025-02-28,0,0,False,False,43683.38999999997,Current
LN-501216,CUST-101066,2025-02-28,0,0,False,False,14885.45,Current
LN-501217,CUST-103008,2025-02-28,0,0,False,False,19244.635000000002,Current
LN-501218,CUST-106274,2025-02-28,0,0,False,False,3722.57,Current
LN-501219,CUST-103102,2025-02-28,0,0,False,False,7073.2300000000005,Current
LN-501220,CUST-102774,2025-02-28,0,0,False,False,11793.359999999997,Current
LN-501221,CUST-104810,2025-02-28,0,0,False,False,13309.250000000005,Current
LN-501222,CUST-100310,2025-02-28,0,0,False,False,10667.31,Current
LN-501223,CUST-105761,2025-02-28,2,50,False,False,24895.904999999988,30-59
LN-501224,CUST-107912,2025-02-28,0,0,False,False,15511.514999999996,Current
LN-501225,CUST-104782,2025-02-28,0,0,False,False,14343.649999999996,Current
LN-501226,CUST-105711,2025-02-28,0,0,False,False,8252.805000000006,Current
LN-501227,CUST-102452,2025-02-28,0,0,False,False,25373.589999999997,Current
LN-501228,CUST-105988,2025-02-28,0,0,False,False,47354.09,Current
LN-501229,CUST-101073,2025-02-28,0,0,False,False,26257.444999999992,Current
LN-501230,CUST-107368,2025-02-28,0,0,False,False,2708.535,Current
LN-501231,CUST-101373,2025-02-28,0,0,False,False,8925.430000000002,Current
LN-501232,CUST-100958,2025-02-28,0,0,False,False,22600.17999999999,Current
LN-501233,CUST-101335,2025-02-28,0,0,False,False,31127.70249999999,Current
LN-501234,CUST-103635,2025-02-28,0,0,False,False,24729.21750000001,Current
LN-501235,CUST-107164,2025-02-28,0,0,False,False,7272.24,Current
LN-501236,CUST-100953,2025-02-28,1,27,False,False,19156.130000000012,1-29
LN-501237,CUST-106115,2025-02-28,0,0,False,False,21534.317499999994,Current
LN-501238,CUST-103464,2025-02-28,0,0,False,False,27716.285000000018,Current
LN-501241,CUST-102761,2025-02-28,0,0,False,False,39888.655000000006,Current
LN-501242,CUST-107653,2025-02-28,0,0,False,False,9134.835000000001,Current
LN-501243,CUST-107516,2025-02-28,0,0,False,False,49995.64249999998,Current
LN-501245,CUST-103563,2025-02-28,0,0,False,False,752.1349999999999,Current
LN-501246,CUST-105081,2025-02-28,1,19,False,False,24362.89,1-29
LN-501247,CUST-103513,2025-02-28,0,0,False,False,24352.78,Current
LN-501250,CUST-102233,2025-02-28,0,0,False,False,31131.35000000003,Current
LN-501251,CUST-105444,2025-02-28,0,0,False,False,18262.177499999998,Current
LN-501252,CUST-102678,2025-02-28,0,0,False,False,35950.610000000015,Current
LN-501253,CUST-102729,2025-02-28,0,0,False,False,16151.119999999992,Current
LN-501254,CUST-102388,2025-02-28,0,0,False,False,19650.76,Current
LN-501255,CUST-105521,2025-02-28,0,0,False,False,7609.479999999994,Current
LN-501256,CUST-104638,2025-02-28,0,0,False,False,14328.355,Current
LN-501257,CUST-100993,2025-02-28,0,0,False,False,793.2400000000005,Current
LN-501258,CUST-101239,2025-02-28,0,0,False,False,37458.66999999998,Current
LN-501260,CUST-107506,2025-02-28,0,0,False,False,33017.25,Current
LN-501261,CUST-104175,2025-02-28,1,6,False,False,52764.17,1-29
LN-501263,CUST-105785,2025-02-28,0,0,False,False,62892.42,Current
LN-501264,CUST-103079,2025-02-28,0,0,False,False,1297.5000000000002,Current
LN-501265,CUST-105841,2025-02-28,0,0,False,False,14525.09,Current
LN-501266,CUST-102688,2025-02-28,0,0,False,False,48558.62000000002,Current
LN-501267,CUST-104187,2025-02-28,2,40,False,False,11524.614999999994,30-59
LN-501268,CUST-103983,2025-02-28,0,0,False,False,11147.94,Current
LN-501272,CUST-107165,2025-02-28,0,0,False,False,3058.0975000000008,Current
LN-501273,CUST-105307,2025-02-28,0,0,False,False,24650.42,Current
LN-501274,CUST-101557,2025-02-28,1,5,False,False,44238.94000000001,1-29
LN-501277,CUST-101186,2025-02-28,0,0,False,False,9178.92,Current
LN-501278,CUST-102580,2025-02-28,0,0,False,False,17997.409999999993,Current
LN-501280,CUST-105299,2025-02-28,0,0,False,False,30921.235000000008,Current
LN-501281,CUST-102914,2025-02-28,0,0,False,False,113484.335,Current
LN-501282,CUST-100940,2025-02-28,0,0,False,False,16063.04,Current
LN-501283,CUST-106977,2025-02-28,0,0,False,False,8797.272499999997,Current
LN-501284,CUST-106893,2025-02-28,0,0,False,False,16297.615000000009,Current
LN-501285,CUST-104265,2025-02-28,0,0,False,False,10463.307500000003,Current
LN-501289,CUST-104030,2025-02-28,0,0,False,False,51425.700000000004,Current
LN-501291,CUST-107933,2025-02-28,0,0,False,False,8015.087500000005,Current
LN-501292,CUST-106639,2025-02-28,1,20,False,False,2839.1075,1-29
LN-501293,CUST-101056,2025-02-28,0,0,False,False,18187.39,Current
LN-501294,CUST-103425,2025-02-28,0,0,False,False,44557.465000000004,Current
LN-501296,CUST-102985,2025-02-28,0,0,False,False,137229.16000000006,Current
LN-501297,CUST-101052,2025-02-28,0,0,False,False,44913.24749999998,Current
LN-501298,CUST-104196,2025-02-28,0,0,False,False,44495.892499999994,Current
LN-501299,CUST-104355,2025-02-28,0,0,False,False,33982.02000000002,Current
LN-501301,CUST-100565,2025-02-28,0,0,False,False,12062.749999999998,Current
LN-501302,CUST-103609,2025-02-28,0,0,False,False,6566.639999999998,Current
LN-501303,CUST-102766,2025-02-28,0,0,False,False,54475.83,Current
LN-501304,CUST-103636,2025-02-28,0,0,False,False,2205.980000000001,Current
LN-501305,CUST-104336,2025-02-28,0,0,False,False,143850.76000000004,Current
LN-501306,CUST-102250,2025-02-28,0,0,False,False,10142.26,Current
LN-501308,CUST-106632,2025-02-28,3,85,False,False,31728.035,60-89
LN-501309,CUST-103713,2025-02-28,0,0,False,False,48455.63000000001,Current
LN-501310,CUST-104074,2025-02-28,0,0,False,False,33086.83,Current
LN-501311,CUST-101778,2025-02-28,0,0,False,False,11948.245000000004,Current
LN-501312,CUST-100720,2025-02-28,0,0,False,False,12536.3025,Current
LN-501313,CUST-106122,2025-02-28,0,0,False,False,40881.87499999999,Current
LN-501314,CUST-102613,2025-02-28,0,0,False,False,28471.009999999995,Current
LN-501315,CUST-105709,2025-02-28,0,0,False,False,138607.2600000001,Current
LN-501316,CUST-100794,2025-02-28,0,0,False,False,14107.03,Current
LN-501317,CUST-102203,2025-02-28,0,0,False,False,9321.154999999999,Current
LN-501318,CUST-101438,2025-02-28,2,48,False,False,37116.505,30-59
LN-501319,CUST-100019,2025-02-28,0,0,False,False,16771.119999999988,Current
LN-501320,CUST-106620,2025-02-28,0,0,False,False,328857.1350000001,Current
LN-501321,CUST-100443,2025-02-28,0,0,False,False,2394.655000000002,Current
LN-501322,CUST-104503,2025-02-28,0,0,False,False,1416.7599999999998,Current
LN-501323,CUST-106039,2025-02-28,0,0,False,False,6714.880000000002,Current
LN-501324,CUST-104043,2025-02-28,0,0,False,False,49901.21499999999,Current
LN-501325,CUST-103146,2025-02-28,0,0,False,False,18796.97,Current
LN-501326,CUST-104115,2025-02-28,0,0,False,False,14248.630000000001,Current
LN-501327,CUST-101708,2025-02-28,2,50,False,False,19270.537499999995,30-59
LN-501328,CUST-104341,2025-02-28,0,0,False,False,4193.205,Current
LN-501329,CUST-101963,2025-02-28,0,0,False,False,32967.51,Current
LN-501330,CUST-104266,2025-02-28,0,0,False,False,46447.699999999975,Current
LN-501331,CUST-105388,2025-02-28,0,0,False,False,39340.17,Current
LN-501332,CUST-100043,2025-02-28,0,0,False,False,109485.08500000004,Current
LN-501333,CUST-104009,2025-02-28,0,0,False,False,8831.339999999997,Current
LN-501334,CUST-100524,2025-02-28,0,0,False,False,22364.86,Current
LN-501335,CUST-105121,2025-02-28,0,0,False,False,428052.5575,Current
LN-501336,CUST-107866,2025-02-28,0,0,False,False,11335.302500000003,Current
LN-501337,CUST-104970,2025-02-28,0,0,False,False,11795.977500000006,Current
LN-501338,CUST-102700,2025-02-28,0,0,False,False,10667.9725,Current
LN-501339,CUST-104859,2025-02-28,0,0,False,False,98443.01250000001,Current
LN-501341,CUST-104130,2025-02-28,0,0,False,False,15167.379999999997,Current
LN-501342,CUST-104093,2025-02-28,0,0,False,False,18715.267500000005,Current
LN-501343,CUST-105815,2025-02-28,0,0,False,False,31409.579999999994,Current
LN-501344,CUST-101527,2025-02-28,0,0,False,False,18929.137500000004,Current
LN-501345,CUST-107182,2025-02-28,0,0,False,False,15086.087500000009,Current
LN-501347,CUST-101067,2025-02-28,0,0,False,False,38860.504999999976,Current
LN-501348,CUST-105095,2025-02-28,0,0,False,False,24316.99,Current
LN-501350,CUST-107762,2025-02-28,0,0,False,False,32134.08,Current
LN-501351,CUST-103227,2025-02-28,0,0,False,False,6714.93,Current
LN-501353,CUST-105685,2025-02-28,0,0,False,False,12159.74,Current
LN-501354,CUST-102918,2025-02-28,0,0,False,False,6754.325000000003,Current
LN-501355,CUST-106692,2025-02-28,0,0,False,False,9539.82,Current
LN-501356,CUST-101265,2025-02-28,1,9,False,False,11915.574999999997,1-29
LN-501357,CUST-103545,2025-02-28,0,0,False,False,11970.070000000003,Current
LN-501358,CUST-101045,2025-02-28,0,0,False,False,48802.787500000006,Current
LN-501360,CUST-104822,2025-02-28,0,0,False,False,43708.6,Current
LN-501361,CUST-105903,2025-02-28,0,0,False,False,16358.009999999998,Current
LN-501362,CUST-107765,2025-02-28,0,0,False,False,7716.522499999997,Current
LN-501363,CUST-100833,2025-02-28,0,0,False,False,11299.9575,Current
LN-501364,CUST-104058,2025-02-28,0,0,False,False,6533.665,Current
LN-501365,CUST-105124,2025-02-28,0,0,False,False,619511.05,Current
LN-501366,CUST-102804,2025-02-28,0,0,False,False,33972.31500000001,Current
LN-501367,CUST-104551,2025-02-28,0,0,False,False,15923.912499999999,Current
LN-501368,CUST-104313,2025-02-28,0,0,False,False,87346.40750000003,Current
LN-501369,CUST-106415,2025-02-28,0,0,False,False,14051.550000000008,Current
LN-501370,CUST-105661,2025-02-28,0,0,False,False,11435.93,Current
LN-501371,CUST-101485,2025-02-28,0,0,False,False,16795.299999999992,Current
LN-501372,CUST-103369,2025-02-28,0,0,False,False,21434.132499999996,Current
LN-501373,CUST-105870,2025-02-28,0,0,False,False,50426.43250000001,Current
LN-501374,CUST-100701,2025-02-28,0,0,False,False,17325.11499999999,Current
LN-501375,CUST-102811,2025-02-28,0,0,False,False,39605.92000000001,Current
LN-501376,CUST-103059,2025-02-28,0,0,False,False,16505.045000000016,Current
LN-501377,CUST-106329,2025-02-28,0,0,False,False,37929.870000000024,Current
LN-501378,CUST-106823,2025-02-28,0,0,False,False,368448.0275000002,Current
LN-501379,CUST-102679,2025-02-28,0,0,False,False,27886.52,Current
LN-501380,CUST-106650,2025-02-28,0,0,False,False,62473.925,Current
LN-501383,CUST-106747,2025-02-28,2,57,False,False,10409.335,30-59
LN-501384,CUST-106937,2025-02-28,0,0,False,False,12159.330000000005,Current
LN-501385,CUST-103674,2025-02-28,0,0,False,False,23549.757499999996,Current
LN-501386,CUST-103690,2025-02-28,1,8,False,False,9482.657500000001,1-29
LN-501387,CUST-103865,2025-02-28,0,0,False,False,1923.5399999999997,Current
LN-501388,CUST-105648,2025-02-28,1,3,False,False,19339.827500000007,1-29
LN-501389,CUST-104262,2025-02-28,0,0,False,False,23932.425,Current
LN-501390,CUST-107529,2025-02-28,0,0,False,False,6312.71,Current
LN-501391,CUST-101647,2025-02-28,0,0,False,False,27216.54,Current
LN-501392,CUST-103655,2025-02-28,0,0,False,False,45149.002499999995,Current
LN-501393,CUST-105393,2025-02-28,0,0,False,False,97967.38000000005,Current
LN-501395,CUST-105329,2025-02-28,0,0,False,False,11081.320000000003,Current
LN-501397,CUST-100176,2025-02-28,0,0,False,False,32994.462499999994,Current
LN-501398,CUST-101662,2025-02-28,0,0,False,False,124528.3225,Current
LN-501399,CUST-105361,2025-02-28,0,0,False,False,25482.97000000001,Current
LN-501400,CUST-102831,2025-02-28,0,0,False,False,16376.07,Current
LN-501401,CUST-104798,2025-02-28,0,0,False,False,22311.159999999985,Current
LN-501402,CUST-107028,2025-02-28,0,0,False,False,30819.559999999994,Current
LN-501403,CUST-102719,2025-02-28,0,0,False,False,17512.98000000001,Current
LN-501404,CUST-107241,2025-02-28,0,0,False,False,38491.46749999999,Current
LN-501405,CUST-107843,2025-02-28,0,0,False,False,29813.954999999987,Current
LN-501406,CUST-103383,2025-02-28,0,0,False,False,39437.619999999995,Current
LN-501408,CUST-100783,2025-02-28,0,0,False,False,17796.072500000006,Current
LN-501410,CUST-105716,2025-02-28,0,0,False,False,30245.470000000016,Current
LN-501411,CUST-105027,2025-02-28,0,0,False,False,4343.155000000001,Current
LN-501412,CUST-104428,2025-02-28,0,0,False,False,7875.4000000000015,Current
LN-501414,CUST-104777,2025-02-28,0,0,False,False,24611.055000000008,Current
LN-501418,CUST-101907,2025-02-28,0,0,False,False,14300.644999999993,Current
LN-501419,CUST-100931,2025-02-28,0,0,True,False,24344.277499999997,Current
LN-501420,CUST-105350,2025-02-28,0,0,False,False,118497.34500000003,Current
LN-501422,CUST-105040,2025-02-28,0,0,False,False,13607.482499999996,Current
LN-501423,CUST-101281,2025-02-28,0,0,False,False,48079.389999999985,Current
LN-501428,CUST-101091,2025-02-28,0,0,False,False,1676.8749999999998,Current
LN-501429,CUST-104593,2025-02-28,0,0,False,False,43848.33,Current
LN-501430,CUST-100206,2025-02-28,0,0,False,False,19677.772500000003,Current
LN-501431,CUST-106499,2025-02-28,0,0,False,False,44109.30999999999,Current
LN-501432,CUST-105492,2025-02-28,0,0,False,False,252065.81999999998,Current
LN-501434,CUST-105775,2025-02-28,0,0,False,False,216033.91,Current
LN-501435,CUST-102785,2025-02-28,0,0,False,False,44547.68,Current
LN-501436,CUST-106688,2025-02-28,0,0,False,False,58579.96,Current
LN-501437,CUST-107295,2025-02-28,0,0,False,False,19717.829999999994,Current
LN-501438,CUST-104715,2025-02-28,0,0,False,False,9675.342500000004,Current
LN-501439,CUST-103108,2025-02-28,0,0,False,False,16543.50250000001,Current
LN-501440,CUST-100849,2025-02-28,0,0,False,False,49035.595,Current
LN-501441,CUST-105390,2025-02-28,0,0,False,False,33351.77000000001,Current
LN-501442,CUST-105412,2025-02-28,0,0,False,False,610720.4025000003,Current
LN-501443,CUST-100685,2025-02-28,0,0,False,False,20606.52000000001,Current
LN-501444,CUST-104444,2025-02-28,0,0,False,False,26940.37,Current
LN-501445,CUST-103546,2025-02-28,0,0,False,False,5357.2925,Current
LN-501446,CUST-105798,2025-02-28,0,0,False,False,92891.92999999996,Current
LN-501447,CUST-102497,2025-02-28,0,0,False,False,132854.34999999998,Current
LN-501448,CUST-103089,2025-02-28,0,0,False,False,9765.769999999995,Current
LN-501449,CUST-107844,2025-02-28,0,0,True,False,6654.320000000003,Current
LN-501453,CUST-100790,2025-02-28,0,0,False,False,9276.355000000003,Current
LN-501454,CUST-106225,2025-02-28,0,0,False,False,9196.169999999996,Current
LN-501455,CUST-102213,2025-02-28,0,0,False,False,42634.00499999999,Current
LN-501456,CUST-100336,2025-02-28,0,0,False,False,37604.305000000015,Current
LN-501457,CUST-102873,2025-02-28,0,0,False,False,20304.03,Current
LN-501458,CUST-107608,2025-02-28,0,0,False,False,60467.92,Current
LN-501459,CUST-101249,2025-02-28,0,0,False,False,129085.72999999997,Current
LN-501462,CUST-106515,2025-02-28,0,0,False,False,51345.935,Current
LN-501463,CUST-101581,2025-02-28,0,0,False,False,40360.99999999999,Current
LN-501464,CUST-106838,2025-02-28,0,0,False,False,18707.395000000004,Current
LN-501465,CUST-101196,2025-02-28,0,0,False,False,28764.335,Current
LN-501466,CUST-103508,2025-02-28,0,0,False,False,24337.540000000015,Current
LN-501469,CUST-107784,2025-02-28,0,0,False,False,152727.71000000002,Current
LN-501470,CUST-103138,2025-02-28,0,0,False,False,18396.16,Current
LN-501472,CUST-102337,2025-02-28,0,0,False,False,12852.787499999999,Current
LN-501473,CUST-103347,2025-02-28,0,0,False,False,23771.2525,Current
LN-501475,CUST-100968,2025-02-28,0,0,False,False,17663.947500000002,Current
LN-501476,CUST-104467,2025-02-28,0,0,False,False,38920.575000000004,Current
LN-501477,CUST-106403,2025-02-28,0,0,False,False,43074.32499999999,Current
LN-501480,CUST-104572,2025-02-28,0,0,False,False,27598.142499999998,Current
LN-501481,CUST-101628,2025-02-28,0,0,True,False,15333.569999999996,Current
LN-501482,CUST-102538,2025-02-28,0,0,False,False,7133.842499999998,Current
LN-501483,CUST-100623,2025-02-28,0,0,False,False,231926.98500000002,Current
LN-501484,CUST-107244,2025-02-28,0,0,False,False,78375.25249999997,Current
LN-501485,CUST-102638,2025-02-28,0,0,False,False,8972.489999999998,Current
LN-501486,CUST-107447,2025-02-28,0,0,False,False,40167.59000000001,Current
LN-501489,CUST-107681,2025-02-28,0,0,False,False,22257.770000000015,Current
LN-501490,CUST-101809,2025-02-28,0,0,False,False,34572.82499999999,Current
LN-501491,CUST-103777,2025-02-28,4,196,False,False,5280.2875,90+
LN-501493,CUST-105158,2025-02-28,0,0,False,False,19393.682500000003,Current
LN-501494,CUST-101649,2025-02-28,0,0,False,False,27443.022500000003,Current
LN-501495,CUST-103617,2025-02-28,0,0,False,False,11687.379999999996,Current
LN-501496,CUST-106491,2025-02-28,0,0,False,False,4160.279999999999,Current
LN-501498,CUST-104068,2025-02-28,0,0,False,False,16131.865000000014,Current
LN-501499,CUST-105211,2025-02-28,0,0,False,False,33207.77000000001,Current
LN-501500,CUST-106534,2025-02-28,0,0,False,False,20583.304999999997,Current
LN-501501,CUST-102079,2025-02-28,0,0,False,False,22183.699999999986,Current
LN-501502,CUST-105137,2025-02-28,0,0,False,False,40863.515000000014,Current
LN-501503,CUST-103955,2025-02-28,4,108,False,False,24170.252500000013,90+
LN-501504,CUST-102543,2025-02-28,0,0,False,False,10261.410000000007,Current
LN-501505,CUST-100401,2025-02-28,0,0,False,False,41605.88000000002,Current
LN-501507,CUST-106911,2025-02-28,0,0,False,False,5859.554999999998,Current
LN-501508,CUST-104541,2025-02-28,0,0,False,False,45966.134999999995,Current
LN-501509,CUST-105086,2025-02-28,1,19,False,False,24989.7175,1-29
LN-501512,CUST-107011,2025-02-28,1,15,False,False,47294.1525,1-29
LN-501513,CUST-102950,2025-02-28,0,0,False,False,18874.054999999993,Current
LN-501514,CUST-105140,2025-02-28,0,0,False,False,13150.602499999999,Current
LN-501515,CUST-105179,2025-02-28,0,0,False,False,63671.94999999999,Current
LN-501516,CUST-104322,2025-02-28,0,0,False,False,10524.602499999999,Current
LN-501518,CUST-102433,2025-02-28,0,0,False,False,3662.8525000000004,Current
LN-501519,CUST-102902,2025-02-28,0,0,False,False,20191.12,Current
LN-501520,CUST-102218,2025-02-28,0,0,False,False,12928.37,Current
LN-501521,CUST-106797,2025-02-28,0,0,False,False,16840.5825,Current
LN-501522,CUST-106281,2025-02-28,0,0,False,False,771.1799999999996,Current
LN-501523,CUST-101116,2025-02-28,4,140,False,False,91226.67000000004,90+
LN-501524,CUST-105517,2025-02-28,0,0,False,False,8919.15749999999,Current
LN-501525,CUST-102878,2025-02-28,0,0,False,False,79941.84250000007,Current
LN-501526,CUST-105214,2025-02-28,0,0,False,False,21671.04,Current
LN-501528,CUST-103294,2025-02-28,0,0,False,False,34896.0275,Current
LN-501529,CUST-100766,2025-02-28,0,0,False,False,10782.82,Current
LN-501530,CUST-101876,2025-02-28,0,0,False,False,23433.73000000001,Current
LN-501531,CUST-101292,2025-02-28,0,0,False,False,21872.55,Current
LN-501532,CUST-107022,2025-02-28,0,0,False,False,19359.465,Current
LN-501533,CUST-103483,2025-02-28,0,0,False,False,23528.657499999994,Current
LN-501534,CUST-103064,2025-02-28,1,7,False,False,21837.925000000003,1-29
LN-501536,CUST-107915,2025-02-28,0,0,True,False,4912.652499999998,Current
LN-501537,CUST-100694,2025-02-28,0,0,False,False,25340.004999999997,Current
LN-501538,CUST-103541,2025-02-28,0,0,False,False,8410.765000000003,Current
LN-501540,CUST-101719,2025-02-28,0,0,False,False,116858.46,Current
LN-501541,CUST-100112,2025-02-28,0,0,False,False,9392.549999999997,Current
LN-501542,CUST-100355,2025-02-28,0,0,False,False,40666.372499999976,Current
LN-501543,CUST-105392,2025-02-28,0,0,False,False,27944.960000000006,Current
LN-501544,CUST-104821,2025-02-28,0,0,False,False,21516.33,Current
LN-501546,CUST-105316,2025-02-28,0,0,False,False,36079.719999999965,Current
LN-501548,CUST-104164,2025-02-28,0,0,False,False,31619.924999999996,Current
LN-501549,CUST-100526,2025-02-28,0,0,False,False,5559.167499999994,Current
LN-501550,CUST-107195,2025-02-28,0,0,False,False,17288.610000000015,Current
LN-501554,CUST-101835,2025-02-28,0,0,False,False,30457.66,Current
LN-501555,CUST-101803,2025-02-28,0,0,False,False,5569.659999999999,Current
LN-501556,CUST-106860,2025-02-28,1,10,False,False,109972.86000000002,1-29
LN-501557,CUST-105132,2025-02-28,0,0,False,False,15855.86,Current
LN-501558,CUST-106221,2025-02-28,0,0,False,False,18663.402499999997,Current
LN-501559,CUST-107486,2025-02-28,0,0,False,False,16346.39749999999,Current
LN-501560,CUST-102326,2025-02-28,0,0,False,False,3522.267500000001,Current
LN-501561,CUST-101850,2025-02-28,0,0,False,False,3416.38,Current
LN-501562,CUST-103954,2025-02-28,0,0,False,False,31018.179999999993,Current
LN-501564,CUST-100407,2025-02-28,0,0,False,False,32426.619999999963,Current
LN-501565,CUST-100181,2025-02-28,0,0,False,False,25039.377500000006,Current
LN-501566,CUST-105943,2025-02-28,0,0,False,False,37216.18250000001,Current
LN-501567,CUST-105143,2025-02-28,0,0,False,False,51966.26000000001,Current
LN-501568,CUST-101364,2025-02-28,0,0,False,False,116852.32999999993,Current
LN-501569,CUST-105008,2025-02-28,0,0,False,False,15187.437500000011,Current
LN-501570,CUST-107195,2025-02-28,0,0,False,False,33929.75,Current
LN-501572,CUST-102386,2025-02-28,0,0,False,False,1908.77,Current
LN-501573,CUST-103000,2025-02-28,0,0,False,False,24444.01999999999,Current
LN-501574,CUST-107903,2025-02-28,0,0,False,False,4946.959999999999,Current
LN-501575,CUST-104800,2025-02-28,0,0,False,False,20704.750000000004,Current
LN-501576,CUST-100249,2025-02-28,0,0,False,False,40051.534999999996,Current
LN-501577,CUST-105382,2025-02-28,0,0,False,False,16140.184999999985,Current
LN-501578,CUST-101375,2025-02-28,0,0,False,False,16121.315000000004,Current
LN-501579,CUST-102171,2025-02-28,0,0,False,False,21979.51499999999,Current
LN-501580,CUST-105018,2025-02-28,0,0,False,False,2099.2649999999985,Current
LN-501581,CUST-107162,2025-02-28,0,0,False,False,7060.949999999998,Current
LN-501582,CUST-102813,2025-02-28,0,0,False,False,42496.682499999995,Current
LN-501583,CUST-102593,2025-02-28,0,0,False,False,31630.2525,Current
LN-501584,CUST-106333,2025-02-28,0,0,False,False,27278.809999999994,Current
LN-501585,CUST-106897,2025-02-28,0,0,False,False,530704.5800000002,Current
LN-501586,CUST-106073,2025-02-28,2,41,False,False,7431.762500000001,30-59
LN-501588,CUST-107730,2025-02-28,0,0,False,False,33445.409999999996,Current
LN-501589,CUST-102650,2025-02-28,0,0,False,False,6781.33,Current
LN-501590,CUST-101716,2025-02-28,2,38,False,False,2368.2249999999995,30-59
LN-501591,CUST-104267,2025-02-28,0,0,True,False,3104.4625000000005,Current
LN-501592,CUST-101548,2025-02-28,0,0,False,False,92189.40500000003,Current
LN-501593,CUST-105457,2025-02-28,0,0,False,False,12029.380000000003,Current
LN-501594,CUST-106162,2025-02-28,0,0,False,False,45586.52999999997,Current
LN-501595,CUST-106103,2025-02-28,0,0,False,False,14606.499999999995,Current
LN-501596,CUST-102237,2025-02-28,2,39,False,False,18957.295000000016,30-59
LN-501597,CUST-102470,2025-02-28,0,0,False,False,289733.67,Current
LN-501599,CUST-105586,2025-02-28,0,0,False,False,100041.24,Current
LN-501600,CUST-107767,2025-02-28,0,0,False,False,35291.89249999999,Current
LN-501601,CUST-100964,2025-02-28,2,31,False,False,26974.61,30-59
LN-501602,CUST-100169,2025-02-28,2,44,False,False,9131.46,30-59
LN-501604,CUST-101307,2025-02-28,0,0,False,False,20129.91,Current
LN-501605,CUST-105733,2025-02-28,1,21,False,False,16299.13,1-29
LN-501606,CUST-101632,2025-02-28,0,0,False,False,42128.539999999986,Current
LN-501607,CUST-102815,2025-02-28,0,0,False,False,58577.69250000003,Current
LN-501608,CUST-104447,2025-02-28,0,0,False,False,163251.05249999985,Current
LN-501611,CUST-102777,2025-02-28,0,0,False,False,24461.792499999985,Current
LN-501612,CUST-101658,2025-02-28,0,0,False,False,13804.327499999998,Current
LN-501614,CUST-102562,2025-02-28,0,0,False,False,13515.520000000002,Current
LN-501617,CUST-103150,2025-02-28,0,0,False,False,316676.62749999994,Current
LN-501618,CUST-107341,2025-02-28,0,0,False,False,7533.380000000001,Current
LN-501619,CUST-107693,2025-02-28,0,0,False,False,50505.75500000002,Current
LN-501620,CUST-100042,2025-02-28,0,0,False,False,27440.35,Current
LN-501621,CUST-103901,2025-02-28,0,0,False,False,13316.677499999993,Current
LN-501622,CUST-105369,2025-02-28,0,0,False,False,11996.55,Current
LN-501624,CUST-103111,2025-02-28,1,20,False,False,38237.37,1-29
LN-501625,CUST-105989,2025-02-28,0,0,False,False,3776.9149999999986,Current
LN-501626,CUST-100555,2025-02-28,0,0,False,False,41436.219999999965,Current
LN-501629,CUST-100302,2025-02-28,0,0,False,False,28360.21750000001,Current
LN-501630,CUST-100118,2025-02-28,0,0,False,False,16109.514999999983,Current
LN-501631,CUST-106390,2025-02-28,0,0,False,False,104762.82,Current
LN-501633,CUST-101927,2025-02-28,1,8,False,False,120864.01,1-29
LN-501634,CUST-107670,2025-02-28,1,2,False,False,3527.0149999999994,1-29
LN-501636,CUST-106490,2025-02-28,0,0,False,False,41615.665000000015,Current
LN-501637,CUST-104582,2025-02-28,0,0,False,False,35843.28,Current
LN-501638,CUST-100453,2025-02-28,0,0,False,False,2410.5650000000014,Current
LN-501639,CUST-104365,2025-02-28,0,0,False,False,5296.889999999998,Current
LN-501640,CUST-100091,2025-02-28,0,0,False,False,29943.01000000002,Current
LN-501641,CUST-106967,2025-02-28,0,0,False,False,1885.0775000000008,Current
LN-501643,CUST-103783,2025-02-28,0,0,False,False,3198.6749999999997,Current
LN-501644,CUST-101895,2025-02-28,0,0,False,False,13876.749999999998,Current
LN-501645,CUST-104387,2025-02-28,0,0,False,False,27159.05999999999,Current
LN-501646,CUST-105376,2025-02-28,0,0,False,False,23723.389999999985,Current
LN-501647,CUST-103466,2025-02-28,0,0,False,False,29345.897500000006,Current
LN-501648,CUST-106350,2025-02-28,0,0,False,False,44322.935000000005,Current
LN-501649,CUST-106318,2025-02-28,0,0,False,False,21486.0175,Current
LN-501650,CUST-102156,2025-02-28,0,0,False,False,23333.114999999998,Current
LN-501653,CUST-102691,2025-02-28,0,0,False,False,21447.282499999994,Current
LN-501655,CUST-106037,2025-02-28,0,0,False,False,7822.5525,Current
LN-501656,CUST-102336,2025-02-28,0,0,False,False,26148.335,Current
LN-501658,CUST-101206,2025-02-28,0,0,False,False,21523.14999999999,Current
LN-501659,CUST-107921,2025-02-28,0,0,False,False,80324.06999999996,Current
LN-501660,CUST-102403,2025-02-28,0,0,False,False,22247.749999999996,Current
LN-501661,CUST-107273,2025-02-28,0,0,False,False,13831.33,Current
LN-501662,CUST-107844,2025-02-28,0,0,False,False,12254.004999999997,Current
LN-501663,CUST-106455,2025-02-28,0,0,False,False,596111.0400000007,Current
LN-501664,CUST-107279,2025-02-28,4,113,False,False,24364.597499999996,90+
LN-501665,CUST-104978,2025-02-28,0,0,False,False,21511.740000000005,Current
LN-501667,CUST-100420,2025-02-28,0,0,False,False,8306.26,Current
LN-501668,CUST-106915,2025-02-28,0,0,False,False,53252.6725,Current
LN-501669,CUST-104526,2025-02-28,0,0,False,False,555363.0,Current
LN-501670,CUST-104537,2025-02-28,4,92,False,False,582060.9625000001,90+
LN-501671,CUST-103893,2025-02-28,0,0,True,False,135211.62000000002,Current
LN-501672,CUST-105963,2025-02-28,0,0,False,False,18993.309999999983,Current
LN-501673,CUST-106790,2025-02-28,1,25,False,False,42474.122500000005,1-29
LN-501676,CUST-106749,2025-02-28,0,0,False,False,17933.81,Current
LN-501677,CUST-101148,2025-02-28,0,0,False,False,6598.840000000001,Current
LN-501678,CUST-102773,2025-02-28,0,0,False,False,20008.415,Current
LN-501681,CUST-105348,2025-02-28,0,0,False,False,109298.17499999999,Current
LN-501682,CUST-106466,2025-02-28,0,0,False,False,11161.5975,Current
LN-501683,CUST-106191,2025-02-28,0,0,False,False,9083.14,Current
LN-501684,CUST-105560,2025-02-28,0,0,False,False,15693.970000000012,Current
LN-501685,CUST-102421,2025-02-28,0,0,False,False,52025.26,Current
LN-501686,CUST-107598,2025-02-28,0,0,False,False,26061.59,Current
LN-501688,CUST-101375,2025-02-28,0,0,False,False,15246.630000000003,Current
LN-501689,CUST-100837,2025-02-28,0,0,False,False,47870.05,Current
LN-501691,CUST-100835,2025-02-28,0,0,False,False,13489.96,Current
LN-501692,CUST-101855,2025-02-28,0,0,False,False,86782.11999999998,Current
LN-501693,CUST-107641,2025-02-28,0,0,False,False,7478.700000000005,Current
LN-501694,CUST-106852,2025-02-28,0,0,True,False,1673.5749999999998,Current
LN-501696,CUST-100563,2025-02-28,0,0,False,False,223575.225,Current
LN-501697,CUST-104754,2025-02-28,0,0,False,False,83177.27249999999,Current
LN-501698,CUST-107334,2025-02-28,0,0,False,False,9124.257499999989,Current
LN-501700,CUST-104209,2025-02-28,0,0,False,False,16177.32750000001,Current
LN-501701,CUST-104772,2025-02-28,1,22,False,False,8809.669999999996,1-29
LN-501702,CUST-104124,2025-02-28,0,0,False,False,139533.60999999984,Current
LN-501703,CUST-107640,2025-02-28,0,0,False,False,17784.73,Current
LN-501705,CUST-101350,2025-02-28,0,0,False,False,112283.55249999998,Current
LN-501706,CUST-101692,2025-02-28,0,0,False,False,11801.412500000002,Current
LN-501708,CUST-100588,2025-02-28,0,0,False,False,16474.904999999995,Current
LN-501709,CUST-105509,2025-02-28,0,0,False,False,24591.3725,Current
LN-501710,CUST-101295,2025-02-28,0,0,False,False,47244.06,Current
LN-501712,CUST-101735,2025-02-28,0,0,False,False,30098.337500000016,Current
LN-501713,CUST-102126,2025-02-28,0,0,False,False,12004.489999999996,Current
LN-501714,CUST-104015,2025-02-28,2,37,False,False,35433.807499999995,30-59
LN-501715,CUST-103517,2025-02-28,0,0,False,False,2867.285000000001,Current
LN-501717,CUST-103819,2025-02-28,0,0,False,False,13853.910000000005,Current
LN-501718,CUST-105164,2025-02-28,0,0,False,False,511321.41500000004,Current
LN-501721,CUST-106448,2025-02-28,0,0,False,False,4377.574999999998,Current
LN-501722,CUST-106453,2025-02-28,0,0,False,False,25289.1825,Current
LN-501723,CUST-103565,2025-02-28,0,0,False,False,17714.35000000001,Current
LN-501724,CUST-105504,2025-02-28,0,0,False,False,21269.169999999995,Current
LN-501725,CUST-105101,2025-02-28,0,0,False,False,18670.52,Current
LN-501726,CUST-100868,2025-02-28,0,0,False,False,40334.79,Current
LN-501727,CUST-102226,2025-02-28,2,39,False,False,8238.155,30-59
LN-501728,CUST-104286,2025-02-28,0,0,False,False,12223.879999999997,Current
LN-501729,CUST-103313,2025-02-28,0,0,False,False,6577.98,Current
LN-501730,CUST-104652,2025-02-28,0,0,False,False,16443.11,Current
LN-501731,CUST-100877,2025-02-28,0,0,False,False,17864.804999999993,Current
LN-501733,CUST-105756,2025-02-28,0,0,False,False,353128.74000000005,Current
LN-501734,CUST-104786,2025-02-28,0,0,False,False,22228.820000000007,Current
LN-501735,CUST-107090,2025-02-28,0,0,False,False,11407.8875,Current
LN-501736,CUST-107111,2025-02-28,0,0,False,False,17056.309999999987,Current
LN-501737,CUST-104312,2025-02-28,0,0,False,False,10775.679999999997,Current
LN-501739,CUST-104955,2025-02-28,0,0,False,False,28750.017500000005,Current
LN-501741,CUST-106074,2025-02-28,3,88,False,False,24329.280000000002,60-89
LN-501743,CUST-100346,2025-02-28,0,0,False,False,3147.3149999999996,Current
LN-501744,CUST-105595,2025-02-28,0,0,False,False,9925.955000000009,Current
LN-501747,CUST-104020,2025-02-28,0,0,False,False,36214.34,Current
LN-501748,CUST-100600,2025-02-28,0,0,False,False,32503.075,Current
LN-501749,CUST-105085,2025-02-28,0,0,True,False,10750.065,Current
LN-501751,CUST-100476,2025-02-28,0,0,False,False,12654.859999999999,Current
LN-501752,CUST-106470,2025-02-28,0,0,False,False,43169.82,Current
LN-501754,CUST-100467,2025-02-28,0,0,False,False,10444.559999999998,Current
LN-501755,CUST-107127,2025-02-28,0,0,False,False,17177.857499999995,Current
LN-501757,CUST-106446,2025-02-28,0,0,False,False,21308.239999999987,Current
LN-501759,CUST-105026,2025-02-28,0,0,False,False,51636.59,Current
LN-501760,CUST-107092,2025-02-28,0,0,False,False,27294.45999999998,Current
LN-501762,CUST-104203,2025-02-28,0,0,False,False,36171.99500000002,Current
LN-501763,CUST-103521,2025-02-28,0,0,False,False,23148.327500000007,Current
LN-501764,CUST-100184,2025-02-28,0,0,False,False,9824.777499999997,Current
LN-501765,CUST-106192,2025-02-28,0,0,False,False,7302.165000000004,Current
LN-501766,CUST-102665,2025-02-28,0,0,False,False,47843.0875,Current
LN-501767,CUST-104091,2025-02-28,0,0,False,False,6131.625000000002,Current
LN-501768,CUST-101338,2025-02-28,0,0,False,False,23824.519999999982,Current
LN-501769,CUST-102962,2025-02-28,0,0,False,False,19370.79750000001,Current
LN-501771,CUST-101826,2025-02-28,0,0,False,False,28762.890000000014,Current
LN-501772,CUST-101171,2025-02-28,4,145,False,False,28115.385,90+
LN-501773,CUST-101355,2025-02-28,0,0,False,False,39439.80000000003,Current
LN-501774,CUST-100787,2025-02-28,0,0,False,False,87436.36500000005,Current
LN-501775,CUST-103957,2025-02-28,0,0,False,False,19326.765,Current
LN-501777,CUST-103831,2025-02-28,0,0,False,False,37653.975000000006,Current
LN-501778,CUST-107889,2025-02-28,0,0,False,False,1850.9900000000002,Current
LN-501779,CUST-102126,2025-02-28,0,0,False,False,14544.329999999998,Current
LN-501780,CUST-105927,2025-02-28,0,0,False,False,5242.799999999996,Current
LN-501781,CUST-106277,2025-02-28,0,0,False,False,3844.27,Current
LN-501783,CUST-107299,2025-02-28,0,0,False,False,43335.08,Current
LN-501784,CUST-101924,2025-02-28,0,0,False,False,20275.53,Current
LN-501785,CUST-104509,2025-02-28,0,0,False,False,142615.95250000004,Current
LN-501786,CUST-107694,2025-02-28,0,0,False,False,13425.535000000005,Current
LN-501787,CUST-104897,2025-02-28,0,0,False,False,2373.85,Current
LN-501790,CUST-100529,2025-02-28,0,0,False,False,423834.845,Current
LN-501791,CUST-102335,2025-02-28,0,0,False,False,494838.09749999974,Current
LN-501792,CUST-106356,2025-02-28,0,0,False,False,3044.472499999998,Current
LN-501793,CUST-105068,2025-02-28,0,0,False,False,11711.950000000003,Current
LN-501795,CUST-105738,2025-02-28,0,0,False,False,16968.380000000016,Current
LN-501797,CUST-102945,2025-02-28,0,0,False,False,23108.0325,Current
LN-501798,CUST-103579,2025-02-28,0,0,False,False,37690.12500000001,Current
LN-501799,CUST-103754,2025-02-28,0,0,False,False,66965.48999999998,Current
LN-501800,CUST-104417,2025-02-28,0,0,False,False,72015.41500000002,Current
LN-501801,CUST-105224,2025-02-28,0,0,False,False,21469.53,Current
LN-501802,CUST-103218,2025-02-28,0,0,False,False,5686.179999999999,Current
LN-501803,CUST-100130,2025-02-28,4,167,False,False,52899.0875,90+
LN-501804,CUST-103749,2025-02-28,0,0,False,False,44035.479999999996,Current
LN-501805,CUST-103427,2025-02-28,0,0,False,False,28949.332500000015,Current
LN-501807,CUST-100815,2025-02-28,0,0,False,False,37734.76000000002,Current
LN-501808,CUST-106734,2025-02-28,0,0,False,False,27236.380000000012,Current
LN-501810,CUST-100943,2025-02-28,1,13,False,False,91585.70999999996,1-29
LN-501811,CUST-100455,2025-02-28,0,0,False,False,365361.5775,Current
LN-501812,CUST-103079,2025-02-28,0,0,False,False,17009.627499999995,Current
LN-501813,CUST-101365,2025-02-28,0,0,False,False,640.3800000000003,Current
LN-501814,CUST-100484,2025-02-28,0,0,False,False,20809.779999999988,Current
LN-501819,CUST-104716,2025-02-28,0,0,False,False,19296.607500000002,Current
LN-501820,CUST-101534,2025-02-28,0,0,False,False,11751.405000000002,Current
LN-501821,CUST-101803,2025-02-28,0,0,False,False,31020.000000000007,Current
LN-501822,CUST-105486,2025-02-28,0,0,False,False,9797.77,Current
LN-501823,CUST-107364,2025-02-28,0,0,False,False,17000.745000000003,Current
LN-501824,CUST-107739,2025-02-28,0,0,False,False,10111.21000000001,Current
LN-501825,CUST-100588,2025-02-28,0,0,False,False,2877.2325,Current
LN-501826,CUST-107847,2025-02-28,0,0,False,False,23131.349999999995,Current
LN-501827,CUST-101822,2025-02-28,0,0,False,False,17024.08750000001,Current
LN-501828,CUST-107049,2025-02-28,4,135,False,False,8702.965000000004,90+
LN-501829,CUST-100966,2025-02-28,0,0,False,False,40465.780000000006,Current
LN-501830,CUST-105171,2025-02-28,0,0,False,False,25169.665000000015,Current
LN-501831,CUST-103309,2025-02-28,0,0,False,False,2274.510000000002,Current
LN-501832,CUST-106966,2025-02-28,0,0,False,False,6763.592500000003,Current
LN-501833,CUST-100697,2025-02-28,0,0,False,False,43698.93249999998,Current
LN-501834,CUST-101415,2025-02-28,0,0,False,False,25982.109999999997,Current
LN-501836,CUST-107497,2025-02-28,0,0,False,False,51002.987499999996,Current
LN-501837,CUST-101180,2025-02-28,0,0,False,False,18360.837500000005,Current
LN-501838,CUST-104354,2025-02-28,0,0,False,False,155738.78,Current
LN-501839,CUST-107895,2025-02-28,0,0,False,False,24563.425,Current
LN-501841,CUST-104738,2025-02-28,2,41,False,False,78184.50999999997,30-59
LN-501842,CUST-104788,2025-02-28,0,0,False,False,37875.41499999999,Current
LN-501843,CUST-106317,2025-02-28,0,0,False,False,24584.472500000007,Current
LN-501844,CUST-107387,2025-02-28,0,0,False,False,17535.41,Current
LN-501847,CUST-105058,2025-02-28,0,0,False,False,9171.48,Current
LN-501848,CUST-102088,2025-02-28,0,0,False,False,16717.192499999994,Current
LN-501851,CUST-106547,2025-02-28,0,0,False,False,11966.4375,Current
LN-501852,CUST-102378,2025-02-28,0,0,False,False,22698.68000000001,Current
LN-501853,CUST-107239,2025-02-28,0,0,False,False,86748.24249999995,Current
LN-501854,CUST-101183,2025-02-28,0,0,False,False,11000.2625,Current
LN-501856,CUST-101468,2025-02-28,0,0,False,False,29602.407499999994,Current
LN-501857,CUST-106526,2025-02-28,0,0,False,False,16574.920000000013,Current
LN-501858,CUST-104165,2025-02-28,0,0,False,False,19022.8525,Current
LN-501859,CUST-100062,2025-02-28,0,0,False,False,40825.19999999999,Current
LN-501861,CUST-101570,2025-02-28,0,0,False,False,40507.4,Current
LN-501863,CUST-101899,2025-02-28,0,0,False,False,20033.037500000002,Current
LN-501864,CUST-103481,2025-02-28,0,0,False,False,6811.54,Current
LN-501865,CUST-106563,2025-02-28,0,0,False,False,26114.7025,Current
LN-501866,CUST-100350,2025-02-28,0,0,False,False,111785.54,Current
LN-501867,CUST-107260,2025-02-28,0,0,False,False,25244.64,Current
LN-501868,CUST-104393,2025-02-28,0,0,False,False,29685.329999999994,Current
LN-501869,CUST-100950,2025-02-28,1,4,False,False,14151.515000000007,1-29
LN-501870,CUST-100899,2025-02-28,0,0,False,False,16230.672499999997,Current
LN-501871,CUST-101486,2025-02-28,0,0,False,False,28992.574999999997,Current
LN-501872,CUST-105335,2025-02-28,0,0,False,False,33038.719999999994,Current
LN-501873,CUST-104297,2025-02-28,1,25,False,False,138157.96999999997,1-29
LN-501875,CUST-105225,2025-02-28,0,0,False,False,21941.100000000002,Current
LN-501877,CUST-102416,2025-02-28,0,0,False,False,15020.720000000001,Current
LN-501878,CUST-102188,2025-02-28,0,0,False,False,23711.302499999987,Current
LN-501880,CUST-102145,2025-02-28,0,0,False,False,19380.86,Current
LN-501881,CUST-104091,2025-02-28,0,0,False,False,13434.625,Current
LN-501882,CUST-101913,2025-02-28,0,0,False,False,35299.29500000002,Current
LN-501884,CUST-102877,2025-02-28,0,0,False,False,2917.6199999999994,Current
LN-501885,CUST-103294,2025-02-28,0,0,False,False,42160.504999999976,Current
LN-501888,CUST-103041,2025-02-28,0,0,False,False,5752.770000000001,Current
LN-501891,CUST-106695,2025-02-28,0,0,False,False,15229.264999999996,Current
LN-501892,CUST-107465,2025-02-28,4,153,False,False,22601.020000000004,90+
LN-501894,CUST-106784,2025-02-28,0,0,False,False,47075.299999999996,Current
LN-501895,CUST-101494,2025-02-28,0,0,False,False,561.46,Current
LN-501896,CUST-103220,2025-02-28,0,0,False,False,45225.51249999999,Current
LN-501897,CUST-101367,2025-02-28,0,0,False,False,3177.6825000000003,Current
LN-501898,CUST-100622,2025-02-28,0,0,True,False,16517.925,Current
LN-501899,CUST-100684,2025-02-28,0,0,False,False,34727.92,Current
LN-501900,CUST-107146,2025-02-28,0,0,False,False,8454.700000000003,Current
LN-501901,CUST-104927,2025-02-28,0,0,False,False,2009.0425000000007,Current
LN-501902,CUST-103188,2025-02-28,0,0,False,False,18715.225,Current
LN-501903,CUST-101066,2025-02-28,0,0,False,False,16125.15,Current
LN-501904,CUST-104801,2025-02-28,0,0,False,False,29057.719999999994,Current
LN-501905,CUST-103933,2025-02-28,0,0,False,False,39093.259999999995,Current
LN-501906,CUST-104412,2025-02-28,0,0,False,False,34073.71749999998,Current
LN-501907,CUST-101669,2025-02-28,0,0,False,False,44078.882499999985,Current
LN-501908,CUST-101107,2025-02-28,0,0,False,False,17407.47,Current
LN-501909,CUST-105362,2025-02-28,0,0,False,False,455.5649999999998,Current
LN-501911,CUST-103421,2025-02-28,0,0,False,False,22261.970000000005,Current
LN-501915,CUST-101871,2025-02-28,0,0,False,False,6038.5,Current
LN-501916,CUST-106132,2025-02-28,0,0,False,False,39424.382499999985,Current
LN-501917,CUST-104836,2025-02-28,0,0,False,False,17441.685000000005,Current
LN-501919,CUST-104463,2025-02-28,0,0,False,False,67060.56999999998,Current
LN-501920,CUST-107408,2025-02-28,0,0,False,False,14615.605,Current
LN-501922,CUST-103449,2025-02-28,0,0,False,False,8363.710000000001,Current
LN-501924,CUST-105113,2025-02-28,0,0,False,False,35970.48,Current
LN-501925,CUST-107893,2025-02-28,0,0,False,False,9954.042500000003,Current
LN-501926,CUST-103083,2025-02-28,0,0,False,False,49851.235,Current
LN-501927,CUST-100540,2025-02-28,0,0,False,False,40105.01000000004,Current
LN-501928,CUST-107929,2025-02-28,0,0,False,False,20610.93500000001,Current
LN-501929,CUST-103324,2025-02-28,0,0,False,False,18691.285,Current
LN-501931,CUST-104184,2025-02-28,0,0,False,False,20936.484999999997,Current
LN-501932,CUST-107974,2025-02-28,0,0,False,False,6628.174999999999,Current
LN-501933,CUST-106010,2025-02-28,0,0,False,False,11961.3,Current
LN-501934,CUST-101387,2025-02-28,0,0,False,False,11516.249999999996,Current
LN-501935,CUST-103506,2025-02-28,0,0,False,False,46380.5475,Current
LN-501936,CUST-106516,2025-02-28,0,0,False,False,22881.74499999999,Current
LN-501937,CUST-106451,2025-02-28,0,0,False,False,12992.334999999992,Current
LN-501938,CUST-106138,2025-02-28,0,0,False,False,7137.760000000002,Current
LN-501940,CUST-107677,2025-02-28,0,0,False,False,21690.300000000003,Current
LN-501941,CUST-101368,2025-02-28,0,0,False,False,48951.09,Current
LN-501942,CUST-105075,2025-02-28,0,0,False,False,24800.9,Current
LN-501943,CUST-106799,2025-02-28,0,0,False,False,10170.307499999999,Current
LN-501944,CUST-104233,2025-02-28,0,0,False,False,17226.59000000002,Current
LN-501945,CUST-105972,2025-02-28,0,0,False,False,29747.950000000004,Current
LN-501946,CUST-101806,2025-02-28,0,0,False,False,13736.130000000003,Current
LN-501948,CUST-107048,2025-02-28,0,0,False,False,80697.94,Current
LN-501950,CUST-106388,2025-02-28,0,0,False,False,15896.43,Current
LN-501951,CUST-102194,2025-02-28,0,0,False,False,8021.249999999998,Current
LN-501952,CUST-103808,2025-02-28,0,0,False,False,21277.260000000006,Current
LN-501954,CUST-101990,2025-02-28,0,0,False,False,2462.21,Current
LN-501955,CUST-105888,2025-02-28,0,0,False,False,378162.62000000005,Current
LN-501956,CUST-107994,2025-02-28,0,0,False,False,28203.065,Current
LN-501957,CUST-106085,2025-02-28,0,0,False,False,15718.037499999991,Current
LN-501960,CUST-107700,2025-02-28,0,0,False,False,3230.0825,Current
LN-501961,CUST-100307,2025-02-28,0,0,False,False,47767.27,Current
LN-501962,CUST-107407,2025-02-28,0,0,False,False,914.76,Current
LN-501965,CUST-106255,2025-02-28,0,0,False,False,5746.640000000002,Current
LN-501966,CUST-100973,2025-02-28,0,0,False,False,4087.1300000000015,Current
LN-501967,CUST-104883,2025-02-28,0,0,False,False,5956.9800000000005,Current
LN-501968,CUST-102542,2025-02-28,0,0,False,False,194104.98749999987,Current
LN-501970,CUST-107000,2025-02-28,0,0,False,False,15029.364999999994,Current
LN-501972,CUST-103580,2025-02-28,0,0,True,False,17335.39,Current
LN-501973,CUST-100366,2025-02-28,0,0,False,False,10822.065,Current
LN-501974,CUST-105161,2025-02-28,0,0,False,False,31073.759999999995,Current
LN-501975,CUST-106723,2025-02-28,0,0,False,False,3609.4299999999994,Current
LN-501976,CUST-103764,2025-02-28,0,0,False,False,25542.120000000003,Current
LN-501977,CUST-101929,2025-02-28,0,0,False,False,7850.919999999995,Current
LN-501978,CUST-104473,2025-02-28,0,0,False,False,19377.097500000003,Current
LN-501979,CUST-106647,2025-02-28,1,12,False,False,4598.539999999997,1-29
LN-501980,CUST-106556,2025-02-28,0,0,False,False,17067.965,Current
LN-501981,CUST-104565,2025-02-28,0,0,False,False,9492.442499999996,Current
LN-501982,CUST-100007,2025-02-28,0,0,False,False,20556.39,Current
LN-501983,CUST-102867,2025-02-28,0,0,False,False,17895.39749999999,Current
LN-501984,CUST-106644,2025-02-28,0,0,False,False,9171.37,Current
LN-501985,CUST-101594,2025-02-28,0,0,False,False,11659.349999999997,Current
LN-501987,CUST-104279,2025-02-28,0,0,False,False,42788.91999999999,Current
LN-501989,CUST-101331,2025-02-28,0,0,False,False,13938.240000000005,Current
LN-501990,CUST-102315,2025-02-28,0,0,False,False,52966.235,Current
LN-501991,CUST-102133,2025-02-28,0,0,False,False,38825.63,Current
LN-501993,CUST-100881,2025-02-28,0,0,False,False,6127.697500000002,Current
LN-501994,CUST-101029,2025-02-28,0,0,False,False,7824.990000000002,Current
LN-501995,CUST-106975,2025-02-28,1,4,False,False,127836.51500000001,1-29
LN-501996,CUST-105773,2025-02-28,0,0,False,False,26375.34999999999,Current
LN-501997,CUST-107470,2025-02-28,0,0,False,False,583.5499999999997,Current
LN-501998,CUST-101249,2025-02-28,0,0,False,False,17259.539999999997,Current
LN-501999,CUST-101490,2025-02-28,0,0,False,False,12800.1175,Current
LN-502000,CUST-102009,2025-02-28,0,0,False,False,18385.217500000002,Current
LN-502002,CUST-106437,2025-02-28,0,0,False,False,45290.035,Current
LN-502003,CUST-100202,2025-02-28,0,0,False,False,24974.9325,Current
LN-502004,CUST-106179,2025-02-28,0,0,False,False,51562.88,Current
LN-502005,CUST-106271,2025-02-28,0,0,False,False,6947.040000000003,Current
LN-502006,CUST-104459,2025-02-28,0,0,False,False,3629.47,Current
LN-502008,CUST-100486,2025-02-28,1,28,False,False,34420.85000000003,1-29
LN-502010,CUST-101389,2025-02-28,0,0,False,False,40361.5925,Current
LN-502011,CUST-106610,2025-02-28,0,0,False,False,20081.510000000006,Current
LN-502012,CUST-104411,2025-02-28,0,0,False,False,24732.72,Current
LN-502013,CUST-101386,2025-02-28,1,18,False,False,3119.2299999999987,1-29
LN-502014,CUST-107930,2025-02-28,0,0,False,False,20500.299999999996,Current
LN-502015,CUST-104044,2025-02-28,0,0,False,False,15648.954999999996,Current
LN-502018,CUST-100113,2025-02-28,0,0,False,False,27992.18,Current
LN-502019,CUST-101042,2025-02-28,0,0,False,False,41405.46999999997,Current
LN-502020,CUST-107401,2025-02-28,0,0,False,False,43112.700000000004,Current
LN-502021,CUST-104584,2025-02-28,0,0,False,False,35725.36,Current
LN-502023,CUST-101598,2025-02-28,0,0,False,False,2296.8150000000014,Current
LN-502024,CUST-106640,2025-02-28,1,4,False,False,28573.479999999996,1-29
LN-502027,CUST-101383,2025-02-28,0,0,False,False,21398.2225,Current
LN-502028,CUST-101937,2025-02-28,0,0,False,False,12852.87,Current
LN-502029,CUST-106809,2025-02-28,0,0,False,False,18009.455,Current
LN-502031,CUST-101449,2025-02-28,0,0,False,False,4835.802499999996,Current
LN-502032,CUST-101508,2025-02-28,0,0,False,False,24181.920000000002,Current
LN-502033,CUST-102329,2025-02-28,0,0,False,False,21483.835000000003,Current
LN-502034,CUST-103040,2025-02-28,3,76,False,False,2544.7999999999984,60-89
LN-502035,CUST-101965,2025-02-28,0,0,False,False,25314.58,Current
LN-502037,CUST-105102,2025-02-28,0,0,False,False,37631.177500000005,Current
LN-502038,CUST-100919,2025-02-28,0,0,False,False,8953.952499999998,Current
LN-502039,CUST-100096,2025-02-28,0,0,False,False,28179.620000000003,Current
LN-502041,CUST-104937,2025-02-28,0,0,False,False,25651.817500000005,Current
LN-502042,CUST-104923,2025-02-28,3,88,False,False,13176.080000000002,60-89
LN-502043,CUST-106301,2025-02-28,0,0,False,False,68500.86000000002,Current
LN-502044,CUST-101103,2025-02-28,0,0,False,False,21765.97,Current
LN-502045,CUST-103792,2025-02-28,0,0,False,False,36449.30249999998,Current
LN-502046,CUST-106412,2025-02-28,0,0,False,False,212026.13250000007,Current
LN-502047,CUST-104949,2025-02-28,0,0,False,False,20977.62,Current
LN-502048,CUST-100581,2025-02-28,0,0,False,False,2737.240000000001,Current
LN-502049,CUST-103090,2025-02-28,0,0,False,False,22406.962499999994,Current
LN-502050,CUST-101914,2025-02-28,0,0,False,False,15033.550000000003,Current
LN-502051,CUST-102445,2025-02-28,0,0,False,False,6966.39,Current
LN-502052,CUST-104097,2025-02-28,0,0,False,False,30029.980000000007,Current
LN-502053,CUST-101020,2025-02-28,0,0,False,False,12319.549999999994,Current
LN-502054,CUST-106987,2025-02-28,0,0,False,False,13312.514999999989,Current
LN-502056,CUST-105811,2025-02-28,0,0,False,False,31349.26999999999,Current
LN-502057,CUST-100627,2025-02-28,0,0,False,False,22850.87,Current
LN-502058,CUST-103554,2025-02-28,0,0,False,False,19163.510000000002,Current
LN-502061,CUST-102138,2025-02-28,0,0,False,False,47018.215,Current
LN-502062,CUST-100933,2025-02-28,0,0,False,False,18050.65750000002,Current
LN-502064,CUST-106096,2025-02-28,0,0,False,False,19131.545,Current
LN-502065,CUST-104099,2025-02-28,0,0,False,False,13213.219999999998,Current
LN-502066,CUST-105714,2025-02-28,0,0,False,False,7126.4400000000005,Current
LN-502067,CUST-105946,2025-02-28,0,0,False,False,22170.49,Current
LN-502068,CUST-103689,2025-02-28,0,0,False,False,16997.969999999994,Current
LN-502069,CUST-102340,2025-02-28,0,0,False,False,47295.98750000002,Current
LN-502070,CUST-105003,2025-02-28,0,0,False,False,29654.027499999997,Current
LN-502071,CUST-105301,2025-02-28,0,0,False,False,2303.6600000000008,Current
LN-502073,CUST-106619,2025-02-28,0,0,False,False,14618.010000000004,Current
LN-502075,CUST-100756,2025-02-28,0,0,False,False,36537.24,Current
LN-502076,CUST-106985,2025-02-28,0,0,False,False,34412.68,Current
LN-502077,CUST-101108,2025-02-28,0,0,False,False,1702.0049999999987,Current
LN-502079,CUST-102739,2025-02-28,0,0,False,False,28950.98,Current
LN-502080,CUST-100296,2025-02-28,0,0,False,False,17540.640000000003,Current
LN-502082,CUST-104745,2025-02-28,0,0,False,False,16782.06,Current
LN-502083,CUST-107934,2025-02-28,0,0,False,False,18542.877500000002,Current
LN-502084,CUST-105394,2025-02-28,0,0,False,False,3645.280000000003,Current
LN-502085,CUST-105273,2025-02-28,0,0,False,False,106369.12750000003,Current
LN-502086,CUST-105490,2025-02-28,0,0,False,False,23828.3175,Current
LN-502087,CUST-100174,2025-02-28,0,0,False,False,12614.060000000001,Current
LN-502088,CUST-103809,2025-02-28,0,0,False,False,27547.45499999999,Current
LN-502089,CUST-100986,2025-02-28,0,0,False,False,19192.10000000001,Current
LN-502090,CUST-105127,2025-02-28,0,0,False,False,8564.300000000003,Current
LN-502091,CUST-102025,2025-02-28,0,0,False,False,14176.699999999999,Current
LN-502092,CUST-105473,2025-02-28,0,0,False,False,14909.162499999999,Current
LN-502093,CUST-107830,2025-02-28,0,0,False,False,3455.869999999997,Current
LN-502094,CUST-105027,2025-02-28,0,0,False,False,13298.049999999992,Current
LN-502096,CUST-100929,2025-02-28,0,0,False,False,6809.235,Current
LN-502097,CUST-107941,2025-02-28,0,0,False,False,35485.39,Current
LN-502098,CUST-100921,2025-02-28,0,0,False,False,15434.705,Current
LN-502099,CUST-104763,2025-02-28,0,0,False,False,31526.19,Current
LN-502101,CUST-102065,2025-02-28,0,0,False,False,31292.25,Current
LN-502102,CUST-106807,2025-02-28,0,0,False,False,17175.590000000004,Current
LN-502106,CUST-102126,2025-02-28,0,0,False,False,9562.940000000008,Current
LN-502107,CUST-103064,2025-02-28,0,0,False,False,11036.74,Current
LN-502108,CUST-102497,2025-02-28,0,0,False,False,26653.995000000003,Current
LN-502110,CUST-104476,2025-02-28,0,0,False,False,9353.75,Current
LN-502111,CUST-103951,2025-02-28,0,0,False,False,13937.944999999992,Current
LN-502112,CUST-106562,2025-02-28,0,0,False,False,11888.749999999998,Current
LN-502113,CUST-104349,2025-02-28,0,0,False,False,3847.744999999999,Current
LN-502114,CUST-103446,2025-02-28,1,7,True,False,26384.817499999997,1-29
LN-502115,CUST-103069,2025-02-28,0,0,False,False,35284.03,Current
LN-502116,CUST-101974,2025-02-28,0,0,False,False,10757.482499999995,Current
LN-502118,CUST-101027,2025-02-28,0,0,False,False,21024.63,Current
LN-502119,CUST-106322,2025-02-28,0,0,False,False,10088.055000000002,Current
LN-502120,CUST-101377,2025-02-28,0,0,False,False,32249.42,Current
LN-502121,CUST-106069,2025-02-28,0,0,False,False,23316.452500000007,Current
LN-502122,CUST-105915,2025-02-28,0,0,False,False,11985.490000000003,Current
LN-502123,CUST-107863,2025-02-28,0,0,False,False,25495.839999999997,Current
LN-502124,CUST-106025,2025-02-28,0,0,False,False,2767.6400000000003,Current
LN-502125,CUST-107975,2025-02-28,0,0,False,False,32337.140000000007,Current
LN-502126,CUST-100885,2025-02-28,0,0,False,False,19356.38,Current
LN-502128,CUST-103099,2025-02-28,0,0,False,False,7628.365,Current
LN-502129,CUST-106936,2025-02-28,0,0,False,False,17041.3875,Current
LN-502132,CUST-105854,2025-02-28,0,0,False,False,33030.44,Current
LN-502133,CUST-104287,2025-02-28,0,0,False,False,18191.157500000005,Current
LN-502134,CUST-102695,2025-02-28,0,0,False,False,47311.32000000003,Current
LN-502137,CUST-105849,2025-02-28,0,0,False,False,12559.137499999999,Current
LN-502138,CUST-103399,2025-02-28,0,0,False,False,32587.7275,Current
LN-502139,CUST-106045,2025-02-28,0,0,True,False,30954.4,Current
LN-502140,CUST-103284,2025-02-28,0,0,False,False,12752.734999999993,Current
LN-502141,CUST-102073,2025-02-28,2,44,False,False,28206.925000000003,30-59
LN-502142,CUST-105451,2025-02-28,0,0,False,False,15561.867499999993,Current
LN-502143,CUST-102249,2025-02-28,0,0,False,False,19190.465000000007,Current
LN-502145,CUST-101985,2025-02-28,0,0,False,False,13998.51749999999,Current
LN-502146,CUST-103109,2025-02-28,0,0,False,False,15809.08500000001,Current
LN-502147,CUST-102727,2025-02-28,0,0,False,False,21567.752499999995,Current
LN-502149,CUST-107676,2025-02-28,0,0,False,False,9528.6525,Current
LN-502150,CUST-106422,2025-02-28,0,0,False,False,35317.59,Current
LN-502152,CUST-101702,2025-02-28,2,43,False,False,49306.545,30-59
LN-502153,CUST-100703,2025-02-28,0,0,False,False,9538.529999999999,Current
LN-502154,CUST-105388,2025-02-28,0,0,False,False,2503.56,Current
LN-502155,CUST-104696,2025-02-28,0,0,False,False,30887.562499999996,Current
LN-502156,CUST-103922,2025-02-28,0,0,False,False,15667.1,Current
LN-502158,CUST-102433,2025-02-28,0,0,False,False,9947.877500000002,Current
LN-502159,CUST-104602,2025-02-28,0,0,False,False,31703.909999999978,Current
LN-502160,CUST-103971,2025-02-28,0,0,False,False,6855.83,Current
LN-502163,CUST-107145,2025-02-28,0,0,False,False,39012.659999999974,Current
LN-502164,CUST-100989,2025-02-28,0,0,False,False,34216.64000000002,Current
LN-502166,CUST-101541,2025-02-28,0,0,False,False,144130.76750000002,Current
LN-502168,CUST-104710,2025-02-28,0,0,False,False,13847.245,Current
LN-502169,CUST-106815,2025-02-28,0,0,False,False,10017.562499999995,Current
LN-502170,CUST-103605,2025-02-28,0,0,False,False,14360.387500000008,Current
LN-502171,CUST-107527,2025-02-28,0,0,False,False,4835.83,Current
LN-502172,CUST-103287,2025-02-28,0,0,False,False,8951.680000000002,Current
LN-502175,CUST-107679,2025-02-28,0,0,False,False,20087.319999999996,Current
LN-502176,CUST-106518,2025-02-28,0,0,False,False,41106.74,Current
LN-502177,CUST-107004,2025-02-28,0,0,False,False,24986.330000000013,Current
LN-502180,CUST-107600,2025-02-28,0,0,False,False,10965.700000000008,Current
LN-502183,CUST-103244,2025-02-28,0,0,False,False,23573.445000000003,Current
LN-502185,CUST-100259,2025-02-28,0,0,False,False,29604.53000000001,Current
LN-502186,CUST-100731,2025-02-28,0,0,False,False,8902.512499999992,Current
LN-502189,CUST-104089,2025-02-28,0,0,False,False,368280.8,Current
LN-502190,CUST-100013,2025-02-28,0,0,False,False,28943.594999999994,Current
LN-502191,CUST-105854,2025-02-28,0,0,False,False,11993.529999999995,Current
LN-502192,CUST-101890,2025-02-28,0,0,False,False,11526.359999999997,Current
LN-502193,CUST-106431,2025-02-28,0,0,False,False,40517.21500000003,Current
LN-502194,CUST-100900,2025-02-28,0,0,False,False,39202.85999999999,Current
LN-502195,CUST-105988,2025-02-28,1,5,False,False,61287.322499999995,1-29
LN-502197,CUST-102397,2025-02-28,0,0,False,False,2157.47,Current
LN-502198,CUST-107614,2025-02-28,0,0,False,False,22837.59999999999,Current
LN-502200,CUST-104700,2025-02-28,0,0,False,False,14497.382500000005,Current
LN-502201,CUST-105139,2025-02-28,0,0,False,False,22823.21,Current
LN-502202,CUST-102495,2025-02-28,0,0,False,False,6313.747500000002,Current
LN-502203,CUST-105771,2025-02-28,0,0,False,False,14875.29500000001,Current
LN-502204,CUST-102217,2025-02-28,3,75,False,False,7958.299999999999,60-89
LN-502206,CUST-102431,2025-02-28,0,0,False,False,2466.1200000000003,Current
LN-502207,CUST-107842,2025-02-28,0,0,False,False,58366.81,Current
LN-502208,CUST-105173,2025-02-28,0,0,False,False,13219.967500000006,Current
LN-502209,CUST-102990,2025-02-28,0,0,False,False,24673.244999999995,Current
LN-502210,CUST-101469,2025-02-28,0,0,False,False,10519.819999999998,Current
LN-502211,CUST-100365,2025-02-28,0,0,False,False,24037.70000000001,Current
LN-502212,CUST-100036,2025-02-28,0,0,False,False,179771.2199999999,Current
LN-502213,CUST-105998,2025-02-28,0,0,False,False,101265.50000000004,Current
LN-502214,CUST-100833,2025-02-28,0,0,False,False,19844.579999999998,Current
LN-502215,CUST-101269,2025-02-28,0,0,False,False,14937.204999999998,Current
LN-502218,CUST-103042,2025-02-28,0,0,False,False,956.4,Current
LN-502220,CUST-104013,2025-02-28,0,0,False,False,1169.8725,Current
LN-502221,CUST-105223,2025-02-28,0,0,False,False,18026.765,Current
LN-502222,CUST-107928,2025-02-28,0,0,False,False,8412.364999999998,Current
LN-502223,CUST-104665,2025-02-28,0,0,False,False,3199.3499999999985,Current
LN-502224,CUST-101728,2025-02-28,0,0,False,False,27955.044999999995,Current
LN-502225,CUST-103955,2025-02-28,0,0,False,False,25296.36,Current
LN-502226,CUST-106907,2025-02-28,0,0,False,False,17368.915000000015,Current
LN-502227,CUST-102119,2025-02-28,0,0,False,False,55580.10500000002,Current
LN-502228,CUST-103043,2025-02-28,0,0,False,False,10449.259999999997,Current
LN-502230,CUST-106311,2025-02-28,0,0,False,False,10558.284999999998,Current
LN-502231,CUST-100586,2025-02-28,0,0,False,False,18495.565000000013,Current
LN-502232,CUST-101699,2025-02-28,0,0,False,False,46730.0475,Current
LN-502233,CUST-101769,2025-02-28,0,0,False,False,7144.705000000002,Current
LN-502234,CUST-104492,2025-02-28,0,0,False,False,15097.279999999999,Current
LN-502236,CUST-107096,2025-02-28,1,3,False,False,46722.92749999999,1-29
LN-502237,CUST-100557,2025-02-28,0,0,False,False,30897.19,Current
LN-502238,CUST-107925,2025-02-28,0,0,False,False,201071.01749999996,Current
LN-502239,CUST-106699,2025-02-28,0,0,False,False,36093.40999999996,Current
LN-502241,CUST-105893,2025-02-28,0,0,False,False,10644.554999999998,Current
LN-502242,CUST-107134,2025-02-28,0,0,False,False,1823.4725000000003,Current
LN-502243,CUST-106294,2025-02-28,0,0,False,False,6310.220000000001,Current
LN-502244,CUST-102719,2025-02-28,0,0,False,False,10361.642500000002,Current
LN-502246,CUST-107200,2025-02-28,0,0,False,False,27832.46249999999,Current
LN-502249,CUST-101802,2025-02-28,0,0,False,False,15949.597500000002,Current
LN-502250,CUST-105261,2025-02-28,0,0,False,False,24561.300000000003,Current
LN-502251,CUST-107034,2025-02-28,0,0,False,False,45879.570000000014,Current
LN-502252,CUST-102268,2025-02-28,0,0,False,False,17875.199999999983,Current
LN-502254,CUST-104576,2025-02-28,0,0,False,False,32922.98000000002,Current
LN-502255,CUST-107559,2025-02-28,0,0,False,False,33458.10999999999,Current
LN-502256,CUST-104290,2025-02-28,0,0,False,False,23312.789999999997,Current
LN-502257,CUST-100275,2025-02-28,0,0,False,False,13431.075,Current
LN-502258,CUST-105896,2025-02-28,0,0,False,False,10598.0925,Current
LN-502259,CUST-104076,2025-02-28,0,0,False,False,11224.0025,Current
LN-502260,CUST-103736,2025-02-28,0,0,False,False,24019.020000000008,Current
LN-502261,CUST-102446,2025-02-28,0,0,False,False,25649.027500000007,Current
LN-502262,CUST-102854,2025-02-28,4,133,False,True,6560.675000000002,90+
LN-502263,CUST-102243,2025-02-28,0,0,False,False,34556.71999999998,Current
LN-502264,CUST-100291,2025-02-28,0,0,True,False,12491.229999999998,Current
LN-502265,CUST-102778,2025-02-28,0,0,False,False,9957.6225,Current
LN-502267,CUST-105310,2025-02-28,0,0,False,False,45690.45,Current
LN-502268,CUST-100333,2025-02-28,1,1,False,False,132758.18500000003,1-29
LN-502269,CUST-105743,2025-02-28,0,0,False,False,50910.01999999999,Current
LN-502270,CUST-104441,2025-02-28,0,0,False,False,114816.06000000001,Current
LN-502271,CUST-100666,2025-02-28,0,0,False,False,112629.6325,Current
LN-502272,CUST-103342,2025-02-28,0,0,False,False,26004.662500000006,Current
LN-502273,CUST-105016,2025-02-28,0,0,False,False,91198.2,Current
LN-502274,CUST-105922,2025-02-28,3,77,False,False,35393.52,60-89
LN-502275,CUST-105420,2025-02-28,0,0,False,False,44517.79000000001,Current
LN-502276,CUST-100330,2025-02-28,0,0,True,False,14901.110000000002,Current
LN-502277,CUST-103410,2025-02-28,0,0,False,False,14026.635000000006,Current
LN-502278,CUST-104604,2025-02-28,0,0,False,False,2059.3250000000003,Current
LN-502279,CUST-103712,2025-02-28,0,0,False,False,37812.55749999996,Current
LN-502280,CUST-107348,2025-02-28,0,0,False,False,3800.5199999999986,Current
LN-502282,CUST-103961,2025-02-28,0,0,False,False,12519.369999999994,Current
LN-502284,CUST-100018,2025-02-28,0,0,False,False,14580.08,Current
LN-502285,CUST-100718,2025-02-28,0,0,False,False,11372.370000000003,Current
LN-502286,CUST-106429,2025-02-28,0,0,False,False,13043.699999999997,Current
LN-502287,CUST-107838,2025-02-28,0,0,False,False,21179.92000000001,Current
LN-502288,CUST-104431,2025-02-28,0,0,False,False,3427.2125,Current
LN-502289,CUST-107802,2025-02-28,0,0,False,False,7542.109999999999,Current
LN-502290,CUST-103391,2025-02-28,0,0,False,False,18818.449999999993,Current
LN-502292,CUST-105251,2025-02-28,0,0,False,False,6978.514999999999,Current
LN-502295,CUST-102565,2025-02-28,0,0,False,False,13240.472500000005,Current
LN-502297,CUST-107478,2025-02-28,0,0,False,False,6646.924999999999,Current
LN-502298,CUST-100446,2025-02-28,0,0,False,False,62719.7875,Current
LN-502299,CUST-105569,2025-02-28,0,0,False,False,21978.912500000002,Current
LN-502300,CUST-100298,2025-02-28,0,0,False,False,52728.91500000002,Current
LN-502301,CUST-103710,2025-02-28,0,0,False,False,8776.634999999997,Current
LN-502302,CUST-106199,2025-02-28,0,0,False,False,28394.390000000007,Current
LN-502304,CUST-105818,2025-02-28,0,0,False,False,24221.349999999984,Current
LN-502305,CUST-103640,2025-02-28,0,0,False,False,6580.894999999997,Current
LN-502306,CUST-102428,2025-02-28,0,0,False,False,10432.857499999991,Current
LN-502308,CUST-102942,2025-02-28,0,0,False,False,42871.78,Current
LN-502309,CUST-103784,2025-02-28,0,0,False,False,29835.28499999999,Current
LN-502310,CUST-104656,2025-02-28,0,0,False,False,2687.2549999999997,Current
LN-502312,CUST-105985,2025-02-28,0,0,False,False,43563.82,Current
LN-502313,CUST-102162,2025-02-28,0,0,False,False,48559.56000000002,Current
LN-502314,CUST-106403,2025-02-28,2,33,False,False,28475.655,30-59
LN-502315,CUST-100338,2025-02-28,4,112,False,False,24635.370000000003,90+
LN-502316,CUST-101300,2025-02-28,0,0,False,False,7687.5375,Current
LN-502317,CUST-105305,2025-02-28,0,0,False,False,12511.630000000003,Current
LN-502319,CUST-103809,2025-02-28,0,0,False,False,84870.4675,Current
LN-502320,CUST-107728,2025-02-28,0,0,False,False,26417.175000000003,Current
LN-502321,CUST-106618,2025-02-28,0,0,False,False,2029.8600000000006,Current
LN-502322,CUST-102774,2025-02-28,0,0,False,False,25178.95000000001,Current
LN-502323,CUST-102698,2025-02-28,0,0,False,False,14555.957499999995,Current
LN-502324,CUST-101858,2025-02-28,0,0,False,False,600256.3025,Current
LN-502325,CUST-101966,2025-02-28,0,0,False,False,8139.2075,Current
LN-502326,CUST-107270,2025-02-28,0,0,False,False,11767.925000000001,Current
LN-502327,CUST-107220,2025-02-28,0,0,False,False,11777.479999999996,Current
LN-502328,CUST-104868,2025-02-28,0,0,False,False,21446.49999999999,Current
LN-502329,CUST-104645,2025-02-28,0,0,False,False,91929.73499999999,Current
LN-502330,CUST-104007,2025-02-28,0,0,False,False,9875.57,Current
LN-502331,CUST-101720,2025-02-28,0,0,False,False,33885.01250000002,Current
LN-502332,CUST-105468,2025-02-28,0,0,False,False,18545.815,Current
LN-502333,CUST-100735,2025-02-28,0,0,False,False,27839.53750000001,Current
LN-502334,CUST-106627,2025-02-28,0,0,False,False,214139.26999999996,Current
LN-502336,CUST-105891,2025-02-28,0,0,False,False,273941.1974999999,Current
LN-502337,CUST-100879,2025-02-28,3,70,False,False,41884.53999999998,60-89
LN-502338,CUST-101379,2025-02-28,0,0,False,False,40382.65,Current
LN-502340,CUST-100747,2025-02-28,0,0,False,False,17993.585,Current
LN-502341,CUST-103966,2025-02-28,0,0,False,False,19884.1475,Current
LN-502342,CUST-106503,2025-02-28,0,0,False,False,25322.83999999999,Current
LN-502343,CUST-102575,2025-02-28,0,0,False,False,10256.142499999998,Current
LN-502344,CUST-102807,2025-02-28,0,0,False,False,25315.759999999995,Current
LN-502345,CUST-100250,2025-02-28,0,0,False,False,6755.58,Current
LN-502347,CUST-100608,2025-02-28,1,26,False,False,34209.655000000006,1-29
LN-502348,CUST-107610,2025-02-28,1,13,False,False,23071.672499999993,1-29
LN-502349,CUST-102894,2025-02-28,0,0,False,False,46317.62999999999,Current
LN-502350,CUST-107796,2025-02-28,0,0,False,False,54211.082500000004,Current
LN-502351,CUST-105160,2025-02-28,0,0,False,False,18489.462499999994,Current
LN-502352,CUST-100934,2025-02-28,0,0,False,False,7402.28,Current
LN-502354,CUST-102146,2025-02-28,1,24,False,False,91139.83,1-29
LN-502355,CUST-102901,2025-02-28,0,0,False,False,34763.350000000006,Current
LN-502357,CUST-106274,2025-02-28,0,0,False,False,21272.1,Current
LN-502358,CUST-105268,2025-02-28,0,0,False,False,19584.170000000013,Current
LN-502359,CUST-107746,2025-02-28,0,0,False,False,21539.69250000001,Current
LN-502360,CUST-106905,2025-02-28,0,0,False,False,7310.980000000001,Current
LN-502361,CUST-107307,2025-02-28,0,0,False,False,21548.960000000003,Current
LN-502362,CUST-103030,2025-02-28,0,0,False,False,911.3600000000005,Current
LN-502363,CUST-103161,2025-02-28,0,0,False,False,13968.737500000001,Current
LN-502364,CUST-104747,2025-02-28,0,0,False,False,20019.9,Current
LN-502365,CUST-104616,2025-02-28,0,0,False,False,15011.699999999997,Current
LN-502367,CUST-101512,2025-02-28,0,0,False,False,27141.079999999998,Current
LN-502368,CUST-106378,2025-02-28,0,0,False,False,28277.594999999998,Current
LN-502369,CUST-100970,2025-02-28,0,0,False,False,25327.55000000001,Current
LN-502372,CUST-100305,2025-02-28,0,0,False,False,24719.76,Current
LN-502373,CUST-100889,2025-02-28,0,0,False,False,73197.17,Current
LN-502374,CUST-103671,2025-02-28,0,0,False,False,11349.670000000002,Current
LN-502377,CUST-105712,2025-02-28,0,0,False,False,118133.03499999993,Current
LN-502379,CUST-102768,2025-02-28,0,0,False,False,14776.482500000002,Current
LN-502380,CUST-100302,2025-02-28,0,0,False,False,30255.594999999998,Current
LN-502381,CUST-101092,2025-02-28,0,0,False,False,47046.73999999999,Current
LN-502382,CUST-100423,2025-02-28,0,0,False,False,11645.88,Current
LN-502383,CUST-100204,2025-02-28,0,0,False,False,25062.94999999999,Current
LN-502384,CUST-106925,2025-02-28,0,0,False,False,20117.299999999985,Current
LN-502386,CUST-104137,2025-02-28,0,0,False,False,16609.964999999997,Current
LN-502387,CUST-105163,2025-02-28,0,0,False,False,81041.92749999999,Current
LN-502388,CUST-105819,2025-02-28,0,0,False,False,39269.75750000002,Current
LN-502390,CUST-104934,2025-02-28,0,0,False,False,8167.9475,Current
LN-502391,CUST-104404,2025-02-28,0,0,False,False,43331.340000000026,Current
LN-502393,CUST-102949,2025-02-28,0,0,False,False,109163.01250000001,Current
LN-502394,CUST-106431,2025-02-28,0,0,False,False,42327.042499999996,Current
LN-502395,CUST-106279,2025-02-28,2,58,False,False,15612.749999999998,30-59
LN-502396,CUST-105786,2025-02-28,0,0,False,False,28343.5475,Current
LN-502397,CUST-103775,2025-02-28,0,0,False,False,33976.884999999966,Current
LN-502399,CUST-104342,2025-02-28,0,0,False,False,51002.75000000001,Current
LN-502403,CUST-101614,2025-02-28,0,0,False,False,11939.695000000002,Current
LN-502405,CUST-100166,2025-02-28,0,0,False,False,9238.059999999994,Current
LN-502406,CUST-107274,2025-02-28,0,0,False,False,9680.140000000007,Current
LN-502410,CUST-100804,2025-02-28,0,0,False,False,11767.909999999994,Current
LN-502412,CUST-101950,2025-02-28,0,0,False,False,9374.667500000001,Current
LN-502413,CUST-104299,2025-02-28,0,0,False,False,28267.362499999996,Current
LN-502414,CUST-107795,2025-02-28,0,0,False,False,12625.282500000005,Current
LN-502415,CUST-106793,2025-02-28,0,0,False,False,16352.554999999995,Current
LN-502416,CUST-103143,2025-02-28,0,0,False,False,13255.029999999995,Current
LN-502417,CUST-100125,2025-02-28,0,0,False,False,5467.69,Current
LN-502418,CUST-105198,2025-02-28,0,0,False,False,40180.5275,Current
LN-502419,CUST-104844,2025-02-28,0,0,False,False,15912.86000000001,Current
LN-502420,CUST-100145,2025-02-28,0,0,False,False,21086.52,Current
LN-502422,CUST-103351,2025-02-28,0,0,False,False,27246.2775,Current
LN-502424,CUST-101703,2025-02-28,0,0,False,False,8754.69,Current
LN-502425,CUST-105879,2025-02-28,0,0,False,False,264405.8600000001,Current
LN-502426,CUST-103503,2025-02-28,0,0,False,False,10472.792499999998,Current
LN-502427,CUST-105482,2025-02-28,1,8,False,False,12444.890000000003,1-29
LN-502428,CUST-103720,2025-02-28,0,0,False,False,12215.314999999999,Current
LN-502430,CUST-100584,2025-02-28,0,0,False,False,32467.399999999983,Current
LN-502431,CUST-103879,2025-02-28,0,0,False,False,22026.38,Current
LN-502432,CUST-107394,2025-02-28,2,37,False,False,28266.96,30-59
LN-502433,CUST-100975,2025-02-28,0,0,False,False,22547.860000000008,Current
LN-502434,CUST-107042,2025-02-28,0,0,False,False,31864.34,Current
LN-502435,CUST-100766,2025-02-28,0,0,False,False,35411.57749999999,Current
LN-502436,CUST-102307,2025-02-28,0,0,False,False,33067.85999999999,Current
LN-502437,CUST-107747,2025-02-28,0,0,False,False,31112.079999999994,Current
LN-502438,CUST-101245,2025-02-28,0,0,False,False,45071.17,Current
LN-502439,CUST-107576,2025-02-28,0,0,False,False,27357.19499999999,Current
LN-502440,CUST-100428,2025-02-28,0,0,False,False,14078.5725,Current
LN-502443,CUST-100839,2025-02-28,0,0,False,False,8342.515,Current
LN-502444,CUST-105076,2025-02-28,0,0,False,False,33140.150000000016,Current
LN-502445,CUST-106249,2025-02-28,0,0,False,False,22014.222500000003,Current
LN-502447,CUST-100392,2025-02-28,0,0,False,False,9334.699999999999,Current
LN-502451,CUST-100927,2025-02-28,0,0,False,False,12302.06,Current
LN-502452,CUST-103937,2025-02-28,1,18,False,False,251570.79999999996,1-29
LN-502453,CUST-107713,2025-02-28,0,0,False,False,7258.205,Current
LN-502454,CUST-101308,2025-02-28,0,0,False,False,30663.90000000001,Current
LN-502455,CUST-103553,2025-02-28,0,0,False,False,7777.875000000004,Current
LN-502456,CUST-102606,2025-02-28,0,0,False,False,46687.70000000001,Current
LN-502457,CUST-106900,2025-02-28,0,0,False,False,4855.639999999997,Current
LN-502459,CUST-105442,2025-02-28,0,0,False,False,21185.67,Current
LN-502460,CUST-105047,2025-02-28,0,0,False,False,16942.15000000001,Current
LN-502461,CUST-102444,2025-02-28,0,0,False,False,39534.54749999998,Current
LN-502462,CUST-105923,2025-02-28,0,0,False,False,1827.86,Current
LN-502463,CUST-104765,2025-02-28,0,0,False,False,9390.195000000003,Current
LN-502464,CUST-104001,2025-02-28,0,0,False,False,10183.129999999997,Current
LN-502465,CUST-107163,2025-02-28,0,0,False,False,51403.105,Current
LN-502466,CUST-103552,2025-02-28,0,0,False,False,3555.289999999998,Current
LN-502468,CUST-103345,2025-02-28,0,0,False,False,18846.129999999994,Current
LN-502469,CUST-100629,2025-02-28,0,0,False,False,15472.092499999992,Current
LN-502470,CUST-107586,2025-02-28,0,0,False,False,42262.905000000006,Current
LN-502471,CUST-103258,2025-02-28,0,0,False,False,7194.795000000002,Current
LN-502472,CUST-103911,2025-02-28,0,0,False,False,9709.97,Current
LN-502473,CUST-103147,2025-02-28,0,0,False,False,31087.780000000002,Current
LN-502474,CUST-106187,2025-02-28,0,0,False,False,13152.309999999998,Current
LN-502475,CUST-106053,2025-02-28,0,0,False,False,13484.33,Current
LN-502476,CUST-102379,2025-02-28,0,0,False,False,17946.099999999995,Current
LN-502477,CUST-100598,2025-02-28,1,27,False,False,26688.087499999987,1-29
LN-502479,CUST-106102,2025-02-28,0,0,False,False,31085.429999999986,Current
LN-502481,CUST-102218,2025-02-28,0,0,False,False,14349.119999999995,Current
LN-502482,CUST-100643,2025-02-28,0,0,False,False,98119.38749999998,Current
LN-502484,CUST-102622,2025-02-28,2,55,False,False,14643.390000000001,30-59
LN-502485,CUST-105531,2025-02-28,0,0,False,False,24409.495000000006,Current
LN-502487,CUST-100995,2025-02-28,0,0,False,False,38741.57249999998,Current
LN-502489,CUST-104714,2025-02-28,0,0,False,False,43459.759999999995,Current
LN-502492,CUST-100564,2025-02-28,0,0,False,False,31883.77,Current
LN-502495,CUST-105506,2025-02-28,0,0,False,False,43833.189999999995,Current
LN-502496,CUST-100901,2025-02-28,0,0,False,False,5008.864999999996,Current
LN-502497,CUST-104185,2025-02-28,0,0,False,False,12279.832500000002,Current
LN-502498,CUST-100261,2025-02-28,0,0,False,False,43386.78,Current
LN-502499,CUST-100599,2025-02-28,0,0,False,False,6869.46,Current
LN-502500,CUST-100434,2025-02-28,0,0,False,False,9845.057500000003,Current
LN-502501,CUST-104170,2025-02-28,0,0,False,False,36753.680000000015,Current
LN-502502,CUST-105416,2025-02-28,0,0,True,False,13056.92,Current
LN-502503,CUST-103467,2025-02-28,0,0,False,False,109570.94000000006,Current
LN-502504,CUST-101017,2025-02-28,0,0,False,False,4147.610000000002,Current
LN-502507,CUST-101823,2025-02-28,0,0,False,False,38320.59500000001,Current
LN-502508,CUST-104079,2025-02-28,0,0,False,False,34911.805000000015,Current
LN-502509,CUST-101434,2025-02-28,3,67,False,False,17379.77,60-89
LN-502511,CUST-105300,2025-02-28,0,0,False,False,13201.95249999999,Current
LN-502512,CUST-105497,2025-02-28,0,0,False,False,16879.26999999999,Current
LN-502514,CUST-102700,2025-02-28,0,0,False,False,12485.02,Current
LN-502515,CUST-101090,2025-02-28,3,74,False,False,21112.385,60-89
LN-502517,CUST-105250,2025-02-28,0,0,False,False,13525.097499999996,Current
LN-502519,CUST-102696,2025-02-28,1,25,False,False,10028.799999999997,1-29
LN-502520,CUST-102819,2025-02-28,0,0,False,False,81938.48250000003,Current
LN-502521,CUST-102976,2025-02-28,0,0,False,False,8672.779999999997,Current
LN-502522,CUST-105991,2025-02-28,0,0,False,False,23831.45,Current
LN-502523,CUST-104921,2025-02-28,0,0,False,False,11479.420000000002,Current
LN-502524,CUST-103771,2025-02-28,0,0,False,False,13311.76,Current
LN-502525,CUST-105864,2025-02-28,0,0,False,False,32959.600000000006,Current
LN-502526,CUST-104451,2025-02-28,0,0,False,False,11059.18,Current
LN-502527,CUST-102594,2025-02-28,0,0,False,False,39195.66000000001,Current
LN-502528,CUST-102657,2025-02-28,0,0,False,False,49136.26000000001,Current
LN-502529,CUST-100378,2025-02-28,0,0,False,False,34700.65,Current
LN-502530,CUST-101845,2025-02-28,0,0,False,False,16934.120000000003,Current
LN-502531,CUST-104229,2025-02-28,0,0,False,False,13135.724999999999,Current
LN-502532,CUST-100251,2025-02-28,0,0,False,False,11385.745000000003,Current
LN-502534,CUST-101111,2025-02-28,0,0,False,False,28893.9725,Current
LN-502535,CUST-104826,2025-02-28,0,0,False,False,46150.565,Current
LN-502536,CUST-105398,2025-02-28,0,0,False,False,12807.495,Current
LN-502538,CUST-100594,2025-02-28,0,0,False,False,22409.8375,Current
LN-502539,CUST-106602,2025-02-28,0,0,False,False,10082.93999999999,Current
LN-502540,CUST-106183,2025-02-28,0,0,False,False,16206.05,Current
LN-502541,CUST-104722,2025-02-28,0,0,False,False,16397.48000000001,Current
LN-502542,CUST-103863,2025-02-28,0,0,False,False,26937.250000000007,Current
LN-502543,CUST-105673,2025-02-28,0,0,False,False,7156.090000000002,Current
LN-502544,CUST-106451,2025-02-28,0,0,False,False,4584.865,Current
LN-502545,CUST-104981,2025-02-28,1,26,False,False,45638.31500000001,1-29
LN-502546,CUST-101951,2025-02-28,0,0,False,False,42393.15750000001,Current
LN-502547,CUST-104472,2025-02-28,3,62,False,False,47714.710000000036,60-89
LN-502548,CUST-107587,2025-02-28,0,0,False,False,4842.479999999999,Current
LN-502549,CUST-105865,2025-02-28,0,0,False,False,14642.570000000002,Current
LN-502550,CUST-102333,2025-02-28,0,0,False,False,103624.38249999996,Current
LN-502552,CUST-107920,2025-02-28,0,0,False,False,38725.410000000025,Current
LN-502553,CUST-107667,2025-02-28,0,0,False,False,1879.9275000000007,Current
LN-502554,CUST-101688,2025-02-28,0,0,False,False,25641.554999999997,Current
LN-502555,CUST-101900,2025-02-28,0,0,False,False,26344.770000000004,Current
LN-502556,CUST-104888,2025-02-28,1,5,False,False,18708.17,1-29
LN-502557,CUST-104494,2025-02-28,0,0,False,False,16140.629999999992,Current
LN-502558,CUST-100395,2025-02-28,0,0,False,False,22258.00499999999,Current
LN-502559,CUST-103693,2025-02-28,0,0,False,False,7508.082499999999,Current
LN-502560,CUST-106116,2025-02-28,0,0,False,False,30066.65,Current
LN-502563,CUST-102772,2025-02-28,0,0,False,False,9586.209999999992,Current
LN-502564,CUST-107473,2025-02-28,0,0,False,False,2973.1100000000006,Current
LN-502565,CUST-100046,2025-02-28,0,0,False,False,21721.850000000002,Current
LN-502566,CUST-101431,2025-02-28,0,0,False,False,40265.38500000002,Current
LN-502567,CUST-104776,2025-02-28,0,0,False,False,40076.719999999994,Current
LN-502568,CUST-103798,2025-02-28,0,0,False,False,13837.115000000003,Current
LN-502569,CUST-103668,2025-02-28,0,0,False,False,18118.115,Current
LN-502570,CUST-102234,2025-02-28,0,0,False,False,18521.989999999987,Current
LN-502571,CUST-104520,2025-02-28,0,0,False,False,18433.9275,Current
LN-502574,CUST-103223,2025-02-28,0,0,False,False,90326.085,Current
LN-502575,CUST-106764,2025-02-28,0,0,False,False,41287.52,Current
LN-502577,CUST-102695,2025-02-28,2,53,False,False,33594.29,30-59
LN-502579,CUST-106935,2025-02-28,0,0,False,False,15726.145000000002,Current
LN-502580,CUST-101539,2025-02-28,0,0,False,False,8989.542500000001,Current
LN-502581,CUST-100543,2025-02-28,0,0,False,False,4516.049999999998,Current
LN-502582,CUST-104732,2025-02-28,0,0,False,False,7075.084999999996,Current
LN-502583,CUST-104271,2025-02-28,3,84,False,False,7793.05,60-89
LN-502585,CUST-106035,2025-02-28,0,0,True,False,13241.259999999998,Current
LN-502586,CUST-102098,2025-02-28,0,0,False,False,101760.07,Current
LN-502587,CUST-106487,2025-02-28,0,0,False,False,2192.21,Current
LN-502589,CUST-106512,2025-02-28,0,0,False,False,14523.589999999998,Current
LN-502592,CUST-106548,2025-02-28,0,0,False,False,14207.497500000001,Current
LN-502593,CUST-103465,2025-02-28,0,0,False,False,4550.529999999997,Current
LN-502594,CUST-107539,2025-02-28,1,7,False,False,75328.855,1-29
LN-502595,CUST-106384,2025-02-28,0,0,False,False,7932.93,Current
LN-502596,CUST-106417,2025-02-28,0,0,False,False,20911.870000000014,Current
LN-502597,CUST-102405,2025-02-28,0,0,False,False,18906.440000000006,Current
LN-502599,CUST-100260,2025-02-28,0,0,False,False,44701.67999999999,Current
LN-502600,CUST-105937,2025-02-28,1,18,False,False,39616.1025,1-29
LN-502601,CUST-106098,2025-02-28,0,0,False,False,290541.0875000001,Current
LN-502602,CUST-104145,2025-02-28,0,0,False,False,13569.81,Current
LN-502603,CUST-107345,2025-02-28,0,0,False,False,14726.02,Current
LN-502606,CUST-106867,2025-02-28,0,0,False,False,45126.25999999998,Current
LN-502607,CUST-105887,2025-02-28,0,0,False,False,13302.925000000003,Current
LN-502608,CUST-107318,2025-02-28,0,0,False,False,22630.9,Current
LN-502609,CUST-106759,2025-02-28,0,0,False,False,26923.179999999993,Current
LN-502612,CUST-106081,2025-02-28,0,0,False,False,28476.772500000006,Current
LN-502613,CUST-100932,2025-02-28,0,0,False,False,15018.03,Current
LN-502614,CUST-105230,2025-02-28,0,0,False,False,582588.5774999999,Current
LN-502615,CUST-107720,2025-02-28,0,0,False,False,5340.002500000003,Current
LN-502617,CUST-101211,2025-02-28,0,0,False,False,18367.04,Current
LN-502618,CUST-106189,2025-02-28,0,0,False,False,20568.112500000017,Current
LN-502619,CUST-103081,2025-02-28,1,16,False,False,22312.640000000003,1-29
LN-502621,CUST-104200,2025-02-28,0,0,False,False,19002.844999999983,Current
LN-502624,CUST-105508,2025-02-28,0,0,False,False,19482.554999999997,Current
LN-502625,CUST-103804,2025-02-28,0,0,False,False,47433.51999999999,Current
LN-502626,CUST-103118,2025-02-28,0,0,False,False,3988.8699999999976,Current
LN-502627,CUST-105686,2025-02-28,0,0,False,False,39784.84999999998,Current
LN-502628,CUST-101080,2025-02-28,0,0,False,False,15594.440000000006,Current
LN-502629,CUST-101276,2025-02-28,0,0,False,False,24828.40249999999,Current
LN-502630,CUST-103846,2025-02-28,4,140,False,False,27168.85000000001,90+
LN-502631,CUST-102982,2025-02-28,0,0,False,False,4621.71,Current
LN-502632,CUST-104654,2025-02-28,0,0,False,False,15501.61,Current
LN-502633,CUST-101010,2025-02-28,0,0,False,False,34305.63000000002,Current
LN-502636,CUST-106314,2025-02-28,1,21,False,False,124937.63499999998,1-29
LN-502637,CUST-106018,2025-02-28,0,0,False,False,13859.45,Current
LN-502638,CUST-107453,2025-02-28,0,0,False,False,32360.02,Current
LN-502639,CUST-102509,2025-02-28,1,24,False,False,19590.150000000005,1-29
LN-502640,CUST-101554,2025-02-28,0,0,False,False,17209.672500000008,Current
LN-502641,CUST-101048,2025-02-28,0,0,False,False,7364.309999999995,Current
LN-502643,CUST-106049,2025-02-28,0,0,False,False,34920.052500000005,Current
LN-502644,CUST-103050,2025-02-28,0,0,False,False,7291.970000000001,Current
LN-502647,CUST-104102,2025-02-28,0,0,False,False,10159.157500000001,Current
LN-502648,CUST-104918,2025-02-28,0,0,False,False,318841.57,Current
LN-502649,CUST-102865,2025-02-28,0,0,False,False,42079.27250000001,Current
LN-502650,CUST-106628,2025-02-28,0,0,False,False,29029.497499999998,Current
LN-502651,CUST-104904,2025-02-28,0,0,False,False,26775.8175,Current
LN-502653,CUST-107140,2025-02-28,0,0,False,False,46577.04,Current
LN-502654,CUST-102753,2025-02-28,0,0,False,False,13510.022500000006,Current
LN-502656,CUST-103938,2025-02-28,4,140,False,False,38449.74,90+
LN-502658,CUST-107599,2025-02-28,0,0,False,False,2965.3349999999996,Current
LN-502659,CUST-104873,2025-02-28,0,0,False,False,8825.74500000001,Current
LN-502660,CUST-105501,2025-02-28,1,5,False,False,4947.255000000002,1-29
LN-502661,CUST-103031,2025-02-28,0,0,False,False,9583.747499999998,Current
LN-502662,CUST-103666,2025-02-28,0,0,False,False,11229.125000000007,Current
LN-502663,CUST-106510,2025-02-28,0,0,True,False,8673.614999999998,Current
LN-502664,CUST-104771,2025-02-28,0,0,False,False,17593.484999999997,Current
LN-502665,CUST-100432,2025-02-28,0,0,False,False,53055.32,Current
LN-502666,CUST-102202,2025-02-28,0,0,False,False,6555.930000000002,Current
LN-502667,CUST-107894,2025-02-28,0,0,False,False,19372.9925,Current
LN-502668,CUST-106443,2025-02-28,0,0,False,False,43386.69000000001,Current
LN-502669,CUST-100850,2025-02-28,0,0,False,False,12973.3775,Current
LN-502670,CUST-103367,2025-02-28,0,0,False,False,13750.915,Current
LN-502673,CUST-103836,2025-02-28,0,0,False,False,7500.642500000006,Current
LN-502674,CUST-102762,2025-02-28,0,0,False,False,3817.63,Current
LN-502675,CUST-105899,2025-02-28,0,0,False,False,2846.8675,Current
LN-502676,CUST-100793,2025-02-28,1,18,False,False,28170.29,1-29
LN-502678,CUST-100215,2025-02-28,0,0,False,False,32579.750000000015,Current
LN-502679,CUST-100472,2025-02-28,0,0,False,False,16293.322500000002,Current
LN-502680,CUST-100135,2025-02-28,0,0,False,False,118381.69000000003,Current
LN-502683,CUST-102856,2025-02-28,0,0,False,False,18450.62000000001,Current
LN-502684,CUST-106011,2025-02-28,0,0,False,False,24680.17,Current
LN-502685,CUST-102366,2025-02-28,1,19,False,False,632621.2350000001,1-29
LN-502686,CUST-100456,2025-02-28,1,26,False,False,585524.9900000001,1-29
LN-502687,CUST-105817,2025-02-28,1,19,False,False,15277.400000000009,1-29
LN-502688,CUST-104522,2025-02-28,0,0,False,False,30695.45749999999,Current
LN-502689,CUST-102321,2025-02-28,0,0,False,False,26820.337499999998,Current
LN-502690,CUST-101215,2025-02-28,0,0,False,False,10032.254999999996,Current
LN-502692,CUST-102989,2025-02-28,0,0,False,False,26193.67,Current
LN-502694,CUST-101468,2025-02-28,0,0,False,False,15343.284999999993,Current
LN-502695,CUST-100025,2025-02-28,0,0,False,False,143755.84,Current
LN-502696,CUST-101500,2025-02-28,0,0,False,False,9686.595,Current
LN-502697,CUST-101684,2025-02-28,0,0,False,False,4633.512500000001,Current
LN-502698,CUST-101254,2025-02-28,0,0,False,False,8902.49,Current
LN-502699,CUST-102202,2025-02-28,0,0,False,False,503930.165,Current
LN-502700,CUST-104595,2025-02-28,0,0,False,False,18446.644999999997,Current
LN-502701,CUST-103278,2025-02-28,0,0,False,False,120702.46999999999,Current
LN-502702,CUST-102029,2025-02-28,0,0,False,False,172116.45000000004,Current
LN-502703,CUST-102472,2025-02-28,0,0,False,False,9482.670000000006,Current
LN-502704,CUST-101456,2025-02-28,0,0,False,False,31723.35,Current
LN-502706,CUST-107914,2025-02-28,0,0,False,False,46032.420000000006,Current
LN-502708,CUST-104583,2025-02-28,0,0,False,False,19084.32,Current
LN-502709,CUST-101240,2025-02-28,1,2,False,False,12201.270000000006,1-29
LN-502710,CUST-103882,2025-02-28,0,0,False,False,40833.920000000006,Current
LN-502711,CUST-104538,2025-02-28,0,0,False,False,58811.99,Current
LN-502712,CUST-101314,2025-02-28,0,0,False,False,10553.574999999997,Current
LN-502713,CUST-106075,2025-02-28,0,0,False,False,210843.09000000003,Current
LN-502714,CUST-100640,2025-02-28,0,0,False,False,2521.7450000000003,Current
LN-502715,CUST-104253,2025-02-28,0,0,False,False,8715.77,Current
LN-502717,CUST-106394,2025-02-28,0,0,False,False,33772.93500000002,Current
LN-502718,CUST-103011,2025-02-28,0,0,False,False,7206.424999999999,Current
LN-502719,CUST-103623,2025-02-28,0,0,False,False,16004.430000000008,Current
LN-502721,CUST-106411,2025-02-28,0,0,False,False,6300.375000000001,Current
LN-502722,CUST-100828,2025-02-28,0,0,False,False,481742.91500000004,Current
LN-502723,CUST-101033,2025-02-28,0,0,False,False,12104.044999999998,Current
LN-502725,CUST-103462,2025-02-28,0,0,False,False,15509.425000000003,Current
LN-502726,CUST-102971,2025-02-28,0,0,False,False,27112.89,Current
LN-502728,CUST-106920,2025-02-28,0,0,False,False,96144.64,Current
LN-502730,CUST-101343,2025-02-28,0,0,False,False,12199.330000000004,Current
LN-502731,CUST-100748,2025-02-28,0,0,False,False,14853.550000000001,Current
LN-502732,CUST-104866,2025-02-28,0,0,False,False,101691.94,Current
LN-502734,CUST-101268,2025-02-28,0,0,False,False,6241.264999999999,Current
LN-502735,CUST-105052,2025-02-28,0,0,False,False,445378.95500000013,Current
LN-502737,CUST-103701,2025-02-28,0,0,False,False,2615.9624999999987,Current
LN-502738,CUST-107901,2025-02-28,0,0,False,False,5551.765000000001,Current
LN-502740,CUST-103034,2025-02-28,0,0,False,False,7575.649999999998,Current
LN-502741,CUST-103501,2025-02-28,0,0,False,False,7004.394999999999,Current
LN-502742,CUST-104687,2025-02-28,0,0,False,False,47615.60000000003,Current
LN-502743,CUST-105511,2025-02-28,0,0,False,False,9520.170000000007,Current
LN-502744,CUST-101851,2025-02-28,0,0,False,False,31672.085,Current
LN-502745,CUST-101009,2025-02-28,0,0,False,False,50679.11,Current
LN-502746,CUST-105801,2025-02-28,0,0,False,False,598334.12,Current
LN-502749,CUST-100108,2025-02-28,0,0,False,False,16546.845000000012,Current
LN-502750,CUST-107460,2025-02-28,0,0,False,False,6823.165000000002,Current
LN-502751,CUST-100132,2025-02-28,0,0,False,False,19871.654999999995,Current
LN-502752,CUST-101155,2025-02-28,0,0,False,False,32428.71,Current
LN-502753,CUST-106340,2025-02-28,0,0,False,False,38815.467500000006,Current
LN-502755,CUST-101353,2025-02-28,0,0,False,False,17326.707499999993,Current
LN-502756,CUST-100886,2025-02-28,0,0,False,False,14931.08,Current
LN-502757,CUST-101944,2025-02-28,0,0,False,False,39770.5975,Current
LN-502758,CUST-104508,2025-02-28,0,0,False,False,9377.440000000008,Current
LN-502759,CUST-105340,2025-02-28,0,0,False,False,30417.93,Current
LN-502760,CUST-102081,2025-02-28,0,0,False,False,37839.834999999985,Current
LN-502761,CUST-104494,2025-02-28,2,53,False,False,28746.44999999999,30-59
LN-502762,CUST-103114,2025-02-28,0,0,False,False,16369.310000000007,Current
LN-502763,CUST-107611,2025-02-28,0,0,False,False,10676.904999999988,Current
LN-502764,CUST-103519,2025-02-28,0,0,False,False,114277.515,Current
LN-502765,CUST-104227,2025-02-28,0,0,False,False,13421.25,Current
LN-502768,CUST-100742,2025-02-28,0,0,False,False,14946.020000000004,Current
LN-502769,CUST-103914,2025-02-28,0,0,False,False,117506.365,Current
LN-502770,CUST-102592,2025-02-28,0,0,False,False,23276.920000000002,Current
LN-502771,CUST-100053,2025-02-28,0,0,False,False,15542.92,Current
LN-502773,CUST-102478,2025-02-28,0,0,False,False,17260.859999999993,Current
LN-502775,CUST-102105,2025-02-28,0,0,False,False,13885.790000000003,Current
LN-502777,CUST-104971,2025-02-28,0,0,False,False,115727.96000000008,Current
LN-502778,CUST-104225,2025-02-28,2,42,False,False,6761.939999999999,30-59
LN-502779,CUST-100593,2025-02-28,0,0,False,False,3097.590000000001,Current
LN-502780,CUST-104172,2025-02-28,0,0,False,False,16213.24750000001,Current
LN-502781,CUST-104537,2025-02-28,0,0,False,False,20738.425000000007,Current
LN-502782,CUST-103585,2025-02-28,0,0,False,False,23317.885000000006,Current
LN-502784,CUST-104298,2025-02-28,0,0,False,False,3520.8674999999994,Current
LN-502785,CUST-100144,2025-02-28,0,0,False,False,36566.47,Current
LN-502786,CUST-103754,2025-02-28,0,0,False,False,26469.467500000006,Current
LN-502788,CUST-106036,2025-02-28,0,0,False,False,9953.994999999997,Current
LN-502791,CUST-102135,2025-02-28,0,0,False,False,47885.992499999986,Current
LN-502792,CUST-100239,2025-02-28,0,0,False,False,29712.65,Current
LN-502793,CUST-107372,2025-02-28,0,0,False,False,117619.4299999999,Current
LN-502794,CUST-104730,2025-02-28,0,0,False,False,53968.45,Current
LN-502795,CUST-100256,2025-02-28,0,0,False,False,28661.11499999999,Current
LN-502796,CUST-101540,2025-02-28,0,0,False,False,19749.35,Current
LN-502797,CUST-100224,2025-02-28,0,0,False,False,139923.6825,Current
LN-502798,CUST-104283,2025-02-28,0,0,False,False,54040.1975,Current
LN-502800,CUST-100308,2025-02-28,0,0,False,False,7734.585000000001,Current
LN-502801,CUST-107798,2025-02-28,0,0,False,False,22642.59,Current
LN-502802,CUST-104126,2025-02-28,0,0,False,False,14043.305000000004,Current
LN-502803,CUST-106861,2025-02-28,0,0,False,False,12352.835,Current
LN-502805,CUST-100024,2025-02-28,0,0,False,False,37679.765000000036,Current
LN-502806,CUST-103870,2025-02-28,0,0,False,False,10692.524999999989,Current
LN-502808,CUST-102898,2025-02-28,0,0,False,False,23376.53,Current
LN-502809,CUST-103860,2025-02-28,0,0,False,False,29132.43,Current
LN-502810,CUST-105276,2025-02-28,0,0,False,False,16627.05999999999,Current
LN-502812,CUST-102216,2025-02-28,0,0,False,False,13198.905000000006,Current
LN-502813,CUST-107514,2025-02-28,0,0,False,False,309667.2674999997,Current
LN-502814,CUST-102914,2025-02-28,0,0,False,False,23053.465000000004,Current
LN-502817,CUST-100325,2025-02-28,0,0,False,False,37679.74000000004,Current
LN-502818,CUST-103036,2025-02-28,0,0,False,False,84691.92250000007,Current
LN-502820,CUST-104779,2025-02-28,0,0,False,False,10850.82,Current
LN-502821,CUST-104247,2025-02-28,0,0,False,False,42779.17500000005,Current
LN-502822,CUST-106151,2025-02-28,0,0,False,False,17030.940000000002,Current
LN-502823,CUST-106637,2025-02-28,0,0,False,False,12275.222499999996,Current
LN-502825,CUST-106690,2025-02-28,0,0,False,False,29252.909999999993,Current
LN-502826,CUST-101352,2025-02-28,0,0,False,False,3397.75,Current
LN-502827,CUST-102826,2025-02-28,0,0,False,False,7877.110000000001,Current
LN-502828,CUST-103224,2025-02-28,0,0,False,False,20784.125,Current
LN-502829,CUST-106167,2025-02-28,0,0,False,False,19367.302500000016,Current
LN-502831,CUST-102604,2025-02-28,0,0,False,False,5451.982500000002,Current
LN-502832,CUST-101072,2025-02-28,1,23,False,False,9172.705000000002,1-29
LN-502833,CUST-101883,2025-02-28,0,0,False,False,45447.029999999984,Current
LN-502834,CUST-101271,2025-02-28,0,0,False,False,24427.904999999988,Current
LN-502835,CUST-101962,2025-02-28,0,0,False,False,37991.27500000001,Current
LN-502836,CUST-107216,2025-02-28,0,0,False,False,11116.182500000006,Current
LN-502837,CUST-100360,2025-02-28,0,0,False,False,42927.035,Current
LN-502838,CUST-101250,2025-02-28,0,0,False,False,10851.812500000011,Current
LN-502839,CUST-100059,2025-02-28,0,0,False,False,12567.015000000003,Current
LN-502840,CUST-105217,2025-02-28,0,0,False,False,13601.810000000012,Current
LN-502841,CUST-105748,2025-02-28,0,0,False,False,14884.579999999993,Current
LN-502843,CUST-102780,2025-02-28,0,0,False,False,43075.87249999997,Current
LN-502844,CUST-100140,2025-02-28,0,0,False,False,17291.23,Current
LN-502845,CUST-100507,2025-02-28,0,0,False,False,56096.27499999999,Current
LN-502846,CUST-102205,2025-02-28,0,0,False,False,22468.125,Current
LN-502848,CUST-101706,2025-02-28,0,0,False,False,31447.559999999998,Current
LN-502849,CUST-100267,2025-02-28,0,0,False,False,5692.66,Current
LN-502850,CUST-103297,2025-02-28,0,0,False,False,43509.540000000015,Current
LN-502852,CUST-103875,2025-02-28,0,0,False,False,89230.05999999998,Current
LN-502853,CUST-101051,2025-02-28,4,125,False,False,13471.477500000003,90+
LN-502854,CUST-107154,2025-02-28,0,0,False,False,6160.429999999995,Current
LN-502855,CUST-105919,2025-02-28,0,0,False,False,43893.43,Current
LN-502856,CUST-102873,2025-02-28,0,0,False,False,15720.439999999995,Current
LN-502857,CUST-105569,2025-02-28,1,4,False,False,241642.08500000002,1-29
LN-502858,CUST-105488,2025-02-28,0,0,False,False,23038.27,Current
LN-502859,CUST-105288,2025-02-28,0,0,False,False,22850.955,Current
LN-502860,CUST-105203,2025-02-28,0,0,False,False,4870.505,Current
LN-502861,CUST-102532,2025-02-28,0,0,False,False,19794.487499999996,Current
LN-502862,CUST-102643,2025-02-28,0,0,False,False,28872.100000000006,Current
LN-502863,CUST-101840,2025-02-28,0,0,False,False,439181.2900000001,Current
LN-502864,CUST-105761,2025-02-28,0,0,False,False,15242.260000000006,Current
LN-502865,CUST-106563,2025-02-28,0,0,False,False,30865.140000000014,Current
LN-502866,CUST-104224,2025-02-28,0,0,False,False,19750.525000000016,Current
LN-502867,CUST-101647,2025-02-28,0,0,False,False,24804.379999999986,Current
LN-502868,CUST-100872,2025-02-28,0,0,False,False,26650.559999999987,Current
LN-502869,CUST-105804,2025-02-28,0,0,False,False,8090.594999999998,Current
LN-502870,CUST-107138,2025-02-28,0,0,False,False,42388.32750000001,Current
LN-502872,CUST-105331,2025-02-28,0,0,False,False,140056.40000000002,Current
LN-502873,CUST-106503,2025-02-28,0,0,False,False,39181.59,Current
LN-502876,CUST-104973,2025-02-28,0,0,False,False,13020.11,Current
LN-502877,CUST-100469,2025-02-28,0,0,False,False,2062.877499999999,Current
LN-502879,CUST-103375,2025-02-28,0,0,False,False,22803.50249999999,Current
LN-502880,CUST-100512,2025-02-28,0,0,False,False,11430.97,Current
LN-502882,CUST-106117,2025-02-28,0,0,False,False,15263.559999999998,Current
LN-502885,CUST-103198,2025-02-28,0,0,False,False,53028.62,Current
LN-502887,CUST-106825,2025-02-28,0,0,False,False,9990.337500000007,Current
LN-502888,CUST-107586,2025-02-28,0,0,False,False,13356.004999999997,Current
LN-502889,CUST-100893,2025-02-28,0,0,False,False,214687.22999999998,Current
LN-502890,CUST-106862,2025-02-28,0,0,False,False,2830.36,Current
LN-502891,CUST-105986,2025-02-28,0,0,False,False,70360.60999999999,Current
LN-502892,CUST-105781,2025-02-28,0,0,False,False,33537.6175,Current
LN-502894,CUST-107701,2025-02-28,0,0,False,False,38113.70499999998,Current
LN-502895,CUST-103423,2025-02-28,0,0,False,False,15439.58,Current
LN-502896,CUST-106891,2025-02-28,0,0,False,False,16798.309999999994,Current
LN-502897,CUST-102214,2025-02-28,0,0,False,False,35306.345000000016,Current
LN-502898,CUST-106241,2025-02-28,0,0,False,False,24882.079999999994,Current
LN-502900,CUST-100198,2025-02-28,0,0,False,False,22722.80999999999,Current
LN-502901,CUST-105971,2025-02-28,0,0,False,False,11382.484999999997,Current
LN-502902,CUST-100330,2025-02-28,1,21,False,False,10309.015000000001,1-29
LN-502903,CUST-106745,2025-02-28,0,0,False,False,9538.404999999999,Current
LN-502904,CUST-107250,2025-02-28,0,0,False,False,41645.472500000025,Current
LN-502905,CUST-107856,2025-02-28,0,0,False,False,28045.775000000012,Current
LN-502909,CUST-103591,2025-02-28,0,0,False,False,24965.680000000004,Current
LN-502910,CUST-101270,2025-02-28,0,0,False,False,6630.829999999998,Current
LN-502911,CUST-106757,2025-02-28,0,0,True,False,29251.260000000002,Current
LN-502913,CUST-101238,2025-02-28,0,0,False,False,73582.46749999998,Current
LN-502915,CUST-102302,2025-02-28,0,0,False,False,36387.41,Current
LN-502916,CUST-103173,2025-02-28,0,0,False,False,8595.912499999999,Current
LN-502917,CUST-107882,2025-02-28,0,0,False,False,46519.555000000015,Current
LN-502918,CUST-106867,2025-02-28,0,0,False,False,25909.72,Current
LN-502920,CUST-102979,2025-02-28,0,0,False,False,27483.355000000003,Current
LN-502921,CUST-107203,2025-02-28,0,0,False,False,47717.62999999999,Current
LN-502923,CUST-104315,2025-02-28,0,0,False,False,8859.789999999999,Current
LN-502925,CUST-107136,2025-02-28,0,0,False,False,20177.114999999994,Current
LN-502927,CUST-101680,2025-02-28,0,0,False,False,27155.504999999997,Current
LN-502928,CUST-107426,2025-02-28,0,0,False,False,26698.877500000002,Current
LN-502929,CUST-104219,2025-02-28,0,0,False,False,15982.929999999998,Current
LN-502932,CUST-102752,2025-02-28,0,0,False,False,25215.7,Current
LN-502933,CUST-104464,2025-02-28,0,0,False,False,87702.48000000004,Current
LN-502934,CUST-105236,2025-02-28,2,44,False,False,126028.68,30-59
LN-502935,CUST-101711,2025-02-28,0,0,False,False,37063.43749999996,Current
LN-502936,CUST-104252,2025-02-28,0,0,False,False,25562.92000000001,Current
LN-502937,CUST-103852,2025-02-28,0,0,False,False,4779.9400000000005,Current
LN-502938,CUST-105697,2025-02-28,0,0,False,False,18329.407499999998,Current
LN-502939,CUST-101101,2025-02-28,0,0,False,False,16578.300000000007,Current
LN-502940,CUST-102998,2025-02-28,0,0,False,False,22872.1875,Current
LN-502941,CUST-102834,2025-02-28,1,13,False,False,78170.47999999998,1-29
LN-502942,CUST-106110,2025-02-28,0,0,False,False,35748.83499999999,Current
LN-502944,CUST-103013,2025-02-28,0,0,False,False,13554.984999999997,Current
LN-502947,CUST-107774,2025-02-28,0,0,False,False,37895.19250000001,Current
LN-502948,CUST-101351,2025-02-28,0,0,False,False,20689.0325,Current
LN-502949,CUST-106543,2025-02-28,2,51,False,False,37898.05249999997,30-59
LN-502950,CUST-104686,2025-02-28,0,0,False,False,13929.85999999999,Current
LN-502952,CUST-106991,2025-02-28,0,0,False,False,33275.97,Current
LN-502953,CUST-100604,2025-02-28,0,0,False,False,16410.539999999997,Current
LN-502954,CUST-101829,2025-02-28,0,0,False,False,17056.249999999996,Current
LN-502955,CUST-106565,2025-02-28,0,0,False,False,437665.7000000001,Current
LN-502957,CUST-107908,2025-02-28,2,42,False,False,578673.0949999999,30-59
LN-502958,CUST-103457,2025-02-28,0,0,False,False,12143.67,Current
LN-502960,CUST-103920,2025-02-28,0,0,False,False,80927.52500000005,Current
LN-502961,CUST-105063,2025-02-28,0,0,False,False,16821.12,Current
LN-502962,CUST-106796,2025-02-28,0,0,False,False,21573.567499999997,Current
LN-502964,CUST-103104,2025-02-28,0,0,False,False,11381.695,Current
LN-502967,CUST-106309,2025-02-28,0,0,False,False,19914.335000000006,Current
LN-502968,CUST-105801,2025-02-28,0,0,False,False,14719.222500000007,Current
LN-502969,CUST-103947,2025-02-28,0,0,False,False,32078.215000000026,Current
LN-502970,CUST-107294,2025-02-28,0,0,False,False,17211.699999999983,Current
LN-502974,CUST-104211,2025-02-28,0,0,False,False,44145.59000000001,Current
LN-502976,CUST-101975,2025-02-28,0,0,False,False,13321.590000000004,Current
LN-502977,CUST-106263,2025-02-28,0,0,False,False,15631.97,Current
LN-502978,CUST-100413,2025-02-28,0,0,False,False,27491.742500000008,Current
LN-502979,CUST-105151,2025-02-28,0,0,False,False,9990.794999999996,Current
LN-502980,CUST-101288,2025-02-28,0,0,False,False,1749.8999999999999,Current
LN-502981,CUST-104925,2025-02-28,0,0,False,False,9471.177499999998,Current
LN-502982,CUST-103186,2025-02-28,0,0,False,False,36523.850000000006,Current
LN-502983,CUST-102902,2025-02-28,0,0,False,False,14670.490000000002,Current
LN-502984,CUST-102142,2025-02-28,0,0,False,False,6260.210000000001,Current
LN-502985,CUST-105042,2025-02-28,0,0,False,False,8340.882500000007,Current
LN-502986,CUST-102905,2025-02-28,0,0,False,False,43607.657500000016,Current
LN-502987,CUST-106714,2025-02-28,1,25,False,True,39419.82,1-29
LN-502988,CUST-104379,2025-02-28,0,0,False,False,26263.55,Current
LN-502989,CUST-100782,2025-02-28,0,0,False,False,350533.31999999966,Current
LN-502990,CUST-102392,2025-02-28,0,0,False,False,15298.42999999999,Current
LN-502991,CUST-104571,2025-02-28,0,0,False,False,21769.987500000003,Current
LN-502992,CUST-106245,2025-02-28,0,0,False,False,505362.69,Current
LN-502994,CUST-100556,2025-02-28,0,0,False,False,27027.8875,Current
LN-502995,CUST-101147,2025-02-28,0,0,False,False,48443.279999999984,Current
LN-502996,CUST-106138,2025-02-28,0,0,False,False,38986.845,Current
LN-502997,CUST-103063,2025-02-28,0,0,False,False,16671.977500000008,Current
LN-502998,CUST-103920,2025-02-28,0,0,False,False,126457.13999999998,Current
LN-502999,CUST-104327,2025-02-28,0,0,False,False,4011.9100000000003,Current
LN-503000,CUST-104928,2025-02-28,0,0,False,False,13356.717499999995,Current
LN-503001,CUST-104259,2025-02-28,0,0,False,False,27692.760000000006,Current
LN-503002,CUST-105207,2025-02-28,0,0,False,False,9410.420000000007,Current
LN-503003,CUST-106364,2025-02-28,0,0,False,False,454957.4399999998,Current
LN-503004,CUST-105152,2025-02-28,0,0,False,False,4845.09,Current
LN-503005,CUST-103461,2025-02-28,0,0,False,False,2641.7850000000003,Current
LN-503010,CUST-104274,2025-02-28,0,0,True,False,32903.430000000015,Current
LN-503011,CUST-106646,2025-02-28,0,0,False,False,10526.93,Current
LN-503012,CUST-103590,2025-02-28,0,0,False,False,23077.799999999985,Current
LN-503014,CUST-107508,2025-02-28,0,0,False,False,18280.390000000003,Current
LN-503015,CUST-100845,2025-02-28,1,2,False,False,48911.8875,1-29
LN-503016,CUST-104562,2025-02-28,1,9,False,False,4171.460000000003,1-29
LN-503017,CUST-102915,2025-02-28,3,82,False,False,4776.072500000001,60-89
LN-503018,CUST-105046,2025-02-28,0,0,False,False,16800.6825,Current
LN-503019,CUST-103767,2025-02-28,0,0,False,False,363846.30000000005,Current
LN-503020,CUST-107006,2025-02-28,0,0,False,False,10483.114999999994,Current
LN-503024,CUST-105434,2025-02-28,0,0,False,False,42138.939999999995,Current
LN-503025,CUST-105983,2025-02-28,0,0,False,False,8949.77249999999,Current
LN-503026,CUST-102589,2025-02-28,0,0,False,False,18272.039999999983,Current
LN-503028,CUST-104955,2025-02-28,0,0,False,False,23530.985000000004,Current
LN-503029,CUST-104708,2025-02-28,0,0,False,False,14393.887500000004,Current
LN-503030,CUST-106291,2025-02-28,0,0,False,False,38386.30999999998,Current
LN-503032,CUST-103648,2025-02-28,0,0,False,False,30957.839999999982,Current
LN-503033,CUST-101552,2025-02-28,0,0,False,False,32451.995,Current
LN-503034,CUST-102132,2025-02-28,0,0,False,False,8547.349999999991,Current
LN-503035,CUST-100892,2025-02-28,0,0,False,False,31922.970000000023,Current
LN-503036,CUST-100481,2025-02-28,0,0,False,False,140604.76,Current
LN-503037,CUST-104535,2025-02-28,0,0,False,False,19100.395,Current
LN-503038,CUST-105608,2025-02-28,0,0,False,False,2412.6524999999997,Current
LN-503040,CUST-100480,2025-02-28,0,0,False,False,7379.34,Current
LN-503041,CUST-100890,2025-02-28,0,0,False,False,44869.05000000001,Current
LN-503042,CUST-105247,2025-02-28,0,0,False,False,30439.604999999992,Current
LN-503043,CUST-104087,2025-02-28,0,0,False,False,37558.67749999998,Current
LN-503045,CUST-106512,2025-02-28,0,0,False,False,16802.080000000016,Current
LN-503046,CUST-103445,2025-02-28,0,0,False,False,24367.489999999998,Current
LN-503047,CUST-107797,2025-02-28,0,0,False,False,11218.472500000003,Current
LN-503048,CUST-101773,2025-02-28,0,0,False,False,31668.645000000004,Current
LN-503049,CUST-100710,2025-02-28,0,0,False,False,30615.73,Current
LN-503051,CUST-103874,2025-02-28,0,0,False,False,28528.85,Current
LN-503052,CUST-102948,2025-02-28,0,0,False,False,12938.565000000002,Current
LN-503053,CUST-107681,2025-02-28,0,0,False,False,7027.54,Current
LN-503054,CUST-103890,2025-02-28,0,0,False,False,30021.23,Current
LN-503056,CUST-100158,2025-02-28,0,0,False,False,410158.175,Current
LN-503057,CUST-105144,2025-02-28,0,0,False,False,36452.32000000003,Current
LN-503058,CUST-107691,2025-02-28,0,0,False,False,5345.904999999999,Current
LN-503059,CUST-101522,2025-02-28,0,0,False,False,420835.11000000004,Current
LN-503060,CUST-106733,2025-02-28,0,0,False,False,18513.98,Current
LN-503061,CUST-104236,2025-02-28,0,0,False,False,34537.38,Current
LN-503063,CUST-101908,2025-02-28,0,0,False,False,7202.82,Current
LN-503064,CUST-107206,2025-02-28,0,0,False,False,82452.4975,Current
LN-503065,CUST-102641,2025-02-28,0,0,False,False,22227.1775,Current
LN-503066,CUST-104129,2025-02-28,0,0,False,False,11582.859999999997,Current
LN-503067,CUST-104098,2025-02-28,0,0,False,False,9495.9125,Current
LN-503068,CUST-105005,2025-02-28,0,0,False,False,104245.12500000003,Current
LN-503069,CUST-101100,2025-02-28,0,0,False,False,18677.309999999994,Current
LN-503072,CUST-101077,2025-02-28,0,0,False,False,12032.115,Current
LN-503075,CUST-103924,2025-02-28,0,0,False,False,20787.94749999999,Current
LN-503077,CUST-103931,2025-02-28,0,0,False,False,29213.459999999985,Current
LN-503079,CUST-101506,2025-02-28,0,0,False,False,126876.81000000008,Current
LN-503080,CUST-105599,2025-02-28,0,0,False,False,8083.350000000002,Current
LN-503083,CUST-105722,2025-02-28,0,0,False,False,15921.942500000001,Current
LN-503085,CUST-104895,2025-02-28,0,0,False,False,11999.439999999997,Current
LN-503086,CUST-100749,2025-02-28,0,0,False,False,2690.36,Current
LN-503087,CUST-107303,2025-02-28,0,0,False,False,32566.090000000015,Current
LN-503088,CUST-106447,2025-02-28,0,0,False,False,24006.850000000002,Current
LN-503090,CUST-105792,2025-02-28,0,0,False,False,17763.63,Current
LN-503091,CUST-106533,2025-02-28,0,0,False,False,74142.52000000002,Current
LN-503092,CUST-105161,2025-02-28,0,0,False,False,14931.42,Current
LN-503093,CUST-106389,2025-02-28,0,0,False,False,14524.494999999994,Current
LN-503094,CUST-103781,2025-02-28,0,0,False,False,2266.305,Current
LN-503095,CUST-106989,2025-02-28,0,0,False,False,10744.05750000001,Current
LN-503096,CUST-103350,2025-02-28,0,0,False,False,41266.53500000002,Current
LN-503097,CUST-105846,2025-02-28,0,0,False,False,26576.884999999995,Current
LN-503098,CUST-102826,2025-02-28,0,0,False,False,7839.939999999999,Current
LN-503099,CUST-100812,2025-02-28,0,0,False,False,10887.915000000005,Current
LN-503101,CUST-103289,2025-02-28,0,0,False,False,9001.955,Current
LN-503103,CUST-100510,2025-02-28,0,0,False,False,6311.1,Current
LN-503104,CUST-104346,2025-02-28,0,0,False,False,14229.940000000002,Current
LN-503105,CUST-102451,2025-02-28,0,0,False,False,8476.519999999999,Current
LN-503106,CUST-101779,2025-02-28,0,0,False,False,2668.7700000000004,Current
LN-503108,CUST-105388,2025-02-28,0,0,False,False,37911.99,Current
LN-503112,CUST-100232,2025-02-28,0,0,False,False,36187.41999999997,Current
LN-503113,CUST-105494,2025-02-28,0,0,False,False,12330.520000000002,Current
LN-503114,CUST-107352,2025-02-28,0,0,False,False,45646.075000000004,Current
LN-503115,CUST-103578,2025-02-28,2,52,False,False,8848.797499999999,30-59
LN-503116,CUST-105552,2025-02-28,0,0,False,False,13686.222500000002,Current
LN-503117,CUST-102869,2025-02-28,3,69,False,False,16751.870000000006,60-89
LN-503118,CUST-100566,2025-02-28,0,0,False,False,16729.0125,Current
LN-503119,CUST-101915,2025-02-28,0,0,False,False,46162.732500000006,Current
LN-503120,CUST-101378,2025-02-28,0,0,False,False,24601.17,Current
LN-503122,CUST-104974,2025-02-28,0,0,False,False,46119.87,Current
LN-503123,CUST-106399,2025-02-28,0,0,False,False,25967.495000000003,Current
LN-503124,CUST-107836,2025-02-28,0,0,False,False,11728.1,Current
LN-503125,CUST-101858,2025-02-28,0,0,False,False,29700.72,Current
LN-503126,CUST-105922,2025-02-28,0,0,False,False,28421.430000000004,Current
LN-503127,CUST-106459,2025-02-28,0,0,False,False,24864.142500000016,Current
LN-503128,CUST-103189,2025-02-28,0,0,False,False,35152.07999999999,Current
LN-503129,CUST-100949,2025-02-28,1,20,False,False,5532.1974999999975,1-29
LN-503131,CUST-107499,2025-02-28,0,0,False,False,36483.260000000024,Current
LN-503134,CUST-106944,2025-02-28,0,0,False,False,21184.72000000001,Current
LN-503135,CUST-106948,2025-02-28,0,0,False,False,13153.369999999999,Current
LN-503136,CUST-107227,2025-02-28,0,0,False,False,14873.442500000001,Current
LN-503137,CUST-101806,2025-02-28,0,0,False,False,23115.96749999998,Current
LN-503138,CUST-103598,2025-02-28,0,0,False,False,30447.69,Current
LN-503139,CUST-105812,2025-02-28,0,0,False,False,139363.57,Current
LN-503140,CUST-104018,2025-02-28,0,0,False,False,138754.8675,Current
LN-503141,CUST-101445,2025-02-28,0,0,False,False,30153.5,Current
LN-503143,CUST-102440,2025-02-28,0,0,False,False,24454.824999999997,Current
LN-503144,CUST-107249,2025-02-28,0,0,False,False,50549.63,Current
LN-503145,CUST-105813,2025-02-28,0,0,False,False,18308.717499999995,Current
LN-503147,CUST-105966,2025-02-28,0,0,False,False,17568.98,Current
LN-503148,CUST-102102,2025-02-28,0,0,False,False,7603.882500000005,Current
LN-503150,CUST-106729,2025-02-28,0,0,False,False,17602.13499999999,Current
LN-503151,CUST-103094,2025-02-28,0,0,False,False,76648.50250000006,Current
LN-503154,CUST-104307,2025-02-28,0,0,False,False,24480.957499999986,Current
LN-503155,CUST-101425,2025-02-28,0,0,False,False,36384.134999999995,Current
LN-503156,CUST-101135,2025-02-28,0,0,False,False,9793.94,Current
LN-503157,CUST-104106,2025-02-28,0,0,False,False,50014.545,Current
LN-503159,CUST-102996,2025-02-28,0,0,False,False,29566.580000000005,Current
LN-503160,CUST-100038,2025-02-28,0,0,False,False,30189.322500000006,Current
LN-503161,CUST-105158,2025-02-28,0,0,False,False,20737.249999999993,Current
LN-503162,CUST-100006,2025-02-28,0,0,False,False,11100.802500000003,Current
LN-503163,CUST-100384,2025-02-28,0,0,False,False,35360.325,Current
LN-503164,CUST-100257,2025-02-28,0,0,False,False,15551.744999999999,Current
LN-503165,CUST-101491,2025-02-28,0,0,False,False,16295.727499999988,Current
LN-503166,CUST-107687,2025-02-28,0,0,False,False,24400.749999999996,Current
LN-503167,CUST-100448,2025-02-28,4,186,False,False,37318.91,90+
LN-503168,CUST-105822,2025-02-28,0,0,False,False,45440.67,Current
LN-503169,CUST-104990,2025-02-28,0,0,False,False,234087.77000000005,Current
LN-503171,CUST-102359,2025-02-28,0,0,False,False,38121.39749999997,Current
LN-503172,CUST-102840,2025-02-28,0,0,False,False,27272.190000000006,Current
LN-503174,CUST-101204,2025-02-28,0,0,False,False,616469.5700000001,Current
LN-503176,CUST-106574,2025-02-28,0,0,False,False,16168.660000000003,Current
LN-503177,CUST-101881,2025-02-28,0,0,False,False,9997.970000000001,Current
LN-503178,CUST-107842,2025-02-28,0,0,False,False,18576.59999999999,Current
LN-503179,CUST-106170,2025-02-28,0,0,False,False,1905.2650000000012,Current
LN-503180,CUST-101915,2025-02-28,0,0,False,False,27447.88,Current
LN-503181,CUST-103627,2025-02-28,0,0,False,False,83508.95,Current
LN-503182,CUST-100076,2025-02-28,0,0,False,False,10352.750000000005,Current
LN-503183,CUST-103451,2025-02-28,0,0,False,False,9533.885,Current
LN-503184,CUST-100711,2025-02-28,0,0,False,False,53738.19,Current
LN-503185,CUST-105173,2025-02-28,0,0,False,False,12278.6775,Current
LN-503187,CUST-102921,2025-02-28,0,0,False,False,20003.604999999996,Current
LN-503190,CUST-100511,2025-02-28,0,0,False,False,10947.189999999997,Current
LN-503192,CUST-106604,2025-02-28,0,0,False,False,10862.99,Current
LN-503194,CUST-101450,2025-02-28,0,0,False,False,9490.462500000003,Current
LN-503195,CUST-104977,2025-02-28,0,0,False,False,10936.515,Current
LN-503197,CUST-107129,2025-02-28,0,0,False,False,15629.940000000002,Current
LN-503198,CUST-107647,2025-02-28,0,0,False,False,44110.92,Current
LN-503201,CUST-102218,2025-02-28,0,0,False,False,28865.614999999994,Current
LN-503202,CUST-101285,2025-02-28,0,0,False,False,1821.6550000000007,Current
LN-503205,CUST-102499,2025-02-28,0,0,False,False,7539.310000000001,Current
LN-503206,CUST-104454,2025-02-28,1,3,False,False,8115.785000000002,1-29
LN-503207,CUST-104222,2025-02-28,3,83,False,False,17106.07,60-89
LN-503208,CUST-102124,2025-02-28,0,0,False,False,30619.259999999995,Current
LN-503209,CUST-102895,2025-02-28,0,0,False,False,35024.97750000002,Current
LN-503210,CUST-106724,2025-02-28,4,162,False,False,19327.745,90+
LN-503212,CUST-105561,2025-02-28,0,0,False,False,14372.449999999999,Current
LN-503214,CUST-101154,2025-02-28,0,0,False,False,32157.490000000013,Current
LN-503215,CUST-101315,2025-02-28,0,0,False,False,7158.400000000005,Current
LN-503218,CUST-102864,2025-02-28,0,0,False,False,35107.829999999994,Current
LN-503219,CUST-101378,2025-02-28,0,0,False,False,23600.80999999999,Current
LN-503220,CUST-105483,2025-02-28,0,0,False,False,30105.925,Current
LN-503221,CUST-102485,2025-02-28,0,0,False,False,29354.595,Current
LN-503222,CUST-106179,2025-02-28,0,0,False,False,17896.31999999999,Current
LN-503224,CUST-107643,2025-02-28,0,0,False,False,11281.51,Current
LN-503227,CUST-103420,2025-02-28,0,0,False,False,49045.495,Current
LN-503228,CUST-106175,2025-02-28,0,0,False,False,4174.8150000000005,Current
LN-503229,CUST-100854,2025-02-28,0,0,False,False,95416.27999999998,Current
LN-503230,CUST-107264,2025-02-28,0,0,False,False,9039.669999999998,Current
LN-503231,CUST-106370,2025-02-28,0,0,False,False,36821.259999999995,Current
LN-503233,CUST-102838,2025-02-28,0,0,False,False,1277.1875,Current
LN-503234,CUST-106898,2025-02-28,0,0,False,False,569796.9424999998,Current
LN-503236,CUST-102123,2025-02-28,0,0,False,False,636937.6975000001,Current
LN-503237,CUST-103613,2025-02-28,0,0,False,False,28271.16,Current
LN-503238,CUST-104532,2025-02-28,0,0,False,False,15119.619999999999,Current
LN-503239,CUST-105466,2025-02-28,0,0,False,False,12343.399999999998,Current
LN-503240,CUST-103124,2025-02-28,0,0,False,False,12420.625000000005,Current
LN-503242,CUST-102095,2025-02-28,0,0,False,False,24050.292500000003,Current
LN-503243,CUST-103500,2025-02-28,0,0,False,False,119181.93,Current
LN-503245,CUST-102792,2025-02-28,0,0,False,False,31421.29999999999,Current
LN-503246,CUST-104919,2025-02-28,0,0,False,False,48389.53,Current
LN-503247,CUST-107990,2025-02-28,0,0,False,False,4277.039999999999,Current
LN-503248,CUST-101833,2025-02-28,0,0,False,False,13078.310000000003,Current
LN-503249,CUST-104153,2025-02-28,0,0,False,False,5510.090000000002,Current
LN-503250,CUST-102179,2025-02-28,0,0,False,False,20153.22,Current
LN-503251,CUST-100507,2025-02-28,0,0,False,False,80971.08,Current
LN-503252,CUST-100202,2025-02-28,0,0,False,False,11514.779999999995,Current
LN-503253,CUST-100288,2025-02-28,0,0,False,False,47024.35,Current
LN-503254,CUST-103413,2025-02-28,0,0,False,False,7780.719999999999,Current
LN-503256,CUST-105342,2025-02-28,4,92,False,False,10502.7925,90+
LN-503257,CUST-101891,2025-02-28,0,0,False,False,30294.867500000008,Current
LN-503258,CUST-107717,2025-02-28,0,0,False,False,49027.25999999998,Current
LN-503260,CUST-101118,2025-02-28,3,66,False,False,40255.64499999999,60-89
LN-503263,CUST-103841,2025-02-28,0,0,False,False,10922.909999999996,Current
LN-503264,CUST-105435,2025-02-28,0,0,False,False,28549.859999999986,Current
LN-503265,CUST-102511,2025-02-28,0,0,False,False,16260.772500000001,Current
LN-503266,CUST-107056,2025-02-28,0,0,False,False,30356.76,Current
LN-503268,CUST-107578,2025-02-28,0,0,False,False,17492.92999999999,Current
LN-503269,CUST-102675,2025-02-28,0,0,False,False,8735.494999999995,Current
LN-503270,CUST-103872,2025-02-28,0,0,False,False,40517.53999999998,Current
LN-503271,CUST-103329,2025-02-28,0,0,False,False,18961.140000000007,Current
LN-503272,CUST-100935,2025-02-28,0,0,False,False,2371.394999999998,Current
LN-503273,CUST-102705,2025-02-28,0,0,False,False,574123.5300000001,Current
LN-503274,CUST-104061,2025-02-28,0,0,False,False,14380.989999999994,Current
LN-503275,CUST-107818,2025-02-28,0,0,False,False,38095.49499999999,Current
LN-503276,CUST-101935,2025-02-28,0,0,False,False,4301.695,Current
LN-503277,CUST-106101,2025-02-28,0,0,False,False,28582.619999999995,Current
LN-503279,CUST-105295,2025-02-28,0,0,False,False,7723.8750000000055,Current
LN-503280,CUST-102753,2025-02-28,1,19,False,False,1782.5825000000004,1-29
LN-503282,CUST-105996,2025-02-28,0,0,False,False,19310.55,Current
LN-503285,CUST-102554,2025-02-28,3,77,False,False,2914.649999999999,60-89
LN-503287,CUST-105824,2025-02-28,0,0,False,False,6332.090000000001,Current
LN-503288,CUST-102344,2025-02-28,0,0,False,False,14972.709999999994,Current
LN-503290,CUST-107697,2025-02-28,0,0,False,False,27663.75,Current
LN-503292,CUST-103594,2025-02-28,0,0,False,False,27012.42750000002,Current
LN-503293,CUST-102272,2025-02-28,0,0,False,False,45998.224999999984,Current
LN-503294,CUST-105454,2025-02-28,0,0,False,False,108153.42,Current
LN-503295,CUST-101081,2025-02-28,0,0,False,False,30810.574999999983,Current
LN-503296,CUST-100061,2025-02-28,0,0,False,False,6328.9050000000025,Current
LN-503297,CUST-102860,2025-02-28,0,0,False,False,45347.73500000001,Current
LN-503299,CUST-100444,2025-02-28,0,0,False,False,340771.9049999998,Current
LN-503300,CUST-102287,2025-02-28,2,35,False,False,6694.8949999999995,30-59
LN-503301,CUST-103355,2025-02-28,0,0,False,False,29913.77000000002,Current
LN-503303,CUST-102329,2025-02-28,0,0,False,False,35193.1375,Current
LN-503304,CUST-107478,2025-02-28,0,0,False,False,26834.72499999998,Current
LN-503305,CUST-103148,2025-02-28,0,0,False,False,8312.685000000001,Current
LN-503306,CUST-104780,2025-02-28,0,0,False,False,2514.4749999999995,Current
LN-503308,CUST-106718,2025-02-28,0,0,False,False,16661.527499999997,Current
LN-503309,CUST-105472,2025-02-28,0,0,False,False,17682.795000000006,Current
LN-503310,CUST-106248,2025-02-28,0,0,False,False,19228.409999999996,Current
LN-503313,CUST-107019,2025-02-28,0,0,False,False,31166.89,Current
LN-503314,CUST-103257,2025-02-28,0,0,False,False,50459.33,Current
LN-503315,CUST-103548,2025-02-28,0,0,False,False,14303.380000000001,Current
LN-503320,CUST-105987,2025-02-28,0,0,False,False,19035.697500000006,Current
LN-503321,CUST-106894,2025-02-28,0,0,False,False,10225.337500000001,Current
LN-503322,CUST-103431,2025-02-28,0,0,False,False,49586.54,Current
LN-503324,CUST-100512,2025-02-28,4,135,False,False,34260.34500000001,90+
LN-503325,CUST-106469,2025-02-28,0,0,False,False,110721.90000000002,Current
LN-503327,CUST-102953,2025-02-28,0,0,False,False,8058.630000000001,Current
LN-503329,CUST-105852,2025-02-28,0,0,False,False,6052.9725000000035,Current
LN-503330,CUST-102842,2025-02-28,0,0,False,False,4985.3875,Current
LN-503332,CUST-103077,2025-02-28,0,0,False,False,33371.02750000002,Current
LN-503333,CUST-104241,2025-02-28,0,0,False,False,21120.96,Current
LN-503334,CUST-106344,2025-02-28,0,0,False,False,39072.05000000001,Current
LN-503335,CUST-104081,2025-02-28,0,0,False,False,18425.607500000006,Current
LN-503336,CUST-107301,2025-02-28,1,7,False,False,44456.99249999999,1-29
LN-503337,CUST-105072,2025-02-28,0,0,False,False,7884.447500000002,Current
LN-503338,CUST-104647,2025-02-28,0,0,False,False,21766.62000000001,Current
LN-503339,CUST-104999,2025-02-28,0,0,False,False,7486.77,Current
LN-503341,CUST-106384,2025-02-28,0,0,False,False,39033.25,Current
LN-503342,CUST-107133,2025-02-28,0,0,False,False,28248.93,Current
LN-503343,CUST-106837,2025-02-28,1,15,False,False,42620.507499999985,1-29
LN-503345,CUST-102861,2025-02-28,0,0,False,False,28954.329999999994,Current
LN-503347,CUST-102906,2025-02-28,1,8,False,False,25870.440000000002,1-29
LN-503349,CUST-100978,2025-02-28,4,136,False,False,21277.625000000004,90+
LN-503350,CUST-101753,2025-02-28,0,0,False,False,99827.73,Current
LN-503351,CUST-103921,2025-02-28,0,0,False,False,5072.42,Current
LN-503352,CUST-101873,2025-02-28,0,0,False,False,36213.70500000001,Current
LN-503354,CUST-102383,2025-02-28,0,0,False,False,31950.924999999996,Current
LN-503356,CUST-102350,2025-02-28,0,0,False,False,26126.95,Current
LN-503357,CUST-101231,2025-02-28,0,0,False,False,24566.280000000002,Current
LN-503358,CUST-104534,2025-02-28,3,81,False,False,11241.734999999999,60-89
LN-503359,CUST-104096,2025-02-28,0,0,False,False,21315.3,Current
LN-503360,CUST-102342,2025-02-28,0,0,False,False,53328.21,Current
LN-503361,CUST-107430,2025-02-28,0,0,False,False,25466.33500000001,Current
LN-503362,CUST-103965,2025-02-28,0,0,False,False,9135.005000000001,Current
LN-503363,CUST-101649,2025-02-28,0,0,False,False,530744.6400000001,Current
LN-503364,CUST-100345,2025-02-28,1,19,False,False,269945.46,1-29
LN-503365,CUST-100406,2025-02-28,0,0,False,False,15156.060000000003,Current
LN-503367,CUST-107118,2025-02-28,1,15,False,False,32336.75,1-29
LN-503368,CUST-104270,2025-02-28,0,0,False,False,32452.39499999997,Current
LN-503369,CUST-102888,2025-02-28,0,0,False,False,112468.82,Current
LN-503371,CUST-105174,2025-02-28,0,0,False,False,47222.6425,Current
LN-503372,CUST-104731,2025-02-28,0,0,False,False,15030.890000000007,Current
LN-503373,CUST-104182,2025-02-28,0,0,False,False,23904.629999999997,Current
LN-503374,CUST-106066,2025-02-28,0,0,False,False,40455.97000000001,Current
LN-503375,CUST-102266,2025-02-28,1,16,False,False,13555.390000000001,1-29
LN-503377,CUST-100688,2025-02-28,1,11,False,False,10883.800000000003,1-29
LN-503378,CUST-101317,2025-02-28,0,0,False,False,96072.40249999997,Current
LN-503379,CUST-102343,2025-02-28,0,0,False,False,4775.467499999997,Current
LN-503380,CUST-100958,2025-02-28,0,0,True,False,353866.7399999998,Current
LN-503381,CUST-105593,2025-02-28,0,0,False,False,17992.74,Current
LN-503382,CUST-107285,2025-02-28,0,0,False,False,86909.24000000002,Current
LN-503384,CUST-103122,2025-02-28,0,0,False,False,13830.024999999998,Current
LN-503385,CUST-105536,2025-02-28,0,0,False,False,21321.142500000005,Current
LN-503387,CUST-105036,2025-02-28,0,0,False,False,2122.579999999999,Current
LN-503388,CUST-106388,2025-02-28,0,0,False,False,6966.789999999998,Current
LN-503389,CUST-104053,2025-02-28,0,0,False,False,15037.944999999998,Current
LN-503390,CUST-101830,2025-02-28,0,0,False,False,10223.9325,Current
LN-503391,CUST-103417,2025-02-28,0,0,False,False,43715.5075,Current
LN-503392,CUST-100774,2025-02-28,0,0,False,False,46634.245,Current
LN-503393,CUST-102796,2025-02-28,0,0,False,False,28043.720000000016,Current
LN-503394,CUST-105497,2025-02-28,0,0,False,False,20220.34,Current
LN-503396,CUST-101897,2025-02-28,0,0,False,False,8257.914999999997,Current
LN-503397,CUST-107922,2025-02-28,0,0,False,False,15534.920000000002,Current
LN-503398,CUST-106095,2025-02-28,0,0,False,False,39847.662500000006,Current
LN-503399,CUST-106178,2025-02-28,0,0,False,False,110500.94749999998,Current
LN-503400,CUST-106094,2025-02-28,0,0,False,False,19082.965,Current
LN-503401,CUST-106998,2025-02-28,0,0,False,False,35065.314999999995,Current
LN-503402,CUST-100971,2025-02-28,0,0,False,False,5702.130000000001,Current
LN-503403,CUST-103018,2025-02-28,0,0,False,False,34900.88999999999,Current
LN-503404,CUST-105767,2025-02-28,0,0,False,False,36738.597499999996,Current
LN-503406,CUST-106908,2025-02-28,0,0,False,False,254752.93999999994,Current
LN-503407,CUST-107454,2025-02-28,4,156,False,False,49179.57,90+
LN-503409,CUST-102064,2025-02-28,0,0,False,False,8655.569999999992,Current
LN-503410,CUST-107012,2025-02-28,0,0,False,False,29090.039999999997,Current
LN-503411,CUST-101516,2025-02-28,0,0,False,False,2679.017500000001,Current
LN-503412,CUST-106545,2025-02-28,0,0,False,False,21015.895000000004,Current
LN-503414,CUST-100255,2025-02-28,0,0,False,False,8930.664999999997,Current
LN-503415,CUST-107327,2025-02-28,0,0,False,False,2111.25,Current
LN-503416,CUST-101909,2025-02-28,0,0,False,False,7322.759999999998,Current
LN-503417,CUST-105206,2025-02-28,0,0,False,False,9005.39,Current
LN-503418,CUST-104056,2025-02-28,0,0,False,False,18832.894999999993,Current
LN-503419,CUST-100284,2025-02-28,0,0,False,False,17071.1675,Current
LN-503420,CUST-107296,2025-02-28,0,0,False,False,30571.92,Current
LN-503423,CUST-107309,2025-02-28,2,57,False,False,26094.409999999996,30-59
LN-503424,CUST-100777,2025-02-28,0,0,False,False,292569.8275,Current
LN-503425,CUST-101789,2025-02-28,0,0,False,False,20475.002500000013,Current
LN-503426,CUST-106504,2025-02-28,0,0,False,False,14857.679999999998,Current
LN-503427,CUST-104804,2025-02-28,0,0,False,False,9318.512499999997,Current
LN-503428,CUST-106341,2025-02-28,0,0,False,False,44242.23,Current
LN-503429,CUST-104673,2025-02-28,0,0,False,False,22679.009999999995,Current
LN-503430,CUST-106497,2025-02-28,0,0,False,False,8157.212500000001,Current
LN-503431,CUST-106955,2025-02-28,0,0,False,False,23136.980000000003,Current
LN-503436,CUST-101234,2025-02-28,0,0,False,False,11295.709999999997,Current
LN-503437,CUST-104194,2025-02-28,0,0,False,False,7892.122499999995,Current
LN-503438,CUST-102099,2025-02-28,0,0,False,False,24163.070000000014,Current
LN-503440,CUST-105723,2025-02-28,0,0,False,False,24732.689999999984,Current
LN-503441,CUST-105402,2025-02-28,0,0,False,False,16680.109999999997,Current
LN-503442,CUST-100824,2025-02-28,1,13,False,False,27181.31,1-29
LN-503443,CUST-106058,2025-02-28,0,0,False,False,64320.775,Current
LN-503444,CUST-103160,2025-02-28,0,0,False,False,30607.590000000004,Current
LN-503447,CUST-103320,2025-02-28,0,0,False,False,27993.400000000016,Current
LN-503448,CUST-101999,2025-02-28,0,0,False,False,32061.46,Current
LN-503449,CUST-103479,2025-02-28,0,0,False,False,5189.300000000002,Current
LN-503450,CUST-105853,2025-02-28,0,0,False,False,380532.67,Current
LN-503451,CUST-105878,2025-02-28,0,0,False,False,12212.96,Current
LN-503452,CUST-100301,2025-02-28,0,0,False,False,9734.43,Current
LN-503453,CUST-105847,2025-02-28,4,109,False,False,19785.50250000001,90+
LN-503454,CUST-106917,2025-02-28,0,0,False,False,26554.930000000004,Current
LN-503455,CUST-104995,2025-02-28,0,0,False,False,44330.829999999994,Current
LN-503456,CUST-104781,2025-02-28,0,0,False,False,29747.292499999996,Current
LN-503457,CUST-104705,2025-02-28,0,0,False,False,27956.815,Current
LN-503458,CUST-104158,2025-02-28,0,0,False,False,18563.5475,Current
LN-503460,CUST-101808,2025-02-28,0,0,False,False,23480.082499999997,Current
LN-503461,CUST-103409,2025-02-28,0,0,False,False,7276.282500000001,Current
LN-503462,CUST-106358,2025-02-28,4,227,False,False,91023.63500000001,90+
LN-503463,CUST-107115,2025-02-28,0,0,False,False,32635.015000000018,Current
LN-503464,CUST-100512,2025-02-28,0,0,False,False,18635.025,Current
LN-503465,CUST-102671,2025-02-28,0,0,False,False,16727.91,Current
LN-503466,CUST-100517,2025-02-28,0,0,False,False,20179.230000000003,Current
LN-503467,CUST-103357,2025-02-28,0,0,False,False,17146.672499999997,Current
LN-503468,CUST-102487,2025-02-28,0,0,False,False,8000.9200000000055,Current
LN-503469,CUST-101159,2025-02-28,0,0,False,False,32086.199999999997,Current
LN-503470,CUST-106460,2025-02-28,0,0,False,False,19054.055000000004,Current
LN-503471,CUST-107475,2025-02-28,0,0,False,False,22695.34,Current
LN-503472,CUST-104455,2025-02-28,0,0,False,False,45069.380000000005,Current
LN-503473,CUST-106236,2025-02-28,0,0,False,False,27814.58000000001,Current
LN-503474,CUST-101301,2025-02-28,0,0,False,False,7577.387500000001,Current
LN-503475,CUST-103586,2025-02-28,2,38,False,False,23248.714999999997,30-59
LN-503478,CUST-102549,2025-02-28,0,0,False,False,27752.9925,Current
LN-503479,CUST-103374,2025-02-28,0,0,False,False,383324.3374999999,Current
LN-503480,CUST-104596,2025-02-28,0,0,False,False,43934.98,Current
LN-503481,CUST-103368,2025-02-28,0,0,False,False,19579.99,Current
LN-503482,CUST-107043,2025-02-28,0,0,False,False,1743.742499999999,Current
LN-503483,CUST-100413,2025-02-28,0,0,False,False,16378.112499999996,Current
LN-503484,CUST-101334,2025-02-28,0,0,False,False,39309.29750000002,Current
LN-503486,CUST-106818,2025-02-28,0,0,False,False,12076.357499999998,Current
LN-503487,CUST-100061,2025-02-28,1,10,False,False,43247.39999999999,1-29
LN-503488,CUST-105632,2025-02-28,0,0,False,False,669.7275,Current
LN-503492,CUST-100395,2025-02-28,0,0,False,False,8641.842500000004,Current
LN-503493,CUST-102966,2025-02-28,0,0,False,False,45880.51000000004,Current
LN-503494,CUST-103769,2025-02-28,1,16,False,False,22223.97,1-29
LN-503496,CUST-102254,2025-02-28,0,0,False,False,107464.76999999997,Current
LN-503497,CUST-103252,2025-02-28,0,0,False,False,924.4624999999997,Current
LN-503498,CUST-107580,2025-02-28,0,0,False,False,45491.01,Current
LN-503500,CUST-106609,2025-02-28,0,0,False,False,17611.620000000006,Current
LN-503501,CUST-100894,2025-02-28,0,0,False,False,2476.49,Current
LN-503502,CUST-107063,2025-02-28,4,153,False,False,25378.46,90+
LN-503503,CUST-100081,2025-02-28,0,0,False,False,40864.45,Current
LN-503504,CUST-107365,2025-02-28,0,0,False,False,7792.6600000000035,Current
LN-503505,CUST-101216,2025-02-28,0,0,False,False,13044.424999999997,Current
LN-503508,CUST-104639,2025-02-28,0,0,False,False,51196.89749999999,Current
LN-503509,CUST-103818,2025-02-28,0,0,False,False,31933.572499999995,Current
LN-503511,CUST-107451,2025-02-28,0,0,False,False,20632.389999999978,Current
LN-503512,CUST-103266,2025-02-28,0,0,False,False,42535.94000000002,Current
LN-503513,CUST-104780,2025-02-28,0,0,False,False,538503.6100000005,Current
LN-503515,CUST-100468,2025-02-28,0,0,False,False,6438.119999999998,Current
LN-503516,CUST-104043,2025-02-28,0,0,False,False,4662.0199999999995,Current
LN-503517,CUST-104411,2025-02-28,1,5,False,False,5401.639999999994,1-29
LN-503520,CUST-103565,2025-02-28,0,0,False,False,15545.172499999997,Current
LN-503521,CUST-104871,2025-02-28,0,0,False,False,5335.460000000003,Current
LN-503522,CUST-100182,2025-02-28,0,0,False,False,3402.5600000000013,Current
LN-503523,CUST-105589,2025-02-28,0,0,False,False,36128.14,Current
LN-503524,CUST-100985,2025-02-28,0,0,False,False,37237.0325,Current
LN-503527,CUST-102557,2025-02-28,0,0,False,False,35608.08,Current
LN-503528,CUST-103175,2025-02-28,0,0,False,False,174737.93,Current
LN-503532,CUST-105772,2025-02-28,0,0,False,False,23344.47999999999,Current
LN-503535,CUST-101349,2025-02-28,0,0,False,False,32622.664999999997,Current
LN-503536,CUST-105188,2025-02-28,0,0,False,False,19313.327499999996,Current
LN-503537,CUST-102586,2025-02-28,0,0,False,False,52817.8975,Current
LN-503538,CUST-105048,2025-02-28,0,0,False,False,105556.475,Current
LN-503539,CUST-106495,2025-02-28,0,0,False,False,1654.6799999999998,Current
LN-503540,CUST-106464,2025-02-28,0,0,False,False,10946.945,Current
LN-503541,CUST-105783,2025-02-28,0,0,False,False,15359.225,Current
LN-503542,CUST-101118,2025-02-28,0,0,False,False,15924.900000000001,Current
LN-503543,CUST-101739,2025-02-28,0,0,False,False,9904.494999999994,Current
LN-503544,CUST-106581,2025-02-28,0,0,False,False,33829.91999999999,Current
LN-503545,CUST-102358,2025-02-28,0,0,False,False,445122.665,Current
LN-503546,CUST-101282,2025-02-28,0,0,False,False,6040.66,Current
LN-503548,CUST-106405,2025-02-28,0,0,False,False,16180.219999999998,Current
LN-503549,CUST-107612,2025-02-28,0,0,False,False,8525.819999999994,Current
LN-503550,CUST-101646,2025-02-28,0,0,False,False,45775.920000000006,Current
LN-503551,CUST-100447,2025-02-28,0,0,False,False,2856.040000000002,Current
LN-503552,CUST-103456,2025-02-28,0,0,False,False,15928.115000000002,Current
LN-503553,CUST-105273,2025-02-28,0,0,False,False,19456.520000000008,Current
LN-503554,CUST-106396,2025-02-28,0,0,False,False,84269.4625,Current
LN-503555,CUST-104450,2025-02-28,0,0,False,False,26979.06,Current
LN-503556,CUST-102003,2025-02-28,0,0,False,False,28301.89000000001,Current
LN-503559,CUST-107957,2025-02-28,0,0,False,False,124078.25750000007,Current
LN-503561,CUST-104529,2025-02-28,0,0,False,False,2436.3700000000013,Current
LN-503562,CUST-104545,2025-02-28,0,0,False,False,5927.285000000002,Current
LN-503563,CUST-102490,2025-02-28,0,0,False,False,11809.420000000002,Current
LN-503564,CUST-102739,2025-02-28,0,0,False,False,22324.2925,Current
LN-503565,CUST-106072,2025-02-28,0,0,False,False,32782.00000000001,Current
LN-503569,CUST-106272,2025-02-28,0,0,False,False,34566.46000000003,Current
LN-503570,CUST-106832,2025-02-28,0,0,False,False,21597.12,Current
LN-503571,CUST-104250,2025-02-28,0,0,False,False,22688.445,Current
LN-503572,CUST-106809,2025-02-28,0,0,False,False,7852.285,Current
LN-503573,CUST-102960,2025-02-28,0,0,False,False,28964.33,Current
LN-503576,CUST-107710,2025-02-28,0,0,False,False,62771.399999999994,Current
LN-503577,CUST-106548,2025-02-28,0,0,False,False,25244.88999999999,Current
LN-503578,CUST-105754,2025-02-28,0,0,False,False,131229.225,Current
LN-503579,CUST-105055,2025-02-28,0,0,False,False,882.2399999999998,Current
LN-503580,CUST-107037,2025-02-28,0,0,False,False,33577.2375,Current
LN-503581,CUST-102664,2025-02-28,0,0,False,False,33850.595,Current
LN-503582,CUST-100418,2025-02-28,0,0,False,False,44815.55000000002,Current
LN-503583,CUST-105777,2025-02-28,0,0,False,False,7483.329999999999,Current
LN-503585,CUST-101619,2025-02-28,0,0,False,False,137917.9700000001,Current
LN-503586,CUST-103490,2025-02-28,0,0,False,False,12882.345000000001,Current
LN-503587,CUST-104333,2025-02-28,0,0,False,False,37199.647500000014,Current
LN-503588,CUST-107665,2025-02-28,0,0,False,False,8329.712500000005,Current
LN-503589,CUST-100942,2025-02-28,0,0,False,False,2253.4525,Current
LN-503590,CUST-104034,2025-02-28,0,0,False,False,7308.032500000003,Current
LN-503592,CUST-102404,2025-02-28,0,0,False,False,23456.29,Current
LN-503593,CUST-104950,2025-02-28,0,0,False,False,13187.0525,Current
LN-503595,CUST-103851,2025-02-28,0,0,False,False,27612.014999999996,Current
LN-503596,CUST-101597,2025-02-28,1,20,False,False,16896.945000000007,1-29
LN-503599,CUST-106168,2025-02-28,0,0,False,False,21002.375,Current
LN-503602,CUST-105013,2025-02-28,0,0,False,False,26525.03750000001,Current
LN-503604,CUST-104169,2025-02-28,2,47,False,False,4909.064999999996,30-59
LN-503607,CUST-105218,2025-02-28,0,0,False,False,135257.65999999995,Current
LN-503608,CUST-106404,2025-02-28,0,0,False,False,28443.85,Current
LN-503611,CUST-105660,2025-02-28,0,0,False,False,29893.132500000003,Current
LN-503612,CUST-105094,2025-02-28,3,74,False,False,10688.180000000002,60-89
LN-503613,CUST-105006,2025-02-28,0,0,False,False,422546.2949999999,Current
LN-503614,CUST-101116,2025-02-28,0,0,False,False,19233.46,Current
LN-503616,CUST-102751,2025-02-28,1,3,False,False,4575.760000000001,1-29
LN-503617,CUST-104162,2025-02-28,0,0,False,False,7903.690000000001,Current
LN-503618,CUST-104470,2025-02-28,0,0,False,False,42004.82750000002,Current
LN-503619,CUST-105182,2025-02-28,0,0,False,False,21892.07000000001,Current
LN-503620,CUST-101412,2025-02-28,0,0,False,False,35451.76999999999,Current
LN-503621,CUST-102396,2025-02-28,0,0,False,False,6798.38,Current
LN-503623,CUST-105539,2025-02-28,0,0,False,False,22119.069999999996,Current
LN-503626,CUST-102129,2025-02-28,0,0,False,False,401246.14249999996,Current
LN-503627,CUST-105750,2025-02-28,0,0,False,False,19808.99,Current
LN-503630,CUST-103866,2025-02-28,0,0,False,False,49736.99999999999,Current
LN-503631,CUST-100219,2025-02-28,0,0,False,False,21480.0725,Current
LN-503632,CUST-107438,2025-02-28,0,0,False,False,48017.585000000014,Current
LN-503634,CUST-102851,2025-02-28,0,0,False,False,22165.23,Current
LN-503635,CUST-101308,2025-02-28,0,0,False,False,17591.33,Current
LN-503636,CUST-106849,2025-02-28,0,0,False,False,37496.7925,Current
LN-503637,CUST-107412,2025-02-28,0,0,False,False,144704.63,Current
LN-503638,CUST-100508,2025-02-28,0,0,False,False,20373.98999999999,Current
LN-503639,CUST-101432,2025-02-28,0,0,False,False,14887.180000000008,Current
LN-503640,CUST-103259,2025-02-28,0,0,False,False,17355.089999999993,Current
LN-503641,CUST-102375,2025-02-28,0,0,False,False,28061.1,Current
LN-503642,CUST-102681,2025-02-28,0,0,False,False,40961.795000000006,Current
LN-503643,CUST-103494,2025-02-28,0,0,False,False,17971.947500000002,Current
LN-503645,CUST-102384,2025-02-28,0,0,False,False,519608.535,Current
LN-503646,CUST-101841,2025-02-28,0,0,False,False,2984.7599999999984,Current
LN-503647,CUST-106568,2025-02-28,0,0,False,False,37305.65000000001,Current
LN-503648,CUST-107592,2025-02-28,0,0,False,False,20237.852499999994,Current
LN-503650,CUST-105800,2025-02-28,0,0,False,False,9234.87,Current
LN-503651,CUST-100319,2025-02-28,0,0,False,False,48618.125000000015,Current
LN-503652,CUST-101248,2025-02-28,0,0,False,False,36994.35999999999,Current
LN-503653,CUST-105024,2025-02-28,0,0,False,False,11960.6325,Current
LN-503654,CUST-103537,2025-02-28,0,0,False,False,28504.822500000006,Current
LN-503655,CUST-100280,2025-02-28,0,0,False,False,11769.319999999992,Current
LN-503656,CUST-102336,2025-02-28,0,0,False,False,26410.850000000002,Current
LN-503657,CUST-103499,2025-02-28,0,0,False,False,7929.3574999999955,Current
LN-503658,CUST-107698,2025-02-28,0,0,False,False,2863.97,Current
LN-503660,CUST-104296,2025-02-28,0,0,False,False,121139.55750000004,Current
LN-503662,CUST-104380,2025-02-28,0,0,False,False,14432.644999999993,Current
LN-503665,CUST-102515,2025-02-28,0,0,False,False,51023.35000000001,Current
LN-503667,CUST-101428,2025-02-28,0,0,False,False,21929.810000000005,Current
LN-503668,CUST-100276,2025-02-28,0,0,False,False,7843.712499999999,Current
LN-503671,CUST-101241,2025-02-28,0,0,False,False,36730.8225,Current
LN-503672,CUST-107834,2025-02-28,1,10,False,False,28883.5225,1-29
LN-503673,CUST-105461,2025-02-28,0,0,False,False,8677.055000000002,Current
LN-503674,CUST-104280,2025-02-28,0,0,False,False,13207.309999999998,Current
LN-503675,CUST-105370,2025-02-28,0,0,False,False,7375.0,Current
LN-503676,CUST-104216,2025-02-28,0,0,False,False,33436.84,Current
LN-503677,CUST-107232,2025-02-28,0,0,False,False,10817.749999999995,Current
LN-503678,CUST-101821,2025-02-28,2,45,False,False,25787.594999999998,30-59
LN-503679,CUST-101478,2025-02-28,0,0,False,False,9005.069999999998,Current
LN-503681,CUST-106078,2025-02-28,0,0,False,False,74327.94,Current
LN-503682,CUST-101249,2025-02-28,0,0,False,False,16022.875000000007,Current
LN-503683,CUST-101993,2025-02-28,0,0,False,False,37061.15,Current
LN-503684,CUST-103677,2025-02-28,0,0,False,False,47750.19999999997,Current
LN-503686,CUST-107645,2025-02-28,0,0,False,False,22593.555,Current
LN-503687,CUST-107727,2025-02-28,0,0,False,False,44369.48500000001,Current
LN-503688,CUST-103204,2025-02-28,0,0,False,False,6643.427500000001,Current
LN-503690,CUST-101507,2025-02-28,0,0,False,False,34696.33000000001,Current
LN-503691,CUST-105445,2025-02-28,0,0,False,False,50288.182499999995,Current
LN-503692,CUST-103570,2025-02-28,0,0,False,False,203044.11500000017,Current
LN-503693,CUST-101063,2025-02-28,0,0,False,False,51197.07000000001,Current
LN-503694,CUST-102711,2025-02-28,0,0,False,False,18348.49,Current
LN-503695,CUST-100456,2025-02-28,0,0,False,False,75288.18000000005,Current
LN-503697,CUST-103159,2025-02-28,0,0,False,False,32732.28,Current
LN-503698,CUST-101843,2025-02-28,0,0,False,False,5509.4,Current
LN-503699,CUST-103556,2025-02-28,0,0,False,False,6666.5775,Current
LN-503700,CUST-103302,2025-02-28,0,0,False,False,104557.76250000004,Current
LN-503701,CUST-102300,2025-02-28,0,0,False,False,30194.662500000002,Current
LN-503703,CUST-105663,2025-02-28,0,0,False,False,16790.069999999996,Current
LN-503704,CUST-103960,2025-02-28,0,0,False,False,25305.067499999994,Current
LN-503707,CUST-106631,2025-02-28,0,0,False,False,12135.684999999992,Current
LN-503710,CUST-106661,2025-02-28,0,0,False,False,46734.79,Current
LN-503712,CUST-107555,2025-02-28,0,0,False,False,4818.6725,Current
LN-503713,CUST-105740,2025-02-28,0,0,False,False,18627.9,Current
LN-503715,CUST-107020,2025-02-28,0,0,False,False,51811.22,Current
LN-503718,CUST-106059,2025-02-28,0,0,False,False,26215.97,Current
LN-503719,CUST-103547,2025-02-28,1,7,False,False,53899.61,1-29
LN-503721,CUST-104806,2025-02-28,0,0,False,False,28863.569999999992,Current
LN-503722,CUST-107780,2025-02-28,0,0,False,False,1266.1399999999994,Current
LN-503723,CUST-104083,2025-02-28,0,0,False,False,20825.624999999996,Current
LN-503724,CUST-105067,2025-02-28,0,0,False,False,8337.359999999997,Current
LN-503725,CUST-101156,2025-02-28,0,0,False,False,11382.317500000001,Current
LN-503726,CUST-107523,2025-02-28,0,0,False,False,9316.390000000001,Current
LN-503727,CUST-102369,2025-02-28,4,114,False,False,22576.74,90+
LN-503728,CUST-104458,2025-02-28,0,0,False,False,32669.14,Current
LN-503729,CUST-104601,2025-02-28,4,178,False,False,38297.71000000001,90+
LN-503730,CUST-102366,2025-02-28,0,0,False,False,28577.56000000001,Current
LN-503731,CUST-104418,2025-02-28,0,0,False,False,23220.215,Current
LN-503732,CUST-102044,2025-02-28,0,0,False,False,35856.44000000001,Current
LN-503733,CUST-103354,2025-02-28,0,0,False,False,5213.822499999999,Current
LN-503734,CUST-103035,2025-02-28,0,0,False,False,20894.6125,Current
LN-503737,CUST-101157,2025-02-28,0,0,False,False,8562.617499999997,Current
LN-503738,CUST-100239,2025-02-28,0,0,False,False,8315.352499999999,Current
LN-503739,CUST-105919,2025-02-28,0,0,False,False,10904.007499999996,Current
LN-503740,CUST-106628,2025-02-28,0,0,False,False,14337.210000000003,Current
LN-503741,CUST-105612,2025-02-28,0,0,False,False,37142.3425,Current
LN-503742,CUST-102311,2025-02-28,0,0,False,False,25167.660000000007,Current
LN-503743,CUST-107114,2025-02-28,0,0,False,False,12880.270000000002,Current
LN-503744,CUST-107271,2025-02-28,0,0,False,False,20744.947500000002,Current
LN-503745,CUST-101256,2025-02-28,0,0,False,False,11222.335000000003,Current
LN-503746,CUST-101536,2025-02-28,0,0,False,False,41338.27000000002,Current
LN-503747,CUST-101124,2025-02-28,0,0,False,False,38335.299999999996,Current
LN-503748,CUST-103264,2025-02-28,0,0,False,False,43752.109999999986,Current
LN-503749,CUST-104368,2025-02-28,0,0,False,False,22417.26250000001,Current
LN-503751,CUST-102671,2025-02-28,0,0,False,False,18574.84,Current
LN-503752,CUST-101502,2025-02-28,0,0,False,False,45665.19,Current
LN-503753,CUST-102215,2025-02-28,0,0,False,False,12315.755000000003,Current
LN-503754,CUST-103823,2025-02-28,0,0,False,False,8313.964999999998,Current
LN-503755,CUST-102018,2025-02-28,0,0,False,False,43458.57249999999,Current
LN-503756,CUST-106230,2025-02-28,0,0,False,False,40546.0075,Current
LN-503758,CUST-104658,2025-02-28,0,0,False,False,39283.00999999999,Current
LN-503759,CUST-102186,2025-02-28,0,0,False,False,46463.83,Current
LN-503761,CUST-102057,2025-02-28,0,0,False,False,33926.58,Current
LN-503762,CUST-105978,2025-02-28,0,0,False,False,14599.874999999996,Current
LN-503763,CUST-102970,2025-02-28,0,0,False,False,44858.25499999998,Current
LN-503764,CUST-103001,2025-02-28,4,126,False,False,13460.869999999997,90+
LN-503766,CUST-101644,2025-02-28,0,0,False,False,12680.31,Current
LN-503768,CUST-100035,2025-02-28,0,0,False,False,22866.23,Current
LN-503770,CUST-103193,2025-02-28,0,0,False,False,18145.01750000001,Current
LN-503772,CUST-104581,2025-02-28,0,0,False,False,24270.42000000002,Current
LN-503773,CUST-105339,2025-02-28,2,57,False,False,16123.734999999997,30-59
LN-503774,CUST-103789,2025-02-28,0,0,False,False,14889.01,Current
LN-503775,CUST-102175,2025-02-28,0,0,False,False,46504.820000000014,Current
LN-503776,CUST-106798,2025-02-28,0,0,False,False,24340.324999999993,Current
LN-503777,CUST-102978,2025-02-28,0,0,False,False,38973.22500000003,Current
LN-503778,CUST-101482,2025-02-28,0,0,False,False,12660.660000000002,Current
LN-503779,CUST-101083,2025-02-28,0,0,False,False,19112.750000000004,Current
LN-503780,CUST-104269,2025-02-28,0,0,False,False,9789.65999999999,Current
LN-503781,CUST-103438,2025-02-28,0,0,False,False,10907.180000000008,Current
LN-503783,CUST-101079,2025-02-28,0,0,False,False,15868.195,Current
LN-503785,CUST-103796,2025-02-28,0,0,False,False,107274.11000000002,Current
LN-503786,CUST-100824,2025-02-28,0,0,False,False,19104.53,Current
LN-503787,CUST-107524,2025-02-28,2,32,False,False,34356.07000000003,30-59
LN-503788,CUST-104648,2025-02-28,0,0,False,False,18668.745000000006,Current
LN-503789,CUST-101732,2025-02-28,0,0,False,False,449206.39499999996,Current
LN-503790,CUST-107219,2025-02-28,0,0,False,False,95611.70250000001,Current
LN-503791,CUST-102884,2025-02-28,0,0,False,False,1524.1799999999998,Current
LN-503792,CUST-104480,2025-02-28,0,0,False,False,44267.939999999995,Current
LN-503793,CUST-101094,2025-02-28,0,0,False,False,26556.724999999995,Current
LN-503794,CUST-102285,2025-02-28,0,0,False,False,36210.79000000001,Current
LN-503795,CUST-105414,2025-02-28,0,0,False,False,35368.7,Current
LN-503796,CUST-100354,2025-02-28,0,0,False,False,32531.370000000028,Current
LN-503797,CUST-100743,2025-02-28,1,2,False,False,12080.189999999999,1-29
LN-503798,CUST-104033,2025-02-28,0,0,False,False,15302.69500000001,Current
LN-503799,CUST-100504,2025-02-28,0,0,False,False,50589.00999999998,Current
LN-503803,CUST-104670,2025-02-28,0,0,False,False,47380.25,Current
LN-503805,CUST-106052,2025-02-28,0,0,False,False,6005.4900000000025,Current
LN-503808,CUST-105128,2025-02-28,0,0,False,False,16382.029999999999,Current
LN-503809,CUST-106352,2025-02-28,0,0,False,False,26462.58999999999,Current
LN-503811,CUST-101979,2025-02-28,0,0,False,False,18368.0,Current
LN-503812,CUST-103816,2025-02-28,0,0,False,False,4259.644999999997,Current
LN-503813,CUST-103046,2025-02-28,0,0,False,False,34131.16500000004,Current
LN-503815,CUST-104063,2025-02-28,0,0,False,False,46745.994999999995,Current
LN-503816,CUST-101431,2025-02-28,1,14,False,False,7334.5350000000035,1-29
LN-503818,CUST-100967,2025-02-28,0,0,False,False,26953.735,Current
LN-503819,CUST-106309,2025-02-28,0,0,False,False,21012.067500000012,Current
LN-503820,CUST-101497,2025-02-28,0,0,False,False,21864.905,Current
LN-503821,CUST-103584,2025-02-28,0,0,False,False,4295.14,Current
LN-503822,CUST-101665,2025-02-28,1,14,True,False,7610.090000000004,1-29
LN-503823,CUST-105764,2025-02-28,0,0,False,False,8181.139999999999,Current
LN-503824,CUST-102569,2025-02-28,0,0,False,False,44826.37000000002,Current
LN-503826,CUST-101059,2025-02-28,0,0,False,False,53383.5425,Current
LN-503827,CUST-107188,2025-02-28,0,0,False,False,9662.804999999991,Current
LN-503829,CUST-104031,2025-02-28,0,0,False,False,2161.239999999999,Current
LN-503831,CUST-106969,2025-02-28,0,0,False,False,63501.55999999999,Current
LN-503832,CUST-102094,2025-02-28,0,0,False,False,12195.99,Current
LN-503834,CUST-101116,2025-02-28,0,0,False,False,27559.944999999996,Current
LN-503835,CUST-100139,2025-02-28,0,0,False,False,9707.9325,Current
LN-503836,CUST-105268,2025-02-28,0,0,False,False,36400.23500000001,Current
LN-503838,CUST-106564,2025-02-28,0,0,False,False,12480.329999999994,Current
LN-503839,CUST-101564,2025-02-28,0,0,False,False,23820.885000000002,Current
LN-503840,CUST-107604,2025-02-28,0,0,False,False,20545.20000000001,Current
LN-503841,CUST-104511,2025-02-28,0,0,False,False,39663.567500000005,Current
LN-503842,CUST-107389,2025-02-28,0,0,False,False,20868.440000000017,Current
LN-503843,CUST-105692,2025-02-28,0,0,False,False,20210.539999999986,Current
LN-503844,CUST-100165,2025-02-28,0,0,False,False,6457.6975,Current
LN-503845,CUST-105694,2025-02-28,0,0,False,False,13880.849999999999,Current
LN-503846,CUST-104657,2025-02-28,0,0,False,False,7873.804999999999,Current
LN-503847,CUST-104325,2025-02-28,0,0,False,False,551982.2500000006,Current
LN-503848,CUST-101960,2025-02-28,0,0,False,False,9296.415000000005,Current
LN-503849,CUST-107741,2025-02-28,0,0,False,False,17825.674999999985,Current
LN-503850,CUST-107105,2025-02-28,1,28,False,False,8676.222500000002,1-29
LN-503851,CUST-102644,2025-02-28,0,0,False,False,7968.210000000005,Current
LN-503852,CUST-101904,2025-02-28,1,3,False,False,20245.980000000003,1-29
LN-503853,CUST-100741,2025-02-28,0,0,False,False,10415.33250000001,Current
LN-503854,CUST-107149,2025-02-28,0,0,False,False,34547.26,Current
LN-503855,CUST-107512,2025-02-28,0,0,False,False,21934.29499999999,Current
LN-503857,CUST-103678,2025-02-28,0,0,False,False,26830.84999999999,Current
LN-503858,CUST-105655,2025-02-28,0,0,False,False,44471.97499999999,Current
LN-503859,CUST-106267,2025-02-28,0,0,False,False,9628.365000000003,Current
LN-503860,CUST-102263,2025-02-28,0,0,False,False,49119.017499999994,Current
LN-503861,CUST-100732,2025-02-28,1,18,False,False,25031.6,1-29
LN-503863,CUST-107367,2025-02-28,0,0,False,False,43786.28,Current
LN-503866,CUST-105390,2025-02-28,0,0,False,False,42935.93250000001,Current
LN-503869,CUST-104169,2025-02-28,0,0,False,False,30006.259999999995,Current
LN-503871,CUST-102861,2025-02-28,0,0,False,False,32024.53,Current
LN-503872,CUST-107628,2025-02-28,0,0,False,False,15683.76500000001,Current
LN-503873,CUST-107861,2025-02-28,1,21,False,False,20761.14500000001,1-29
LN-503874,CUST-104414,2025-02-28,1,21,False,False,98795.35999999999,1-29
LN-503875,CUST-106265,2025-02-28,0,0,False,False,25745.33000000001,Current
LN-503876,CUST-106041,2025-02-28,0,0,False,False,2957.8099999999977,Current
LN-503877,CUST-105263,2025-02-28,0,0,False,False,4825.439999999999,Current
LN-503879,CUST-106126,2025-02-28,0,0,False,False,27009.712500000005,Current
LN-503880,CUST-100313,2025-02-28,0,0,False,False,17806.835000000003,Current
LN-503882,CUST-103887,2025-02-28,0,0,False,False,25666.934999999998,Current
LN-503884,CUST-107259,2025-02-28,3,70,False,False,35954.67500000001,60-89
LN-503885,CUST-104421,2025-02-28,0,0,False,False,113554.91999999998,Current
LN-503887,CUST-107992,2025-02-28,0,0,False,False,61700.23,Current
LN-503888,CUST-107330,2025-02-28,0,0,False,False,4863.2025,Current
LN-503889,CUST-107018,2025-02-28,0,0,False,False,19961.5425,Current
LN-503890,CUST-101034,2025-02-28,1,6,True,False,33645.66499999999,1-29
LN-503891,CUST-102650,2025-02-28,0,0,False,False,1118.1299999999994,Current
LN-503892,CUST-100934,2025-02-28,0,0,False,False,44522.79500000002,Current
LN-503893,CUST-101302,2025-02-28,0,0,False,False,13015.165,Current
LN-503895,CUST-100475,2025-02-28,0,0,False,False,15042.982500000002,Current
LN-503896,CUST-100332,2025-02-28,0,0,False,False,603653.8500000001,Current
LN-503897,CUST-102361,2025-02-28,0,0,False,False,22060.945000000007,Current
LN-503899,CUST-100998,2025-02-28,0,0,False,False,32937.46000000002,Current
LN-503900,CUST-102612,2025-02-28,0,0,False,False,2216.7174999999984,Current
LN-503901,CUST-101073,2025-02-28,0,0,False,False,16169.12,Current
LN-503903,CUST-105706,2025-02-28,0,0,False,False,27227.725,Current
LN-503904,CUST-105502,2025-02-28,0,0,False,False,253770.38499999995,Current
LN-503906,CUST-102109,2025-02-28,2,52,False,False,138062.1874999999,30-59
LN-503907,CUST-104815,2025-02-28,0,0,False,False,27421.387499999997,Current
LN-503908,CUST-101734,2025-02-28,0,0,False,False,39523.97499999999,Current
LN-503909,CUST-103335,2025-02-28,0,0,False,False,29290.925000000003,Current
LN-503910,CUST-102790,2025-02-28,0,0,False,False,277976.41750000004,Current
LN-503914,CUST-105159,2025-02-28,0,0,False,False,10567.119999999997,Current
LN-503915,CUST-100333,2025-02-28,0,0,False,False,12991.225,Current
LN-503916,CUST-104493,2025-02-28,0,0,False,False,48098.53,Current
LN-503917,CUST-105653,2025-02-28,0,0,False,False,99012.20749999997,Current
LN-503918,CUST-101049,2025-02-28,0,0,False,False,30800.650000000005,Current
LN-503919,CUST-106909,2025-02-28,0,0,False,False,38628.18,Current
LN-503920,CUST-103541,2025-02-28,0,0,False,False,29919.9875,Current
LN-503922,CUST-101882,2025-02-28,0,0,False,False,10744.304999999995,Current
LN-503923,CUST-105355,2025-02-28,0,0,False,False,125942.50999999998,Current
LN-503924,CUST-104397,2025-02-28,0,0,False,False,113641.8375,Current
LN-503925,CUST-107251,2025-02-28,0,0,False,False,189269.09499999994,Current
LN-503926,CUST-106626,2025-02-28,0,0,False,False,14285.9225,Current
LN-503927,CUST-107990,2025-02-28,0,0,False,False,24467.850000000002,Current
LN-503928,CUST-101441,2025-02-28,0,0,False,False,10222.4775,Current
LN-503929,CUST-103645,2025-02-28,0,0,False,False,31771.0,Current
LN-503931,CUST-102402,2025-02-28,0,0,False,False,25435.470000000005,Current
LN-503932,CUST-101284,2025-02-28,0,0,False,False,26507.392500000005,Current
LN-503933,CUST-107230,2025-02-28,0,0,False,False,3849.2049999999986,Current
LN-503935,CUST-107754,2025-02-28,0,0,False,False,36749.19000000003,Current
LN-503936,CUST-101607,2025-02-28,0,0,False,False,14990.120000000004,Current
LN-503938,CUST-106622,2025-02-28,0,0,False,False,17576.28249999999,Current
LN-503939,CUST-103588,2025-02-28,0,0,False,False,170085.64000000007,Current
LN-503940,CUST-107979,2025-02-28,0,0,False,False,10009.299999999996,Current
LN-503941,CUST-107380,2025-02-28,0,0,False,False,11526.349999999999,Current
LN-503942,CUST-104491,2025-02-28,0,0,False,False,141011.18250000002,Current
LN-503944,CUST-102012,2025-02-28,0,0,False,False,78088.99249999995,Current
LN-503945,CUST-100589,2025-02-28,0,0,False,False,25126.895000000004,Current
LN-503946,CUST-104443,2025-02-28,0,0,False,False,57940.74250000001,Current
LN-503947,CUST-100722,2025-02-28,0,0,False,False,14884.412500000006,Current
LN-503949,CUST-100169,2025-02-28,0,0,False,False,9146.530000000008,Current
LN-503950,CUST-103393,2025-02-28,0,0,False,False,15401.645000000011,Current
LN-503951,CUST-101731,2025-02-28,0,0,False,False,46303.64750000002,Current
LN-503952,CUST-105194,2025-02-28,0,0,False,False,333937.94,Current
LN-503953,CUST-100965,2025-02-28,0,0,False,False,2953.38,Current
LN-503954,CUST-103649,2025-02-28,0,0,False,False,14899.480000000001,Current
LN-503955,CUST-106910,2025-02-28,0,0,False,False,10235.78,Current
LN-503956,CUST-103891,2025-02-28,1,27,False,False,19867.742500000015,1-29
LN-503958,CUST-107845,2025-02-28,0,0,False,False,1721.1374999999996,Current
LN-503959,CUST-103355,2025-02-28,0,0,False,False,39942.049999999996,Current
LN-503960,CUST-103038,2025-02-28,0,0,False,False,26950.709999999977,Current
LN-503961,CUST-101742,2025-02-28,0,0,False,False,15788.467500000006,Current
LN-503962,CUST-102114,2025-02-28,0,0,False,False,7157.827499999996,Current
LN-503963,CUST-104432,2025-02-28,0,0,False,False,26856.965,Current
LN-503964,CUST-106582,2025-02-28,0,0,False,False,397496.91,Current
LN-503966,CUST-107677,2025-02-28,0,0,False,False,2951.7825000000003,Current
LN-503967,CUST-106754,2025-02-28,0,0,False,False,30359.0,Current
LN-503968,CUST-102481,2025-02-28,0,0,False,False,33786.66,Current
LN-503970,CUST-107311,2025-02-28,0,0,False,False,21790.5875,Current
LN-503971,CUST-102988,2025-02-28,0,0,False,False,118100.77500000002,Current
LN-503972,CUST-105770,2025-02-28,0,0,False,False,102907.46,Current
LN-503973,CUST-104324,2025-02-28,0,0,False,False,46504.52249999999,Current
LN-503974,CUST-106412,2025-02-28,0,0,False,False,13580.005000000001,Current
LN-503975,CUST-105512,2025-02-28,0,0,False,False,17284.204999999998,Current
LN-503976,CUST-103403,2025-02-28,0,0,False,False,22865.93,Current
LN-503978,CUST-104072,2025-02-28,0,0,False,False,19088.955,Current
LN-503979,CUST-106195,2025-02-28,0,0,False,False,27301.260000000002,Current
LN-503980,CUST-101206,2025-02-28,0,0,False,False,17724.172500000004,Current
LN-503981,CUST-107252,2025-02-28,0,0,False,False,29843.30000000001,Current
LN-503982,CUST-101253,2025-02-28,0,0,False,False,14823.724999999997,Current
LN-503984,CUST-105709,2025-02-28,0,0,False,False,8387.042500000003,Current
LN-503985,CUST-104456,2025-02-28,0,0,False,False,37348.914999999986,Current
LN-503987,CUST-106320,2025-02-28,0,0,False,False,9219.145,Current
LN-503988,CUST-100229,2025-02-28,0,0,False,False,19486.18500000001,Current
LN-503989,CUST-107449,2025-02-28,0,0,False,False,54251.37999999998,Current
LN-503990,CUST-102134,2025-02-28,0,0,False,False,18264.8075,Current
LN-503991,CUST-100836,2025-02-28,3,66,False,False,13850.477499999995,60-89
LN-503993,CUST-101324,2025-02-28,0,0,True,False,2804.1125000000006,Current
LN-503995,CUST-105765,2025-02-28,0,0,False,False,3660.297499999999,Current
LN-503996,CUST-105079,2025-02-28,1,11,False,False,71757.0475,1-29
LN-503997,CUST-104936,2025-02-28,0,0,False,False,22115.629999999997,Current
LN-503998,CUST-106201,2025-02-28,0,0,False,False,12591.19499999999,Current
LN-504001,CUST-101797,2025-02-28,0,0,False,False,8192.984999999997,Current
LN-504002,CUST-102024,2025-02-28,0,0,False,False,39321.140000000014,Current
LN-504003,CUST-105665,2025-02-28,0,0,False,False,35280.024999999994,Current
LN-504004,CUST-101350,2025-02-28,0,0,False,False,15609.730000000007,Current
LN-504006,CUST-103299,2025-02-28,0,0,False,False,10735.1825,Current
LN-504007,CUST-106967,2025-02-28,0,0,False,False,11350.835000000005,Current
LN-504012,CUST-105600,2025-02-28,0,0,False,False,78278.21499999998,Current
LN-504013,CUST-103945,2025-02-28,0,0,False,False,7074.925000000002,Current
LN-504014,CUST-106355,2025-02-28,0,0,False,False,4695.825000000001,Current
LN-504015,CUST-101335,2025-02-28,0,0,False,False,3443.1075,Current
LN-504016,CUST-103527,2025-02-28,0,0,False,False,18450.832499999997,Current
LN-504018,CUST-105001,2025-02-28,0,0,False,False,11430.277499999997,Current
LN-504019,CUST-103524,2025-02-28,0,0,False,False,45158.85500000001,Current
LN-504020,CUST-107492,2025-02-28,1,4,False,False,11888.71,1-29
LN-504021,CUST-106276,2025-02-28,0,0,False,False,20462.440000000006,Current
LN-504022,CUST-107424,2025-02-28,0,0,False,False,38173.76999999997,Current
LN-504024,CUST-104217,2025-02-28,0,0,False,False,14656.5,Current
LN-504025,CUST-103820,2025-02-28,0,0,False,False,10218.83,Current
LN-504026,CUST-100310,2025-02-28,1,16,False,False,49380.83,1-29
LN-504028,CUST-107222,2025-02-28,0,0,False,False,52096.04,Current
LN-504030,CUST-103729,2025-02-28,0,0,False,False,5567.52,Current
LN-504031,CUST-104549,2025-02-28,0,0,False,False,39753.33499999998,Current
LN-504032,CUST-105897,2025-02-28,0,0,False,False,21042.522500000003,Current
LN-504033,CUST-101327,2025-02-28,0,0,False,False,27697.9675,Current
LN-504034,CUST-103774,2025-02-28,0,0,False,False,27912.65,Current
LN-504035,CUST-106030,2025-02-28,0,0,False,False,50028.980000000025,Current
LN-504036,CUST-104199,2025-02-28,0,0,False,False,35328.07999999999,Current
LN-504037,CUST-107337,2025-02-28,0,0,False,False,10781.160000000003,Current
LN-504040,CUST-102131,2025-02-28,0,0,False,False,42114.68,Current
LN-504041,CUST-103773,2025-02-28,0,0,False,False,17842.822499999995,Current
LN-504043,CUST-102243,2025-02-28,0,0,False,False,74854.69,Current
LN-504045,CUST-103126,2025-02-28,0,0,False,False,7545.28,Current
LN-504046,CUST-106378,2025-02-28,0,0,False,False,45919.03,Current
LN-504047,CUST-107525,2025-02-28,0,0,False,False,512394.49999999994,Current
LN-504048,CUST-105237,2025-02-28,0,0,False,False,13577.189999999993,Current
LN-504049,CUST-106407,2025-02-28,0,0,False,False,5230.1600000000035,Current
LN-504050,CUST-101687,2025-02-28,0,0,False,False,18101.987499999985,Current
LN-504052,CUST-106441,2025-02-28,0,0,False,False,15444.069999999989,Current
LN-504053,CUST-107924,2025-02-28,0,0,False,False,12981.540000000003,Current
LN-504055,CUST-100899,2025-02-28,1,17,False,False,50403.65,1-29
LN-504057,CUST-106421,2025-02-28,0,0,False,False,5161.414999999999,Current
LN-504058,CUST-105154,2025-02-28,0,0,False,False,49473.17999999998,Current
LN-504060,CUST-101260,2025-02-28,0,0,False,False,2246.58,Current
LN-504063,CUST-107623,2025-02-28,0,0,False,False,32979.92999999997,Current
LN-504064,CUST-104842,2025-02-28,0,0,False,False,50776.195,Current
LN-504065,CUST-104284,2025-02-28,0,0,False,False,14560.240000000014,Current
LN-504067,CUST-101253,2025-02-28,0,0,False,False,182035.03999999995,Current
LN-504069,CUST-103817,2025-02-28,0,0,False,False,34656.057499999966,Current
LN-504070,CUST-106501,2025-02-28,0,0,False,False,4766.407499999998,Current
LN-504071,CUST-100349,2025-02-28,0,0,False,False,34040.842500000006,Current
LN-504072,CUST-102787,2025-02-28,0,0,False,False,51218.63,Current
LN-504073,CUST-105157,2025-02-28,0,0,False,False,19790.36500000001,Current
LN-504074,CUST-100249,2025-02-28,0,0,False,False,10579.885,Current
LN-504075,CUST-102195,2025-02-28,0,0,False,False,46787.56,Current
LN-504077,CUST-104217,2025-02-28,0,0,False,False,26815.37,Current
LN-504078,CUST-103797,2025-02-28,0,0,False,False,18005.999999999993,Current
LN-504081,CUST-106566,2025-02-28,0,0,False,False,134259.40000000005,Current
LN-504082,CUST-101470,2025-02-28,0,0,False,False,48267.66,Current
LN-504083,CUST-100374,2025-02-28,0,0,False,False,14620.292500000007,Current
LN-504085,CUST-101524,2025-02-28,0,0,False,False,21680.609999999997,Current
LN-504086,CUST-102865,2025-02-28,0,0,False,False,49128.22999999999,Current
LN-504088,CUST-106468,2025-02-28,0,0,False,False,7429.299999999997,Current
LN-504089,CUST-101133,2025-02-28,0,0,False,False,40221.74000000002,Current
LN-504090,CUST-103010,2025-02-28,0,0,False,False,9821.122500000007,Current
LN-504091,CUST-107487,2025-02-28,0,0,False,False,17389.39,Current
LN-504092,CUST-105672,2025-02-28,0,0,False,False,11275.809999999992,Current
LN-504093,CUST-103028,2025-02-28,4,151,False,False,28781.89,90+
LN-504095,CUST-105945,2025-02-28,0,0,False,False,18578.56000000001,Current
LN-504096,CUST-103459,2025-02-28,0,0,False,False,124895.18000000004,Current
LN-504097,CUST-104136,2025-02-28,0,0,False,False,34356.970000000016,Current
LN-504098,CUST-103097,2025-02-28,0,0,False,False,10233.049999999997,Current
LN-504099,CUST-104861,2025-02-28,0,0,False,False,23074.930000000008,Current
LN-504100,CUST-106612,2025-02-28,0,0,False,False,13699.4,Current
LN-504101,CUST-106320,2025-02-28,0,0,False,False,7961.875,Current
LN-504102,CUST-102314,2025-02-28,0,0,False,False,39705.85250000002,Current
LN-504104,CUST-100176,2025-02-28,0,0,False,False,23301.989999999983,Current
LN-504105,CUST-102498,2025-02-28,0,0,False,False,3795.505,Current
LN-504106,CUST-104553,2025-02-28,0,0,False,False,12737.6125,Current
LN-504107,CUST-101012,2025-02-28,0,0,False,False,19089.82,Current
LN-504109,CUST-107850,2025-02-28,0,0,False,False,56186.2025,Current
LN-504110,CUST-102830,2025-02-28,0,0,False,False,18359.659999999993,Current
LN-504112,CUST-103359,2025-02-28,0,0,False,False,17352.652500000007,Current
LN-504114,CUST-101638,2025-02-28,0,0,False,False,25871.53,Current
LN-504115,CUST-103569,2025-02-28,0,0,False,False,25083.060000000012,Current
LN-504116,CUST-106116,2025-02-28,0,0,False,False,9158.277499999997,Current
LN-504117,CUST-101282,2025-02-28,0,0,False,False,8795.950000000004,Current
LN-504118,CUST-104724,2025-02-28,0,0,False,False,18647.1425,Current
LN-504119,CUST-106810,2025-02-28,0,0,False,False,19868.25249999999,Current
LN-504120,CUST-105271,2025-02-28,0,0,False,False,17259.610000000015,Current
LN-504122,CUST-100763,2025-02-28,0,0,False,False,27339.367499999993,Current
LN-504124,CUST-100385,2025-02-28,0,0,False,False,20653.995,Current
LN-504126,CUST-100463,2025-02-28,0,0,False,False,8201.100000000004,Current
LN-504127,CUST-107319,2025-02-28,0,0,False,False,7769.429999999998,Current
LN-504128,CUST-102757,2025-02-28,0,0,False,False,13704.98,Current
LN-504129,CUST-105517,2025-02-28,0,0,False,False,4262.932499999999,Current
LN-504131,CUST-102547,2025-02-28,0,0,False,False,569.8000000000002,Current
LN-504132,CUST-100324,2025-02-28,0,0,False,False,521041.3400000001,Current
LN-504133,CUST-101291,2025-02-28,0,0,False,False,5561.3575,Current
LN-504134,CUST-103007,2025-02-28,0,0,False,False,46530.56250000001,Current
LN-504135,CUST-102965,2025-02-28,0,0,False,False,4851.48,Current
LN-504136,CUST-102582,2025-02-28,0,0,False,False,37069.31,Current
LN-504137,CUST-107846,2025-02-28,0,0,False,False,19039.35,Current
LN-504139,CUST-106571,2025-02-28,0,0,False,False,7366.049999999998,Current
LN-504141,CUST-107433,2025-02-28,0,0,False,False,42106.505000000005,Current
LN-504143,CUST-103349,2025-02-28,0,0,False,False,28883.1825,Current
LN-504144,CUST-101727,2025-02-28,1,12,False,False,28044.932500000006,1-29
LN-504145,CUST-101032,2025-02-28,0,0,False,False,40274.50000000001,Current
LN-504146,CUST-101906,2025-02-28,0,0,False,False,16959.429999999997,Current
LN-504147,CUST-104579,2025-02-28,0,0,False,False,133465.885,Current
LN-504148,CUST-101069,2025-02-28,0,0,False,False,13317.592500000002,Current
LN-504149,CUST-102000,2025-02-28,0,0,False,False,7567.380000000001,Current
LN-504150,CUST-102833,2025-02-28,0,0,False,False,103118.26999999999,Current
LN-504152,CUST-105220,2025-02-28,4,124,False,False,17138.237499999996,90+
LN-504154,CUST-105164,2025-02-28,1,4,False,False,15831.929999999993,1-29
LN-504155,CUST-103495,2025-02-28,0,0,False,False,77445.95250000001,Current
LN-504157,CUST-105695,2025-02-28,0,0,False,False,30470.170000000002,Current
LN-504158,CUST-104584,2025-02-28,0,0,False,False,15347.24,Current
LN-504159,CUST-101005,2025-02-28,0,0,False,False,3962.2925000000014,Current
LN-504160,CUST-102437,2025-02-28,0,0,False,False,12544.19,Current
LN-504161,CUST-106147,2025-02-28,0,0,False,False,107345.14000000001,Current
LN-504162,CUST-104651,2025-02-28,0,0,False,False,316271.62750000006,Current
LN-504163,CUST-104719,2025-02-28,0,0,False,False,25087.379999999997,Current
LN-504164,CUST-107344,2025-02-28,0,0,False,False,48696.04000000001,Current
LN-504167,CUST-107948,2025-02-28,0,0,False,False,45183.040000000015,Current
LN-504168,CUST-102687,2025-02-28,0,0,False,False,38050.98250000001,Current
LN-504169,CUST-107933,2025-02-28,0,0,False,False,16004.48,Current
LN-504170,CUST-103624,2025-02-28,0,0,False,False,4755.422499999998,Current
LN-504171,CUST-100321,2025-02-28,0,0,False,False,35183.18500000001,Current
LN-504172,CUST-100520,2025-02-28,1,27,False,False,14037.865000000003,1-29
LN-504173,CUST-103959,2025-02-28,0,0,False,False,41261.45,Current
LN-504174,CUST-104737,2025-02-28,0,0,False,False,35775.93499999999,Current
LN-504176,CUST-101333,2025-02-28,0,0,False,False,18769.602500000008,Current
LN-504177,CUST-107886,2025-02-28,0,0,False,False,2403.08,Current
LN-504178,CUST-101791,2025-02-28,0,0,False,False,24812.135000000002,Current
LN-504180,CUST-107513,2025-02-28,0,0,False,False,205099.13000000015,Current
LN-504182,CUST-105755,2025-02-28,2,45,False,False,3940.580000000003,30-59
LN-504183,CUST-105405,2025-02-28,0,0,False,False,31998.107499999984,Current
LN-504184,CUST-103451,2025-02-28,0,0,False,False,36958.90250000002,Current
LN-504185,CUST-104467,2025-02-28,0,0,False,False,13722.82,Current
LN-504188,CUST-101920,2025-02-28,1,16,False,False,36622.99750000001,1-29
LN-504189,CUST-100879,2025-02-28,0,0,False,False,437306.8500000001,Current
LN-504190,CUST-102706,2025-02-28,0,0,False,False,15808.470000000005,Current
LN-504192,CUST-104889,2025-02-28,0,0,False,False,43301.982500000006,Current
LN-504193,CUST-105632,2025-02-28,0,0,False,False,13791.390000000003,Current
LN-504194,CUST-106843,2025-02-28,0,0,False,False,7320.580000000004,Current
LN-504195,CUST-104623,2025-02-28,0,0,False,False,10989.349999999999,Current
LN-504198,CUST-106625,2025-02-28,0,0,False,False,7329.89,Current
LN-504201,CUST-107684,2025-02-28,0,0,False,False,10970.4525,Current
LN-504202,CUST-107094,2025-02-28,0,0,False,False,1515.3724999999997,Current
LN-504203,CUST-103673,2025-02-28,0,0,False,False,30392.820000000014,Current
LN-504204,CUST-105044,2025-02-28,0,0,False,False,36354.960000000014,Current
LN-504205,CUST-102396,2025-02-28,0,0,False,False,11992.055,Current
LN-504206,CUST-103275,2025-02-28,0,0,False,False,5483.04,Current
LN-504207,CUST-103746,2025-02-28,0,0,False,False,17246.075000000008,Current
LN-504210,CUST-105774,2025-02-28,0,0,False,False,8836.16,Current
LN-504211,CUST-107942,2025-02-28,0,0,False,False,40172.54000000001,Current
LN-504213,CUST-106144,2025-02-28,0,0,False,False,47320.58,Current
LN-504214,CUST-103760,2025-02-28,0,0,False,False,41331.60999999999,Current
LN-504215,CUST-106896,2025-02-28,0,0,False,False,2590.9200000000014,Current
LN-504216,CUST-102689,2025-02-28,0,0,False,False,22131.94,Current
LN-504217,CUST-105102,2025-02-28,0,0,False,False,18921.77,Current
LN-504219,CUST-106156,2025-02-28,0,0,False,False,124770.80000000008,Current
LN-504220,CUST-105241,2025-02-28,0,0,False,False,40494.25,Current
LN-504221,CUST-101116,2025-02-28,0,0,False,False,19573.729999999996,Current
LN-504223,CUST-106873,2025-02-28,0,0,False,False,124281.49000000002,Current
LN-504225,CUST-101360,2025-02-28,0,0,False,False,8684.89,Current
LN-504226,CUST-104108,2025-02-28,0,0,False,False,40490.43250000003,Current
LN-504229,CUST-100719,2025-02-28,0,0,False,False,113902.60249999998,Current
LN-504230,CUST-103239,2025-02-28,0,0,False,False,383321.91,Current
LN-504231,CUST-105630,2025-02-28,4,100,False,False,11985.037500000002,90+
LN-504232,CUST-107681,2025-02-28,0,0,False,False,13993.857499999998,Current
LN-504234,CUST-100342,2025-02-28,0,0,False,False,43145.79999999998,Current
LN-504235,CUST-101995,2025-02-28,0,0,False,False,841.3874999999999,Current
LN-504236,CUST-105509,2025-02-28,0,0,False,False,1807.9025000000006,Current
LN-504237,CUST-100468,2025-02-28,0,0,False,False,7711.425000000001,Current
LN-504238,CUST-100648,2025-02-28,0,0,False,False,480821.1625000001,Current
LN-504240,CUST-104690,2025-02-28,0,0,False,False,26022.897499999995,Current
LN-504241,CUST-100079,2025-02-28,0,0,False,False,10225.059999999998,Current
LN-504242,CUST-104302,2025-02-28,0,0,False,False,20061.414999999994,Current
LN-504243,CUST-100514,2025-02-28,0,0,False,False,438367.3599999999,Current
LN-504244,CUST-101742,2025-02-28,0,0,False,False,15586.56,Current
LN-504245,CUST-100455,2025-02-28,0,0,False,False,10101.352499999997,Current
LN-504246,CUST-102525,2025-02-28,0,0,False,False,22703.4525,Current
LN-504247,CUST-101299,2025-02-28,0,0,False,False,24379.2,Current
LN-504248,CUST-100843,2025-02-28,0,0,False,False,11560.577500000003,Current
LN-504249,CUST-107459,2025-02-28,0,0,False,False,11706.754999999997,Current
LN-504250,CUST-103694,2025-02-28,0,0,False,False,18224.32250000002,Current
LN-504251,CUST-101497,2025-02-28,0,0,False,False,20262.9025,Current
LN-504252,CUST-106870,2025-02-28,0,0,False,False,32076.655,Current
LN-504253,CUST-103972,2025-02-28,0,0,False,False,8434.147499999997,Current
LN-504254,CUST-103681,2025-02-28,0,0,False,False,2651.9574999999995,Current
LN-504256,CUST-102597,2025-02-28,0,0,False,False,5987.357499999997,Current
LN-504257,CUST-100014,2025-02-28,0,0,False,False,11108.820000000002,Current
LN-504258,CUST-100112,2025-02-28,0,0,False,False,15136.054999999998,Current
LN-504259,CUST-100242,2025-02-28,0,0,False,False,25514.329999999998,Current
LN-504260,CUST-105882,2025-02-28,0,0,False,False,8420.222499999998,Current
LN-504261,CUST-105497,2025-02-28,1,20,False,False,17425.49250000001,1-29
LN-504263,CUST-103235,2025-02-28,0,0,False,False,7421.250000000002,Current
LN-504264,CUST-103471,2025-02-28,0,0,False,False,11926.319999999998,Current
LN-504265,CUST-107662,2025-02-28,0,0,False,False,17839.35250000001,Current
LN-504266,CUST-105175,2025-02-28,0,0,False,False,25377.460000000014,Current
LN-504268,CUST-105764,2025-02-28,0,0,False,False,26040.920000000006,Current
LN-504269,CUST-105427,2025-02-28,0,0,False,False,40473.03499999997,Current
LN-504270,CUST-102768,2025-02-28,0,0,True,False,25944.059999999994,Current
LN-504271,CUST-102852,2025-02-28,0,0,False,False,239989.59500000003,Current
LN-504272,CUST-102092,2025-02-28,0,0,False,False,10486.007499999992,Current
LN-504273,CUST-105324,2025-02-28,0,0,False,False,30404.807500000003,Current
LN-504275,CUST-107002,2025-02-28,0,0,False,False,18127.249999999985,Current
LN-504276,CUST-100318,2025-02-28,0,0,False,False,14570.904999999999,Current
LN-504277,CUST-100240,2025-02-28,0,0,False,False,1944.5000000000014,Current
LN-504278,CUST-106421,2025-02-28,0,0,False,False,12991.675,Current
LN-504280,CUST-106206,2025-02-28,0,0,False,False,5327.229999999998,Current
LN-504281,CUST-106305,2025-02-28,0,0,False,False,4845.867500000002,Current
LN-504283,CUST-104894,2025-02-28,0,0,False,False,3183.465,Current
LN-504284,CUST-107597,2025-02-28,0,0,False,False,15120.502500000002,Current
LN-504285,CUST-100380,2025-02-28,0,0,False,False,9788.289999999999,Current
LN-504286,CUST-102584,2025-02-28,0,0,False,False,9848.655000000002,Current
LN-504288,CUST-104524,2025-02-28,0,0,False,False,14284.767500000002,Current
LN-504289,CUST-106256,2025-02-28,0,0,False,False,17949.64500000001,Current
LN-504290,CUST-107945,2025-02-28,0,0,False,False,44629.82500000002,Current
LN-504291,CUST-102091,2025-02-28,0,0,False,False,46595.120000000024,Current
LN-504292,CUST-100914,2025-02-28,0,0,False,False,14077.280000000002,Current
LN-504293,CUST-103404,2025-02-28,0,0,False,False,25864.4575,Current
LN-504294,CUST-105878,2025-02-28,0,0,False,False,25349.409999999993,Current
LN-504295,CUST-100772,2025-02-28,0,0,False,False,15996.35,Current
LN-504297,CUST-104032,2025-02-28,0,0,False,False,13090.359999999997,Current
LN-504298,CUST-106330,2025-02-28,0,0,False,False,11905.020000000004,Current
LN-504299,CUST-103385,2025-02-28,0,0,False,False,17287.46749999999,Current
LN-504300,CUST-100754,2025-02-28,0,0,False,False,30923.739999999998,Current
LN-504301,CUST-104064,2025-02-28,0,0,False,False,7643.5999999999985,Current
LN-504302,CUST-107489,2025-02-28,0,0,False,False,22748.725000000006,Current
LN-504303,CUST-101141,2025-02-28,0,0,False,False,20816.945,Current
LN-504304,CUST-106055,2025-02-28,0,0,False,False,575997.3125,Current
LN-504305,CUST-107175,2025-02-28,0,0,False,False,28001.105000000003,Current
LN-504307,CUST-102478,2025-02-28,0,0,False,False,40361.58249999999,Current
LN-504308,CUST-107281,2025-02-28,0,0,False,False,19349.825000000008,Current
LN-504311,CUST-104157,2025-02-28,0,0,False,False,11338.220000000001,Current
LN-504312,CUST-100799,2025-02-28,0,0,False,False,14085.537499999999,Current
LN-504313,CUST-100579,2025-02-28,0,0,False,False,461373.45,Current
LN-504314,CUST-101107,2025-02-28,0,0,False,False,19971.93,Current
LN-504315,CUST-106687,2025-02-28,1,28,False,False,16915.829999999987,1-29
LN-504317,CUST-104989,2025-02-28,0,0,False,False,26722.339999999993,Current
LN-504319,CUST-107441,2025-02-28,0,0,False,False,26596.435000000005,Current
LN-504320,CUST-104487,2025-02-28,0,0,False,False,9569.055000000004,Current
LN-504321,CUST-103040,2025-02-28,0,0,False,False,23800.55,Current
LN-504322,CUST-107820,2025-02-28,0,0,False,False,14676.54,Current
LN-504323,CUST-104557,2025-02-28,0,0,False,False,43942.919999999984,Current
LN-504324,CUST-102704,2025-02-28,0,0,False,False,21011.895000000008,Current
LN-504326,CUST-105327,2025-02-28,0,0,False,False,3100.9000000000024,Current
LN-504327,CUST-103488,2025-02-28,4,178,False,False,49302.337500000016,90+
LN-504328,CUST-107070,2025-02-28,0,0,False,False,375578.2299999998,Current
LN-504329,CUST-102652,2025-02-28,0,0,False,False,5248.92,Current
LN-504330,CUST-102803,2025-02-28,0,0,False,False,47084.479999999996,Current
LN-504331,CUST-100388,2025-02-28,0,0,False,False,613797.8750000001,Current
LN-504332,CUST-103568,2025-02-28,0,0,False,False,5025.830000000002,Current
LN-504333,CUST-100494,2025-02-28,0,0,False,False,20599.934999999994,Current
LN-504336,CUST-106793,2025-02-28,0,0,False,False,26421.62,Current
LN-504337,CUST-105759,2025-02-28,0,0,False,False,1953.7750000000005,Current
LN-504338,CUST-100915,2025-02-28,0,0,False,False,45194.41250000001,Current
LN-504340,CUST-107516,2025-02-28,0,0,False,False,5261.772499999999,Current
LN-504341,CUST-105605,2025-02-28,0,0,False,False,8786.610000000006,Current
LN-504343,CUST-107143,2025-02-28,0,0,False,False,21586.14,Current
LN-504344,CUST-101903,2025-02-28,0,0,False,False,19782.21000000001,Current
LN-504345,CUST-100246,2025-02-28,0,0,False,False,1552.4299999999998,Current
LN-504346,CUST-107757,2025-02-28,0,0,False,False,14030.154999999999,Current
LN-504349,CUST-107989,2025-02-28,0,0,False,False,23643.03,Current
LN-504350,CUST-107166,2025-02-28,0,0,False,False,28762.619999999988,Current
LN-504351,CUST-101348,2025-02-28,0,0,False,False,18346.407499999998,Current
LN-504352,CUST-100119,2025-02-28,0,0,False,False,47214.65499999999,Current
LN-504353,CUST-105495,2025-02-28,0,0,False,False,109233.25999999998,Current
LN-504354,CUST-103319,2025-02-28,0,0,False,False,44249.47999999998,Current
LN-504355,CUST-105713,2025-02-28,1,21,False,False,23193.3,1-29
LN-504356,CUST-105999,2025-02-28,0,0,False,False,45627.61,Current
LN-504357,CUST-106769,2025-02-28,0,0,False,False,40139.81,Current
LN-504359,CUST-104951,2025-02-28,0,0,False,False,19135.225000000006,Current
LN-504360,CUST-106077,2025-02-28,0,0,False,False,11981.899999999998,Current
LN-504361,CUST-103267,2025-02-28,0,0,False,False,14668.034999999996,Current
LN-504364,CUST-103237,2025-02-28,0,0,False,False,12698.939999999999,Current
LN-504366,CUST-104407,2025-02-28,1,26,False,False,136233.55000000005,1-29
LN-504368,CUST-102616,2025-02-28,0,0,False,False,5035.7899999999945,Current
LN-504369,CUST-107431,2025-02-28,1,5,False,False,21015.655000000002,1-29
LN-504370,CUST-103697,2025-02-28,0,0,False,False,18201.680000000004,Current
LN-504371,CUST-106833,2025-02-28,0,0,False,False,9876.27000000001,Current
LN-504373,CUST-104188,2025-02-28,0,0,False,False,14161.309999999996,Current
LN-504374,CUST-106732,2025-02-28,0,0,False,False,2017.4875000000004,Current
LN-504375,CUST-107575,2025-02-28,0,0,False,False,25234.32750000001,Current
LN-504377,CUST-107080,2025-02-28,0,0,False,False,12051.474999999999,Current
LN-504378,CUST-102516,2025-02-28,0,0,False,False,21902.662500000002,Current
LN-504379,CUST-107997,2025-02-28,0,0,False,False,16511.009999999995,Current
LN-504381,CUST-106244,2025-02-28,1,8,False,False,17079.34750000001,1-29
LN-504382,CUST-102427,2025-02-28,0,0,False,False,11825.319999999998,Current
LN-504383,CUST-100689,2025-02-28,0,0,False,False,21190.7925,Current
LN-504384,CUST-103540,2025-02-28,0,0,False,False,30055.394999999997,Current
LN-504390,CUST-104487,2025-02-28,0,0,False,False,29687.345,Current
LN-504391,CUST-103221,2025-02-28,0,0,False,False,15986.3675,Current
LN-504396,CUST-100458,2025-02-28,0,0,False,False,137804.1100000001,Current
LN-504397,CUST-101280,2025-02-28,0,0,False,False,39646.26,Current
LN-504398,CUST-102714,2025-02-28,0,0,False,False,19332.35999999999,Current
LN-504399,CUST-102836,2025-02-28,0,0,False,False,27547.32,Current
LN-504400,CUST-103646,2025-02-28,0,0,False,False,16142.830000000002,Current
LN-504401,CUST-100383,2025-02-28,0,0,False,False,28629.524999999998,Current
LN-504402,CUST-100270,2025-02-28,0,0,False,False,7813.729999999996,Current
LN-504403,CUST-105262,2025-02-28,0,0,False,False,17646.960000000003,Current
LN-504404,CUST-105691,2025-02-28,0,0,False,False,48186.82999999998,Current
LN-504405,CUST-106014,2025-02-28,0,0,False,False,15950.730000000012,Current
LN-504406,CUST-105031,2025-02-28,2,43,False,False,110326.03,30-59
LN-504407,CUST-100258,2025-02-28,1,16,False,False,29747.319999999996,1-29
LN-504408,CUST-106158,2025-02-28,0,0,False,False,15885.355,Current
LN-504412,CUST-101881,2025-02-28,0,0,False,False,39253.56,Current
LN-504413,CUST-105053,2025-02-28,0,0,False,False,92334.94,Current
LN-504414,CUST-101863,2025-02-28,0,0,False,False,18588.847499999996,Current
LN-504416,CUST-102953,2025-02-28,0,0,False,False,4933.914999999997,Current
LN-504417,CUST-106450,2025-02-28,0,0,False,False,14681.425000000001,Current
LN-504420,CUST-101783,2025-02-28,0,0,False,False,9725.955000000002,Current
LN-504421,CUST-102275,2025-02-28,2,58,False,False,26702.585000000006,30-59
LN-504422,CUST-103396,2025-02-28,0,0,False,False,15158.799999999997,Current
LN-504423,CUST-105092,2025-02-28,0,0,True,False,529517.9574999998,Current
LN-504424,CUST-107494,2025-02-28,0,0,False,False,9084.345,Current
LN-504425,CUST-105756,2025-02-28,0,0,False,False,6226.230000000003,Current
LN-504426,CUST-102713,2025-02-28,0,0,False,False,13811.360000000002,Current
LN-504427,CUST-104947,2025-02-28,0,0,False,False,6649.702499999998,Current
LN-504428,CUST-103080,2025-02-28,0,0,False,False,13202.35,Current
LN-504429,CUST-103094,2025-02-28,0,0,False,False,12691.447500000002,Current
LN-504430,CUST-106124,2025-02-28,0,0,False,False,326477.8324999998,Current
LN-504431,CUST-103908,2025-02-28,0,0,False,False,12624.359999999997,Current
LN-504434,CUST-100818,2025-02-28,0,0,False,False,48439.332500000026,Current
LN-504436,CUST-103355,2025-02-28,0,0,False,False,47232.350000000006,Current
LN-504437,CUST-103073,2025-02-28,0,0,False,False,14026.767500000005,Current
LN-504438,CUST-104255,2025-02-28,0,0,False,False,1783.195000000001,Current
LN-504439,CUST-107678,2025-02-28,1,13,False,False,33039.28999999999,1-29
LN-504441,CUST-106317,2025-02-28,0,0,False,False,32476.617499999997,Current
LN-504442,CUST-105375,2025-02-28,0,0,False,False,109996.54999999999,Current
LN-504443,CUST-107776,2025-02-28,0,0,False,False,18835.09749999998,Current
LN-504444,CUST-104954,2025-02-28,0,0,False,False,14133.24,Current
LN-504445,CUST-104135,2025-02-28,0,0,False,False,105169.82,Current
LN-504446,CUST-101218,2025-02-28,0,0,False,False,21895.972499999993,Current
LN-504448,CUST-107831,2025-02-28,0,0,False,False,27958.490000000005,Current
LN-504449,CUST-102909,2025-02-28,0,0,False,False,378644.30750000005,Current
LN-504450,CUST-105165,2025-02-28,0,0,False,False,126775.50000000003,Current
LN-504451,CUST-104427,2025-02-28,0,0,False,False,31274.219999999994,Current
LN-504453,CUST-102693,2025-02-28,0,0,False,False,31761.179999999997,Current
LN-504455,CUST-105491,2025-02-28,0,0,False,False,26958.61999999999,Current
LN-504456,CUST-103014,2025-02-28,0,0,False,False,32336.854999999992,Current
LN-504457,CUST-104552,2025-02-28,0,0,False,False,48476.80999999999,Current
LN-504460,CUST-101714,2025-02-28,0,0,False,False,17728.7075,Current
LN-504461,CUST-100101,2025-02-28,0,0,False,False,80307.88,Current
LN-504463,CUST-103491,2025-02-28,0,0,False,False,627608.12,Current
LN-504464,CUST-105947,2025-02-28,2,52,False,False,21257.440000000002,30-59
LN-504465,CUST-100778,2025-02-28,0,0,False,False,1300.7475000000006,Current
LN-504466,CUST-101725,2025-02-28,0,0,False,False,2862.7900000000004,Current
LN-504467,CUST-102442,2025-02-28,0,0,False,False,14314.635000000002,Current
LN-504468,CUST-101523,2025-02-28,4,109,False,False,44324.19000000002,90+
LN-504469,CUST-107196,2025-02-28,0,0,False,False,639197.83,Current
LN-504470,CUST-104711,2025-02-28,0,0,False,False,12324.5525,Current
LN-504471,CUST-102585,2025-02-28,0,0,False,False,133665.56999999995,Current
LN-504472,CUST-102609,2025-02-28,0,0,False,False,47126.050000000025,Current
LN-504474,CUST-106933,2025-02-28,0,0,False,False,24255.36,Current
LN-504475,CUST-102769,2025-02-28,0,0,False,False,17091.570000000003,Current
LN-504476,CUST-105116,2025-02-28,0,0,False,False,49229.992499999986,Current
LN-504477,CUST-105367,2025-02-28,0,0,False,False,16595.480000000003,Current
LN-504478,CUST-100073,2025-02-28,0,0,False,False,17293.769999999986,Current
LN-504481,CUST-107515,2025-02-28,0,0,False,False,31035.924999999967,Current
LN-504482,CUST-104912,2025-02-28,0,0,False,False,11414.727499999995,Current
LN-504484,CUST-101545,2025-02-28,4,141,False,False,18379.059999999998,90+
LN-504485,CUST-101444,2025-02-28,0,0,False,False,9420.777500000002,Current
LN-504487,CUST-104452,2025-02-28,0,0,False,False,27165.214999999997,Current
LN-504488,CUST-106765,2025-02-28,0,0,False,False,48805.120000000024,Current
LN-504490,CUST-100205,2025-02-28,0,0,False,False,18472.76749999999,Current
LN-504493,CUST-100702,2025-02-28,0,0,False,False,24356.55500000002,Current
LN-504494,CUST-100585,2025-02-28,0,0,False,False,29632.76999999999,Current
LN-504496,CUST-100221,2025-02-28,0,0,False,False,15513.767499999996,Current
LN-504497,CUST-104446,2025-02-28,0,0,False,False,24064.81,Current
LN-504498,CUST-103847,2025-02-28,0,0,False,False,3341.715,Current
LN-504502,CUST-102089,2025-02-28,0,0,False,False,3982.217499999999,Current
LN-504503,CUST-102963,2025-02-28,0,0,False,False,31431.43,Current
LN-504504,CUST-103915,2025-02-28,0,0,False,False,19113.940000000002,Current
LN-504505,CUST-105178,2025-02-28,0,0,False,False,8627.652499999997,Current
LN-504506,CUST-100199,2025-02-28,0,0,False,False,68117.0625,Current
LN-504507,CUST-101087,2025-02-28,0,0,False,False,28010.535000000007,Current
LN-504508,CUST-105548,2025-02-28,0,0,False,False,23850.76,Current
LN-504509,CUST-100221,2025-02-28,0,0,False,False,3417.6324999999993,Current
LN-504510,CUST-107077,2025-02-28,0,0,False,False,18327.410000000007,Current
LN-504511,CUST-102039,2025-02-28,0,0,False,False,7958.620000000005,Current
LN-504514,CUST-101790,2025-02-28,0,0,False,False,6930.7599999999975,Current
LN-504517,CUST-107909,2025-02-28,1,4,False,False,5614.530000000003,1-29
LN-504520,CUST-104474,2025-02-28,0,0,False,False,30620.790000000005,Current
LN-504521,CUST-102461,2025-02-28,0,0,False,False,6950.379999999999,Current
LN-504522,CUST-106286,2025-02-28,0,0,False,False,13113.359999999993,Current
LN-504524,CUST-104353,2025-02-28,0,0,False,False,9974.88,Current
LN-504525,CUST-105880,2025-02-28,0,0,False,False,254890.835,Current
LN-504526,CUST-101134,2025-02-28,0,0,False,False,29381.09,Current
LN-504527,CUST-102339,2025-02-28,0,0,False,False,53426.47,Current
LN-504528,CUST-103765,2025-02-28,0,0,False,False,9124.19,Current
LN-504529,CUST-101949,2025-02-28,0,0,False,False,27385.68999999999,Current
LN-504530,CUST-102116,2025-02-28,0,0,False,False,10756.280000000004,Current
LN-504531,CUST-107277,2025-02-28,0,0,False,False,18102.360000000004,Current
LN-504532,CUST-100773,2025-02-28,0,0,False,False,21080.230000000003,Current
LN-504534,CUST-106731,2025-02-28,0,0,False,False,30482.987500000003,Current
LN-504536,CUST-104225,2025-02-28,0,0,False,False,19900.235000000004,Current
LN-504537,CUST-104527,2025-02-28,0,0,False,False,90058.0475,Current
LN-504538,CUST-105732,2025-02-28,0,0,False,False,49551.76,Current
LN-504540,CUST-107112,2025-02-28,0,0,False,False,23834.572500000006,Current
LN-504541,CUST-106445,2025-02-28,0,0,False,False,11738.454999999996,Current
LN-504543,CUST-107130,2025-02-28,0,0,False,False,32979.24,Current
LN-504544,CUST-102842,2025-02-28,0,0,False,False,2342.9950000000003,Current
LN-504545,CUST-101773,2025-02-28,0,0,False,False,17998.030000000006,Current
LN-504546,CUST-106498,2025-02-28,0,0,False,False,14005.222499999998,Current
LN-504547,CUST-102083,2025-02-28,0,0,False,False,12908.0525,Current
LN-504548,CUST-102520,2025-02-28,0,0,False,False,17516.407499999998,Current
LN-504550,CUST-100512,2025-02-28,0,0,False,False,16124.525000000001,Current
LN-504551,CUST-104151,2025-02-28,0,0,False,False,35088.62999999999,Current
LN-504552,CUST-105025,2025-02-28,0,0,False,False,25299.927500000005,Current
LN-504553,CUST-104223,2025-02-28,0,0,False,False,37254.25,Current
LN-504554,CUST-105881,2025-02-28,0,0,False,False,32181.719999999994,Current
LN-504560,CUST-106676,2025-02-28,0,0,False,False,27196.185000000005,Current
LN-504561,CUST-101606,2025-02-28,0,0,False,False,18499.462499999983,Current
LN-504562,CUST-106720,2025-02-28,0,0,False,False,417744.76499999996,Current
LN-504563,CUST-101219,2025-02-28,0,0,False,False,16335.640000000003,Current
LN-504564,CUST-104935,2025-02-28,0,0,False,False,81509.93000000004,Current
LN-504565,CUST-105071,2025-02-28,2,31,False,False,3923.3950000000004,30-59
LN-504566,CUST-100725,2025-02-28,0,0,False,False,2273.080000000002,Current
LN-504568,CUST-107476,2025-02-28,2,51,False,False,17588.190000000006,30-59
LN-504569,CUST-100479,2025-02-28,0,0,False,False,27599.92,Current
LN-504570,CUST-106148,2025-02-28,3,71,False,False,15751.01,60-89
LN-504571,CUST-102496,2025-02-28,0,0,False,False,17623.05499999999,Current
LN-504572,CUST-101577,2025-02-28,0,0,False,False,19768.850000000013,Current
LN-504574,CUST-106323,2025-02-28,0,0,False,False,1960.6075000000017,Current
LN-504576,CUST-100795,2025-02-28,0,0,False,False,1571.135,Current
LN-504577,CUST-104066,2025-02-28,0,0,False,False,29183.039999999994,Current
LN-504578,CUST-101877,2025-02-28,0,0,False,False,21180.589999999997,Current
LN-504579,CUST-103904,2025-02-28,0,0,False,False,32341.39250000001,Current
LN-504580,CUST-106660,2025-02-28,0,0,False,False,19842.662500000006,Current
LN-504581,CUST-104282,2025-02-28,0,0,False,False,43804.82000000002,Current
LN-504582,CUST-107356,2025-02-28,0,0,False,False,19133.51,Current
LN-504583,CUST-106863,2025-02-28,0,0,False,False,16162.457499999988,Current
LN-504584,CUST-107570,2025-02-28,4,241,False,False,20118.21,90+
LN-504585,CUST-104520,2025-02-28,0,0,False,False,17023.567499999994,Current
LN-504586,CUST-101453,2025-02-28,0,0,False,False,29522.98,Current
LN-504587,CUST-105888,2025-02-28,0,0,False,False,43056.78000000001,Current
LN-504588,CUST-103206,2025-02-28,0,0,False,False,12683.650000000003,Current
LN-504589,CUST-105500,2025-02-28,0,0,False,False,26640.260000000006,Current
LN-504590,CUST-107897,2025-02-28,3,78,False,False,15471.570000000003,60-89
LN-504592,CUST-105290,2025-02-28,0,0,False,False,15160.597500000002,Current
LN-504593,CUST-101003,2025-02-28,0,0,False,False,65890.73499999996,Current
LN-504594,CUST-103698,2025-02-28,0,0,False,False,23260.48000000001,Current
LN-504595,CUST-100717,2025-02-28,0,0,False,False,113455.835,Current
LN-504596,CUST-106507,2025-02-28,0,0,False,False,1769.1175000000007,Current
LN-504597,CUST-103582,2025-02-28,0,0,False,False,48067.81000000002,Current
LN-504598,CUST-104433,2025-02-28,1,13,False,False,19911.195,1-29
LN-504600,CUST-104760,2025-02-28,0,0,False,False,129926.30249999999,Current
LN-504601,CUST-101918,2025-02-28,0,0,False,False,31154.664999999994,Current
LN-504605,CUST-106327,2025-02-28,0,0,False,False,33573.37,Current
LN-504606,CUST-103956,2025-02-28,0,0,False,False,40305.41500000004,Current
LN-504607,CUST-105705,2025-02-28,0,0,False,False,29444.689999999984,Current
LN-504608,CUST-106131,2025-02-28,0,0,False,False,49113.59999999999,Current
LN-504609,CUST-107083,2025-02-28,0,0,False,False,49500.08,Current
LN-504611,CUST-101763,2025-02-28,0,0,False,False,27936.824999999997,Current
LN-504612,CUST-107658,2025-02-28,0,0,False,False,23597.270000000008,Current
LN-504613,CUST-100389,2025-02-28,0,0,False,False,33923.4925,Current
LN-504614,CUST-107338,2025-02-28,0,0,False,False,25806.702500000007,Current
LN-504615,CUST-102588,2025-02-28,0,0,False,False,16432.240000000005,Current
LN-504616,CUST-105862,2025-02-28,0,0,False,False,25477.539999999997,Current
LN-504617,CUST-104461,2025-02-28,0,0,False,False,43418.99249999999,Current
LN-504618,CUST-105761,2025-02-28,0,0,False,False,1278.7200000000003,Current
LN-504619,CUST-102777,2025-02-28,0,0,False,False,511703.14,Current
LN-504620,CUST-103850,2025-02-28,0,0,False,False,17756.059999999998,Current
LN-504621,CUST-105635,2025-02-28,0,0,False,False,13266.920000000002,Current
LN-504622,CUST-107705,2025-02-28,0,0,False,False,8949.447500000002,Current
LN-504623,CUST-100109,2025-02-28,4,106,False,False,16126.717499999993,90+
LN-504624,CUST-104292,2025-02-28,0,0,False,False,28985.92000000001,Current
LN-504625,CUST-102551,2025-02-28,0,0,False,False,1776.875,Current
LN-504626,CUST-103384,2025-02-28,0,0,False,False,12486.955000000002,Current
LN-504627,CUST-105159,2025-02-28,0,0,False,False,37173.78750000001,Current
LN-504628,CUST-104617,2025-02-28,0,0,False,False,13465.37,Current
LN-504629,CUST-102265,2025-02-28,0,0,False,False,5857.640000000003,Current
LN-504630,CUST-100942,2025-02-28,0,0,False,False,13401.369999999997,Current
LN-504632,CUST-107164,2025-02-28,0,0,False,False,214102.58000000002,Current
LN-504633,CUST-106980,2025-02-28,0,0,False,False,28021.410000000007,Current
LN-504635,CUST-104144,2025-02-28,0,0,False,False,14157.812499999996,Current
LN-504636,CUST-102401,2025-02-28,0,0,False,False,32273.27,Current
LN-504637,CUST-101718,2025-02-28,0,0,False,False,11024.780000000002,Current
LN-504638,CUST-101624,2025-02-28,1,15,False,False,8528.904999999999,1-29
LN-504640,CUST-100855,2025-02-28,0,0,False,False,25977.120000000014,Current
LN-504641,CUST-101698,2025-02-28,0,0,False,False,12625.900000000005,Current
LN-504642,CUST-101061,2025-02-28,4,165,False,False,23896.442500000005,90+
LN-504645,CUST-106617,2025-02-28,0,0,False,False,19991.43999999999,Current
LN-504647,CUST-104166,2025-02-28,0,0,False,False,679.11,Current
LN-504648,CUST-106056,2025-02-28,0,0,False,False,39171.3,Current
LN-504649,CUST-107477,2025-02-28,0,0,False,False,27285.99500000001,Current
LN-504650,CUST-100551,2025-02-28,1,12,False,False,4577.0675,1-29
LN-504651,CUST-102719,2025-02-28,0,0,False,False,16516.280000000013,Current
LN-504652,CUST-107832,2025-02-28,0,0,False,False,48636.53,Current
LN-504653,CUST-101843,2025-02-28,0,0,False,False,18880.124999999993,Current
LN-504655,CUST-106584,2025-02-28,0,0,False,False,13993.879999999996,Current
LN-504656,CUST-100001,2025-02-28,0,0,False,False,15584.169999999993,Current
LN-504657,CUST-104331,2025-02-28,0,0,False,False,15104.532500000005,Current
LN-504658,CUST-104794,2025-02-28,0,0,False,False,33249.0,Current
LN-504659,CUST-105686,2025-02-28,0,0,False,False,15488.18,Current
LN-504660,CUST-107178,2025-02-28,0,0,False,False,5996.329999999997,Current
LN-504661,CUST-106510,2025-02-28,0,0,False,False,18090.1,Current
LN-504662,CUST-103071,2025-02-28,0,0,False,False,4086.23,Current
LN-504663,CUST-101933,2025-02-28,0,0,False,False,18867.754999999997,Current
LN-504664,CUST-107968,2025-02-28,0,0,False,False,19221.090000000007,Current
LN-504666,CUST-100144,2025-02-28,0,0,False,False,14571.449999999997,Current
LN-504667,CUST-102385,2025-02-28,1,25,False,False,66352.52000000002,1-29
LN-504669,CUST-102228,2025-02-28,0,0,False,False,9710.3225,Current
LN-504670,CUST-106266,2025-02-28,0,0,False,False,40610.70999999999,Current
LN-504671,CUST-107247,2025-02-28,0,0,False,False,36963.7275,Current
LN-504672,CUST-103660,2025-02-28,0,0,False,False,13015.154999999997,Current
LN-504673,CUST-102047,2025-02-28,0,0,False,False,13218.817499999997,Current
LN-504674,CUST-107202,2025-02-28,0,0,False,False,13256.729999999998,Current
LN-504675,CUST-105158,2025-02-28,0,0,False,False,19147.834999999992,Current
LN-504676,CUST-107157,2025-02-28,0,0,False,False,22534.70500000001,Current
LN-504677,CUST-103142,2025-02-28,0,0,False,False,2680.56,Current
LN-504678,CUST-105126,2025-02-28,0,0,False,False,29800.09500000001,Current
LN-504679,CUST-107760,2025-02-28,0,0,False,False,15426.59499999999,Current
LN-504680,CUST-100867,2025-02-28,0,0,False,False,15198.319999999989,Current
LN-504683,CUST-104136,2025-02-28,0,0,False,False,14884.690000000015,Current
LN-504685,CUST-106081,2025-02-28,0,0,False,False,40901.469999999994,Current
LN-504686,CUST-101065,2025-02-28,1,6,False,False,8167.400000000004,1-29
LN-504687,CUST-102321,2025-02-28,0,0,False,False,33232.0875,Current
LN-504688,CUST-104605,2025-02-28,0,0,False,False,20267.8,Current
LN-504690,CUST-107665,2025-02-28,0,0,False,False,27474.5125,Current
LN-504691,CUST-102605,2025-02-28,0,0,False,False,12628.700000000004,Current
LN-504692,CUST-102001,2025-02-28,0,0,False,False,3741.0924999999997,Current
LN-504693,CUST-103728,2025-02-28,3,84,False,False,59004.07,60-89
LN-504694,CUST-106492,2025-02-28,0,0,False,False,3916.0375000000013,Current
LN-504695,CUST-106575,2025-02-28,0,0,False,False,54420.79,Current
LN-504696,CUST-107060,2025-02-28,0,0,False,False,45291.46000000002,Current
LN-504697,CUST-107874,2025-02-28,0,0,False,False,21202.545,Current
LN-504698,CUST-103658,2025-02-28,0,0,False,False,7350.620000000001,Current
LN-504699,CUST-105464,2025-02-28,0,0,False,False,7101.2149999999965,Current
LN-504700,CUST-102789,2025-02-28,0,0,False,False,2120.47,Current
LN-504701,CUST-105231,2025-02-28,0,0,False,False,14581.760000000002,Current
LN-504704,CUST-100740,2025-02-28,0,0,False,False,12547.544999999995,Current
LN-504705,CUST-102492,2025-02-28,0,0,False,False,133776.94999999992,Current
LN-504706,CUST-103611,2025-02-28,0,0,False,False,46521.994999999966,Current
LN-504708,CUST-107987,2025-02-28,0,0,False,False,11332.960000000001,Current
LN-504709,CUST-102994,2025-02-28,2,58,False,False,14624.330000000002,30-59
LN-504710,CUST-104389,2025-02-28,0,0,False,False,20025.002500000002,Current
LN-504711,CUST-105020,2025-02-28,0,0,False,False,306242.7350000002,Current
LN-504712,CUST-100562,2025-02-28,0,0,False,False,43727.59500000001,Current
LN-504713,CUST-104132,2025-02-28,4,130,False,False,31091.8625,90+
LN-504714,CUST-107187,2025-02-28,0,0,False,False,27307.587499999987,Current
LN-504715,CUST-105619,2025-02-28,0,0,False,False,10803.082499999991,Current
LN-504718,CUST-101053,2025-02-28,0,0,False,False,19416.24999999999,Current
LN-504719,CUST-107450,2025-02-28,0,0,False,False,37946.5,Current
LN-504721,CUST-102022,2025-02-28,0,0,False,False,102233.83,Current
LN-504722,CUST-101471,2025-02-28,0,0,False,False,17169.510000000002,Current
LN-504723,CUST-104553,2025-02-28,0,0,False,False,44149.40000000003,Current
LN-504724,CUST-100192,2025-02-28,0,0,False,False,14742.317499999997,Current
LN-504725,CUST-105093,2025-02-28,0,0,False,False,387398.46249999985,Current
LN-504727,CUST-100085,2025-02-28,0,0,False,False,35744.82999999999,Current
LN-504729,CUST-106152,2025-02-28,0,0,False,False,34982.95000000002,Current
LN-504730,CUST-102527,2025-02-28,0,0,False,False,16331.16,Current
LN-504731,CUST-104664,2025-02-28,0,0,False,False,25129.5225,Current
LN-504732,CUST-102160,2025-02-28,0,0,False,False,23570.672500000004,Current
LN-504733,CUST-101120,2025-02-28,0,0,True,False,6460.89,Current
LN-504735,CUST-101926,2025-02-28,0,0,False,False,24051.62000000001,Current
LN-504736,CUST-100968,2025-02-28,0,0,False,False,14681.940000000002,Current
LN-504738,CUST-106100,2025-02-28,0,0,False,False,59801.56,Current
LN-504739,CUST-103280,2025-02-28,2,54,False,False,28074.6125,30-59
LN-504740,CUST-106396,2025-02-28,0,0,False,False,30061.01,Current
LN-504741,CUST-107710,2025-02-28,0,0,False,False,12765.210000000001,Current
LN-504743,CUST-102554,2025-02-28,0,0,False,False,4249.202500000003,Current
LN-504747,CUST-104052,2025-02-28,0,0,False,False,534939.6624999996,Current
LN-504748,CUST-105622,2025-02-28,0,0,False,False,16519.359999999997,Current
LN-504749,CUST-102865,2025-02-28,0,0,False,False,14962.419999999998,Current
LN-504751,CUST-101391,2025-02-28,0,0,False,False,14784.702499999994,Current
LN-504752,CUST-102943,2025-02-28,0,0,False,False,27944.795,Current
LN-504753,CUST-105484,2025-02-28,0,0,False,False,1934.27,Current
LN-504754,CUST-107289,2025-02-28,0,0,False,False,12758.172500000004,Current
LN-504755,CUST-104037,2025-02-28,0,0,False,False,28910.740000000005,Current
LN-504756,CUST-101837,2025-02-28,0,0,False,False,17188.56,Current
LN-504757,CUST-101130,2025-02-28,0,0,False,False,26751.40000000001,Current
LN-504759,CUST-107967,2025-02-28,0,0,False,False,66709.76249999998,Current
LN-504761,CUST-103407,2025-02-28,0,0,False,False,34019.285,Current
LN-504762,CUST-103285,2025-02-28,0,0,False,False,33133.59999999999,Current
LN-504763,CUST-106000,2025-02-28,0,0,False,False,8337.784999999996,Current
LN-504764,CUST-103006,2025-02-28,0,0,False,False,2966.1900000000005,Current
LN-504765,CUST-106520,2025-02-28,0,0,False,False,47155.870000000024,Current
LN-504766,CUST-106050,2025-02-28,0,0,False,False,33525.3375,Current
LN-504767,CUST-106956,2025-02-28,0,0,False,False,25334.425000000014,Current
LN-504768,CUST-107204,2025-02-28,0,0,False,False,19519.659999999996,Current
LN-504769,CUST-102975,2025-02-28,0,0,False,False,932.9825000000001,Current
LN-504770,CUST-104474,2025-02-28,0,0,False,False,18764.650000000005,Current
LN-504771,CUST-103074,2025-02-28,0,0,False,False,7818.9400000000005,Current
LN-504772,CUST-106373,2025-02-28,0,0,True,False,4254.6449999999995,Current
LN-504773,CUST-103936,2025-02-28,0,0,False,False,976.1949999999999,Current
LN-504774,CUST-105710,2025-02-28,0,0,False,False,26347.280000000006,Current
LN-504775,CUST-107493,2025-02-28,0,0,False,False,80733.76,Current
LN-504776,CUST-101750,2025-02-28,0,0,False,False,11809.675000000001,Current
LN-504777,CUST-101579,2025-02-28,0,0,False,False,21857.732500000002,Current
LN-504780,CUST-106064,2025-02-28,0,0,False,False,18563.839999999986,Current
LN-504781,CUST-103927,2025-02-28,0,0,False,False,12624.69,Current
LN-504782,CUST-106632,2025-02-28,0,0,False,False,521400.19,Current
LN-504784,CUST-101948,2025-02-28,2,53,False,False,343305.3800000002,30-59
LN-504785,CUST-101130,2025-02-28,0,0,False,False,42482.29000000003,Current
LN-504786,CUST-101597,2025-02-28,0,0,False,False,11170.702499999996,Current
LN-504787,CUST-102812,2025-02-28,0,0,False,False,39430.5,Current
LN-504790,CUST-102253,2025-02-28,0,0,False,False,12194.289999999997,Current
LN-504791,CUST-102192,2025-02-28,0,0,False,False,30635.552499999998,Current
LN-504792,CUST-104197,2025-02-28,0,0,False,False,24734.04,Current
LN-504793,CUST-103256,2025-02-28,0,0,True,False,24153.729999999992,Current
LN-504794,CUST-103805,2025-02-28,0,0,False,False,52604.43,Current
LN-504795,CUST-100706,2025-02-28,0,0,False,False,17016.83749999999,Current
LN-504797,CUST-103219,2025-02-28,0,0,False,False,36574.55749999999,Current
LN-504799,CUST-107311,2025-02-28,0,0,False,False,61622.44500000003,Current
LN-504800,CUST-107943,2025-02-28,0,0,False,False,11531.639999999992,Current
LN-504801,CUST-103255,2025-02-28,0,0,False,False,25304.600000000013,Current
LN-504803,CUST-107042,2025-02-28,0,0,False,False,51369.55,Current
LN-504804,CUST-107663,2025-02-28,0,0,False,False,8342.949999999999,Current
LN-504805,CUST-105190,2025-02-28,0,0,False,False,41485.499999999985,Current
LN-504806,CUST-101445,2025-02-28,0,0,False,False,52073.837499999994,Current
LN-504807,CUST-100548,2025-02-28,0,0,False,False,25701.25,Current
LN-504808,CUST-100152,2025-02-28,0,0,False,False,7071.154999999992,Current
LN-504811,CUST-105279,2025-02-28,1,26,False,False,41348.48000000002,1-29
LN-504812,CUST-100104,2025-02-28,0,0,False,False,9773.374999999996,Current
LN-504814,CUST-105166,2025-02-28,0,0,False,False,110840.71999999994,Current
LN-504816,CUST-102611,2025-02-28,0,0,False,False,18789.59499999999,Current
LN-504817,CUST-102556,2025-02-28,0,0,False,False,32002.3425,Current
LN-504819,CUST-104647,2025-02-28,0,0,False,False,18145.63,Current
LN-504820,CUST-101867,2025-02-28,0,0,False,False,7772.287499999999,Current
LN-504821,CUST-101588,2025-02-28,0,0,False,False,5086.584999999996,Current
LN-504822,CUST-104772,2025-02-28,1,15,False,False,13298.069999999996,1-29
LN-504823,CUST-105219,2025-02-28,0,0,False,False,25815.86,Current
LN-504824,CUST-102602,2025-02-28,0,0,False,False,5685.02,Current
LN-504825,CUST-105787,2025-02-28,0,0,False,False,28394.575,Current
LN-504826,CUST-107110,2025-02-28,0,0,False,False,42635.38,Current
LN-504827,CUST-100069,2025-02-28,0,0,False,False,9517.160000000003,Current
LN-504828,CUST-103867,2025-02-28,0,0,False,False,2299.9050000000007,Current
LN-504829,CUST-103845,2025-02-28,0,0,False,False,13204.36,Current
LN-504830,CUST-107031,2025-02-28,0,0,False,False,27144.030000000006,Current
LN-504832,CUST-100225,2025-02-28,0,0,False,False,18352.662500000002,Current
LN-504833,CUST-101381,2025-02-28,0,0,False,False,7343.320000000003,Current
LN-504835,CUST-101556,2025-02-28,4,114,False,False,41846.027500000004,90+
LN-504836,CUST-104681,2025-02-28,0,0,False,False,8042.2999999999965,Current
LN-504837,CUST-100067,2025-02-28,0,0,False,False,2049.040000000001,Current
LN-504838,CUST-106456,2025-02-28,0,0,False,False,8177.302499999996,Current
LN-504839,CUST-104219,2025-02-28,0,0,False,False,2246.430000000002,Current
LN-504840,CUST-106184,2025-02-28,0,0,False,False,17556.8775,Current
LN-504841,CUST-103691,2025-02-28,0,0,False,False,1692.0324999999998,Current
LN-504843,CUST-101170,2025-02-28,0,0,False,False,28051.494999999988,Current
LN-504844,CUST-103144,2025-02-28,0,0,False,False,13607.430000000008,Current
LN-504845,CUST-103953,2025-02-28,0,0,False,False,21505.055000000015,Current
LN-504846,CUST-101872,2025-02-28,0,0,False,False,14375.704999999996,Current
LN-504847,CUST-106603,2025-02-28,0,0,False,False,15940.869999999995,Current
LN-504848,CUST-102053,2025-02-28,0,0,False,False,20138.369999999995,Current
LN-504849,CUST-107896,2025-02-28,0,0,False,False,37208.41000000005,Current
LN-504850,CUST-106557,2025-02-28,0,0,False,False,20547.82749999999,Current
LN-504851,CUST-103920,2025-02-28,0,0,False,False,5709.802500000002,Current
LN-504852,CUST-107626,2025-02-28,0,0,False,False,26730.36499999999,Current
LN-504853,CUST-104198,2025-02-28,0,0,False,False,7799.382500000003,Current
LN-504854,CUST-103909,2025-02-28,0,0,False,False,1910.31,Current
LN-504855,CUST-105179,2025-02-28,0,0,False,False,11747.224999999995,Current
LN-504856,CUST-107749,2025-02-28,0,0,False,False,11024.145000000002,Current
LN-504858,CUST-105273,2025-02-28,1,10,False,False,17405.5275,1-29
LN-504859,CUST-101019,2025-02-28,0,0,False,False,4815.8925,Current
LN-504861,CUST-107743,2025-02-28,0,0,False,False,99764.15,Current
LN-504862,CUST-102348,2025-02-28,0,0,False,False,472622.8249999998,Current
LN-504863,CUST-103140,2025-02-28,0,0,False,False,13970.114999999996,Current
LN-504864,CUST-100234,2025-02-28,0,0,False,False,20515.909999999993,Current
LN-504865,CUST-106589,2025-02-28,0,0,False,False,18510.839999999997,Current
LN-504866,CUST-104661,2025-02-28,0,0,False,False,26401.469999999994,Current
LN-504867,CUST-104257,2025-02-28,0,0,False,False,31457.835,Current
LN-504869,CUST-104845,2025-02-28,2,46,False,False,5782.619999999998,30-59
LN-504870,CUST-107752,2025-02-28,0,0,False,False,13918.127499999999,Current
LN-504871,CUST-100211,2025-02-28,0,0,False,False,3542.980000000001,Current
LN-504872,CUST-102531,2025-02-28,0,0,False,False,112149.95000000003,Current
LN-504873,CUST-103438,2025-02-28,0,0,False,False,12808.369999999999,Current
LN-504875,CUST-105105,2025-02-28,0,0,False,False,47851.69,Current
LN-504876,CUST-105939,2025-02-28,0,0,False,False,12470.645,Current
LN-504877,CUST-102786,2025-02-28,0,0,False,False,12154.672499999997,Current
LN-504878,CUST-105900,2025-02-28,0,0,False,False,8387.4875,Current
LN-504879,CUST-104536,2025-02-28,0,0,False,False,29566.53,Current
LN-504880,CUST-104619,2025-02-28,0,0,False,False,29821.34,Current
LN-504885,CUST-104152,2025-02-28,0,0,False,False,140582.15,Current
LN-504887,CUST-105737,2025-02-28,0,0,False,False,20912.889999999992,Current
LN-504888,CUST-103379,2025-02-28,0,0,False,False,32526.210000000025,Current
LN-504889,CUST-100351,2025-02-28,0,0,False,False,20673.98500000001,Current
LN-504891,CUST-107156,2025-02-28,0,0,False,False,15285.227500000005,Current
LN-504892,CUST-104320,2025-02-28,0,0,False,False,23953.74,Current
LN-504895,CUST-107823,2025-02-28,0,0,False,False,18005.490000000005,Current
LN-504897,CUST-105763,2025-02-28,0,0,False,False,387100.21,Current
LN-504899,CUST-107607,2025-02-28,0,0,False,False,41097.50750000003,Current
LN-504900,CUST-104757,2025-02-28,0,0,True,False,17967.559999999994,Current
LN-504901,CUST-107144,2025-02-28,0,0,False,False,25701.535000000003,Current
LN-504902,CUST-102423,2025-02-28,0,0,False,False,15400.292499999996,Current
LN-504903,CUST-102879,2025-02-28,0,0,False,False,7978.957499999997,Current
LN-504905,CUST-101046,2025-02-28,0,0,False,False,52842.8,Current
LN-504906,CUST-107996,2025-02-28,3,80,False,False,14601.919999999998,60-89
LN-504908,CUST-100520,2025-02-28,0,0,False,False,12830.714999999997,Current
LN-504910,CUST-104822,2025-02-28,0,0,False,False,34341.65999999999,Current
LN-504911,CUST-105184,2025-02-28,0,0,False,False,5147.915,Current
LN-504912,CUST-103744,2025-02-28,0,0,False,False,4566.709999999999,Current
LN-504913,CUST-101799,2025-02-28,0,0,False,False,9505.394999999997,Current
LN-504914,CUST-101916,2025-02-28,0,0,False,False,8202.287500000008,Current
LN-504916,CUST-106883,2025-02-28,0,0,False,False,23823.18000000001,Current
LN-504917,CUST-104167,2025-02-28,2,58,False,False,5567.6624999999985,30-59
LN-504918,CUST-102400,2025-02-28,0,0,False,False,70607.79000000001,Current
LN-504922,CUST-107446,2025-02-28,4,205,False,False,29358.689999999995,90+
LN-504923,CUST-106365,2025-02-28,0,0,False,False,19760.70750000002,Current
LN-504924,CUST-105471,2025-02-28,0,0,False,False,9200.94000000001,Current
LN-504925,CUST-107047,2025-02-28,0,0,False,False,47396.520000000004,Current
LN-504926,CUST-102139,2025-02-28,0,0,False,False,1977.2925000000002,Current
LN-504927,CUST-102961,2025-02-28,0,0,False,False,29232.75,Current
LN-504928,CUST-101997,2025-02-28,0,0,False,False,16917.222500000007,Current
LN-504929,CUST-104453,2025-02-28,0,0,False,False,7381.580000000002,Current
LN-504930,CUST-100167,2025-02-28,0,0,False,False,7245.222500000002,Current
LN-504932,CUST-106872,2025-02-28,0,0,False,False,22611.97,Current
LN-504933,CUST-102477,2025-02-28,0,0,False,False,14534.749999999993,Current
LN-504934,CUST-107593,2025-02-28,0,0,False,False,23062.189999999995,Current
LN-504935,CUST-102847,2025-02-28,0,0,False,False,13658.33,Current
LN-504936,CUST-104315,2025-02-28,0,0,False,False,26904.329999999998,Current
LN-504937,CUST-105511,2025-02-28,0,0,False,False,19822.785000000003,Current
LN-504938,CUST-106726,2025-02-28,0,0,False,False,13370.149999999998,Current
LN-504939,CUST-106738,2025-02-28,0,0,False,False,42881.524999999994,Current
LN-504942,CUST-101414,2025-02-28,0,0,False,False,38927.60000000001,Current
LN-504943,CUST-102667,2025-02-28,1,27,False,False,34385.885,1-29
LN-504944,CUST-107132,2025-02-28,0,0,False,False,7473.740000000002,Current
LN-504947,CUST-104078,2025-02-28,0,0,False,False,15988.07499999999,Current
LN-504948,CUST-106272,2025-02-28,0,0,False,False,51078.35,Current
LN-504949,CUST-105556,2025-02-28,0,0,False,False,9336.850000000002,Current
LN-504950,CUST-105343,2025-02-28,0,0,False,False,54002.98,Current
LN-504952,CUST-107201,2025-02-28,0,0,False,False,27354.310000000012,Current
LN-504953,CUST-106571,2025-02-28,0,0,False,False,5565.005000000001,Current
LN-504955,CUST-101983,2025-02-28,0,0,False,False,12750.98000000001,Current
LN-504956,CUST-101145,2025-02-28,0,0,False,False,6827.719999999998,Current
LN-504957,CUST-105789,2025-02-28,1,16,False,False,951.2124999999999,1-29
LN-504958,CUST-100704,2025-02-28,0,0,False,False,20469.72750000001,Current
LN-504959,CUST-104922,2025-02-28,0,0,False,False,21843.970000000005,Current
LN-504960,CUST-107437,2025-02-28,0,0,False,False,18466.259999999984,Current
LN-504961,CUST-107155,2025-02-28,0,0,False,False,13995.30999999999,Current
LN-504962,CUST-105551,2025-02-28,0,0,False,False,13770.762499999999,Current
LN-504963,CUST-105470,2025-02-28,0,0,False,False,67237.09,Current
LN-504964,CUST-105639,2025-02-28,0,0,False,False,48793.09,Current
LN-504965,CUST-105877,2025-02-28,0,0,False,False,26902.81499999999,Current
LN-504967,CUST-101242,2025-02-28,0,0,False,False,39178.55000000001,Current
LN-504968,CUST-103396,2025-02-28,0,0,False,False,10328.289999999995,Current
LN-504969,CUST-106746,2025-02-28,0,0,False,False,26115.12,Current
LN-504970,CUST-106136,2025-02-28,0,0,False,False,15335.675000000007,Current
LN-504971,CUST-103440,2025-02-28,0,0,False,False,40490.460000000014,Current
LN-504972,CUST-102260,2025-02-28,1,26,False,False,24510.64,1-29
LN-504974,CUST-105140,2025-02-28,0,0,False,False,7937.1849999999995,Current
LN-504975,CUST-106531,2025-02-28,0,0,False,False,16939.409999999996,Current
LN-504976,CUST-104516,2025-02-28,0,0,False,False,21501.39,Current
LN-504978,CUST-105185,2025-02-28,0,0,False,False,11234.692500000005,Current
LN-504979,CUST-100912,2025-02-28,0,0,False,False,14321.884999999998,Current
LN-504980,CUST-101256,2025-02-28,3,82,False,False,23736.59,60-89
LN-504981,CUST-103558,2025-02-28,0,0,False,False,7606.314999999999,Current
LN-504982,CUST-103648,2025-02-28,0,0,False,False,2019.4575000000016,Current
LN-504983,CUST-104395,2025-02-28,0,0,False,False,21104.082500000008,Current
LN-504984,CUST-101328,2025-02-28,0,0,False,False,21213.44,Current
LN-504986,CUST-105441,2025-02-28,0,0,False,False,20658.625,Current
LN-504987,CUST-104285,2025-02-28,0,0,False,False,22024.572499999987,Current
LN-504990,CUST-106002,2025-02-28,0,0,False,False,45171.60999999999,Current
LN-504991,CUST-101452,2025-02-28,0,0,False,False,29940.975000000002,Current
LN-504993,CUST-107295,2025-02-28,0,0,False,False,22794.5075,Current
LN-504994,CUST-104931,2025-02-28,0,0,False,False,44505.595000000016,Current
LN-504995,CUST-105333,2025-02-28,0,0,False,False,2802.699999999999,Current
LN-504997,CUST-104585,2025-02-28,0,0,False,False,25240.7,Current
LN-504998,CUST-107913,2025-02-28,0,0,False,False,26323.1925,Current
LN-504999,CUST-101200,2025-02-28,0,0,False,False,14127.72,Current
LN-505000,CUST-104639,2025-02-28,2,55,False,False,4992.674999999999,30-59
LN-505001,CUST-104200,2025-02-28,0,0,False,False,27028.90000000001,Current
LN-505003,CUST-106228,2025-02-28,0,0,False,False,49771.579999999994,Current
LN-505004,CUST-102170,2025-02-28,0,0,False,False,23652.572500000002,Current
LN-505008,CUST-105158,2025-02-28,0,0,False,False,3127.6300000000006,Current
LN-505009,CUST-107907,2025-02-28,0,0,False,False,182570.3500000001,Current
LN-505010,CUST-100506,2025-02-28,0,0,False,False,6106.055000000002,Current
LN-505014,CUST-101232,2025-02-28,0,0,False,False,368404.3699999998,Current
LN-505015,CUST-100436,2025-02-28,1,16,False,False,11761.457500000004,1-29
LN-505016,CUST-102419,2025-02-28,0,0,False,False,7936.04,Current
LN-505017,CUST-106099,2025-02-28,4,152,False,False,21975.392499999994,90+
LN-505018,CUST-106264,2025-02-28,0,0,False,False,28090.040000000008,Current
LN-505019,CUST-104998,2025-02-28,0,0,False,False,21217.3425,Current
LN-505020,CUST-104591,2025-02-28,0,0,True,False,14214.304999999997,Current
LN-505021,CUST-107894,2025-02-28,0,0,False,False,42698.62,Current
LN-505023,CUST-100128,2025-02-28,0,0,False,False,33149.755,Current
LN-505024,CUST-102195,2025-02-28,0,0,False,False,30558.84000000002,Current
LN-505025,CUST-106819,2025-02-28,0,0,False,False,35470.70000000002,Current
LN-505026,CUST-101225,2025-02-28,0,0,False,False,22119.3575,Current
LN-505027,CUST-106535,2025-02-28,0,0,True,False,9063.315,Current
LN-505028,CUST-107254,2025-02-28,0,0,False,False,15051.999999999998,Current
LN-505029,CUST-107596,2025-02-28,1,28,False,False,16409.820000000003,1-29
LN-505030,CUST-100112,2025-02-28,0,0,False,False,452905.74,Current
LN-505031,CUST-104987,2025-02-28,0,0,False,False,44812.17,Current
LN-505032,CUST-102910,2025-02-28,0,0,False,False,22229.850000000006,Current
LN-505033,CUST-104908,2025-02-28,0,0,False,False,28002.079999999987,Current
LN-505034,CUST-106097,2025-02-28,0,0,False,False,16525.262499999993,Current
LN-505038,CUST-100111,2025-02-28,0,0,False,False,22238.0525,Current
LN-505040,CUST-102236,2025-02-28,0,0,False,False,13491.615000000013,Current
LN-505043,CUST-103929,2025-02-28,0,0,False,False,17756.60749999998,Current
LN-505044,CUST-104885,2025-02-28,1,16,False,False,42330.03,1-29
LN-505045,CUST-102772,2025-02-28,0,0,False,False,17861.780000000006,Current
LN-505046,CUST-101372,2025-02-28,0,0,False,False,1987.4799999999996,Current
LN-505047,CUST-103799,2025-02-28,0,0,False,False,30062.489999999998,Current
LN-505049,CUST-100222,2025-02-28,0,0,False,False,35463.317500000005,Current
LN-505050,CUST-100247,2025-02-28,0,0,False,False,45405.76499999999,Current
LN-505051,CUST-107638,2025-02-28,0,0,False,False,21108.76,Current
LN-505052,CUST-105653,2025-02-28,0,0,False,False,36817.26999999998,Current
LN-505053,CUST-106850,2025-02-28,0,0,False,False,9745.137499999997,Current
LN-505054,CUST-103687,2025-02-28,0,0,False,False,36195.700000000026,Current
LN-505055,CUST-103268,2025-02-28,0,0,False,False,8155.78,Current
LN-505057,CUST-103106,2025-02-28,1,27,False,False,97225.97,1-29
LN-505058,CUST-100462,2025-02-28,0,0,False,False,8464.6,Current
LN-505059,CUST-106054,2025-02-28,0,0,False,False,27514.887499999997,Current
LN-505061,CUST-106663,2025-02-28,0,0,False,False,351178.04,Current
LN-505064,CUST-102536,2025-02-28,0,0,False,False,546847.34,Current
LN-505066,CUST-104314,2025-02-28,0,0,False,False,7729.389999999996,Current
LN-505067,CUST-104505,2025-02-28,0,0,False,False,43855.590000000004,Current
LN-505069,CUST-101164,2025-02-28,0,0,False,False,13397.282500000005,Current
LN-505070,CUST-101726,2025-02-28,0,0,False,False,23955.05,Current
LN-505071,CUST-105805,2025-02-28,0,0,False,False,8170.350000000004,Current
LN-505074,CUST-100292,2025-02-28,0,0,False,False,26820.4,Current
LN-505075,CUST-100492,2025-02-28,0,0,False,False,5131.010000000006,Current
LN-505076,CUST-106070,2025-02-28,0,0,False,False,21562.710000000017,Current
LN-505077,CUST-104675,2025-02-28,0,0,False,False,17439.579999999994,Current
LN-505078,CUST-101213,2025-02-28,0,0,False,False,29812.065000000002,Current
LN-505079,CUST-101536,2025-02-28,0,0,False,False,279231.8024999999,Current
LN-505081,CUST-106166,2025-02-28,0,0,False,False,16708.125000000004,Current
LN-505083,CUST-104085,2025-02-28,0,0,False,False,25655.520000000004,Current
LN-505084,CUST-104047,2025-02-28,0,0,False,False,532024.5099999998,Current
LN-505087,CUST-100230,2025-02-28,0,0,False,False,7305.700000000003,Current
LN-505088,CUST-103298,2025-02-28,0,0,False,False,8647.060000000003,Current
LN-505089,CUST-103572,2025-02-28,0,0,False,False,20158.68000000001,Current
LN-505090,CUST-102829,2025-02-28,0,0,False,False,29095.515000000003,Current
LN-505091,CUST-105956,2025-02-28,0,0,False,False,112233.43,Current
LN-505092,CUST-101253,2025-02-28,0,0,False,False,24530.614999999994,Current
LN-505093,CUST-107209,2025-02-28,0,0,False,False,17882.164999999986,Current
LN-505095,CUST-103633,2025-02-28,0,0,False,False,34887.4975,Current
LN-505096,CUST-105170,2025-02-28,0,0,False,False,14470.38499999999,Current
LN-505097,CUST-106449,2025-02-28,1,23,False,False,23755.28,1-29
LN-505099,CUST-103130,2025-02-28,0,0,False,False,6131.484999999995,Current
LN-505100,CUST-101509,2025-02-28,0,0,False,False,28309.509999999995,Current
LN-505101,CUST-107570,2025-02-28,0,0,False,False,25844.312500000007,Current
LN-505102,CUST-106704,2025-02-28,0,0,False,False,40611.64500000001,Current
LN-505103,CUST-106585,2025-02-28,0,0,False,False,8809.220000000007,Current
LN-505104,CUST-102823,2025-02-28,0,0,False,False,7999.02,Current
LN-505106,CUST-106702,2025-02-28,2,49,False,False,19950.640000000003,30-59
LN-505107,CUST-106941,2025-02-28,0,0,False,False,28392.25,Current
LN-505108,CUST-104023,2025-02-28,0,0,False,False,9422.914999999999,Current
LN-505110,CUST-101818,2025-02-28,0,0,False,False,12536.102499999995,Current
LN-505111,CUST-101865,2025-02-28,0,0,False,False,12268.7,Current
LN-505112,CUST-106083,2025-02-28,0,0,False,False,16905.839999999997,Current
LN-505113,CUST-104547,2025-02-28,0,0,False,False,2454.8374999999983,Current
LN-505115,CUST-105939,2025-02-28,0,0,False,False,30342.295000000002,Current
LN-505116,CUST-103829,2025-02-28,0,0,False,False,115864.4825,Current
LN-505117,CUST-102388,2025-02-28,0,0,False,False,3328.9325,Current
LN-505118,CUST-101185,2025-02-28,1,25,False,False,13902.844999999994,1-29
LN-505119,CUST-102731,2025-02-28,3,66,False,False,28880.790000000005,60-89
LN-505121,CUST-104142,2025-02-28,0,0,False,False,43024.51750000002,Current
LN-505122,CUST-106806,2025-02-28,0,0,False,False,4229.285,Current
LN-505123,CUST-101601,2025-02-28,0,0,False,False,135849.56000000006,Current
LN-505124,CUST-105479,2025-02-28,0,0,False,False,6542.669999999998,Current
LN-505125,CUST-104693,2025-02-28,0,0,False,False,30235.757499999992,Current
LN-505127,CUST-102664,2025-02-28,0,0,False,False,41624.085,Current
LN-505128,CUST-102125,2025-02-28,0,0,False,False,43412.32999999999,Current
LN-505129,CUST-103250,2025-02-28,2,36,False,False,3959.6449999999986,30-59
LN-505130,CUST-101634,2025-02-28,0,0,False,False,23546.484999999997,Current
LN-505131,CUST-107515,2025-02-28,0,0,False,False,36129.79000000004,Current
LN-505133,CUST-106906,2025-02-28,0,0,False,False,102100.22999999998,Current
LN-505134,CUST-103895,2025-02-28,0,0,False,False,23289.355000000003,Current
LN-505135,CUST-107581,2025-02-28,1,14,False,False,3966.619999999999,1-29
LN-505136,CUST-103775,2025-02-28,0,0,False,False,47493.862499999996,Current
LN-505137,CUST-100029,2025-02-28,0,0,False,False,3498.249999999998,Current
LN-505138,CUST-104003,2025-02-28,0,0,False,False,19096.050000000007,Current
LN-505139,CUST-106916,2025-02-28,0,0,False,False,3446.7624999999994,Current
LN-505140,CUST-107887,2025-02-28,0,0,False,False,16823.660000000003,Current
LN-505142,CUST-105221,2025-02-28,0,0,False,False,29255.14500000002,Current
LN-505143,CUST-104515,2025-02-28,0,0,False,False,24047.59999999999,Current
LN-505144,CUST-101294,2025-02-28,0,0,False,False,11691.982499999995,Current
LN-505145,CUST-107826,2025-02-28,0,0,False,False,52128.86750000001,Current
LN-505146,CUST-106090,2025-02-28,0,0,False,False,18154.135,Current
LN-505147,CUST-103662,2025-02-28,1,22,False,False,615234.5849999998,1-29
LN-505148,CUST-104876,2025-02-28,0,0,False,False,17936.0625,Current
LN-505150,CUST-105684,2025-02-28,0,0,False,False,31596.1625,Current
LN-505151,CUST-107966,2025-02-28,2,34,False,False,27380.01000000001,30-59
LN-505152,CUST-101605,2025-02-28,0,0,False,False,21123.46,Current
LN-505154,CUST-105526,2025-02-28,0,0,False,False,7272.670000000004,Current
LN-505155,CUST-104136,2025-02-28,0,0,True,False,9324.2525,Current
LN-505156,CUST-105946,2025-02-28,0,0,False,False,19434.365,Current
LN-505157,CUST-103885,2025-02-28,0,0,False,False,17633.170000000002,Current
LN-505162,CUST-105803,2025-02-28,0,0,False,False,13073.29,Current
LN-505163,CUST-103426,2025-02-28,0,0,False,False,7211.112499999999,Current
LN-505165,CUST-105755,2025-02-28,0,0,False,False,55307.104999999974,Current
LN-505166,CUST-106372,2025-02-28,1,16,False,False,47323.87000000003,1-29
LN-505167,CUST-107552,2025-02-28,0,0,False,False,20984.245000000003,Current
LN-505168,CUST-104388,2025-02-28,0,0,False,False,15266.38,Current
LN-505169,CUST-101144,2025-02-28,0,0,False,False,15703.427499999998,Current
LN-505170,CUST-101734,2025-02-28,0,0,False,False,13671.11,Current
LN-505171,CUST-102355,2025-02-28,0,0,False,False,6848.084999999999,Current
LN-505172,CUST-103135,2025-02-28,0,0,False,False,107134.02750000004,Current
LN-505173,CUST-107694,2025-02-28,0,0,False,False,27748.77,Current
LN-505174,CUST-104677,2025-02-28,1,18,False,False,6313.4200000000055,1-29
LN-505175,CUST-103758,2025-02-28,0,0,False,False,15568.347500000002,Current
LN-505176,CUST-104438,2025-02-28,0,0,False,False,21620.64,Current
LN-505177,CUST-104086,2025-02-28,0,0,False,False,8137.250000000005,Current
LN-505178,CUST-100004,2025-02-28,0,0,False,False,39675.5325,Current
LN-505179,CUST-101690,2025-02-28,0,0,False,False,29480.190000000006,Current
LN-505181,CUST-107970,2025-02-28,0,0,False,False,25171.100000000002,Current
LN-505183,CUST-106747,2025-02-28,0,0,False,False,9507.489999999998,Current
LN-505185,CUST-104468,2025-02-28,0,0,False,False,40136.45249999996,Current
LN-505187,CUST-107522,2025-02-28,0,0,False,False,34909.2125,Current
LN-505188,CUST-107827,2025-02-28,0,0,False,False,30284.60999999998,Current
LN-505189,CUST-103432,2025-02-28,0,0,False,False,9489.93,Current
LN-505190,CUST-102163,2025-02-28,0,0,False,False,54711.47750000001,Current
LN-505192,CUST-105304,2025-02-28,0,0,False,False,19015.315000000006,Current
LN-505193,CUST-100218,2025-02-28,0,0,False,False,1208.3950000000002,Current
LN-505194,CUST-102357,2025-02-28,0,0,False,False,8689.249999999998,Current
LN-505195,CUST-100303,2025-02-28,0,0,False,False,10909.920000000002,Current
LN-505196,CUST-102521,2025-02-28,0,0,False,False,33938.16,Current
LN-505197,CUST-106344,2025-02-28,0,0,True,False,44356.93000000001,Current
LN-505199,CUST-105691,2025-02-28,0,0,False,False,25822.559999999998,Current
LN-505200,CUST-103248,2025-02-28,0,0,False,False,5514.725000000003,Current
LN-505201,CUST-104000,2025-02-28,0,0,False,False,7230.779999999999,Current
LN-505202,CUST-107764,2025-02-28,0,0,False,False,47226.360000000015,Current
LN-505203,CUST-104140,2025-02-28,0,0,False,False,38883.36000000001,Current
LN-505204,CUST-102027,2025-02-28,2,35,False,False,102241.79249999998,30-59
LN-505205,CUST-100493,2025-02-28,0,0,False,False,13315.397500000001,Current
LN-505206,CUST-101750,2025-02-28,0,0,False,False,9260.269999999997,Current
LN-505207,CUST-101523,2025-02-28,0,0,False,False,12922.930000000004,Current
LN-505209,CUST-100036,2025-02-28,0,0,False,False,29218.710000000006,Current
LN-505211,CUST-103775,2025-02-28,0,0,False,False,12692.60249999999,Current
LN-505212,CUST-104849,2025-02-28,0,0,False,False,22365.069999999985,Current
LN-505214,CUST-104466,2025-02-28,0,0,False,False,23653.524999999987,Current
LN-505215,CUST-102820,2025-02-28,0,0,False,False,36220.037500000006,Current
LN-505217,CUST-100219,2025-02-28,2,44,False,False,16245.657500000003,30-59
LN-505218,CUST-100012,2025-02-28,0,0,False,False,13499.582500000004,Current
LN-505219,CUST-103198,2025-02-28,0,0,False,False,22906.565000000002,Current
LN-505220,CUST-100928,2025-02-28,0,0,False,False,21534.385000000017,Current
LN-505221,CUST-107839,2025-02-28,0,0,False,False,20329.25,Current
LN-505222,CUST-100678,2025-02-28,0,0,False,False,35826.69500000001,Current
LN-505224,CUST-100127,2025-02-28,0,0,False,False,44721.015,Current
LN-505225,CUST-102680,2025-02-28,3,78,False,False,16511.037500000002,60-89
LN-505226,CUST-105039,2025-02-28,3,83,False,False,5547.659999999999,60-89
LN-505227,CUST-105617,2025-02-28,0,0,False,False,18004.895000000004,Current
LN-505228,CUST-102598,2025-02-28,0,0,False,False,5381.350000000001,Current
LN-505229,CUST-106550,2025-02-28,0,0,False,False,26109.994999999988,Current
LN-505230,CUST-106346,2025-02-28,0,0,False,False,39322.72249999999,Current
LN-505231,CUST-107854,2025-02-28,0,0,False,False,23236.12,Current
LN-505232,CUST-104795,2025-02-28,0,0,False,False,24696.30000000001,Current
LN-505233,CUST-107305,2025-02-28,0,0,False,False,14692.119999999999,Current
LN-505234,CUST-107914,2025-02-28,0,0,False,False,20545.28,Current
LN-505235,CUST-107898,2025-02-28,0,0,False,False,226395.00250000006,Current
LN-505236,CUST-104041,2025-02-28,0,0,False,False,32092.27999999999,Current
LN-505237,CUST-101889,2025-02-28,0,0,False,False,17880.154999999995,Current
LN-505238,CUST-100884,2025-02-28,0,0,False,False,16987.359999999997,Current
LN-505240,CUST-105797,2025-02-28,0,0,False,False,28261.160000000007,Current
LN-505243,CUST-104350,2025-02-28,0,0,False,False,21796.839999999997,Current
LN-505245,CUST-103758,2025-02-28,0,0,False,False,18909.754999999994,Current
LN-505246,CUST-105055,2025-02-28,0,0,False,False,15664.500000000004,Current
LN-505247,CUST-102948,2025-02-28,0,0,False,False,35128.952500000014,Current
LN-505248,CUST-106144,2025-02-28,0,0,False,False,41944.20500000001,Current
LN-505249,CUST-105023,2025-02-28,0,0,False,False,37100.01500000002,Current
LN-505250,CUST-102026,2025-02-28,0,0,False,False,18269.239999999998,Current
LN-505251,CUST-103735,2025-02-28,0,0,False,False,51718.8375,Current
LN-505252,CUST-100660,2025-02-28,0,0,False,False,36715.24,Current
LN-505253,CUST-101373,2025-02-28,0,0,False,False,33560.58,Current
LN-505254,CUST-102090,2025-02-28,0,0,True,False,48029.46249999999,Current
LN-505255,CUST-105021,2025-02-28,0,0,False,False,9415.232500000006,Current
LN-505256,CUST-104176,2025-02-28,0,0,False,False,18746.81,Current
LN-505260,CUST-101774,2025-02-28,0,0,False,False,44783.51,Current
LN-505261,CUST-100842,2025-02-28,0,0,False,False,17709.34000000002,Current
LN-505262,CUST-101154,2025-02-28,0,0,False,False,26258.5525,Current
LN-505263,CUST-100045,2025-02-28,0,0,False,False,147175.91749999998,Current
LN-505264,CUST-100141,2025-02-28,0,0,False,False,27666.327500000018,Current
LN-505265,CUST-104002,2025-02-28,0,0,False,False,29562.052499999998,Current
LN-505266,CUST-100603,2025-02-28,0,0,False,False,39486.19500000001,Current
LN-505267,CUST-100888,2025-02-28,1,24,False,False,7190.349999999999,1-29
LN-505268,CUST-105794,2025-02-28,0,0,False,False,10013.7275,Current
LN-505269,CUST-101558,2025-02-28,0,0,False,False,11213.1925,Current
LN-505270,CUST-101235,2025-02-28,0,0,False,False,20867.860000000008,Current
LN-505274,CUST-103083,2025-02-28,0,0,False,False,425917.78750000015,Current
LN-505275,CUST-104530,2025-02-28,0,0,False,False,17990.399999999998,Current
LN-505276,CUST-104879,2025-02-28,0,0,False,False,27053.962499999994,Current
LN-505278,CUST-103928,2025-02-28,1,20,False,False,205404.15249999994,1-29
LN-505279,CUST-100359,2025-02-28,0,0,False,False,12310.56,Current
LN-505280,CUST-103197,2025-02-28,0,0,False,False,5138.677500000001,Current
LN-505281,CUST-105070,2025-02-28,0,0,False,False,44306.75,Current
LN-505282,CUST-103708,2025-02-28,0,0,False,False,20329.067500000005,Current
LN-505283,CUST-101088,2025-02-28,0,0,False,False,9807.397499999997,Current
LN-505284,CUST-106959,2025-02-28,1,12,False,False,17113.51,1-29
LN-505286,CUST-101959,2025-02-28,2,33,False,False,21677.504999999997,30-59
LN-505287,CUST-103748,2025-02-28,0,0,False,False,8533.030000000002,Current
LN-505288,CUST-101126,2025-02-28,0,0,False,False,836.6400000000004,Current
LN-505289,CUST-106500,2025-02-28,0,0,False,False,24237.594999999983,Current
LN-505290,CUST-107357,2025-02-28,0,0,False,False,24847.442500000012,Current
LN-505291,CUST-103241,2025-02-28,0,0,False,False,18390.039999999994,Current
LN-505292,CUST-101533,2025-02-28,4,105,False,False,318715.97,90+
LN-505293,CUST-104036,2025-02-28,0,0,False,False,14490.53,Current
LN-505294,CUST-100314,2025-02-28,0,0,False,False,3921.1500000000037,Current
LN-505295,CUST-102327,2025-02-28,0,0,False,False,19045.269999999997,Current
LN-505296,CUST-105197,2025-02-28,0,0,False,False,16251.795000000006,Current
LN-505299,CUST-100487,2025-02-28,0,0,False,False,47561.87,Current
LN-505300,CUST-107635,2025-02-28,0,0,False,False,14158.32,Current
LN-505302,CUST-103463,2025-02-28,0,0,False,False,6981.349999999997,Current
LN-505303,CUST-107393,2025-02-28,0,0,False,False,42505.62000000002,Current
LN-505304,CUST-102570,2025-02-28,0,0,False,False,445087.9199999998,Current
LN-505305,CUST-104916,2025-02-28,0,0,False,False,30660.025,Current
LN-505306,CUST-102739,2025-02-28,0,0,False,False,612.6875000000006,Current
LN-505307,CUST-106362,2025-02-28,0,0,False,False,5889.425000000001,Current
LN-505308,CUST-101893,2025-02-28,0,0,False,False,15510.36250000001,Current
LN-505309,CUST-102568,2025-02-28,0,0,False,False,4638.379999999998,Current
LN-505310,CUST-102740,2025-02-28,0,0,False,False,53096.19750000002,Current
LN-505311,CUST-105141,2025-02-28,1,6,False,False,52640.02249999999,1-29
LN-505312,CUST-105330,2025-02-28,0,0,False,False,96625.44,Current
LN-505313,CUST-102230,2025-02-28,0,0,False,False,50531.62500000001,Current
LN-505314,CUST-101772,2025-02-28,0,0,False,False,17293.48,Current
LN-505316,CUST-101567,2025-02-28,0,0,False,False,5335.564999999999,Current
LN-505317,CUST-107548,2025-02-28,0,0,False,False,12782.214999999997,Current
LN-505318,CUST-100308,2025-02-28,0,0,False,False,12101.140000000007,Current
LN-505319,CUST-102445,2025-02-28,0,0,False,False,37618.99999999998,Current
LN-505321,CUST-101457,2025-02-28,0,0,False,False,8636.339999999995,Current
LN-505322,CUST-105263,2025-02-28,0,0,False,False,16588.860000000022,Current
LN-505323,CUST-103944,2025-02-28,0,0,False,False,106152.88999999997,Current
LN-505324,CUST-101131,2025-02-28,0,0,False,False,7349.305,Current
LN-505326,CUST-107227,2025-02-28,0,0,False,False,8618.695000000002,Current
LN-505327,CUST-103795,2025-02-28,0,0,False,False,22087.020000000015,Current
LN-505329,CUST-107072,2025-02-28,4,134,False,False,53169.8575,90+
LN-505330,CUST-106997,2025-02-28,0,0,False,False,34090.09000000002,Current
LN-505333,CUST-101503,2025-02-28,0,0,False,False,14747.547499999997,Current
LN-505334,CUST-102249,2025-02-28,0,0,False,False,12471.075,Current
LN-505335,CUST-102215,2025-02-28,0,0,False,False,21272.452500000003,Current
LN-505336,CUST-103163,2025-02-28,0,0,False,False,41097.03,Current
LN-505338,CUST-106118,2025-02-28,0,0,False,False,15832.069999999992,Current
LN-505339,CUST-104326,2025-02-28,0,0,False,False,4042.5899999999992,Current
LN-505340,CUST-100078,2025-02-28,2,54,False,False,37887.169999999984,30-59
LN-505341,CUST-106187,2025-02-28,0,0,False,False,26750.45999999999,Current
LN-505343,CUST-107567,2025-02-28,0,0,False,False,43508.49000000001,Current
LN-505344,CUST-103810,2025-02-28,0,0,False,False,20417.54000000001,Current
LN-505345,CUST-105265,2025-02-28,1,26,False,False,19224.575,1-29
LN-505346,CUST-102123,2025-02-28,0,0,False,True,3645.374999999998,Current
LN-505347,CUST-103113,2025-02-28,0,0,False,False,18594.71499999999,Current
LN-505348,CUST-102526,2025-02-28,0,0,False,False,10963.680000000002,Current
LN-505350,CUST-100737,2025-02-28,0,0,False,False,39835.05,Current
LN-505351,CUST-100847,2025-02-28,0,0,False,False,27363.410000000003,Current
LN-505353,CUST-103877,2025-02-28,0,0,False,False,46299.07,Current
LN-505356,CUST-104726,2025-02-28,1,11,False,False,44494.67250000002,1-29
LN-505357,CUST-107266,2025-02-28,0,0,False,False,9025.487499999996,Current
LN-505358,CUST-105457,2025-02-28,0,0,False,False,15130.48250000001,Current
LN-505359,CUST-103024,2025-02-28,0,0,False,False,32916.85749999998,Current
LN-505360,CUST-104966,2025-02-28,0,0,False,False,10022.655000000004,Current
LN-505361,CUST-105916,2025-02-28,0,0,False,False,15875.23500000001,Current
LN-505362,CUST-102941,2025-02-28,0,0,False,False,14432.085000000003,Current
LN-505363,CUST-101770,2025-02-28,0,0,False,False,24902.2575,Current
LN-505365,CUST-106865,2025-02-28,0,0,False,False,14282.569999999992,Current
LN-505366,CUST-107468,2025-02-28,0,0,False,False,5208.805,Current
LN-505367,CUST-103524,2025-02-28,0,0,False,False,5331.965000000005,Current
LN-505368,CUST-107448,2025-02-28,0,0,False,False,30945.36,Current
LN-505369,CUST-101359,2025-02-28,0,0,False,False,20528.335,Current
LN-505370,CUST-102460,2025-02-28,0,0,False,False,35939.549999999996,Current
LN-505371,CUST-104660,2025-02-28,0,0,False,False,20046.05,Current
LN-505372,CUST-107400,2025-02-28,0,0,False,False,46134.58499999998,Current
LN-505373,CUST-104517,2025-02-28,0,0,False,False,30180.94,Current
LN-505374,CUST-100317,2025-02-28,0,0,False,False,10266.85,Current
LN-505375,CUST-106927,2025-02-28,0,0,False,False,28587.53999999999,Current
LN-505376,CUST-104580,2025-02-28,0,0,False,False,13732.800000000001,Current
LN-505378,CUST-102517,2025-02-28,0,0,False,False,23176.30499999999,Current
LN-505379,CUST-103286,2025-02-28,0,0,False,False,9671.075000000003,Current
LN-505380,CUST-105478,2025-02-28,0,0,False,False,17681.775,Current
LN-505381,CUST-103600,2025-02-28,0,0,False,False,27662.274999999994,Current
LN-505382,CUST-104049,2025-02-28,0,0,False,False,14082.622500000001,Current
LN-505383,CUST-103650,2025-02-28,0,0,True,False,45617.53750000001,Current
LN-505384,CUST-103502,2025-02-28,0,0,False,False,8714.88,Current
LN-505385,CUST-103989,2025-02-28,0,0,False,False,33494.114999999976,Current
LN-505387,CUST-101466,2025-02-28,0,0,False,False,44108.84000000001,Current
LN-505389,CUST-106840,2025-02-28,0,0,False,False,16616.76499999999,Current
LN-505391,CUST-102513,2025-02-28,0,0,True,False,30065.210000000006,Current
LN-505393,CUST-104987,2025-02-28,0,0,False,False,26278.557499999988,Current
LN-505394,CUST-103114,2025-02-28,0,0,False,False,419195.9950000001,Current
LN-505395,CUST-102437,2025-02-28,0,0,False,False,37093.439999999966,Current
LN-505396,CUST-102242,2025-02-28,0,0,False,False,34274.06500000002,Current
LN-505397,CUST-106357,2025-02-28,0,0,False,False,16076.880000000008,Current
LN-505398,CUST-104243,2025-02-28,0,0,False,False,63796.49,Current
LN-505400,CUST-102596,2025-02-28,0,0,False,False,26542.785000000007,Current
LN-505401,CUST-102677,2025-02-28,0,0,False,False,10859.792499999998,Current
LN-505402,CUST-105556,2025-02-28,0,0,False,False,62113.50999999999,Current
LN-505403,CUST-102391,2025-02-28,0,0,False,False,35639.02500000001,Current
LN-505404,CUST-104394,2025-02-28,0,0,False,False,42588.389999999985,Current
LN-505405,CUST-100805,2025-02-28,0,0,False,False,21426.729999999985,Current
LN-505406,CUST-101202,2025-02-28,0,0,False,False,12116.504999999994,Current
LN-505407,CUST-101060,2025-02-28,0,0,False,False,27928.909999999993,Current
LN-505409,CUST-103398,2025-02-28,0,0,False,False,51452.965000000004,Current
LN-505411,CUST-104316,2025-02-28,0,0,False,False,80241.82499999998,Current
LN-505412,CUST-103900,2025-02-28,0,0,False,False,13872.927499999996,Current
LN-505413,CUST-107653,2025-02-28,0,0,False,False,41740.01750000004,Current
LN-505414,CUST-102108,2025-02-28,0,0,False,False,12323.252500000002,Current
LN-505415,CUST-101370,2025-02-28,0,0,False,False,146487.585,Current
LN-505416,CUST-104997,2025-02-28,0,0,False,False,7923.180000000002,Current
LN-505417,CUST-104588,2025-02-28,0,0,False,False,32885.04000000001,Current
LN-505418,CUST-107880,2025-02-28,0,0,False,False,8053.2325,Current
LN-505419,CUST-101336,2025-02-28,0,0,False,False,44136.96499999996,Current
LN-505420,CUST-103825,2025-02-28,0,0,False,False,7728.975000000002,Current
LN-505421,CUST-103987,2025-02-28,0,0,False,False,583089.6024999997,Current
LN-505422,CUST-106288,2025-02-28,0,0,False,False,37983.079999999965,Current
LN-505423,CUST-106767,2025-02-28,0,0,False,False,26753.695000000007,Current
LN-505425,CUST-104879,2025-02-28,0,0,False,False,4024.4700000000043,Current
LN-505426,CUST-104564,2025-02-28,0,0,False,False,23312.72999999998,Current
LN-505427,CUST-106769,2025-02-28,0,0,False,False,25591.02,Current
LN-505430,CUST-101278,2025-02-28,0,0,False,False,8112.65,Current
LN-505431,CUST-101432,2025-02-28,0,0,False,False,14288.092500000002,Current
LN-505433,CUST-105674,2025-02-28,0,0,True,False,25128.249999999996,Current
LN-505434,CUST-104367,2025-02-28,0,0,False,False,3435.7300000000005,Current
LN-505435,CUST-103403,2025-02-28,0,0,False,False,13675.390000000003,Current
LN-505436,CUST-105459,2025-02-28,0,0,False,False,3984.887500000003,Current
LN-505437,CUST-105491,2025-02-28,0,0,False,False,8463.220000000008,Current
LN-505440,CUST-105365,2025-02-28,1,24,False,False,19650.549999999996,1-29
LN-505442,CUST-103092,2025-02-28,1,8,False,False,3411.139999999999,1-29
LN-505443,CUST-103201,2025-02-28,0,0,False,False,38870.57,Current
LN-505444,CUST-103746,2025-02-28,0,0,False,False,1750.7424999999994,Current
LN-505445,CUST-105045,2025-02-28,0,0,False,False,10886.369999999999,Current
LN-505446,CUST-102432,2025-02-28,0,0,False,False,2594.7425,Current
LN-505447,CUST-101374,2025-02-28,0,0,False,False,35568.18,Current
LN-505448,CUST-106268,2025-02-28,2,54,False,False,9047.28,30-59
LN-505449,CUST-103180,2025-02-28,3,79,False,False,44983.98499999999,60-89
LN-505450,CUST-100613,2025-02-28,0,0,False,False,10355.71,Current
LN-505452,CUST-105521,2025-02-28,0,0,False,False,21759.720000000005,Current
LN-505453,CUST-103070,2025-02-28,0,0,False,False,46750.47,Current
LN-505454,CUST-100402,2025-02-28,0,0,False,False,54888.63,Current
LN-505455,CUST-103061,2025-02-28,0,0,False,False,11958.469999999992,Current
LN-505457,CUST-105056,2025-02-28,0,0,False,False,42276.78000000002,Current
LN-505459,CUST-101605,2025-02-28,0,0,False,False,17496.834999999995,Current
LN-505460,CUST-104653,2025-02-28,1,14,False,False,16654.389999999996,1-29
LN-505461,CUST-102240,2025-02-28,0,0,False,False,18203.642499999998,Current
LN-505462,CUST-105722,2025-02-28,0,0,False,False,14019.187499999998,Current
LN-505463,CUST-107022,2025-02-28,1,27,False,False,30641.810000000005,1-29
LN-505464,CUST-101876,2025-02-28,0,0,False,False,20006.787499999977,Current
LN-505465,CUST-100134,2025-02-28,0,0,False,False,32736.25,Current
LN-505466,CUST-101599,2025-02-28,0,0,False,False,111952.94499999998,Current
LN-505467,CUST-103349,2025-02-28,0,0,False,False,11859.539999999999,Current
LN-505471,CUST-104979,2025-02-28,0,0,False,False,15109.4275,Current
LN-505474,CUST-107993,2025-02-28,0,0,False,False,26779.1875,Current
LN-505475,CUST-101656,2025-02-28,0,0,False,False,13394.560000000001,Current
LN-505481,CUST-100197,2025-02-28,0,0,False,False,414164.47499999986,Current
LN-505482,CUST-104488,2025-02-28,0,0,False,False,38214.410000000025,Current
LN-505483,CUST-102989,2025-02-28,0,0,False,False,11709.940000000002,Current
LN-505484,CUST-105894,2025-02-28,0,0,False,False,19167.185,Current
LN-505487,CUST-102224,2025-02-28,0,0,False,False,22997.009999999995,Current
LN-505488,CUST-102947,2025-02-28,0,0,False,False,44960.76750000002,Current
LN-505489,CUST-102206,2025-02-28,0,0,False,False,37681.40000000001,Current
LN-505492,CUST-102007,2025-02-28,0,0,False,False,36396.064999999995,Current
LN-505493,CUST-104407,2025-02-28,0,0,False,False,22232.14,Current
LN-505495,CUST-105652,2025-02-28,0,0,False,False,18979.532499999994,Current
LN-505497,CUST-101177,2025-02-28,0,0,False,False,6732.41,Current
LN-505498,CUST-104139,2025-02-28,0,0,False,False,28195.239999999994,Current
LN-505500,CUST-100110,2025-02-28,2,42,False,False,18036.81,30-59
LN-505501,CUST-107743,2025-02-28,1,19,False,False,23918.97,1-29
LN-505502,CUST-107152,2025-02-28,0,0,False,False,6888.8675,Current
LN-505503,CUST-103171,2025-02-28,0,0,False,False,22646.534999999993,Current
LN-505504,CUST-107452,2025-02-28,0,0,False,False,30250.570000000007,Current
LN-505506,CUST-104841,2025-02-28,0,0,False,False,29242.320000000007,Current
LN-505507,CUST-104488,2025-02-28,0,0,False,False,28071.797499999997,Current
LN-505509,CUST-100427,2025-02-28,0,0,False,False,19833.010000000002,Current
LN-505510,CUST-102642,2025-02-28,0,0,False,False,21344.33,Current
LN-505511,CUST-103531,2025-02-28,0,0,False,False,8056.369999999997,Current
LN-505512,CUST-100610,2025-02-28,0,0,False,False,22946.639999999992,Current
LN-505515,CUST-103060,2025-02-28,0,0,False,False,18444.8775,Current
LN-505516,CUST-102221,2025-02-28,0,0,False,False,15559.5825,Current
LN-505518,CUST-103005,2025-02-28,0,0,False,False,128263.08499999999,Current
LN-505522,CUST-104269,2025-02-28,0,0,False,False,26253.520000000004,Current
LN-505523,CUST-107405,2025-02-28,0,0,False,False,4488.295000000001,Current
LN-505524,CUST-105397,2025-02-28,0,0,False,False,12601.37,Current
LN-505525,CUST-102810,2025-02-28,0,0,False,False,3964.117500000003,Current
LN-505526,CUST-101988,2025-02-28,0,0,False,False,29142.789999999994,Current
LN-505528,CUST-107773,2025-02-28,0,0,False,False,24396.0725,Current
LN-505529,CUST-102748,2025-02-28,0,0,False,False,32197.484999999993,Current
LN-505530,CUST-101804,2025-02-28,0,0,False,False,44579.37000000002,Current
LN-505531,CUST-101114,2025-02-28,0,0,False,False,41247.655000000006,Current
LN-505532,CUST-101369,2025-02-28,0,0,False,False,29124.109999999997,Current
LN-505533,CUST-104774,2025-02-28,0,0,False,False,22340.302500000005,Current
LN-505534,CUST-103876,2025-02-28,0,0,False,False,401370.80500000005,Current
LN-505535,CUST-104149,2025-02-28,0,0,False,False,19830.370000000006,Current
LN-505536,CUST-105518,2025-02-28,0,0,False,False,20826.819999999996,Current
LN-505537,CUST-103434,2025-02-28,0,0,False,False,437820.6125000001,Current
LN-505538,CUST-101308,2025-02-28,0,0,False,False,12203.3125,Current
LN-505541,CUST-104988,2025-02-28,0,0,False,False,21842.36,Current
LN-505543,CUST-107263,2025-02-28,0,0,False,False,12724.924999999996,Current
LN-505545,CUST-103783,2025-02-28,0,0,False,False,28044.897500000017,Current
LN-505546,CUST-106048,2025-02-28,0,0,False,False,49162.5325,Current
LN-505547,CUST-107877,2025-02-28,0,0,False,False,18859.469999999994,Current
LN-505548,CUST-102882,2025-02-28,0,0,False,False,14838.18,Current
LN-505549,CUST-104351,2025-02-28,0,0,False,False,40737.020000000004,Current
LN-505550,CUST-100823,2025-02-28,0,0,False,False,28968.034999999996,Current
LN-505551,CUST-103133,2025-02-28,0,0,False,False,5653.6475,Current
LN-505552,CUST-105294,2025-02-28,0,0,False,False,4110.482499999999,Current
LN-505553,CUST-105839,2025-02-28,0,0,False,False,2251.539999999999,Current
LN-505554,CUST-104305,2025-02-28,0,0,False,False,44679.00000000002,Current
LN-505555,CUST-103941,2025-02-28,0,0,False,False,30117.485000000004,Current
LN-505556,CUST-106171,2025-02-28,0,0,False,False,7263.199999999999,Current
LN-505557,CUST-103330,2025-02-28,0,0,False,False,6039.489999999998,Current
LN-505559,CUST-103230,2025-02-28,0,0,False,False,24484.659999999996,Current
LN-505560,CUST-102015,2025-02-28,0,0,False,False,48285.03499999999,Current
LN-505561,CUST-102600,2025-02-28,0,0,False,False,20705.74999999999,Current
LN-505562,CUST-100415,2025-02-28,0,0,False,False,42366.849999999984,Current
LN-505563,CUST-100751,2025-02-28,0,0,False,False,21188.3225,Current
LN-505564,CUST-102886,2025-02-28,0,0,False,False,93680.44000000003,Current
LN-505566,CUST-103693,2025-02-28,0,0,False,False,4919.280000000001,Current
LN-505568,CUST-105540,2025-02-28,0,0,False,False,25891.71749999999,Current
LN-505569,CUST-100568,2025-02-28,0,0,False,False,11214.247500000005,Current
LN-505571,CUST-103020,2025-02-28,0,0,False,False,4057.062499999997,Current
LN-505573,CUST-104174,2025-02-28,0,0,False,False,12786.650000000003,Current
LN-505575,CUST-102399,2025-02-28,0,0,False,False,321769.82,Current
LN-505576,CUST-105999,2025-02-28,0,0,False,False,12229.93,Current
LN-505577,CUST-105592,2025-02-28,0,0,False,False,21181.200000000015,Current
LN-505579,CUST-101518,2025-02-28,0,0,False,False,28820.2675,Current
LN-505580,CUST-106154,2025-02-28,1,7,False,False,43936.9925,1-29
LN-505581,CUST-107585,2025-02-28,0,0,False,False,8541.515,Current
LN-505585,CUST-107633,2025-02-28,0,0,False,False,31365.170000000002,Current
LN-505589,CUST-104359,2025-02-28,3,85,False,False,22001.05,60-89
LN-505590,CUST-107602,2025-02-28,0,0,False,False,19741.2625,Current
LN-505592,CUST-100653,2025-02-28,0,0,False,False,105604.27500000005,Current
LN-505593,CUST-100763,2025-02-28,0,0,False,False,28732.71,Current
LN-505594,CUST-103199,2025-02-28,0,0,False,False,13167.665000000003,Current
LN-505595,CUST-103383,2025-02-28,0,0,False,False,5949.025000000001,Current
LN-505596,CUST-101044,2025-02-28,1,21,False,False,10067.172500000006,1-29
LN-505597,CUST-103254,2025-02-28,0,0,False,False,396793.6699999999,Current
LN-505598,CUST-107822,2025-02-28,0,0,False,False,17321.820000000003,Current
LN-505600,CUST-102190,2025-02-28,0,0,False,False,7557.530000000006,Current
LN-505601,CUST-107644,2025-02-28,0,0,False,False,2932.9000000000015,Current
LN-505602,CUST-105131,2025-02-28,0,0,False,False,18345.045,Current
LN-505604,CUST-103702,2025-02-28,0,0,False,False,14539.114999999998,Current
LN-505605,CUST-102922,2025-02-28,0,0,False,False,117994.97,Current
LN-505606,CUST-102778,2025-02-28,0,0,False,False,43383.874999999985,Current
LN-505611,CUST-103210,2025-02-28,0,0,False,False,18572.24000000001,Current
LN-505612,CUST-106812,2025-02-28,0,0,False,False,27389.154999999988,Current
LN-505613,CUST-100515,2025-02-28,0,0,False,False,30616.479999999996,Current
LN-505615,CUST-107236,2025-02-28,0,0,False,False,21710.629999999997,Current
LN-505616,CUST-100954,2025-02-28,0,0,False,False,13877.495,Current
LN-505617,CUST-101406,2025-02-28,0,0,False,False,43277.729999999974,Current
LN-505619,CUST-100819,2025-02-28,0,0,False,False,12939.072499999995,Current
LN-505621,CUST-100179,2025-02-28,0,0,False,False,40346.59999999996,Current
LN-505622,CUST-106630,2025-02-28,0,0,False,False,5218.129999999999,Current
LN-505623,CUST-105944,2025-02-28,0,0,False,False,23664.03,Current
LN-505624,CUST-101878,2025-02-28,0,0,False,False,44709.11000000003,Current
LN-505625,CUST-105675,2025-02-28,1,13,False,False,62541.32249999998,1-29
LN-505627,CUST-107637,2025-02-28,0,0,False,False,13671.2,Current
LN-505628,CUST-102452,2025-02-28,0,0,False,False,438.90999999999985,Current
LN-505629,CUST-102141,2025-02-28,0,0,False,False,20309.839999999997,Current
LN-505632,CUST-105088,2025-02-28,0,0,False,False,39530.05,Current
LN-505633,CUST-102723,2025-02-28,0,0,False,False,258189.21000000005,Current
LN-505637,CUST-100966,2025-02-28,0,0,False,False,16779.822500000002,Current
LN-505638,CUST-106126,2025-02-28,0,0,False,False,332119.4200000002,Current
LN-505639,CUST-103815,2025-02-28,0,0,False,False,43367.57,Current
LN-505640,CUST-103903,2025-02-28,0,0,False,False,347374.565,Current
LN-505641,CUST-106772,2025-02-28,0,0,False,False,2553.125000000002,Current
LN-505643,CUST-104316,2025-02-28,0,0,False,False,26618.020000000004,Current
LN-505644,CUST-107805,2025-02-28,3,76,False,False,14054.32,60-89
LN-505645,CUST-105171,2025-02-28,0,0,False,False,24244.982499999987,Current
LN-505647,CUST-105103,2025-02-28,1,16,False,False,12963.5625,1-29
LN-505648,CUST-103888,2025-02-28,0,0,False,False,5776.897500000006,Current
LN-505649,CUST-107719,2025-02-28,0,0,False,False,13848.3275,Current
LN-505650,CUST-100116,2025-02-28,0,0,False,False,6357.032500000002,Current
LN-505651,CUST-105378,2025-02-28,0,0,False,False,31767.8375,Current
LN-505653,CUST-104039,2025-02-28,0,0,False,False,10393.272499999995,Current
LN-505654,CUST-105833,2025-02-28,0,0,False,False,13909.119999999999,Current
LN-505655,CUST-106287,2025-02-28,0,0,False,False,4412.729999999999,Current
LN-505656,CUST-100246,2025-02-28,0,0,False,False,30484.679999999993,Current
LN-505657,CUST-107125,2025-02-28,0,0,False,False,41599.95,Current
LN-505658,CUST-107403,2025-02-28,0,0,False,False,565475.79,Current
LN-505659,CUST-102219,2025-02-28,0,0,False,False,25251.35,Current
LN-505660,CUST-107218,2025-02-28,0,0,False,False,11304.610000000008,Current
LN-505662,CUST-104065,2025-02-28,0,0,False,False,24638.447500000002,Current
LN-505664,CUST-107029,2025-02-28,0,0,False,False,8861.145,Current
LN-505665,CUST-104813,2025-02-28,0,0,False,False,24489.90000000001,Current
LN-505667,CUST-106781,2025-02-28,0,0,False,False,92533.08999999997,Current
LN-505668,CUST-103842,2025-02-28,0,0,False,False,72885.98999999999,Current
LN-505669,CUST-100663,2025-02-28,0,0,False,False,5242.3425,Current
LN-505670,CUST-104210,2025-02-28,0,0,False,False,27380.434999999998,Current
LN-505671,CUST-100538,2025-02-28,0,0,False,False,84172.89749999998,Current
LN-505672,CUST-106532,2025-02-28,0,0,False,False,39631.88499999999,Current
LN-505673,CUST-104150,2025-02-28,0,0,False,False,15567.815000000002,Current
LN-505675,CUST-106483,2025-02-28,0,0,False,False,8650.86999999999,Current
LN-505676,CUST-104306,2025-02-28,0,0,False,False,42017.71000000001,Current
LN-505677,CUST-104499,2025-02-28,0,0,False,False,25048.2425,Current
LN-505678,CUST-105248,2025-02-28,0,0,False,False,22883.37499999999,Current
LN-505680,CUST-102063,2025-02-28,0,0,False,False,206988.92999999996,Current
LN-505681,CUST-104242,2025-02-28,0,0,False,False,42701.04999999999,Current
LN-505682,CUST-105139,2025-02-28,0,0,False,False,9673.459999999997,Current
LN-505683,CUST-105293,2025-02-28,0,0,False,False,21209.854999999992,Current
LN-505687,CUST-106260,2025-02-28,0,0,False,False,3282.94,Current
LN-505688,CUST-107402,2025-02-28,0,0,False,False,31607.20000000002,Current
LN-505689,CUST-101350,2025-02-28,0,0,False,False,12006.21,Current
LN-505690,CUST-102220,2025-02-28,0,0,False,False,22937.350000000006,Current
LN-505691,CUST-102041,2025-02-28,0,0,False,False,26639.539999999997,Current
LN-505692,CUST-105708,2025-02-28,0,0,False,False,26852.7125,Current
LN-505693,CUST-101899,2025-02-28,0,0,False,False,20725.287500000002,Current
LN-505694,CUST-106585,2025-02-28,0,0,False,False,28812.98000000001,Current
LN-505695,CUST-107930,2025-02-28,0,0,False,False,20445.879999999997,Current
LN-505696,CUST-103125,2025-02-28,0,0,False,False,17829.154999999995,Current
LN-505697,CUST-106952,2025-02-28,0,0,False,False,1458.0924999999997,Current
LN-505698,CUST-100975,2025-02-28,0,0,False,False,12329.914999999999,Current
LN-505699,CUST-107624,2025-02-28,0,0,False,False,11156.247499999998,Current
LN-505700,CUST-102930,2025-02-28,0,0,False,False,6214.527500000001,Current
LN-505701,CUST-100195,2025-02-28,0,0,False,False,27658.970000000005,Current
LN-505702,CUST-101652,2025-02-28,0,0,False,False,5541.987499999997,Current
LN-505703,CUST-105703,2025-02-28,0,0,False,False,35334.31500000002,Current
LN-505705,CUST-105992,2025-02-28,0,0,False,False,11361.700000000003,Current
LN-505706,CUST-103305,2025-02-28,0,0,False,False,24061.920000000006,Current
LN-505707,CUST-100570,2025-02-28,0,0,False,False,12789.405000000002,Current
LN-505710,CUST-104577,2025-02-28,0,0,False,False,15560.362500000003,Current
LN-505711,CUST-106351,2025-02-28,0,0,False,False,39253.00249999999,Current
LN-505713,CUST-107808,2025-02-28,0,0,False,False,4441.110000000002,Current
LN-505714,CUST-104596,2025-02-28,0,0,False,False,3945.522499999998,Current
LN-505715,CUST-104402,2025-02-28,0,0,False,False,8679.159999999996,Current
LN-505719,CUST-102325,2025-02-28,2,41,False,False,35674.47000000001,30-59
LN-505721,CUST-104894,2025-02-28,0,0,False,False,9756.890000000009,Current
LN-505722,CUST-107438,2025-02-28,0,0,False,False,4333.609999999997,Current
LN-505723,CUST-100347,2025-02-28,0,0,False,False,21910.88,Current
LN-505724,CUST-103838,2025-02-28,0,0,False,False,54790.635,Current
LN-505726,CUST-106292,2025-02-28,0,0,False,False,50936.17,Current
LN-505727,CUST-105782,2025-02-28,0,0,False,False,6806.525000000002,Current
LN-505728,CUST-101460,2025-02-28,0,0,False,False,39394.462499999965,Current
LN-505729,CUST-105087,2025-02-28,1,16,False,False,12295.134999999993,1-29
LN-505732,CUST-102746,2025-02-28,0,0,False,False,33264.4625,Current
LN-505734,CUST-100984,2025-02-28,0,0,False,False,15657.465000000007,Current
LN-505736,CUST-106177,2025-02-28,0,0,False,False,16957.042500000003,Current
LN-505737,CUST-106888,2025-02-28,0,0,False,False,28084.502500000002,Current
LN-505738,CUST-104551,2025-02-28,0,0,False,False,5787.545000000004,Current
LN-505739,CUST-101217,2025-02-28,0,0,False,False,604709.32,Current
LN-505741,CUST-101698,2025-02-28,0,0,False,False,5536.639999999999,Current
LN-505743,CUST-106067,2025-02-28,0,0,False,False,23808.175000000003,Current
LN-505745,CUST-105994,2025-02-28,0,0,False,False,9091.1925,Current
LN-505747,CUST-101138,2025-02-28,0,0,False,False,22819.53750000001,Current
LN-505748,CUST-103448,2025-02-28,0,0,False,False,27404.67,Current
LN-505749,CUST-103811,2025-02-28,0,0,False,False,3174.9500000000016,Current
LN-505750,CUST-102299,2025-02-28,4,116,False,False,12162.065000000004,90+
LN-505752,CUST-101229,2025-02-28,0,0,False,False,609178.42,Current
LN-505753,CUST-101883,2025-02-28,0,0,False,False,44068.745,Current
LN-505754,CUST-100473,2025-02-28,0,0,False,False,23243.110000000004,Current
LN-505755,CUST-106886,2025-02-28,0,0,False,False,12040.259999999998,Current
LN-505757,CUST-105979,2025-02-28,0,0,False,False,118383.93500000007,Current
LN-505758,CUST-105402,2025-02-28,0,0,False,False,15589.57,Current
LN-505759,CUST-106079,2025-02-28,0,0,False,False,14000.940000000002,Current
LN-505760,CUST-100475,2025-02-28,0,0,False,False,35333.01999999999,Current
LN-505761,CUST-105485,2025-02-28,0,0,False,False,6843.1825,Current
LN-505762,CUST-102805,2025-02-28,0,0,False,False,29889.109999999997,Current
LN-505763,CUST-102712,2025-02-28,0,0,False,False,7344.359999999999,Current
LN-505764,CUST-107458,2025-02-28,0,0,False,False,11510.069999999998,Current
LN-505766,CUST-105677,2025-02-28,0,0,False,False,34377.96,Current
LN-505767,CUST-102116,2025-02-28,0,0,False,False,32292.36,Current
LN-505768,CUST-104519,2025-02-28,0,0,False,False,21085.25,Current
LN-505769,CUST-100448,2025-02-28,0,0,False,False,19704.650000000005,Current
LN-505770,CUST-107140,2025-02-28,0,0,False,False,25783.45,Current
LN-505771,CUST-101002,2025-02-28,0,0,False,False,16044.497499999998,Current
LN-505772,CUST-106049,2025-02-28,0,0,False,False,43148.52000000002,Current
LN-505774,CUST-106680,2025-02-28,0,0,False,False,27670.574999999993,Current
LN-505775,CUST-107483,2025-02-28,0,0,False,False,26705.027500000004,Current
LN-505776,CUST-106082,2025-02-28,0,0,False,False,5029.1275000000005,Current
LN-505777,CUST-100341,2025-02-28,0,0,False,False,21782.6925,Current
LN-505778,CUST-103876,2025-02-28,0,0,False,False,90119.71000000006,Current
LN-505779,CUST-104937,2025-02-28,0,0,False,False,46168.515000000036,Current
LN-505781,CUST-106919,2025-02-28,0,0,False,False,7637.352499999999,Current
LN-505782,CUST-100425,2025-02-28,0,0,False,False,45646.24750000002,Current
LN-505783,CUST-107865,2025-02-28,0,0,False,False,37659.045,Current
LN-505784,CUST-102899,2025-02-28,0,0,False,False,13092.424999999996,Current
LN-505785,CUST-101876,2025-02-28,0,0,False,False,45402.095,Current
LN-505786,CUST-100072,2025-02-28,0,0,False,False,48471.24749999999,Current
LN-505787,CUST-106650,2025-02-28,0,0,False,False,4018.2275000000004,Current
LN-505788,CUST-102410,2025-02-28,0,0,False,False,11813.770000000002,Current
LN-505789,CUST-100050,2025-02-28,3,87,False,False,9043.442499999997,60-89
LN-505790,CUST-101417,2025-02-28,0,0,False,False,12210.195000000003,Current
LN-505791,CUST-101388,2025-02-28,0,0,False,False,42270.94000000003,Current
LN-505792,CUST-102075,2025-02-28,0,0,False,False,2437.380000000002,Current
LN-505795,CUST-107542,2025-02-28,0,0,False,False,17406.07,Current
LN-505796,CUST-107528,2025-02-28,0,0,False,False,51713.825000000004,Current
LN-505798,CUST-106511,2025-02-28,0,0,False,False,30473.172499999997,Current
LN-505799,CUST-107591,2025-02-28,0,0,False,False,7395.160000000002,Current
LN-505800,CUST-104022,2025-02-28,0,0,False,False,16623.69500000001,Current
LN-505801,CUST-103039,2025-02-28,4,146,False,False,10378.510000000002,90+
LN-505803,CUST-107176,2025-02-28,0,0,False,False,2262.2599999999984,Current
LN-505804,CUST-106779,2025-02-28,0,0,False,False,9551.169999999993,Current
LN-505808,CUST-102183,2025-02-28,0,0,False,False,3181.895,Current
LN-505809,CUST-107198,2025-02-28,3,76,False,False,450041.45,60-89
LN-505810,CUST-105391,2025-02-28,0,0,False,False,28843.415000000005,Current
LN-505813,CUST-103222,2025-02-28,0,0,False,False,116040.28749999995,Current
LN-505814,CUST-102229,2025-02-28,0,0,False,False,8180.582499999995,Current
LN-505815,CUST-101571,2025-02-28,0,0,False,False,24829.879999999997,Current
LN-505816,CUST-101509,2025-02-28,2,49,False,False,52074.385,30-59
LN-505817,CUST-105356,2025-02-28,0,0,False,False,42781.24000000003,Current
LN-505818,CUST-101517,2025-02-28,0,0,False,False,6050.030000000001,Current
LN-505819,CUST-100822,2025-02-28,0,0,False,False,36455.34,Current
LN-505820,CUST-102371,2025-02-28,0,0,False,False,30501.849999999995,Current
LN-505822,CUST-104038,2025-02-28,0,0,False,False,47898.65,Current
LN-505823,CUST-100955,2025-02-28,0,0,False,False,526708.79,Current
LN-505824,CUST-106872,2025-02-28,0,0,False,False,45559.01500000001,Current
LN-505825,CUST-107532,2025-02-28,0,0,False,False,62560.33,Current
LN-505826,CUST-101930,2025-02-28,0,0,False,False,30850.8325,Current
LN-505827,CUST-107044,2025-02-28,0,0,False,False,13128.659999999998,Current
LN-505828,CUST-104683,2025-02-28,0,0,False,False,17437.200000000015,Current
LN-505829,CUST-107668,2025-02-28,0,0,False,False,2922.7125,Current
LN-505831,CUST-105330,2025-02-28,0,0,False,False,21657.310000000016,Current
LN-505832,CUST-102045,2025-02-28,0,0,False,False,23128.86,Current
LN-505833,CUST-105347,2025-02-28,1,15,False,False,31508.260000000002,1-29
LN-505834,CUST-104529,2025-02-28,0,0,False,False,14738.295000000002,Current
LN-505835,CUST-104109,2025-02-28,0,0,False,False,15200.175,Current
LN-505836,CUST-105809,2025-02-28,0,0,False,False,45838.435000000005,Current
LN-505837,CUST-105948,2025-02-28,0,0,False,False,25221.605000000007,Current
LN-505838,CUST-102456,2025-02-28,0,0,False,False,49301.27,Current
LN-505839,CUST-103542,2025-02-28,0,0,False,False,4628.787499999999,Current
LN-505840,CUST-102281,2025-02-28,0,0,False,False,20687.520000000008,Current
LN-505841,CUST-106219,2025-02-28,0,0,False,False,31240.184999999998,Current
LN-505842,CUST-104299,2025-02-28,0,0,False,False,10890.609999999999,Current
LN-505843,CUST-105123,2025-02-28,0,0,False,False,21597.69,Current
LN-505844,CUST-106893,2025-02-28,0,0,False,False,8951.560000000003,Current
LN-505846,CUST-100739,2025-02-28,0,0,False,False,6575.332499999999,Current
LN-505847,CUST-100316,2025-02-28,0,0,False,False,83858.83750000002,Current
LN-505848,CUST-103756,2025-02-28,0,0,False,False,20063.28,Current
LN-505849,CUST-102904,2025-02-28,0,0,False,False,15391.450000000012,Current
LN-505850,CUST-100600,2025-02-28,0,0,False,False,16625.027500000007,Current
LN-505851,CUST-100525,2025-02-28,0,0,False,False,10051.289999999994,Current
LN-505853,CUST-103096,2025-02-28,0,0,False,False,13796.139999999998,Current
LN-505854,CUST-107415,2025-02-28,0,0,False,False,3073.8250000000007,Current
LN-505855,CUST-100105,2025-02-28,0,0,False,False,16581.739999999994,Current
LN-505857,CUST-102925,2025-02-28,0,0,False,False,10456.474999999997,Current
LN-505858,CUST-100185,2025-02-28,0,0,False,False,43844.07000000002,Current
LN-505859,CUST-101038,2025-02-28,0,0,False,False,20166.504999999994,Current
LN-505860,CUST-100755,2025-02-28,0,0,False,False,35497.212499999994,Current
LN-505861,CUST-104606,2025-02-28,0,0,False,False,20960.900000000005,Current
LN-505862,CUST-102076,2025-02-28,0,0,False,False,11615.915,Current
LN-505863,CUST-104637,2025-02-28,0,0,False,False,22454.930000000008,Current
LN-505865,CUST-105583,2025-02-28,0,0,False,False,14163.862500000001,Current
LN-505867,CUST-101318,2025-02-28,0,0,False,False,18686.710000000003,Current
LN-505868,CUST-102093,2025-02-28,0,0,False,False,28302.570000000007,Current
LN-505869,CUST-107039,2025-02-28,0,0,False,False,117256.89499999999,Current
LN-505870,CUST-105469,2025-02-28,0,0,False,False,353951.4600000001,Current
LN-505871,CUST-100433,2025-02-28,0,0,False,False,44696.82000000001,Current
LN-505872,CUST-106606,2025-02-28,0,0,False,False,10593.720000000007,Current
LN-505874,CUST-103422,2025-02-28,0,0,False,False,6693.935000000002,Current
LN-505875,CUST-106024,2025-02-28,3,87,False,False,46043.695,60-89
LN-505877,CUST-107617,2025-02-28,0,0,False,False,16281.129999999992,Current
LN-505878,CUST-105426,2025-02-28,0,0,False,False,47798.64,Current
LN-505879,CUST-103672,2025-02-28,0,0,False,False,43419.50750000001,Current
LN-505880,CUST-104396,2025-02-28,0,0,False,False,29979.69750000001,Current
LN-505882,CUST-106912,2025-02-28,0,0,False,False,19120.239999999998,Current
LN-505884,CUST-104893,2025-02-28,0,0,False,False,8823.279999999999,Current
LN-505885,CUST-107858,2025-02-28,0,0,False,False,21741.449999999997,Current
LN-505886,CUST-101739,2025-02-28,0,0,False,False,1465.2199999999993,Current
LN-505887,CUST-106026,2025-02-28,0,0,False,False,30300.749999999996,Current
LN-505889,CUST-105017,2025-02-28,0,0,False,False,17082.55000000001,Current
LN-505890,CUST-102115,2025-02-28,0,0,False,False,57768.58,Current
LN-505892,CUST-103897,2025-02-28,0,0,False,False,7240.3925,Current
LN-505893,CUST-101998,2025-02-28,0,0,False,False,16369.600000000008,Current
LN-505894,CUST-100022,2025-02-28,0,0,False,False,7040.1775,Current
LN-505895,CUST-103946,2025-02-28,0,0,False,False,20632.420000000002,Current
LN-505896,CUST-106218,2025-02-28,0,0,False,False,2909.5174999999995,Current
LN-505898,CUST-105360,2025-02-28,0,0,False,False,32312.12750000001,Current
LN-505900,CUST-105431,2025-02-28,0,0,False,False,26494.66750000001,Current
LN-505901,CUST-102542,2025-02-28,0,0,False,False,25224.090000000015,Current
LN-505902,CUST-105869,2025-02-28,0,0,False,False,32407.19750000002,Current
LN-505903,CUST-104238,2025-02-28,0,0,False,False,12696.6425,Current
LN-505904,CUST-101004,2025-02-28,0,0,False,False,20150.5725,Current
LN-505905,CUST-100518,2025-02-28,0,0,False,False,1288.6875000000007,Current
LN-505906,CUST-102504,2025-02-28,0,0,False,False,42812.92,Current
LN-505907,CUST-105098,2025-02-28,0,0,False,False,22347.48,Current
LN-505908,CUST-100746,2025-02-28,0,0,False,False,26907.899999999998,Current
LN-505909,CUST-107510,2025-02-28,0,0,False,False,12880.5,Current
LN-505910,CUST-105178,2025-02-28,0,0,False,False,20328.46,Current
LN-505911,CUST-103087,2025-02-28,0,0,False,False,14144.729999999992,Current
LN-505912,CUST-101682,2025-02-28,0,0,False,False,24599.517500000013,Current
LN-505913,CUST-101800,2025-02-28,0,0,False,False,3187.0475,Current
LN-505914,CUST-103179,2025-02-28,0,0,False,False,633690.7950000003,Current
LN-505915,CUST-107461,2025-02-28,0,0,False,False,13212.097500000003,Current
LN-505916,CUST-100180,2025-02-28,0,0,False,False,30113.177499999994,Current
LN-505917,CUST-104586,2025-02-28,4,98,False,False,21260.749999999996,90+
LN-505918,CUST-107040,2025-02-28,0,0,False,False,20353.37999999999,Current
LN-505919,CUST-101377,2025-02-28,0,0,False,False,6546.427500000005,Current
LN-505920,CUST-100979,2025-02-28,0,0,False,False,12349.679999999995,Current
LN-505921,CUST-105868,2025-02-28,0,0,False,False,40971.320000000014,Current
LN-505926,CUST-104585,2025-02-28,0,0,False,False,24312.62000000001,Current
LN-505927,CUST-102626,2025-02-28,0,0,False,False,41866.05000000001,Current
LN-505928,CUST-105137,2025-02-28,0,0,False,False,20553.997499999998,Current
LN-505930,CUST-104747,2025-02-28,0,0,False,False,5605.692500000001,Current
LN-505932,CUST-106303,2025-02-28,0,0,False,False,39185.65999999996,Current
LN-505933,CUST-100779,2025-02-28,0,0,False,False,8640.20750000001,Current
LN-505937,CUST-105898,2025-02-28,0,0,False,False,2706.6974999999993,Current
LN-505940,CUST-107100,2025-02-28,0,0,False,False,50744.9825,Current
LN-505941,CUST-100431,2025-02-28,0,0,False,False,10051.7925,Current
LN-505942,CUST-106775,2025-02-28,0,0,False,False,2308.7924999999987,Current
LN-505943,CUST-102777,2025-02-28,0,0,False,False,12672.492499999998,Current
LN-505944,CUST-104010,2025-02-28,0,0,False,False,4784.4775,Current
LN-505945,CUST-102827,2025-02-28,0,0,False,False,2489.560000000002,Current
LN-505946,CUST-105106,2025-02-28,0,0,False,False,20057.26,Current
LN-505947,CUST-104766,2025-02-28,0,0,False,False,19940.05,Current
LN-505948,CUST-106264,2025-02-28,0,0,False,False,473535.4200000002,Current
LN-505951,CUST-104636,2025-02-28,0,0,False,False,15525.8625,Current
LN-505952,CUST-101007,2025-02-28,0,0,False,False,31158.324999999997,Current
LN-505953,CUST-101613,2025-02-28,0,0,False,False,47048.354999999996,Current
LN-505954,CUST-106949,2025-02-28,0,0,False,False,10081.75,Current
LN-505956,CUST-103082,2025-02-28,1,20,False,False,553781.0549999999,1-29
LN-505957,CUST-103571,2025-02-28,0,0,False,False,24468.582499999997,Current
LN-505961,CUST-101627,2025-02-28,0,0,False,False,13726.714999999998,Current
LN-505963,CUST-106908,2025-02-28,0,0,False,False,25743.88,Current
LN-505964,CUST-101568,2025-02-28,4,163,False,False,10083.259999999998,90+
LN-505965,CUST-102599,2025-02-28,0,0,False,False,39722.569999999985,Current
LN-505966,CUST-100829,2025-02-28,0,0,False,False,15078.729999999998,Current
LN-505968,CUST-107770,2025-02-28,0,0,False,False,41210.345,Current
LN-505969,CUST-107965,2025-02-28,0,0,False,False,49119.27,Current
LN-505970,CUST-107525,2025-02-28,0,0,False,False,38991.03999999998,Current
LN-505971,CUST-107265,2025-02-28,0,0,False,False,5817.815000000001,Current
LN-505972,CUST-107366,2025-02-28,0,0,False,False,1020.2449999999999,Current
LN-505976,CUST-104125,2025-02-28,0,0,False,False,59469.465,Current
LN-505977,CUST-107788,2025-02-28,0,0,False,False,40491.08749999999,Current
LN-505979,CUST-101067,2025-02-28,0,0,False,False,19249.94000000001,Current
LN-505980,CUST-106864,2025-02-28,0,0,False,False,40431.31500000002,Current
LN-505982,CUST-105757,2025-02-28,0,0,False,False,16268.20500000001,Current
LN-505983,CUST-101704,2025-02-28,0,0,False,False,40234.17500000001,Current
LN-505984,CUST-100122,2025-02-28,0,0,False,False,58622.1225,Current
LN-505985,CUST-101884,2025-02-28,0,0,False,False,47022.36,Current
LN-505986,CUST-105000,2025-02-28,0,0,False,False,21324.597500000003,Current
LN-505987,CUST-107464,2025-02-28,0,0,False,False,17407.305,Current
LN-505988,CUST-103322,2025-02-28,0,0,False,False,31117.945000000007,Current
LN-505989,CUST-105087,2025-02-28,4,146,False,False,8927.139999999996,90+
LN-505990,CUST-105458,2025-02-28,0,0,False,False,8457.997500000001,Current
LN-505991,CUST-102866,2025-02-28,0,0,False,False,12056.309999999996,Current
LN-505993,CUST-106778,2025-02-28,0,0,False,False,37262.91999999999,Current
LN-505994,CUST-104422,2025-02-28,0,0,False,False,11289.395000000008,Current
LN-505995,CUST-105289,2025-02-28,0,0,False,False,8223.250000000002,Current
LN-505996,CUST-107707,2025-02-28,0,0,False,False,16015.137499999997,Current
LN-505997,CUST-103770,2025-02-28,0,0,False,False,31643.270000000004,Current
LN-505998,CUST-100535,2025-02-28,0,0,False,False,18415.864999999998,Current
LN-505999,CUST-102932,2025-02-28,0,0,False,False,2607.67,Current
LN-506000,CUST-106794,2025-02-28,0,0,False,False,9638.167500000003,Current
LN-506002,CUST-103238,2025-02-28,0,0,False,False,851.3100000000002,Current
LN-506003,CUST-104025,2025-02-28,0,0,False,False,13896.774999999994,Current
LN-506004,CUST-107855,2025-02-28,0,0,False,False,12666.637500000003,Current
LN-506005,CUST-100476,2025-02-28,0,0,False,False,11242.995000000008,Current
LN-506006,CUST-102032,2025-02-28,0,0,False,False,15842.857500000006,Current
LN-506009,CUST-105438,2025-02-28,0,0,False,False,4827.734999999999,Current
LN-506010,CUST-104684,2025-02-28,0,0,False,False,3860.4500000000007,Current
LN-506011,CUST-105608,2025-02-28,0,0,False,False,14973.35999999999,Current
LN-506012,CUST-103835,2025-02-28,0,0,False,False,26721.487500000003,Current
LN-506013,CUST-101842,2025-02-28,0,0,False,False,2427.9525000000003,Current
LN-506014,CUST-101751,2025-02-28,0,0,False,False,14058.282499999998,Current
LN-506015,CUST-102605,2025-02-28,0,0,False,False,22224.61,Current
LN-506016,CUST-105872,2025-02-28,0,0,False,False,5530.772500000001,Current
LN-506017,CUST-105534,2025-02-28,0,0,False,False,3630.8149999999996,Current
LN-506018,CUST-106468,2025-02-28,0,0,False,False,13571.674999999997,Current
LN-506019,CUST-101561,2025-02-28,0,0,False,False,84723.60500000003,Current
LN-506023,CUST-100737,2025-02-28,2,35,False,False,99395.87499999999,30-59
LN-506024,CUST-106602,2025-02-28,0,0,False,False,5023.767500000003,Current
LN-506025,CUST-103721,2025-02-28,0,0,False,False,11686.519999999997,Current
LN-506026,CUST-101958,2025-02-28,0,0,False,False,295922.355,Current
LN-506027,CUST-101228,2025-02-28,0,0,False,False,42148.82499999999,Current
LN-506028,CUST-104742,2025-02-28,0,0,False,False,8526.02,Current
LN-506030,CUST-105843,2025-02-28,0,0,False,False,265607.5150000003,Current
LN-506031,CUST-107540,2025-02-28,0,0,False,False,79767.79249999995,Current
LN-506032,CUST-100306,2025-02-28,0,0,True,False,21542.49999999999,Current
LN-506033,CUST-106802,2025-02-28,0,0,False,False,140953.05999999997,Current
LN-506034,CUST-106988,2025-02-28,0,0,False,False,39483.15000000003,Current
LN-506035,CUST-107809,2025-02-28,0,0,False,False,35755.86,Current
LN-506036,CUST-100553,2025-02-28,0,0,False,False,9052.360000000002,Current
LN-506037,CUST-107531,2025-02-28,0,0,False,False,26839.74000000002,Current
LN-506038,CUST-100092,2025-02-28,0,0,False,False,24891.254999999997,Current
LN-506039,CUST-102605,2025-02-28,0,0,False,False,54202.06,Current
LN-506040,CUST-101190,2025-02-28,0,0,False,False,12032.43,Current
LN-506041,CUST-102853,2025-02-28,1,16,True,False,49510.76499999998,1-29
LN-506043,CUST-100907,2025-02-28,0,0,False,False,34951.87000000002,Current
LN-506044,CUST-107824,2025-02-28,0,0,False,False,25162.690000000002,Current
LN-506046,CUST-100465,2025-02-28,0,0,False,False,11287.614999999998,Current
LN-506047,CUST-103501,2025-02-28,0,0,False,False,40303.44500000001,Current
LN-506048,CUST-100674,2025-02-28,3,67,False,False,7788.09,60-89
LN-506049,CUST-102042,2025-02-28,0,0,False,False,7309.405000000004,Current
LN-506050,CUST-103813,2025-02-28,0,0,False,False,22035.857500000013,Current
LN-506051,CUST-106871,2025-02-28,0,0,False,False,16212.835000000006,Current
LN-506052,CUST-101747,2025-02-28,0,0,False,False,34990.65,Current
LN-506054,CUST-106360,2025-02-28,1,26,False,False,24335.975,1-29
LN-506056,CUST-102897,2025-02-28,0,0,False,False,15257.075000000008,Current
LN-506057,CUST-105360,2025-02-28,0,0,False,False,7959.560000000001,Current
LN-506058,CUST-101496,2025-02-28,0,0,False,False,9275.614999999996,Current
LN-506059,CUST-100410,2025-02-28,0,0,False,False,44073.682499999966,Current
LN-506061,CUST-102109,2025-02-28,1,27,False,False,38878.21999999999,1-29
LN-506063,CUST-102610,2025-02-28,0,0,False,False,25688.090000000004,Current
LN-506064,CUST-103016,2025-02-28,0,0,False,False,17229.10499999998,Current
LN-506065,CUST-107347,2025-02-28,0,0,False,False,23973.865000000016,Current
LN-506066,CUST-102567,2025-02-28,0,0,False,False,18397.867500000008,Current
LN-506067,CUST-102472,2025-02-28,0,0,False,False,51421.5175,Current
LN-506069,CUST-100003,2025-02-28,1,10,False,False,42491.67500000003,1-29
LN-506071,CUST-105522,2025-02-28,0,0,False,False,19330.02,Current
LN-506072,CUST-100395,2025-02-28,0,0,False,False,8395.752500000004,Current
LN-506073,CUST-104458,2025-02-28,0,0,False,False,11372.2,Current
LN-506074,CUST-106635,2025-02-28,0,0,False,False,8263.340000000002,Current
LN-506075,CUST-104511,2025-02-28,0,0,False,False,17363.66500000001,Current
LN-506076,CUST-101879,2025-02-28,0,0,False,False,12959.66,Current
LN-506077,CUST-102372,2025-02-28,0,0,False,False,15086.989999999998,Current
LN-506080,CUST-103307,2025-02-28,0,0,False,False,19755.97,Current
LN-506081,CUST-101238,2025-02-28,0,0,False,False,141836.39250000013,Current
LN-506083,CUST-107192,2025-02-28,0,0,False,False,134006.08750000002,Current
LN-506084,CUST-107999,2025-02-28,0,0,False,False,11053.752500000004,Current
LN-506085,CUST-105143,2025-02-28,0,0,False,False,9551.439999999997,Current
LN-506086,CUST-102589,2025-02-28,0,0,False,False,25711.137499999997,Current
LN-506088,CUST-102317,2025-02-28,0,0,False,False,8275.794999999996,Current
LN-506089,CUST-101462,2025-02-28,0,0,False,False,20146.797499999982,Current
LN-506090,CUST-103680,2025-02-28,0,0,False,False,2008.6450000000002,Current
LN-506091,CUST-101194,2025-02-28,0,0,False,False,6447.199999999997,Current
LN-506092,CUST-106848,2025-02-28,0,0,True,False,17090.119999999995,Current
LN-506095,CUST-106229,2025-02-28,0,0,False,False,5130.369999999999,Current
LN-506096,CUST-107194,2025-02-28,0,0,False,False,8994.53249999999,Current
LN-506097,CUST-105463,2025-02-28,0,0,False,False,16315.210000000003,Current
LN-506103,CUST-101950,2025-02-28,0,0,False,False,5571.0775,Current
LN-506104,CUST-103276,2025-02-28,0,0,False,False,3911.6699999999983,Current
LN-506105,CUST-107534,2025-02-28,1,18,False,False,9118.650000000003,1-29
LN-506106,CUST-101651,2025-02-28,0,0,False,False,14138.540000000008,Current
LN-506108,CUST-104175,2025-02-28,4,127,False,False,42694.905,90+
LN-506109,CUST-104361,2025-02-28,0,0,False,False,8804.789999999999,Current
LN-506110,CUST-107584,2025-02-28,0,0,False,False,45782.98,Current
LN-506111,CUST-100956,2025-02-28,0,0,False,False,12507.859999999995,Current
LN-506112,CUST-105962,2025-02-28,0,0,False,False,20762.25,Current
LN-506113,CUST-104869,2025-02-28,0,0,False,False,14463.380000000001,Current
LN-506114,CUST-104840,2025-02-28,0,0,False,False,12813.029999999999,Current
LN-506115,CUST-102122,2025-02-28,0,0,False,False,18484.919999999987,Current
LN-506116,CUST-100706,2025-02-28,0,0,False,False,3262.719999999999,Current
LN-506117,CUST-107309,2025-02-28,0,0,False,False,3882.465000000004,Current
LN-506118,CUST-103536,2025-02-28,0,0,False,False,333366.3799999999,Current
LN-506120,CUST-106159,2025-02-28,0,0,False,False,15124.95250000001,Current
LN-506121,CUST-101110,2025-02-28,0,0,True,False,6602.909999999998,Current
LN-506122,CUST-107439,2025-02-28,0,0,False,False,10159.9875,Current
LN-506123,CUST-105710,2025-02-28,0,0,False,False,15088.647499999992,Current
LN-506124,CUST-103197,2025-02-28,0,0,False,False,22943.87250000001,Current
LN-506125,CUST-103597,2025-02-28,0,0,False,False,41565.86000000001,Current
LN-506126,CUST-105956,2025-02-28,0,0,False,False,4397.515,Current
LN-506127,CUST-107082,2025-02-28,0,0,False,False,2797.6324999999993,Current
LN-506128,CUST-102760,2025-02-28,0,0,False,False,6704.269999999997,Current
LN-506129,CUST-107507,2025-02-28,0,0,False,False,7106.897499999997,Current
LN-506130,CUST-102885,2025-02-28,0,0,False,False,42557.61249999999,Current
LN-506132,CUST-101705,2025-02-28,0,0,False,False,2193.774999999999,Current
LN-506133,CUST-104213,2025-02-28,0,0,False,False,148431.15000000008,Current
LN-506135,CUST-106224,2025-02-28,0,0,False,False,33393.42,Current
LN-506136,CUST-105746,2025-02-28,0,0,False,False,21095.285000000003,Current
LN-506137,CUST-102660,2025-02-28,0,0,False,False,12128.317500000001,Current
LN-506138,CUST-107951,2025-02-28,0,0,False,False,117561.35000000003,Current
LN-506139,CUST-107951,2025-02-28,0,0,False,False,13215.159999999998,Current
LN-506141,CUST-101678,2025-02-28,1,4,False,False,44906.2,1-29
LN-506142,CUST-100712,2025-02-28,0,0,False,False,5856.720000000001,Current
LN-506143,CUST-107517,2025-02-28,0,0,False,False,3934.25,Current
LN-506145,CUST-101650,2025-02-28,0,0,False,False,10234.352499999995,Current
LN-506147,CUST-103942,2025-02-28,0,0,False,False,38086.93000000001,Current
LN-506148,CUST-100281,2025-02-28,0,0,False,False,33703.455,Current
LN-506150,CUST-103949,2025-02-28,0,0,False,False,7139.135,Current
LN-506153,CUST-102128,2025-02-28,0,0,False,False,12830.329999999996,Current
LN-506154,CUST-102952,2025-02-28,0,0,False,False,15231.86,Current
LN-506155,CUST-101964,2025-02-28,0,0,False,False,35271.02000000001,Current
LN-506156,CUST-102900,2025-02-28,0,0,False,False,24694.55749999999,Current
LN-506157,CUST-101934,2025-02-28,0,0,False,False,120174.35999999999,Current
LN-506158,CUST-106952,2025-02-28,0,0,False,False,29916.219999999994,Current
LN-506161,CUST-102154,2025-02-28,0,0,False,False,28034.780000000013,Current
LN-506162,CUST-106261,2025-02-28,0,0,False,False,20318.275000000012,Current
LN-506163,CUST-107407,2025-02-28,0,0,False,False,11597.8,Current
LN-506164,CUST-100769,2025-02-28,0,0,False,False,10681.069999999996,Current
LN-506165,CUST-102746,2025-02-28,0,0,False,False,28927.65999999999,Current
LN-506166,CUST-106657,2025-02-28,0,0,False,False,409818.8575,Current
LN-506167,CUST-103300,2025-02-28,0,0,False,False,31573.564999999995,Current
LN-506168,CUST-107114,2025-02-28,0,0,False,False,25539.07,Current
LN-506169,CUST-106215,2025-02-28,0,0,False,False,19136.13,Current
LN-506170,CUST-104818,2025-02-28,0,0,False,False,142372.42,Current
LN-506171,CUST-104495,2025-02-28,0,0,False,False,17659.51749999999,Current
LN-506172,CUST-100813,2025-02-28,0,0,False,False,42704.37000000001,Current
LN-506173,CUST-107831,2025-02-28,0,0,False,False,8474.925000000003,Current
LN-506174,CUST-101715,2025-02-28,0,0,False,False,4501.899999999999,Current
LN-506175,CUST-101931,2025-02-28,0,0,False,False,23065.5,Current
LN-506176,CUST-103345,2025-02-28,0,0,False,False,9687.509999999998,Current
LN-506177,CUST-106029,2025-02-28,0,0,False,False,103104.16499999992,Current
LN-506178,CUST-102376,2025-02-28,0,0,False,False,4578.950000000001,Current
LN-506179,CUST-100974,2025-02-28,0,0,False,False,33551.91,Current
LN-506181,CUST-101953,2025-02-28,0,0,False,False,10733.592499999999,Current
LN-506182,CUST-105842,2025-02-28,0,0,False,False,2797.307500000001,Current
LN-506184,CUST-106033,2025-02-28,0,0,False,False,16892.67500000001,Current
LN-506187,CUST-103559,2025-02-28,2,38,False,False,18009.370000000003,30-59
LN-506188,CUST-101158,2025-02-28,0,0,False,False,35589.76000000003,Current
LN-506189,CUST-101736,2025-02-28,0,0,False,False,4866.445000000004,Current
LN-506190,CUST-101187,2025-02-28,0,0,False,False,13810.9825,Current
LN-506191,CUST-106932,2025-02-28,0,0,False,False,144605.905,Current
LN-506192,CUST-103943,2025-02-28,0,0,False,False,13431.479999999996,Current
LN-506193,CUST-105449,2025-02-28,0,0,False,False,20569.414999999997,Current
LN-506194,CUST-103229,2025-02-28,0,0,False,False,10726.365000000003,Current
LN-506195,CUST-106134,2025-02-28,0,0,False,False,41221.712499999965,Current
LN-506197,CUST-100285,2025-02-28,0,0,False,False,146781.08750000005,Current
LN-506199,CUST-101477,2025-02-28,0,0,False,False,6509.760000000001,Current
LN-506201,CUST-102303,2025-02-28,0,0,False,False,26878.12750000001,Current
LN-506203,CUST-104042,2025-02-28,0,0,False,False,27245.545,Current
LN-506204,CUST-102270,2025-02-28,0,0,False,False,23334.039999999994,Current
LN-506205,CUST-107807,2025-02-28,0,0,False,False,20134.97000000001,Current
LN-506206,CUST-103022,2025-02-28,0,0,False,False,16826.16,Current
LN-506207,CUST-107488,2025-02-28,0,0,False,False,10448.327499999998,Current
LN-506208,CUST-102659,2025-02-28,0,0,False,False,49495.28499999999,Current
LN-506209,CUST-103083,2025-02-28,0,0,False,False,14660.005000000005,Current
LN-506210,CUST-106570,2025-02-28,0,0,False,False,3126.2299999999996,Current
LN-506211,CUST-106011,2025-02-28,1,13,False,False,18203.33000000002,1-29
LN-506212,CUST-106237,2025-02-28,1,22,False,False,47726.37500000002,1-29
LN-506213,CUST-100454,2025-02-28,0,0,False,False,12570.860000000002,Current
LN-506214,CUST-106636,2025-02-28,0,0,False,False,11598.947499999995,Current
LN-506215,CUST-106886,2025-02-28,0,0,False,False,24512.454999999998,Current
LN-506216,CUST-101970,2025-02-28,0,0,False,False,15146.942499999994,Current
LN-506217,CUST-106354,2025-02-28,0,0,False,False,36662.022500000014,Current
LN-506218,CUST-102540,2025-02-28,0,0,False,False,102488.41500000004,Current
LN-506219,CUST-100413,2025-02-28,0,0,False,False,19665.94,Current
LN-506220,CUST-100063,2025-02-28,4,278,False,False,35783.615,90+
LN-506221,CUST-100713,2025-02-28,0,0,False,False,17290.5,Current
LN-506222,CUST-106630,2025-02-28,0,0,False,False,354724.13,Current
LN-506223,CUST-104850,2025-02-28,0,0,False,False,33612.11000000002,Current
LN-506224,CUST-100263,2025-02-28,0,0,False,False,44037.602499999986,Current
LN-506225,CUST-101712,2025-02-28,0,0,False,False,559.5699999999996,Current
LN-506226,CUST-100863,2025-02-28,0,0,False,False,38748.99,Current
LN-506228,CUST-105905,2025-02-28,0,0,False,False,2995.330000000001,Current
LN-506230,CUST-104631,2025-02-28,4,100,False,False,30946.25,90+
LN-506231,CUST-104470,2025-02-28,0,0,False,False,5524.115000000004,Current
LN-506232,CUST-103876,2025-02-28,0,0,False,False,7115.2575,Current
LN-506233,CUST-100528,2025-02-28,0,0,False,False,30777.154999999984,Current
LN-506235,CUST-101738,2025-02-28,0,0,False,False,42317.955000000016,Current
LN-506236,CUST-104424,2025-02-28,0,0,False,False,10016.872499999998,Current
LN-506237,CUST-101640,2025-02-28,0,0,False,False,186089.69499999992,Current
LN-506239,CUST-107045,2025-02-28,0,0,False,False,7674.83,Current
LN-506241,CUST-100393,2025-02-28,0,0,False,False,294437.0425,Current
LN-506242,CUST-106455,2025-02-28,0,0,False,False,57239.329999999994,Current
LN-506243,CUST-100103,2025-02-28,4,100,False,False,20850.28,90+
LN-506244,CUST-101892,2025-02-28,0,0,False,False,27167.205,Current
LN-506246,CUST-102674,2025-02-28,0,0,False,False,5831.32,Current
LN-506247,CUST-105884,2025-02-28,0,0,False,False,12963.552499999998,Current
LN-506248,CUST-102119,2025-02-28,0,0,False,False,13591.00999999999,Current
LN-506251,CUST-103575,2025-02-28,0,0,False,False,15370.297500000004,Current
LN-506252,CUST-103568,2025-02-28,0,0,False,False,33156.45499999998,Current
LN-506253,CUST-100391,2025-02-28,0,0,False,False,13628.650000000007,Current
LN-506255,CUST-106015,2025-02-28,1,23,False,False,38699.315,1-29
LN-506256,CUST-101297,2025-02-28,0,0,False,False,13670.209999999992,Current
LN-506257,CUST-102164,2025-02-28,0,0,False,False,29870.24,Current
LN-506258,CUST-100595,2025-02-28,0,0,False,False,26782.83,Current
LN-506259,CUST-104878,2025-02-28,0,0,False,False,7284.572500000002,Current
LN-506260,CUST-107440,2025-02-28,0,0,False,False,48898.61,Current
LN-506261,CUST-107374,2025-02-28,0,0,False,False,17363.920000000013,Current
LN-506262,CUST-103639,2025-02-28,4,146,False,False,11194.605000000001,90+
LN-506263,CUST-103047,2025-02-28,0,0,False,False,23957.86,Current
LN-506266,CUST-106578,2025-02-28,0,0,False,False,36609.96999999998,Current
LN-506267,CUST-100768,2025-02-28,0,0,False,False,13233.65,Current
LN-506270,CUST-106904,2025-02-28,0,0,False,False,29926.2925,Current
LN-506271,CUST-104751,2025-02-28,0,0,False,False,14184.667499999996,Current
LN-506272,CUST-106967,2025-02-28,0,0,False,False,28018.602499999997,Current
LN-506274,CUST-104194,2025-02-28,0,0,False,False,208594.12250000006,Current
LN-506275,CUST-107998,2025-02-28,0,0,False,False,11276.500000000011,Current
LN-506276,CUST-106722,2025-02-28,0,0,False,False,16907.339999999997,Current
LN-506279,CUST-104353,2025-02-28,0,0,False,False,87181.38,Current
LN-506281,CUST-100781,2025-02-28,1,18,False,False,16783.79,1-29
LN-506284,CUST-107457,2025-02-28,0,0,False,False,24810.372499999998,Current
LN-506285,CUST-104077,2025-02-28,0,0,False,False,16908.74000000001,Current
LN-506291,CUST-102470,2025-02-28,0,0,False,False,2144.877500000001,Current
LN-506292,CUST-101466,2025-02-28,0,0,False,False,11934.952500000001,Current
LN-506293,CUST-106625,2025-02-28,0,0,False,False,34834.1,Current
LN-506294,CUST-106821,2025-02-28,0,0,False,False,25328.500000000007,Current
LN-506295,CUST-107397,2025-02-28,0,0,False,False,8270.532499999998,Current
LN-506296,CUST-103778,2025-02-28,0,0,False,False,13231.222500000003,Current
LN-506297,CUST-106345,2025-02-28,0,0,False,False,94383.72499999999,Current
LN-506298,CUST-103557,2025-02-28,0,0,False,False,443903.7600000003,Current
LN-506299,CUST-107221,2025-02-28,0,0,False,False,30620.21,Current
LN-506300,CUST-104319,2025-02-28,0,0,False,False,15184.58,Current
LN-506301,CUST-106476,2025-02-28,0,0,False,False,3536.53,Current
LN-506302,CUST-103442,2025-02-28,0,0,False,False,7342.475000000004,Current
LN-506303,CUST-107211,2025-02-28,0,0,False,False,30952.1425,Current
LN-506304,CUST-101695,2025-02-28,0,0,False,False,17643.40499999999,Current
LN-506306,CUST-103523,2025-02-28,0,0,False,False,8741.759999999993,Current
LN-506307,CUST-105743,2025-02-28,0,0,False,False,24229.05999999999,Current
LN-506308,CUST-100123,2025-02-28,0,0,False,False,22726.649999999998,Current
LN-506309,CUST-103247,2025-02-28,0,0,False,False,9921.6475,Current
LN-506310,CUST-105623,2025-02-28,0,0,False,False,5196.1900000000005,Current
LN-506311,CUST-103801,2025-02-28,0,0,False,False,25747.590000000004,Current
LN-506313,CUST-105172,2025-02-28,0,0,False,False,532700.1449999998,Current
LN-506315,CUST-106578,2025-02-28,0,0,False,False,21896.36,Current
LN-506316,CUST-107450,2025-02-28,0,0,False,False,10489.11,Current
LN-506317,CUST-106461,2025-02-28,0,0,False,False,2448.6850000000004,Current
LN-506318,CUST-102581,2025-02-28,0,0,False,False,16438.1975,Current
LN-506319,CUST-105682,2025-02-28,4,139,False,False,28934.225,90+
LN-506320,CUST-101473,2025-02-28,0,0,False,False,24937.9525,Current
LN-506322,CUST-106268,2025-02-28,0,0,False,False,20977.9275,Current
LN-506323,CUST-107968,2025-02-28,0,0,False,False,9261.784999999994,Current
LN-506324,CUST-104203,2025-02-28,0,0,False,False,40187.24,Current
LN-506325,CUST-102801,2025-02-28,0,0,False,False,24918.984999999993,Current
LN-506326,CUST-106359,2025-02-28,0,0,False,False,6048.244999999999,Current
LN-506327,CUST-102276,2025-02-28,0,0,False,False,47417.34499999999,Current
LN-506328,CUST-107396,2025-02-28,1,16,False,False,47608.435000000005,1-29
LN-506329,CUST-105602,2025-02-28,0,0,False,False,818.0425000000001,Current
LN-506330,CUST-102577,2025-02-28,0,0,False,False,26722.66,Current
LN-506331,CUST-103486,2025-02-28,0,0,False,False,2546.900000000001,Current
LN-506332,CUST-104758,2025-02-28,0,0,False,False,33897.595,Current
LN-506333,CUST-100309,2025-02-28,0,0,False,False,35451.8475,Current
LN-506334,CUST-101752,2025-02-28,0,0,False,False,2034.9025000000001,Current
LN-506335,CUST-107014,2025-02-28,0,0,False,False,11948.01,Current
LN-506336,CUST-107391,2025-02-28,0,0,False,False,19782.809999999994,Current
LN-506337,CUST-101022,2025-02-28,0,0,False,False,31511.98,Current
LN-506338,CUST-106359,2025-02-28,0,0,False,False,39873.914999999986,Current
LN-506339,CUST-107380,2025-02-28,0,0,False,False,1954.865,Current
LN-506340,CUST-103318,2025-02-28,0,0,False,False,39971.07,Current
LN-506342,CUST-105736,2025-02-28,0,0,False,False,114063.93,Current
LN-506343,CUST-103301,2025-02-28,0,0,False,False,5790.749999999999,Current
LN-506344,CUST-105982,2025-02-28,0,0,False,False,25956.85,Current
LN-506346,CUST-107663,2025-02-28,0,0,False,False,38609.56,Current
LN-506349,CUST-101513,2025-02-28,0,0,False,False,8650.104999999994,Current
LN-506350,CUST-107630,2025-02-28,0,0,False,False,60945.55,Current
LN-506351,CUST-100194,2025-02-28,0,0,False,False,19286.99,Current
LN-506352,CUST-103991,2025-02-28,0,0,False,False,42153.37999999999,Current
LN-506353,CUST-106548,2025-02-28,0,0,False,False,13608.930000000008,Current
LN-506354,CUST-102120,2025-02-28,0,0,False,False,602843.5874999999,Current
LN-506360,CUST-100124,2025-02-28,0,0,False,False,21166.285000000007,Current
LN-506361,CUST-103759,2025-02-28,0,0,False,False,30913.860000000008,Current
LN-506365,CUST-104406,2025-02-28,0,0,False,False,34473.62,Current
LN-506366,CUST-103894,2025-02-28,0,0,False,False,7513.002499999999,Current
LN-506367,CUST-106634,2025-02-28,0,0,False,False,48703.78249999999,Current
LN-506368,CUST-105233,2025-02-28,0,0,False,False,22328.487500000017,Current
LN-506369,CUST-103772,2025-02-28,0,0,False,False,5565.8275,Current
LN-506372,CUST-101824,2025-02-28,0,0,False,False,34741.095000000016,Current
LN-506373,CUST-101724,2025-02-28,0,0,False,False,16897.62499999998,Current
LN-506375,CUST-101694,2025-02-28,0,0,False,False,15752.9175,Current
LN-506376,CUST-102670,2025-02-28,0,0,False,False,198809.495,Current
LN-506377,CUST-103940,2025-02-28,0,0,False,False,19497.169999999995,Current
LN-506379,CUST-101018,2025-02-28,0,0,False,False,8383.725,Current
LN-506381,CUST-103352,2025-02-28,0,0,False,False,13829.584999999992,Current
LN-506382,CUST-101706,2025-02-28,0,0,False,False,20174.34249999999,Current
LN-506383,CUST-106293,2025-02-28,0,0,False,False,52952.11749999999,Current
LN-506384,CUST-107106,2025-02-28,0,0,False,False,14529.827500000009,Current
LN-506385,CUST-103362,2025-02-28,2,33,False,False,32931.61000000001,30-59
LN-506386,CUST-104953,2025-02-28,0,0,False,False,24197.327500000007,Current
LN-506389,CUST-101578,2025-02-28,0,0,False,False,128730.82,Current
LN-506390,CUST-100971,2025-02-28,0,0,False,False,22923.70999999999,Current
LN-506391,CUST-103052,2025-02-28,0,0,False,False,54837.2875,Current
LN-506394,CUST-106576,2025-02-28,0,0,False,False,15464.115000000009,Current
LN-506395,CUST-100846,2025-02-28,0,0,False,False,16987.685,Current
LN-506396,CUST-106003,2025-02-28,0,0,False,False,11548.14,Current
LN-506397,CUST-102147,2025-02-28,0,0,False,False,322829.0725000001,Current
LN-506398,CUST-103199,2025-02-28,0,0,False,False,12676.982499999996,Current
LN-506400,CUST-102738,2025-02-28,0,0,False,False,23901.06999999999,Current
LN-506402,CUST-102765,2025-02-28,0,0,False,False,18613.424999999985,Current
LN-506403,CUST-103656,2025-02-28,0,0,False,False,12623.339999999998,Current
LN-506407,CUST-106847,2025-02-28,0,0,False,False,3218.8525000000027,Current
LN-506408,CUST-100946,2025-02-28,0,0,False,False,24706.3,Current
LN-506409,CUST-103687,2025-02-28,0,0,False,False,13230.45,Current
LN-506411,CUST-107783,2025-02-28,0,0,False,False,23238.840000000004,Current
LN-506412,CUST-104370,2025-02-28,0,0,False,False,4829.827500000002,Current
LN-506413,CUST-101375,2025-02-28,0,0,False,False,3423.2525000000005,Current
LN-506415,CUST-104111,2025-02-28,0,0,False,False,21426.13,Current
LN-506416,CUST-102619,2025-02-28,0,0,False,False,40560.50999999998,Current
LN-506417,CUST-107467,2025-02-28,0,0,False,False,16052.2125,Current
LN-506418,CUST-102476,2025-02-28,0,0,False,False,7794.624999999996,Current
LN-506419,CUST-100306,2025-02-28,0,0,False,False,17066.340000000004,Current
LN-506420,CUST-106845,2025-02-28,0,0,False,False,4134.48,Current
LN-506421,CUST-104379,2025-02-28,0,0,False,False,21435.967499999995,Current
LN-506422,CUST-107884,2025-02-28,0,0,False,False,37262.509999999995,Current
LN-506423,CUST-106312,2025-02-28,0,0,False,False,22682.639999999996,Current
LN-506424,CUST-107566,2025-02-28,0,0,False,False,12773.76,Current
LN-506426,CUST-101610,2025-02-28,0,0,False,False,29946.509999999995,Current
LN-506427,CUST-105209,2025-02-28,0,0,False,False,7643.210000000008,Current
LN-506428,CUST-106310,2025-02-28,0,0,False,False,36743.45000000004,Current
LN-506429,CUST-101672,2025-02-28,0,0,False,False,22674.324999999993,Current
LN-506430,CUST-106869,2025-02-28,0,0,False,False,9342.182500000003,Current
LN-506431,CUST-102238,2025-02-28,0,0,False,False,16854.700000000004,Current
LN-506432,CUST-103306,2025-02-28,0,0,False,False,1768.0375000000001,Current
LN-506433,CUST-101886,2025-02-28,0,0,False,False,14044.417499999998,Current
LN-506434,CUST-104460,2025-02-28,0,0,False,False,6627.809999999995,Current
LN-506435,CUST-102682,2025-02-28,0,0,False,False,49509.289999999986,Current
LN-506436,CUST-100018,2025-02-28,0,0,False,False,8837.947499999998,Current
LN-506439,CUST-102764,2025-02-28,0,0,False,False,4254.1825,Current
LN-506440,CUST-100825,2025-02-28,0,0,False,False,14358.03,Current
LN-506441,CUST-107544,2025-02-28,0,0,False,False,230993.18749999985,Current
LN-506443,CUST-101028,2025-02-28,0,0,False,False,39499.89499999998,Current
LN-506444,CUST-105635,2025-02-28,0,0,False,False,15366.019999999997,Current
LN-506445,CUST-101788,2025-02-28,0,0,False,False,13593.255000000006,Current
LN-506446,CUST-104449,2025-02-28,0,0,False,False,5208.050000000005,Current
LN-506447,CUST-104621,2025-02-28,0,0,False,False,24421.38,Current
LN-506448,CUST-103387,2025-02-28,0,0,False,False,40381.545,Current
LN-506449,CUST-106250,2025-02-28,0,0,False,False,134443.86999999994,Current
LN-506450,CUST-100681,2025-02-28,0,0,False,False,14892.440000000002,Current
LN-506451,CUST-103344,2025-02-28,0,0,True,False,24898.37749999999,Current
LN-506452,CUST-104207,2025-02-28,0,0,False,False,18054.92,Current
LN-506454,CUST-100278,2025-02-28,0,0,False,False,46924.425,Current
LN-506455,CUST-101589,2025-02-28,0,0,False,False,9578.855000000009,Current
LN-506456,CUST-103213,2025-02-28,0,0,False,False,37492.950000000004,Current
LN-506457,CUST-102375,2025-02-28,0,0,False,False,21904.260000000006,Current
LN-506459,CUST-100044,2025-02-28,0,0,False,False,144241.715,Current
LN-506461,CUST-101074,2025-02-28,0,0,True,False,28368.530000000006,Current
LN-506463,CUST-103863,2025-02-28,0,0,False,False,2045.8899999999999,Current
LN-506464,CUST-106616,2025-02-28,0,0,False,False,21707.310000000005,Current
LN-506465,CUST-102383,2025-02-28,0,0,False,False,13491.177499999998,Current
LN-506466,CUST-100931,2025-02-28,0,0,False,False,8649.229999999998,Current
LN-506467,CUST-107955,2025-02-28,0,0,False,False,8112.712500000003,Current
LN-506468,CUST-102194,2025-02-28,0,0,False,False,24365.152499999993,Current
LN-506469,CUST-106389,2025-02-28,0,0,False,False,647192.39,Current
LN-506470,CUST-104502,2025-02-28,0,0,False,False,32932.149999999994,Current
LN-506473,CUST-105444,2025-02-28,0,0,False,False,33448.09749999996,Current
LN-506474,CUST-105886,2025-02-28,0,0,False,False,45908.809999999976,Current
LN-506475,CUST-105204,2025-02-28,0,0,False,False,13300.115,Current
LN-506476,CUST-106750,2025-02-28,0,0,False,False,11266.449999999999,Current
LN-506477,CUST-105212,2025-02-28,0,0,False,False,277237.89249999996,Current
LN-506478,CUST-101481,2025-02-28,0,0,False,False,44720.88,Current
LN-506480,CUST-107478,2025-02-28,0,0,False,False,10890.839999999997,Current
LN-506483,CUST-101298,2025-02-28,0,0,False,False,21860.912499999995,Current
LN-506484,CUST-106343,2025-02-28,0,0,False,False,4900.377499999999,Current
LN-506485,CUST-103806,2025-02-28,0,0,False,False,36536.5,Current
LN-506486,CUST-104644,2025-02-28,1,22,False,False,93007.95000000004,1-29
LN-506487,CUST-102116,2025-02-28,0,0,False,False,15595.45,Current
LN-506488,CUST-101584,2025-02-28,0,0,False,False,121423.35999999997,Current
LN-506489,CUST-104008,2025-02-28,0,0,False,False,14625.822499999998,Current
LN-506491,CUST-107008,2025-02-28,0,0,False,False,15459.037500000002,Current
LN-506492,CUST-102368,2025-02-28,0,0,False,False,1493.3999999999992,Current
LN-506493,CUST-102433,2025-02-28,0,0,False,False,33726.229999999996,Current
LN-506494,CUST-100925,2025-02-28,0,0,False,False,29574.305000000015,Current
LN-506495,CUST-101987,2025-02-28,0,0,False,False,115188.55499999995,Current
LN-506496,CUST-107814,2025-02-28,0,0,False,False,11026.7525,Current
LN-506497,CUST-101104,2025-02-28,0,0,False,False,24564.782500000016,Current
LN-506498,CUST-102603,2025-02-28,0,0,False,False,18897.81,Current
LN-506499,CUST-105873,2025-02-28,1,23,False,False,1039.43,1-29
LN-506500,CUST-103037,2025-02-28,0,0,False,False,28021.959999999995,Current
LN-506501,CUST-100054,2025-02-28,0,0,False,False,44871.0,Current
LN-506502,CUST-100645,2025-02-28,0,0,False,False,22369.310000000012,Current
LN-506503,CUST-100382,2025-02-28,0,0,False,False,971.76,Current
LN-506504,CUST-104402,2025-02-28,0,0,False,False,15387.824999999997,Current
LN-506505,CUST-100872,2025-02-28,0,0,False,False,24718.022499999992,Current
LN-506506,CUST-100764,2025-02-28,0,0,False,False,27166.10000000001,Current
LN-506507,CUST-105613,2025-02-28,0,0,False,False,5052.079999999997,Current
LN-506508,CUST-105863,2025-02-28,2,36,False,False,2435.2299999999996,30-59
LN-506510,CUST-104029,2025-02-28,0,0,False,False,16956.109999999997,Current
LN-506511,CUST-104253,2025-02-28,0,0,False,False,2719.0999999999995,Current
LN-506512,CUST-100330,2025-02-28,0,0,False,False,19775.554999999997,Current
LN-506514,CUST-100296,2025-02-28,0,0,False,False,29710.104999999996,Current
LN-506515,CUST-101337,2025-02-28,0,0,False,False,42363.47,Current
LN-506516,CUST-100946,2025-02-28,0,0,False,False,22821.644999999993,Current
LN-506517,CUST-105146,2025-02-28,0,0,False,False,14860.654999999997,Current
LN-506518,CUST-100816,2025-02-28,0,0,False,False,45730.46500000002,Current
LN-506520,CUST-107075,2025-02-28,0,0,False,False,15754.372500000005,Current
LN-506521,CUST-101510,2025-02-28,0,0,False,False,109117.11999999998,Current
LN-506522,CUST-103656,2025-02-28,0,0,False,False,13206.599999999991,Current
LN-506523,CUST-101117,2025-02-28,0,0,False,False,87529.9,Current
LN-506524,CUST-105779,2025-02-28,4,91,False,False,25951.457500000004,90+
LN-506526,CUST-107723,2025-02-28,0,0,False,False,42854.757500000014,Current
LN-506527,CUST-107113,2025-02-28,0,0,False,False,9525.124999999998,Current
LN-506528,CUST-100163,2025-02-28,0,0,False,False,39534.502499999966,Current
LN-506530,CUST-103029,2025-02-28,0,0,False,False,13885.319999999996,Current
LN-506532,CUST-107795,2025-02-28,0,0,False,False,6118.762499999999,Current
LN-506533,CUST-102973,2025-02-28,0,0,False,False,14415.104999999998,Current
LN-506534,CUST-106286,2025-02-28,0,0,False,False,38674.03500000001,Current
LN-506536,CUST-102718,2025-02-28,0,0,False,False,635057.13,Current
LN-506537,CUST-106163,2025-02-28,0,0,False,False,40338.47,Current
LN-506538,CUST-106528,2025-02-28,0,0,False,False,24032.74,Current
LN-506539,CUST-107571,2025-02-28,0,0,False,False,13196.8225,Current
LN-506540,CUST-104667,2025-02-28,1,21,False,False,18554.165000000005,1-29
LN-506541,CUST-106883,2025-02-28,0,0,False,False,3996.695000000003,Current
LN-506543,CUST-102838,2025-02-28,0,0,False,False,186419.17,Current
LN-506544,CUST-101010,2025-02-28,0,0,False,False,22038.050000000003,Current
LN-506545,CUST-102089,2025-02-28,0,0,False,False,5582.220000000001,Current
LN-506546,CUST-105858,2025-02-28,0,0,False,False,23659.664999999997,Current
LN-506547,CUST-101562,2025-02-28,0,0,False,False,40190.69500000002,Current
LN-506548,CUST-102032,2025-02-28,0,0,False,False,36441.79,Current
LN-506549,CUST-105459,2025-02-28,0,0,False,False,6495.655000000001,Current
LN-506550,CUST-107005,2025-02-28,0,0,False,False,47324.034999999996,Current
LN-506551,CUST-100357,2025-02-28,0,0,False,False,14319.999999999993,Current
LN-506552,CUST-102061,2025-02-28,0,0,False,False,35020.55999999999,Current
LN-506553,CUST-100297,2025-02-28,0,0,False,False,13149.565000000002,Current
LN-506554,CUST-102821,2025-02-28,0,0,False,False,39746.47750000004,Current
LN-506555,CUST-107650,2025-02-28,0,0,False,False,455483.41,Current
LN-506557,CUST-103280,2025-02-28,0,0,False,False,24494.1575,Current
LN-506558,CUST-106652,2025-02-28,0,0,False,False,31961.830000000016,Current
LN-506559,CUST-105580,2025-02-28,0,0,False,False,16722.745,Current
LN-506560,CUST-105745,2025-02-28,2,40,True,False,5983.5,30-59
LN-506561,CUST-100861,2025-02-28,0,0,False,False,11428.640000000001,Current
LN-506562,CUST-105662,2025-02-28,0,0,False,False,24406.879999999994,Current
LN-506563,CUST-101590,2025-02-28,0,0,False,False,529542.8849999998,Current
LN-506565,CUST-107786,2025-02-28,0,0,False,False,5561.290000000001,Current
LN-506567,CUST-106046,2025-02-28,0,0,False,False,8498.882500000003,Current
LN-506568,CUST-104799,2025-02-28,0,0,False,False,45915.48999999997,Current
LN-506569,CUST-100057,2025-02-28,0,0,False,False,476.6299999999999,Current
LN-506570,CUST-105439,2025-02-28,0,0,False,False,6793.985000000001,Current
LN-506571,CUST-103791,2025-02-28,0,0,False,False,286726.10750000016,Current
LN-506572,CUST-107669,2025-02-28,0,0,False,False,25747.717500000002,Current
LN-506573,CUST-104796,2025-02-28,0,0,False,False,12360.529999999999,Current
LN-506575,CUST-104769,2025-02-28,4,163,False,False,19349.087500000005,90+
LN-506576,CUST-105956,2025-02-28,4,136,False,False,15222.845000000001,90+
LN-506577,CUST-101573,2025-02-28,0,0,False,False,34986.950000000004,Current
LN-506578,CUST-104439,2025-02-28,0,0,False,False,28690.524999999994,Current
LN-506581,CUST-104197,2025-02-28,0,0,False,False,43278.63999999999,Current
LN-506582,CUST-107032,2025-02-28,0,0,False,False,11789.885,Current
LN-506584,CUST-100961,2025-02-28,0,0,False,False,12908.88,Current
LN-506585,CUST-106601,2025-02-28,0,0,False,False,10224.532500000005,Current
LN-506587,CUST-105260,2025-02-28,0,0,False,False,12207.364999999998,Current
LN-506588,CUST-107442,2025-02-28,0,0,False,False,10868.975000000002,Current
LN-506589,CUST-100026,2025-02-28,0,0,False,False,16299.66999999999,Current
LN-506590,CUST-101956,2025-02-28,0,0,False,False,36452.66999999999,Current
LN-506591,CUST-106549,2025-02-28,0,0,False,False,9955.3475,Current
LN-506595,CUST-105674,2025-02-28,0,0,False,False,29374.57000000001,Current
LN-506596,CUST-106444,2025-02-28,0,0,False,False,34312.96,Current
LN-506598,CUST-105667,2025-02-28,0,0,False,False,25354.03750000001,Current
LN-506600,CUST-104039,2025-02-28,0,0,False,False,12454.81999999999,Current
LN-506601,CUST-103359,2025-02-28,0,0,False,False,7746.759999999999,Current
LN-506603,CUST-107120,2025-02-28,0,0,False,False,15334.460000000003,Current
LN-506604,CUST-106814,2025-02-28,0,0,False,False,15149.630000000001,Current
LN-506605,CUST-105257,2025-02-28,0,0,False,False,12015.4625,Current
LN-506608,CUST-100354,2025-02-28,0,0,False,False,13251.800000000003,Current
LN-506609,CUST-101423,2025-02-28,0,0,False,False,134562.11,Current
LN-506610,CUST-107310,2025-02-28,0,0,False,False,15063.169999999998,Current
LN-506612,CUST-105934,2025-02-28,0,0,False,False,17151.104999999992,Current
LN-506613,CUST-107826,2025-02-28,0,0,False,False,42597.67500000001,Current
LN-506614,CUST-107872,2025-02-28,0,0,False,False,544773.5449999999,Current
LN-506616,CUST-100798,2025-02-28,0,0,False,False,39256.09499999999,Current
LN-506617,CUST-100909,2025-02-28,0,0,False,False,27929.11500000001,Current
LN-506618,CUST-105517,2025-02-28,0,0,False,False,15031.3425,Current
LN-506619,CUST-101129,2025-02-28,0,0,False,False,19810.48,Current
LN-506620,CUST-105010,2025-02-28,0,0,False,False,29400.39,Current
LN-506621,CUST-102579,2025-02-28,0,0,True,False,5128.58,Current
LN-506622,CUST-100952,2025-02-28,0,0,False,False,29061.575000000004,Current
LN-506623,CUST-106986,2025-02-28,0,0,False,False,44084.960000000014,Current
LN-506624,CUST-101341,2025-02-28,0,0,False,False,13690.7,Current
LN-506625,CUST-104755,2025-02-28,0,0,False,False,7025.63,Current
LN-506626,CUST-107276,2025-02-28,0,0,False,False,8444.11,Current
LN-506627,CUST-107297,2025-02-28,0,0,False,False,16056.072500000015,Current
LN-506628,CUST-105038,2025-02-28,0,0,False,False,39773.08999999999,Current
LN-506629,CUST-101501,2025-02-28,0,0,False,False,23089.979999999996,Current
LN-506631,CUST-105405,2025-02-28,0,0,False,False,19750.02999999999,Current
LN-506633,CUST-105247,2025-02-28,0,0,False,False,23234.595000000012,Current
LN-506634,CUST-106218,2025-02-28,0,0,False,False,14922.490000000002,Current
LN-506636,CUST-100607,2025-02-28,0,0,False,False,14680.324999999995,Current
LN-506638,CUST-105308,2025-02-28,4,226,False,False,19113.01,90+
LN-506639,CUST-101222,2025-02-28,0,0,False,False,14201.427500000002,Current
LN-506641,CUST-107862,2025-02-28,0,0,False,False,8334.585000000006,Current
LN-506642,CUST-105840,2025-02-28,0,0,False,False,33210.86999999999,Current
LN-506645,CUST-101283,2025-02-28,1,28,False,False,8704.205,1-29
LN-506647,CUST-105644,2025-02-28,0,0,False,False,22299.46749999999,Current
LN-506648,CUST-107041,2025-02-28,0,0,False,False,15040.432500000003,Current
LN-506649,CUST-107556,2025-02-28,0,0,False,False,12660.09,Current
LN-506650,CUST-101099,2025-02-28,1,27,False,False,49669.01249999999,1-29
LN-506651,CUST-100483,2025-02-28,0,0,False,False,33769.15,Current
LN-506652,CUST-103253,2025-02-28,0,0,False,False,18372.24499999999,Current
LN-506653,CUST-104926,2025-02-28,1,21,False,False,13114.027499999995,1-29
LN-506654,CUST-107822,2025-02-28,0,0,False,False,13431.997499999998,Current
LN-506655,CUST-106709,2025-02-28,1,6,False,False,10183.359999999999,1-29
LN-506656,CUST-103761,2025-02-28,0,0,False,False,3071.15,Current
LN-506657,CUST-104539,2025-02-28,0,0,False,False,43168.785,Current
LN-506658,CUST-100895,2025-02-28,0,0,False,False,39979.7375,Current
LN-506659,CUST-102784,2025-02-28,0,0,False,False,32746.74,Current
LN-506660,CUST-105419,2025-02-28,0,0,False,False,8526.570000000002,Current
LN-506661,CUST-105856,2025-02-28,0,0,False,False,15122.227499999997,Current
LN-506662,CUST-101661,2025-02-28,0,0,False,False,35915.649999999994,Current
LN-506663,CUST-107160,2025-02-28,0,0,False,False,1200.4299999999996,Current
LN-506664,CUST-107379,2025-02-28,1,14,False,False,16024.97499999999,1-29
LN-506669,CUST-101195,2025-02-28,4,158,False,False,43051.195000000014,90+
LN-506670,CUST-101026,2025-02-28,0,0,False,False,36572.22000000002,Current
LN-506671,CUST-104729,2025-02-28,1,24,False,False,15535.3775,1-29
LN-506672,CUST-103112,2025-02-28,0,0,False,False,43500.09,Current
LN-506675,CUST-106643,2025-02-28,0,0,False,False,26427.565,Current
LN-506676,CUST-102573,2025-02-28,1,14,False,False,5466.475000000002,1-29
LN-506677,CUST-102651,2025-02-28,1,8,False,False,22996.710000000017,1-29
LN-506678,CUST-104272,2025-02-28,0,0,False,False,32976.420000000006,Current
LN-506680,CUST-105428,2025-02-28,0,0,False,False,8041.720000000003,Current
LN-506681,CUST-104390,2025-02-28,0,0,False,False,16366.414999999997,Current
LN-506682,CUST-101455,2025-02-28,0,0,False,False,52128.13250000001,Current
LN-506683,CUST-101608,2025-02-28,0,0,False,False,18986.115,Current
LN-506685,CUST-103408,2025-02-28,0,0,False,False,149235.56,Current
LN-506686,CUST-101561,2025-02-28,0,0,False,False,24737.694999999992,Current
LN-506687,CUST-103699,2025-02-28,0,0,False,False,36849.51999999999,Current
LN-506688,CUST-104890,2025-02-28,0,0,False,False,18488.300000000007,Current
LN-506689,CUST-107886,2025-02-28,0,0,False,False,30216.370000000003,Current
LN-506690,CUST-101902,2025-02-28,0,0,False,False,77603.97000000004,Current
LN-506692,CUST-105125,2025-02-28,0,0,False,False,16835.19499999999,Current
LN-506693,CUST-106233,2025-02-28,0,0,False,False,46823.17000000003,Current
LN-506694,CUST-107150,2025-02-28,0,0,False,False,40850.40749999997,Current
LN-506695,CUST-100898,2025-02-28,0,0,False,False,17241.519999999997,Current
LN-506696,CUST-106007,2025-02-28,0,0,False,False,32841.5,Current
LN-506697,CUST-106615,2025-02-28,0,0,False,False,41224.52000000001,Current
LN-506699,CUST-102225,2025-02-28,0,0,False,False,33185.67500000002,Current
LN-506700,CUST-107538,2025-02-28,0,0,False,False,20574.09999999999,Current
LN-506703,CUST-103067,2025-02-28,0,0,False,False,23444.122499999983,Current
LN-506704,CUST-103226,2025-02-28,0,0,False,False,18350.03750000001,Current
LN-506705,CUST-102323,2025-02-28,0,0,False,False,20506.789999999994,Current
LN-506706,CUST-103743,2025-02-28,0,0,False,False,10176.479999999998,Current
LN-506708,CUST-102758,2025-02-28,0,0,False,False,28303.16,Current
LN-506709,CUST-106972,2025-02-28,0,0,False,False,19796.810000000012,Current
LN-506710,CUST-106937,2025-02-28,0,0,False,False,15986.759999999998,Current
LN-506712,CUST-105498,2025-02-28,0,0,False,False,5923.965000000001,Current
LN-506714,CUST-101997,2025-02-28,0,0,False,False,14017.24,Current
LN-506715,CUST-104843,2025-02-28,0,0,False,False,17063.339999999993,Current
LN-506716,CUST-100733,2025-02-28,0,0,False,False,47043.600000000006,Current
LN-506717,CUST-104787,2025-02-28,0,0,False,False,12023.005000000001,Current
LN-506718,CUST-104014,2025-02-28,0,0,False,False,39506.69999999999,Current
LN-506719,CUST-102073,2025-02-28,0,0,False,False,27254.36,Current
LN-506720,CUST-103840,2025-02-28,0,0,False,False,9035.930000000006,Current
LN-506721,CUST-100757,2025-02-28,1,8,False,False,38255.712499999994,1-29
LN-506723,CUST-104943,2025-02-28,4,165,False,False,26840.76,90+
LN-506724,CUST-102143,2025-02-28,0,0,False,False,21053.730000000007,Current
LN-506726,CUST-104789,2025-02-28,0,0,False,False,13758.855000000001,Current
LN-506727,CUST-104718,2025-02-28,0,0,False,False,47048.94999999999,Current
LN-506728,CUST-107572,2025-02-28,0,0,False,False,44549.367500000015,Current
LN-506729,CUST-104775,2025-02-28,0,0,False,False,2876.3575,Current
LN-506730,CUST-104154,2025-02-28,0,0,False,False,2011.1199999999994,Current
LN-506731,CUST-104391,2025-02-28,0,0,False,False,11270.690000000002,Current
LN-506732,CUST-102177,2025-02-28,0,0,False,False,51580.46000000001,Current
LN-506733,CUST-103497,2025-02-28,0,0,False,False,34648.65999999999,Current
LN-506734,CUST-106705,2025-02-28,0,0,False,False,47503.225,Current
LN-506735,CUST-100716,2025-02-28,0,0,False,False,23846.570000000003,Current
LN-506737,CUST-106257,2025-02-28,0,0,False,False,11430.362499999992,Current
LN-506739,CUST-105538,2025-02-28,0,0,False,False,27770.115000000005,Current
LN-506740,CUST-105656,2025-02-28,0,0,False,False,24048.712499999987,Current
LN-506741,CUST-100580,2025-02-28,0,0,False,False,27970.509999999995,Current
LN-506742,CUST-105043,2025-02-28,0,0,False,False,6276.9400000000005,Current
LN-506745,CUST-100872,2025-02-28,0,0,False,False,8531.597500000007,Current
LN-506746,CUST-102933,2025-02-28,0,0,False,False,41319.56,Current
LN-506747,CUST-100661,2025-02-28,0,0,False,False,30096.09,Current
LN-506748,CUST-106721,2025-02-28,0,0,False,False,94124.02249999998,Current
LN-506749,CUST-105586,2025-02-28,0,0,False,False,33597.14,Current
LN-506750,CUST-107602,2025-02-28,0,0,False,False,118113.63999999998,Current
LN-506751,CUST-105371,2025-02-28,0,0,False,False,14254.195000000003,Current
LN-506752,CUST-106890,2025-02-28,0,0,False,False,20979.615,Current
LN-506754,CUST-104429,2025-02-28,0,0,False,False,14014.58,Current
LN-506755,CUST-100563,2025-02-28,0,0,False,False,14302.210000000003,Current
LN-506757,CUST-101804,2025-02-28,0,0,False,False,48787.99749999999,Current
LN-506759,CUST-103205,2025-02-28,0,0,False,False,388244.675,Current
LN-506760,CUST-105110,2025-02-28,0,0,False,False,11037.847499999994,Current
LN-506761,CUST-101888,2025-02-28,0,0,False,False,26503.2375,Current
LN-506762,CUST-105932,2025-02-28,0,0,False,False,1306.5250000000008,Current
LN-506763,CUST-100651,2025-02-28,0,0,False,False,86662.95999999998,Current
LN-506764,CUST-105118,2025-02-28,0,0,False,False,22178.204999999994,Current
LN-506765,CUST-101563,2025-02-28,3,81,False,False,9568.055,60-89
LN-506766,CUST-105277,2025-02-28,0,0,False,False,7943.75,Current
LN-506767,CUST-105216,2025-02-28,0,0,False,False,19931.95500000001,Current
LN-506768,CUST-101113,2025-02-28,0,0,False,False,33360.53999999999,Current
LN-506769,CUST-107211,2025-02-28,0,0,False,False,39070.02250000003,Current
LN-506772,CUST-101847,2025-02-28,0,0,False,False,42716.084999999985,Current
LN-506773,CUST-107546,2025-02-28,0,0,False,False,18499.64,Current
LN-506775,CUST-104600,2025-02-28,0,0,False,False,20766.300000000007,Current
LN-506776,CUST-102341,2025-02-28,0,0,False,False,16657.119999999995,Current
LN-506777,CUST-105291,2025-02-28,1,1,False,False,29636.725,1-29
LN-506778,CUST-105976,2025-02-28,0,0,False,False,30352.17999999998,Current
LN-506779,CUST-102169,2025-02-28,0,0,False,False,28207.080000000005,Current
LN-506782,CUST-102633,2025-02-28,0,0,False,False,27939.5,Current
LN-506783,CUST-105532,2025-02-28,0,0,False,False,553346.2700000004,Current
LN-506784,CUST-107740,2025-02-28,0,0,False,False,51145.5025,Current
LN-506785,CUST-100760,2025-02-28,0,0,False,False,23227.0925,Current
LN-506787,CUST-102288,2025-02-28,0,0,False,False,18619.5575,Current
LN-506788,CUST-107173,2025-02-28,0,0,False,False,44819.93999999997,Current
LN-506789,CUST-102079,2025-02-28,1,23,False,False,2865.78,1-29
LN-506790,CUST-105306,2025-02-28,0,0,False,False,63382.689999999944,Current
LN-506791,CUST-105668,2025-02-28,0,0,False,False,82773.96000000006,Current
LN-506793,CUST-104802,2025-02-28,0,0,False,False,28078.4,Current
LN-506794,CUST-101031,2025-02-28,0,0,False,False,13660.189999999995,Current
LN-506796,CUST-103644,2025-02-28,0,0,False,False,142074.3149999999,Current
LN-506797,CUST-106755,2025-02-28,0,0,False,False,42483.850000000006,Current
LN-506800,CUST-104369,2025-02-28,0,0,False,False,4052.4774999999986,Current
LN-506804,CUST-103206,2025-02-28,0,0,False,False,30716.39500000001,Current
LN-506805,CUST-101821,2025-02-28,0,0,False,False,10597.429999999998,Current
LN-506806,CUST-105913,2025-02-28,0,0,False,False,19540.94000000001,Current
LN-506807,CUST-102654,2025-02-28,0,0,False,False,4960.3475,Current
LN-506808,CUST-107848,2025-02-28,0,0,False,False,39628.6375,Current
LN-506810,CUST-104231,2025-02-28,0,0,False,False,16134.07999999999,Current
LN-506811,CUST-100601,2025-02-28,0,0,False,False,14775.8375,Current
LN-506812,CUST-100322,2025-02-28,0,0,False,False,14820.417500000001,Current
LN-506814,CUST-106517,2025-02-28,0,0,False,False,6983.094999999999,Current
LN-506815,CUST-103601,2025-02-28,0,0,False,False,44195.109999999986,Current
LN-506817,CUST-106186,2025-02-28,1,7,False,False,11485.99,1-29
LN-506818,CUST-104985,2025-02-28,0,0,False,False,24464.81,Current
LN-506819,CUST-103684,2025-02-28,0,0,False,False,17789.47,Current
LN-506820,CUST-100137,2025-02-28,1,19,False,False,41560.14749999999,1-29
LN-506822,CUST-103257,2025-02-28,0,0,False,False,13875.910000000003,Current
LN-506823,CUST-102458,2025-02-28,0,0,False,False,23659.920000000016,Current
LN-506824,CUST-100365,2025-02-28,0,0,False,False,12094.244999999999,Current
LN-506825,CUST-104892,2025-02-28,0,0,False,False,29848.120000000003,Current
LN-506826,CUST-103524,2025-02-28,0,0,False,False,52684.344999999994,Current
LN-506827,CUST-104826,2025-02-28,1,13,False,False,7647.884999999998,1-29
LN-506828,CUST-104792,2025-02-28,0,0,False,False,18587.737500000007,Current
LN-506829,CUST-100632,2025-02-28,0,0,False,False,7574.4649999999965,Current
LN-506830,CUST-103583,2025-02-28,0,0,False,False,3430.5900000000006,Current
LN-506831,CUST-103207,2025-02-28,0,0,False,False,28611.695000000003,Current
LN-506832,CUST-105039,2025-02-28,0,0,False,False,30426.252499999988,Current
LN-506833,CUST-106741,2025-02-28,0,0,False,False,14867.1725,Current
LN-506834,CUST-101981,2025-02-28,0,0,False,False,37790.209999999985,Current
LN-506835,CUST-104774,2025-02-28,3,87,False,False,15971.31,60-89
LN-506836,CUST-101292,2025-02-28,0,0,False,False,5981.36,Current
LN-506837,CUST-106770,2025-02-28,0,0,False,False,22765.40499999999,Current
LN-506838,CUST-102627,2025-02-28,0,0,False,False,11411.244999999997,Current
LN-506839,CUST-103315,2025-02-28,0,0,False,False,23992.86,Current
LN-506840,CUST-104172,2025-02-28,0,0,False,False,10242.582500000004,Current
LN-506842,CUST-101610,2025-02-28,0,0,False,False,31520.44000000001,Current
LN-506843,CUST-101945,2025-02-28,0,0,False,False,44719.40000000001,Current
LN-506844,CUST-104570,2025-02-28,0,0,False,False,21748.919999999995,Current
LN-506845,CUST-104510,2025-02-28,1,8,False,False,266674.66000000003,1-29
LN-506846,CUST-104666,2025-02-28,0,0,False,False,12431.525000000003,Current
LN-506847,CUST-106190,2025-02-28,0,0,False,False,10827.782499999994,Current
LN-506848,CUST-107352,2025-02-28,0,0,False,False,8506.289999999999,Current
LN-506851,CUST-104183,2025-02-28,0,0,False,False,12858.970000000001,Current
LN-506852,CUST-107342,2025-02-28,0,0,False,False,24405.2875,Current
LN-506853,CUST-103785,2025-02-28,0,0,False,False,8533.23,Current
LN-506855,CUST-106672,2025-02-28,0,0,False,False,4570.4699999999975,Current
LN-506856,CUST-100442,2025-02-28,0,0,False,False,31876.11,Current
LN-506857,CUST-105192,2025-02-28,0,0,False,False,29172.105000000003,Current
LN-506858,CUST-101119,2025-02-28,0,0,False,False,42293.112499999996,Current
LN-506859,CUST-101609,2025-02-28,0,0,False,False,12022.092500000006,Current
LN-506860,CUST-103751,2025-02-28,0,0,False,False,60990.250000000044,Current
LN-506861,CUST-107185,2025-02-28,0,0,False,False,41314.460000000036,Current
LN-506862,CUST-103295,2025-02-28,0,0,False,False,15120.460000000006,Current
LN-506863,CUST-100300,2025-02-28,3,66,False,False,20233.95249999999,60-89
LN-506864,CUST-105299,2025-02-28,0,0,False,False,32650.58,Current
LN-506866,CUST-101758,2025-02-28,0,0,False,False,10493.2025,Current
LN-506867,CUST-103428,2025-02-28,0,0,False,False,44031.02499999999,Current
LN-506868,CUST-107302,2025-02-28,3,68,False,False,27870.047500000004,60-89
LN-506869,CUST-103885,2025-02-28,0,0,False,False,14817.602499999997,Current
LN-506870,CUST-105460,2025-02-28,0,0,False,False,20382.5025,Current
LN-506871,CUST-107214,2025-02-28,0,0,False,False,2236.434999999998,Current
LN-506872,CUST-103012,2025-02-28,0,0,False,False,2266.19,Current
LN-506873,CUST-104244,2025-02-28,0,0,False,False,1167.7700000000007,Current
LN-506874,CUST-104326,2025-02-28,0,0,False,False,13884.21,Current
LN-506875,CUST-106062,2025-02-28,0,0,False,False,19660.527500000007,Current
LN-506879,CUST-103695,2025-02-28,0,0,False,False,49664.302500000005,Current
LN-506882,CUST-104476,2025-02-28,0,0,False,False,39395.7475,Current
LN-506883,CUST-107119,2025-02-28,0,0,False,False,28293.27,Current
LN-506884,CUST-104349,2025-02-28,0,0,False,False,12767.075,Current
LN-506885,CUST-106743,2025-02-28,0,0,False,False,12878.84,Current
LN-506886,CUST-102295,2025-02-28,0,0,False,False,3980.772500000001,Current
LN-506887,CUST-102257,2025-02-28,0,0,False,False,20719.18249999999,Current
LN-506889,CUST-102331,2025-02-28,0,0,False,False,18522.34000000001,Current
LN-506890,CUST-101362,2025-02-28,0,0,False,False,2331.1549999999997,Current
LN-506891,CUST-102381,2025-02-28,0,0,False,False,24510.797499999993,Current
LN-506892,CUST-100150,2025-02-28,0,0,False,False,26300.457499999997,Current
LN-506894,CUST-105848,2025-02-28,0,0,False,False,18562.8325,Current
LN-506896,CUST-105508,2025-02-28,0,0,False,False,32994.79,Current
LN-506897,CUST-104533,2025-02-28,0,0,False,False,18575.619999999995,Current
LN-506899,CUST-100278,2025-02-28,0,0,False,False,4963.490000000002,Current
LN-506900,CUST-106595,2025-02-28,0,0,False,False,31551.8,Current
LN-506902,CUST-106561,2025-02-28,0,0,False,False,16674.79499999999,Current
LN-506903,CUST-102096,2025-02-28,2,35,False,False,41599.14500000002,30-59
LN-506904,CUST-103359,2025-02-28,0,0,False,False,24237.309999999987,Current
LN-506906,CUST-104537,2025-02-28,0,0,False,False,16867.62000000001,Current
LN-506907,CUST-102753,2025-02-28,0,0,False,False,16280.25,Current
LN-506908,CUST-105917,2025-02-28,0,0,False,False,25572.459999999995,Current
LN-506909,CUST-105805,2025-02-28,0,0,False,False,9278.537499999991,Current
LN-506911,CUST-100401,2025-02-28,0,0,False,False,11340.57250000001,Current
LN-506912,CUST-103889,2025-02-28,0,0,False,False,14343.245000000008,Current
LN-506913,CUST-100625,2025-02-28,0,0,False,False,33447.409999999974,Current
LN-506914,CUST-107385,2025-02-28,0,0,False,False,12451.847500000003,Current
LN-506915,CUST-100911,2025-02-28,0,0,False,False,15938.662500000002,Current
LN-506916,CUST-102195,2025-02-28,0,0,False,False,123178.46,Current
LN-506917,CUST-105611,2025-02-28,0,0,False,False,24376.24,Current
LN-506918,CUST-103521,2025-02-28,0,0,False,False,40607.47000000002,Current
LN-506919,CUST-107374,2025-02-28,0,0,False,False,17266.145,Current
LN-506920,CUST-107534,2025-02-28,0,0,False,False,32367.722500000036,Current
LN-506921,CUST-105066,2025-02-28,0,0,False,False,41839.47,Current
LN-506922,CUST-100736,2025-02-28,0,0,False,False,2898.0225,Current
LN-506923,CUST-105406,2025-02-28,0,0,False,False,45138.56250000002,Current
LN-506924,CUST-107993,2025-02-28,0,0,False,False,10255.61,Current
LN-506925,CUST-103772,2025-02-28,0,0,False,False,24231.069999999992,Current
LN-506926,CUST-103088,2025-02-28,0,0,False,False,21384.337500000005,Current
LN-506927,CUST-100479,2025-02-28,0,0,False,False,23816.09,Current
LN-506928,CUST-101416,2025-02-28,0,0,False,False,19651.335,Current
LN-506929,CUST-101220,2025-02-28,0,0,False,False,10700.529999999999,Current
LN-506930,CUST-103051,2025-02-28,0,0,False,False,15883.037499999997,Current
LN-506931,CUST-103507,2025-02-28,0,0,False,False,14458.0625,Current
LN-506932,CUST-103534,2025-02-28,0,0,False,False,13148.46,Current
LN-506933,CUST-105320,2025-02-28,0,0,False,False,21526.122499999987,Current
LN-506934,CUST-104357,2025-02-28,0,0,False,False,20447.710000000014,Current
LN-506935,CUST-105568,2025-02-28,0,0,False,False,8663.005000000006,Current
LN-506936,CUST-102283,2025-02-28,0,0,False,False,34301.61,Current
LN-506937,CUST-102658,2025-02-28,0,0,False,False,17639.605,Current
LN-506938,CUST-102789,2025-02-28,0,0,False,False,10304.740000000002,Current
LN-506939,CUST-106939,2025-02-28,0,0,False,False,28266.37,Current
LN-506940,CUST-104147,2025-02-28,0,0,False,False,7345.230000000001,Current
LN-506941,CUST-100814,2025-02-28,0,0,False,False,142975.48,Current
LN-506945,CUST-103711,2025-02-28,0,0,False,False,391.0600000000002,Current
LN-506946,CUST-106264,2025-02-28,0,0,False,False,100799.52750000004,Current
LN-506947,CUST-103569,2025-02-28,0,0,False,False,19861.81,Current
LN-506948,CUST-105557,2025-02-28,0,0,False,False,15338.599999999999,Current
LN-506949,CUST-105954,2025-02-28,0,0,False,False,30229.832499999982,Current
LN-506950,CUST-105424,2025-02-28,0,0,False,False,15636.570000000003,Current
LN-506951,CUST-102949,2025-02-28,0,0,False,False,4784.294999999997,Current
LN-506952,CUST-106196,2025-02-28,0,0,False,False,125074.42,Current
LN-506953,CUST-103555,2025-02-28,0,0,False,False,12721.702499999998,Current
LN-506956,CUST-106080,2025-02-28,0,0,False,False,15341.21,Current
LN-506957,CUST-102655,2025-02-28,0,0,False,False,11760.020000000006,Current
LN-506958,CUST-106085,2025-02-28,0,0,False,False,18901.452499999996,Current
LN-506959,CUST-100577,2025-02-28,1,4,False,False,4922.122499999999,1-29
LN-506960,CUST-104964,2025-02-28,0,0,False,False,30782.41000000001,Current
LN-506961,CUST-105968,2025-02-28,0,0,False,False,11148.1375,Current
LN-506963,CUST-101635,2025-02-28,0,0,False,False,26498.605000000003,Current
LN-506964,CUST-107589,2025-02-28,0,0,False,False,21019.907499999987,Current
LN-506965,CUST-106551,2025-02-28,0,0,False,False,27875.745,Current
LN-506966,CUST-105621,2025-02-28,0,0,False,False,22507.54,Current
LN-506967,CUST-102931,2025-02-28,0,0,False,False,51702.72,Current
LN-506968,CUST-105433,2025-02-28,0,0,False,False,20102.57499999999,Current
LN-506969,CUST-101442,2025-02-28,0,0,False,False,188296.09250000003,Current
LN-506970,CUST-106042,2025-02-28,0,0,False,False,23043.594999999998,Current
LN-506971,CUST-100558,2025-02-28,0,0,False,False,11533.13,Current
LN-506972,CUST-107926,2025-02-28,0,0,False,False,85663.5575,Current
LN-506973,CUST-102911,2025-02-28,0,0,False,False,9551.58,Current
LN-506974,CUST-102881,2025-02-28,1,8,False,False,15185.26,1-29
LN-506975,CUST-105100,2025-02-28,0,0,False,False,122933.61999999994,Current
LN-506976,CUST-101422,2025-02-28,0,0,False,False,353794.16000000003,Current
LN-506977,CUST-107166,2025-02-28,0,0,False,False,19588.49999999999,Current
LN-506978,CUST-101152,2025-02-28,0,0,False,False,42237.747499999976,Current
LN-506979,CUST-107321,2025-02-28,0,0,False,False,27425.042499999996,Current
LN-506980,CUST-103975,2025-02-28,0,0,False,False,78046.565,Current
LN-506981,CUST-103602,2025-02-28,0,0,False,False,17689.599999999988,Current
LN-506982,CUST-103522,2025-02-28,0,0,False,False,16203.947500000004,Current
LN-506983,CUST-102069,2025-02-28,0,0,False,False,18342.17499999999,Current
LN-506984,CUST-102887,2025-02-28,0,0,False,False,24511.785,Current
LN-506985,CUST-106172,2025-02-28,0,0,False,False,6990.802500000001,Current
LN-506986,CUST-100997,2025-02-28,0,0,False,False,11170.240000000002,Current
LN-506987,CUST-102595,2025-02-28,3,74,False,False,20549.999999999993,60-89
LN-506989,CUST-105717,2025-02-28,0,0,False,False,23149.655000000002,Current
LN-506990,CUST-103950,2025-02-28,0,0,False,False,24540.24000000001,Current
LN-506991,CUST-107315,2025-02-28,0,0,False,False,431342.23,Current
LN-506992,CUST-106659,2025-02-28,0,0,False,False,24391.315000000002,Current
LN-506994,CUST-106537,2025-02-28,0,0,False,False,14532.637499999993,Current
LN-506995,CUST-100878,2025-02-28,0,0,False,False,12712.139999999994,Current
LN-506996,CUST-101760,2025-02-28,0,0,False,False,18695.719999999994,Current
LN-506997,CUST-102036,2025-02-28,0,0,False,False,17527.672499999997,Current
LN-506998,CUST-107183,2025-02-28,0,0,False,False,21765.557500000014,Current
LN-506999,CUST-105041,2025-02-28,0,0,False,False,375923.7550000001,Current
LN-507000,CUST-106508,2025-02-28,0,0,False,False,510267.28,Current
LN-507002,CUST-106522,2025-02-28,1,12,False,False,38458.95500000002,1-29
LN-507003,CUST-107503,2025-02-28,0,0,False,False,7741.5425,Current
LN-507004,CUST-105739,2025-02-28,0,0,False,False,17536.7425,Current
LN-507005,CUST-102672,2025-02-28,0,0,False,False,10411.419999999991,Current
LN-507006,CUST-101723,2025-02-28,0,0,False,False,71841.23000000004,Current
LN-507007,CUST-107414,2025-02-28,0,0,False,False,28066.770000000004,Current
LN-507008,CUST-106544,2025-02-28,0,0,False,False,9387.190000000002,Current
LN-507009,CUST-102851,2025-02-28,0,0,False,False,9452.477499999995,Current
LN-507010,CUST-101467,2025-02-28,0,0,False,False,10823.405000000002,Current
LN-507012,CUST-106788,2025-02-28,0,0,False,False,79662.50000000001,Current
LN-507013,CUST-105675,2025-02-28,0,0,False,False,24866.009999999984,Current
LN-507014,CUST-104944,2025-02-28,0,0,False,False,21037.744999999995,Current
LN-507015,CUST-107745,2025-02-28,0,0,False,False,47433.315,Current
LN-507016,CUST-107255,2025-02-28,0,0,False,False,20754.130000000005,Current
LN-507017,CUST-103215,2025-02-28,0,0,False,False,19066.18499999999,Current
LN-507018,CUST-105535,2025-02-28,4,182,False,False,28652.872499999998,90+
LN-507019,CUST-103560,2025-02-28,0,0,False,False,36084.01499999998,Current
LN-507020,CUST-100747,2025-02-28,0,0,False,False,51429.6425,Current
LN-507023,CUST-105938,2025-02-28,0,0,False,False,54196.215000000004,Current
LN-507025,CUST-100624,2025-02-28,0,0,False,False,158145.75500000003,Current
LN-507026,CUST-103345,2025-02-28,0,0,False,False,12850.33500000001,Current
LN-507027,CUST-100173,2025-02-28,0,0,False,False,6983.552499999998,Current
LN-507028,CUST-105670,2025-02-28,0,0,False,False,32833.78,Current
LN-507030,CUST-102544,2025-02-28,1,24,False,False,23411.597500000007,1-29
LN-507031,CUST-107456,2025-02-28,0,0,False,False,24660.27999999999,Current
LN-507032,CUST-106016,2025-02-28,0,0,False,False,23635.32250000002,Current
LN-507033,CUST-102346,2025-02-28,0,0,False,False,50790.38,Current
LN-507035,CUST-100655,2025-02-28,0,0,False,False,7172.187499999997,Current
LN-507036,CUST-105516,2025-02-28,0,0,False,False,125239.20499999996,Current
LN-507037,CUST-103538,2025-02-28,4,95,False,False,15843.5,90+
LN-507038,CUST-107404,2025-02-28,0,0,False,False,11052.895,Current
LN-507039,CUST-100876,2025-02-28,0,0,False,False,4382.132500000003,Current
LN-507041,CUST-100019,2025-02-28,0,0,False,False,9857.757499999996,Current
LN-507043,CUST-102916,2025-02-28,0,0,False,False,16261.032500000005,Current
LN-507044,CUST-106808,2025-02-28,0,0,False,False,10238.960000000003,Current
LN-507045,CUST-105053,2025-02-28,0,0,False,False,17290.190000000006,Current
LN-507046,CUST-102412,2025-02-28,0,0,False,False,22478.370000000006,Current
LN-507048,CUST-101898,2025-02-28,0,0,False,False,3398.1899999999987,Current
LN-507049,CUST-100039,2025-02-28,0,0,False,False,46662.795,Current
LN-507050,CUST-100481,2025-02-28,0,0,False,False,18889.87,Current
LN-507051,CUST-103755,2025-02-28,0,0,False,False,88210.585,Current
LN-507052,CUST-107662,2025-02-28,0,0,False,False,1986.9050000000022,Current
LN-507054,CUST-103812,2025-02-28,0,0,False,False,36576.86750000001,Current
LN-507055,CUST-101441,2025-02-28,0,0,False,False,43963.09999999998,Current
LN-507056,CUST-106797,2025-02-28,0,0,False,False,2809.1200000000013,Current
LN-507058,CUST-105781,2025-02-28,0,0,False,False,23491.119999999984,Current
LN-507059,CUST-100930,2025-02-28,0,0,False,False,50499.375,Current
LN-507060,CUST-101673,2025-02-28,0,0,False,False,7025.46,Current
LN-507062,CUST-101786,2025-02-28,0,0,False,False,21010.3,Current
LN-507063,CUST-104239,2025-02-28,0,0,False,False,32904.29999999999,Current
LN-507065,CUST-106400,2025-02-28,0,0,False,False,5479.777500000001,Current
LN-507066,CUST-102202,2025-02-28,0,0,False,False,28542.102499999994,Current
LN-507068,CUST-105749,2025-02-28,0,0,False,False,5990.69,Current
LN-507069,CUST-107832,2025-02-28,0,0,False,False,9113.730000000001,Current
LN-507070,CUST-106869,2025-02-28,0,0,False,False,33268.595000000016,Current
LN-507071,CUST-104811,2025-02-28,0,0,False,False,27465.920000000002,Current
LN-507072,CUST-105007,2025-02-28,1,13,False,False,18333.725,1-29
LN-507073,CUST-106933,2025-02-28,0,0,False,False,12252.17,Current
LN-507077,CUST-104837,2025-02-28,0,0,False,False,52290.675,Current
LN-507078,CUST-106275,2025-02-28,0,0,False,False,19746.992500000004,Current
LN-507079,CUST-107857,2025-02-28,0,0,False,False,76366.51499999993,Current
LN-507080,CUST-101852,2025-02-28,0,0,False,False,8004.812499999996,Current
LN-507082,CUST-104875,2025-02-28,0,0,False,False,12070.325,Current
LN-507083,CUST-106400,2025-02-28,0,0,False,False,21981.819999999992,Current
LN-507084,CUST-102354,2025-02-28,0,0,False,False,25873.835,Current
LN-507086,CUST-101732,2025-02-28,0,0,False,False,16045.85999999999,Current
LN-507089,CUST-102294,2025-02-28,0,0,False,False,33095.27999999999,Current
LN-507090,CUST-106893,2025-02-28,0,0,False,False,9375.650000000003,Current
LN-507091,CUST-103005,2025-02-28,0,0,False,False,33464.8275,Current
LN-507093,CUST-104887,2025-02-28,0,0,False,False,5317.1550000000025,Current
LN-507094,CUST-103162,2025-02-28,0,0,False,False,41136.63999999996,Current
LN-507096,CUST-103130,2025-02-28,0,0,False,False,30039.39,Current
LN-507097,CUST-101989,2025-02-28,0,0,False,False,28902.43,Current
LN-507098,CUST-101422,2025-02-28,0,0,False,False,8980.677500000002,Current
LN-507099,CUST-102578,2025-02-28,0,0,False,False,25777.42,Current
LN-507100,CUST-106416,2025-02-28,0,0,False,False,17024.614999999983,Current
LN-507101,CUST-103470,2025-02-28,0,0,False,False,15589.909999999993,Current
LN-507102,CUST-104432,2025-02-28,0,0,False,False,35847.68500000001,Current
LN-507103,CUST-107928,2025-02-28,0,0,False,False,9186.734999999997,Current
LN-507104,CUST-100290,2025-02-28,4,96,False,False,10091.212500000001,90+
LN-507105,CUST-106889,2025-02-28,0,0,False,False,562498.3749999994,Current
LN-507106,CUST-106342,2025-02-28,0,0,False,False,12179.899999999998,Current
LN-507108,CUST-104455,2025-02-28,0,0,False,False,8573.03,Current
LN-507109,CUST-103370,2025-02-28,0,0,False,False,68655.29,Current
LN-507110,CUST-105383,2025-02-28,0,0,False,False,914.155,Current
LN-507111,CUST-104512,2025-02-28,2,52,True,False,5698.439999999999,30-59
LN-507113,CUST-107991,2025-02-28,0,0,False,False,9687.029999999997,Current
LN-507114,CUST-106578,2025-02-28,1,17,False,False,39886.89499999999,1-29
LN-507115,CUST-105032,2025-02-28,0,0,False,False,22760.295,Current
LN-507118,CUST-104127,2025-02-28,0,0,False,False,21228.532499999998,Current
LN-507121,CUST-104325,2025-02-28,0,0,False,False,4412.820000000001,Current
LN-507122,CUST-106854,2025-02-28,0,0,False,False,13871.285,Current
LN-507123,CUST-103532,2025-02-28,0,0,False,False,16692.620000000003,Current
LN-507125,CUST-100785,2025-02-28,2,54,False,False,25413.045000000002,30-59
LN-507126,CUST-106473,2025-02-28,0,0,False,False,13731.595000000001,Current
LN-507127,CUST-106260,2025-02-28,0,0,False,False,192152.745,Current
LN-507128,CUST-100735,2025-02-28,1,10,False,False,2128.039999999998,1-29
LN-507130,CUST-101340,2025-02-28,0,0,False,False,15760.170000000006,Current
LN-507131,CUST-102708,2025-02-28,0,0,False,False,24221.36,Current
LN-507132,CUST-102418,2025-02-28,0,0,False,False,18105.11000000001,Current
LN-507133,CUST-107197,2025-02-28,0,0,False,False,12507.19,Current
LN-507136,CUST-102572,2025-02-28,0,0,False,False,13624.010000000002,Current
LN-507137,CUST-100653,2025-02-28,0,0,False,False,46824.77,Current
LN-507138,CUST-100509,2025-02-28,0,0,False,False,40224.44000000001,Current
LN-507139,CUST-103443,2025-02-28,0,0,False,False,21419.51,Current
LN-507140,CUST-106324,2025-02-28,0,0,False,False,43795.64,Current
LN-507142,CUST-103211,2025-02-28,3,88,False,False,9138.470000000001,60-89
LN-507143,CUST-104531,2025-02-28,0,0,False,False,83043.24249999993,Current
LN-507145,CUST-101691,2025-02-28,0,0,False,False,24959.57499999999,Current
LN-507146,CUST-101380,2025-02-28,0,0,False,False,13284.120000000003,Current
LN-507147,CUST-105530,2025-02-28,0,0,False,False,72966.685,Current
LN-507149,CUST-102908,2025-02-28,0,0,False,False,17821.819999999992,Current
LN-507150,CUST-107212,2025-02-28,0,0,False,False,9351.35,Current
LN-507151,CUST-103116,2025-02-28,0,0,False,False,7061.645,Current
LN-507152,CUST-103174,2025-02-28,0,0,False,False,26267.72249999999,Current
LN-507153,CUST-106219,2025-02-28,0,0,False,False,26745.430000000008,Current
LN-507154,CUST-103704,2025-02-28,0,0,True,False,13491.674999999996,Current
LN-507155,CUST-102666,2025-02-28,0,0,False,False,84653.90750000002,Current
LN-507156,CUST-104578,2025-02-28,0,0,False,False,33016.2375,Current
LN-507157,CUST-100775,2025-02-28,0,0,False,False,7356.3799999999965,Current
LN-507158,CUST-101781,2025-02-28,0,0,False,False,9235.629999999997,Current
LN-507159,CUST-104141,2025-02-28,0,0,False,False,29402.429999999997,Current
LN-507160,CUST-104735,2025-02-28,0,0,False,False,22706.71,Current
LN-507161,CUST-101111,2025-02-28,0,0,False,False,15237.4225,Current
LN-507162,CUST-102484,2025-02-28,0,0,False,False,22456.119999999988,Current
LN-507164,CUST-104887,2025-02-28,0,0,False,False,31315.045000000006,Current
LN-507165,CUST-100781,2025-02-28,0,0,False,False,24200.519999999993,Current
LN-507167,CUST-107774,2025-02-28,1,3,False,False,332422.09249999974,1-29
LN-507168,CUST-104317,2025-02-28,0,0,False,False,10668.879999999997,Current
LN-507169,CUST-103202,2025-02-28,0,0,False,False,5457.817500000004,Current
LN-507170,CUST-103641,2025-02-28,0,0,False,False,15939.4575,Current
LN-507171,CUST-101668,2025-02-28,0,0,False,False,34266.729999999974,Current
LN-507172,CUST-107216,2025-02-28,0,0,False,False,1888.9399999999998,Current
LN-507175,CUST-101642,2025-02-28,0,0,False,False,66025.63250000002,Current
LN-507176,CUST-105965,2025-02-28,0,0,False,False,44943.07,Current
LN-507178,CUST-104965,2025-02-28,0,0,False,False,17574.772500000003,Current
LN-507179,CUST-101749,2025-02-28,0,0,False,False,20688.372499999998,Current
LN-507180,CUST-101710,2025-02-28,0,0,False,False,10489.182499999999,Current
LN-507181,CUST-104853,2025-02-28,0,0,False,False,1899.1,Current
LN-507182,CUST-100419,2025-02-28,0,0,False,False,1168.467499999999,Current
LN-507183,CUST-101559,2025-02-28,0,0,False,False,8671.840000000004,Current
LN-507186,CUST-105936,2025-02-28,0,0,False,False,22482.9,Current
LN-507187,CUST-100039,2025-02-28,0,0,False,False,8192.88,Current
LN-507188,CUST-106664,2025-02-28,0,0,False,False,7351.420000000001,Current
LN-507189,CUST-106572,2025-02-28,0,0,False,False,12074.400000000001,Current
LN-507190,CUST-107416,2025-02-28,0,0,False,False,23776.23,Current
LN-507191,CUST-106027,2025-02-28,0,0,False,False,20319.58,Current
LN-507192,CUST-103509,2025-02-28,0,0,False,False,48410.005000000005,Current
LN-507193,CUST-102795,2025-02-28,0,0,False,False,51086.35,Current
LN-507194,CUST-101358,2025-02-28,0,0,False,False,10432.0725,Current
LN-507195,CUST-106129,2025-02-28,0,0,False,False,13938.715,Current
LN-507197,CUST-107153,2025-02-28,0,0,False,False,43494.415,Current
LN-507198,CUST-104268,2025-02-28,0,0,False,False,4193.625,Current
LN-507199,CUST-101601,2025-02-28,0,0,False,False,7797.629999999996,Current
LN-507200,CUST-101041,2025-02-28,0,0,False,False,11315.584999999992,Current
LN-507201,CUST-104963,2025-02-28,0,0,False,False,36768.2025,Current
LN-507202,CUST-104467,2025-02-28,0,0,False,False,11873.01,Current
LN-507203,CUST-104791,2025-02-28,0,0,False,False,25190.169999999987,Current
LN-507204,CUST-105609,2025-02-28,0,0,False,False,1111.1200000000008,Current
LN-507205,CUST-103686,2025-02-28,0,0,False,False,617.4599999999994,Current
LN-507206,CUST-104599,2025-02-28,0,0,False,False,131963.52499999997,Current
LN-507207,CUST-101198,2025-02-28,0,0,False,False,44347.39,Current
LN-507208,CUST-104981,2025-02-28,0,0,False,False,41174.01000000001,Current
LN-507209,CUST-107531,2025-02-28,0,0,False,False,17816.99999999999,Current
LN-507210,CUST-107404,2025-02-28,0,0,False,False,18679.8375,Current
LN-507211,CUST-102296,2025-02-28,0,0,False,False,14607.099999999999,Current
LN-507212,CUST-106188,2025-02-28,0,0,False,False,14435.2375,Current
LN-507213,CUST-105665,2025-02-28,0,0,False,False,2446.3499999999995,Current
LN-507214,CUST-103043,2025-02-28,4,139,False,False,39578.1,90+
LN-507215,CUST-104540,2025-02-28,0,0,False,False,33647.69,Current
LN-507216,CUST-106901,2025-02-28,0,0,False,False,16759.40499999999,Current
LN-507217,CUST-105408,2025-02-28,0,0,False,False,149697.0125,Current
LN-507219,CUST-103618,2025-02-28,0,0,False,False,4083.0950000000025,Current
LN-507220,CUST-101946,2025-02-28,0,0,False,False,943.7099999999994,Current
LN-507221,CUST-105423,2025-02-28,0,0,False,False,24133.495,Current
LN-507222,CUST-106874,2025-02-28,0,0,False,False,5997.28,Current
LN-507224,CUST-102289,2025-02-28,0,0,False,False,46534.280000000006,Current
LN-507225,CUST-102739,2025-02-28,0,0,False,False,14715.13,Current
LN-507227,CUST-105115,2025-02-28,0,0,False,False,27829.279999999995,Current
LN-507228,CUST-107226,2025-02-28,0,0,False,False,14877.392499999994,Current
LN-507229,CUST-102122,2025-02-28,0,0,False,False,18561.995,Current
LN-507230,CUST-101047,2025-02-28,0,0,False,False,38877.27499999998,Current
LN-507231,CUST-107419,2025-02-28,0,0,False,False,7453.547500000001,Current
LN-507232,CUST-104597,2025-02-28,0,0,False,False,14178.342500000006,Current
LN-507234,CUST-102159,2025-02-28,0,0,False,False,47689.38500000001,Current
LN-507235,CUST-102441,2025-02-28,0,0,False,False,743.8099999999995,Current
LN-507236,CUST-103913,2025-02-28,0,0,False,False,21598.16,Current
LN-507237,CUST-106481,2025-02-28,0,0,False,False,4718.9825,Current
LN-507238,CUST-101593,2025-02-28,0,0,False,False,44260.052500000005,Current
LN-507240,CUST-101836,2025-02-28,0,0,False,False,27347.2025,Current
LN-507241,CUST-106303,2025-02-28,0,0,False,False,13562.670000000004,Current
LN-507242,CUST-107411,2025-02-28,0,0,False,False,22932.882499999992,Current
LN-507244,CUST-100430,2025-02-28,0,0,False,False,16209.397500000008,Current
LN-507245,CUST-106813,2025-02-28,0,0,False,False,21623.025000000005,Current
LN-507246,CUST-106297,2025-02-28,0,0,False,False,25518.45,Current
LN-507247,CUST-107655,2025-02-28,0,0,False,False,210057.09999999992,Current
LN-507248,CUST-102892,2025-02-28,0,0,False,False,19298.270000000004,Current
LN-507249,CUST-106960,2025-02-28,0,0,False,False,43752.17999999997,Current
LN-507250,CUST-106641,2025-02-28,0,0,False,False,12358.045,Current
LN-507251,CUST-102056,2025-02-28,0,0,False,False,26593.995000000006,Current
LN-507252,CUST-104603,2025-02-28,0,0,False,False,300774.84750000003,Current
LN-507253,CUST-107549,2025-02-28,0,0,False,False,42679.2,Current
LN-507254,CUST-105574,2025-02-28,0,0,False,False,9162.839999999991,Current
LN-507255,CUST-107521,2025-02-28,0,0,False,False,15241.1475,Current
LN-507256,CUST-106366,2025-02-28,0,0,False,False,116430.49749999992,Current
LN-507257,CUST-101001,2025-02-28,0,0,False,False,68563.19,Current
LN-507259,CUST-101121,2025-02-28,0,0,False,False,14132.869999999999,Current
LN-507260,CUST-107883,2025-02-28,0,0,False,False,23179.189999999988,Current
LN-507261,CUST-104862,2025-02-28,0,0,False,False,23718.48,Current
LN-507262,CUST-105901,2025-02-28,0,0,False,False,39194.197499999995,Current
LN-507263,CUST-103412,2025-02-28,0,0,False,False,511011.09,Current
LN-507264,CUST-102319,2025-02-28,0,0,False,False,19977.104999999992,Current
LN-507265,CUST-103255,2025-02-28,0,0,False,False,47346.09,Current
LN-507266,CUST-101093,2025-02-28,0,0,False,False,3195.835000000001,Current
LN-507267,CUST-102939,2025-02-28,0,0,False,False,5788.310000000001,Current
LN-507268,CUST-103438,2025-02-28,0,0,False,False,162201.71999999994,Current
LN-507269,CUST-107271,2025-02-28,0,0,False,False,17475.697500000013,Current
LN-507270,CUST-102602,2025-02-28,0,0,False,False,490.7399999999999,Current
LN-507271,CUST-107537,2025-02-28,0,0,False,False,20149.569999999985,Current
LN-507272,CUST-102301,2025-02-28,0,0,False,False,2610.8125,Current
LN-507273,CUST-107738,2025-02-28,0,0,False,False,9560.552500000002,Current
LN-507274,CUST-103131,2025-02-28,0,0,False,False,26829.529999999995,Current
LN-507275,CUST-106093,2025-02-28,0,0,False,False,22853.269999999997,Current
LN-507276,CUST-106887,2025-02-28,0,0,False,False,7448.414999999998,Current
LN-507280,CUST-100398,2025-02-28,0,0,False,False,18046.609999999982,Current
LN-507281,CUST-104817,2025-02-28,0,0,False,False,35660.7425,Current
LN-507282,CUST-100204,2025-02-28,0,0,False,False,36893.72,Current
LN-507283,CUST-107014,2025-02-28,0,0,False,False,15364.400000000005,Current
LN-507284,CUST-101075,2025-02-28,1,4,False,False,5405.0599999999995,1-29
LN-507285,CUST-101958,2025-02-28,1,13,False,False,81097.44000000006,1-29
LN-507287,CUST-103728,2025-02-28,0,0,False,False,15009.224999999995,Current
LN-507288,CUST-103394,2025-02-28,0,0,True,False,18073.36999999999,Current
LN-507290,CUST-103490,2025-02-28,0,0,False,False,33783.38,Current
LN-507291,CUST-104222,2025-02-28,0,0,False,False,37845.64,Current
LN-507292,CUST-106430,2025-02-28,1,15,False,False,14937.724999999997,1-29
LN-507294,CUST-103084,2025-02-28,0,0,False,False,17501.180000000004,Current
LN-507295,CUST-105456,2025-02-28,0,0,False,False,29331.93000000001,Current
LN-507296,CUST-106326,2025-02-28,0,0,False,False,5388.8899999999985,Current
LN-507297,CUST-106976,2025-02-28,1,27,False,False,23341.0,1-29
LN-507298,CUST-104445,2025-02-28,0,0,False,False,23736.17,Current
LN-507299,CUST-106119,2025-02-28,0,0,False,False,21391.5425,Current
LN-507300,CUST-100797,2025-02-28,0,0,False,False,33391.82000000002,Current
LN-507301,CUST-104245,2025-02-28,1,5,False,False,12148.325,1-29
LN-507303,CUST-107352,2025-02-28,0,0,False,False,18923.417499999992,Current
LN-507305,CUST-107002,2025-02-28,0,0,False,False,33347.159999999996,Current
LN-507307,CUST-103591,2025-02-28,0,0,False,False,35669.83500000002,Current
LN-507308,CUST-103942,2025-02-28,0,0,False,False,1437.1300000000003,Current
LN-507309,CUST-103592,2025-02-28,0,0,False,False,15083.07,Current
LN-507310,CUST-107896,2025-02-28,0,0,False,False,24711.795000000002,Current
LN-507312,CUST-101205,2025-02-28,0,0,False,False,24154.224999999995,Current
LN-507313,CUST-106842,2025-02-28,0,0,False,False,25645.62749999998,Current
LN-507316,CUST-103234,2025-02-28,0,0,False,False,31312.9375,Current
LN-507317,CUST-105534,2025-02-28,1,23,False,False,96808.85,1-29
LN-507318,CUST-106243,2025-02-28,0,0,False,False,637881.8925,Current
LN-507319,CUST-100668,2025-02-28,1,3,False,False,44066.280000000006,1-29
LN-507321,CUST-101984,2025-02-28,0,0,False,False,11900.964999999998,Current
LN-507322,CUST-106233,2025-02-28,0,0,False,False,26406.1175,Current
LN-507323,CUST-101798,2025-02-28,0,0,False,False,35184.205,Current
LN-507324,CUST-101280,2025-02-28,0,0,False,False,37709.64,Current
LN-507326,CUST-103366,2025-02-28,0,0,False,False,36582.6925,Current
LN-507327,CUST-102304,2025-02-28,0,0,False,False,29090.15,Current
LN-507329,CUST-102541,2025-02-28,0,0,False,False,23503.695000000007,Current
LN-507330,CUST-107359,2025-02-28,0,0,False,False,31932.469999999987,Current
LN-507331,CUST-107892,2025-02-28,0,0,False,False,95936.17,Current
LN-507332,CUST-102110,2025-02-28,0,0,False,False,28207.042500000014,Current
LN-507333,CUST-101214,2025-02-28,0,0,False,False,51116.70000000001,Current
LN-507334,CUST-101167,2025-02-28,0,0,False,False,15453.505000000001,Current
LN-507336,CUST-103715,2025-02-28,0,0,False,False,13221.7925,Current
LN-507337,CUST-100769,2025-02-28,0,0,False,False,16098.249999999993,Current
LN-507338,CUST-105875,2025-02-28,0,0,False,False,6989.855000000001,Current
LN-507340,CUST-105910,2025-02-28,0,0,False,False,31137.9825,Current
LN-507341,CUST-106600,2025-02-28,0,0,False,False,27313.562500000007,Current
LN-507344,CUST-104608,2025-02-28,0,0,False,False,32084.227499999997,Current
LN-507345,CUST-102528,2025-02-28,0,0,False,False,35098.86999999999,Current
LN-507347,CUST-100891,2025-02-28,0,0,False,False,18567.84250000001,Current
LN-507349,CUST-107186,2025-02-28,0,0,False,False,28968.915000000005,Current
LN-507350,CUST-102550,2025-02-28,0,0,False,False,35338.18250000001,Current
LN-507351,CUST-106463,2025-02-28,0,0,False,False,4641.995000000002,Current
LN-507353,CUST-105772,2025-02-28,1,23,False,False,12771.457500000006,1-29
LN-507355,CUST-105895,2025-02-28,0,0,False,False,111000.51999999993,Current
LN-507356,CUST-101874,2025-02-28,0,0,False,False,1621.9324999999994,Current
LN-507359,CUST-102360,2025-02-28,0,0,False,False,7600.540000000001,Current
LN-507360,CUST-103246,2025-02-28,0,0,False,False,9224.93,Current
LN-507362,CUST-106398,2025-02-28,0,0,False,False,32073.074999999997,Current
LN-507363,CUST-107423,2025-02-28,0,0,False,False,28343.882500000007,Current
LN-507364,CUST-107373,2025-02-28,0,0,False,False,35177.37750000001,Current
LN-507365,CUST-106282,2025-02-28,0,0,False,False,513126.49,Current
LN-507366,CUST-103622,2025-02-28,0,0,False,False,21021.735,Current
LN-507368,CUST-107095,2025-02-28,0,0,False,False,8254.57,Current
LN-507369,CUST-104434,2025-02-28,0,0,False,False,8783.085000000003,Current
LN-507370,CUST-100241,2025-02-28,0,0,False,False,29411.054999999986,Current
LN-507371,CUST-104160,2025-02-28,0,0,False,False,5324.152499999998,Current
LN-507373,CUST-104983,2025-02-28,0,0,False,False,5307.940000000002,Current
LN-507374,CUST-106396,2025-02-28,0,0,False,False,9306.044999999998,Current
LN-507377,CUST-105341,2025-02-28,0,0,False,False,135822.67999999988,Current
LN-507378,CUST-101639,2025-02-28,1,6,False,False,6207.252500000001,1-29
LN-507379,CUST-106530,2025-02-28,0,0,True,False,29369.999999999996,Current
LN-507381,CUST-102854,2025-02-28,0,0,False,False,37184.340000000026,Current
LN-507384,CUST-100320,2025-02-28,0,0,False,False,32507.2,Current
LN-507385,CUST-100977,2025-02-28,0,0,False,False,26036.140000000014,Current
LN-507386,CUST-101912,2025-02-28,0,0,False,False,30226.160000000003,Current
LN-507387,CUST-101252,2025-02-28,0,0,False,False,7459.492499999997,Current
LN-507388,CUST-105322,2025-02-28,0,0,True,False,116823.88000000005,Current
LN-507389,CUST-106213,2025-02-28,0,0,False,False,4020.05,Current
LN-507390,CUST-104181,2025-02-28,0,0,False,False,27493.27,Current
LN-507391,CUST-106554,2025-02-28,0,0,False,False,13115.19,Current
LN-507393,CUST-105518,2025-02-28,0,0,False,False,14890.935000000001,Current
LN-507394,CUST-107217,2025-02-28,0,0,False,False,10094.010000000002,Current
LN-507395,CUST-106719,2025-02-28,0,0,False,False,16815.18,Current
LN-507397,CUST-105437,2025-02-28,0,0,False,False,19888.83749999999,Current
LN-507398,CUST-101073,2025-02-28,0,0,False,False,8340.02,Current
LN-507399,CUST-104430,2025-02-28,0,0,False,False,10475.765000000003,Current
LN-507400,CUST-106009,2025-02-28,0,0,False,False,1755.8599999999997,Current
LN-507402,CUST-105591,2025-02-28,0,0,False,False,19457.45,Current
LN-507403,CUST-105449,2025-02-28,0,0,False,False,125962.83000000005,Current
LN-507404,CUST-101740,2025-02-28,0,0,False,False,3010.8799999999987,Current
LN-507407,CUST-103066,2025-02-28,0,0,False,False,31350.975,Current
LN-507408,CUST-104416,2025-02-28,0,0,False,False,17559.537499999995,Current
LN-507409,CUST-104540,2025-02-28,0,0,False,False,4441.552500000002,Current
LN-507410,CUST-105278,2025-02-28,0,0,False,False,28377.47,Current
LN-507411,CUST-107388,2025-02-28,0,0,False,False,27614.96,Current
LN-507412,CUST-106876,2025-02-28,0,0,False,False,12794.0425,Current
LN-507413,CUST-103705,2025-02-28,0,0,False,False,13314.5,Current
LN-507414,CUST-100335,2025-02-28,0,0,False,False,7267.917500000008,Current
LN-507415,CUST-106213,2025-02-28,0,0,False,False,25172.320000000003,Current
LN-507419,CUST-101146,2025-02-28,0,0,False,False,23533.15500000001,Current
LN-507420,CUST-103730,2025-02-28,0,0,False,False,41862.74,Current
LN-507422,CUST-104084,2025-02-28,0,0,False,False,8090.357499999998,Current
LN-507423,CUST-100661,2025-02-28,0,0,False,False,26679.345,Current
LN-507425,CUST-101854,2025-02-28,0,0,False,False,23217.85,Current
LN-507426,CUST-104143,2025-02-28,0,0,False,False,7713.530000000001,Current
LN-507428,CUST-104902,2025-02-28,0,0,False,False,21312.405,Current
LN-507429,CUST-105453,2025-02-28,0,0,False,False,47608.41,Current
LN-507430,CUST-105582,2025-02-28,0,0,False,False,3846.64,Current
LN-507431,CUST-103943,2025-02-28,0,0,False,False,59040.64000000002,Current
LN-507433,CUST-101971,2025-02-28,0,0,False,False,43891.357500000006,Current
LN-507434,CUST-100659,2025-02-28,0,0,False,False,37503.86499999998,Current
LN-507436,CUST-104992,2025-02-28,0,0,False,False,130130.155,Current
LN-507437,CUST-103979,2025-02-28,0,0,False,False,22621.3775,Current
LN-507438,CUST-105813,2025-02-28,0,0,False,False,79795.04000000001,Current
LN-507440,CUST-100121,2025-02-28,0,0,False,False,26070.76,Current
LN-507441,CUST-106578,2025-02-28,0,0,False,False,15831.729999999996,Current
LN-507442,CUST-100950,2025-02-28,0,0,False,False,19184.885,Current
LN-507444,CUST-100807,2025-02-28,3,87,False,False,31528.215,60-89
LN-507445,CUST-103076,2025-02-28,0,0,False,False,581393.93,Current
LN-507446,CUST-100448,2025-02-28,0,0,False,False,38501.205000000016,Current
LN-507448,CUST-105107,2025-02-28,0,0,False,False,26846.11749999999,Current
LN-507449,CUST-102924,2025-02-28,0,0,False,False,5155.6325,Current
LN-507452,CUST-100567,2025-02-28,0,0,False,False,5650.105,Current
LN-507453,CUST-103365,2025-02-28,0,0,False,False,22872.289999999983,Current
LN-507454,CUST-103416,2025-02-28,1,20,False,False,11931.569999999998,1-29
LN-507455,CUST-100571,2025-02-28,0,0,False,False,27367.99,Current
LN-507456,CUST-103083,2025-02-28,0,0,False,False,2552.715000000002,Current
LN-507457,CUST-105975,2025-02-28,4,107,False,False,27656.12500000001,90+
LN-507460,CUST-107761,2025-02-28,0,0,False,False,505272.6125,Current
LN-507462,CUST-100028,2025-02-28,0,0,False,False,13245.8225,Current
LN-507463,CUST-105281,2025-02-28,0,0,False,False,8713.189999999995,Current
LN-507465,CUST-103560,2025-02-28,1,15,False,False,9396.440000000008,1-29
LN-507466,CUST-105148,2025-02-28,0,0,False,False,107617.33,Current
LN-507467,CUST-104625,2025-02-28,0,0,False,False,11423.49,Current
LN-507468,CUST-102951,2025-02-28,0,0,False,False,77337.49,Current
LN-507469,CUST-100505,2025-02-28,0,0,False,False,174202.43500000003,Current
LN-507470,CUST-107809,2025-02-28,0,0,False,False,43733.0175,Current
LN-507471,CUST-100237,2025-02-28,0,0,False,False,8947.460000000003,Current
LN-507472,CUST-107030,2025-02-28,0,0,False,False,10835.659999999998,Current
LN-507473,CUST-105836,2025-02-28,0,0,False,False,37102.55999999998,Current
LN-507474,CUST-107725,2025-02-28,0,0,False,False,28844.059999999998,Current
LN-507475,CUST-103757,2025-02-28,0,0,False,False,38601.24499999999,Current
LN-507478,CUST-106218,2025-02-28,0,0,False,False,22287.837499999998,Current
LN-507480,CUST-104968,2025-02-28,0,0,False,False,26627.250000000004,Current
LN-507482,CUST-104576,2025-02-28,0,0,False,False,22639.7675,Current
LN-507483,CUST-101606,2025-02-28,0,0,False,False,32098.74499999997,Current
LN-507485,CUST-102434,2025-02-28,0,0,False,True,18745.085,Current
LN-507486,CUST-101982,2025-02-28,0,0,False,False,15322.349999999991,Current
LN-507488,CUST-105068,2025-02-28,0,0,False,False,18055.04,Current
LN-507489,CUST-105187,2025-02-28,1,22,False,False,122911.75000000006,1-29
LN-507491,CUST-104366,2025-02-28,0,0,False,False,15794.919999999998,Current
LN-507493,CUST-106747,2025-02-28,0,0,False,False,23845.96000000001,Current
LN-507494,CUST-102175,2025-02-28,0,0,False,False,18627.197499999984,Current
LN-507495,CUST-102033,2025-02-28,0,0,False,False,20537.479999999992,Current
LN-507496,CUST-100633,2025-02-28,0,0,False,False,5648.5175,Current
LN-507497,CUST-107428,2025-02-28,0,0,False,False,27170.7525,Current
LN-507498,CUST-101243,2025-02-28,0,0,False,False,30031.892499999998,Current
LN-507499,CUST-103204,2025-02-28,0,0,False,False,24299.739999999994,Current
LN-507500,CUST-104398,2025-02-28,0,0,False,False,18667.509999999984,Current
LN-507501,CUST-102100,2025-02-28,4,131,False,False,15236.517500000002,90+
LN-507502,CUST-105830,2025-02-28,0,0,False,False,130335.34749999997,Current
LN-507503,CUST-100120,2025-02-28,0,0,False,False,20711.49,Current
LN-507505,CUST-105002,2025-02-28,0,0,False,False,38747.654999999984,Current
LN-507506,CUST-101954,2025-02-28,0,0,False,False,8152.34,Current
LN-507508,CUST-106746,2025-02-28,0,0,False,False,50849.89749999999,Current
LN-507509,CUST-104301,2025-02-28,0,0,False,False,12534.810000000003,Current
LN-507510,CUST-102103,2025-02-28,0,0,False,False,18706.687500000007,Current
LN-507512,CUST-101569,2025-02-28,0,0,False,False,23293.44,Current
LN-507513,CUST-104721,2025-02-28,0,0,False,False,9983.327500000003,Current
LN-507515,CUST-100094,2025-02-28,0,0,False,False,25470.100000000013,Current
LN-507516,CUST-102025,2025-02-28,0,0,False,False,14942.870000000003,Current
LN-507517,CUST-102566,2025-02-28,0,0,False,False,15830.27,Current
LN-507518,CUST-104550,2025-02-28,0,0,False,False,10495.67000000001,Current
LN-507519,CUST-106983,2025-02-28,0,0,False,False,25689.209999999995,Current
LN-507520,CUST-104699,2025-02-28,0,0,False,False,43388.92750000001,Current
LN-507521,CUST-103667,2025-02-28,0,0,False,False,81069.9275,Current
LN-507522,CUST-107322,2025-02-28,0,0,False,False,27029.660000000003,Current
LN-507523,CUST-103682,2025-02-28,0,0,False,False,22776.965,Current
LN-507524,CUST-100177,2025-02-28,0,0,False,False,34730.39,Current
LN-507526,CUST-103589,2025-02-28,0,0,False,False,19690.404999999995,Current
LN-507528,CUST-107463,2025-02-28,0,0,False,False,602936.5800000001,Current
LN-507529,CUST-104119,2025-02-28,0,0,False,False,17930.950000000008,Current
LN-507530,CUST-106682,2025-02-28,0,0,False,False,10761.350000000004,Current
LN-507531,CUST-107734,2025-02-28,0,0,False,False,15069.07249999999,Current
LN-507532,CUST-100696,2025-02-28,0,0,False,False,13186.535000000005,Current
LN-507534,CUST-103380,2025-02-28,0,0,False,False,27337.545,Current
LN-507535,CUST-107509,2025-02-28,0,0,False,False,27795.507500000003,Current
LN-507537,CUST-105385,2025-02-28,0,0,False,False,23408.969999999994,Current
LN-507538,CUST-103752,2025-02-28,0,0,False,False,7435.3099999999995,Current
LN-507539,CUST-104491,2025-02-28,0,0,False,False,48514.83,Current
LN-507540,CUST-101585,2025-02-28,0,0,False,False,3486.8875000000007,Current
LN-507541,CUST-103036,2025-02-28,1,1,False,False,17952.82249999999,1-29
LN-507542,CUST-100034,2025-02-28,0,0,False,False,46646.24500000001,Current
LN-507543,CUST-105819,2025-02-28,0,0,False,False,20530.829999999998,Current
LN-507544,CUST-105821,2025-02-28,0,0,False,False,354824.0,Current
LN-507545,CUST-104352,2025-02-28,0,0,False,False,44296.22250000001,Current
LN-507546,CUST-104629,2025-02-28,0,0,False,False,28865.22,Current
LN-507547,CUST-104793,2025-02-28,1,26,False,False,34071.53999999999,1-29
LN-507548,CUST-103783,2025-02-28,0,0,False,False,19778.58,Current
LN-507549,CUST-102741,2025-02-28,0,0,False,False,365.4625000000001,Current
LN-507551,CUST-103437,2025-02-28,0,0,False,False,11858.014999999996,Current
LN-507553,CUST-105697,2025-02-28,0,0,False,False,51752.37,Current
LN-507554,CUST-105610,2025-02-28,0,0,False,False,25752.7375,Current
LN-507555,CUST-100395,2025-02-28,0,0,False,False,27473.575000000004,Current
LN-507556,CUST-106405,2025-02-28,0,0,False,False,49324.92,Current
LN-507557,CUST-102178,2025-02-28,0,0,False,False,29922.459999999995,Current
LN-507558,CUST-104226,2025-02-28,0,0,False,False,277156.0149999999,Current
LN-507559,CUST-100595,2025-02-28,2,44,False,False,7273.3150000000005,30-59
LN-507560,CUST-103358,2025-02-28,0,0,False,False,31367.880000000005,Current
LN-507561,CUST-103776,2025-02-28,0,0,False,False,10020.347499999998,Current
LN-507563,CUST-102247,2025-02-28,0,0,False,False,44820.695,Current
LN-507564,CUST-106169,2025-02-28,0,0,False,False,11931.162499999993,Current
LN-507565,CUST-100207,2025-02-28,0,0,False,False,47180.74,Current
LN-507566,CUST-102690,2025-02-28,0,0,False,False,19067.88,Current
LN-507567,CUST-103388,2025-02-28,0,0,False,False,185155.09249999997,Current
LN-507568,CUST-106057,2025-02-28,0,0,False,False,11153.8075,Current
LN-507569,CUST-104189,2025-02-28,0,0,False,False,5309.9050000000025,Current
LN-507571,CUST-100153,2025-02-28,0,0,False,False,19482.144999999993,Current
LN-507572,CUST-103389,2025-02-28,0,0,False,False,18192.54,Current
LN-507573,CUST-100987,2025-02-28,0,0,False,False,12381.855,Current
LN-507574,CUST-103934,2025-02-28,0,0,False,False,5235.819999999998,Current
LN-507575,CUST-104741,2025-02-28,1,8,False,False,47081.552499999976,1-29
LN-507577,CUST-105647,2025-02-28,0,0,False,False,17819.39500000001,Current
LN-507578,CUST-104173,2025-02-28,0,0,False,False,10157.20999999999,Current
LN-507579,CUST-102336,2025-02-28,0,0,False,False,6595.855,Current
LN-507580,CUST-106841,2025-02-28,0,0,False,False,28758.405,Current
LN-507581,CUST-100936,2025-02-28,0,0,False,False,37980.73499999997,Current
LN-507582,CUST-107262,2025-02-28,0,0,False,False,7783.6200000000035,Current
LN-507583,CUST-107406,2025-02-28,0,0,False,False,33997.04,Current
LN-507584,CUST-100935,2025-02-28,0,0,False,False,30249.52,Current
LN-507585,CUST-107414,2025-02-28,3,69,False,False,30945.68,60-89
LN-507587,CUST-104467,2025-02-28,0,0,False,False,43432.604999999996,Current
LN-507588,CUST-105149,2025-02-28,0,0,False,False,9223.912500000004,Current
LN-507589,CUST-107935,2025-02-28,0,0,False,False,10725.98,Current
LN-507590,CUST-101046,2025-02-28,0,0,False,False,41911.310000000005,Current
LN-507591,CUST-103740,2025-02-28,0,0,False,False,17053.162500000006,Current
LN-507592,CUST-101737,2025-02-28,0,0,False,False,9849.82,Current
LN-507593,CUST-106703,2025-02-28,0,0,False,False,379375.1825,Current
LN-507594,CUST-103741,2025-02-28,0,0,False,False,2550.0899999999997,Current
LN-507596,CUST-100027,2025-02-28,0,0,False,False,48036.899999999994,Current
LN-507597,CUST-107474,2025-02-28,0,0,False,False,78515.4875,Current
LN-507598,CUST-106607,2025-02-28,0,0,False,False,567856.3200000003,Current
LN-507599,CUST-106876,2025-02-28,0,0,False,False,17022.795,Current
LN-507600,CUST-100133,2025-02-28,0,0,False,False,96993.7675,Current
LN-507601,CUST-107391,2025-02-28,0,0,False,False,88924.34499999999,Current
LN-507602,CUST-101371,2025-02-28,0,0,False,False,8825.11,Current
LN-507603,CUST-102054,2025-02-28,0,0,False,False,3657.9225,Current
LN-507605,CUST-100388,2025-02-28,1,23,False,False,36883.17000000001,1-29
LN-507607,CUST-105358,2025-02-28,0,0,False,False,604043.0349999999,Current
LN-507608,CUST-104444,2025-02-28,0,0,False,False,11580.460000000001,Current
LN-507609,CUST-101575,2025-02-28,0,0,False,False,31324.825000000004,Current
LN-507610,CUST-103196,2025-02-28,0,0,False,False,39839.43499999999,Current
LN-507611,CUST-106668,2025-02-28,0,0,False,False,19360.3175,Current
LN-507612,CUST-106377,2025-02-28,0,0,False,False,32312.63750000001,Current
LN-507613,CUST-103281,2025-02-28,0,0,False,False,9797.305000000006,Current
LN-507614,CUST-100020,2025-02-28,0,0,False,False,12183.452499999996,Current
LN-507615,CUST-104877,2025-02-28,0,0,False,False,33387.56999999998,Current
LN-507617,CUST-106289,2025-02-28,0,0,False,False,4330.539999999997,Current
LN-507618,CUST-100672,2025-02-28,0,0,False,False,33541.97749999999,Current
LN-507619,CUST-104736,2025-02-28,0,0,False,False,28748.919999999984,Current
LN-507622,CUST-106742,2025-02-28,0,0,False,False,16493.950000000004,Current
LN-507623,CUST-104058,2025-02-28,0,0,False,False,11828.692500000005,Current
LN-507624,CUST-103244,2025-02-28,0,0,False,False,22750.12,Current
LN-507626,CUST-102230,2025-02-28,0,0,False,False,17377.090000000004,Current
LN-507627,CUST-105564,2025-02-28,4,112,False,False,15404.142500000005,90+
LN-507628,CUST-103409,2025-02-28,4,98,False,False,3195.09,90+
LN-507629,CUST-102825,2025-02-28,0,0,False,False,28698.427500000016,Current
LN-507630,CUST-106947,2025-02-28,0,0,False,False,8630.865,Current
LN-507631,CUST-105892,2025-02-28,0,0,False,False,3996.4799999999996,Current
LN-507632,CUST-104900,2025-02-28,0,0,True,False,14675.695,Current
LN-507633,CUST-100636,2025-02-28,0,0,False,False,5697.18,Current
LN-507635,CUST-103629,2025-02-28,0,0,False,False,18644.66500000001,Current
LN-507636,CUST-101319,2025-02-28,0,0,False,False,25595.234999999997,Current
LN-507637,CUST-101330,2025-02-28,0,0,False,False,7755.177499999996,Current
LN-507638,CUST-105643,2025-02-28,0,0,False,False,364499.0550000001,Current
LN-507639,CUST-106220,2025-02-28,0,0,True,False,35593.82999999997,Current
LN-507640,CUST-100716,2025-02-28,0,0,False,False,24927.147500000006,Current
LN-507642,CUST-103480,2025-02-28,0,0,False,False,49005.54999999999,Current
LN-507645,CUST-107982,2025-02-28,0,0,False,False,31198.59000000001,Current
LN-507648,CUST-103232,2025-02-28,0,0,False,False,8669.092499999995,Current
LN-507649,CUST-102799,2025-02-28,0,0,False,False,35615.50499999998,Current
LN-507652,CUST-104371,2025-02-28,0,0,False,False,28702.102500000015,Current
LN-507653,CUST-106752,2025-02-28,0,0,False,False,31285.682499999995,Current
LN-507654,CUST-103627,2025-02-28,0,0,False,False,22849.722499999985,Current
LN-507655,CUST-105060,2025-02-28,0,0,False,False,24177.915,Current
LN-507657,CUST-103637,2025-02-28,0,0,False,False,6799.6225,Current
LN-507658,CUST-106273,2025-02-28,0,0,False,False,12803.935000000003,Current
LN-507660,CUST-105703,2025-02-28,0,0,False,False,21712.619999999995,Current
LN-507663,CUST-107501,2025-02-28,0,0,False,False,8993.737500000003,Current
LN-507664,CUST-102143,2025-02-28,0,0,False,False,1160.0425,Current
LN-507665,CUST-106390,2025-02-28,0,0,False,False,17238.364999999998,Current
LN-507666,CUST-104761,2025-02-28,0,0,False,False,18304.477499999994,Current
LN-507667,CUST-104089,2025-02-28,0,0,False,False,1875.7799999999997,Current
LN-507672,CUST-107259,2025-02-28,2,55,False,False,366620.18000000005,30-59
LN-507673,CUST-103336,2025-02-28,0,0,False,False,23041.684999999998,Current
LN-507674,CUST-101657,2025-02-28,0,0,False,False,47081.13500000002,Current
LN-507675,CUST-101344,2025-02-28,0,0,False,False,37713.745,Current
LN-507676,CUST-100830,2025-02-28,0,0,False,False,15721.674999999992,Current
LN-507677,CUST-105015,2025-02-28,0,0,False,False,47736.07999999998,Current
LN-507678,CUST-101821,2025-02-28,0,0,False,False,25081.437499999996,Current
LN-507679,CUST-106195,2025-02-28,0,0,False,False,127606.1,Current
LN-507680,CUST-105941,2025-02-28,0,0,False,False,16575.7725,Current
LN-507683,CUST-101324,2025-02-28,0,0,False,False,5297.865000000001,Current
LN-507684,CUST-103321,2025-02-28,1,4,False,False,8392.715000000004,1-29
LN-507685,CUST-102386,2025-02-28,0,0,False,False,16100.569999999994,Current
LN-507686,CUST-100706,2025-02-28,0,0,False,False,14148.185000000009,Current
LN-507688,CUST-101030,2025-02-28,0,0,False,False,7822.139999999999,Current
LN-507689,CUST-102339,2025-02-28,0,0,False,False,86497.89999999995,Current
LN-507690,CUST-106035,2025-02-28,0,0,False,False,27105.260000000006,Current
LN-507691,CUST-102599,2025-02-28,0,0,False,False,15318.962500000003,Current
LN-507692,CUST-103418,2025-02-28,0,0,False,False,22132.335000000014,Current
LN-507693,CUST-103393,2025-02-28,0,0,False,False,10847.092500000002,Current
LN-507694,CUST-101655,2025-02-28,0,0,False,False,134289.495,Current
LN-507695,CUST-101481,2025-02-28,0,0,False,False,7115.470000000003,Current
LN-507698,CUST-105084,2025-02-28,0,0,False,False,40788.759999999995,Current
LN-507700,CUST-106933,2025-02-28,0,0,False,False,20186.23,Current
LN-507703,CUST-100113,2025-02-28,0,0,False,False,9888.039999999999,Current
LN-507704,CUST-105686,2025-02-28,0,0,False,False,43507.49,Current
LN-507705,CUST-106539,2025-02-28,0,0,False,False,25498.445000000003,Current
LN-507706,CUST-107317,2025-02-28,0,0,False,False,19165.362499999977,Current
LN-507707,CUST-107122,2025-02-28,0,0,False,False,632564.3025000002,Current
LN-507708,CUST-104583,2025-02-28,0,0,False,False,42478.560000000034,Current
LN-507710,CUST-107543,2025-02-28,0,0,False,False,15588.400000000005,Current
LN-507711,CUST-107648,2025-02-28,0,0,False,False,12779.409999999998,Current
LN-507712,CUST-105668,2025-02-28,1,22,False,False,19386.04,1-29
LN-507714,CUST-103512,2025-02-28,0,0,False,False,1478.0399999999995,Current
LN-507717,CUST-104414,2025-02-28,0,0,False,False,22636.09999999999,Current
LN-507718,CUST-104971,2025-02-28,0,0,False,False,9023.127500000004,Current
LN-507719,CUST-102415,2025-02-28,1,8,False,False,17235.1,1-29
LN-507722,CUST-103692,2025-02-28,0,0,False,False,37370.09250000001,Current
LN-507723,CUST-106583,2025-02-28,0,0,False,False,11117.380000000001,Current
LN-507725,CUST-103033,2025-02-28,0,0,False,False,23779.0875,Current
LN-507727,CUST-106645,2025-02-28,4,109,False,False,73976.35499999995,90+
LN-507728,CUST-100376,2025-02-28,3,63,False,False,88063.28,60-89
LN-507729,CUST-107256,2025-02-28,0,0,False,False,32817.94,Current
LN-507730,CUST-105904,2025-02-28,0,0,False,False,6163.347499999999,Current
LN-507731,CUST-106316,2025-02-28,0,0,False,False,25417.269999999997,Current
LN-507732,CUST-105651,2025-02-28,0,0,False,False,5303.5075,Current
LN-507733,CUST-104967,2025-02-28,0,0,False,False,15228.034999999996,Current
LN-507736,CUST-104546,2025-02-28,0,0,False,False,13733.360000000015,Current
LN-507737,CUST-106439,2025-02-28,2,45,False,False,18304.4625,30-59
LN-507738,CUST-107030,2025-02-28,0,0,False,False,26078.44,Current
LN-507739,CUST-100734,2025-02-28,0,0,False,False,148169.82,Current
LN-507740,CUST-105806,2025-02-28,0,0,False,False,7913.2199999999975,Current
LN-507742,CUST-104094,2025-02-28,0,0,False,False,45694.959999999985,Current
LN-507743,CUST-100284,2025-02-28,0,0,False,False,19435.175,Current
LN-507744,CUST-104554,2025-02-28,0,0,False,False,11603.500000000002,Current
LN-507745,CUST-103349,2025-02-28,2,57,False,False,108365.92999999995,30-59
LN-507747,CUST-105597,2025-02-28,0,0,False,False,10399.475,Current
LN-507749,CUST-104474,2025-02-28,0,0,False,False,11520.524999999989,Current
LN-507750,CUST-107168,2025-02-28,0,0,False,False,39448.445,Current
LN-507751,CUST-103990,2025-02-28,0,0,False,False,22387.742499999997,Current
LN-507752,CUST-101906,2025-02-28,0,0,False,False,42713.85750000001,Current
LN-507754,CUST-104279,2025-02-28,1,8,False,False,25640.05500000001,1-29
LN-507755,CUST-100369,2025-02-28,0,0,False,False,66520.29250000005,Current
LN-507756,CUST-103373,2025-02-28,0,0,False,False,51561.40500000001,Current
LN-507759,CUST-102686,2025-02-28,0,0,False,False,23894.619999999995,Current
LN-507760,CUST-107099,2025-02-28,0,0,False,False,8704.102499999995,Current
LN-507761,CUST-100646,2025-02-28,0,0,False,False,603921.23,Current
LN-507762,CUST-102223,2025-02-28,0,0,False,False,7761.549999999997,Current
LN-507764,CUST-102151,2025-02-28,0,0,False,False,31271.100000000013,Current
LN-507766,CUST-104694,2025-02-28,0,0,False,False,7778.02,Current
LN-507767,CUST-106239,2025-02-28,0,0,False,False,40345.03000000001,Current
LN-507768,CUST-103654,2025-02-28,4,111,False,False,11804.059999999998,90+
LN-507769,CUST-107800,2025-02-28,0,0,False,False,89278.80500000002,Current
LN-507770,CUST-104457,2025-02-28,0,0,False,False,32476.524999999994,Current
LN-507771,CUST-101403,2025-02-28,0,0,False,False,15752.55999999999,Current
LN-507772,CUST-101797,2025-02-28,0,0,False,False,18043.049999999992,Current
LN-507773,CUST-103279,2025-02-28,0,0,False,False,21415.79,Current
LN-507775,CUST-107410,2025-02-28,0,0,False,False,5120.655000000001,Current
LN-507776,CUST-100077,2025-02-28,0,0,False,False,13059.452500000001,Current
LN-507777,CUST-101784,2025-02-28,0,0,False,False,6722.210000000005,Current
LN-507778,CUST-105259,2025-02-28,0,0,False,False,28085.594999999994,Current
LN-507779,CUST-105641,2025-02-28,0,0,False,False,10618.857499999998,Current
LN-507780,CUST-102408,2025-02-28,0,0,False,False,40229.97000000002,Current
LN-507781,CUST-107243,2025-02-28,0,0,False,False,16267.184999999992,Current
LN-507782,CUST-107109,2025-02-28,0,0,False,False,12990.984999999993,Current
LN-507783,CUST-101410,2025-02-28,0,0,False,False,9959.507500000002,Current
LN-507784,CUST-101393,2025-02-28,0,0,False,False,22676.48500000002,Current
LN-507785,CUST-107483,2025-02-28,0,0,False,False,32402.4225,Current
LN-507787,CUST-105099,2025-02-28,0,0,False,False,37956.67499999999,Current
LN-507788,CUST-105822,2025-02-28,2,36,False,False,14178.972499999993,30-59
LN-507790,CUST-107510,2025-02-28,0,0,False,False,22177.9725,Current
LN-507791,CUST-107282,2025-02-28,0,0,False,False,44920.55,Current
LN-507792,CUST-100298,2025-02-28,0,0,False,False,17235.12749999999,Current
LN-507793,CUST-105544,2025-02-28,0,0,False,False,16256.390000000007,Current
LN-507794,CUST-105659,2025-02-28,0,0,False,False,9664.120000000004,Current
LN-507795,CUST-104504,2025-02-28,3,81,False,False,37376.01,60-89
LN-507797,CUST-102394,2025-02-28,0,0,False,False,26027.510000000002,Current
LN-507799,CUST-104578,2025-02-28,0,0,False,False,43381.59499999998,Current
LN-507800,CUST-104360,2025-02-28,0,0,False,False,7895.029999999998,Current
LN-507801,CUST-100906,2025-02-28,0,0,False,False,36138.28999999999,Current
LN-507802,CUST-107813,2025-02-28,0,0,False,False,11680.697500000002,Current
LN-507804,CUST-101976,2025-02-28,0,0,False,False,30487.959999999985,Current
LN-507805,CUST-106885,2025-02-28,0,0,False,False,5056.26,Current
LN-507806,CUST-106205,2025-02-28,0,0,False,False,1169.132500000001,Current
LN-507808,CUST-103661,2025-02-28,0,0,False,False,19478.150000000005,Current
LN-507810,CUST-105698,2025-02-28,0,0,False,False,73934.19,Current
LN-507811,CUST-103258,2025-02-28,0,0,False,False,3289.76,Current
LN-507812,CUST-104624,2025-02-28,0,0,False,False,23333.29,Current
LN-507813,CUST-101173,2025-02-28,0,0,False,False,12294.06,Current
LN-507815,CUST-103110,2025-02-28,0,0,False,False,45546.82,Current
LN-507817,CUST-106951,2025-02-28,0,0,False,False,3569.0499999999993,Current
LN-507818,CUST-106420,2025-02-28,0,0,False,False,28405.4175,Current
LN-507819,CUST-105713,2025-02-28,0,0,False,False,42028.194999999985,Current
LN-507821,CUST-107211,2025-02-28,0,0,False,False,22451.294999999984,Current
LN-507822,CUST-102468,2025-02-28,0,0,False,False,18527.357500000002,Current
LN-507824,CUST-100159,2025-02-28,0,0,False,False,14448.220000000001,Current
LN-507825,CUST-103926,2025-02-28,0,0,False,False,47783.68749999999,Current
LN-507826,CUST-100641,2025-02-28,0,0,False,False,48145.97749999998,Current
LN-507827,CUST-101515,2025-02-28,0,0,False,False,5883.1725,Current
LN-507829,CUST-107102,2025-02-28,0,0,False,False,53373.41499999999,Current
LN-507830,CUST-101511,2025-02-28,0,0,False,False,27324.295,Current
LN-507831,CUST-100791,2025-02-28,4,107,False,False,5502.9575,90+
LN-507832,CUST-105625,2025-02-28,4,197,False,False,1501.06,90+
LN-507833,CUST-103019,2025-02-28,0,0,False,False,775.1499999999999,Current
LN-507834,CUST-107435,2025-02-28,0,0,False,False,15641.497500000016,Current
LN-507835,CUST-100261,2025-02-28,0,0,False,False,52681.85,Current
LN-507836,CUST-103257,2025-02-28,0,0,False,False,2134.0675,Current
LN-507837,CUST-107077,2025-02-28,0,0,False,False,19088.079999999998,Current
LN-507838,CUST-103896,2025-02-28,0,0,False,False,3802.8275,Current
LN-507841,CUST-107083,2025-02-28,0,0,False,False,131801.32,Current
LN-507842,CUST-106298,2025-02-28,0,0,False,False,15847.04,Current
LN-507843,CUST-102255,2025-02-28,0,0,False,False,34508.135,Current
LN-507844,CUST-104572,2025-02-28,0,0,False,False,7134.85,Current
LN-507845,CUST-100095,2025-02-28,2,56,False,False,6931.6975,30-59
LN-507846,CUST-106694,2025-02-28,0,0,False,False,153957.45999999993,Current
LN-507848,CUST-100429,2025-02-28,0,0,False,False,30522.345,Current
LN-507849,CUST-106875,2025-02-28,0,0,False,False,32346.27,Current
LN-507851,CUST-105081,2025-02-28,0,0,False,False,21180.82,Current
LN-507852,CUST-103433,2025-02-28,0,0,False,False,22986.369999999988,Current
LN-507853,CUST-101397,2025-02-28,0,0,False,False,107200.68000000008,Current
LN-507856,CUST-103759,2025-02-28,0,0,False,False,16889.244999999988,Current
LN-507857,CUST-107073,2025-02-28,0,0,False,False,18934.837499999994,Current
LN-507858,CUST-104400,2025-02-28,0,0,False,False,25991.73499999999,Current
LN-507859,CUST-101741,2025-02-28,0,0,False,False,15738.88,Current
LN-507861,CUST-100587,2025-02-28,0,0,False,False,18726.74,Current
LN-507862,CUST-104338,2025-02-28,0,0,False,False,31529.96,Current
LN-507863,CUST-103858,2025-02-28,0,0,False,False,12611.510000000002,Current
LN-507864,CUST-106520,2025-02-28,0,0,False,False,42315.74250000001,Current
LN-507865,CUST-104303,2025-02-28,0,0,False,False,1846.379999999999,Current
LN-507867,CUST-106021,2025-02-28,0,0,False,False,23388.73749999999,Current
LN-507868,CUST-101659,2025-02-28,4,100,False,False,16336.350000000002,90+
LN-507869,CUST-104179,2025-02-28,0,0,False,False,88543.0,Current
LN-507870,CUST-100228,2025-02-28,0,0,False,False,15253.995,Current
LN-507871,CUST-106816,2025-02-28,0,0,False,False,141879.13499999998,Current
LN-507872,CUST-104277,2025-02-28,0,0,False,False,8286.179999999993,Current
LN-507873,CUST-106157,2025-02-28,0,0,False,False,4605.639999999998,Current
LN-507874,CUST-106332,2025-02-28,0,0,False,False,10355.77,Current
LN-507875,CUST-101645,2025-02-28,0,0,False,False,6356.039999999997,Current
LN-507877,CUST-101932,2025-02-28,0,0,False,False,11877.36,Current
LN-507880,CUST-103626,2025-02-28,0,0,False,False,3827.8925,Current
LN-507881,CUST-103117,2025-02-28,1,16,False,False,20042.822500000002,1-29
LN-507882,CUST-100685,2025-02-28,0,0,False,False,19870.46,Current
LN-507883,CUST-107706,2025-02-28,0,0,False,False,39597.13000000002,Current
LN-507884,CUST-104436,2025-02-28,0,0,False,False,7857.270000000002,Current
LN-507885,CUST-103325,2025-02-28,0,0,False,False,20844.059999999994,Current
LN-507886,CUST-105830,2025-02-28,0,0,False,False,1176.97,Current
LN-507889,CUST-107046,2025-02-28,4,102,False,False,33034.98250000001,90+
LN-507890,CUST-105147,2025-02-28,2,58,False,False,45676.08499999998,30-59
LN-507891,CUST-100891,2025-02-28,0,0,False,False,18836.895,Current
LN-507892,CUST-105725,2025-02-28,1,17,False,False,19379.66500000001,1-29
LN-507893,CUST-103468,2025-02-28,0,0,False,False,21929.19,Current
LN-507895,CUST-104669,2025-02-28,0,0,False,False,12359.44,Current
LN-507896,CUST-100115,2025-02-28,4,193,False,False,29555.442500000005,90+
LN-507897,CUST-104066,2025-02-28,0,0,False,False,37064.255000000005,Current
LN-507898,CUST-107126,2025-02-28,0,0,False,False,19649.129999999994,Current
LN-507899,CUST-102292,2025-02-28,4,101,False,False,16807.2925,90+
LN-507900,CUST-106782,2025-02-28,0,0,False,False,17491.892500000005,Current
LN-507901,CUST-102324,2025-02-28,0,0,False,False,5316.527499999998,Current
LN-507903,CUST-102991,2025-02-28,0,0,False,False,3756.1549999999993,Current
LN-507906,CUST-102389,2025-02-28,0,0,False,False,208104.58499999996,Current
LN-507907,CUST-106795,2025-02-28,0,0,False,False,9139.57,Current
LN-507908,CUST-105966,2025-02-28,0,0,False,False,29510.400000000016,Current
LN-507909,CUST-102934,2025-02-28,0,0,False,False,25548.435000000005,Current
LN-507910,CUST-107716,2025-02-28,0,0,False,False,564950.63,Current
LN-507911,CUST-103876,2025-02-28,0,0,False,False,16839.887500000004,Current
LN-507912,CUST-103624,2025-02-28,0,0,False,False,32286.895000000008,Current
LN-507913,CUST-103997,2025-02-28,0,0,False,False,4897.550000000002,Current
LN-507915,CUST-103349,2025-02-28,0,0,False,False,25110.03,Current
LN-507917,CUST-107135,2025-02-28,0,0,False,False,20615.509999999995,Current
LN-507918,CUST-100147,2025-02-28,3,78,False,False,5509.862499999999,60-89
LN-507920,CUST-105519,2025-02-28,0,0,False,False,13008.800000000001,Current
LN-507921,CUST-102050,2025-02-28,0,0,False,False,18875.759999999984,Current
LN-507924,CUST-102519,2025-02-28,1,25,False,False,45750.47250000001,1-29
LN-507926,CUST-102732,2025-02-28,0,0,False,False,17805.134999999995,Current
LN-507927,CUST-103260,2025-02-28,0,0,False,False,1821.5649999999996,Current
LN-507928,CUST-102107,2025-02-28,0,0,False,False,6122.170000000001,Current
LN-507929,CUST-100155,2025-02-28,2,53,False,False,74363.27750000001,30-59
LN-507930,CUST-102137,2025-02-28,0,0,False,False,268207.49749999994,Current
LN-507931,CUST-107804,2025-02-28,0,0,False,False,46663.387500000004,Current
LN-507932,CUST-100087,2025-02-28,0,0,False,False,53159.43000000004,Current
LN-507933,CUST-101098,2025-02-28,0,0,False,False,1567.2524999999996,Current
LN-507934,CUST-106624,2025-02-28,0,0,False,False,23071.667500000003,Current
LN-507935,CUST-105616,2025-02-28,0,0,False,False,107332.76999999999,Current
LN-507936,CUST-107814,2025-02-28,0,0,False,False,1983.5550000000019,Current
LN-507937,CUST-107238,2025-02-28,0,0,False,False,13509.042499999994,Current
LN-507938,CUST-106706,2025-02-28,0,0,False,False,41902.37,Current
LN-507940,CUST-106514,2025-02-28,0,0,False,False,786.265,Current
LN-507943,CUST-100427,2025-02-28,0,0,False,False,43668.450000000004,Current
LN-507946,CUST-102492,2025-02-28,4,99,False,False,10317.760000000002,90+
LN-507949,CUST-101033,2025-02-28,0,0,False,False,21645.5775,Current
LN-507950,CUST-102665,2025-02-28,0,0,False,False,142477.22499999998,Current
LN-507951,CUST-101677,2025-02-28,0,0,False,False,13847.23,Current
LN-507952,CUST-101072,2025-02-28,0,0,False,False,19932.7975,Current
LN-507953,CUST-105615,2025-02-28,0,0,False,False,29442.22499999999,Current
LN-507955,CUST-105726,2025-02-28,0,0,False,False,40559.2125,Current
LN-507956,CUST-105874,2025-02-28,0,0,False,False,10036.515000000007,Current
LN-507957,CUST-105097,2025-02-28,0,0,False,False,6270.889999999999,Current
LN-507958,CUST-100745,2025-02-28,0,0,False,False,13694.10249999999,Current
LN-507959,CUST-104537,2025-02-28,0,0,False,False,42123.559999999976,Current
LN-507960,CUST-107733,2025-02-28,0,0,False,False,28478.07999999998,Current
LN-507962,CUST-101038,2025-02-28,0,0,False,False,3140.979999999999,Current
LN-507965,CUST-104329,2025-02-28,0,0,False,False,189472.38250000004,Current
LN-507967,CUST-104600,2025-02-28,0,0,False,False,441381.89,Current
LN-507968,CUST-106158,2025-02-28,0,0,False,False,20521.685,Current
LN-507974,CUST-105013,2025-02-28,0,0,False,False,8788.885000000004,Current
LN-507975,CUST-101125,2025-02-28,0,0,False,False,19155.050000000003,Current
LN-507979,CUST-104008,2025-02-28,0,0,False,False,16518.837500000005,Current
LN-507980,CUST-103202,2025-02-28,0,0,False,False,14541.565000000002,Current
LN-507982,CUST-101596,2025-02-28,0,0,False,False,18777.34,Current
LN-507983,CUST-104478,2025-02-28,0,0,False,False,510471.8475,Current
LN-507984,CUST-101212,2025-02-28,0,0,False,False,38879.149999999994,Current
LN-507985,CUST-101095,2025-02-28,0,0,False,False,12388.975,Current
LN-507986,CUST-105821,2025-02-28,0,0,False,False,11973.337499999994,Current
LN-507987,CUST-100268,2025-02-28,0,0,False,False,4631.210000000003,Current
LN-507989,CUST-100010,2025-02-28,0,0,False,False,24267.700000000008,Current
LN-507990,CUST-100003,2025-02-28,0,0,False,False,4543.094999999999,Current
LN-507991,CUST-102559,2025-02-28,0,0,False,False,49532.3575,Current
LN-507992,CUST-100098,2025-02-28,0,0,False,False,316860.7924999999,Current
LN-507993,CUST-100394,2025-02-28,0,0,False,False,28320.910000000007,Current
LN-507994,CUST-100168,2025-02-28,0,0,False,False,8763.735,Current
LN-507996,CUST-105303,2025-02-28,0,0,False,False,16636.075,Current
LN-507997,CUST-101568,2025-02-28,0,0,False,False,17168.289999999994,Current
LN-507998,CUST-100726,2025-02-28,0,0,False,False,12597.207499999999,Current
LN-507999,CUST-106321,2025-02-28,0,0,False,False,10731.120000000003,Current
LN-508000,CUST-100498,2025-02-28,0,0,False,False,23292.95,Current
LN-508001,CUST-103299,2025-02-28,0,0,False,False,39511.732500000006,Current
LN-508003,CUST-102578,2025-02-28,3,75,False,False,20506.41249999999,60-89
LN-508004,CUST-103475,2025-02-28,0,0,False,False,2769.575,Current
LN-508005,CUST-103151,2025-02-28,0,0,False,False,17953.07,Current
LN-508006,CUST-107703,2025-02-28,0,0,False,False,70495.3675,Current
LN-508008,CUST-101877,2025-02-28,0,0,False,False,22676.139999999996,Current
LN-508010,CUST-107686,2025-02-28,0,0,False,False,16925.097500000003,Current
LN-508011,CUST-100605,2025-02-28,4,128,False,False,23303.737500000003,90+
LN-508012,CUST-103544,2025-02-28,0,0,False,False,18034.58,Current
LN-508013,CUST-101700,2025-02-28,1,15,False,False,32580.255000000005,1-29
LN-508014,CUST-104485,2025-02-28,0,0,False,False,34771.91250000001,Current
LN-508015,CUST-101968,2025-02-28,0,0,False,False,11933.634999999995,Current
LN-508016,CUST-102640,2025-02-28,0,0,False,False,8715.185000000005,Current
LN-508017,CUST-100644,2025-02-28,0,0,False,False,21495.02999999999,Current
LN-508020,CUST-106226,2025-02-28,0,0,False,False,22312.032500000012,Current
LN-508021,CUST-105872,2025-02-28,0,0,False,False,11684.54,Current
LN-508023,CUST-105533,2025-02-28,0,0,False,False,10333.267499999996,Current
LN-508024,CUST-103647,2025-02-28,0,0,False,False,27276.075,Current
LN-508025,CUST-100799,2025-02-28,0,0,False,False,35117.935000000005,Current
LN-508026,CUST-103548,2025-02-28,0,0,False,False,12404.675000000003,Current
LN-508027,CUST-100233,2025-02-28,0,0,False,False,7845.065000000003,Current
LN-508029,CUST-106851,2025-02-28,0,0,False,False,30379.275,Current
LN-508031,CUST-103430,2025-02-28,0,0,False,False,21366.090000000004,Current
LN-508033,CUST-106994,2025-02-28,0,0,False,False,9352.3925,Current
LN-508035,CUST-101164,2025-02-28,0,0,False,False,47150.902500000004,Current
LN-508036,CUST-102465,2025-02-28,0,0,False,False,112306.77500000001,Current
LN-508037,CUST-103526,2025-02-28,0,0,False,False,11000.635000000002,Current
LN-508038,CUST-103474,2025-02-28,0,0,False,False,21792.295,Current
LN-508039,CUST-103821,2025-02-28,0,0,False,False,46088.04500000001,Current
LN-508040,CUST-101430,2025-02-28,0,0,False,False,4592.387500000002,Current
LN-508041,CUST-100381,2025-02-28,0,0,False,False,405616.24,Current
LN-508042,CUST-103791,2025-02-28,0,0,False,False,36269.28,Current
LN-508044,CUST-105735,2025-02-28,0,0,False,False,51033.65,Current
LN-508045,CUST-102911,2025-02-28,0,0,False,False,32267.317499999997,Current
LN-508046,CUST-103931,2025-02-28,0,0,False,False,9607.509999999997,Current
LN-508047,CUST-101461,2025-02-28,0,0,False,False,15235.827500000003,Current
LN-508048,CUST-101230,2025-02-28,0,0,False,False,8457.645000000004,Current
LN-508049,CUST-106818,2025-02-28,0,0,False,False,11204.63,Current
LN-508050,CUST-102186,2025-02-28,0,0,False,False,10928.874999999996,Current
LN-508051,CUST-107691,2025-02-28,0,0,False,False,19697.0325,Current
LN-508052,CUST-100619,2025-02-28,0,0,False,False,9734.2025,Current
LN-508054,CUST-102618,2025-02-28,0,0,False,False,14364.820000000007,Current
LN-508056,CUST-106963,2025-02-28,0,0,False,False,38834.72999999999,Current
LN-508057,CUST-104178,2025-02-28,0,0,False,False,21411.949999999997,Current
LN-508058,CUST-104773,2025-02-28,0,0,False,False,11375.535,Current
LN-508059,CUST-103076,2025-02-28,1,12,False,False,12971.512499999993,1-29
LN-508061,CUST-101752,2025-02-28,0,0,False,False,11944.372499999998,Current
LN-508062,CUST-106509,2025-02-28,0,0,False,False,354244.06250000006,Current
LN-508065,CUST-107343,2025-02-28,0,0,False,False,39549.37999999999,Current
LN-508066,CUST-103091,2025-02-28,0,0,False,False,3956.5425,Current
LN-508067,CUST-103714,2025-02-28,0,0,False,False,6743.640000000001,Current
LN-508068,CUST-100724,2025-02-28,0,0,False,False,17934.082499999993,Current
LN-508070,CUST-107293,2025-02-28,0,0,False,False,377.1750000000002,Current
LN-508071,CUST-103390,2025-02-28,4,128,False,False,128486.47,90+
LN-508073,CUST-106522,2025-02-28,0,0,False,False,354099.84750000003,Current
LN-508078,CUST-102180,2025-02-28,0,0,False,False,8407.415,Current
LN-508079,CUST-104048,2025-02-28,0,0,False,False,6804.872499999996,Current
LN-508080,CUST-104744,2025-02-28,1,3,False,False,47531.45000000001,1-29
LN-508081,CUST-106945,2025-02-28,0,0,False,False,18026.89,Current
LN-508082,CUST-103807,2025-02-28,0,0,False,False,46188.62,Current
LN-508084,CUST-104863,2025-02-28,0,0,False,False,40999.469999999994,Current
LN-508085,CUST-100511,2025-02-28,0,0,False,False,26482.059999999998,Current
LN-508086,CUST-104811,2025-02-28,0,0,False,False,13498.940000000004,Current
LN-508087,CUST-105282,2025-02-28,0,0,False,False,24390.969999999994,Current
LN-508089,CUST-107873,2025-02-28,0,0,False,False,14883.8,Current
LN-508090,CUST-106269,2025-02-28,0,0,False,False,67492.53499999999,Current
LN-508092,CUST-101320,2025-02-28,0,0,False,False,26193.725000000002,Current
LN-508094,CUST-105309,2025-02-28,0,0,False,False,29441.4,Current
LN-508095,CUST-101095,2025-02-28,0,0,False,False,17260.34,Current
LN-508096,CUST-100058,2025-02-28,0,0,False,False,10546.207499999999,Current
LN-508097,CUST-105775,2025-02-28,0,0,False,False,43683.125,Current
LN-508098,CUST-100032,2025-02-28,0,0,False,False,2925.3525,Current
LN-508099,CUST-106896,2025-02-28,0,0,False,False,14170.52,Current
LN-508100,CUST-104101,2025-02-28,0,0,False,False,20431.23999999999,Current
LN-508101,CUST-100948,2025-02-28,0,0,False,False,49636.09,Current
LN-508102,CUST-105183,2025-02-28,2,44,False,False,15993.347499999996,30-59
LN-508103,CUST-104940,2025-02-28,2,50,False,False,30614.070000000014,30-59
LN-508104,CUST-101787,2025-02-28,0,0,False,False,11501.679999999998,Current
LN-508106,CUST-105844,2025-02-28,0,0,False,False,34122.92500000002,Current
LN-508108,CUST-100114,2025-02-28,2,46,False,False,44463.7325,30-59
LN-508109,CUST-101810,2025-02-28,0,0,False,False,3124.15,Current
LN-508110,CUST-103100,2025-02-28,0,0,False,False,12601.305000000002,Current
LN-508112,CUST-107009,2025-02-28,0,0,False,False,22404.077500000003,Current
LN-508113,CUST-105178,2025-02-28,0,0,False,False,27488.12000000001,Current
LN-508116,CUST-100445,2025-02-28,0,0,False,False,6221.919999999996,Current
LN-508119,CUST-103447,2025-02-28,0,0,False,False,20871.199999999997,Current
LN-508120,CUST-106685,2025-02-28,0,0,False,False,8042.9275,Current
LN-508121,CUST-101767,2025-02-28,0,0,False,False,23480.170000000002,Current
LN-508122,CUST-107332,2025-02-28,0,0,False,False,26896.195,Current
LN-508124,CUST-105654,2025-02-28,0,0,False,False,47864.9375,Current
LN-508125,CUST-104849,2025-02-28,0,0,False,False,6772.615,Current
LN-508127,CUST-101014,2025-02-28,0,0,False,False,4601.960000000001,Current
LN-508128,CUST-104814,2025-02-28,2,45,False,False,47288.482500000006,30-59
LN-508129,CUST-106938,2025-02-28,2,32,False,False,34973.69999999998,30-59
LN-508130,CUST-100468,2025-02-28,0,0,False,False,32697.500000000007,Current
LN-508131,CUST-105837,2025-02-28,0,0,False,False,2361.9400000000023,Current
LN-508132,CUST-106212,2025-02-28,0,0,False,False,12607.190000000002,Current
LN-508134,CUST-105326,2025-02-28,3,66,False,False,16873.180000000004,60-89
LN-508135,CUST-100721,2025-02-28,0,0,False,False,5580.100000000002,Current
LN-508138,CUST-107202,2025-02-28,0,0,False,False,7317.510000000002,Current
LN-508140,CUST-107057,2025-02-28,0,0,False,False,292358.0874999998,Current
LN-508142,CUST-104743,2025-02-28,0,0,False,False,55359.0775,Current
LN-508143,CUST-103652,2025-02-28,0,0,False,False,11474.402500000007,Current
LN-508144,CUST-106331,2025-02-28,0,0,False,False,3936.159999999998,Current
LN-508145,CUST-102522,2025-02-28,0,0,False,False,22991.837499999998,Current
LN-508146,CUST-105866,2025-02-28,0,0,False,False,39178.170000000035,Current
LN-508147,CUST-104851,2025-02-28,0,0,False,False,8654.380000000001,Current
LN-508149,CUST-101000,2025-02-28,0,0,False,False,5327.799999999999,Current
LN-508151,CUST-106092,2025-02-28,0,0,False,False,41620.22250000001,Current
LN-508153,CUST-105722,2025-02-28,0,0,False,False,18039.94,Current
LN-508154,CUST-106902,2025-02-28,0,0,False,False,32701.04,Current
LN-508156,CUST-106711,2025-02-28,0,0,False,False,114095.04999999999,Current
LN-508157,CUST-107778,2025-02-28,0,0,False,False,16461.080000000005,Current
LN-508158,CUST-105537,2025-02-28,0,0,False,False,5668.5075000000015,Current
LN-508160,CUST-102006,2025-02-28,0,0,False,False,11631.064999999995,Current
LN-508161,CUST-107729,2025-02-28,0,0,False,False,2490.9124999999995,Current
LN-508162,CUST-104901,2025-02-28,0,0,False,False,52294.564999999995,Current
LN-508163,CUST-103564,2025-02-28,0,0,False,False,144733.4775,Current
LN-508165,CUST-104275,2025-02-28,0,0,False,False,16273.920000000011,Current
LN-508166,CUST-106736,2025-02-28,0,0,False,False,38096.81,Current
LN-508167,CUST-103823,2025-02-28,0,0,False,False,7085.015000000005,Current
LN-508168,CUST-101624,2025-02-28,0,0,False,False,13722.44,Current
LN-508169,CUST-106162,2025-02-28,0,0,False,False,14108.914999999997,Current
LN-508170,CUST-105594,2025-02-28,0,0,False,False,41140.112499999996,Current
LN-508171,CUST-107777,2025-02-28,0,0,False,False,6092.932499999999,Current
LN-508172,CUST-103779,2025-02-28,0,0,False,False,20344.03500000001,Current
LN-508174,CUST-106298,2025-02-28,3,81,False,False,49426.215000000026,60-89
LN-508177,CUST-106082,2025-02-28,0,0,False,False,30852.132499999996,Current
LN-508178,CUST-105085,2025-02-28,0,0,False,False,33973.08999999997,Current
LN-508179,CUST-105388,2025-02-28,4,99,False,False,4793.412500000001,90+
LN-508181,CUST-105981,2025-02-28,0,0,False,False,8929.199999999999,Current
LN-508182,CUST-101550,2025-02-28,0,0,False,False,27512.480000000007,Current
LN-508183,CUST-101674,2025-02-28,4,132,False,False,18414.76,90+
LN-508184,CUST-106596,2025-02-28,0,0,False,False,21942.575,Current
LN-508186,CUST-103641,2025-02-28,0,0,False,False,4706.664999999998,Current
LN-508187,CUST-106543,2025-02-28,0,0,False,False,41746.735,Current
LN-508190,CUST-107479,2025-02-28,0,0,False,False,4212.200000000002,Current
LN-508191,CUST-105735,2025-02-28,0,0,False,False,18018.569999999996,Current
LN-508192,CUST-103561,2025-02-28,0,0,False,False,6480.630000000001,Current
LN-508193,CUST-102912,2025-02-28,0,0,False,False,667.2399999999996,Current
LN-508194,CUST-106514,2025-02-28,0,0,False,False,13734.120000000003,Current
LN-508195,CUST-105946,2025-02-28,0,0,False,False,14945.510000000002,Current
LN-508196,CUST-102944,2025-02-28,0,0,False,False,2452.520000000002,Current
LN-508197,CUST-104545,2025-02-28,0,0,False,False,14468.417499999998,Current
LN-508198,CUST-102083,2025-02-28,0,0,False,False,7092.3675,Current
LN-508199,CUST-107279,2025-02-28,0,0,False,False,8997.414999999997,Current
LN-508201,CUST-103768,2025-02-28,0,0,False,False,11799.267500000009,Current
LN-508202,CUST-106217,2025-02-28,0,0,False,False,17452.954999999987,Current
LN-508203,CUST-107079,2025-02-28,0,0,False,False,9074.262499999992,Current
LN-508204,CUST-101076,2025-02-28,0,0,False,False,35573.01,Current
LN-508205,CUST-100423,2025-02-28,0,0,False,False,4948.4150000000045,Current
LN-508206,CUST-102241,2025-02-28,0,0,False,False,47126.40000000004,Current
LN-508207,CUST-102020,2025-02-28,0,0,False,False,181369.18,Current
LN-508208,CUST-103209,2025-02-28,0,0,False,False,10319.517499999994,Current
LN-508209,CUST-100033,2025-02-28,0,0,False,False,37764.3,Current
LN-508210,CUST-100106,2025-02-28,0,0,False,False,43969.67999999998,Current
LN-508211,CUST-104324,2025-02-28,0,0,False,False,19972.89,Current
LN-508212,CUST-103405,2025-02-28,0,0,False,False,742.7399999999999,Current
LN-508213,CUST-101765,2025-02-28,0,0,False,False,26364.039999999997,Current
LN-508214,CUST-102111,2025-02-28,0,0,False,False,22316.850000000013,Current
LN-508216,CUST-107860,2025-02-28,0,0,False,False,20101.92249999999,Current
LN-508217,CUST-102464,2025-02-28,0,0,False,False,15215.87,Current
LN-508218,CUST-102411,2025-02-28,0,0,False,False,64294.57500000001,Current
LN-508219,CUST-105270,2025-02-28,0,0,False,False,17700.73,Current
LN-508222,CUST-106308,2025-02-28,0,0,False,False,29243.727499999994,Current
LN-508223,CUST-105633,2025-02-28,0,0,False,False,11755.27,Current
LN-508224,CUST-103145,2025-02-28,0,0,False,False,30924.090000000015,Current
LN-508228,CUST-105529,2025-02-28,0,0,False,False,11042.989999999998,Current
LN-508229,CUST-101869,2025-02-28,0,0,False,False,36127.98249999999,Current
LN-508230,CUST-104817,2025-02-28,0,0,False,False,17631.24000000001,Current
LN-508231,CUST-105904,2025-02-28,0,0,False,False,27365.520000000004,Current
LN-508232,CUST-103862,2025-02-28,1,21,False,False,9200.5,1-29
LN-508233,CUST-101133,2025-02-28,0,0,False,False,103847.42249999999,Current
LN-508234,CUST-103620,2025-02-28,0,0,False,False,21856.08000000001,Current
LN-508235,CUST-106773,2025-02-28,0,0,False,False,25045.16,Current
LN-508237,CUST-107736,2025-02-28,0,0,False,False,1329.8499999999995,Current
LN-508238,CUST-105465,2025-02-28,2,42,False,False,12105.57,30-59
LN-508239,CUST-106892,2025-02-28,0,0,False,False,73019.2525,Current
LN-508240,CUST-106897,2025-02-28,0,0,False,False,3656.4799999999996,Current
LN-508241,CUST-107275,2025-02-28,0,0,False,False,15313.07,Current
LN-508242,CUST-102424,2025-02-28,0,0,False,False,21227.797500000022,Current
LN-508243,CUST-106086,2025-02-28,0,0,False,False,32399.714999999997,Current
LN-508244,CUST-104752,2025-02-28,0,0,False,False,16855.740000000005,Current
LN-508246,CUST-100561,2025-02-28,0,0,False,False,25564.794999999995,Current
LN-508247,CUST-105269,2025-02-28,0,0,False,False,12687.335,Current
LN-508249,CUST-102649,2025-02-28,0,0,False,False,19859.584999999995,Current
LN-508250,CUST-104803,2025-02-28,0,0,False,False,17793.5725,Current
LN-508251,CUST-107311,2025-02-28,0,0,False,False,15377.067500000012,Current
LN-508252,CUST-107583,2025-02-28,4,162,False,True,14199.080000000002,90+
LN-508253,CUST-101597,2025-02-28,0,0,False,False,40544.309999999976,Current
LN-508255,CUST-101068,2025-02-28,0,0,False,False,14465.017500000005,Current
LN-508256,CUST-107871,2025-02-28,0,0,False,False,18693.9975,Current
LN-508257,CUST-107434,2025-02-28,0,0,False,False,29174.91,Current
LN-508258,CUST-100441,2025-02-28,0,0,False,False,30246.42,Current
LN-508259,CUST-101625,2025-02-28,0,0,False,False,24310.3975,Current
LN-508262,CUST-103593,2025-02-28,0,0,False,False,18956.589999999993,Current
LN-508263,CUST-100252,2025-02-28,0,0,False,False,15139.380000000008,Current
LN-508264,CUST-105799,2025-02-28,0,0,False,False,52198.05499999999,Current
LN-508265,CUST-101542,2025-02-28,0,0,False,False,17127.56000000002,Current
LN-508266,CUST-107443,2025-02-28,0,0,False,False,19919.035000000003,Current
LN-508267,CUST-103129,2025-02-28,0,0,False,False,19067.542500000003,Current
LN-508268,CUST-102585,2025-02-28,0,0,False,False,38677.18499999997,Current
LN-508269,CUST-104407,2025-02-28,0,0,False,False,9511.314999999999,Current
LN-508270,CUST-106271,2025-02-28,0,0,False,False,17937.489999999994,Current
LN-508271,CUST-106376,2025-02-28,0,0,False,False,27213.339999999982,Current
LN-508272,CUST-107406,2025-02-28,4,105,False,False,10917.920000000007,90+
LN-508273,CUST-106747,2025-02-28,0,0,False,False,8442.669999999998,Current
LN-508274,CUST-100090,2025-02-28,0,0,False,False,17919.087500000023,Current
LN-508275,CUST-100187,2025-02-28,0,0,False,False,17254.06,Current
LN-508276,CUST-102035,2025-02-28,0,0,False,False,22816.592500000002,Current
LN-508277,CUST-106740,2025-02-28,0,0,False,False,11621.027500000004,Current
LN-508278,CUST-104738,2025-02-28,3,61,False,False,7948.879999999999,60-89
LN-508280,CUST-102768,2025-02-28,0,0,False,False,7266.53,Current
LN-508281,CUST-100901,2025-02-28,0,0,False,False,20550.71,Current
LN-508282,CUST-100081,2025-02-28,0,0,False,False,6113.380000000001,Current
LN-508283,CUST-103181,2025-02-28,1,16,False,False,38053.925,1-29
LN-508284,CUST-101304,2025-02-28,0,0,False,False,28536.36,Current
LN-508285,CUST-101346,2025-02-28,0,0,False,False,18481.89249999999,Current
LN-508287,CUST-100827,2025-02-28,0,0,False,False,57149.345,Current
LN-508288,CUST-102252,2025-02-28,2,35,False,False,26459.654999999988,30-59
LN-508289,CUST-100228,2025-02-28,0,0,False,False,48815.564999999995,Current
LN-508290,CUST-106995,2025-02-28,0,0,False,False,26347.73,Current
LN-508291,CUST-107258,2025-02-28,1,28,False,False,22432.62750000001,1-29
LN-508293,CUST-107474,2025-02-28,0,0,False,False,21462.000000000007,Current
LN-508294,CUST-105935,2025-02-28,0,0,False,False,12292.855,Current
LN-508295,CUST-102231,2025-02-28,0,0,False,False,5836.820000000001,Current
LN-508296,CUST-106807,2025-02-28,0,0,False,False,23682.1,Current
LN-508298,CUST-100747,2025-02-28,0,0,False,False,50699.262500000004,Current
LN-508299,CUST-102291,2025-02-28,0,0,False,False,782.2199999999998,Current
LN-508301,CUST-105818,2025-02-28,0,0,False,False,22535.775,Current
LN-508303,CUST-104230,2025-02-28,0,0,False,False,2214.020000000001,Current
LN-508304,CUST-106999,2025-02-28,0,0,False,False,47512.419999999984,Current
LN-508305,CUST-102373,2025-02-28,1,25,False,False,5216.539999999995,1-29
LN-508306,CUST-100398,2025-02-28,0,0,False,False,10907.4525,Current
LN-508307,CUST-107329,2025-02-28,0,0,False,False,25723.38,Current
LN-508308,CUST-101309,2025-02-28,0,0,False,False,9646.26000000001,Current
LN-508309,CUST-106651,2025-02-28,0,0,False,False,12670.812499999993,Current
LN-508310,CUST-105522,2025-02-28,0,0,False,False,19178.5175,Current
LN-508311,CUST-106824,2025-02-28,0,0,False,False,7823.525,Current
LN-508312,CUST-104308,2025-02-28,0,0,False,False,40954.169999999984,Current
LN-508313,CUST-105193,2025-02-28,0,0,False,False,42807.34499999998,Current
LN-508314,CUST-102581,2025-02-28,0,0,False,False,61681.86000000001,Current
LN-508315,CUST-103883,2025-02-28,0,0,False,False,10169.730000000003,Current
LN-508316,CUST-101631,2025-02-28,0,0,False,False,11745.777499999993,Current
LN-508317,CUST-100254,2025-02-28,0,0,False,False,5275.5375,Current
LN-508318,CUST-102153,2025-02-28,0,0,False,False,45522.085,Current
LN-508319,CUST-104819,2025-02-28,0,0,False,False,22182.815,Current
LN-508322,CUST-101917,2025-02-28,0,0,False,False,41098.745,Current
LN-508323,CUST-103669,2025-02-28,0,0,False,False,7244.032499999999,Current
LN-508324,CUST-106008,2025-02-28,0,0,False,False,14336.6525,Current
LN-508325,CUST-105594,2025-02-28,0,0,False,False,97423.36000000002,Current
LN-508326,CUST-105776,2025-02-28,0,0,False,False,29983.154999999995,Current
LN-508327,CUST-107558,2025-02-28,4,97,False,False,14727.3,90+
LN-508329,CUST-103127,2025-02-28,0,0,False,False,28215.897500000006,Current
LN-508330,CUST-102018,2025-02-28,0,0,False,False,471620.6199999999,Current
LN-508331,CUST-102475,2025-02-28,0,0,False,False,8322.099999999997,Current
LN-508333,CUST-107662,2025-02-28,0,0,False,False,14567.0825,Current
LN-508335,CUST-100002,2025-02-28,0,0,True,False,12552.65,Current
LN-508336,CUST-106477,2025-02-28,0,0,False,False,41968.950000000004,Current
LN-508337,CUST-101525,2025-02-28,0,0,False,False,5523.4175000000005,Current
LN-508338,CUST-102876,2025-02-28,0,0,False,False,20843.189999999995,Current
LN-508339,CUST-106895,2025-02-28,0,0,False,False,10720.409999999998,Current
LN-508340,CUST-105411,2025-02-28,0,0,False,False,9051.012499999999,Current
LN-508342,CUST-101476,2025-02-28,0,0,False,False,2233.419999999998,Current
LN-508346,CUST-101531,2025-02-28,0,0,False,False,47129.86499999997,Current
LN-508347,CUST-100040,2025-02-28,0,0,False,False,24619.3425,Current
LN-508348,CUST-102407,2025-02-28,0,0,False,False,8277.72999999999,Current
LN-508349,CUST-100947,2025-02-28,0,0,False,False,10090.507499999996,Current
LN-508350,CUST-101903,2025-02-28,0,0,False,False,17338.355000000003,Current
LN-508353,CUST-101025,2025-02-28,0,0,False,False,20127.932500000003,Current
LN-508355,CUST-107117,2025-02-28,0,0,False,False,11024.320000000003,Current
LN-508356,CUST-104507,2025-02-28,0,0,False,False,7400.660000000003,Current
LN-508357,CUST-100872,2025-02-28,0,0,False,False,22901.84,Current
LN-508359,CUST-103695,2025-02-28,0,0,False,False,26759.945,Current
LN-508360,CUST-103058,2025-02-28,0,0,False,False,42176.040000000015,Current
LN-508361,CUST-104343,2025-02-28,0,0,False,False,540348.25,Current
LN-508363,CUST-105135,2025-02-28,0,0,False,False,11266.635000000007,Current
LN-508364,CUST-104016,2025-02-28,1,11,False,False,17493.425000000003,1-29
LN-508366,CUST-101221,2025-02-28,0,0,False,False,1430.34,Current
LN-508367,CUST-105728,2025-02-28,0,0,False,False,30113.26000000001,Current
LN-508368,CUST-101280,2025-02-28,0,0,False,False,18105.717499999995,Current
LN-508371,CUST-100406,2025-02-28,0,0,False,False,35457.82000000001,Current
LN-508372,CUST-100969,2025-02-28,0,0,False,False,43898.67500000001,Current
LN-508375,CUST-100200,2025-02-28,0,0,False,False,4084.3600000000006,Current
LN-508376,CUST-101282,2025-02-28,0,0,False,False,13823.6,Current
LN-508377,CUST-103714,2025-02-28,0,0,False,False,21293.824999999997,Current
LN-508379,CUST-100607,2025-02-28,0,0,False,False,2446.5600000000004,Current
LN-508380,CUST-101589,2025-02-28,0,0,False,False,6991.025000000003,Current
LN-508386,CUST-102673,2025-02-28,0,0,False,False,6494.759999999998,Current
LN-508387,CUST-100994,2025-02-28,0,0,False,False,5583.6325000000015,Current
LN-508389,CUST-106259,2025-02-28,0,0,False,False,26107.100000000002,Current
LN-508391,CUST-102370,2025-02-28,1,26,False,False,28463.065000000002,1-29
LN-508392,CUST-103284,2025-02-28,0,0,False,False,11428.810000000005,Current
LN-508393,CUST-101088,2025-02-28,4,177,False,False,23831.1,90+
LN-508394,CUST-106153,2025-02-28,2,53,False,False,34506.18999999999,30-59
LN-508395,CUST-104221,2025-02-28,0,0,False,False,116805.07000000004,Current
LN-508398,CUST-106757,2025-02-28,0,0,False,False,51273.1475,Current
LN-508400,CUST-102353,2025-02-28,0,0,False,False,5889.470000000001,Current
LN-508401,CUST-100537,2025-02-28,0,0,False,False,30830.950000000004,Current
LN-508402,CUST-100590,2025-02-28,0,0,False,False,577240.5850000002,Current
LN-508403,CUST-100060,2025-02-28,0,0,False,False,10857.05,Current
LN-508404,CUST-105104,2025-02-28,0,0,False,False,32467.17,Current
LN-508405,CUST-107410,2025-02-28,0,0,False,False,46755.6575,Current
LN-508409,CUST-106793,2025-02-28,0,0,False,False,36808.66999999998,Current
LN-508410,CUST-107181,2025-02-28,0,0,False,False,24265.38500000001,Current
LN-508411,CUST-105946,2025-02-28,0,0,False,False,111317.77000000002,Current
LN-508413,CUST-106081,2025-02-28,0,0,False,False,114270.2175,Current
LN-508416,CUST-100451,2025-02-28,0,0,False,False,54902.055000000015,Current
LN-508417,CUST-103493,2025-02-28,0,0,False,False,26031.78999999999,Current
LN-508418,CUST-101209,2025-02-28,0,0,False,False,2410.070000000001,Current
LN-508419,CUST-106422,2025-02-28,0,0,False,False,20042.90999999999,Current
LN-508420,CUST-101538,2025-02-28,0,0,False,False,7149.844999999996,Current
LN-508421,CUST-101467,2025-02-28,0,0,False,False,14523.329999999998,Current
LN-508422,CUST-107662,2025-02-28,0,0,False,False,7016.502499999999,Current
LN-508423,CUST-102980,2025-02-28,0,0,False,False,11438.259999999998,Current
LN-508425,CUST-102101,2025-02-28,0,0,False,False,12058.964999999998,Current
LN-508426,CUST-106374,2025-02-28,0,0,False,False,48038.27499999998,Current
LN-508427,CUST-104206,2025-02-28,0,0,False,False,49678.12500000001,Current
LN-508428,CUST-103790,2025-02-28,0,0,False,False,17074.42,Current
LN-508429,CUST-101322,2025-02-28,0,0,False,False,109164.2675,Current
LN-508430,CUST-107026,2025-02-28,0,0,False,False,23401.2275,Current
LN-508431,CUST-100139,2025-02-28,0,0,False,False,21354.76750000001,Current
LN-508432,CUST-100714,2025-02-28,0,0,False,False,37518.904999999984,Current
LN-508433,CUST-105582,2025-02-28,0,0,False,False,46968.7825,Current
LN-508434,CUST-107242,2025-02-28,2,49,False,False,3673.8200000000015,30-59
LN-508437,CUST-103830,2025-02-28,0,0,False,False,11392.37,Current
LN-508438,CUST-105480,2025-02-28,0,0,False,False,11818.525000000001,Current
LN-508439,CUST-105904,2025-02-28,0,0,False,False,18244.92,Current
LN-508440,CUST-102080,2025-02-28,0,0,False,False,12813.16,Current
LN-508441,CUST-103163,2025-02-28,0,0,False,False,24655.519999999986,Current
LN-508443,CUST-102590,2025-02-28,0,0,False,False,20636.015000000014,Current
LN-508444,CUST-105729,2025-02-28,0,0,False,False,87771.91999999995,Current
LN-508445,CUST-103119,2025-02-28,0,0,False,False,14928.774999999994,Current
LN-508448,CUST-101839,2025-02-28,0,0,False,False,20393.420000000006,Current
LN-508449,CUST-107536,2025-02-28,0,0,False,False,30423.89,Current
LN-508451,CUST-104036,2025-02-28,0,0,False,False,16978.8,Current
LN-508452,CUST-103550,2025-02-28,0,0,False,False,5461.47,Current
LN-508453,CUST-105928,2025-02-28,0,0,False,False,12291.614999999996,Current
LN-508454,CUST-104543,2025-02-28,0,0,False,False,1353.7524999999998,Current
LN-508455,CUST-100327,2025-02-28,0,0,False,False,16739.29500000001,Current
LN-508456,CUST-107314,2025-02-28,0,0,False,False,482467.8575000001,Current
LN-508460,CUST-105542,2025-02-28,0,0,False,False,25051.025,Current
LN-508461,CUST-106894,2025-02-28,0,0,False,False,37170.63,Current
LN-508462,CUST-106467,2025-02-28,0,0,False,False,4919.244999999997,Current
LN-508463,CUST-107761,2025-02-28,0,0,False,False,28490.064999999995,Current
LN-508465,CUST-105009,2025-02-28,0,0,False,False,15771.600000000006,Current
LN-508466,CUST-106432,2025-02-28,0,0,False,False,12142.9075,Current
LN-508467,CUST-103688,2025-02-28,0,0,False,False,49130.27,Current
LN-508468,CUST-107885,2025-02-28,0,0,False,False,16271.874999999987,Current
LN-508469,CUST-101149,2025-02-28,0,0,False,False,16293.81,Current
LN-508470,CUST-106003,2025-02-28,0,0,False,False,35463.95000000002,Current
LN-508471,CUST-100923,2025-02-28,0,0,False,False,414.1150000000003,Current
LN-508472,CUST-107184,2025-02-28,0,0,False,False,41148.7925,Current
LN-508474,CUST-104113,2025-02-28,0,0,False,False,21077.52249999999,Current
LN-508475,CUST-101905,2025-02-28,0,0,False,False,49480.74,Current
LN-508476,CUST-102347,2025-02-28,0,0,False,False,15126.3825,Current
LN-508477,CUST-107058,2025-02-28,0,0,False,False,10130.920000000002,Current
LN-508478,CUST-103277,2025-02-28,0,0,False,False,2480.8400000000006,Current
LN-508479,CUST-106631,2025-02-28,0,0,False,False,19041.639999999992,Current
LN-508480,CUST-107309,2025-02-28,0,0,False,False,13430.86,Current
LN-508481,CUST-100959,2025-02-28,0,0,False,False,29626.104999999996,Current
LN-508482,CUST-106949,2025-02-28,0,0,False,False,31878.44,Current
LN-508483,CUST-106426,2025-02-28,0,0,False,False,6869.494999999997,Current
LN-508485,CUST-103731,2025-02-28,0,0,False,False,37879.4675,Current
LN-508486,CUST-104120,2025-02-28,0,0,False,False,5651.884999999999,Current
LN-508487,CUST-100276,2025-02-28,0,0,False,False,25555.91,Current
LN-508488,CUST-100907,2025-02-28,0,0,False,False,17038.79,Current
LN-508489,CUST-104939,2025-02-28,0,0,False,False,8646.84749999999,Current
LN-508490,CUST-102140,2025-02-28,0,0,False,False,32079.480000000003,Current
LN-508491,CUST-103215,2025-02-28,0,0,False,False,22670.9,Current
LN-508492,CUST-105152,2025-02-28,0,0,False,False,31236.969999999994,Current
LN-508494,CUST-107725,2025-02-28,0,0,False,False,14985.68,Current
LN-508496,CUST-103249,2025-02-28,0,0,False,False,35571.3375,Current
LN-508497,CUST-105702,2025-02-28,0,0,False,False,7672.860000000002,Current
LN-508498,CUST-106564,2025-02-28,0,0,False,False,30615.239999999998,Current
LN-508499,CUST-106613,2025-02-28,0,0,False,False,2144.8325,Current
LN-508500,CUST-100010,2025-02-28,0,0,False,False,29921.8175,Current
LN-508501,CUST-101612,2025-02-28,0,0,True,False,34759.54000000001,Current
LN-508502,CUST-102844,2025-02-28,0,0,False,False,14722.310000000005,Current
LN-508503,CUST-104784,2025-02-28,0,0,False,False,19815.910000000003,Current
LN-508504,CUST-105974,2025-02-28,0,0,False,False,612655.0199999999,Current
LN-508505,CUST-106708,2025-02-28,0,0,False,False,344265.66,Current
LN-508507,CUST-103251,2025-02-28,0,0,False,False,46307.12000000001,Current
LN-508508,CUST-106961,2025-02-28,0,0,False,False,37023.359999999986,Current
LN-508510,CUST-102824,2025-02-28,0,0,False,False,132343.40000000005,Current
LN-508511,CUST-107485,2025-02-28,0,0,False,False,10312.084999999997,Current
LN-508513,CUST-101016,2025-02-28,0,0,False,False,10095.36,Current
LN-508516,CUST-106674,2025-02-28,0,0,False,False,38715.58,Current
LN-508518,CUST-106444,2025-02-28,0,0,False,False,4351.3,Current
LN-508519,CUST-100331,2025-02-28,0,0,False,False,27687.329999999998,Current
LN-508520,CUST-105718,2025-02-28,0,0,False,False,8051.275,Current
LN-508521,CUST-100683,2025-02-28,0,0,False,False,33640.34749999998,Current
LN-508525,CUST-105857,2025-02-28,0,0,False,False,18506.712499999994,Current
LN-508526,CUST-106485,2025-02-28,0,0,False,False,38206.95,Current
LN-508527,CUST-101489,2025-02-28,0,0,False,False,11530.960000000003,Current
LN-508529,CUST-106412,2025-02-28,0,0,False,False,40054.58,Current
LN-508530,CUST-106091,2025-02-28,0,0,False,False,2291.8074999999994,Current
LN-508531,CUST-102605,2025-02-28,0,0,False,False,29448.237499999996,Current
LN-508532,CUST-107470,2025-02-28,0,0,False,False,24595.047500000004,Current
LN-508534,CUST-105176,2025-02-28,0,0,False,False,25914.812500000007,Current
LN-508536,CUST-107055,2025-02-28,0,0,False,False,3376.8899999999994,Current
LN-508537,CUST-106411,2025-02-28,3,76,False,False,16406.587499999998,60-89
LN-508538,CUST-106666,2025-02-28,0,0,False,False,26263.617500000004,Current
LN-508541,CUST-106408,2025-02-28,0,0,False,False,115327.82,Current
LN-508542,CUST-104886,2025-02-28,4,102,False,False,14821.62,90+
LN-508543,CUST-101828,2025-02-28,0,0,False,False,16982.734999999982,Current
LN-508544,CUST-106457,2025-02-28,0,0,False,False,28695.277500000007,Current
LN-508546,CUST-100183,2025-02-28,0,0,False,False,20136.350000000002,Current
LN-508549,CUST-105697,2025-02-28,0,0,False,False,12978.4275,Current
LN-508551,CUST-101975,2025-02-28,0,0,False,False,6437.69,Current
LN-508552,CUST-105315,2025-02-28,0,0,False,False,9150.74,Current
LN-508553,CUST-104372,2025-02-28,0,0,False,False,17107.76,Current
LN-508554,CUST-101192,2025-02-28,0,0,False,False,21109.11999999999,Current
LN-508555,CUST-100838,2025-02-28,0,0,False,False,8793.012499999995,Current
LN-508556,CUST-106087,2025-02-28,0,0,False,False,49017.72000000001,Current
LN-508557,CUST-106514,2025-02-28,0,0,False,False,38096.3675,Current
LN-508561,CUST-100226,2025-02-28,0,0,False,False,30485.0,Current
LN-508562,CUST-107081,2025-02-28,0,0,False,False,22781.08,Current
LN-508563,CUST-106140,2025-02-28,0,0,False,False,39469.86,Current
LN-508564,CUST-102983,2025-02-28,0,0,False,False,11708.619999999995,Current
LN-508566,CUST-104266,2025-02-28,0,0,False,False,36014.51250000001,Current
LN-508569,CUST-107905,2025-02-28,0,0,False,False,44310.04749999999,Current
LN-508570,CUST-102620,2025-02-28,0,0,False,False,3325.8899999999976,Current
LN-508572,CUST-105381,2025-02-28,0,0,False,False,32150.947499999973,Current
LN-508574,CUST-100640,2025-02-28,0,0,False,False,8208.560000000005,Current
LN-508576,CUST-100147,2025-02-28,0,0,False,False,7098.089999999999,Current
LN-508578,CUST-101451,2025-02-28,0,0,False,False,32878.83000000002,Current
LN-508581,CUST-106113,2025-02-28,0,0,False,False,14837.062499999998,Current
LN-508582,CUST-100148,2025-02-28,0,0,False,False,111327.42249999999,Current
LN-508583,CUST-105317,2025-02-28,0,0,False,False,12413.000000000007,Current
LN-508584,CUST-105496,2025-02-28,0,0,False,False,13527.122500000003,Current
LN-508585,CUST-107694,2025-02-28,0,0,False,False,29739.39250000001,Current
LN-508587,CUST-103191,2025-02-28,1,16,False,False,5500.944999999999,1-29
LN-508588,CUST-101666,2025-02-28,0,0,False,False,22020.090000000007,Current
LN-508589,CUST-101801,2025-02-28,0,0,False,False,22151.5125,Current
LN-508591,CUST-101608,2025-02-28,0,0,False,False,48215.80000000002,Current
LN-508592,CUST-105429,2025-02-28,0,0,False,False,8326.15,Current
LN-508593,CUST-100922,2025-02-28,0,0,False,False,331116.0175,Current
LN-508594,CUST-102256,2025-02-28,0,0,False,False,12153.160000000005,Current
LN-508595,CUST-106080,2025-02-28,0,0,False,False,41128.704999999994,Current
LN-508597,CUST-100852,2025-02-28,0,0,False,False,44387.149999999994,Current
LN-508598,CUST-106580,2025-02-28,0,0,False,False,222890.08999999997,Current
LN-508599,CUST-104273,2025-02-28,0,0,False,False,23390.23000000001,Current
LN-508600,CUST-103312,2025-02-28,0,0,False,False,39432.380000000005,Current
LN-508601,CUST-104260,2025-02-28,0,0,False,False,31740.70500000001,Current
LN-508602,CUST-102056,2025-02-28,0,0,False,False,284924.5250000002,Current
LN-508603,CUST-105206,2025-02-28,0,0,False,False,20074.070000000003,Current
LN-508605,CUST-101128,2025-02-28,0,0,False,False,23769.830000000005,Current
LN-508606,CUST-104291,2025-02-28,0,0,False,False,8602.317500000008,Current
LN-508608,CUST-100089,2025-02-28,0,0,False,False,40343.550000000025,Current
LN-508609,CUST-101500,2025-02-28,2,58,False,False,19345.630000000012,30-59
LN-508611,CUST-106462,2025-02-28,0,0,False,False,16508.085,Current
LN-508612,CUST-103439,2025-02-28,0,0,False,False,16452.165,Current
LN-508614,CUST-100917,2025-02-28,0,0,True,False,40000.35000000002,Current
LN-508615,CUST-100771,2025-02-28,0,0,False,False,38425.364999999976,Current
LN-508618,CUST-100221,2025-02-28,0,0,False,False,3867.327500000005,Current
LN-508619,CUST-103963,2025-02-28,0,0,False,False,13738.500000000007,Current
LN-508620,CUST-102845,2025-02-28,0,0,False,False,20517.124999999996,Current
LN-508621,CUST-107649,2025-02-28,0,0,False,False,39089.20749999998,Current
LN-508623,CUST-100558,2025-02-28,0,0,False,False,132646.48749999993,Current
LN-508624,CUST-101426,2025-02-28,0,0,False,False,20538.455,Current
LN-508626,CUST-104214,2025-02-28,0,0,False,False,6837.23,Current
LN-508627,CUST-107518,2025-02-28,0,0,False,False,12505.32,Current
LN-508628,CUST-102557,2025-02-28,0,0,False,False,8417.832499999995,Current
LN-508630,CUST-101168,2025-02-28,0,0,False,False,32511.25750000001,Current
LN-508631,CUST-106084,2025-02-28,2,48,False,False,22773.869999999995,30-59
LN-508632,CUST-102799,2025-02-28,0,0,False,False,20875.19,Current
LN-508633,CUST-103722,2025-02-28,0,0,False,False,33046.755000000034,Current
LN-508635,CUST-103085,2025-02-28,0,0,False,False,36958.60250000001,Current
LN-508637,CUST-102067,2025-02-28,0,0,False,False,61630.81,Current
LN-508638,CUST-102073,2025-02-28,0,0,False,False,52096.41,Current
LN-508639,CUST-101216,2025-02-28,0,0,False,False,31246.339999999997,Current
LN-508640,CUST-106926,2025-02-28,0,0,False,False,31085.940000000002,Current
LN-508642,CUST-104941,2025-02-28,0,0,False,False,115234.91499999998,Current
LN-508643,CUST-101404,2025-02-28,0,0,False,False,29568.74,Current
LN-508644,CUST-101838,2025-02-28,0,0,False,False,12761.967500000002,Current
LN-508645,CUST-104642,2025-02-28,0,0,False,False,47311.189999999995,Current
LN-508646,CUST-100612,2025-02-28,0,0,False,False,5210.177500000001,Current
LN-508647,CUST-102013,2025-02-28,0,0,False,False,7736.6,Current
LN-508648,CUST-105992,2025-02-28,0,0,False,False,54730.83,Current
LN-508649,CUST-101776,2025-02-28,0,0,False,False,46089.68,Current
LN-508650,CUST-105512,2025-02-28,0,0,False,False,1649.5349999999994,Current
LN-508651,CUST-101755,2025-02-28,0,0,False,False,13118.980000000005,Current
LN-508652,CUST-104891,2025-02-28,0,0,False,False,22339.884999999987,Current
LN-508653,CUST-101363,2025-02-28,0,0,False,False,47455.86,Current
LN-508654,CUST-106109,2025-02-28,0,0,False,False,13404.119999999999,Current
LN-508655,CUST-106675,2025-02-28,0,0,False,False,12536.010000000002,Current
LN-508657,CUST-106062,2025-02-28,0,0,False,False,32463.219999999987,Current
LN-508658,CUST-106021,2025-02-28,0,0,False,False,32324.025,Current
LN-508659,CUST-102601,2025-02-28,0,0,False,False,34406.552499999976,Current
LN-508660,CUST-101463,2025-02-28,0,0,False,False,10153.0275,Current
LN-508662,CUST-101576,2025-02-28,0,0,False,False,9148.889999999998,Current
LN-508663,CUST-101061,2025-02-28,0,0,False,False,20840.7125,Current
LN-508664,CUST-106728,2025-02-28,0,0,False,False,15548.164999999999,Current
LN-508665,CUST-102167,2025-02-28,0,0,False,False,37515.70999999999,Current
LN-508666,CUST-105498,2025-02-28,0,0,False,False,38338.76,Current
LN-508669,CUST-107559,2025-02-28,0,0,False,False,115487.4175,Current
LN-508670,CUST-100152,2025-02-28,0,0,False,False,26596.81750000001,Current
LN-508671,CUST-102599,2025-02-28,0,0,False,False,9554.647500000001,Current
LN-508672,CUST-107022,2025-02-28,0,0,False,False,31506.520000000004,Current
LN-508673,CUST-107868,2025-02-28,0,0,False,False,3200.1049999999996,Current
LN-508674,CUST-102057,2025-02-28,0,0,False,False,28537.035000000003,Current
LN-508675,CUST-100642,2025-02-28,0,0,False,False,1377.6550000000002,Current
LN-508676,CUST-105108,2025-02-28,0,0,False,False,79779.80999999995,Current
LN-508677,CUST-100375,2025-02-28,0,0,False,False,45833.24000000001,Current
LN-508678,CUST-106268,2025-02-28,0,0,False,False,45138.98,Current
LN-508679,CUST-101636,2025-02-28,0,0,False,False,140803.59499999997,Current
LN-508680,CUST-100820,2025-02-28,0,0,False,False,43906.865,Current
LN-508681,CUST-106949,2025-02-28,0,0,False,False,25541.007500000003,Current
LN-508683,CUST-100372,2025-02-28,0,0,False,False,5480.4599999999955,Current
LN-508685,CUST-100612,2025-02-28,0,0,False,False,23877.127499999995,Current
LN-508686,CUST-100658,2025-02-28,0,0,False,False,18200.109999999982,Current
LN-508687,CUST-100927,2025-02-28,0,0,False,False,6039.735000000001,Current
LN-508688,CUST-106982,2025-02-28,0,0,False,False,20115.13000000001,Current
LN-508689,CUST-104595,2025-02-28,0,0,False,False,31409.804999999997,Current
LN-508690,CUST-103386,2025-02-28,0,0,False,False,45401.43000000001,Current
LN-508691,CUST-106173,2025-02-28,0,0,False,False,10401.69,Current
LN-508692,CUST-102927,2025-02-28,0,0,False,False,15140.670000000006,Current
LN-508693,CUST-103974,2025-02-28,2,34,False,False,23076.9575,30-59
LN-508694,CUST-101864,2025-02-28,0,0,False,False,27092.41,Current
LN-508695,CUST-105889,2025-02-28,0,0,False,False,21125.74999999998,Current
LN-508696,CUST-103397,2025-02-28,0,0,False,False,37131.539999999986,Current
LN-508697,CUST-103384,2025-02-28,0,0,False,False,37889.04,Current
LN-508698,CUST-107688,2025-02-28,0,0,False,False,20727.43500000001,Current
LN-508699,CUST-106993,2025-02-28,1,18,False,False,181849.00749999995,1-29
LN-508700,CUST-105178,2025-02-28,0,0,False,False,146384.855,Current
LN-508701,CUST-105227,2025-02-28,0,0,False,False,19410.687500000007,Current
LN-508702,CUST-104009,2025-02-28,0,0,False,False,64098.840000000004,Current
LN-508703,CUST-104220,2025-02-28,2,41,False,False,6285.8949999999995,30-59
LN-508706,CUST-101877,2025-02-28,0,0,False,False,16652.28,Current
LN-508707,CUST-107819,2025-02-28,0,0,False,False,23177.3,Current
LN-508709,CUST-105651,2025-02-28,0,0,False,False,11474.447499999993,Current
LN-508710,CUST-103026,2025-02-28,0,0,False,False,8888.6875,Current
LN-508711,CUST-102878,2025-02-28,0,0,False,False,11856.89,Current
LN-508712,CUST-102008,2025-02-28,0,0,False,False,18792.820000000007,Current
LN-508713,CUST-101008,2025-02-28,0,0,False,False,346001.1900000002,Current
LN-508714,CUST-102397,2025-02-28,0,0,False,False,12417.472499999993,Current
LN-508715,CUST-100203,2025-02-28,0,0,False,False,565276.8550000001,Current
LN-508716,CUST-101143,2025-02-28,0,0,False,False,9090.464999999998,Current
LN-508718,CUST-105689,2025-02-28,0,0,False,False,9245.937500000004,Current
LN-508720,CUST-103733,2025-02-28,0,0,False,False,26479.109999999993,Current
LN-508721,CUST-107981,2025-02-28,0,0,False,False,18197.447500000006,Current
LN-508722,CUST-101282,2025-02-28,0,0,False,False,13056.070000000003,Current
LN-508723,CUST-105973,2025-02-28,0,0,False,False,29974.422500000008,Current
LN-508724,CUST-102195,2025-02-28,0,0,False,False,40842.88500000003,Current
LN-508725,CUST-105138,2025-02-28,0,0,False,False,71523.36249999996,Current
LN-508726,CUST-102149,2025-02-28,4,145,False,False,13105.8325,90+
LN-508729,CUST-102969,2025-02-28,0,0,False,False,30128.454999999998,Current
LN-508730,CUST-100682,2025-02-28,0,0,False,False,12066.875000000004,Current
LN-508731,CUST-101497,2025-02-28,0,0,False,False,21605.1675,Current
LN-508732,CUST-102251,2025-02-28,0,0,False,False,71587.76000000007,Current
LN-508733,CUST-107038,2025-02-28,0,0,False,False,27046.335,Current
LN-508734,CUST-107193,2025-02-28,1,18,True,False,604365.5700000002,1-29
LN-508735,CUST-105795,2025-02-28,0,0,False,False,39559.01499999999,Current
LN-508737,CUST-101721,2025-02-28,2,36,False,False,7670.9974999999995,30-59
LN-508738,CUST-100824,2025-02-28,0,0,False,False,27486.809999999987,Current
LN-508739,CUST-104659,2025-02-28,0,0,False,False,25094.857500000002,Current
LN-508740,CUST-107491,2025-02-28,0,0,False,False,26242.879999999997,Current
LN-508741,CUST-100178,2025-02-28,0,0,False,False,6913.44,Current
LN-508742,CUST-107230,2025-02-28,0,0,False,False,25991.729999999992,Current
LN-508743,CUST-107688,2025-02-28,0,0,False,False,21211.769999999997,Current
LN-508744,CUST-100466,2025-02-28,1,13,False,False,9315.82,1-29
LN-508745,CUST-105188,2025-02-28,0,0,False,False,339626.75999999966,Current
LN-508748,CUST-101264,2025-02-28,1,22,False,False,13996.07,1-29
LN-508749,CUST-106594,2025-02-28,2,53,False,False,33904.215000000004,30-59
LN-508750,CUST-100955,2025-02-28,0,0,False,False,13669.154999999999,Current
LN-508751,CUST-103366,2025-02-28,0,0,False,False,14243.675,Current
LN-508752,CUST-104055,2025-02-28,1,27,False,False,2229.247499999999,1-29
LN-508754,CUST-100030,2025-02-28,0,0,False,False,46106.88,Current
LN-508755,CUST-101866,2025-02-28,0,0,False,False,11356.260000000006,Current
LN-508756,CUST-101727,2025-02-28,0,0,False,False,8255.21,Current
LN-508758,CUST-106242,2025-02-28,2,34,False,False,24908.837500000012,30-59
LN-508759,CUST-103242,2025-02-28,0,0,False,False,11051.309999999998,Current
LN-508760,CUST-102173,2025-02-28,0,0,False,False,35636.03999999997,Current
LN-508763,CUST-100713,2025-02-28,0,0,False,False,8831.124999999996,Current
LN-508765,CUST-105948,2025-02-28,0,0,False,False,21804.890000000003,Current
LN-508766,CUST-105968,2025-02-28,0,0,False,False,7649.160000000002,Current
LN-508767,CUST-105956,2025-02-28,0,0,False,False,2821.6,Current
LN-508768,CUST-102522,2025-02-28,1,25,False,False,17893.087499999998,1-29
LN-508769,CUST-107995,2025-02-28,0,0,False,False,5337.650000000001,Current
LN-508770,CUST-101528,2025-02-28,0,0,False,False,38696.74750000001,Current
LN-508771,CUST-101957,2025-02-28,0,0,False,False,27922.012500000008,Current
LN-508772,CUST-106653,2025-02-28,0,0,False,False,30424.38000000002,Current
LN-508773,CUST-103043,2025-02-28,0,0,False,False,12307.6,Current
LN-508774,CUST-106112,2025-02-28,0,0,False,False,21655.21500000001,Current
LN-508775,CUST-100066,2025-02-28,0,0,False,False,31710.459999999995,Current
LN-508776,CUST-105730,2025-02-28,0,0,False,False,37540.57499999995,Current
LN-508777,CUST-106934,2025-02-28,0,0,False,False,2948.14,Current
LN-508778,CUST-104759,2025-02-28,0,0,False,False,15939.57250000001,Current
LN-508779,CUST-107936,2025-02-28,0,0,False,False,33938.44999999999,Current
LN-508780,CUST-107972,2025-02-28,0,0,False,False,48269.6925,Current
LN-508781,CUST-103776,2025-02-28,0,0,False,False,15622.945000000002,Current
LN-508782,CUST-105177,2025-02-28,0,0,False,False,8515.975000000002,Current
LN-508783,CUST-107377,2025-02-28,0,0,False,False,29086.385000000002,Current
LN-508784,CUST-102474,2025-02-28,0,0,False,False,3822.6799999999985,Current
LN-508785,CUST-104660,2025-02-28,0,0,False,False,2631.4049999999993,Current
LN-508787,CUST-104348,2025-02-28,0,0,False,False,30078.44999999999,Current
LN-508789,CUST-106800,2025-02-28,2,43,False,False,11322.79,30-59
LN-508790,CUST-107702,2025-02-28,0,0,False,False,42600.529999999984,Current
LN-508792,CUST-101082,2025-02-28,0,0,False,False,50471.6975,Current
LN-508794,CUST-102857,2025-02-28,0,0,False,False,30656.01000000001,Current
LN-508799,CUST-103679,2025-02-28,0,0,False,False,49683.04499999999,Current
LN-508800,CUST-107464,2025-02-28,1,2,False,False,584544.5949999996,1-29
LN-508801,CUST-104919,2025-02-28,1,15,False,False,10871.302499999994,1-29
LN-508804,CUST-103857,2025-02-28,0,0,False,False,30962.98,Current
LN-508805,CUST-103270,2025-02-28,0,0,False,False,32360.559999999998,Current
LN-508806,CUST-107954,2025-02-28,0,0,False,False,47447.07499999997,Current
LN-508807,CUST-104676,2025-02-28,0,0,False,False,11202.979999999996,Current
LN-508808,CUST-103566,2025-02-28,0,0,False,False,38917.39750000004,Current
LN-508809,CUST-100369,2025-02-28,0,0,False,False,8882.002499999991,Current
LN-508810,CUST-106299,2025-02-28,0,0,False,False,21361.1175,Current
LN-508811,CUST-103731,2025-02-28,0,0,False,False,52764.03,Current
LN-508812,CUST-100075,2025-02-28,0,0,False,False,5192.745000000002,Current
LN-508814,CUST-103178,2025-02-28,0,0,False,False,23513.72,Current
LN-508815,CUST-107810,2025-02-28,0,0,True,False,7449.56,Current
LN-508816,CUST-104739,2025-02-28,0,0,False,False,10943.679999999993,Current
LN-508817,CUST-101213,2025-02-28,0,0,False,False,7383.7300000000005,Current
LN-508818,CUST-102589,2025-02-28,0,0,False,False,11886.565000000006,Current
LN-508819,CUST-102552,2025-02-28,0,0,False,False,44410.015,Current
LN-508821,CUST-101495,2025-02-28,0,0,False,False,5832.16,Current
LN-508822,CUST-104620,2025-02-28,0,0,False,False,15704.694999999996,Current
LN-508823,CUST-104198,2025-02-28,0,0,False,False,14732.555000000002,Current
LN-508824,CUST-106546,2025-02-28,0,0,False,False,19807.980000000003,Current
LN-508825,CUST-106527,2025-02-28,0,0,False,False,12628.020000000004,Current
LN-508826,CUST-107382,2025-02-28,0,0,False,False,7079.94,Current
LN-508827,CUST-101417,2025-02-28,0,0,False,False,29767.52,Current
LN-508829,CUST-107333,2025-02-28,0,0,False,False,29378.08,Current
LN-508830,CUST-106412,2025-02-28,0,0,False,False,21447.8425,Current
LN-508833,CUST-102946,2025-02-28,0,0,False,False,17132.270000000008,Current
LN-508835,CUST-104856,2025-02-28,0,0,False,False,24196.990000000005,Current
LN-508837,CUST-101961,2025-02-28,0,0,False,False,26538.93,Current
LN-508838,CUST-103343,2025-02-28,0,0,False,False,26194.572500000006,Current
LN-508839,CUST-106942,2025-02-28,0,0,False,False,280308.58000000025,Current
LN-508840,CUST-102488,2025-02-28,0,0,False,False,41583.52500000001,Current
LN-508841,CUST-106949,2025-02-28,0,0,False,False,8508.994999999994,Current
LN-508843,CUST-101472,2025-02-28,0,0,False,False,6748.115,Current
LN-508844,CUST-106970,2025-02-28,0,0,False,False,17617.512499999993,Current
LN-508845,CUST-103529,2025-02-28,0,0,False,False,12047.64,Current
LN-508848,CUST-107619,2025-02-28,0,0,False,False,132365.53999999998,Current
LN-508849,CUST-102157,2025-02-28,0,0,False,False,51831.06500000001,Current
LN-508850,CUST-101357,2025-02-28,0,0,False,False,16950.770000000008,Current
LN-508851,CUST-103194,2025-02-28,0,0,False,False,25187.19,Current
LN-508852,CUST-103505,2025-02-28,0,0,False,False,44361.32250000001,Current
LN-508853,CUST-100146,2025-02-28,0,0,False,False,57368.270000000004,Current
LN-508854,CUST-107952,2025-02-28,0,0,False,False,36708.34750000004,Current
LN-508855,CUST-103445,2025-02-28,0,0,False,False,9554.637500000003,Current
LN-508856,CUST-107565,2025-02-28,0,0,False,False,40122.82000000001,Current
LN-508858,CUST-104054,2025-02-28,0,0,False,False,49981.01,Current
LN-508859,CUST-107615,2025-02-28,0,0,False,False,44830.06500000003,Current
LN-508860,CUST-107392,2025-02-28,0,0,False,False,48625.3725,Current
LN-508861,CUST-104783,2025-02-28,0,0,False,False,9138.227499999995,Current
LN-508862,CUST-104717,2025-02-28,0,0,False,False,47037.46000000003,Current
LN-508865,CUST-103473,2025-02-28,1,13,False,False,10744.332500000006,1-29
LN-508866,CUST-105229,2025-02-28,0,0,False,False,36820.22999999999,Current
LN-508868,CUST-105579,2025-02-28,0,0,False,False,48285.03000000001,Current
LN-508869,CUST-104139,2025-02-28,0,0,False,False,130151.57,Current
LN-508870,CUST-105333,2025-02-28,0,0,False,False,3940.0850000000023,Current
LN-508873,CUST-103334,2025-02-28,0,0,False,False,4948.8,Current
LN-508874,CUST-103609,2025-02-28,0,0,False,False,2901.9149999999977,Current
LN-508875,CUST-104343,2025-02-28,0,0,False,False,7892.8099999999995,Current
LN-508876,CUST-106653,2025-02-28,1,8,False,False,7262.840000000002,1-29
LN-508877,CUST-102846,2025-02-28,0,0,False,False,4866.602500000002,Current
LN-508880,CUST-100414,2025-02-28,0,0,False,False,13653.5,Current
LN-508881,CUST-106210,2025-02-28,0,0,False,False,16075.630000000001,Current
LN-508882,CUST-104202,2025-02-28,0,0,False,False,10716.0,Current
LN-508883,CUST-102956,2025-02-28,0,0,False,False,22012.63499999999,Current
LN-508886,CUST-104321,2025-02-28,0,0,False,False,27202.92000000001,Current
LN-508887,CUST-104544,2025-02-28,0,0,False,False,11209.392500000005,Current
LN-508888,CUST-100963,2025-02-28,0,0,False,False,47007.76000000004,Current
LN-508889,CUST-104423,2025-02-28,0,0,False,False,2945.734999999999,Current
LN-508892,CUST-106425,2025-02-28,0,0,False,False,30669.339999999997,Current
LN-508893,CUST-107019,2025-02-28,0,0,False,False,20393.687499999996,Current
LN-508895,CUST-105150,2025-02-28,0,0,False,False,9172.69000000001,Current
LN-508896,CUST-102914,2025-02-28,0,0,False,False,19052.054999999993,Current
LN-508898,CUST-106645,2025-02-28,0,0,False,False,11225.224999999999,Current
LN-508899,CUST-107185,2025-02-28,0,0,False,False,23955.11999999998,Current
LN-508900,CUST-103787,2025-02-28,0,0,False,False,14678.664999999997,Current
LN-508901,CUST-100670,2025-02-28,0,0,False,False,44661.76,Current
LN-508902,CUST-106150,2025-02-28,0,0,False,False,41170.55749999998,Current
LN-508903,CUST-105707,2025-02-28,0,0,False,False,96808.59000000004,Current
LN-508904,CUST-103095,2025-02-28,0,0,False,False,39307.56500000003,Current
LN-508905,CUST-104607,2025-02-28,0,0,False,False,45328.94000000001,Current
LN-508906,CUST-101660,2025-02-28,0,0,False,False,42239.605,Current
LN-508907,CUST-107811,2025-02-28,0,0,False,False,16766.909999999996,Current
LN-508908,CUST-101272,2025-02-28,0,0,False,False,23117.729999999996,Current
LN-508909,CUST-106304,2025-02-28,0,0,False,False,8980.115000000005,Current
LN-508910,CUST-107369,2025-02-28,0,0,False,False,14331.154999999999,Current
LN-508911,CUST-101137,2025-02-28,0,0,False,False,3110.44,Current
LN-508913,CUST-104490,2025-02-28,0,0,False,False,14727.409999999996,Current
LN-508914,CUST-104933,2025-02-28,0,0,False,False,33540.08500000001,Current
LN-508915,CUST-100690,2025-02-28,0,0,False,False,17371.815000000017,Current
LN-508916,CUST-102888,2025-02-28,0,0,False,False,21051.5625,Current
LN-508917,CUST-103081,2025-02-28,0,0,False,False,16818.504999999994,Current
LN-508918,CUST-101941,2025-02-28,0,0,False,False,106363.96,Current
LN-508919,CUST-101076,2025-02-28,0,0,False,False,10919.53,Current
LN-508920,CUST-107673,2025-02-28,0,0,False,False,41388.22,Current
LN-508921,CUST-100007,2025-02-28,0,0,False,False,10186.244999999995,Current
LN-508922,CUST-104913,2025-02-28,0,0,False,False,7652.455000000001,Current
LN-508923,CUST-105766,2025-02-28,0,0,False,False,11192.39,Current
LN-508925,CUST-102196,2025-02-28,0,0,False,False,15877.000000000007,Current
LN-508926,CUST-105228,2025-02-28,0,0,False,False,14753.215,Current
LN-508927,CUST-106172,2025-02-28,0,0,False,False,245018.3200000001,Current
LN-508928,CUST-104858,2025-02-28,0,0,False,False,25458.25999999999,Current
LN-508929,CUST-101311,2025-02-28,0,0,False,False,24032.762499999997,Current
LN-508930,CUST-100293,2025-02-28,0,0,False,False,28071.790000000015,Current
LN-508932,CUST-100639,2025-02-28,0,0,False,False,45966.09,Current
LN-508934,CUST-105080,2025-02-28,0,0,False,False,52429.8825,Current
LN-508935,CUST-103525,2025-02-28,0,0,False,False,46947.54000000001,Current
LN-508937,CUST-101454,2025-02-28,0,0,False,False,15992.550000000008,Current
LN-508938,CUST-102732,2025-02-28,0,0,False,False,11316.580000000002,Current
LN-508939,CUST-101413,2025-02-28,0,0,False,False,7346.752500000001,Current
LN-508940,CUST-105769,2025-02-28,0,0,False,False,42377.185,Current
LN-508942,CUST-101042,2025-02-28,0,0,False,False,33677.73,Current
LN-508943,CUST-106640,2025-02-28,0,0,False,False,5086.815000000002,Current
LN-508944,CUST-101070,2025-02-28,4,166,False,False,17742.654999999995,90+
LN-508945,CUST-107376,2025-02-28,0,0,False,False,33473.1675,Current
LN-508946,CUST-106888,2025-02-28,0,0,False,False,10438.585000000005,Current
LN-508947,CUST-103716,2025-02-28,0,0,False,False,22392.960000000003,Current
LN-508949,CUST-103919,2025-02-28,0,0,False,False,15962.335000000008,Current
LN-508950,CUST-101793,2025-02-28,0,0,False,False,30360.294999999995,Current
LN-508952,CUST-104038,2025-02-28,0,0,False,False,4138.919999999999,Current
LN-508954,CUST-106065,2025-02-28,0,0,False,False,11230.484999999997,Current
LN-508956,CUST-101476,2025-02-28,0,0,False,False,24781.04499999999,Current
LN-508957,CUST-103766,2025-02-28,0,0,False,False,13140.97999999999,Current
LN-508960,CUST-103027,2025-02-28,0,0,False,False,31968.959999999985,Current
LN-508961,CUST-107885,2025-02-28,0,0,False,False,5810.865000000002,Current
LN-508962,CUST-107643,2025-02-28,0,0,False,False,14858.250000000004,Current
LN-508963,CUST-103291,2025-02-28,0,0,False,False,7862.540000000001,Current
LN-508964,CUST-102459,2025-02-28,0,0,False,False,121660.23,Current
LN-508965,CUST-105475,2025-02-28,0,0,False,False,12006.539999999999,Current
LN-508967,CUST-102239,2025-02-28,0,0,False,False,12317.797500000004,Current
LN-508968,CUST-105631,2025-02-28,0,0,False,False,9418.935000000007,Current
LN-508970,CUST-101780,2025-02-28,0,0,False,False,15045.4175,Current
LN-508971,CUST-104750,2025-02-28,0,0,False,False,27845.0925,Current
LN-508972,CUST-101871,2025-02-28,0,0,False,False,15592.057499999999,Current
LN-508973,CUST-100266,2025-02-28,0,0,False,False,19111.9,Current
LN-508974,CUST-105927,2025-02-28,0,0,False,False,8555.402499999998,Current
LN-508975,CUST-105256,2025-02-28,0,0,False,False,27076.530000000006,Current
LN-508976,CUST-107651,2025-02-28,0,0,False,False,3501.3199999999997,Current
LN-508977,CUST-106835,2025-02-28,0,0,False,False,12308.730000000001,Current
LN-508978,CUST-101803,2025-02-28,0,0,False,False,21693.040000000005,Current
LN-508980,CUST-106452,2025-02-28,0,0,False,False,22549.727500000005,Current
LN-508982,CUST-104893,2025-02-28,0,0,False,False,16468.295,Current
LN-508983,CUST-103115,2025-02-28,0,0,False,False,12163.279999999999,Current
LN-508984,CUST-103356,2025-02-28,0,0,False,False,34229.4275,Current
LN-508985,CUST-105407,2025-02-28,0,0,False,False,11823.960000000003,Current
LN-508986,CUST-107672,2025-02-28,0,0,False,False,188311.31999999998,Current
LN-508988,CUST-102274,2025-02-28,0,0,False,False,7205.140000000003,Current
LN-508989,CUST-101423,2025-02-28,0,0,False,False,30211.245000000003,Current
LN-508990,CUST-100343,2025-02-28,0,0,False,False,29830.1075,Current
LN-508991,CUST-105512,2025-02-28,0,0,False,False,20054.287499999995,Current
LN-508993,CUST-104811,2025-02-28,0,0,True,False,30646.870000000003,Current
LN-508994,CUST-100263,2025-02-28,0,0,False,False,25055.03,Current
LN-508995,CUST-102809,2025-02-28,0,0,False,False,8714.070000000009,Current
LN-508996,CUST-100798,2025-02-28,0,0,False,False,9055.93,Current
LN-508997,CUST-102754,2025-02-28,0,0,False,False,27296.744999999995,Current
LN-508998,CUST-104808,2025-02-28,0,0,False,False,45147.08,Current
LN-509000,CUST-102506,2025-02-28,1,18,False,False,21549.0825,1-29
LN-509001,CUST-106393,2025-02-28,0,0,False,False,20847.534999999996,Current
LN-509002,CUST-107779,2025-02-28,0,0,False,False,11423.82,Current
LN-509003,CUST-100592,2025-02-28,0,0,False,False,7355.995,Current
LN-509004,CUST-104019,2025-02-28,0,0,False,False,11255.459999999995,Current
LN-509005,CUST-100549,2025-02-28,0,0,False,False,11068.474999999999,Current
LN-509006,CUST-105285,2025-02-28,1,18,False,False,43073.05999999999,1-29
LN-509007,CUST-105792,2025-02-28,0,0,False,False,29029.417500000007,Current
LN-509008,CUST-107320,2025-02-28,0,0,False,False,101634.69999999998,Current
LN-509009,CUST-103685,2025-02-28,0,0,False,False,27118.25,Current
LN-509010,CUST-106427,2025-02-28,0,0,False,False,44239.5225,Current
LN-509011,CUST-107237,2025-02-28,0,0,False,False,16044.78000000001,Current
LN-509012,CUST-101957,2025-02-28,0,0,False,False,928.2,Current
LN-509013,CUST-101042,2025-02-28,0,0,False,False,3563.8149999999996,Current
LN-509014,CUST-107263,2025-02-28,0,0,False,False,33004.68999999997,Current
LN-509015,CUST-103423,2025-02-28,0,0,False,False,10770.755,Current
LN-509016,CUST-106950,2025-02-28,0,0,False,False,41848.67999999999,Current
LN-509017,CUST-104313,2025-02-28,0,0,False,False,22332.854999999996,Current
LN-509018,CUST-107267,2025-02-28,0,0,False,False,30208.1,Current
LN-509019,CUST-100802,2025-02-28,0,0,False,False,20310.87,Current
LN-509020,CUST-106727,2025-02-28,0,0,False,False,46784.34999999999,Current
LN-509021,CUST-102769,2025-02-28,0,0,False,False,53385.019999999975,Current
LN-509022,CUST-107257,2025-02-28,0,0,False,False,16304.325000000013,Current
LN-509023,CUST-101743,2025-02-28,0,0,False,False,37183.24000000003,Current
LN-509024,CUST-103120,2025-02-28,0,0,False,False,7757.074999999999,Current
LN-509025,CUST-102821,2025-02-28,0,0,False,False,1698.1499999999987,Current
LN-509026,CUST-102482,2025-02-28,0,0,False,False,46696.115,Current
LN-509027,CUST-104276,2025-02-28,0,0,False,False,2580.1,Current
LN-509029,CUST-104978,2025-02-28,0,0,False,False,10868.370000000003,Current
LN-509030,CUST-101123,2025-02-28,2,52,False,False,1761.2900000000004,30-59
LN-509031,CUST-107644,2025-02-28,0,0,False,False,2456.4350000000004,Current
LN-509033,CUST-103581,2025-02-28,0,0,False,False,17719.252500000006,Current
LN-509036,CUST-104363,2025-02-28,0,0,False,False,119732.3575,Current
LN-509037,CUST-102728,2025-02-28,0,0,False,False,24882.017499999994,Current
LN-509038,CUST-101854,2025-02-28,0,0,False,False,21711.189999999995,Current
LN-509040,CUST-104830,2025-02-28,0,0,False,False,25516.28,Current
LN-509041,CUST-104508,2025-02-28,0,0,False,False,19204.28500000001,Current
LN-509042,CUST-100172,2025-02-28,0,0,False,False,13647.062499999998,Current
LN-509043,CUST-100801,2025-02-28,0,0,False,False,16512.12,Current
LN-509044,CUST-106693,2025-02-28,0,0,False,False,25908.140000000007,Current
LN-509045,CUST-100569,2025-02-28,0,0,False,False,22384.63,Current
LN-509047,CUST-102663,2025-02-28,0,0,False,False,44008.17250000003,Current
LN-509048,CUST-103855,2025-02-28,1,2,False,False,207451.51000000004,1-29
LN-509049,CUST-101560,2025-02-28,0,0,False,False,32866.74999999999,Current
LN-509050,CUST-103102,2025-02-28,4,160,False,False,18549.225,90+
LN-509051,CUST-103316,2025-02-28,0,0,False,False,20565.459999999995,Current
LN-509052,CUST-106258,2025-02-28,0,0,False,False,361312.7400000002,Current
LN-509053,CUST-107432,2025-02-28,0,0,False,False,29138.550000000003,Current
LN-509054,CUST-103886,2025-02-28,0,0,False,False,20216.21,Current
LN-509055,CUST-105090,2025-02-28,0,0,False,False,11884.57,Current
LN-509056,CUST-102771,2025-02-28,0,0,False,False,30933.08,Current
LN-509058,CUST-106354,2025-02-28,0,0,False,False,28610.460000000003,Current
LN-509060,CUST-106899,2025-02-28,0,0,False,False,16097.00000000001,Current
LN-509061,CUST-101991,2025-02-28,0,0,False,False,1071.3500000000001,Current
LN-509062,CUST-104674,2025-02-28,0,0,False,False,30626.12250000002,Current
LN-509063,CUST-101870,2025-02-28,4,101,False,False,19947.10249999999,90+
LN-509064,CUST-107696,2025-02-28,0,0,False,False,24091.65999999999,Current
LN-509065,CUST-104281,2025-02-28,0,0,False,False,10547.039999999999,Current
LN-509066,CUST-104566,2025-02-28,0,0,False,False,12557.157499999994,Current
LN-509067,CUST-106844,2025-02-28,0,0,False,False,27377.919999999984,Current
LN-509068,CUST-100831,2025-02-28,0,0,False,False,123730.42000000001,Current
LN-509069,CUST-105355,2025-02-28,0,0,False,False,3498.8799999999987,Current
LN-509070,CUST-100780,2025-02-28,0,0,False,False,8465.84,Current
LN-509072,CUST-101023,2025-02-28,0,0,False,False,6111.662500000002,Current
LN-509074,CUST-107124,2025-02-28,0,0,False,False,17671.804999999997,Current
LN-509075,CUST-102647,2025-02-28,0,0,False,False,38887.1125,Current
LN-509076,CUST-107568,2025-02-28,0,0,False,False,16881.214999999997,Current
LN-509077,CUST-101671,2025-02-28,0,0,False,False,16123.197500000002,Current
LN-509078,CUST-103516,2025-02-28,0,0,False,False,132061.22249999986,Current
LN-509079,CUST-106109,2025-02-28,0,0,False,False,29320.984999999993,Current
LN-509080,CUST-100728,2025-02-28,0,0,False,False,36010.92000000003,Current
LN-509082,CUST-100175,2025-02-28,0,0,False,False,5620.397500000001,Current
LN-509083,CUST-106570,2025-02-28,0,0,False,False,17958.3975,Current
LN-509084,CUST-102308,2025-02-28,0,0,False,False,40981.13999999999,Current
LN-509085,CUST-106567,2025-02-28,0,0,False,False,19880.497499999998,Current
LN-509087,CUST-104662,2025-02-28,0,0,False,False,4721.467499999998,Current
LN-509088,CUST-103414,2025-02-28,0,0,False,False,4880.900000000001,Current
LN-509089,CUST-105970,2025-02-28,0,0,False,False,11280.5825,Current
LN-509090,CUST-101698,2025-02-28,0,0,False,False,12371.545000000002,Current
LN-509091,CUST-107070,2025-02-28,0,0,False,False,8493.502499999999,Current
LN-509092,CUST-101800,2025-02-28,1,26,False,False,5049.805000000001,1-29
LN-509093,CUST-103828,2025-02-28,0,0,False,False,44692.5175,Current
LN-509094,CUST-103017,2025-02-28,0,0,False,False,5239.210000000003,Current
LN-509096,CUST-101616,2025-02-28,0,0,False,False,22269.39749999998,Current
LN-509097,CUST-102334,2025-02-28,0,0,False,False,3726.529999999999,Current
LN-509098,CUST-107714,2025-02-28,0,0,False,False,37809.34,Current
LN-509099,CUST-102512,2025-02-28,0,0,False,False,20163.38,Current
LN-509101,CUST-106503,2025-02-28,0,0,False,False,18633.899999999994,Current
LN-509102,CUST-105280,2025-02-28,0,0,False,False,15956.99,Current
LN-509103,CUST-107405,2025-02-28,0,0,False,False,11995.079999999996,Current
LN-509105,CUST-104484,2025-02-28,0,0,False,False,5137.6,Current
LN-509107,CUST-104107,2025-02-28,1,8,False,False,14075.405000000004,1-29
LN-509108,CUST-104249,2025-02-28,0,0,False,False,8343.71,Current
LN-509109,CUST-102028,2025-02-28,0,0,False,False,2722.16,Current
LN-509110,CUST-104232,2025-02-28,0,0,False,False,13050.222499999998,Current
LN-509111,CUST-100189,2025-02-28,0,0,False,False,42321.505,Current
LN-509112,CUST-107024,2025-02-28,0,0,False,False,18005.3175,Current
LN-509113,CUST-103360,2025-02-28,0,0,False,False,359284.6600000001,Current
LN-509115,CUST-107454,2025-02-28,0,0,False,False,46410.617500000015,Current
LN-509116,CUST-106993,2025-02-28,0,0,False,False,21500.102500000005,Current
LN-509117,CUST-102787,2025-02-28,0,0,False,False,39621.860000000015,Current
LN-509118,CUST-103672,2025-02-28,2,38,False,False,22932.110000000015,30-59
LN-509119,CUST-100996,2025-02-28,0,0,False,False,24022.602499999997,Current
LN-509120,CUST-102122,2025-02-28,0,0,False,False,35600.924999999974,Current
LN-509121,CUST-107546,2025-02-28,1,8,False,False,16980.279999999984,1-29
LN-509122,CUST-102392,2025-02-28,0,0,False,False,5406.11,Current
LN-509123,CUST-105912,2025-02-28,0,0,False,False,20825.315000000002,Current
LN-509124,CUST-106698,2025-02-28,0,0,False,False,29321.489999999998,Current
LN-509125,CUST-100665,2025-02-28,0,0,False,False,35487.88000000003,Current
LN-509128,CUST-105722,2025-02-28,0,0,False,False,8077.144999999992,Current
LN-509129,CUST-102944,2025-02-28,0,0,False,False,2903.61,Current
LN-509130,CUST-101640,2025-02-28,0,0,False,False,3618.97,Current
LN-509132,CUST-104210,2025-02-28,0,0,False,False,35929.13250000001,Current
LN-509133,CUST-100691,2025-02-28,0,0,False,False,11055.914999999997,Current
LN-509134,CUST-101964,2025-02-28,0,0,False,False,21946.02,Current
LN-509135,CUST-105267,2025-02-28,0,0,False,False,46427.45999999999,Current
LN-509136,CUST-100121,2025-02-28,0,0,False,False,12530.670000000002,Current
LN-509137,CUST-101151,2025-02-28,0,0,False,False,10233.197500000004,Current
LN-509138,CUST-104551,2025-02-28,0,0,False,False,25153.060000000012,Current
LN-509140,CUST-100256,2025-02-28,0,0,False,False,29616.802500000005,Current
LN-509141,CUST-107358,2025-02-28,2,46,False,False,33824.56500000002,30-59
LN-509142,CUST-102265,2025-02-28,0,0,False,False,7970.3775,Current
LN-509143,CUST-105029,2025-02-28,0,0,False,False,24083.050000000003,Current
LN-509145,CUST-101361,2025-02-28,0,0,False,False,20289.119999999995,Current
LN-509146,CUST-102818,2025-02-28,0,0,False,False,15908.2,Current
LN-509147,CUST-103549,2025-02-28,0,0,False,False,16721.2825,Current
LN-509149,CUST-102466,2025-02-28,0,0,False,False,6672.24,Current
LN-509150,CUST-105245,2025-02-28,0,0,False,False,23021.394999999993,Current
LN-509151,CUST-105302,2025-02-28,0,0,False,False,8125.300000000009,Current
LN-509152,CUST-101089,2025-02-28,0,0,False,False,24205.932500000017,Current
LN-509154,CUST-107704,2025-02-28,0,0,False,False,20587.52,Current
LN-509157,CUST-100866,2025-02-28,4,161,False,False,21902.05,90+
LN-509161,CUST-105049,2025-02-28,0,0,False,False,23911.93000000001,Current
LN-509164,CUST-106458,2025-02-28,0,0,False,False,18484.78499999998,Current
LN-509165,CUST-106216,2025-02-28,0,0,False,False,2319.5500000000006,Current
LN-509167,CUST-102562,2025-02-28,1,23,False,False,16122.8125,1-29
LN-509168,CUST-104596,2025-02-28,0,0,False,False,23230.947500000002,Current
LN-509170,CUST-106762,2025-02-28,0,0,False,False,38965.085,Current
LN-509173,CUST-102752,2025-02-28,0,0,False,False,4118.965000000002,Current
LN-509175,CUST-103519,2025-02-28,0,0,False,False,13155.547499999997,Current
LN-509176,CUST-107517,2025-02-28,0,0,False,False,36659.01,Current
LN-509177,CUST-103099,2025-02-28,0,0,False,False,5048.170000000001,Current
LN-509179,CUST-106146,2025-02-28,0,0,False,False,28284.91999999999,Current
LN-509181,CUST-105440,2025-02-28,0,0,False,False,31179.01000000002,Current
LN-509183,CUST-103346,2025-02-28,0,0,False,False,115776.27750000001,Current
LN-509184,CUST-101248,2025-02-28,0,0,False,False,31785.984999999993,Current
LN-509185,CUST-106290,2025-02-28,0,0,False,False,39827.23249999997,Current
LN-509186,CUST-104626,2025-02-28,0,0,False,False,18154.309999999994,Current
LN-509187,CUST-100495,2025-02-28,0,0,False,False,19420.530000000006,Current
LN-509188,CUST-106185,2025-02-28,0,0,False,False,33718.84,Current
LN-509190,CUST-106831,2025-02-28,0,0,False,False,25688.875,Current
LN-509191,CUST-105264,2025-02-28,0,0,False,False,25407.149999999994,Current
LN-509192,CUST-103657,2025-02-28,0,0,False,False,27441.107500000002,Current
LN-509193,CUST-107231,2025-02-28,0,0,False,False,2649.2799999999984,Current
LN-509194,CUST-102564,2025-02-28,0,0,False,False,11113.22999999999,Current
LN-509195,CUST-107685,2025-02-28,0,0,False,False,41012.8875,Current
LN-509196,CUST-106435,2025-02-28,0,0,False,False,9333.51,Current
LN-509197,CUST-101805,2025-02-28,0,0,False,False,50878.90500000002,Current
LN-509198,CUST-102479,2025-02-28,0,0,False,False,36163.80000000002,Current
LN-509199,CUST-100526,2025-02-28,3,88,False,False,26416.45250000001,60-89
LN-509200,CUST-102770,2025-02-28,0,0,False,False,47633.2,Current
LN-509201,CUST-104308,2025-02-28,0,0,False,False,42007.02000000001,Current
LN-509203,CUST-102279,2025-02-28,0,0,False,False,23890.89,Current
LN-509205,CUST-101816,2025-02-28,0,0,False,False,43423.610000000015,Current
LN-509206,CUST-105611,2025-02-28,0,0,False,False,15906.71,Current
LN-509208,CUST-102782,2025-02-28,0,0,False,False,15238.112500000001,Current
LN-509210,CUST-107549,2025-02-28,0,0,False,False,18901.535,Current
LN-509211,CUST-104650,2025-02-28,1,8,False,False,10317.362499999996,1-29
LN-509212,CUST-105860,2025-02-28,0,0,False,False,12668.400000000003,Current
LN-509214,CUST-102414,2025-02-28,0,0,False,False,8756.5175,Current
LN-509216,CUST-101385,2025-02-28,0,0,False,False,155491.8700000001,Current
LN-509218,CUST-107520,2025-02-28,0,0,False,False,11099.670000000006,Current
LN-509219,CUST-100705,2025-02-28,0,0,False,False,18077.310000000016,Current
LN-509220,CUST-107191,2025-02-28,0,0,False,False,13171.982499999998,Current
LN-509221,CUST-103670,2025-02-28,0,0,False,False,19789.524999999994,Current
LN-509222,CUST-103512,2025-02-28,0,0,False,False,27711.58750000001,Current
LN-509223,CUST-100635,2025-02-28,0,0,False,False,12438.05999999999,Current
LN-509224,CUST-101345,2025-02-28,0,0,False,False,2169.119999999999,Current
LN-509225,CUST-104931,2025-02-28,0,0,False,False,97319.20999999998,Current
LN-509226,CUST-103595,2025-02-28,1,22,False,False,38250.43999999999,1-29
LN-509227,CUST-105723,2025-02-28,0,0,False,False,6431.390000000001,Current
LN-509228,CUST-106381,2025-02-28,0,0,False,False,45752.08,Current
LN-509230,CUST-107245,2025-02-28,0,0,False,False,37057.6025,Current
LN-509231,CUST-106226,2025-02-28,0,0,False,False,8502.737499999992,Current
LN-509232,CUST-106279,2025-02-28,0,0,False,False,9208.457499999999,Current
LN-509233,CUST-101474,2025-02-28,0,0,False,False,25083.779999999995,Current
LN-509234,CUST-105991,2025-02-28,0,0,False,False,45966.17999999999,Current
LN-509235,CUST-101670,2025-02-28,0,0,False,False,26434.47,Current
LN-509236,CUST-105230,2025-02-28,0,0,False,False,45311.7775,Current
LN-509237,CUST-107794,2025-02-28,0,0,False,False,2649.2699999999986,Current
LN-509238,CUST-104671,2025-02-28,0,0,False,False,21814.452500000007,Current
LN-509241,CUST-107793,2025-02-28,0,0,False,False,33041.15,Current
LN-509242,CUST-107725,2025-02-28,0,0,False,False,8473.590000000004,Current
LN-509243,CUST-101849,2025-02-28,0,0,False,False,124020.8,Current
LN-509246,CUST-105181,2025-02-28,0,0,False,False,17599.5425,Current
LN-509247,CUST-100052,2025-02-28,0,0,False,False,33704.2675,Current
LN-509248,CUST-101252,2025-02-28,0,0,False,False,44383.765,Current
LN-509250,CUST-102742,2025-02-28,0,0,False,False,26320.93,Current
LN-509251,CUST-102264,2025-02-28,0,0,False,False,6898.517499999997,Current
LN-509252,CUST-102624,2025-02-28,0,0,False,False,218267.5325,Current
LN-509253,CUST-104271,2025-02-28,0,0,False,False,17972.647499999995,Current
LN-509254,CUST-101098,2025-02-28,1,24,False,False,35245.162500000006,1-29
LN-509255,CUST-100796,2025-02-28,0,0,False,False,15452.554999999997,Current
LN-509258,CUST-105167,2025-02-28,0,0,False,False,7804.480000000005,Current
LN-509259,CUST-104521,2025-02-28,0,0,False,False,4246.412500000004,Current
LN-509260,CUST-104949,2025-02-28,0,0,False,False,20726.92,Current
LN-509262,CUST-102844,2025-02-28,0,0,False,False,9156.15999999999,Current
LN-509263,CUST-100008,2025-02-28,0,0,False,False,15921.019999999991,Current
LN-509266,CUST-103482,2025-02-28,0,0,False,False,1671.62,Current
LN-509267,CUST-100531,2025-02-28,0,0,False,False,30395.21,Current
LN-509268,CUST-100545,2025-02-28,0,0,False,False,484515.27499999985,Current
LN-509269,CUST-106880,2025-02-28,0,0,False,False,26127.140000000007,Current
LN-509270,CUST-101858,2025-02-28,0,0,False,False,15159.189999999999,Current
LN-509271,CUST-106602,2025-02-28,0,0,False,False,33026.65,Current
LN-509272,CUST-104796,2025-02-28,0,0,False,False,25666.3675,Current
LN-509273,CUST-107250,2025-02-28,0,0,False,False,14906.07,Current
LN-509274,CUST-101199,2025-02-28,0,0,False,False,30758.71499999999,Current
LN-509275,CUST-104518,2025-02-28,0,0,False,False,22880.0425,Current
LN-509276,CUST-107054,2025-02-28,0,0,False,False,21380.032499999998,Current
LN-509278,CUST-106301,2025-02-28,0,0,False,False,18123.449999999993,Current
LN-509279,CUST-100435,2025-02-28,0,0,False,False,28973.589999999997,Current
LN-509281,CUST-103518,2025-02-28,0,0,False,False,15403.549999999997,Current
LN-509282,CUST-106789,2025-02-28,0,0,False,False,7422.042500000001,Current
LN-509283,CUST-105964,2025-02-28,0,0,False,False,45729.107500000035,Current
LN-509284,CUST-104986,2025-02-28,0,0,False,False,47505.44500000002,Current
LN-509285,CUST-107790,2025-02-28,0,0,False,False,8541.124999999998,Current
LN-509287,CUST-105077,2025-02-28,0,0,False,False,10972.66,Current
LN-509288,CUST-103025,2025-02-28,0,0,False,False,583848.8224999999,Current
LN-509289,CUST-106535,2025-02-28,0,0,False,False,26741.940000000006,Current
LN-509290,CUST-102320,2025-02-28,0,0,False,False,47199.56749999996,Current
LN-509291,CUST-106395,2025-02-28,0,0,False,False,13345.09,Current
LN-509292,CUST-105413,2025-02-28,0,0,False,False,38037.5,Current
LN-509293,CUST-104613,2025-02-28,0,0,False,False,8806.077499999994,Current
LN-509294,CUST-103873,2025-02-28,0,0,False,False,27227.970000000016,Current
LN-509295,CUST-103075,2025-02-28,0,0,False,False,12302.260000000002,Current
LN-509297,CUST-107360,2025-02-28,0,0,False,False,46646.84000000001,Current
LN-509298,CUST-101827,2025-02-28,0,0,False,False,8435.51,Current
LN-509299,CUST-101042,2025-02-28,0,0,False,False,5615.505,Current
LN-509300,CUST-104636,2025-02-28,0,0,False,False,58745.49000000002,Current
LN-509301,CUST-102027,2025-02-28,0,0,False,False,19353.942499999983,Current
LN-509302,CUST-100575,2025-02-28,0,0,False,False,46485.32,Current
LN-509304,CUST-102619,2025-02-28,0,0,False,False,16912.727499999994,Current
LN-509305,CUST-107708,2025-02-28,0,0,False,False,29186.120000000003,Current
LN-509306,CUST-101246,2025-02-28,0,0,False,False,6718.685,Current
LN-509307,CUST-107632,2025-02-28,0,0,False,False,26061.045000000016,Current
LN-509309,CUST-101940,2025-02-28,0,0,False,False,8483.179999999993,Current
LN-509310,CUST-101263,2025-02-28,0,0,False,False,12378.25250000001,Current
LN-509312,CUST-100615,2025-02-28,0,0,False,False,12404.4575,Current
LN-509314,CUST-101233,2025-02-28,1,19,False,False,29750.199999999997,1-29
LN-509315,CUST-105081,2025-02-28,4,102,False,False,43867.25499999998,90+
LN-509316,CUST-103094,2025-02-28,0,0,False,False,45178.24000000001,Current
LN-509317,CUST-107384,2025-02-28,3,78,False,False,549863.1849999999,60-89
LN-509318,CUST-104386,2025-02-28,0,0,False,False,73151.445,Current
LN-509319,CUST-107904,2025-02-28,0,0,False,False,19863.125000000004,Current
LN-509320,CUST-106943,2025-02-28,0,0,False,False,12469.959999999997,Current
LN-509321,CUST-103444,2025-02-28,0,0,False,False,12447.779999999992,Current
LN-509322,CUST-105430,2025-02-28,0,0,False,False,43796.93500000001,Current
LN-509323,CUST-102734,2025-02-28,0,0,False,False,11209.03,Current
LN-509324,CUST-107937,2025-02-28,0,0,False,False,24605.504999999986,Current
LN-509325,CUST-105196,2025-02-28,0,0,False,False,11853.690000000006,Current
LN-509326,CUST-102665,2025-02-28,0,0,False,False,9040.22000000001,Current
LN-509327,CUST-103718,2025-02-28,1,19,False,False,16603.334999999995,1-29
LN-509329,CUST-102248,2025-02-28,0,0,False,False,12270.992499999997,Current
LN-509330,CUST-100361,2025-02-28,0,0,False,False,19669.16999999999,Current
LN-509331,CUST-105588,2025-02-28,0,0,False,False,16700.059999999987,Current
LN-509333,CUST-102374,2025-02-28,0,0,False,False,4078.590000000001,Current
LN-509335,CUST-101446,2025-02-28,0,0,False,False,17257.37,Current
LN-509337,CUST-101969,2025-02-28,0,0,False,False,20139.205000000005,Current
LN-509340,CUST-103081,2025-02-28,0,0,False,False,29469.465,Current
LN-509341,CUST-100283,2025-02-28,0,0,False,False,26598.110000000004,Current
LN-509343,CUST-100457,2025-02-28,0,0,False,False,26521.970000000005,Current
LN-509344,CUST-101846,2025-02-28,0,0,False,False,82262.27000000002,Current
LN-509346,CUST-107336,2025-02-28,0,0,False,False,11151.889999999996,Current
LN-509348,CUST-106649,2025-02-28,0,0,False,False,50376.60499999999,Current
LN-509351,CUST-107875,2025-02-28,0,0,False,False,12961.685,Current
LN-509352,CUST-103485,2025-02-28,0,0,False,False,11276.93,Current
LN-509353,CUST-101098,2025-02-28,0,0,False,False,19597.082500000008,Current
LN-509355,CUST-104513,2025-02-28,0,0,False,False,16035.374999999996,Current
LN-509356,CUST-106500,2025-02-28,0,0,False,False,137536.87,Current
LN-509357,CUST-107505,2025-02-28,0,0,False,False,46071.42249999999,Current
LN-509358,CUST-106764,2025-02-28,0,0,False,False,21186.309999999998,Current
LN-509359,CUST-101401,2025-02-28,0,0,False,False,25638.98,Current
LN-509360,CUST-104376,2025-02-28,0,0,False,False,20944.792499999996,Current
LN-509362,CUST-103370,2025-02-28,0,0,False,False,12080.410000000003,Current
LN-509364,CUST-107742,2025-02-28,0,0,False,False,124151.30250000003,Current
LN-509368,CUST-103597,2025-02-28,0,0,False,False,15153.955000000002,Current
LN-509369,CUST-101901,2025-02-28,0,0,False,False,15795.310000000001,Current
LN-509370,CUST-100752,2025-02-28,0,0,False,False,20630.695000000003,Current
LN-509371,CUST-102863,2025-02-28,0,0,False,False,32424.905000000006,Current
LN-509372,CUST-105221,2025-02-28,0,0,False,False,24274.83999999999,Current
LN-509373,CUST-104460,2025-02-28,0,0,False,False,28087.354999999996,Current
LN-509374,CUST-100572,2025-02-28,0,0,False,False,6851.275,Current
LN-509375,CUST-104060,2025-02-28,0,0,False,False,40792.977500000015,Current
LN-509376,CUST-105248,2025-02-28,0,0,False,False,33938.880000000005,Current
LN-509377,CUST-101257,2025-02-28,0,0,False,False,35584.63499999997,Current
LN-509378,CUST-104175,2025-02-28,1,8,False,False,141332.83000000002,1-29
LN-509379,CUST-103691,2025-02-28,0,0,False,False,9736.1675,Current
LN-509380,CUST-105148,2025-02-28,0,0,False,False,32276.975000000006,Current
LN-509381,CUST-101055,2025-02-28,0,0,False,False,431609.57499999984,Current
LN-509383,CUST-106366,2025-02-28,0,0,False,False,6768.07,Current
LN-509384,CUST-105346,2025-02-28,0,0,False,False,318975.31,Current
LN-509385,CUST-105961,2025-02-28,0,0,False,False,15588.815000000006,Current
LN-509386,CUST-107758,2025-02-28,0,0,False,False,20968.212500000012,Current
LN-509387,CUST-105278,2025-02-28,0,0,False,False,8734.702499999994,Current
LN-509389,CUST-100421,2025-02-28,4,93,False,False,13337.425000000001,90+
LN-509391,CUST-102059,2025-02-28,0,0,False,False,39901.13000000001,Current
LN-509392,CUST-105742,2025-02-28,0,0,False,False,4324.349999999998,Current
LN-509393,CUST-107093,2025-02-28,0,0,False,False,15557.029999999997,Current
LN-509395,CUST-104479,2025-02-28,0,0,False,False,260612.03999999998,Current
LN-509396,CUST-100074,2025-02-28,2,38,False,False,117383.71999999999,30-59
LN-509397,CUST-100236,2025-02-28,0,0,False,False,14950.320000000014,Current
LN-509398,CUST-104241,2025-02-28,0,0,False,False,23473.80000000001,Current
LN-509399,CUST-107964,2025-02-28,0,0,False,False,39756.620000000024,Current
LN-509400,CUST-105180,2025-02-28,0,0,False,False,23166.460000000003,Current
LN-509401,CUST-107139,2025-02-28,0,0,False,False,39004.37500000004,Current
LN-509402,CUST-101868,2025-02-28,0,0,False,False,24349.49499999998,Current
LN-509404,CUST-106076,2025-02-28,0,0,False,False,545675.0775000002,Current
LN-509405,CUST-101676,2025-02-28,0,0,False,False,32784.135,Current
LN-509407,CUST-107349,2025-02-28,0,0,False,False,54113.1925,Current
LN-509408,CUST-106128,2025-02-28,0,0,False,False,22339.627500000002,Current
LN-509409,CUST-104541,2025-02-28,0,0,False,False,147195.25499999998,Current
LN-509410,CUST-106954,2025-02-28,0,0,False,False,47374.275,Current
LN-509411,CUST-102665,2025-02-28,0,0,False,False,11001.775000000001,Current
LN-509412,CUST-100487,2025-02-28,2,34,False,False,33153.019999999975,30-59
LN-509413,CUST-102429,2025-02-28,0,0,False,False,39731.20000000001,Current
LN-509414,CUST-105465,2025-02-28,0,0,False,False,51224.837499999994,Current
LN-509415,CUST-101579,2025-02-28,0,0,False,False,2037.6449999999993,Current
LN-509416,CUST-106433,2025-02-28,0,0,False,False,50476.485,Current
LN-509418,CUST-100999,2025-02-28,0,0,False,False,7362.305000000004,Current
LN-509419,CUST-104666,2025-02-28,1,24,False,False,16543.09000000002,1-29
LN-509420,CUST-105156,2025-02-28,0,0,False,False,688.9000000000001,Current
LN-509422,CUST-104872,2025-02-28,0,0,False,False,43746.409999999974,Current
LN-509423,CUST-105957,2025-02-28,0,0,False,False,32746.960000000003,Current
LN-509424,CUST-106108,2025-02-28,0,0,False,False,23184.604999999992,Current
LN-509425,CUST-107418,2025-02-28,0,0,False,False,8755.469999999996,Current
LN-509426,CUST-102103,2025-02-28,0,0,False,False,13437.430000000008,Current
LN-509427,CUST-102155,2025-02-28,0,0,False,False,21857.622499999994,Current
LN-509428,CUST-102204,2025-02-28,0,0,False,False,21621.890000000003,Current
LN-509429,CUST-100239,2025-02-28,0,0,False,False,16029.5975,Current
LN-509430,CUST-101895,2025-02-28,0,0,False,False,32843.11249999998,Current
LN-509431,CUST-101925,2025-02-28,0,0,False,False,16356.105000000001,Current
LN-509432,CUST-104972,2025-02-28,0,0,False,False,13859.96,Current
LN-509433,CUST-103276,2025-02-28,0,0,False,False,12596.820000000009,Current
LN-509434,CUST-107388,2025-02-28,0,0,False,False,21722.149999999994,Current
LN-509436,CUST-101600,2025-02-28,0,0,False,False,29481.319999999978,Current
LN-509437,CUST-100031,2025-02-28,0,0,False,False,3429.67,Current
LN-509438,CUST-105278,2025-02-28,0,0,False,False,2187.5550000000003,Current
LN-509439,CUST-102583,2025-02-28,0,0,False,False,12791.84,Current
LN-509440,CUST-104101,2025-02-28,0,0,False,False,104423.74500000004,Current
LN-509441,CUST-104354,2025-02-28,0,0,False,False,12167.972500000002,Current
LN-509442,CUST-107808,2025-02-28,0,0,False,False,33354.62,Current
LN-509445,CUST-100379,2025-02-28,1,26,False,False,29657.935,1-29
LN-509446,CUST-102571,2025-02-28,0,0,False,False,15599.16,Current
LN-509447,CUST-106631,2025-02-28,0,0,False,False,30757.6675,Current
LN-509451,CUST-106975,2025-02-28,0,0,False,False,29225.589999999997,Current
LN-509453,CUST-100957,2025-02-28,0,0,False,False,30961.11,Current
LN-509454,CUST-107205,2025-02-28,0,0,False,False,20796.4,Current
LN-509455,CUST-101356,2025-02-28,0,0,False,False,8332.717500000004,Current
LN-509456,CUST-104427,2025-02-28,0,0,False,False,12098.97,Current
LN-509457,CUST-103085,2025-02-28,0,0,False,False,46309.2425,Current
LN-509459,CUST-105351,2025-02-28,0,0,False,False,20059.034999999996,Current
LN-509461,CUST-103098,2025-02-28,0,0,False,False,28732.559999999998,Current
LN-509462,CUST-100982,2025-02-28,0,0,False,False,24097.685000000012,Current
LN-509463,CUST-104159,2025-02-28,0,0,False,False,10249.629999999996,Current
LN-509464,CUST-107414,2025-02-28,0,0,False,False,2566.0750000000003,Current
LN-509465,CUST-103802,2025-02-28,1,28,False,False,18931.67,1-29
LN-509466,CUST-100160,2025-02-28,0,0,False,False,8048.85,Current
LN-509467,CUST-102832,2025-02-28,0,0,False,False,14187.260000000006,Current
LN-509469,CUST-106137,2025-02-28,0,0,False,False,1818.3999999999992,Current
LN-509470,CUST-103642,2025-02-28,0,0,False,False,31680.682499999995,Current
LN-509472,CUST-102625,2025-02-28,0,0,False,False,4312.85,Current
LN-509475,CUST-105969,2025-02-28,0,0,False,False,10025.482500000004,Current
LN-509476,CUST-100093,2025-02-28,0,0,False,False,14909.300000000003,Current
LN-509477,CUST-101206,2025-02-28,0,0,False,False,28450.27499999999,Current
LN-509481,CUST-100646,2025-02-28,0,0,False,False,18122.77000000002,Current
LN-509484,CUST-102430,2025-02-28,0,0,False,False,33912.13,Current
LN-509485,CUST-104900,2025-02-28,0,0,False,False,2567.470000000001,Current
LN-509486,CUST-100490,2025-02-28,0,0,False,False,25090.9575,Current
LN-509488,CUST-103786,2025-02-28,0,0,False,False,11596.3425,Current
LN-509489,CUST-102228,2025-02-28,0,0,False,False,11270.96,Current
LN-509490,CUST-105352,2025-02-28,0,0,False,False,18167.64,Current
LN-509491,CUST-107400,2025-02-28,0,0,False,False,40539.28,Current
LN-509495,CUST-102735,2025-02-28,0,0,False,False,7419.427499999998,Current
LN-509497,CUST-105883,2025-02-28,0,0,False,False,62662.06,Current
LN-509499,CUST-104880,2025-02-28,0,0,False,False,2133.7950000000023,Current
LN-509501,CUST-103663,2025-02-28,0,0,False,False,14532.239999999998,Current
LN-509502,CUST-105157,2025-02-28,0,0,False,False,27885.9,Current
LN-509503,CUST-103167,2025-02-28,0,0,False,False,29353.200000000004,Current
LN-509505,CUST-102955,2025-02-28,0,0,False,False,20214.85,Current
LN-509508,CUST-102671,2025-02-28,0,0,False,False,16585.34000000001,Current
LN-509510,CUST-102508,2025-02-28,0,0,False,False,18963.557499999995,Current
LN-509512,CUST-103906,2025-02-28,0,0,False,False,28687.18,Current
LN-509514,CUST-101402,2025-02-28,0,0,False,False,20776.645,Current
LN-509516,CUST-101348,2025-02-28,0,0,False,False,58563.66499999999,Current
LN-509517,CUST-105317,2025-02-28,0,0,False,False,45502.56999999998,Current
LN-509519,CUST-106670,2025-02-28,0,0,False,False,48486.75,Current
LN-509520,CUST-103615,2025-02-28,0,0,False,False,30887.72,Current
LN-509521,CUST-102506,2025-02-28,0,0,False,False,36528.03000000001,Current
LN-509523,CUST-105237,2025-02-28,0,0,False,False,17894.314999999995,Current
LN-509524,CUST-105955,2025-02-28,0,0,False,False,400978.74,Current
LN-509528,CUST-104005,2025-02-28,0,0,False,False,130415.46500000003,Current
LN-509529,CUST-103884,2025-02-28,0,0,False,False,22537.9175,Current
LN-509530,CUST-105700,2025-02-28,0,0,False,False,30712.65,Current
LN-509531,CUST-104300,2025-02-28,0,0,False,False,125785.32000000002,Current
LN-509533,CUST-104671,2025-02-28,0,0,False,False,26618.19250000001,Current
LN-509534,CUST-104863,2025-02-28,0,0,False,False,4419.329999999996,Current
LN-509535,CUST-103170,2025-02-28,0,0,False,False,14645.377499999999,Current
LN-509537,CUST-104825,2025-02-28,0,0,False,False,7124.42,Current
LN-509540,CUST-100988,2025-02-28,0,0,False,False,123770.74999999999,Current
LN-509541,CUST-101977,2025-02-28,0,0,False,False,25626.087499999998,Current
LN-509542,CUST-105620,2025-02-28,0,0,False,False,5881.5799999999945,Current
LN-509543,CUST-104640,2025-02-28,0,0,False,False,9975.870000000004,Current
LN-509544,CUST-100344,2025-02-28,3,77,False,False,5533.0075,60-89
LN-509545,CUST-105724,2025-02-28,0,0,False,False,19871.099999999984,Current
LN-509546,CUST-101458,2025-02-28,0,0,False,False,571090.8099999998,Current
LN-509548,CUST-106725,2025-02-28,1,7,False,False,3761.4749999999995,1-29
LN-509549,CUST-100842,2025-02-28,0,0,False,False,41229.98999999998,Current
LN-509550,CUST-106908,2025-02-28,0,0,False,False,29279.879999999997,Current
LN-509551,CUST-102112,2025-02-28,0,0,False,False,20773.764999999996,Current
LN-509552,CUST-100882,2025-02-28,0,0,False,False,34859.96999999998,Current
LN-509553,CUST-104882,2025-02-28,0,0,False,False,8941.834999999997,Current
LN-509554,CUST-103787,2025-02-28,0,0,False,False,38616.96000000001,Current
LN-509556,CUST-106536,2025-02-28,0,0,False,False,29272.894999999993,Current
LN-509557,CUST-102588,2025-02-28,0,0,False,False,58156.47249999999,Current
LN-509559,CUST-102722,2025-02-28,2,43,False,False,26547.989999999998,30-59
LN-509560,CUST-102261,2025-02-28,0,0,False,False,5696.107500000001,Current
LN-509561,CUST-104595,2025-02-28,0,0,False,False,13267.175000000001,Current
LN-509562,CUST-101778,2025-02-28,0,0,False,False,559.3749999999998,Current
LN-509563,CUST-104903,2025-02-28,0,0,False,False,17725.315,Current
LN-509564,CUST-102596,2025-02-28,0,0,False,False,34220.159999999996,Current
LN-509565,CUST-104057,2025-02-28,0,0,False,False,5186.129999999998,Current
LN-509566,CUST-102964,2025-02-28,0,0,False,False,18928.600000000006,Current
LN-509568,CUST-103243,2025-02-28,0,0,False,False,31400.909999999996,Current
LN-509569,CUST-106284,2025-02-28,0,0,False,False,29166.195,Current
LN-509570,CUST-103567,2025-02-28,0,0,False,False,92670.50500000003,Current
LN-509571,CUST-106496,2025-02-28,0,0,False,False,47575.960000000036,Current
LN-509572,CUST-102048,2025-02-28,1,2,False,False,34827.19500000003,1-29
LN-509573,CUST-105688,2025-02-28,0,0,False,False,4075.3325000000004,Current
LN-509574,CUST-103907,2025-02-28,1,13,False,False,4498.170000000001,1-29
LN-509576,CUST-104940,2025-02-28,0,0,False,False,50778.384999999995,Current
LN-509577,CUST-102896,2025-02-28,0,0,False,False,43760.04249999998,Current
LN-509579,CUST-104067,2025-02-28,0,0,False,False,3098.8650000000007,Current
LN-509580,CUST-107104,2025-02-28,0,0,False,False,33295.33,Current
LN-509581,CUST-103062,2025-02-28,0,0,False,False,374411.3499999998,Current
LN-509582,CUST-103587,2025-02-28,0,0,False,False,213516.74749999994,Current
LN-509583,CUST-106598,2025-02-28,0,0,False,False,36978.62,Current
LN-509586,CUST-105744,2025-02-28,0,0,False,False,26110.68,Current
LN-509588,CUST-101535,2025-02-28,0,0,False,False,64851.88250000001,Current
LN-509589,CUST-101790,2025-02-28,0,0,False,False,13941.640000000001,Current
LN-509590,CUST-100126,2025-02-28,0,0,False,False,22692.79000000001,Current
LN-509591,CUST-104945,2025-02-28,0,0,False,False,21149.139999999996,Current
LN-509592,CUST-104263,2025-02-28,0,0,False,False,11816.642499999993,Current
LN-509594,CUST-100049,2025-02-28,0,0,False,False,17609.12,Current
LN-509595,CUST-106001,2025-02-28,0,0,False,False,18283.2075,Current
LN-509596,CUST-107573,2025-02-28,0,0,False,False,43841.44,Current
LN-509598,CUST-107501,2025-02-28,0,0,False,False,4218.800000000002,Current
LN-509599,CUST-103932,2025-02-28,3,86,False,False,25157.400000000005,60-89
LN-509600,CUST-103943,2025-02-28,0,0,False,False,42507.54,Current
LN-509602,CUST-106654,2025-02-28,0,0,False,False,22084.830000000013,Current
LN-509603,CUST-106220,2025-02-28,0,0,False,False,59596.97000000001,Current
LN-509606,CUST-105640,2025-02-28,0,0,False,False,29826.270000000004,Current
LN-509607,CUST-104114,2025-02-28,0,0,False,False,45125.9275,Current
LN-509608,CUST-106013,2025-02-28,0,0,False,False,26021.855,Current
LN-509609,CUST-101808,2025-02-28,0,0,True,False,43781.33499999998,Current
LN-509610,CUST-106669,2025-02-28,4,96,False,False,27760.170000000002,90+
LN-509611,CUST-105153,2025-02-28,1,22,False,False,9478.49,1-29
LN-509612,CUST-101132,2025-02-28,0,0,False,False,119389.25499999999,Current
LN-509613,CUST-105628,2025-02-28,0,0,False,False,14275.335,Current
LN-509615,CUST-101448,2025-02-28,0,0,False,False,24604.222500000003,Current
LN-509617,CUST-104011,2025-02-28,0,0,False,False,18064.075000000004,Current
LN-509618,CUST-104347,2025-02-28,0,0,False,False,8302.762500000004,Current
LN-509619,CUST-100583,2025-02-28,0,0,False,False,9671.909999999996,Current
LN-509620,CUST-101806,2025-02-28,0,0,False,False,32813.10000000001,Current
LN-509621,CUST-105162,2025-02-28,2,40,False,False,18552.460000000014,30-59
LN-509622,CUST-102648,2025-02-28,2,54,False,False,47294.19250000002,30-59
LN-509623,CUST-103750,2025-02-28,0,0,False,False,48905.08,Current
LN-509625,CUST-103631,2025-02-28,0,0,False,False,44214.5575,Current
LN-509626,CUST-100619,2025-02-28,2,39,False,False,36626.99,30-59
LN-509627,CUST-102286,2025-02-28,0,0,False,False,10931.629999999996,Current
LN-509629,CUST-104191,2025-02-28,1,27,False,False,41363.53999999998,1-29
LN-509630,CUST-107627,2025-02-28,0,0,False,False,40137.807500000024,Current
LN-509631,CUST-103988,2025-02-28,0,0,False,False,11978.084999999995,Current
LN-509632,CUST-101244,2025-02-28,0,0,False,False,2706.23,Current
LN-509633,CUST-106079,2025-02-28,0,0,False,False,62121.725000000006,Current
LN-509634,CUST-102267,2025-02-28,0,0,False,False,18260.430000000004,Current
LN-509636,CUST-106180,2025-02-28,0,0,False,False,23290.189999999995,Current
LN-509637,CUST-104695,2025-02-28,0,0,False,False,10476.237499999996,Current
LN-509638,CUST-107888,2025-02-28,0,0,False,False,28130.020000000004,Current
LN-509639,CUST-100827,2025-02-28,4,114,False,False,8177.860000000002,90+
LN-509640,CUST-107995,2025-02-28,0,0,False,False,11934.055000000004,Current
LN-509641,CUST-100902,2025-02-28,0,0,False,False,14565.382500000003,Current
LN-509643,CUST-101713,2025-02-28,0,0,False,False,44061.219999999994,Current
LN-509644,CUST-101574,2025-02-28,0,0,False,False,24077.272499999992,Current
LN-509645,CUST-103916,2025-02-28,0,0,False,False,87485.97249999996,Current
LN-509646,CUST-104309,2025-02-28,0,0,False,False,40597.29500000001,Current
LN-509647,CUST-106484,2025-02-28,0,0,False,False,44792.81,Current
LN-509649,CUST-101900,2025-02-28,0,0,False,False,7182.924999999998,Current
LN-509650,CUST-102019,2025-02-28,0,0,False,False,7196.035000000002,Current
LN-509653,CUST-101184,2025-02-28,1,19,False,False,28508.707500000004,1-29
LN-509654,CUST-101307,2025-02-28,0,0,False,False,14159.130000000001,Current
LN-509655,CUST-102721,2025-02-28,0,0,False,False,36922.1625,Current
LN-509656,CUST-103519,2025-02-28,0,0,False,False,37827.58,Current
LN-509657,CUST-106593,2025-02-28,0,0,False,False,15700.53499999999,Current
LN-509658,CUST-103257,2025-02-28,0,0,False,False,2567.0325000000007,Current
LN-509659,CUST-104482,2025-02-28,0,0,False,False,13417.072500000006,Current
LN-509660,CUST-100000,2025-02-28,0,0,False,False,21190.42500000001,Current
LN-509661,CUST-102106,2025-02-28,0,0,False,False,24615.73,Current
LN-509662,CUST-100503,2025-02-28,0,0,False,False,3823.7974999999988,Current
LN-509664,CUST-106160,2025-02-28,0,0,False,False,451177.0149999999,Current
LN-509665,CUST-107563,2025-02-28,0,0,False,False,29774.47,Current
LN-509666,CUST-102838,2025-02-28,0,0,False,False,552600.2000000002,Current
LN-509667,CUST-102534,2025-02-28,0,0,False,False,14854.130000000003,Current
LN-509668,CUST-107847,2025-02-28,0,0,False,False,6665.095000000002,Current
LN-509669,CUST-105117,2025-02-28,0,0,False,False,12221.785000000002,Current
LN-509670,CUST-107785,2025-02-28,0,0,False,False,9487.040000000003,Current
LN-509671,CUST-105195,2025-02-28,0,0,False,False,24344.622499999998,Current
LN-509672,CUST-102940,2025-02-28,0,0,False,False,17389.945000000007,Current
LN-509673,CUST-107170,2025-02-28,0,0,False,False,7973.605000000003,Current
LN-509674,CUST-105995,2025-02-28,0,0,False,False,18813.12000000001,Current
LN-509676,CUST-101967,2025-02-28,0,0,False,False,31337.03499999998,Current
LN-509677,CUST-106613,2025-02-28,0,0,False,False,10701.779999999999,Current
LN-509678,CUST-100488,2025-02-28,0,0,False,False,14629.089999999998,Current
LN-509679,CUST-103293,2025-02-28,0,0,False,False,2686.63,Current
LN-509681,CUST-106764,2025-02-28,0,0,False,False,46034.04749999999,Current
LN-509683,CUST-102576,2025-02-28,3,67,False,False,40147.265,60-89
LN-509684,CUST-105598,2025-02-28,0,0,False,False,6093.07,Current
LN-509685,CUST-105332,2025-02-28,0,0,False,False,44839.240000000005,Current
LN-509686,CUST-107007,2025-02-28,0,0,False,False,25035.8925,Current
LN-509688,CUST-106395,2025-02-28,0,0,False,False,10812.077499999998,Current
LN-509689,CUST-100943,2025-02-28,1,18,False,False,7748.18,1-29
LN-509690,CUST-106474,2025-02-28,2,55,False,False,33321.529999999984,30-59
LN-509691,CUST-105765,2025-02-28,0,0,False,False,43093.795,Current
LN-509692,CUST-106220,2025-02-28,0,0,False,False,460127.3825,Current
LN-509693,CUST-107852,2025-02-28,0,0,False,False,132535.99999999997,Current
LN-509695,CUST-105909,2025-02-28,0,0,False,False,4321.169999999996,Current
LN-509697,CUST-101679,2025-02-28,0,0,False,False,48241.27,Current
LN-509698,CUST-102830,2025-02-28,0,0,True,False,8737.272500000001,Current
LN-509699,CUST-106992,2025-02-28,0,0,False,False,10836.349999999999,Current
LN-509700,CUST-101602,2025-02-28,0,0,False,False,1525.4599999999998,Current
LN-509701,CUST-107500,2025-02-28,0,0,False,False,26931.182500000003,Current
LN-509702,CUST-102577,2025-02-28,0,0,False,False,35449.78500000001,Current
LN-509703,CUST-106679,2025-02-28,1,20,False,False,50946.77,1-29
LN-509705,CUST-103333,2025-02-28,0,0,False,False,34190.4,Current
LN-509706,CUST-101860,2025-02-28,0,0,False,False,8924.88,Current
LN-509707,CUST-103748,2025-02-28,4,98,False,False,34047.64,90+
LN-509708,CUST-107722,2025-02-28,0,0,False,False,38588.83000000002,Current
LN-509710,CUST-103918,2025-02-28,0,0,False,False,11389.9,Current
LN-509711,CUST-106028,2025-02-28,0,0,False,False,23770.045000000016,Current
LN-509713,CUST-102055,2025-02-28,0,0,False,False,47282.05499999999,Current
LN-509714,CUST-105096,2025-02-28,0,0,False,False,12776.955,Current
LN-509716,CUST-102140,2025-02-28,0,0,False,False,23058.44,Current
LN-509717,CUST-103006,2025-02-28,0,0,False,False,29805.455,Current
LN-509719,CUST-104442,2025-02-28,0,0,False,False,25285.469999999998,Current
LN-509720,CUST-102277,2025-02-28,0,0,False,False,1828.8224999999993,Current
LN-509721,CUST-104288,2025-02-28,0,0,False,False,21864.617500000004,Current
LN-509722,CUST-102152,2025-02-28,0,0,False,False,17940.525000000005,Current
LN-509723,CUST-106689,2025-02-28,0,0,False,False,10781.929999999995,Current
LN-509724,CUST-107291,2025-02-28,0,0,False,False,16184.95,Current
LN-509725,CUST-100502,2025-02-28,0,0,False,False,42397.700000000004,Current
LN-509726,CUST-105431,2025-02-28,0,0,False,False,213263.57000000004,Current
LN-509727,CUST-100171,2025-02-28,0,0,False,False,14921.16499999999,Current
LN-509728,CUST-103051,2025-02-28,0,0,False,False,35621.25,Current
LN-509729,CUST-101530,2025-02-28,4,128,False,False,104193.36750000004,90+
LN-509731,CUST-104578,2025-02-28,0,0,False,False,27839.412500000017,Current
LN-509734,CUST-101894,2025-02-28,1,16,False,False,18622.539999999994,1-29
LN-509735,CUST-107029,2025-02-28,0,0,False,False,19623.94,Current
LN-509737,CUST-102793,2025-02-28,0,0,False,False,41691.9375,Current
LN-509738,CUST-105948,2025-02-28,0,0,False,False,28900.61,Current
LN-509739,CUST-100417,2025-02-28,0,0,False,False,11918.762499999997,Current
LN-509741,CUST-104242,2025-02-28,0,0,False,False,30450.04,Current
LN-509742,CUST-103292,2025-02-28,0,0,False,False,33086.3625,Current
LN-509743,CUST-101608,2025-02-28,0,0,False,False,26241.58,Current
LN-509745,CUST-107736,2025-02-28,1,12,False,False,37157.36499999999,1-29
LN-509748,CUST-101037,2025-02-28,0,0,False,False,35513.93000000004,Current
LN-509749,CUST-101107,2025-02-28,0,0,False,False,14665.032500000001,Current
LN-509750,CUST-101519,2025-02-28,0,0,False,False,11692.210000000001,Current
LN-509751,CUST-102038,2025-02-28,0,0,False,False,13010.3175,Current
LN-509752,CUST-102614,2025-02-28,0,0,False,False,139452.46,Current
LN-509755,CUST-103156,2025-02-28,0,0,False,False,39025.55,Current
LN-509756,CUST-106320,2025-02-28,0,0,False,False,11948.18,Current
LN-509758,CUST-107560,2025-02-28,0,0,False,False,11436.140000000007,Current
LN-509759,CUST-102993,2025-02-28,4,116,False,False,39354.439999999995,90+
LN-509760,CUST-104373,2025-02-28,0,0,False,False,10535.852500000005,Current
LN-509761,CUST-100390,2025-02-28,0,0,False,False,19790.379999999994,Current
LN-509762,CUST-103634,2025-02-28,0,0,False,False,14213.527499999993,Current
LN-509763,CUST-103105,2025-02-28,0,0,False,False,10241.984999999991,Current
LN-509765,CUST-102075,2025-02-28,0,0,False,False,18613.544999999995,Current
LN-509766,CUST-105638,2025-02-28,0,0,False,False,21520.850000000006,Current
LN-509767,CUST-104839,2025-02-28,0,0,False,False,565770.6800000002,Current
LN-509768,CUST-107366,2025-02-28,0,0,False,False,42346.892499999994,Current
LN-509769,CUST-103677,2025-02-28,0,0,False,False,48790.05500000002,Current
LN-509770,CUST-103153,2025-02-28,0,0,False,False,19758.339999999993,Current
LN-509774,CUST-101778,2025-02-28,0,0,False,False,22709.912500000002,Current
LN-509775,CUST-104675,2025-02-28,0,0,False,False,16316.009999999995,Current
LN-509776,CUST-103894,2025-02-28,0,0,False,False,37725.704999999994,Current
LN-509777,CUST-102498,2025-02-28,0,0,False,False,47219.67000000001,Current
LN-509778,CUST-104528,2025-02-28,0,0,False,False,21446.270000000008,Current
LN-509779,CUST-100373,2025-02-28,0,0,False,False,5199.545,Current
LN-509780,CUST-106578,2025-02-28,0,0,False,False,24572.75250000001,Current
LN-509782,CUST-106137,2025-02-28,0,0,False,False,27201.8275,Current
LN-509783,CUST-107557,2025-02-28,0,0,False,False,20601.577499999992,Current
LN-509784,CUST-101131,2025-02-28,0,0,False,False,9222.814999999993,Current
LN-509785,CUST-101842,2025-02-28,0,0,False,False,20627.01999999999,Current
LN-509786,CUST-101573,2025-02-28,0,0,False,False,48426.92500000001,Current
LN-509788,CUST-105043,2025-02-28,0,0,False,False,21863.645000000008,Current
LN-509789,CUST-104444,2025-02-28,0,0,False,False,17553.399999999987,Current
LN-509790,CUST-100787,2025-02-28,0,0,False,False,32909.58749999999,Current
LN-509791,CUST-104121,2025-02-28,0,0,False,False,58945.732500000006,Current
LN-509792,CUST-105167,2025-02-28,0,0,False,False,19139.77500000001,Current
LN-509793,CUST-104954,2025-02-28,0,0,False,False,28286.889999999996,Current
LN-509794,CUST-100369,2025-02-28,1,3,False,False,11436.369999999999,1-29
LN-509795,CUST-107181,2025-02-28,3,73,False,False,1750.3799999999999,60-89
LN-509796,CUST-105731,2025-02-28,0,0,False,False,6200.032500000004,Current
LN-509797,CUST-105306,2025-02-28,0,0,False,False,24429.24,Current
LN-509801,CUST-106484,2025-02-28,0,0,False,False,9483.0075,Current
LN-509802,CUST-105447,2025-02-28,0,0,False,False,412358.84,Current
LN-509804,CUST-101928,2025-02-28,0,0,False,False,21890.79,Current
LN-509806,CUST-100606,2025-02-28,0,0,False,False,13847.892499999996,Current
LN-509807,CUST-105144,2025-02-28,0,0,False,False,47860.10999999998,Current
LN-509808,CUST-102576,2025-02-28,0,0,False,False,13583.415000000003,Current
LN-509809,CUST-106569,2025-02-28,0,0,False,False,3323.0900000000006,Current
LN-509810,CUST-104124,2025-02-28,0,0,False,False,122840.32999999999,Current
LN-509811,CUST-105051,2025-02-28,0,0,False,False,19386.969999999998,Current
LN-509812,CUST-101876,2025-02-28,0,0,False,False,29170.52,Current
LN-509813,CUST-106456,2025-02-28,0,0,False,False,39263.125,Current
LN-509814,CUST-100583,2025-02-28,0,0,False,True,7415.385000000002,Current
LN-509815,CUST-105389,2025-02-28,0,0,False,False,26759.244999999995,Current
LN-509817,CUST-106438,2025-02-28,0,0,False,False,12891.030000000006,Current
LN-509818,CUST-100655,2025-02-28,0,0,False,False,11137.890000000005,Current
LN-509819,CUST-104881,2025-02-28,0,0,False,False,14720.780000000006,Current
LN-509821,CUST-102122,2025-02-28,0,0,False,False,43248.35000000001,Current
LN-509822,CUST-106245,2025-02-28,0,0,False,False,10518.8425,Current
LN-509823,CUST-107699,2025-02-28,0,0,False,False,13318.244999999994,Current
LN-509824,CUST-107796,2025-02-28,0,0,False,False,35910.21,Current
LN-509825,CUST-107853,2025-02-28,0,0,False,False,50074.21,Current
LN-509827,CUST-105123,2025-02-28,0,0,False,False,39033.18,Current
LN-509828,CUST-105779,2025-02-28,0,0,False,False,16106.537499999993,Current
LN-509830,CUST-105745,2025-02-28,0,0,False,False,10806.820000000009,Current
LN-509831,CUST-104928,2025-02-28,0,0,False,False,15503.39,Current
LN-509832,CUST-105099,2025-02-28,0,0,False,False,24746.20500000001,Current
LN-509833,CUST-103985,2025-02-28,0,0,False,False,15427.890000000001,Current
LN-509834,CUST-100166,2025-02-28,1,13,False,False,48509.81500000002,1-29
LN-509835,CUST-106443,2025-02-28,0,0,False,False,33163.93,Current
LN-509836,CUST-102016,2025-02-28,0,0,False,False,22496.8,Current
LN-509838,CUST-106755,2025-02-28,0,0,False,False,14792.5225,Current
LN-509839,CUST-101809,2025-02-28,0,0,False,False,5791.0275,Current
LN-509840,CUST-107342,2025-02-28,0,0,False,False,18362.49749999999,Current
LN-509841,CUST-102206,2025-02-28,0,0,False,False,19891.189999999984,Current
LN-509842,CUST-105503,2025-02-28,0,0,False,False,12999.199999999995,Current
LN-509843,CUST-101250,2025-02-28,0,0,False,False,47093.889999999985,Current
LN-509844,CUST-104006,2025-02-28,0,0,False,False,9709.63,Current
LN-509845,CUST-103109,2025-02-28,0,0,False,False,7395.669999999998,Current
LN-509846,CUST-104558,2025-02-28,0,0,False,False,14108.949999999997,Current
LN-509847,CUST-107598,2025-02-28,0,0,False,False,1780.6075,Current
LN-509850,CUST-102151,2025-02-28,0,0,False,False,9997.229999999996,Current
LN-509851,CUST-105077,2025-02-28,0,0,False,False,17919.385000000017,Current
LN-509852,CUST-107360,2025-02-28,0,0,False,False,101245.34000000001,Current
LN-509853,CUST-102297,2025-02-28,0,0,False,False,34323.03,Current
LN-509855,CUST-102614,2025-02-28,2,41,False,False,8231.822500000006,30-59
LN-509857,CUST-100596,2025-02-28,1,13,False,False,12418.610000000008,1-29
LN-509859,CUST-106698,2025-02-28,0,0,False,False,27695.28,Current
LN-509860,CUST-105507,2025-02-28,0,0,False,False,20252.457500000004,Current
LN-509861,CUST-100070,2025-02-28,0,0,False,False,38005.990000000005,Current
LN-509862,CUST-105051,2025-02-28,0,0,False,False,332787.6200000001,Current
LN-509863,CUST-101803,2025-02-28,0,0,False,False,10684.460000000005,Current
LN-509864,CUST-107116,2025-02-28,0,0,False,False,40819.065,Current
LN-509865,CUST-104533,2025-02-28,0,0,False,False,3320.640000000001,Current
LN-509866,CUST-101067,2025-02-28,0,0,False,False,276417.07000000007,Current
LN-509867,CUST-107439,2025-02-28,4,106,False,False,18880.08000000001,90+
LN-509868,CUST-101925,2025-02-28,0,0,False,False,8803.085000000008,Current
LN-509869,CUST-101037,2025-02-28,0,0,False,False,17047.685000000012,Current
LN-509870,CUST-103442,2025-02-28,0,0,False,False,8269.745,Current
LN-509873,CUST-101438,2025-02-28,0,0,False,False,20696.390000000003,Current
LN-509874,CUST-103811,2025-02-28,0,0,False,False,32221.41,Current
LN-509875,CUST-100484,2025-02-28,0,0,False,False,38191.90000000001,Current
LN-509876,CUST-104264,2025-02-28,0,0,False,False,8012.92,Current
LN-509877,CUST-107031,2025-02-28,0,0,False,False,14703.180000000013,Current
LN-509878,CUST-104898,2025-02-28,0,0,False,False,19175.275000000005,Current
LN-509879,CUST-106409,2025-02-28,0,0,False,False,24434.11250000001,Current
LN-509880,CUST-104944,2025-02-28,0,0,False,False,17636.4,Current
LN-509883,CUST-105789,2025-02-28,0,0,False,False,5214.01,Current
LN-509884,CUST-103371,2025-02-28,0,0,False,False,9394.629999999996,Current
LN-509885,CUST-101350,2025-02-28,0,0,False,False,15163.649999999998,Current
LN-509886,CUST-100529,2025-02-28,0,0,False,False,137631.50499999983,Current
LN-509887,CUST-105714,2025-02-28,0,0,False,False,22854.4675,Current
LN-509889,CUST-103814,2025-02-28,0,0,False,False,3082.360000000001,Current
LN-509890,CUST-107147,2025-02-28,0,0,False,False,124995.015,Current
LN-509892,CUST-101788,2025-02-28,0,0,False,False,38879.37999999998,Current
LN-509893,CUST-101702,2025-02-28,0,0,False,False,104205.78,Current
LN-509894,CUST-103625,2025-02-28,0,0,False,False,5405.6950000000015,Current
LN-509895,CUST-103320,2025-02-28,0,0,False,False,25160.84999999999,Current
LN-509896,CUST-100759,2025-02-28,0,0,False,False,213309.48500000004,Current
LN-509897,CUST-101403,2025-02-28,0,0,False,False,40543.78500000002,Current
LN-509898,CUST-100797,2025-02-28,0,0,False,False,17882.734999999997,Current
LN-509899,CUST-100531,2025-02-28,0,0,False,False,34982.11,Current
LN-509900,CUST-101917,2025-02-28,0,0,False,False,18616.5375,Current
LN-509901,CUST-104959,2025-02-28,0,0,False,False,14424.375,Current
LN-509903,CUST-104137,2025-02-28,0,0,False,False,32998.87,Current
LN-509904,CUST-103416,2025-02-28,1,21,False,False,93056.52749999994,1-29
LN-509905,CUST-100598,2025-02-28,0,0,False,False,125271.52749999991,Current
LN-509906,CUST-107428,2025-02-28,0,0,False,False,53933.66,Current
LN-509907,CUST-100305,2025-02-28,0,0,False,False,73622.60750000009,Current
LN-509908,CUST-104904,2025-02-28,0,0,False,False,13031.349999999995,Current
LN-509909,CUST-105359,2025-02-28,0,0,False,False,14208.245000000003,Current
LN-509910,CUST-100678,2025-02-28,0,0,False,False,43347.05000000001,Current
LN-509911,CUST-103384,2025-02-28,0,0,False,False,24597.850000000002,Current
LN-509912,CUST-100730,2025-02-28,0,0,False,False,29777.44,Current
LN-509914,CUST-102025,2025-02-28,0,0,False,False,82306.27999999998,Current
LN-509915,CUST-105028,2025-02-28,0,0,False,False,21486.420000000006,Current
LN-509916,CUST-104998,2025-02-28,0,0,False,False,19293.730000000014,Current
LN-509917,CUST-104228,2025-02-28,0,0,False,False,48653.01249999998,Current
LN-509918,CUST-102766,2025-02-28,1,5,False,False,2070.0550000000003,1-29
LN-509919,CUST-102098,2025-02-28,0,0,False,False,40450.16,Current
LN-509920,CUST-106761,2025-02-28,0,0,False,False,7853.1500000000015,Current
LN-509922,CUST-102743,2025-02-28,0,0,False,False,64733.37250000001,Current
LN-509923,CUST-103784,2025-02-28,0,0,False,False,9199.684999999998,Current
LN-509925,CUST-103837,2025-02-28,2,32,False,False,29271.380000000005,30-59
LN-509926,CUST-104603,2025-02-28,0,0,False,False,6565.670000000002,Current
LN-509928,CUST-106497,2025-02-28,0,0,False,False,31760.742500000015,Current
LN-509929,CUST-102914,2025-02-28,4,162,False,False,223870.2,90+
LN-509930,CUST-107116,2025-02-28,0,0,False,False,26881.5175,Current
LN-509932,CUST-105051,2025-02-28,0,0,False,False,21097.849999999995,Current
LN-509933,CUST-104191,2025-02-28,0,0,False,False,25933.61,Current
LN-509934,CUST-104201,2025-02-28,0,0,False,False,18438.674999999992,Current
LN-509935,CUST-104090,2025-02-28,0,0,False,False,43909.259999999966,Current
LN-509936,CUST-103726,2025-02-28,0,0,False,False,13160.6225,Current
LN-509937,CUST-104773,2025-02-28,0,0,False,False,15302.662499999991,Current
LN-509938,CUST-106656,2025-02-28,0,0,False,False,42762.545000000006,Current
LN-509939,CUST-103629,2025-02-28,1,8,False,False,21949.157499999994,1-29
LN-509940,CUST-106058,2025-02-28,0,0,False,False,11719.77,Current
LN-509941,CUST-107655,2025-02-28,0,0,False,False,22236.88,Current
LN-509942,CUST-104885,2025-02-28,0,0,False,False,24797.755000000005,Current
LN-509943,CUST-104610,2025-02-28,2,43,False,False,25315.825,30-59
LN-509944,CUST-107821,2025-02-28,0,0,False,False,45209.03999999998,Current
LN-509945,CUST-107041,2025-02-28,0,0,False,False,13762.710000000006,Current
LN-509946,CUST-101084,2025-02-28,0,0,False,False,34986.25499999996,Current
LN-509947,CUST-107583,2025-02-28,0,0,False,False,53028.955,Current
LN-509948,CUST-101007,2025-02-28,0,0,False,False,4548.659999999996,Current
LN-509949,CUST-101317,2025-02-28,1,27,False,False,11123.920000000002,1-29
LN-509950,CUST-106880,2025-02-28,0,0,False,False,34018.41000000001,Current
LN-509952,CUST-107337,2025-02-28,0,0,False,False,3956.669999999999,Current
LN-509953,CUST-102693,2025-02-28,0,0,False,False,36095.84,Current
LN-509955,CUST-105528,2025-02-28,0,0,False,False,15522.970000000008,Current
LN-509958,CUST-107140,2025-02-28,0,0,False,False,19358.74,Current
LN-509959,CUST-104392,2025-02-28,0,0,False,False,9805.737499999997,Current
LN-509960,CUST-104550,2025-02-28,0,0,False,False,17650.867499999993,Current
LN-509961,CUST-107224,2025-02-28,0,0,False,False,18564.519999999993,Current
LN-509963,CUST-107802,2025-02-28,0,0,False,False,48423.61,Current
LN-509964,CUST-105717,2025-02-28,0,0,False,False,4082.415000000001,Current
LN-509965,CUST-103247,2025-02-28,0,0,False,False,2515.6774999999984,Current
LN-509966,CUST-102598,2025-02-28,0,0,False,False,26287.425000000017,Current
LN-509967,CUST-102185,2025-02-28,0,0,False,False,38443.91,Current
LN-509968,CUST-104052,2025-02-28,3,66,False,False,596663.1975,60-89
LN-509969,CUST-104549,2025-02-28,0,0,False,False,13604.90750000001,Current
LN-509970,CUST-103824,2025-02-28,0,0,False,False,18111.400000000005,Current
LN-509972,CUST-106586,2025-02-28,0,0,False,False,23310.11,Current
LN-509973,CUST-107373,2025-02-28,2,44,False,False,29418.495,30-59
LN-509974,CUST-107843,2025-02-28,0,0,False,False,7358.5899999999965,Current
LN-509975,CUST-102074,2025-02-28,0,0,False,False,14377.61,Current
LN-509976,CUST-102504,2025-02-28,0,0,False,False,3042.9075000000007,Current
LN-509977,CUST-104790,2025-02-28,0,0,False,False,27789.930000000004,Current
LN-509978,CUST-104805,2025-02-28,0,0,False,False,13293.890000000009,Current
LN-509979,CUST-102014,2025-02-28,0,0,False,False,6263.929999999998,Current
LN-509980,CUST-104944,2025-02-28,2,42,False,False,524729.2200000002,30-59
LN-509981,CUST-100948,2025-02-28,0,0,False,False,10937.580000000002,Current
LN-509983,CUST-102491,2025-02-28,0,0,False,False,22152.55249999999,Current
LN-509984,CUST-105820,2025-02-28,0,0,False,False,48838.770000000004,Current
LN-509985,CUST-106179,2025-02-28,0,0,False,False,26470.29,Current
LN-509986,CUST-104692,2025-02-28,0,0,False,False,42611.79000000001,Current
LN-509987,CUST-100154,2025-02-28,0,0,False,False,11160.570000000002,Current
LN-509988,CUST-103240,2025-02-28,0,0,False,False,21956.319999999996,Current
LN-509989,CUST-101570,2025-02-28,0,0,False,False,29786.732499999995,Current
LN-509990,CUST-105539,2025-02-28,0,0,False,False,25398.58,Current
LN-509992,CUST-101634,2025-02-28,0,0,False,False,4093.169999999997,Current
LN-509993,CUST-105356,2025-02-28,0,0,False,False,25997.397500000006,Current
LN-509994,CUST-101938,2025-02-28,0,0,False,False,6867.230000000001,Current
LN-509995,CUST-101532,2025-02-28,0,0,False,False,50182.61499999999,Current
LN-509996,CUST-107608,2025-02-28,0,0,False,False,104019.82249999998,Current
LN-509997,CUST-103028,2025-02-28,0,0,False,False,5631.025,Current
LN-509999,CUST-107702,2025-02-28,0,0,False,False,13986.314999999997,Current
LN-510000,CUST-101398,2025-02-28,0,0,False,False,284107.6125,Current
LN-510001,CUST-103397,2025-02-28,0,0,False,False,4183.780000000002,Current
LN-510003,CUST-104245,2025-02-28,0,0,False,False,20804.21,Current
LN-510004,CUST-104802,2025-02-28,0,0,False,False,34401.81000000003,Current
LN-510005,CUST-103042,2025-02-28,4,133,False,False,52534.0,90+
LN-510006,CUST-101615,2025-02-28,0,0,False,False,40872.567500000005,Current
LN-510007,CUST-101513,2025-02-28,0,0,False,False,39244.362500000025,Current
LN-510008,CUST-107994,2025-02-28,0,0,False,False,44704.862500000025,Current
LN-510009,CUST-106296,2025-02-28,0,0,False,False,12143.099999999999,Current
LN-510010,CUST-102598,2025-02-28,0,0,False,False,10986.570000000002,Current
LN-510011,CUST-100844,2025-02-28,0,0,False,False,49857.72500000002,Current
LN-510012,CUST-103419,2025-02-28,0,0,False,False,85252.01749999999,Current
LN-510013,CUST-103530,2025-02-28,0,0,False,False,23828.230000000003,Current
LN-510014,CUST-107369,2025-02-28,0,0,False,False,189033.93,Current
LN-510015,CUST-107590,2025-02-28,0,0,False,False,21284.827499999996,Current
